{"type":"FeatureCollection","features":[{"id":"4","type":"Feature","properties":{"categoria":"Monumento Natural","nombre":"Las Playas","codigo":"H-5"},"geometry":{"type":"MultiPolygon","coordinates":[[[[-17.941439302395246,27.729400406810246],[-17.941408275002917,27.729449238305495],[-17.941363733873136,27.729436564378297],[-17.941245366096584,27.729219244044437],[-17.941254796292718,27.729155175722312],[-17.941389981464166,27.729183421829816],[-17.941439302395246,27.729400406810246]]],[[[-17.967323427355,27.678743175182852],[-17.96739525476324,27.678813801792888],[-17.96723277165162,27.678763160033448],[-17.967323427355,27.678743175182852]]],[[[-17.966978447839114,27.678801086179625],[-17.9669502740942,27.6788458919231],[-17.966877177329216,27.67880325673003],[-17.96678998145036,27.678539012154953],[-17.966869056695256,27.678577910955553],[-17.966978447839114,27.678801086179625]]],[[[-17.964856414099327,27.687416310790045],[-17.964881341217914,27.687476216101853],[-17.964865282866768,27.6874819725928],[-17.964856414099327,27.687416310790045]]],[[[-17.96454933399349,27.68737778493675],[-17.964470691444017,27.687355113319864],[-17.964455732596626,27.68732656718784],[-17.964543650009503,27.68731746736005],[-17.96454933399349,27.68737778493675]]],[[[-17.974983488973994,27.667049055637534],[-17.974839210849098,27.667473891830447],[-17.97475401710772,27.66821975900048],[-17.974791076778313,27.66844364694542],[-17.975044264690386,27.668800855083084],[-17.97498542767235,27.66924360386381],[-17.97500115824819,27.669333927874604],[-17.975074846084798,27.66937773763478],[-17.975148830901443,27.669324715468072],[-17.975196573438193,27.66869137842716],[-17.97526801312809,27.66850966864212],[-17.97559294053426,27.668098930346154],[-17.976103868172995,27.667652023367435],[-17.97646196694397,27.66748114899704],[-17.97688547938508,27.667409966114718],[-17.977568171416635,27.667432855867023],[-17.97791684620424,27.66755977563668],[-17.977993234742645,27.667635756300275],[-17.97822934859795,27.668089870141944],[-17.97818544148305,27.66885212974578],[-17.978229169142388,27.669214617112587],[-17.977998845901908,27.669661091772692],[-17.977999329801715,27.669731948372156],[-17.978229631346228,27.66995300955588],[-17.978240444970805,27.670025917174854],[-17.978126843912676,27.6705691636256],[-17.977864941345718,27.67072831200762],[-17.977911331738987,27.670939861109368],[-17.97778846480492,27.67111183223519],[-17.977815337002756,27.67131353554232],[-17.977756735641883,27.671384598490572],[-17.97729063226919,27.67149354408789],[-17.97697996829982,27.671633683678447],[-17.97692105222742,27.671991311236415],[-17.977013952476497,27.672487864180187],[-17.97698622532825,27.672636964798265],[-17.976224843908817,27.67325528186533],[-17.975946754399963,27.673383924080905],[-17.97593038122143,27.673530782122995],[-17.97562427626896,27.673567942067223],[-17.975354763310474,27.673758840517],[-17.975187286580926,27.673785442689294],[-17.97511322931854,27.67387552783389],[-17.975172896412804,27.674129172218844],[-17.975693523732353,27.675153745872898],[-17.97561750051474,27.67547399302685],[-17.97544406766124,27.675815367633987],[-17.975561915989566,27.6763274686962],[-17.975509168250458,27.676613026861148],[-17.975337941281392,27.676609851362368],[-17.975267758864675,27.67684662107426],[-17.975192238180384,27.67686412071522],[-17.97499366412757,27.676797846009563],[-17.97456769995902,27.676544224845415],[-17.974452287255545,27.676536691663788],[-17.974354993393213,27.67688355557227],[-17.974173423684338,27.677190373784292],[-17.974068936240062,27.677271911122755],[-17.973780302668604,27.677273691676582],[-17.973632336966556,27.67740352170309],[-17.97357604734801,27.6775698108063],[-17.973620820171952,27.677763697515243],[-17.973578178733618,27.678134464746496],[-17.973498018520377,27.678167759311673],[-17.973208849935244,27.678116237582554],[-17.973135674650727,27.678332503428635],[-17.97297808982035,27.678500065842947],[-17.973001084819543,27.678750349229677],[-17.97290485865101,27.678901258472763],[-17.972812847575753,27.679245121503154],[-17.972908486231603,27.679409049592362],[-17.973079931587435,27.679565936974175],[-17.973120615245588,27.680057596799987],[-17.97298848161133,27.680267010261055],[-17.972858881172066,27.680345568146553],[-17.97264308871773,27.680384481438683],[-17.972537366621278,27.680484176079123],[-17.97261678051415,27.680722422998876],[-17.972611590517758,27.680979626230528],[-17.972713642734202,27.681342775487348],[-17.972721583064754,27.681635779751986],[-17.97308526532043,27.682080810816085],[-17.973165349935847,27.682568015813622],[-17.973049716319974,27.682601170192648],[-17.97288736949214,27.682481072791894],[-17.97283588016887,27.68252547833614],[-17.972899157390117,27.68321510953592],[-17.97285422198079,27.68331440097262],[-17.972478332570773,27.68320430198256],[-17.972407465157538,27.683206725963295],[-17.972290882258193,27.683354463833876],[-17.971772429538994,27.683293430175357],[-17.971532966301968,27.683094702050017],[-17.971408301526935,27.683093770081843],[-17.971448148546557,27.68347990555744],[-17.971594043156117,27.68392781167175],[-17.971580410984835,27.68432231181071],[-17.971665204022685,27.6844224259483],[-17.97151823630658,27.68457081564959],[-17.971328680308158,27.684568570634703],[-17.971246575536547,27.684642499371513],[-17.971331570644285,27.685049315425402],[-17.97127266296733,27.68519401024246],[-17.971275979927018,27.685653096019117],[-17.971372430727556,27.68592164831456],[-17.971333901992892,27.68614528838078],[-17.971408220705143,27.686980819741102],[-17.97136653699256,27.687424634179628],[-17.971038443452926,27.687919701260736],[-17.971045479499974,27.68825422057443],[-17.971004396493733,27.68834621225364],[-17.970655922363196,27.688912078123522],[-17.970372130410137,27.68950902974319],[-17.97026279928269,27.689662925223914],[-17.97001561721177,27.68985315599067],[-17.969980611861097,27.690094761739907],[-17.969672926621264,27.69014646850769],[-17.96961772402454,27.690278454235777],[-17.969303509207514,27.690276175710018],[-17.969041767030276,27.690565043707938],[-17.96883185886563,27.690597511428592],[-17.968853982620164,27.690703481917275],[-17.969012653478227,27.690837193543732],[-17.969168617987545,27.691245194448594],[-17.969586828480658,27.691420244438373],[-17.96977211699462,27.691676066312244],[-17.96990163716318,27.691743648673125],[-17.97015835448737,27.692279384817716],[-17.97069651443144,27.692825703939896],[-17.97089170694819,27.693140532664284],[-17.97178620397536,27.69424048562612],[-17.97212542957386,27.69483261090864],[-17.972391475358293,27.695153627858538],[-17.97250359853297,27.69548427441544],[-17.972665272665658,27.695704019665772],[-17.972740547766524,27.696003623333233],[-17.97267888581123,27.696095426187924],[-17.97245558433217,27.696059990810618],[-17.972355260840075,27.69610252281344],[-17.972446139981535,27.696499955262713],[-17.97234233063807,27.696600827187513],[-17.972106541266584,27.69666964175886],[-17.97188661530199,27.69666268369389],[-17.9712803001487,27.6970801415055],[-17.971064225252,27.69716445266836],[-17.970539491008896,27.697219992958317],[-17.97022036657588,27.69737388219595],[-17.970071840566685,27.697390601603363],[-17.96967675797926,27.697359390340836],[-17.96917506477127,27.697133813066415],[-17.96888283217243,27.69708325292178],[-17.96846056002485,27.6967964316748],[-17.96800957489373,27.69608534659685],[-17.967960249614677,27.69606024437475],[-17.967861355157478,27.69615076914335],[-17.967650496359692,27.69611108988192],[-17.967577496788113,27.69618482169243],[-17.967569173956516,27.696326626324996],[-17.967754060514306,27.69663993587572],[-17.967414777687676,27.696762934673238],[-17.96731200088816,27.696899043890074],[-17.967331050777485,27.6971261136333],[-17.967511808172475,27.697349156491757],[-17.967509475881435,27.69740968341789],[-17.96729812724199,27.69748020226224],[-17.967022364327125,27.6977139419584],[-17.966352754902662,27.697552472800254],[-17.966237383355672,27.697633426932722],[-17.966204944876406,27.697782965176042],[-17.96628585065881,27.69800133768268],[-17.966562829802143,27.698162283761768],[-17.966285907673846,27.698340517677227],[-17.966213550897713,27.69855044883774],[-17.96624679103135,27.698730151761225],[-17.966590815599226,27.699196366637516],[-17.96716015655134,27.70031085244148],[-17.96726127578593,27.70060185884255],[-17.96735709914601,27.700697228015123],[-17.967392404530177,27.70084080310655],[-17.967565953876736,27.700999454561277],[-17.967676190909643,27.70121539259716],[-17.96786611876787,27.70138000682387],[-17.96786863368659,27.701547739132238],[-17.967661110121863,27.70200593530181],[-17.967636715712306,27.70226535458255],[-17.967672388344305,27.702422452801322],[-17.96785160330577,27.70256564687162],[-17.96788035680437,27.702729207974706],[-17.968018445122134,27.702850732130628],[-17.96800448763103,27.70330838431928],[-17.96812836330102,27.703840657948934],[-17.96851323803409,27.70442957439144],[-17.969003984985484,27.704848431232264],[-17.969261373537993,27.704996259879604],[-17.969383845522607,27.705139767387113],[-17.969367406075555,27.705655205406885],[-17.969416993562948,27.705727209136406],[-17.96957340337787,27.705739186982587],[-17.969585273188958,27.706027596320236],[-17.969828454635266,27.70643642842088],[-17.9698403562022,27.706950355796653],[-17.970009820895804,27.707182159101155],[-17.970104176251674,27.707671764146774],[-17.97019099215603,27.70784580471011],[-17.970064313319313,27.70795857782261],[-17.970066719223958,27.708009944441013],[-17.97037227520933,27.708139596828552],[-17.97048587459736,27.708479043777583],[-17.970622732436837,27.708704329689642],[-17.970739252182234,27.708777601607927],[-17.970808486783405,27.70934983411204],[-17.970925491704154,27.70962786630413],[-17.971081902849907,27.70982657147458],[-17.971147456199702,27.71022258128018],[-17.971360381571884,27.710379262277463],[-17.971687926028483,27.710462415090063],[-17.97169539845457,27.710511453669017],[-17.97157194226551,27.710598837767545],[-17.97171256646311,27.71091831710688],[-17.971676351305184,27.711160102263182],[-17.97189962096279,27.711331092435252],[-17.97174306682677,27.71155697964741],[-17.97142886130471,27.711744144775174],[-17.971261118124144,27.711763083516136],[-17.971143386090915,27.711682621709176],[-17.971056243231217,27.711683591491997],[-17.970896634897564,27.71185300145217],[-17.97090810221036,27.712014226434565],[-17.97103306496406,27.712211802753824],[-17.97083147491915,27.71247773431203],[-17.970833593530287,27.712929627980703],[-17.97098408511013,27.713283616824338],[-17.97093901209998,27.71356513003862],[-17.97102150329825,27.71376632474693],[-17.970959956702757,27.71385153969049],[-17.970737580171484,27.71387435773755],[-17.970645819979442,27.714116280336192],[-17.97065436745888,27.714207206239237],[-17.970780000121437,27.714317267053307],[-17.97080328856684,27.71461535333942],[-17.970675202279125,27.714788596535083],[-17.970732794492754,27.714968676390548],[-17.970660753216716,27.71511545769534],[-17.970822387653573,27.715655936460422],[-17.970412335350304,27.716197635170644],[-17.970624700392644,27.716743979476124],[-17.97064784145328,27.716926350835493],[-17.97085437403626,27.717257558021974],[-17.970869569034367,27.71753037953823],[-17.97115933014487,27.718086062536784],[-17.97109143948034,27.71875081304173],[-17.971117515515317,27.718864950756643],[-17.971336891834117,27.719070072418642],[-17.971688413009364,27.71914459241223],[-17.97218630044476,27.719412633236008],[-17.97241918467917,27.71977657562805],[-17.97257870288894,27.72016374432013],[-17.972617836498145,27.720559815082485],[-17.97285396903308,27.720707189254455],[-17.973172854170112,27.721139642819487],[-17.973163845016565,27.721293188809167],[-17.972882181765474,27.721485071262954],[-17.972750035663935,27.721956989786122],[-17.972741080057727,27.722187210775996],[-17.97300513667484,27.722914918672902],[-17.97304616809459,27.723343422850018],[-17.97313399202483,27.723516536558463],[-17.973120836806054,27.724712064870683],[-17.973303739621524,27.724914706496985],[-17.973383974569135,27.725106926618544],[-17.973361917681686,27.72526526349373],[-17.973229126444135,27.725452141596183],[-17.97330901765153,27.72593032588714],[-17.973509118560383,27.726243552070095],[-17.973584877020016,27.726457517959208],[-17.973733762542306,27.726639240620226],[-17.973853060017703,27.727261810329235],[-17.973974757272636,27.727375559978956],[-17.973992036115327,27.7274518643859],[-17.97391890343853,27.727707821524973],[-17.973814561485124,27.72785980962416],[-17.97321685559872,27.728247925776717],[-17.973140758163634,27.72839479570263],[-17.972678947909703,27.72882238482],[-17.97238116246808,27.728981237217575],[-17.97156496816323,27.729200845963426],[-17.97163973684707,27.729415736299575],[-17.971635273052044,27.729848826903456],[-17.971338113915923,27.730329703622765],[-17.971579318595868,27.730625811627643],[-17.97165461815214,27.73145770774464],[-17.971459107373818,27.731799284983474],[-17.971450531998293,27.731894186865333],[-17.972134994565636,27.73268412181586],[-17.972250038829625,27.733224695582717],[-17.97220019763261,27.733405279394688],[-17.97201201214961,27.73360597677908],[-17.97193414331985,27.73379979206685],[-17.971921277364608,27.734147366246532],[-17.971705486238,27.734824950620897],[-17.971730353736035,27.735180734355776],[-17.971689714187463,27.73551357034187],[-17.971075846921746,27.735905635391873],[-17.97054422518657,27.73581693030305],[-17.97046202135852,27.735851171331174],[-17.97035285513091,27.736162025759903],[-17.970413576504363,27.736979802480974],[-17.970308291992218,27.737097530064794],[-17.970194505405942,27.73712613511861],[-17.970041223975535,27.737529948635256],[-17.96992245413827,27.737524381816552],[-17.96967875961259,27.737697402858817],[-17.969124712980378,27.737791393165278],[-17.968471298201372,27.737436478778594],[-17.968016687393575,27.73730912546092],[-17.96788667936166,27.737113460711665],[-17.96779681999084,27.736820933635805],[-17.967604001524826,27.73672322097111],[-17.96738337598315,27.736757527156],[-17.967277533268614,27.737007464102692],[-17.96660674996287,27.737320447714385],[-17.96655320969028,27.737439768402115],[-17.966595009138413,27.737897124840167],[-17.966473351444378,27.738121645860865],[-17.966437611316877,27.738299219321014],[-17.96648706193199,27.73862741501565],[-17.96636601240554,27.738799602650957],[-17.966210375953985,27.739416352723076],[-17.966033557988393,27.739550947686414],[-17.965924447796358,27.73978963228863],[-17.965847538784324,27.740430852924842],[-17.965667605672405,27.74056280814183],[-17.965601367714484,27.74073742751705],[-17.96534362084178,27.740991397562702],[-17.965228883927846,27.74096980072749],[-17.965005304221002,27.74070167495813],[-17.964802351692693,27.740684112202743],[-17.964582436641663,27.74080967886428],[-17.964419282900735,27.741133038684463],[-17.96429933837443,27.741187129422457],[-17.963854865037348,27.74086419382537],[-17.963518809615667,27.740847043371183],[-17.96312188089726,27.74058913423896],[-17.962753407825076,27.74054670606038],[-17.961992678153695,27.7403131981476],[-17.96162654566987,27.73994627611357],[-17.961232760392978,27.73971133275022],[-17.961078361396304,27.739658946206696],[-17.961116366288763,27.7397550601391],[-17.96107895859767,27.73978142633506],[-17.960886596192424,27.73974161590436],[-17.96070541014025,27.73962211994357],[-17.960548905601406,27.73937535335145],[-17.960265812863227,27.739366983145032],[-17.960027573643885,27.73928370606773],[-17.95994494121775,27.738992246286145],[-17.95967059345499,27.73892147495275],[-17.959443138068078,27.738638581468624],[-17.959241118989933,27.7386663604956],[-17.959079414088897,27.738610285126853],[-17.95893196079204,27.73844385106289],[-17.95853791268497,27.73841890859122],[-17.958212910711485,27.738316812074782],[-17.958091096693206,27.738370819303643],[-17.957827885463445,27.73868606284962],[-17.957130782241777,27.738638102881897],[-17.957061635925957,27.738864659618816],[-17.95683488027984,27.73898146724353],[-17.95671473954053,27.73894061107238],[-17.956288697008915,27.738584084036532],[-17.956123132239618,27.738617691895797],[-17.956037114930627,27.73874443576919],[-17.95611066880359,27.739070115278487],[-17.955973781922417,27.73925311632218],[-17.955946698173435,27.73937138144972],[-17.955744669440044,27.73934176413639],[-17.95561872452374,27.739372367519184],[-17.955524276984058,27.7395548016462],[-17.955330101353496,27.73948488414],[-17.955150569361376,27.739212690878578],[-17.95483573595382,27.739157314188766],[-17.954256379959464,27.738929288474672],[-17.95412172049935,27.738593570855617],[-17.954096326267564,27.738155757032008],[-17.953799968624793,27.73786581103238],[-17.95358163215195,27.73792071206151],[-17.953413214226863,27.738138850948697],[-17.953276011437705,27.738221911882988],[-17.95267721535403,27.73824618497257],[-17.952647407553616,27.738548401928668],[-17.952444568455,27.738668541332128],[-17.952309274153475,27.738880124578532],[-17.9522271060625,27.738899974328923],[-17.952111571899778,27.73888917227276],[-17.952032948749906,27.738820733469804],[-17.951949383925044,27.738618956176598],[-17.95175662384374,27.738506396779787],[-17.951629738794885,27.738146666685562],[-17.95142183325008,27.73798974581441],[-17.95122172704516,27.738354382614773],[-17.951120993312333,27.73842115486075],[-17.95095125089713,27.73846374167402],[-17.950612198577126,27.738452444192685],[-17.950366313560757,27.73851280630878],[-17.950132499072236,27.738718494314586],[-17.949705050039178,27.738593621739987],[-17.94962392038123,27.73874671527755],[-17.949535542420072,27.738763122277522],[-17.949370431296508,27.738552220330234],[-17.94918211620956,27.738489161676664],[-17.94906958121675,27.738394796430963],[-17.94827305920485,27.73844063429461],[-17.948014209016367,27.738483059166587],[-17.947859762227043,27.738670639347703],[-17.9477110435877,27.738750587045185],[-17.946518362132707,27.739121540361733],[-17.946297919132665,27.739099366157358],[-17.94585062913036,27.738817120437524],[-17.945576010593932,27.73870396077349],[-17.94540032098949,27.73854055741841],[-17.944950063489472,27.73852499160502],[-17.94418211159355,27.73840534317123],[-17.943999411417913,27.738206996122823],[-17.943576727530832,27.73796101234737],[-17.943413826677315,27.737735911941613],[-17.942963168079977,27.737512111823726],[-17.942829653813288,27.737339417552104],[-17.942590454652336,27.737182486093225],[-17.94242663463108,27.737010436477124],[-17.94231758811931,27.736625176907395],[-17.94153946167205,27.736305032059597],[-17.941107047753516,27.73592525265302],[-17.94082414493711,27.735759860067652],[-17.940713953323346,27.73555589981463],[-17.940546589726154,27.735381439232317],[-17.94006113393315,27.73519877009697],[-17.939453543534626,27.734576139729523],[-17.938262267010348,27.73373298845147],[-17.938180756067464,27.73362763343157],[-17.93821089522849,27.73328141654568],[-17.938073296575013,27.733182610696367],[-17.938018663900632,27.732937580715543],[-17.9381280083521,27.732519973022274],[-17.93795671111795,27.73215873437528],[-17.938037701665824,27.731721972548492],[-17.938028345191654,27.731565865235382],[-17.937967111543944,27.731466027216197],[-17.937417169567933,27.73124877762968],[-17.937186716789032,27.7308740750666],[-17.937082248167826,27.730789152695962],[-17.936589701012704,27.730689109502958],[-17.93619294873955,27.730471562790328],[-17.936043846413437,27.730302430277057],[-17.93593377112009,27.729955479034658],[-17.935750455620184,27.729716439084964],[-17.935668761263216,27.729698147342646],[-17.93536883556255,27.729773588524502],[-17.93527369797531,27.729829924109563],[-17.935178686753027,27.729985835879397],[-17.934919076056406,27.730019781305117],[-17.934525053904878,27.729775289236734],[-17.93414278155505,27.729416883298143],[-17.93403600466781,27.729257043730097],[-17.93340580541032,27.72914222865213],[-17.93287777419705,27.729253652674995],[-17.932469137703524,27.72918239503202],[-17.932059624331725,27.728729002100927],[-17.931968657365854,27.728504488336387],[-17.932089980176443,27.728504666954358],[-17.93221019799167,27.728583576301492],[-17.932908909378842,27.728470789791885],[-17.93406139867932,27.72844940520278],[-17.935884530447815,27.728656163635634],[-17.93594571781891,27.72861670601747],[-17.93587724782154,27.728418617853624],[-17.93594537190466,27.72832028696424],[-17.9360885064569,27.728232992451534],[-17.936620721977224,27.7280624711086],[-17.93677282332441,27.7279542374506],[-17.93705490898014,27.72791477818913],[-17.937200267808457,27.727713952635106],[-17.93725184535196,27.727769778739315],[-17.937214014403867,27.727999622617247],[-17.937263339479014,27.728096180739012],[-17.937735550759097,27.728224618978974],[-17.938413776686115,27.7285651785059],[-17.939481640772037,27.728571256522137],[-17.93962343942828,27.72849472171785],[-17.93976713859141,27.72828887728727],[-17.939847091144447,27.728287628368786],[-17.93996505594756,27.728369284819507],[-17.940083488814743,27.72835134080564],[-17.94011878497514,27.728435025595278],[-17.939961014205036,27.728483033723695],[-17.94022348063497,27.728622778755025],[-17.940015671947414,27.728789392952763],[-17.940002731173255,27.72885488901025],[-17.940202483476227,27.729301774991907],[-17.940437635525956,27.729522837088382],[-17.941458231944754,27.729980406352173],[-17.94175116179062,27.73023875580179],[-17.941626522537835,27.730548401034955],[-17.94160759845199,27.730924962597317],[-17.94149375627747,27.731251857689465],[-17.94138012051109,27.73195553848359],[-17.941486356911525,27.731955196053406],[-17.94180183442904,27.731532080714857],[-17.94210083288134,27.7316161974286],[-17.942629640807528,27.731556320739593],[-17.942932502529867,27.731720007516667],[-17.943428687270032,27.731845659424017],[-17.943935193306086,27.73214771790819],[-17.944217949958546,27.7322535550964],[-17.94427636726546,27.73222046743411],[-17.9442966457766,27.732062260964923],[-17.944486298497647,27.731819981340003],[-17.945298347646165,27.731548657142394],[-17.945406096558433,27.731585692533372],[-17.945495241773965,27.73175645222622],[-17.94550540601057,27.731889293084215],[-17.945578910235795,27.731953488967836],[-17.945773674667297,27.731840998926224],[-17.9459407513526,27.731822283882778],[-17.946468557614892,27.73159345359281],[-17.94692551505159,27.73171171976798],[-17.947095914471156,27.731628162931564],[-17.947339076251897,27.731656536821816],[-17.947344036441283,27.731528245041535],[-17.947711103685375,27.731297604731804],[-17.94806819338506,27.730896051131616],[-17.94822378369146,27.730842397112703],[-17.948662806520527,27.730317494195145],[-17.94916582741527,27.730305592477567],[-17.949267666153975,27.73018723188968],[-17.949533443958543,27.73002414877094],[-17.949751187394156,27.72995960510398],[-17.949865285247594,27.729983962618807],[-17.950138153464195,27.73027212903853],[-17.950254328142684,27.730268206722904],[-17.950432975259606,27.730035716695813],[-17.950644960003853,27.729874140311306],[-17.95125218797833,27.729564936218708],[-17.951619526752133,27.729499090781097],[-17.95165344505249,27.72940725644495],[-17.95162442745038,27.729233413356145],[-17.951685098875767,27.72902463936347],[-17.951803877218065,27.728914304826578],[-17.951927761193712,27.72888053811575],[-17.952243346710084,27.729098598578876],[-17.952790833508608,27.729228353500165],[-17.952865361581708,27.729165059468567],[-17.95282065324791,27.72897332980296],[-17.95299421823681,27.72886840942407],[-17.953131113468256,27.728866026799366],[-17.953368338058702,27.72903903046597],[-17.953499311878225,27.729072676761454],[-17.95409465567191,27.728808187250397],[-17.954441444237958,27.72876613747529],[-17.954550061465042,27.728794036142723],[-17.95483074599417,27.728965837836583],[-17.95497460065988,27.72947667836833],[-17.954949585364332,27.729890726463413],[-17.95504829812587,27.730109364641805],[-17.95527471839794,27.72992888110964],[-17.95552758751797,27.729468286376605],[-17.95553460139187,27.729352580031637],[-17.955360585216106,27.72915531641987],[-17.955568530651405,27.728788145108595],[-17.95575184697697,27.72884926625348],[-17.956238226139988,27.728882167421737],[-17.956632814800297,27.729209934898574],[-17.956736039615606,27.729240833752982],[-17.957015002879672,27.729048498230615],[-17.957250941101577,27.72864825117139],[-17.957342963207935,27.72858719673523],[-17.95769705970758,27.728661891975342],[-17.958467156957074,27.729019958906317],[-17.958693014957703,27.72876083000414],[-17.95878045243696,27.72872522115555],[-17.959066285700644,27.728817250178263],[-17.95938356270639,27.72881614255925],[-17.960450142195512,27.72896244864217],[-17.960603551404034,27.72902718038772],[-17.96074636741,27.72941616496899],[-17.960859984886973,27.72948193792921],[-17.960908778558792,27.729130399901845],[-17.960720200756224,27.728788248027328],[-17.960580286334473,27.728277096003442],[-17.960447491470404,27.72801942845049],[-17.96043829480758,27.7277865465583],[-17.960523294482986,27.72758136220653],[-17.96052367668838,27.72743054469225],[-17.960353274797846,27.727256382739515],[-17.959531897222565,27.72694742031607],[-17.959281527271187,27.726696609299363],[-17.959085255211182,27.726340483058316],[-17.95878849007584,27.72542631118412],[-17.958556532009528,27.725037166876877],[-17.958458276083984,27.724678942178265],[-17.958415834818414,27.72416188015317],[-17.957992269861293,27.72335457551164],[-17.957856036936274,27.722785487344545],[-17.957768233650103,27.72267292137454],[-17.957515651907787,27.72251966260568],[-17.95732414993091,27.72213880990533],[-17.957298128759977,27.72182464511655],[-17.95709275224985,27.721579340805032],[-17.957026143912177,27.721385689931317],[-17.9570953338426,27.72101199331593],[-17.95738102563435,27.7208103055827],[-17.957653337210502,27.72044790774351],[-17.95844354607499,27.718855423992213],[-17.958762604795265,27.718425981180257],[-17.958887710215727,27.718335010573412],[-17.95892467826705,27.71809532457892],[-17.95908532725631,27.717839018992823],[-17.959176373591447,27.71742257951117],[-17.95914801107201,27.717245103442075],[-17.95873523083854,27.71659616875528],[-17.958695724154932,27.716434251726348],[-17.958693990373302,27.716240224453877],[-17.958892006509597,27.715769703327663],[-17.9590320539267,27.715141304434965],[-17.959053632659256,27.714923613008388],[-17.958989923017704,27.714582032475505],[-17.959037148698336,27.71425860085252],[-17.959178594427804,27.713969840972812],[-17.959659419469634,27.71382889564684],[-17.95996579689247,27.713679233432618],[-17.96015382476229,27.713438467739234],[-17.960299851009495,27.713128058209595],[-17.960304870278378,27.712957457839035],[-17.960247343683218,27.712813264883636],[-17.96028009503713,27.71232193211017],[-17.960339769876565,27.71203586853652],[-17.960430721026334,27.711886973230477],[-17.960343455788305,27.71174089997099],[-17.960378168829155,27.711588878346504],[-17.960273231232424,27.711441469302432],[-17.960180336540976,27.711075769862507],[-17.960256587042654,27.710784209725592],[-17.96010251709327,27.710300113441274],[-17.960206939078756,27.709984694852206],[-17.959995915168975,27.709919579203792],[-17.95926093724416,27.710037510687904],[-17.959687118413015,27.709762432279295],[-17.959494124927286,27.709503244479688],[-17.959487768291577,27.709433018257176],[-17.95958080570788,27.70928633409113],[-17.959541813736315,27.708946001765426],[-17.95962616573928,27.708762969182423],[-17.95960874009593,27.70858689520506],[-17.9597705501768,27.70827708681575],[-17.959634243553626,27.708000087859602],[-17.95976479185587,27.707733706944133],[-17.959722144547644,27.707498184297478],[-17.95988726272735,27.70736718749234],[-17.959882318710065,27.707229184859525],[-17.959999365175726,27.707040851957235],[-17.96029216489714,27.706833873727962],[-17.960268883905776,27.70629474785039],[-17.96036763057155,27.706235713495648],[-17.960603899838503,27.706258621645674],[-17.960705559683348,27.706217385889083],[-17.960626627640607,27.706135723036272],[-17.960694101948203,27.70600338721686],[-17.96068833804331,27.705868830096513],[-17.960515236856157,27.70569671936203],[-17.96052416602469,27.705224379762374],[-17.960671697434634,27.70509159360451],[-17.9605872031035,27.70497658255559],[-17.960834481121786,27.704743064261205],[-17.96085200308428,27.70462632097784],[-17.960967412927275,27.70452011172216],[-17.96089021445709,27.704405034897576],[-17.960616689728234,27.704301015465933],[-17.960706618440366,27.703919405547065],[-17.960710325644836,27.703272535005357],[-17.960676422029756,27.703056761403094],[-17.960536959212373,27.703019152297383],[-17.960538889795814,27.702857999509618],[-17.960633534181547,27.702673483389802],[-17.960618269662614,27.70250611339086],[-17.960773845455012,27.702363593104945],[-17.960736459951825,27.702259030246463],[-17.960850416784822,27.702065350545247],[-17.960584174358875,27.701896766329863],[-17.960256348740934,27.70154944403697],[-17.960117146161604,27.70051566153608],[-17.960059500393704,27.700445179467888],[-17.959964684649208,27.700428174083054],[-17.95987629664508,27.700232599601804],[-17.959659382018604,27.700160292446807],[-17.95963811190653,27.699991877954545],[-17.959568850885876,27.699899579215945],[-17.959147196172935,27.700176570226922],[-17.959157146857674,27.700049615045245],[-17.9593190082248,27.699651943778402],[-17.95949011704486,27.69877849757909],[-17.95956065838082,27.697877704339803],[-17.959175882620496,27.69752627431299],[-17.958954551724116,27.697834557985225],[-17.95886948468637,27.69787074643282],[-17.958803000058364,27.69797960604016],[-17.95867571845624,27.698032573727584],[-17.958691077902216,27.697880695638943],[-17.958809523974505,27.697691883039536],[-17.958738759463557,27.697142765840866],[-17.958643658965656,27.69693109629826],[-17.95847739769187,27.697109384463715],[-17.958447663264135,27.69686005345119],[-17.958600729574073,27.696234164035182],[-17.9585925566658,27.695991408244215],[-17.958557007596138,27.695902140603863],[-17.95830420450001,27.69574264512985],[-17.958221297458696,27.695584658945716],[-17.958281148946494,27.695462861267345],[-17.95828526654859,27.695292460212546],[-17.958354347131223,27.695212231583888],[-17.959281539357605,27.694686157497536],[-17.959199531668254,27.69433997851321],[-17.959330778498668,27.69417876622721],[-17.959478695388256,27.694113268966927],[-17.959599798562966,27.693981771457995],[-17.959640461837054,27.693370734006137],[-17.959570112175772,27.693114784618942],[-17.959386734464985,27.692940274748075],[-17.958807497667184,27.692599947077102],[-17.958811259339512,27.692476461867415],[-17.95901438509785,27.692233698412092],[-17.95951603467867,27.692140069537842],[-17.960001858649452,27.69189946753177],[-17.960279718000194,27.692090177575864],[-17.96034180938352,27.69234801719168],[-17.960541794032206,27.692525778809163],[-17.961509067395717,27.692475583525546],[-17.96214214898331,27.6920515870065],[-17.962428824403997,27.691671989154237],[-17.962930912205273,27.69153855705969],[-17.963262565587026,27.691360962619836],[-17.963444761996445,27.691127932864724],[-17.96356464283015,27.69080151904818],[-17.96375624863044,27.690504239802905],[-17.96445966498307,27.689871249136925],[-17.964987783685245,27.68890192723107],[-17.965135141073443,27.68846757628509],[-17.96512163578966,27.688380363957616],[-17.96495198711124,27.688365054920386],[-17.964917867962722,27.68804013525388],[-17.96479751839284,27.68763677777598],[-17.96493819008398,27.68751739595522],[-17.965010940145373,27.687509522836148],[-17.96515791378554,27.687585756997645],[-17.96518812443964,27.68765366775489],[-17.965275565512425,27.68766442339708],[-17.965577493398108,27.687399959414552],[-17.965641411679886,27.687290340284335],[-17.965617366030052,27.68711314596327],[-17.965793871610757,27.687082301321947],[-17.96581958517358,27.686946438449425],[-17.965809716309764,27.686843812926384],[-17.96562499328166,27.686645705558277],[-17.96556770801598,27.68651342533029],[-17.965582835178584,27.686210904676987],[-17.96575936577688,27.686106089136633],[-17.9658923975446,27.685929137146033],[-17.96603549093429,27.685936895619093],[-17.966233598833327,27.68614283432471],[-17.96646503779384,27.68604495983004],[-17.96714773888388,27.684760198865877],[-17.967114114598086,27.683779458130115],[-17.96704851813923,27.683751997793568],[-17.966745190487547,27.683889301213636],[-17.966599258257354,27.68381394825331],[-17.966495523834556,27.683575316505845],[-17.966468312045645,27.68313117475762],[-17.96648592236141,27.682995485472787],[-17.966631796595642,27.682881403280447],[-17.966829208303913,27.68287446574799],[-17.96691302358052,27.682788775842365],[-17.967101831159873,27.682875838554367],[-17.967176555920677,27.682791245447994],[-17.967202049075713,27.682572395889228],[-17.96716213898377,27.682483043562154],[-17.967056279056372,27.682390594539342],[-17.96686708067539,27.68236397937698],[-17.966656483308572,27.682220552320956],[-17.966634999838476,27.682063148937054],[-17.96669416773065,27.68196535833477],[-17.966840661450256,27.681911702014567],[-17.966933917540334,27.681950296669655],[-17.967022417046895,27.68188796037998],[-17.967170666308423,27.681899215769977],[-17.967244304526467,27.681811939714148],[-17.967323595456488,27.681521574715042],[-17.967337547829025,27.681175779423743],[-17.967435090370586,27.68096079773619],[-17.967445144358745,27.680246135758544],[-17.96733481101019,27.68002568750885],[-17.96720219397326,27.680030334484073],[-17.967054168295505,27.679952320338284],[-17.966745215051265,27.680031108651303],[-17.966638380937496,27.67997746941783],[-17.966587906452467,27.679872105805067],[-17.966635459071814,27.67971953736193],[-17.96654439579418,27.67942470485071],[-17.966643399592115,27.679338689713152],[-17.96677136679314,27.67934947832539],[-17.966825049960462,27.67946108766419],[-17.967098397414567,27.67941463523596],[-17.967219628557274,27.679476084237304],[-17.96733882434587,27.67942481688061],[-17.967569568255527,27.679151952913998],[-17.96759327894732,27.678942162292817],[-17.967539073024167,27.6786988609538],[-17.967855902721677,27.677900043289277],[-17.968735440574918,27.67745846969808],[-17.969664962297315,27.676771175036396],[-17.969973464420423,27.67607347471924],[-17.9696812719584,27.67570032894845],[-17.969664336127178,27.675520096175447],[-17.969779740518376,27.675459977753107],[-17.96996398837355,27.675596117861254],[-17.970093932649576,27.675620211965636],[-17.970344941463328,27.675404010856166],[-17.970611233152617,27.674996331098487],[-17.970633065512313,27.674855860131732],[-17.970890270742327,27.674363399192465],[-17.97137409353126,27.674022765097366],[-17.971610978004193,27.673666862711023],[-17.97162930307455,27.673232299439935],[-17.971826689749403,27.672963212567108],[-17.9721203342652,27.672705409811634],[-17.972219860766863,27.67229490274786],[-17.972399298093794,27.671931843252473],[-17.972441195381954,27.67138383382584],[-17.972599053512216,27.670919934159688],[-17.97257378881781,27.670675472379113],[-17.972378989540676,27.6701233433577],[-17.97218557761709,27.669745826372356],[-17.971763383527307,27.66927092400689],[-17.9717346731006,27.66887291198487],[-17.971676132606152,27.66881012088212],[-17.971542285047757,27.668791253426733],[-17.97158179502232,27.66854034944705],[-17.971325115374494,27.668243300935586],[-17.971290630143965,27.668159606447812],[-17.971317431599367,27.668045549865152],[-17.971254827676457,27.667933682472764],[-17.971294553757136,27.6678105081778],[-17.971498343371287,27.66762102843947],[-17.971466568038583,27.667558835499943],[-17.971306652412366,27.6676136856972],[-17.9712772013725,27.667566236914485],[-17.971419927458662,27.66738167595919],[-17.97158843569917,27.66739348523792],[-17.97168045927086,27.66732710190808],[-17.97178121305262,27.666913321291155],[-17.97164703785946,27.666552934029095],[-17.97163977723322,27.66635210682043],[-17.97148822867875,27.666031061944658],[-17.971457155349917,27.665571849207446],[-17.971316643296074,27.66552371655621],[-17.971435650857963,27.665361314532298],[-17.971303034386768,27.665230562445217],[-17.971434137535866,27.66503966583396],[-17.971196155354683,27.66491649684602],[-17.971023294064054,27.664635148948108],[-17.97093779274426,27.664407133734823],[-17.970906059129092,27.66410309235763],[-17.970848422243847,27.664013669988734],[-17.97089465869584,27.663925176382197],[-17.970887778310175,27.663685912273785],[-17.970834337183636,27.663545612825025],[-17.970843284848847,27.663194873007413],[-17.97078905981593,27.662984408592063],[-17.970861828117265,27.66249861149893],[-17.970936242405152,27.66229079980401],[-17.97105461679658,27.66216124747677],[-17.970891105116614,27.662082936873347],[-17.970993875088983,27.662016955103375],[-17.97112280885697,27.66204549104061],[-17.97116460995184,27.662014013721894],[-17.971136318469565,27.66177349502934],[-17.971262782590323,27.66149366307428],[-17.971160402670957,27.661038686053743],[-17.97119467809311,27.660425890094313],[-17.97115970110039,27.660084301510935],[-17.971028371002557,27.659753710578066],[-17.970853201992373,27.65895236262705],[-17.97076628010033,27.65879519060228],[-17.97050322067126,27.658538418222708],[-17.970447291785646,27.658309767939745],[-17.970477474098843,27.657961188496284],[-17.97055576265512,27.65773561318574],[-17.970548922481306,27.65763256199464],[-17.97046883521899,27.657555708586923],[-17.97053570040205,27.657349773010292],[-17.970527050516385,27.65719480084006],[-17.970629607035878,27.65708362994596],[-17.970717964137247,27.6565262341626],[-17.970822665354035,27.65629964118501],[-17.9707480349342,27.65600878775642],[-17.970865681388474,27.655875011717615],[-17.970939404546073,27.655649263572595],[-17.970867655607762,27.65537503684636],[-17.970943758293974,27.655020059863112],[-17.97106506392387,27.654774437562597],[-17.97112495553088,27.654363247860804],[-17.97120113710257,27.654254627032888],[-17.971364995214223,27.653660971502976],[-17.97135820429742,27.65345490179056],[-17.971289739024012,27.653346948243463],[-17.9713319975794,27.653201438358366],[-17.971269127638696,27.652955797606708],[-17.971308058376906,27.65263860314293],[-17.97127909542335,27.65221208968332],[-17.971326471576287,27.651806400436186],[-17.97138902711752,27.651714670146863],[-17.971344604261127,27.65147684255937],[-17.971403104304166,27.651306357494178],[-17.971413364877808,27.65088053614327],[-17.971473774021653,27.650649570762187],[-17.971382794028976,27.650566817097225],[-17.971244643724326,27.650537846842504],[-17.971289835398796,27.650377209335936],[-17.971234386981827,27.650345923820513],[-17.971116125925107,27.64998113344673],[-17.970460808445033,27.649119808754346],[-17.970389290038842,27.64896248596673],[-17.970422931862846,27.648764299171184],[-17.970384964614478,27.648705124944165],[-17.97067541765449,27.648732183311388],[-17.97074558916942,27.64915808413077],[-17.971014407783883,27.64939272327352],[-17.97110616392343,27.64954167329418],[-17.971535366380127,27.649874445429543],[-17.971727116183313,27.650630243917213],[-17.97206943411939,27.6509303283142],[-17.97225620326872,27.651404513152148],[-17.972457695858168,27.652160642254795],[-17.97251748740858,27.652636829643324],[-17.97263733367151,27.65294385120729],[-17.972639684135856,27.65313549255856],[-17.972542337088168,27.65352502467009],[-17.972407954358626,27.653758931016956],[-17.972479311762047,27.654531383460366],[-17.972394994386402,27.655020586232016],[-17.97244371562637,27.655473196129392],[-17.972328567615353,27.655639304401223],[-17.972107913633838,27.65581949390248],[-17.971741815831233,27.656331909386072],[-17.971663836795795,27.656656030713368],[-17.97185283775376,27.657025499240916],[-17.971717634071084,27.65737263369484],[-17.972107440478744,27.657766370796836],[-17.972257676501346,27.658260192063135],[-17.97247790947516,27.658495418340244],[-17.972791213482324,27.659163448233187],[-17.97301056511568,27.659148997123435],[-17.973082743219937,27.659240451918986],[-17.97304813157337,27.65944759044738],[-17.97312482804788,27.659589915624302],[-17.97305406652692,27.65985384927345],[-17.973221632513614,27.660205805382866],[-17.973249532970236,27.660431536113993],[-17.973339783414897,27.660545996596912],[-17.973248561308523,27.660821533054364],[-17.973340942498922,27.66105610631269],[-17.97326290143601,27.6612316432672],[-17.973319194916726,27.66137423506502],[-17.973248424435084,27.661657369614552],[-17.973385959229415,27.66212447066054],[-17.97321653724427,27.662512573864614],[-17.973281560514714,27.662781169672293],[-17.973179129520062,27.66291949246824],[-17.97313622239023,27.663085944974295],[-17.9731154736702,27.66348033470791],[-17.973046244365563,27.663716254065342],[-17.973203240511154,27.664039390755228],[-17.973194223378478,27.66413857863605],[-17.973078574997327,27.66433384000363],[-17.97314322781642,27.664942487884417],[-17.973233830149695,27.665082904914545],[-17.973534142824693,27.66515102711057],[-17.97381100558511,27.665361284047123],[-17.974100653360363,27.665801275182005],[-17.97445537276807,27.666490910009816],[-17.974909071472013,27.666782918272666],[-17.974983488973994,27.667049055637534]]]]}},{"id":"9","type":"Feature","properties":{"categoria":"Monumento Natural","nombre":"Malpaís de la Arena","codigo":"F-5"},"geometry":{"type":"Polygon","coordinates":[[[-13.945243344761266,28.643924523928632],[-13.944643603234526,28.647627564544013],[-13.943946277111072,28.652871285143288],[-13.943441510440332,28.652667323298942],[-13.942649646529231,28.652504224980493],[-13.942022953839503,28.65248438495584],[-13.940977108443578,28.652585809639472],[-13.939579101106501,28.651862111674173],[-13.939114021772074,28.651354760474096],[-13.938832392324777,28.650734644201574],[-13.938740962950213,28.65028531073876],[-13.939122247755405,28.649627696128366],[-13.93887558712525,28.649449376868443],[-13.938711369492337,28.64963732096852],[-13.93806840309733,28.649975263434158],[-13.937647247977461,28.650277531500933],[-13.936797490562036,28.65103536790793],[-13.93624478204022,28.651740593124],[-13.935952203347597,28.651555960103213],[-13.935368344809872,28.651388631889745],[-13.933197942633104,28.651912648061884],[-13.93103383402344,28.650724580221713],[-13.930696155296665,28.65063781453639],[-13.93086400083868,28.650295499463265],[-13.930856464818753,28.65003781377053],[-13.930747272997161,28.64980776526868],[-13.93048754991529,28.64961033805151],[-13.929731262232096,28.649445514324906],[-13.92957084996992,28.649455646086626],[-13.929404440450094,28.649516291559557],[-13.929082749301012,28.649798054408283],[-13.928947762935326,28.64980005582683],[-13.927995811228909,28.649409398575113],[-13.927059047670747,28.648866223505305],[-13.926239605192903,28.648634740782086],[-13.926136802828822,28.648493713513787],[-13.925970284793726,28.648428411014486],[-13.92465898777512,28.648173956114114],[-13.922829830423892,28.647962602455497],[-13.92229671185766,28.64797129573666],[-13.922417486883633,28.647699810653418],[-13.922385251084206,28.64757436051321],[-13.922119364619512,28.647461474254765],[-13.92209351516883,28.647198795921383],[-13.921623890704558,28.647316082083783],[-13.921262727193978,28.64635570173115],[-13.92123398659102,28.646016842440407],[-13.92108811559232,28.64579024903493],[-13.920846994829962,28.645645363387203],[-13.92075222727502,28.645519992355197],[-13.920658770091544,28.645290639061592],[-13.920647604196425,28.644942235221812],[-13.92048676629309,28.644662821620056],[-13.920149926980756,28.643251281256603],[-13.920176555780541,28.64287892684369],[-13.920279245437248,28.642823858946795],[-13.920353666219055,28.642633967295364],[-13.920521808606122,28.641100390629656],[-13.920857484180807,28.640622317385137],[-13.921252009690223,28.639819655555673],[-13.921303184347478,28.639265531354425],[-13.921467813535624,28.638917660291696],[-13.921463122586246,28.63882015569675],[-13.921236464250041,28.638140060719262],[-13.92088528778525,28.637797469124646],[-13.92075514283534,28.63746586156763],[-13.919981561288017,28.636547328554194],[-13.919192395041078,28.635077438536662],[-13.919211817209709,28.63457578007067],[-13.919321391928227,28.63437317223993],[-13.919190301215961,28.634075816763886],[-13.919212473876852,28.633201874789457],[-13.919285847171578,28.632929968548616],[-13.919120491095576,28.631124823049504],[-13.918803633767592,28.630056707366688],[-13.918531886596714,28.629614090266095],[-13.918280849184695,28.62933681524228],[-13.918309417215866,28.62902687891819],[-13.918257937796442,28.628293003488952],[-13.918070281768774,28.627288013271105],[-13.918025272482113,28.62653788002772],[-13.91806022568157,28.625906512035705],[-13.918557187354764,28.62503824507557],[-13.918695603405832,28.624659552444797],[-13.918680412850957,28.62455775791943],[-13.918790499643375,28.624407015209727],[-13.91874576276567,28.62399320479273],[-13.918665018899437,28.623811046847614],[-13.91849710095154,28.623619086444858],[-13.917367627149646,28.622627642038264],[-13.916204843265762,28.621969372729666],[-13.915851220813778,28.621872543074264],[-13.915648611952507,28.621766442024317],[-13.915838272788307,28.621603549000604],[-13.915816044757953,28.62134574462898],[-13.915690252698166,28.62127180253679],[-13.915719552797604,28.621179768275343],[-13.915570831991571,28.620980006373788],[-13.915557079099553,28.620713758621815],[-13.915479079364944,28.620627644106985],[-13.915375901803886,28.620606691435828],[-13.91531744077019,28.620315427966858],[-13.915427734940524,28.6200181138908],[-13.915322500635893,28.61987488401144],[-13.915361990316724,28.619539826914764],[-13.915618544069378,28.619159826088136],[-13.915872136239313,28.619008202815685],[-13.917127771313787,28.618812311623355],[-13.918000920328351,28.61851789231748],[-13.918620119880192,28.61848197464646],[-13.91873668253843,28.618382395385726],[-13.91914829186703,28.617719209434146],[-13.919566039308473,28.617588978875837],[-13.92025262109054,28.617540819452472],[-13.920311267682424,28.61760718254668],[-13.921019962848028,28.617877248759015],[-13.921321159491914,28.617932671374913],[-13.921541599651173,28.618271595040312],[-13.92177687593491,28.618353893924382],[-13.921964677851832,28.61836145285961],[-13.922095342539174,28.618310946726524],[-13.922134663659138,28.618118418243125],[-13.92223190797471,28.61812531985881],[-13.922241836234276,28.618048554760403],[-13.922590551517946,28.61816454417654],[-13.922864927666346,28.617995743584373],[-13.923138558848548,28.61818056895814],[-13.923611753547572,28.618166592028526],[-13.923796857767556,28.61822202591988],[-13.92399210173541,28.618368464065828],[-13.92404610017039,28.61834724025612],[-13.923789021293128,28.61757014302311],[-13.924052479286392,28.6176372188884],[-13.924173674959766,28.617949528365944],[-13.924520994775422,28.618074166362362],[-13.924799312764266,28.618032184883138],[-13.924888702201338,28.618113339190813],[-13.924953628771462,28.61797319897021],[-13.924864013502475,28.617761595716114],[-13.925082107998419,28.617582713795137],[-13.92517512983212,28.61743572917936],[-13.925764810520418,28.61720399562505],[-13.925917784442703,28.61725661773645],[-13.926014906225264,28.617544907296086],[-13.926098715202452,28.6175412480193],[-13.926247794198648,28.617369516236355],[-13.926322627926734,28.617485970835517],[-13.926307748132253,28.617617419388797],[-13.926613392826914,28.61786932611378],[-13.926377663991802,28.6181771281425],[-13.926918967148378,28.618313405041558],[-13.927284765063074,28.618250801473728],[-13.927730594784665,28.618260330967754],[-13.927888921409627,28.618398483889965],[-13.928279250670712,28.618550105176446],[-13.928266918686049,28.618202223509034],[-13.928339979836954,28.618183260682738],[-13.928681806842917,28.617870147262412],[-13.9291394141312,28.617771232085826],[-13.929608659231716,28.617763232075806],[-13.92998391273867,28.61767161526112],[-13.930086810626173,28.617704044227263],[-13.930209947631884,28.61782660927796],[-13.930407949241365,28.617764342577864],[-13.930906414939818,28.617884822748515],[-13.93111218609313,28.61803705608815],[-13.931286997411618,28.61808710963703],[-13.931534708716612,28.618364443233855],[-13.931759163767536,28.61839293717127],[-13.93193999767913,28.61818352356918],[-13.93226521487312,28.6179379893024],[-13.932540886676072,28.617845851709728],[-13.932697930010306,28.6174317650813],[-13.932838271027478,28.61730983265711],[-13.932918090772532,28.61746397792045],[-13.932820318884996,28.617688280279786],[-13.932976922627956,28.617840620149426],[-13.933179259739575,28.61790989591154],[-13.933093536871526,28.618155485456178],[-13.933477367572246,28.61841339873567],[-13.93438166025625,28.618363838860947],[-13.934594329866536,28.618122080339248],[-13.934725518882676,28.618124420111954],[-13.934887059748966,28.618236885294646],[-13.935016383988595,28.618186843432234],[-13.934937360407897,28.61803960119022],[-13.935658646578775,28.618259119898774],[-13.935981557322382,28.617937174527505],[-13.93601066009077,28.618102319306765],[-13.936125625268193,28.618224526147493],[-13.93602252039565,28.618386900299008],[-13.93618755760218,28.618522054764025],[-13.936445513303584,28.618863171955084],[-13.936681525877166,28.618927544118108],[-13.936810401967335,28.61890371649269],[-13.936856494072806,28.61885684688135],[-13.936835406264967,28.618643243339825],[-13.937197961702811,28.61852436682477],[-13.93746075687007,28.61880066189142],[-13.937306266484313,28.61891813785602],[-13.937291040023704,28.61921536793414],[-13.937077553334541,28.61935175909631],[-13.937147749196978,28.61938566826713],[-13.93712753505114,28.61942752407751],[-13.93719358174218,28.619499669367993],[-13.93733562664714,28.619513048882077],[-13.937459882737762,28.619701277753226],[-13.937617111059936,28.619820989633958],[-13.93801972202817,28.620001317780716],[-13.93801110718564,28.620292245684844],[-13.938201513470043,28.620444059279784],[-13.938284031812682,28.620396048487383],[-13.938350769903643,28.62024911947413],[-13.938624003254139,28.620094429889864],[-13.938576611533966,28.620412916338076],[-13.938630420050908,28.62068093866853],[-13.938575439372562,28.62088743879889],[-13.938666646745823,28.621159355192063],[-13.938578886775707,28.62137861359038],[-13.93845984763621,28.62147774851725],[-13.938059061867952,28.621544368120006],[-13.937731507932625,28.62180678485077],[-13.937520634605235,28.622139296891437],[-13.937414615975802,28.622546144379104],[-13.937053474050161,28.623173229185664],[-13.9371049333102,28.62350360062385],[-13.936992565325937,28.62377276608836],[-13.93701215805311,28.62396022856267],[-13.936939467196977,28.62400716029588],[-13.936922545341986,28.624147547526217],[-13.93718564676655,28.624545005545617],[-13.937316242015534,28.624578666246336],[-13.93727916750947,28.624684661306052],[-13.937267754623369,28.62543997145522],[-13.937204609566987,28.625501861409393],[-13.937128793717347,28.62545678857904],[-13.937058257119762,28.62557003044706],[-13.936638210706638,28.625922137342645],[-13.936461863013431,28.626108197704777],[-13.936486276442684,28.626198925297572],[-13.937017281518425,28.626290603628487],[-13.937703566507711,28.626207894582585],[-13.938939245150062,28.626308841667512],[-13.939440432663464,28.626273485100096],[-13.93950679773331,28.62636744673195],[-13.939629736635046,28.6264263080668],[-13.939687292937997,28.62652957831786],[-13.939762934789501,28.626547363913957],[-13.940977734884045,28.62634833389593],[-13.94135694540931,28.62647620225159],[-13.941609740191582,28.62662866100702],[-13.941894918967249,28.626513184577835],[-13.942025394633935,28.626299041189856],[-13.942766131953235,28.6254982279898],[-13.943085831869382,28.625215132435237],[-13.943173595012658,28.625211484513187],[-13.943422069069305,28.625589041621772],[-13.94342557843668,28.625708487137313],[-13.943250262332533,28.625890809949627],[-13.943183113484976,28.626079039410254],[-13.943064936930393,28.626210397506544],[-13.943035857985599,28.626478620097],[-13.943297898792613,28.62705021696446],[-13.943342927783453,28.627522211440702],[-13.9436816804939,28.628005313657784],[-13.944098030582852,28.628446256233328],[-13.94448381455026,28.62895296393795],[-13.94477272706152,28.62952303438453],[-13.946150013610009,28.631477223066504],[-13.946304657851227,28.63164840532205],[-13.946617236430484,28.63182946174965],[-13.947472736574673,28.633589825416795],[-13.947728379875922,28.634236610881857],[-13.947869910347285,28.63482877125968],[-13.947940350070994,28.63540162426072],[-13.947933078365105,28.63607725336068],[-13.94784429451703,28.636659141094324],[-13.94756168574296,28.636933184571223],[-13.94656633323559,28.637712619377915],[-13.946350468273037,28.638040349024315],[-13.945243344761266,28.643924523928632]]]}},{"id":"10","type":"Feature","properties":{"categoria":"Monumento Natural","nombre":"Montaña de Tindaya","codigo":"F-6"},"geometry":{"type":"Polygon","coordinates":[[[-13.974639250013334,28.604472881041],[-13.974271265560777,28.60440064501065],[-13.973662355038798,28.603948624024135],[-13.97312241901893,28.60370625741642],[-13.972225519273257,28.603131194624215],[-13.97122825939058,28.601982936253904],[-13.970941651128536,28.60177338688063],[-13.970863963340411,28.601596299594284],[-13.970726691122296,28.600122289230914],[-13.970745865052118,28.59949800007739],[-13.970549193058291,28.59920724224556],[-13.970399884188383,28.59881244335129],[-13.97036230436893,28.598458503617525],[-13.970431837063398,28.598253813940886],[-13.970330261828973,28.597931005374836],[-13.97035143169807,28.59772741067379],[-13.970289718186052,28.597457317016968],[-13.970368256325798,28.5965175062858],[-13.97043909579196,28.59628771691154],[-13.970388072071103,28.595793866700593],[-13.970572749564724,28.59477514620866],[-13.970594978674363,28.59432837050185],[-13.970718905914351,28.594149509766343],[-13.970728797077587,28.593973980484424],[-13.971049263036369,28.593392989741968],[-13.971189909702588,28.592916785718305],[-13.971379993305273,28.592551422218044],[-13.972007185393746,28.5919923947615],[-13.972280990386512,28.59167805499535],[-13.97291694349689,28.591146681102284],[-13.973506658820236,28.590468944985922],[-13.973866976537407,28.590263141002524],[-13.975981040920573,28.58945004153122],[-13.977174413830028,28.5887095488446],[-13.978164653037965,28.58830773126871],[-13.979110335072734,28.58930164485223],[-13.980889524934236,28.590382516269482],[-13.981568395638241,28.5908507349251],[-13.982286112545195,28.591554497602537],[-13.982665730018681,28.592151031474256],[-13.983569813913988,28.592941099439987],[-13.983702424200047,28.593171130311564],[-13.984339569298651,28.59483837180494],[-13.9847818333597,28.596184423901274],[-13.985015797914146,28.596629230427645],[-13.985032610137404,28.597756426829026],[-13.984952617178626,28.598589679525034],[-13.98469450508125,28.599231002221583],[-13.984345034592982,28.59991997288681],[-13.983647473753429,28.600311301032512],[-13.982832579216026,28.601038648712244],[-13.982307434029314,28.601387515167477],[-13.980110189324655,28.602537563615773],[-13.979183936752637,28.602863164465326],[-13.97865901405738,28.60292881805549],[-13.977807829039767,28.60316068308593],[-13.975900676330426,28.604040063956884],[-13.975441215191315,28.604306642315372],[-13.974639250013334,28.604472881041]]]}},{"id":"11","type":"Feature","properties":{"categoria":"Monumento Natural","nombre":"Ajuí","codigo":"F-10"},"geometry":{"type":"Polygon","coordinates":[[[-14.15483435587308,28.40522189088337],[-14.154507735896846,28.4054200022398],[-14.154258681470665,28.405683321452944],[-14.154105210199072,28.405757466581782],[-14.153767950209014,28.405651100783768],[-14.153344216003454,28.40576415659842],[-14.152426024213147,28.405892313929307],[-14.152049708534896,28.40587303853549],[-14.151806232057172,28.40576585265229],[-14.150943238966853,28.404829683440198],[-14.150485097331307,28.404505791444063],[-14.15003343026021,28.40434309240188],[-14.149491356220002,28.404426225042375],[-14.149476401439443,28.40434819931933],[-14.149605239260739,28.40400709970477],[-14.149741426316991,28.403832200409465],[-14.149930861317245,28.403728669608057],[-14.149708570182913,28.402914931659353],[-14.149806016129231,28.402794940605443],[-14.14985070354242,28.402598520167913],[-14.150231916496963,28.40218930324315],[-14.150265557591933,28.401969860050166],[-14.150362345893356,28.401891168438937],[-14.15102895695659,28.40085507067639],[-14.151141245994907,28.400751219707974],[-14.151993465990747,28.400713490518076],[-14.154173624402027,28.40080430029115],[-14.155234672481072,28.400672241485193],[-14.155738598023273,28.40054640783046],[-14.156161614952698,28.40038179089019],[-14.156451212561123,28.40012694169522],[-14.156808857058065,28.399631973030495],[-14.157110898044206,28.399842339129457],[-14.157572163545217,28.399771384897388],[-14.157652662224926,28.399820561148523],[-14.157682587704418,28.40009990045671],[-14.157520519973458,28.40022974250095],[-14.157476183345068,28.400326960616713],[-14.157335021593415,28.400663163040093],[-14.157187662127827,28.401508974934245],[-14.156847432585733,28.402052351531513],[-14.156749528465147,28.402288016037662],[-14.156544634529046,28.40295772110085],[-14.15661391694961,28.40309317340214],[-14.156571692951315,28.40326881505933],[-14.156499404844038,28.403322091538314],[-14.156468929481866,28.403194967004175],[-14.156417227751135,28.40322164426731],[-14.156308450456958,28.40345335074471],[-14.156074521571984,28.40362289443613],[-14.155996765414908,28.40363958957623],[-14.1559123333612,28.40357638829255],[-14.155820693030105,28.40359834984604],[-14.155675256973595,28.4036895881375],[-14.155469060248505,28.40393022169632],[-14.155263704367018,28.404038996039404],[-14.15507930722847,28.404033077488993],[-14.155038026795957,28.404073990026287],[-14.154999059225759,28.404183642559218],[-14.15489797294861,28.40426895409437],[-14.154890896813638,28.40450200335964],[-14.15495243825065,28.404748322648423],[-14.15481295754048,28.404994414669098],[-14.15483435587308,28.40522189088337]]]}},{"id":"12","type":"Feature","properties":{"categoria":"Monumento Natural","nombre":"LaCaldera de Gairía","codigo":"F-7"},"geometry":{"type":"Polygon","coordinates":[[[-14.019377976856036,28.365700467697796],[-14.019126612890048,28.365912180431536],[-14.01906332596235,28.366273770311846],[-14.01877388843756,28.36635776008951],[-14.018567165109706,28.366360026867635],[-14.018409131860484,28.366500418043092],[-14.018178335585834,28.366585848704247],[-14.01774154522452,28.367152708251407],[-14.01734433207484,28.367295571679755],[-14.01713582553004,28.36752658034826],[-14.016927901670481,28.367636706607996],[-14.016757043831909,28.367860494508378],[-14.01578305002125,28.367514509681616],[-14.015533336615809,28.367305170002687],[-14.015087671743045,28.36719132729309],[-14.014998460914578,28.367021425750956],[-14.014539491168568,28.36682805567331],[-14.013901462015518,28.366633831258977],[-14.013735053846291,28.366633051684218],[-14.013140320272345,28.366383103096904],[-14.012293048646885,28.366227982738053],[-14.01169255164329,28.36606543075378],[-14.011301145196224,28.366321252824566],[-14.010874501550319,28.36645924446669],[-14.010412480338875,28.36673663833023],[-14.010287496788054,28.366839846727228],[-14.010323361119548,28.36694481852899],[-14.009911380039622,28.367024298232092],[-14.009740899793348,28.367026814814487],[-14.009521405530949,28.366927305442843],[-14.008838840598772,28.366949630294503],[-14.008462554553724,28.366855622360234],[-14.00788629946113,28.366950499934823],[-14.007639912205887,28.36653467194531],[-14.00757404607855,28.366313812040033],[-14.007333283095763,28.36637284967837],[-14.006610234417805,28.366370606571802],[-14.006079103013898,28.366430630761304],[-14.004870679775529,28.36409954434197],[-14.004484723936155,28.362348991501456],[-14.004475499826116,28.360763441220573],[-14.004282358074958,28.36055587543844],[-14.004245632050106,28.360432563857124],[-14.004378289783608,28.360213152120156],[-14.004429576302245,28.359873992960654],[-14.004378067756189,28.35941032673114],[-14.004622483187664,28.358957170203745],[-14.00489454255787,28.35891601140109],[-14.005089662882027,28.35882587481636],[-14.005424113525073,28.358850843890092],[-14.006102522113435,28.35872148275196],[-14.006495997788212,28.358193472747658],[-14.006431544729747,28.357716426336477],[-14.005843256021155,28.357005360583166],[-14.00548219480279,28.356486138265353],[-14.005307140687014,28.356162386795138],[-14.0052150898411,28.355774388310238],[-14.00529699259015,28.355639811274294],[-14.00538615552044,28.355615179622486],[-14.00566873376814,28.355656386566398],[-14.005808811517642,28.35561427231665],[-14.005947355553173,28.355364384485128],[-14.005932580925041,28.3551979081119],[-14.006115438978666,28.354578671035995],[-14.006241580815441,28.35439155908161],[-14.006466224751103,28.35183065538018],[-14.007762129094427,28.351265598252052],[-14.008241477507763,28.35135242295819],[-14.009539429759803,28.352126248311883],[-14.011924740653978,28.353675396787263],[-14.012068116560283,28.353882663662965],[-14.012194390488732,28.353763847355452],[-14.012698885607193,28.353675227169745],[-14.012939431135836,28.353817188843653],[-14.01321693400652,28.35334781864863],[-14.013439514489594,28.35321685387756],[-14.013751030715612,28.353178092649163],[-14.014847805773725,28.35319483893231],[-14.015046382095438,28.35292942589812],[-14.016141417624178,28.352251446613625],[-14.016341922033753,28.352212456110774],[-14.017004868251325,28.352290365867113],[-14.017499127950341,28.352593106808317],[-14.017557373856581,28.352672243047504],[-14.01774334560453,28.353254430210853],[-14.017963047229161,28.354265049057567],[-14.018217712845235,28.354372596468803],[-14.018483422418397,28.35473048048538],[-14.018994430375537,28.354861272220266],[-14.019432509565203,28.355098226136914],[-14.019905858283046,28.35542801287068],[-14.020181658516101,28.35553239600436],[-14.020881435694658,28.3559379917456],[-14.020979289467489,28.35604452536109],[-14.021049574487327,28.356321111272806],[-14.022619535172065,28.357626463523427],[-14.022729362857554,28.35778628157544],[-14.022816754643218,28.35805955027051],[-14.022750915998028,28.358439898568125],[-14.022873810449457,28.358711706702472],[-14.022898057569341,28.359045638511613],[-14.022749973218826,28.359670194125556],[-14.022764403248587,28.359961867568988],[-14.02284042334726,28.36014668920348],[-14.022734245617228,28.360830178521574],[-14.022155681513562,28.36132427077273],[-14.021825554566608,28.36150300225405],[-14.02172343072217,28.361621143185722],[-14.021390297811049,28.362674642800258],[-14.021011391501263,28.363094424831928],[-14.021008752334316,28.363298603121358],[-14.02065274578591,28.363650022421034],[-14.020281723119771,28.36383625469599],[-14.020170071072627,28.36402477450051],[-14.019765474339277,28.364155461184602],[-14.01955196649006,28.364305699549185],[-14.019499835234416,28.364470826955632],[-14.019500204813891,28.364843579893684],[-14.019377976856036,28.365700467697796]]]}},{"id":"13","type":"Feature","properties":{"categoria":"Monumento Natural","nombre":"Montaña Cardón","codigo":"F-9"},"geometry":{"type":"Polygon","coordinates":[[[-14.173754562146021,28.268314389275655],[-14.172814283152674,28.269452158110305],[-14.172419256848288,28.269838976198482],[-14.172157809418358,28.27021795518806],[-14.171519560183999,28.270819795249057],[-14.171225556470546,28.27089392433343],[-14.170356635268636,28.27060028389735],[-14.16983256452188,28.270612987112415],[-14.169577676520781,28.271070277872653],[-14.169458422657167,28.27157054601989],[-14.169283715086756,28.27186945864551],[-14.168947179756495,28.27222615772407],[-14.168395242058411,28.273389444759598],[-14.168190094142,28.273673863667373],[-14.167690446345784,28.27398450637362],[-14.167131166335638,28.27457871830877],[-14.16707836375629,28.274923123862486],[-14.166795994697639,28.275528554120843],[-14.166847244554232,28.275818867004183],[-14.166697234244403,28.27600296626533],[-14.166548547279099,28.27636802572906],[-14.166551292751405,28.276434476805818],[-14.166683012881053,28.276546332190136],[-14.16664118223668,28.276638796230834],[-14.166024228123515,28.27695349174539],[-14.165731047677909,28.277160094142467],[-14.1653586705799,28.277240004907412],[-14.165257411183946,28.277338171127283],[-14.1652413245099,28.277456788043843],[-14.164994837774506,28.277411377225828],[-14.16490278259664,28.27730725463033],[-14.164687941891678,28.27726883359454],[-14.164668312259744,28.277066522210994],[-14.164424642442038,28.27694905180212],[-14.164218397743932,28.276911973391734],[-14.164198730890249,28.27699143883143],[-14.164140545613888,28.277005236224596],[-14.1638618575589,28.276817938964488],[-14.163597993599506,28.27687366840727],[-14.163485796076923,28.276743001282938],[-14.163158093434198,28.276591372663585],[-14.162981462215276,28.2766635036669],[-14.162683389049223,28.276603330395268],[-14.16240218866434,28.276638578688853],[-14.162169422607354,28.2767646852991],[-14.162046998835692,28.276716266015374],[-14.161983234706017,28.276833154851197],[-14.162006739553611,28.277180625749295],[-14.161971936284635,28.27727617328978],[-14.161526633983323,28.27769962209708],[-14.161407821685287,28.27791379319904],[-14.161091907715216,28.278240712128316],[-14.160584488697472,28.278512421655627],[-14.160236974542888,28.278790907291764],[-14.159924671726852,28.27912982360673],[-14.159572215936581,28.279195669479193],[-14.15905905183503,28.279559045945312],[-14.158879825712917,28.279695730309648],[-14.15847866759336,28.280156087641704],[-14.158120575497579,28.279942347747095],[-14.157455275382864,28.279336140647455],[-14.157273795985503,28.279577515076497],[-14.156622308430602,28.279936860528476],[-14.15635189042992,28.279663541603234],[-14.155961568065084,28.27901854200633],[-14.155739721540224,28.278843196521013],[-14.155281022337117,28.27868625333293],[-14.154827988576804,28.27844213073775],[-14.154453261871751,28.27837261937956],[-14.153765619727489,28.278400025882704],[-14.153463212563613,28.278461228573892],[-14.153073581715374,28.278620882185777],[-14.152756755144923,28.27881230777826],[-14.152438633899212,28.278909543313475],[-14.151258607641642,28.278768192977473],[-14.149942820965924,28.27830190463322],[-14.149183757582026,28.277743753734462],[-14.148703191558395,28.277558652628883],[-14.14826115571798,28.277481583100496],[-14.148413412204176,28.277276956555028],[-14.148735058084664,28.27712096351056],[-14.148912383627513,28.27710127160704],[-14.149358581417747,28.277176686024113],[-14.149537276252365,28.277148914198694],[-14.149655299530481,28.277078015552153],[-14.150098472674427,28.27661486774051],[-14.151013135322277,28.275433558600742],[-14.151262391143591,28.274941761272363],[-14.151264293662814,28.27471718759379],[-14.151199396562701,28.274615553486193],[-14.151031604692175,28.27450330581855],[-14.150367622149373,28.274274881423512],[-14.150103297020818,28.274100950706025],[-14.147672997420248,28.27081204912749],[-14.147641236245658,28.27049845485901],[-14.147833954876495,28.269747352757275],[-14.147908670014532,28.269157574187048],[-14.147875088970276,28.268826637879705],[-14.14759380184706,28.267850033307234],[-14.14742454922435,28.266913834281688],[-14.147475581589177,28.26644564688578],[-14.147442971765406,28.266156887739484],[-14.147018553271948,28.264924627776733],[-14.146493716652586,28.263711245300822],[-14.146277076364179,28.26354987211008],[-14.14596329230102,28.26350198510511],[-14.146298523107728,28.26302835273517],[-14.146703882477038,28.262167997214714],[-14.143900195900942,28.258227680884517],[-14.143377531005775,28.25715388415546],[-14.143175664877683,28.256207807578644],[-14.143071426090463,28.256107502609833],[-14.142367928234101,28.25607407009799],[-14.142128699976752,28.255955839353145],[-14.142230012283767,28.25555053101079],[-14.142245740975001,28.255200414470877],[-14.142151311855784,28.25488730982939],[-14.142164025799623,28.25469095711959],[-14.142285421627008,28.254481439967538],[-14.14264787878609,28.25432873976793],[-14.143124083099938,28.253627386861506],[-14.143193503755207,28.253405546887087],[-14.143186195309482,28.25312114230378],[-14.143251669453969,28.252877749565457],[-14.143139638132869,28.252130690075397],[-14.143149579968053,28.250412837897407],[-14.143007978995154,28.2496008733902],[-14.14302585707991,28.24922621805516],[-14.142924489816782,28.24894611591042],[-14.142933576933224,28.248528656365632],[-14.143119814809069,28.24832676581049],[-14.143730291004118,28.24791190110665],[-14.14384244939648,28.247698722801164],[-14.143759934037396,28.247181886238558],[-14.143653642421393,28.24691592517558],[-14.143642478044322,28.24661385857683],[-14.143495750081831,28.24614256398413],[-14.14778141917241,28.24091278427641],[-14.150926563077803,28.23536340465784],[-14.151879648418033,28.2357100223023],[-14.154486043671339,28.236357581116835],[-14.155559542719393,28.23768264379972],[-14.155782524798978,28.237820933753657],[-14.156098688267827,28.237873586969],[-14.156754594243008,28.23780613517145],[-14.157022379627922,28.237721999082353],[-14.157391208508328,28.23750605824929],[-14.158623975799603,28.23728617413431],[-14.160375368252584,28.237279762578087],[-14.16146976492517,28.237486206612882],[-14.161748828304178,28.237486915775065],[-14.161962123686065,28.23737888586707],[-14.162088894117453,28.237209685739344],[-14.162515148913126,28.236127967868686],[-14.162724836914458,28.235938459912973],[-14.162894947069443,28.23587306674697],[-14.16310555419011,28.235826849697034],[-14.163384351707268,28.235850643490863],[-14.164949850933786,28.23639977808088],[-14.165405031318913,28.236416710582688],[-14.16694974080388,28.23597597187002],[-14.168632686886983,28.235429895840213],[-14.169159260576848,28.23532448998802],[-14.169778936170253,28.2355368010987],[-14.17002941737741,28.235748024401765],[-14.171800707796457,28.239106344310432],[-14.172163336943614,28.239537188813898],[-14.172425315764547,28.239697351573035],[-14.173127544107762,28.239851376226504],[-14.175167796858414,28.240110510270974],[-14.175871966624344,28.24015606163738],[-14.176919228610076,28.24002041093664],[-14.178399772918256,28.23955701492992],[-14.17793771316631,28.24039408696112],[-14.177790723822259,28.24080480984523],[-14.177797762561736,28.241035351939278],[-14.177941695580273,28.241517878517453],[-14.177837523626922,28.24187426676309],[-14.176934498413024,28.24300255685841],[-14.176816283308128,28.243360592713827],[-14.176752545803351,28.24384518248585],[-14.176776689480366,28.244370008784397],[-14.177077258298207,28.246628152639392],[-14.176985358836786,28.247849131375478],[-14.177032689089767,28.24916193472229],[-14.176968052494033,28.24939680197294],[-14.17614807951682,28.250982981829644],[-14.176077717423347,28.251309820625465],[-14.176312567364858,28.25182104978061],[-14.176309993129893,28.251901333542698],[-14.176211028584218,28.251975972577856],[-14.175942977590847,28.25200699646184],[-14.17575012088395,28.25208513097254],[-14.175537501016743,28.25230466261804],[-14.174946970024234,28.252132566650083],[-14.174777158473097,28.252130232719132],[-14.17473218632534,28.25219337197679],[-14.174893316344214,28.252618948685353],[-14.174680366426664,28.25296304187069],[-14.1743381705718,28.2527706526643],[-14.173884331543926,28.25318141179519],[-14.17372637570454,28.253198681410343],[-14.173529379236122,28.253314798038396],[-14.173180851229198,28.25331831366227],[-14.172652367068311,28.25353866459476],[-14.171942418737945,28.253696832292324],[-14.171721465762015,28.253684724983152],[-14.171389570635212,28.253587051142393],[-14.171013485145483,28.25359877069452],[-14.170725894481574,28.25369336531567],[-14.170598003824848,28.253906335363624],[-14.170837313585558,28.25410722645139],[-14.171312061772452,28.254134657548434],[-14.172588208532114,28.25463949283593],[-14.172982827556616,28.254720609758987],[-14.172904007716701,28.255042764824445],[-14.172924305599404,28.255133720707004],[-14.173101520532745,28.25531865249935],[-14.173336563764106,28.255397042752772],[-14.173456699584415,28.25558105115836],[-14.173655552799294,28.256054895951376],[-14.173574608657008,28.25623888888004],[-14.173569031178005,28.25649679464522],[-14.173919957837388,28.25697291246365],[-14.173821144789125,28.25719630622068],[-14.174005879489256,28.25739557116674],[-14.174066572553889,28.257546869017272],[-14.174089230089132,28.257781548877183],[-14.17402680588358,28.258235661725205],[-14.174216568122633,28.2588675126038],[-14.174290909961115,28.25963427001702],[-14.174423650706512,28.259850262159805],[-14.174460426298205,28.26000457457695],[-14.174531912790323,28.260845836757543],[-14.174457314244709,28.261128166235338],[-14.17426270805714,28.261515641603655],[-14.174090592675698,28.261667400950277],[-14.173784688812932,28.261754651738187],[-14.173974201704034,28.262165534173047],[-14.173964728478513,28.26260610212327],[-14.17385466827451,28.26285948567292],[-14.173889966556422,28.263020297304926],[-14.174045646167114,28.263308062177178],[-14.173939963724793,28.26385565256667],[-14.173952244975437,28.264166813639637],[-14.174119028770837,28.26510381719018],[-14.174420074773113,28.265775045226125],[-14.174911941313123,28.266509373319415],[-14.174979336688923,28.266781385427183],[-14.174897885403759,28.267021122913643],[-14.174121967821833,28.267792852268332],[-14.173754562146021,28.268314389275655]]]}},{"id":"19","type":"Feature","properties":{"categoria":"Monumento Natural","nombre":"Cuchillos de Vigán","codigo":"F-8"},"geometry":{"type":"Polygon","coordinates":[[[-13.9335933041706,28.32382761977444],[-13.932403217514855,28.324108211221926],[-13.931749114925802,28.32440890205698],[-13.93137817750805,28.32451006741151],[-13.929256232995128,28.324877155416136],[-13.929023897993893,28.325069571523553],[-13.928746448612307,28.32499820936816],[-13.928547229481353,28.32481668491569],[-13.928143805470253,28.324590881383816],[-13.927691749928897,28.324121976508337],[-13.927262106730035,28.32390010732373],[-13.924627476756983,28.32354326015112],[-13.923930228017504,28.32355143796369],[-13.92349745979122,28.32336539270924],[-13.923177505810944,28.3233070334816],[-13.922729047930158,28.323467396762315],[-13.92265489451601,28.323624982734415],[-13.922533631119682,28.323669768991664],[-13.92112013989637,28.32384769507589],[-13.919465889570446,28.323798429709953],[-13.918751110150808,28.323876673342653],[-13.918262344402361,28.324032794101292],[-13.916078997649066,28.32449806921942],[-13.914987352552421,28.324493716817656],[-13.914007373630014,28.32434255246286],[-13.913503229935836,28.32455057733956],[-13.913078286635308,28.324857190056075],[-13.91251391617825,28.324681353395277],[-13.912234160716736,28.324352843804316],[-13.91209731245574,28.32436196119985],[-13.911954711307837,28.324484254334855],[-13.9118455234261,28.324514667663088],[-13.911306031000295,28.32437029943598],[-13.910892423878375,28.324362819839536],[-13.91061500562061,28.32427885716908],[-13.910280448884697,28.324130587965282],[-13.90905570699641,28.32341081036692],[-13.907080776373206,28.322554996739274],[-13.906336558324513,28.322284636697795],[-13.905660100846072,28.32212704487614],[-13.905279223324019,28.321856893699344],[-13.904738840926958,28.32166325613013],[-13.904166017290521,28.32180252214852],[-13.903935573756462,28.321754205783037],[-13.903768864189745,28.321675676673387],[-13.90363577762152,28.321544119217243],[-13.903341100135409,28.32145656442124],[-13.902223473749352,28.321378276964168],[-13.90170555209391,28.321435486064516],[-13.901089734225263,28.32111342856189],[-13.89970161207386,28.32127075783452],[-13.898830025022196,28.321215194951662],[-13.897445756283169,28.321216148686776],[-13.89683917072544,28.321136448419637],[-13.896049257289247,28.320894329907564],[-13.896141385002675,28.320641373845348],[-13.896163050118968,28.320060711327358],[-13.896038260293988,28.319547750126155],[-13.89593543498447,28.31934545912186],[-13.895864080860498,28.319252311709555],[-13.89577556303089,28.3192270449304],[-13.895487689651375,28.319307465230548],[-13.895180560465272,28.319070024712055],[-13.894931377163473,28.31909991389848],[-13.894983078918951,28.31892934500302],[-13.894594269542837,28.318368753740707],[-13.89441179826126,28.317897348712563],[-13.894029301525306,28.317515881829475],[-13.893764875670806,28.31734549505835],[-13.893660547475701,28.317131348179643],[-13.893643320741628,28.31702982909089],[-13.89374072109307,28.316953500942905],[-13.893766249693282,28.31682055709038],[-13.89387607607972,28.316755738356417],[-13.893930868797764,28.31665119260017],[-13.893819355316905,28.316419802190786],[-13.893630808234178,28.316441380282324],[-13.893678432673573,28.316237130044595],[-13.893530201191487,28.316086612113327],[-13.89364422145403,28.31604421190024],[-13.893672061814401,28.315940169822422],[-13.893824413368929,28.315962624728993],[-13.894043039324295,28.315699403674245],[-13.894103085378415,28.31568442878574],[-13.894169953119084,28.315735669355927],[-13.894305410596973,28.315703262501863],[-13.894417873871374,28.315558891875348],[-13.894610018753296,28.315441738926168],[-13.894634981350883,28.31536337922246],[-13.894589615047463,28.31523708172333],[-13.893948281577215,28.314842389026342],[-13.893942373170026,28.31478255324768],[-13.894127329449715,28.31457147279914],[-13.893796447216998,28.314344370160487],[-13.894025558210936,28.314092633765792],[-13.894502172913851,28.313861675863823],[-13.894711044592565,28.313813255406973],[-13.894908312523013,28.31384936801548],[-13.895251624305772,28.313710773758537],[-13.895578744353779,28.313765121799655],[-13.895806982963272,28.313628907454074],[-13.89607354341729,28.31354268153014],[-13.896290422875392,28.313289533468478],[-13.896706750285379,28.313175345386615],[-13.89679483147418,28.312989472756975],[-13.896926679169354,28.312879492019466],[-13.896924367877828,28.312692311069558],[-13.89698811486005,28.312603135289752],[-13.89760189610165,28.31233052770434],[-13.897855090493257,28.31203464353392],[-13.897919288566875,28.31210736959074],[-13.898025661882237,28.312109672595223],[-13.89821012157635,28.31202667871529],[-13.898319607730542,28.311916940276667],[-13.898461107224811,28.311550978361293],[-13.898484683824845,28.311145505759743],[-13.898733217723347,28.310735205181942],[-13.898768437568586,28.31052998618388],[-13.898898208409404,28.310337949653867],[-13.8988141882587,28.310272727179765],[-13.898857085137266,28.309910301657183],[-13.898916145033498,28.309848101779888],[-13.899014555181894,28.30984700915266],[-13.899081983993486,28.309669344340712],[-13.899059617539132,28.309511904541324],[-13.898810395617776,28.30946859139966],[-13.898688517302341,28.30938760195778],[-13.898957666110077,28.30915971038218],[-13.898988384591735,28.309044868061186],[-13.898906834867118,28.308882464944215],[-13.899126232681187,28.3087000957837],[-13.899169272413495,28.30860888347341],[-13.899131175801541,28.30848944249412],[-13.898839665179125,28.30839927758342],[-13.898991159157568,28.308234710614844],[-13.899110457075054,28.308249247845303],[-13.899164261848059,28.308190182583594],[-13.899073029636435,28.30794004126865],[-13.898963431465292,28.30787099319531],[-13.89907841984781,28.307828595982777],[-13.899175079240973,28.307949818030753],[-13.899244207325985,28.30793781133835],[-13.899433995775238,28.307667262825802],[-13.899484004108372,28.307455808454275],[-13.899681390483892,28.30739818927803],[-13.899816132741156,28.307151629763723],[-13.899813193890028,28.306755329867084],[-13.899710153841784,28.30650593317227],[-13.89990763842383,28.306042082511123],[-13.899694013739726,28.30589997988554],[-13.899757176481025,28.30574206511453],[-13.899686306876404,28.305620184846962],[-13.899832797710465,28.305511176439413],[-13.89968753820863,28.305387541312697],[-13.899993350701427,28.305226816265005],[-13.89997697148827,28.30515548740721],[-13.89986160083792,28.3051223530352],[-13.899850555805374,28.30504009156693],[-13.899946186720301,28.3050073577972],[-13.899981101754364,28.30491261369589],[-13.900043072461232,28.304898238230095],[-13.900142775685794,28.304661920185506],[-13.900197299932286,28.30464372082091],[-13.90025845492975,28.304694758942624],[-13.900336396879915,28.304573211216713],[-13.90015636331615,28.304387928870604],[-13.900205352682692,28.30430498672191],[-13.900145345772833,28.304269265880972],[-13.900464202490081,28.304267790760115],[-13.90081445436638,28.304434532059542],[-13.90088493546704,28.30441963803706],[-13.900874478790515,28.304357455136095],[-13.90098307573695,28.304301429680592],[-13.901091624776516,28.304313567921806],[-13.901113564837388,28.304433320659758],[-13.901397240468091,28.30450304590641],[-13.901756283883644,28.304356175800617],[-13.901954610989142,28.304124828723452],[-13.901991729525621,28.304119206231647],[-13.901990050818885,28.304219128355346],[-13.902063406516712,28.30420830950213],[-13.902399649896433,28.304025150374795],[-13.902782774746523,28.303357852597866],[-13.903008443232181,28.30313307790683],[-13.903141684507005,28.30285557060254],[-13.903189426147552,28.302671255506823],[-13.903202541340466,28.302203878188664],[-13.903030357083683,28.301475948332225],[-13.903078717345778,28.30142217196975],[-13.903233256636803,28.30138861836915],[-13.90341164967827,28.300795058488262],[-13.903406711951321,28.300544601912488],[-13.903221608790396,28.300201427367796],[-13.902870115949712,28.29990210871417],[-13.902687963905224,28.299669155432387],[-13.902417242804358,28.29957642165591],[-13.902485361754763,28.299536975113462],[-13.902512074878109,28.29943016874622],[-13.902775946010218,28.29926809787721],[-13.90278197533033,28.299157523854056],[-13.902695544738691,28.299168806726993],[-13.90269755931116,28.299083771058],[-13.90254351044874,28.29905393857397],[-13.902645764627499,28.29897937542758],[-13.902783888072731,28.298986975176206],[-13.902847298583472,28.298929294213963],[-13.902867379183077,28.298785039800126],[-13.903000642442155,28.298725591347804],[-13.903049553496254,28.298602075577662],[-13.90316060627754,28.298592280988586],[-13.90326726187715,28.298420560883205],[-13.90330391540986,28.29823730282242],[-13.903236809313217,28.29803487050041],[-13.903058410587951,28.297993000926002],[-13.903248718930989,28.2979057140225],[-13.903288662220437,28.29779743417997],[-13.903106944955226,28.29771524600982],[-13.902988280715116,28.297558467998524],[-13.9030414024088,28.297487697801056],[-13.90295558315783,28.29740570219509],[-13.903201992988258,28.297436285160387],[-13.903281659637903,28.29712974361928],[-13.903255376345646,28.297051547958443],[-13.903131221353139,28.296891269009155],[-13.902078434571674,28.2961819486597],[-13.901410858971918,28.29544323568889],[-13.901257137484494,28.29539796101769],[-13.900883029657326,28.295507305628657],[-13.90070718102465,28.29550357936247],[-13.900418968903924,28.295304122146305],[-13.900232188095458,28.294871970029725],[-13.89999599812305,28.294802192089843],[-13.899674782128058,28.294781985301732],[-13.899574727691636,28.29459532492781],[-13.899451669555832,28.294535411517696],[-13.89936779687295,28.294520429303937],[-13.899250379680579,28.29459415479451],[-13.899111701375258,28.294609346747613],[-13.899027391273066,28.29422467449582],[-13.899184614385367,28.294056244519446],[-13.899505655366958,28.29393463470725],[-13.899511058756133,28.29382174510933],[-13.899315565364219,28.29368197255411],[-13.899172725473523,28.293673600303112],[-13.899099835630798,28.293526863894368],[-13.898908621821036,28.293478666827276],[-13.898898864994438,28.29338038542122],[-13.898681771077882,28.293389610271586],[-13.898644355425194,28.2932996353289],[-13.898420798725613,28.29317594513202],[-13.898419191276938,28.292999302646987],[-13.898338025110574,28.29292759528443],[-13.898332767800069,28.29281823012748],[-13.89808089038583,28.292547440064197],[-13.898097323914664,28.292486484800232],[-13.898189325090149,28.292456611016842],[-13.898162199543425,28.292161639533195],[-13.898318960847552,28.29205372598867],[-13.898251479371718,28.29195237933038],[-13.898256652888756,28.291608422644487],[-13.898138846753072,28.29159144197365],[-13.898258773822088,28.291275705745832],[-13.898180161473451,28.291001692357305],[-13.89790585776271,28.29084943084042],[-13.897779405644044,28.290658214637595],[-13.89839349763684,28.289663379013877],[-13.898453329087712,28.289366653828374],[-13.898536942422872,28.28932718063756],[-13.898396600690683,28.289171812498296],[-13.898493571083995,28.28910269740888],[-13.898406890017393,28.289059828794475],[-13.898434701491626,28.28897123738023],[-13.898338608362888,28.2889551541531],[-13.898302655308862,28.288865903949073],[-13.898407522902165,28.288776489985118],[-13.898209756800517,28.28855740429322],[-13.89816592672021,28.28844094032036],[-13.898254842382261,28.28837565962476],[-13.898607809852969,28.288479309003726],[-13.898644926758658,28.288392092322912],[-13.898607082011962,28.288187438648652],[-13.898413369153255,28.28812738781567],[-13.898291127893568,28.288260275242276],[-13.89802952986876,28.28834625830731],[-13.897969852129107,28.288437914064737],[-13.898053857791622,28.28862763228522],[-13.898042149468424,28.2887050891239],[-13.897909897997206,28.2887464801704],[-13.897820245308191,28.28870705319085],[-13.897750308838063,28.288559184571888],[-13.897432351104815,28.288493806036346],[-13.897143413804686,28.28852540168498],[-13.896840916421082,28.28833723973727],[-13.896867391091742,28.28831709998643],[-13.896784009783381,28.288270791036663],[-13.896756813971075,28.2881868101597],[-13.897251113961948,28.288127548283306],[-13.897339827237186,28.288036416115826],[-13.897539140846257,28.288105034206087],[-13.897663336033009,28.288053758195844],[-13.897666093104728,28.287865308729305],[-13.897578621171975,28.287645957043015],[-13.897660281806484,28.28732081400936],[-13.897541838397256,28.28724144913579],[-13.897527198134433,28.287189765460287],[-13.897593615976804,28.287093118751145],[-13.89747455413153,28.287073807781223],[-13.897336429268522,28.28692538845061],[-13.897322258596787,28.28671731518104],[-13.8974482491557,28.286634146938944],[-13.897459046921822,28.28655205244754],[-13.897276645575817,28.28644155484495],[-13.897395979780038,28.28637102344253],[-13.897393942052629,28.28628377979716],[-13.89757624112296,28.286198313080718],[-13.897745909775844,28.2861827949134],[-13.89775003783785,28.285908726853],[-13.897954708666786,28.285884519065508],[-13.898050514830123,28.285769759382294],[-13.897948753505814,28.285716226477078],[-13.897912165626156,28.285611518532416],[-13.897903614667038,28.285568558004336],[-13.897974398323244,28.28552508232219],[-13.897899453285358,28.285465700292992],[-13.897940025572039,28.28535973757128],[-13.897874282960306,28.28528006714109],[-13.8978891441229,28.285231085652647],[-13.898108451792401,28.285227078557718],[-13.898213046099194,28.28513217461922],[-13.898334982592635,28.285187025391213],[-13.898524120924238,28.285134250512993],[-13.898553751877673,28.285031232082883],[-13.898650854369528,28.284980603070952],[-13.8987050098093,28.284886302904887],[-13.898666553931593,28.28481840614554],[-13.898737057579515,28.28459397459938],[-13.8986228314228,28.284515213319843],[-13.898682413177994,28.284337484486315],[-13.898614195007557,28.284262560167228],[-13.898660219702371,28.284197366459995],[-13.898624878006142,28.284094401720814],[-13.898665034255341,28.283965328828955],[-13.898547384893345,28.2839061804614],[-13.898363607958055,28.283674065977138],[-13.8984159108762,28.283555633491552],[-13.898395083159112,28.283455240823947],[-13.898242688625487,28.283407654070558],[-13.898084299183179,28.283249107323343],[-13.898177280014718,28.28321837475877],[-13.898270890958925,28.283253212063233],[-13.898298516545761,28.283182526657512],[-13.898350650571341,28.283175581955884],[-13.89848057489595,28.283246671587445],[-13.898561416025087,28.283349281216577],[-13.8985737905361,28.283654820791455],[-13.898694780657664,28.283771771485707],[-13.898856746571836,28.283790984966206],[-13.899057122906052,28.283676336405122],[-13.899132962004805,28.28345643351599],[-13.899112724417856,28.283139999374356],[-13.899011529152565,28.283033606563418],[-13.899016412737367,28.28293948670036],[-13.89889933090286,28.282648844377455],[-13.899107421929974,28.282465958127812],[-13.899589037017632,28.28241598101065],[-13.899838667469751,28.28222303031228],[-13.899880152933425,28.28212313973168],[-13.89983340639469,28.28184606207868],[-13.899869779650379,28.281608646240592],[-13.899974821941735,28.281451789924162],[-13.899981692224525,28.281291254601715],[-13.900077275114375,28.28122934777668],[-13.899977263911527,28.281134807321624],[-13.90008979957075,28.281105963874335],[-13.900082704941937,28.28089145791289],[-13.90004633588581,28.280858662397954],[-13.899936168598087,28.280895187967058],[-13.899923340738258,28.28076235726483],[-13.899881137436775,28.28075754948751],[-13.89983314384684,28.280871675842555],[-13.899786287225298,28.28084343515313],[-13.899688531009788,28.280720029445337],[-13.899738504067775,28.28065140111929],[-13.899712191383557,28.280576670475003],[-13.899832529753423,28.28055048956981],[-13.900024221483273,28.28029599273548],[-13.900043152081347,28.280184213695158],[-13.90026706212502,28.280017049804698],[-13.900344023194133,28.280001043508552],[-13.900411777871211,28.28007728104401],[-13.90054897652928,28.280061344344244],[-13.900744172910962,28.280148409698164],[-13.900780496054065,28.280106243677995],[-13.900866715330679,28.28011603571032],[-13.900871858103628,28.28006004364456],[-13.901040820409474,28.280142131745507],[-13.901104810365473,28.280124305718704],[-13.901250418633248,28.280002290124077],[-13.901182503541214,28.279866137066094],[-13.901218632526577,28.27982498027329],[-13.901347315945808,28.279843922965192],[-13.901459087534716,28.27979398744963],[-13.901312539109536,28.2794811587679],[-13.901450394453043,28.279337562562482],[-13.90139462400886,28.27927183793009],[-13.901470939092704,28.27919749971964],[-13.901494589044727,28.278973411647538],[-13.901682075996172,28.278730567161897],[-13.901613451588466,28.27864567633052],[-13.901815423015924,28.278598920835424],[-13.901860181752491,28.27854339161521],[-13.901652595160277,28.278360335921025],[-13.901877899700036,28.278279252469634],[-13.9021208522619,28.278322508392815],[-13.902209064606103,28.278424164260215],[-13.902376778602816,28.278359369409813],[-13.902447951367435,28.278100280995073],[-13.902399061606229,28.27791835701536],[-13.902254067273278,28.277758189658844],[-13.902278420811276,28.27764227474951],[-13.902583843209447,28.277638663308874],[-13.902778810387343,28.2775707652989],[-13.902958924023183,28.277650918750087],[-13.903133036141377,28.277566533708498],[-13.903230388534874,28.277426942822714],[-13.903227051372077,28.277354599605005],[-13.903140827707812,28.277267808139587],[-13.9029185757909,28.2774492785073],[-13.90286109662728,28.277438861170232],[-13.902772252874827,28.277289398875872],[-13.902371074584524,28.27719735089502],[-13.902352847329775,28.277145368041875],[-13.902443245391947,28.276904477051215],[-13.902342692338529,28.27676749364227],[-13.902148408462866,28.276798705810126],[-13.901932380786624,28.27672318181136],[-13.901694424825248,28.276829292135357],[-13.901420446729583,28.27683704472679],[-13.90097755004825,28.276725170033284],[-13.900797114375603,28.27663100305829],[-13.900680302320604,28.276457205927272],[-13.90080165061328,28.27583963888645],[-13.901545022789147,28.275109537979795],[-13.901624593239235,28.27490639745241],[-13.90155897520247,28.274640008591636],[-13.901760852523202,28.274647408334317],[-13.901860320937732,28.27482626414866],[-13.901882480478411,28.275274132604483],[-13.901953045623053,28.275360483064226],[-13.902118380831942,28.275399937811684],[-13.902552614955768,28.27527431884146],[-13.902850642127534,28.27530719359676],[-13.903237757182286,28.275911497986346],[-13.903390171588017,28.275938427681346],[-13.90388532757985,28.275853441259297],[-13.904101711674143,28.27591005552318],[-13.904245776743116,28.276083355391876],[-13.904269179463826,28.276251354823057],[-13.904458649956217,28.276594716820306],[-13.904555152760802,28.27656978462876],[-13.90469102563421,28.276682941178],[-13.90491417421296,28.276748273405055],[-13.904945985034175,28.27666852179403],[-13.904453800359109,28.276287495484226],[-13.904461821640652,28.276173182120065],[-13.904334414113256,28.275854597907554],[-13.90461868298081,28.275781492325077],[-13.90506894265988,28.27536485055037],[-13.905191101433934,28.2753513879874],[-13.905292875046557,28.275640458559057],[-13.9054029809909,28.275752830253158],[-13.90555270916688,28.275787245665477],[-13.90583025467168,28.27573343546198],[-13.905914877615118,28.275897150243974],[-13.90611544337233,28.2760651240534],[-13.906231301501307,28.276125551281762],[-13.906358583444304,28.27612166018808],[-13.90669897630271,28.275792227310536],[-13.90691790045456,28.275344555545715],[-13.907052737127536,28.27517580074273],[-13.90712468592087,28.27514099434673],[-13.907263348490572,28.27517271985927],[-13.907528324476589,28.27500760498954],[-13.907931804562264,28.27493963377876],[-13.908166040532851,28.2749513625103],[-13.908383733067497,28.27478770933054],[-13.908507142211812,28.274811513205545],[-13.908928456241522,28.274658186984457],[-13.909383292508974,28.274414731392795],[-13.90946416619328,28.27432237282188],[-13.909756757090866,28.27423228166741],[-13.910310625740001,28.27366654449875],[-13.910521004418532,28.273287251698076],[-13.910700645145516,28.272592009906514],[-13.910691358137464,28.272318320702702],[-13.910524917876728,28.272213248280092],[-13.910321510240857,28.271921782068148],[-13.910142240562648,28.271763082490438],[-13.909856447170247,28.27158475858039],[-13.909756352916503,28.271578472021755],[-13.909678512940136,28.27146924960552],[-13.909769549739698,28.271357764477454],[-13.909684045669326,28.271168185318395],[-13.909762468170687,28.271124042032554],[-13.909898743078644,28.271133505600606],[-13.90992242267746,28.271000686914242],[-13.910073962035694,28.271002906853134],[-13.910215859057923,28.270940784350064],[-13.9104347969556,28.270952206479357],[-13.910758268666704,28.270840119061177],[-13.910750094660898,28.2706674761043],[-13.910828992499722,28.270590553416664],[-13.910769499788975,28.270505739847515],[-13.911063883227236,28.27038461034385],[-13.911072951347563,28.270198674068713],[-13.91114387493903,28.270089771560965],[-13.911222481333148,28.27005949286031],[-13.911285831231938,28.269939409838578],[-13.911455322141052,28.269858442889102],[-13.911466106785591,28.269760325528175],[-13.91128440117364,28.269438272858945],[-13.911369469335117,28.26911126942662],[-13.91156284245421,28.268750766631623],[-13.911832254263079,28.268596364984205],[-13.91185904027482,28.268480602733597],[-13.911760532854355,28.26847895166618],[-13.911685350026538,28.268397190674122],[-13.911734952606066,28.26823526147448],[-13.911868243184703,28.268184910752467],[-13.911995104887056,28.268221447523672],[-13.912065441783755,28.268137957120633],[-13.912230586028114,28.268083102949955],[-13.912154742873465,28.267889693853842],[-13.912507696885008,28.267057775222835],[-13.912492981356118,28.26688451152235],[-13.912760391574528,28.266605315928206],[-13.912752783417698,28.266374612893554],[-13.91253513470695,28.26629735089947],[-13.912641437041398,28.266191761793145],[-13.912546877549222,28.266008322124133],[-13.91269843269557,28.265976167963355],[-13.91273147384404,28.26587071785553],[-13.913049095108613,28.265672361243578],[-13.913091488445176,28.265513262408753],[-13.913201842027629,28.26550460868166],[-13.913340137118233,28.265589614708126],[-13.91341394024964,28.265357113017313],[-13.914039661669198,28.265241210644948],[-13.914139329797896,28.26516026284738],[-13.914094113962948,28.264922193520622],[-13.914144837852527,28.264713481140028],[-13.914059860106335,28.264457621377744],[-13.914116975539404,28.264326367180377],[-13.914247905971145,28.264264875142043],[-13.914276990161126,28.264181488921086],[-13.914195941296022,28.26406704447949],[-13.914032818697041,28.264003648947693],[-13.914019615624774,28.263936390211562],[-13.914134019302717,28.26375331240216],[-13.914157538962812,28.263396212150493],[-13.914255834057373,28.263275538679448],[-13.914242334829567,28.263076569475952],[-13.914417414149963,28.262861335279297],[-13.915031016017798,28.262509210202264],[-13.915254321479281,28.262156150837942],[-13.915242453090405,28.261151637336884],[-13.9149431006146,28.261011487031567],[-13.914741519673106,28.260784018301184],[-13.914404025265517,28.26064154208863],[-13.91421159662393,28.260476822224597],[-13.913945034262827,28.259727057901923],[-13.914122065692185,28.259592288626465],[-13.91425740390259,28.259242142097353],[-13.914409002056093,28.25913834634631],[-13.914415746039872,28.259068366751706],[-13.914350397663116,28.258998374072625],[-13.914374297608324,28.258587418051636],[-13.914595752664676,28.258398257948837],[-13.91482020049916,28.258316125144056],[-13.914972993992649,28.2579330539191],[-13.91497814884674,28.257697830632743],[-13.915057845517044,28.257639405850085],[-13.915091081238355,28.257530337046045],[-13.915182920357337,28.25748080898568],[-13.915416329121546,28.2569643581122],[-13.915583832004822,28.256803498037424],[-13.915748205022828,28.25680682404236],[-13.915754387675198,28.25664714791551],[-13.915463525606798,28.256362225053454],[-13.915594142330967,28.25618765046147],[-13.915713424767066,28.256117679101298],[-13.91638506384517,28.25602191414246],[-13.916539836953675,28.25586154760479],[-13.916791353432803,28.255779337151058],[-13.91688055328015,28.255667976485704],[-13.917115471666056,28.25553350835216],[-13.917464215696548,28.255529916779253],[-13.918218289450762,28.255193546900305],[-13.918431126020888,28.254975211958396],[-13.91863872489871,28.25455558999661],[-13.918742326130292,28.253954190316072],[-13.918633459501846,28.25342880604678],[-13.91842053271748,28.253164579938954],[-13.91806051553078,28.252977012001246],[-13.917723809286231,28.252661538770198],[-13.917659033983556,28.252534958726518],[-13.917391059230303,28.252374401823833],[-13.917334459817626,28.25213277692673],[-13.917445668663031,28.25195733350638],[-13.918190134358381,28.251704856566416],[-13.918782222593519,28.251650772780316],[-13.919664683169984,28.251476940272997],[-13.920882857206376,28.251101835756895],[-13.921306659185497,28.250931302648358],[-13.92164239544732,28.250565687813328],[-13.92188827591025,28.250571959939972],[-13.921985769779525,28.250510629464824],[-13.92227595781005,28.249970775333367],[-13.922235934778083,28.24979889202407],[-13.922388714789285,28.249656545792387],[-13.922155676750124,28.249297844231627],[-13.922266245162096,28.248893056870994],[-13.922204035543123,28.248673187447864],[-13.922287095412116,28.248571170653367],[-13.92222582259974,28.24842034009734],[-13.922358448743745,28.24836824017079],[-13.922397321938758,28.248265143824653],[-13.92248921653853,28.248208967806182],[-13.922444868490418,28.248061754818558],[-13.922519094678428,28.248027237484884],[-13.922346167657972,28.24788448972095],[-13.922392097118369,28.24755196984523],[-13.922576427715452,28.2473349194057],[-13.922697520144377,28.24731262259663],[-13.922826644585424,28.24739581364199],[-13.923015206564164,28.24721605560655],[-13.923105761929333,28.247242330905884],[-13.923178972865253,28.247180952591922],[-13.923426329661604,28.247118635179937],[-13.923472490623174,28.24699003400004],[-13.923651089064087,28.247134413605718],[-13.923988643840698,28.246762307956345],[-13.923962987761207,28.24657450780098],[-13.924029814610174,28.246545861504426],[-13.924138723185926,28.24658166770607],[-13.924130131553403,28.246430250643936],[-13.924337860067066,28.246385825256535],[-13.924711644302356,28.24601283840011],[-13.924730924865036,28.245846621175392],[-13.924586058611059,28.245623656419944],[-13.924578236734925,28.24547673137696],[-13.924622703666923,28.24543346711994],[-13.924728921770484,28.245461010853305],[-13.924779486877224,28.245427614897114],[-13.924990309301307,28.245074448282324],[-13.925089277237145,28.244751577948087],[-13.925248691920219,28.24482475124092],[-13.925280458429304,28.244795693261334],[-13.925549659515433,28.244068501053192],[-13.925919320399755,28.243503556274167],[-13.925942577964678,28.243249410724285],[-13.926129398063033,28.243077441929277],[-13.926277424888829,28.243033681740197],[-13.926299773821214,28.24296786748002],[-13.926157511578458,28.242859438843663],[-13.92633346189619,28.24279366664407],[-13.926698890980063,28.242115029631478],[-13.926994776053473,28.241685543689513],[-13.927167131569306,28.24155504306488],[-13.928242258857047,28.24111982471479],[-13.9296523638126,28.240845502400816],[-13.930047391575844,28.240629801698727],[-13.930268253019012,28.240591670705445],[-13.93042926434146,28.240504546799205],[-13.930740487695626,28.24011921966671],[-13.931082117024044,28.239384782995025],[-13.931223045070407,28.239316275380027],[-13.931337563083982,28.23905057538224],[-13.931611476489024,28.238648779623865],[-13.931728979739672,28.23819579271451],[-13.9321887297517,28.237800357739506],[-13.932294375862162,28.237802915792564],[-13.932706531654738,28.237484659676426],[-13.933056241420367,28.237195809470276],[-13.933230589875663,28.23696595691023],[-13.933620580478982,28.236875416323468],[-13.933895098725348,28.236735305479968],[-13.934522804392486,28.23592683683055],[-13.934571130256625,28.235775430187395],[-13.934699609299523,28.235843152314064],[-13.934777089680011,28.23580606287889],[-13.935064276527584,28.235393531667672],[-13.935131858933305,28.235371962066445],[-13.935261219517542,28.234971054351266],[-13.935795940296183,28.23429558620884],[-13.935986740450703,28.233918551540476],[-13.936182414594956,28.233754859842794],[-13.936541186589524,28.233602401242266],[-13.937367652667932,28.23345213283398],[-13.937801706462942,28.233521071043167],[-13.938172460766074,28.233461273138797],[-13.938365568106718,28.233358791545133],[-13.938575289296141,28.233107832452504],[-13.938757936102652,28.23299328238235],[-13.938944186998246,28.23270805786102],[-13.938990815380581,28.23254407189306],[-13.939067420919056,28.232481699981115],[-13.939566636763063,28.23242491667392],[-13.939649538740271,28.23230497043201],[-13.93970777531255,28.23230065620534],[-13.939754262097356,28.2323343772318],[-13.939858625492207,28.232664170817536],[-13.940078288002647,28.23271237627579],[-13.940465249352757,28.232610672018257],[-13.941002804796545,28.232343438364797],[-13.94105934143587,28.232259427688327],[-13.941027285184227,28.2321390325752],[-13.941135601301847,28.232068817624448],[-13.941587488974147,28.231966159641214],[-13.941790320828364,28.232017851549205],[-13.942028652422916,28.231958751221104],[-13.942593782512125,28.23135207996832],[-13.942852263424506,28.2307374126866],[-13.943263925774385,28.23046331145305],[-13.943392658685013,28.230290002390632],[-13.943521543709297,28.230233655097226],[-13.943958998183982,28.2298569251334],[-13.944097980088538,28.229685851749693],[-13.94411477880625,28.229552981252933],[-13.944337830391206,28.229521487078387],[-13.944496526269118,28.22940168951533],[-13.944537833030724,28.229263790998264],[-13.944700932835547,28.229243251567393],[-13.94508017472742,28.22908125186641],[-13.945204798961086,28.228977076627913],[-13.94537972317139,28.228931345345252],[-13.945848229665954,28.2285959987001],[-13.946448211101472,28.228371574700507],[-13.947681251113899,28.22810725103608],[-13.947831524052317,28.22816401738287],[-13.948281230475981,28.22798217870358],[-13.95111818512391,28.227891175710877],[-13.95292796525737,28.227775356215123],[-13.953414943792957,28.227632932258196],[-13.953576788951056,28.227508670999867],[-13.953648021181442,28.227509071601187],[-13.953578809573735,28.227401816725752],[-13.953720409172387,28.22730946129444],[-13.953780459509671,28.227371731842705],[-13.953878888781519,28.227329592481286],[-13.9539094585679,28.227405212810364],[-13.954058287856103,28.22745978601455],[-13.954786713887376,28.22743849324799],[-13.955155328498314,28.22729400299027],[-13.956482980858965,28.227223554192438],[-13.956666249864991,28.22710494056607],[-13.95676386980199,28.22716056435093],[-13.956952892778578,28.22710626052495],[-13.957176670654013,28.227133384736767],[-13.957218263957845,28.227167640271833],[-13.95720161776274,28.227217337782935],[-13.957360220126185,28.227273137289448],[-13.957883846242158,28.22731872091621],[-13.958045317351598,28.22728066935611],[-13.958245478573488,28.227389064032796],[-13.959236766729063,28.227250893005568],[-13.959582770546035,28.22741960722589],[-13.960129118633782,28.22754363009169],[-13.96091298786453,28.227639858857795],[-13.961156824857506,28.22773427469112],[-13.961506030562264,28.22770746544505],[-13.961984273250366,28.22794434153465],[-13.96375392501652,28.22830205645287],[-13.964474591303853,28.228426362903914],[-13.964857492505015,28.22843952446899],[-13.965153672079445,28.228517576861282],[-13.966612308242148,28.228663493916823],[-13.968985454780228,28.22865036480496],[-13.969360231676367,28.228558875168986],[-13.97033602134578,28.22847019596222],[-13.970581913331005,28.22853847982931],[-13.971379142549832,28.22862073177803],[-13.97246848365113,28.22857664130128],[-13.973091519506498,28.22861265101985],[-13.973256822225812,28.2285317267779],[-13.973664882603055,28.22874462165831],[-13.973763522357338,28.228846021975638],[-13.975219021560093,28.229000055838757],[-13.975399150317436,28.229003571808896],[-13.975566528979824,28.22892712827618],[-13.97578522018814,28.22907809565594],[-13.975879302360074,28.229080677692227],[-13.976511714152549,28.229074436337182],[-13.976910639633742,28.22891032843139],[-13.977108262348528,28.22894531197218],[-13.977252460745625,28.229076656513293],[-13.977844494496232,28.229083249151955],[-13.97999505304756,28.22888160336468],[-13.980390208302039,28.229612134036692],[-13.980420861797091,28.229857911313594],[-13.98119215323734,28.230465833535078],[-13.98093929178247,28.230674016192935],[-13.980827745627728,28.230956138187157],[-13.980865236159815,28.231253695441684],[-13.980987333737215,28.231636386443924],[-13.980528626451994,28.232384199786722],[-13.980646134441956,28.233174732552175],[-13.98060202853703,28.233577504606114],[-13.980514661662228,28.233859806410944],[-13.980314237264475,28.23415916404104],[-13.980202447141671,28.234466358233423],[-13.98025319446583,28.235095338822358],[-13.98011562119889,28.2355511102856],[-13.980193335642582,28.235859708712074],[-13.980392555840014,28.236111905914914],[-13.980363980831084,28.236646449515305],[-13.980534004348888,28.236684029679417],[-13.980964387548745,28.236937949426018],[-13.98128840523005,28.23694108600375],[-13.981356585390861,28.236988818999475],[-13.98132691480797,28.23724754133272],[-13.981475914241965,28.237390182022892],[-13.981494594176308,28.23765547456783],[-13.981570038180891,28.237747598222427],[-13.981715594565962,28.237772078223117],[-13.982161959577926,28.237663765868714],[-13.982228046496715,28.23769588559775],[-13.982166125959338,28.23782829020811],[-13.981947095701592,28.2379657350764],[-13.981778717878754,28.238008962322933],[-13.981480502055918,28.23797164732201],[-13.981413297236672,28.23831688587337],[-13.981117479443212,28.23855701689553],[-13.981086700725532,28.238619032129108],[-13.98112030306499,28.238706078374754],[-13.981257809261827,28.238925753417032],[-13.981356443843977,28.2389950873537],[-13.981958023860965,28.23899826825214],[-13.98219335531757,28.239117288586176],[-13.982391900395545,28.239125987417264],[-13.98255446862585,28.239435243122017],[-13.982668210440538,28.239532417011098],[-13.982847514760628,28.239609715494332],[-13.983012348212077,28.23952775630786],[-13.983093777677635,28.2396424530402],[-13.983245574619762,28.239662645302772],[-13.98320617666107,28.239827567709806],[-13.982997695416094,28.240090448357236],[-13.983182953690486,28.240193497295234],[-13.983319744765677,28.240351642497263],[-13.983400062799658,28.240706210820793],[-13.983371895608007,28.24100884809978],[-13.98362449326877,28.24137148493337],[-13.98385414977294,28.241436158750595],[-13.984120082066578,28.241237248142095],[-13.984523982364527,28.24122522915867],[-13.984560023089953,28.241294104929118],[-13.98452457147514,28.241369652593086],[-13.984178357600177,28.241868214698233],[-13.98442508653669,28.24205894783288],[-13.984379804131168,28.242328675046387],[-13.984494793093765,28.242395826594368],[-13.984546097542653,28.2424889246948],[-13.98444456696278,28.24268818185609],[-13.984544620470999,28.242799838872674],[-13.984546914732189,28.242970848041477],[-13.98462694468306,28.243061559929544],[-13.984524199806051,28.2432856662313],[-13.984333075800974,28.243387939292944],[-13.984349200189978,28.243613930416178],[-13.984314416314495,28.243687749916663],[-13.984126532957013,28.243795372193755],[-13.983783011107363,28.243065840926004],[-13.983383670982727,28.242968133061225],[-13.983143991202859,28.24280791387944],[-13.982981775885671,28.24299156353867],[-13.982780062280483,28.242918575413523],[-13.982627446880635,28.242743559321926],[-13.982580096123478,28.242543331070696],[-13.982447899483653,28.242450785561058],[-13.982097572653332,28.24202632979959],[-13.981905598048192,28.24187470458471],[-13.981757698849682,28.24197397431128],[-13.98155465940643,28.24180479150657],[-13.981496589616034,28.241600150478245],[-13.981572570148229,28.24146438497863],[-13.981378649684423,28.24136112490691],[-13.981289904344406,28.24148654143671],[-13.98115537638786,28.241502291565183],[-13.981060269126477,28.24138546991555],[-13.981006039100894,28.241169448206744],[-13.980960579535383,28.24109877733509],[-13.980907853777683,28.24110199480115],[-13.980761428183204,28.241565210234896],[-13.980662472585152,28.241647368949838],[-13.980432746180476,28.24167381763454],[-13.980598541774286,28.242059352793262],[-13.980518050621479,28.24222339018571],[-13.980587732777236,28.242338578430605],[-13.980568441005973,28.242427252225767],[-13.98043537498212,28.242651409038764],[-13.980511068607171,28.24271753971525],[-13.98039225186358,28.24291378545662],[-13.980440830474905,28.24305307875544],[-13.98042491734458,28.243217308808045],[-13.980785765550532,28.243548985811408],[-13.980695627297868,28.24371771715969],[-13.980717717901673,28.24377637152588],[-13.980986113098938,28.243952252757563],[-13.980995697414333,28.244026988777517],[-13.980934026455524,28.244078953141603],[-13.980685586060927,28.244122015238382],[-13.980481696231099,28.2440913222338],[-13.980451773121292,28.244219631894634],[-13.980552189598797,28.244616521783946],[-13.980468828193818,28.244737031457195],[-13.980109104055094,28.244754025287918],[-13.979771724631997,28.244560874947418],[-13.979744254636808,28.244945401805296],[-13.979670747024558,28.244975045753094],[-13.979452543232505,28.24487174608886],[-13.979205404745796,28.244638677286847],[-13.979121231756883,28.244623760294314],[-13.97899620656997,28.24473720631857],[-13.978808813600644,28.244755158748006],[-13.97851937857546,28.244887730111518],[-13.978260291275474,28.244813449122386],[-13.978139862020118,28.244649933376753],[-13.977481492723173,28.244512569483653],[-13.977442132739107,28.244518494113695],[-13.977419339786996,28.24465118893071],[-13.977228892176567,28.244698713171854],[-13.977301911666016,28.24478866371951],[-13.977128640161443,28.244830693001415],[-13.976896931179155,28.244809895807013],[-13.976752833570421,28.24492217703074],[-13.976620426644843,28.244954402212723],[-13.976474132117534,28.24480137840582],[-13.976299731815432,28.244876190268165],[-13.976120344470855,28.244841341674498],[-13.976052564977596,28.244902934083733],[-13.976076773526449,28.24499785412345],[-13.976028752163714,28.24505684152214],[-13.975899392729055,28.245128524173765],[-13.97561761989895,28.245124391162268],[-13.975752279884064,28.245351406490357],[-13.97578154582658,28.24568509769091],[-13.97567705788378,28.245799272117896],[-13.975468687319106,28.24586183254005],[-13.975515893395038,28.245956482734567],[-13.97549433350587,28.24601106488434],[-13.975226082132119,28.2462300148746],[-13.975321862168563,28.24641270044782],[-13.97552760007102,28.246397489889624],[-13.975332465857267,28.24661712339678],[-13.975201506175296,28.247091568093676],[-13.97524943579531,28.247174534904623],[-13.977560272704643,28.249311851448983],[-13.97813219629428,28.249953357781724],[-13.978416633392358,28.25010495727586],[-13.979183797171588,28.2503091020423],[-13.979249814931695,28.250449798580192],[-13.9792665279233,28.250911530797875],[-13.979274651474167,28.251258367905578],[-13.978773966887479,28.25179992597887],[-13.978547921839844,28.25217574736313],[-13.978533498430277,28.25281844711945],[-13.978623155567833,28.253268259201285],[-13.978699028588789,28.254479921016525],[-13.977884139618318,28.25708318456028],[-13.977572797465557,28.25769391248486],[-13.97741320211955,28.258351555792004],[-13.977219885640332,28.258699168728036],[-13.976975231409146,28.258903567146724],[-13.976160841916883,28.259261691745778],[-13.976005648887778,28.259423433013524],[-13.975994360966846,28.259546392971917],[-13.976048889390757,28.259677644686146],[-13.976224913551027,28.25979392058549],[-13.97734104183136,28.260257484595556],[-13.977762384280927,28.260356684351265],[-13.97819415864305,28.260319900533286],[-13.979034415544895,28.25995184784822],[-13.980573784011458,28.259991356938702],[-13.980856649676525,28.260036936732167],[-13.981252592893119,28.260202359874615],[-13.981949808745656,28.26075735729437],[-13.982790575185525,28.261316019402898],[-13.982989714937393,28.261403863922936],[-13.983483343816177,28.261363633483295],[-13.983628570908092,28.26142623603198],[-13.98383531771272,28.261621438951934],[-13.984024608911394,28.261956742275114],[-13.984017418836,28.26218385930891],[-13.983912739040017,28.26228301866986],[-13.983469696460196,28.262473100148224],[-13.98327477691766,28.26275023347971],[-13.983250858699062,28.262879310151458],[-13.983264375502106,28.263070620928595],[-13.983520308120003,28.263759524153166],[-13.983534200022941,28.264063917420586],[-13.983359669720974,28.264736042756365],[-13.982985408695473,28.265411591550215],[-13.982974328126092,28.2664947923615],[-13.983393359357835,28.267356198875703],[-13.98377066733444,28.267784751390906],[-13.98425040573823,28.268214642093294],[-13.984527821880516,28.268564310489918],[-13.984778094532027,28.26866293074137],[-13.985847241490058,28.26881313203247],[-13.986116584311384,28.268999697877465],[-13.986261224432123,28.269228952407737],[-13.98634022166633,28.269740048981703],[-13.986173314784121,28.270069673387045],[-13.98608984128534,28.270374932346265],[-13.986109737852685,28.271857102517412],[-13.986024206664348,28.27245699582435],[-13.986028617535935,28.273207823979885],[-13.985766627867628,28.275040236840788],[-13.986674756283598,28.27503648761347],[-13.987512228831818,28.275179316933745],[-13.987890280189113,28.275136906337814],[-13.988550342438153,28.274960983042025],[-13.988630435747647,28.27496144062608],[-13.988704014249393,28.275030954174838],[-13.988887548023701,28.274989889778638],[-13.98936892437783,28.275031451903487],[-13.989690806559622,28.274825861107356],[-13.989884472638867,28.275345836873864],[-13.989836715188098,28.275593350999575],[-13.989681108193322,28.275753136613304],[-13.989356727770181,28.275921728671694],[-13.988784713421236,28.275860017096832],[-13.988358644462437,28.275973985901068],[-13.987923131694254,28.276229413452374],[-13.986909152897587,28.27701616251938],[-13.986711127989402,28.277029063406793],[-13.986366459308332,28.276938140337343],[-13.98622419867965,28.276972286640373],[-13.98603421253854,28.277120367635337],[-13.985891592624705,28.27712567237674],[-13.984722132372138,28.278892861528476],[-13.984414536430483,28.27923679071034],[-13.98411601194083,28.27948414371381],[-13.983752402020523,28.27969410393335],[-13.982568052374397,28.28020831610599],[-13.982212021206648,28.280424899579753],[-13.981779722610941,28.280788120844406],[-13.98166023821494,28.280747867123896],[-13.98158972989039,28.28079406975156],[-13.980813598674777,28.281878980849243],[-13.97942211146659,28.28296957124445],[-13.979085557501326,28.283047496939798],[-13.978619549102094,28.283327297982083],[-13.977622484624982,28.2832717019529],[-13.977078225282765,28.28343501642629],[-13.976402301381544,28.28353918670673],[-13.975165238540004,28.283861881960522],[-13.974927762201611,28.283940522619368],[-13.974833228221756,28.28402585911082],[-13.974775717047448,28.283983546225166],[-13.97436537998181,28.284213041556796],[-13.974198108630215,28.284247772502226],[-13.974088817024864,28.284226976815503],[-13.973538617241568,28.28380514124199],[-13.972906287678427,28.283246373473656],[-13.972212393605247,28.283113921579133],[-13.971883280412342,28.282982461415095],[-13.971586459106376,28.28274711831782],[-13.970855743763227,28.28246481057724],[-13.970402329271854,28.282112949268292],[-13.969876396107058,28.281387643630612],[-13.969565152409674,28.28110182174896],[-13.969280409649574,28.280701720914752],[-13.969005694277788,28.28049297665891],[-13.968501035804753,28.280342374879158],[-13.96840729558547,28.280267932617196],[-13.968371753432846,28.280077312424723],[-13.968607585719678,28.279605899159662],[-13.96863422307815,28.2793863143271],[-13.968379126919341,28.27882129365443],[-13.968347463541662,28.278225059933714],[-13.968279831340174,28.27809409464283],[-13.967847688516539,28.277674906532038],[-13.967572097830233,28.277160483380072],[-13.967026509213891,28.276813456591242],[-13.966821860646817,28.27679520158722],[-13.966137441065648,28.27688514064322],[-13.966019078555648,28.276853330339712],[-13.965717829506309,28.276631904726347],[-13.965576874584912,28.276595752924],[-13.965468409124822,28.276677213617088],[-13.965364300638901,28.276968257520952],[-13.9651334079071,28.277205258319306],[-13.964806991304272,28.277411396645892],[-13.964289117555682,28.277646690226106],[-13.964135767415836,28.277808241177386],[-13.964023523375165,28.27812714902075],[-13.963070901933538,28.27878086695902],[-13.962500638259499,28.27965602277603],[-13.962352311629456,28.279783662540346],[-13.961822980731244,28.280049466861616],[-13.961627150972516,28.280436498011667],[-13.960944917384907,28.2807753219066],[-13.960728069613728,28.281071930726785],[-13.960320732148933,28.281376034222784],[-13.959894992604188,28.281394257038666],[-13.959652147908336,28.281486540815997],[-13.959393210503407,28.28166823143816],[-13.959136121035334,28.28204565756747],[-13.959271238390485,28.282673224793026],[-13.959184030080417,28.283046340027504],[-13.958902781534238,28.28337863150125],[-13.95857870496648,28.283572695098563],[-13.958001785697096,28.284311214802987],[-13.957502981198644,28.28478737997177],[-13.956797521534318,28.28529024363926],[-13.956210012370965,28.28564029970993],[-13.955889755073985,28.285949630935452],[-13.955532876062549,28.286114083366016],[-13.95531068551738,28.28614893962498],[-13.954709772604426,28.286121695350058],[-13.953851335184778,28.286271400165766],[-13.953254304103021,28.28624862907284],[-13.952862525471973,28.28617250550671],[-13.954191303108002,28.287202282582587],[-13.954317932940517,28.287502241258483],[-13.954273438931589,28.287819970757106],[-13.953768114151433,28.28873643600015],[-13.95267136824407,28.289848012520636],[-13.95260963865542,28.29035183512288],[-13.9524942138937,28.290559461223257],[-13.952381501247482,28.290684799218234],[-13.952150833472265,28.290780366681677],[-13.952079881972194,28.29086465833661],[-13.951990441409452,28.291253086116587],[-13.951960751073193,28.291872083146828],[-13.951908428587386,28.29201055676565],[-13.951819508782512,28.292084402563404],[-13.951505845104565,28.292126547282628],[-13.951299809759659,28.29221694988184],[-13.951196913956633,28.292441107441256],[-13.950695830124443,28.293134332495548],[-13.950593322121676,28.29337902682179],[-13.949894900015533,28.294318298989474],[-13.949559700164926,28.29465247436177],[-13.949219475011224,28.294886556232445],[-13.948679752690815,28.295442351854277],[-13.947948374064964,28.29677123121194],[-13.947811543744265,28.297133791776552],[-13.947748308174653,28.297515197125854],[-13.947845264642213,28.298141811363713],[-13.947840768412597,28.298813487085866],[-13.947556942483041,28.3025367865155],[-13.947655888128429,28.304068322814107],[-13.947744121449558,28.304585843718545],[-13.947914537597486,28.304901002020465],[-13.948713167296559,28.305345531808836],[-13.9489201607668,28.30541467666952],[-13.949513206831911,28.30542404333983],[-13.949702742749123,28.305467057651146],[-13.950138357006974,28.305667239606255],[-13.950577513647895,28.30599193477816],[-13.95082147313079,28.306268581134237],[-13.951113723153629,28.306890537829716],[-13.95157993397096,28.307351568702142],[-13.951965555939633,28.308217538013476],[-13.95212069693833,28.30873716753436],[-13.952385064592328,28.310874751803993],[-13.952282189707303,28.31128547792726],[-13.952210153947462,28.312208398222097],[-13.952233941957795,28.312938526449816],[-13.9521165978343,28.31299172774864],[-13.952064353520372,28.31402621716688],[-13.951964237287925,28.314483827199613],[-13.951977823592541,28.31533051143434],[-13.951939474704504,28.315729808991932],[-13.95184639227109,28.316235419146135],[-13.951633482842016,28.316778523622663],[-13.951478963268203,28.317025444444482],[-13.951262770419431,28.31722092110878],[-13.950547719503815,28.317446491195373],[-13.950437036797032,28.317583124686482],[-13.950210852461934,28.318081066575207],[-13.949594568986562,28.31873413321075],[-13.949084794280818,28.319375904148416],[-13.948797978863714,28.319649088528507],[-13.947047861939435,28.320888707465134],[-13.945724690856501,28.32166020883512],[-13.944707553357294,28.322410397671828],[-13.944479644614184,28.322482278331936],[-13.943992939722193,28.3228035940707],[-13.943863323869884,28.32277591004349],[-13.942268292422684,28.323093754823223],[-13.94174982487318,28.323271907192062],[-13.940223551983554,28.323469285303375],[-13.93963136335979,28.323502368500424],[-13.939188098827897,28.3236494501544],[-13.938786828805101,28.324055226559235],[-13.938253893064005,28.324292301064624],[-13.937550065357913,28.324309126100808],[-13.93688920189669,28.323901482116263],[-13.935642203127076,28.32351049363015],[-13.9335933041706,28.32382761977444]]]}},{"id":"31","type":"Feature","properties":{"categoria":"Monumento Natural","nombre":"Barranco de Guayadeque","codigo":"C-19"},"geometry":{"type":"Polygon","coordinates":[[[-15.518724516355833,27.944849664315605],[-15.518593918777913,27.945131623191823],[-15.518565286694285,27.945351542402385],[-15.518792256717694,27.94553881331673],[-15.518856325455198,27.945884907882533],[-15.51903578874852,27.94623043198401],[-15.519054414845051,27.94647349022712],[-15.518856213773866,27.946244405896003],[-15.518518601230538,27.94598443189387],[-15.51840501839764,27.9459768254694],[-15.51792969951643,27.946106980698023],[-15.517610959630892,27.94607369570798],[-15.51740754866343,27.94594510112776],[-15.517121510187906,27.945542390929596],[-15.516712554470871,27.94526327196959],[-15.51641091304594,27.94512692007127],[-15.515814290629127,27.945100269775946],[-15.51527490878187,27.944690199567805],[-15.515083158748805,27.944597215130894],[-15.514244179435476,27.944844897332068],[-15.513195921235583,27.945012290776823],[-15.512318865105861,27.944796738807113],[-15.511884505741689,27.944753579725546],[-15.510640728910776,27.944437282739294],[-15.510343461110876,27.94432103179834],[-15.509097274197499,27.943618818171785],[-15.50820681750426,27.943272575885132],[-15.50786514567515,27.94302838784567],[-15.507207385059726,27.942706105166533],[-15.506707673949327,27.94235778109024],[-15.506320610075235,27.942209173405107],[-15.505459807339813,27.942158353751427],[-15.504968941372365,27.942293901561587],[-15.504555866164848,27.942475246308184],[-15.504036296789488,27.942506794606246],[-15.503673683757325,27.94236936488279],[-15.503015431158616,27.94224457842157],[-15.502478309390003,27.942023929514654],[-15.501205469446413,27.942049331381558],[-15.501075080223142,27.942077248594142],[-15.500795315912688,27.942270274552474],[-15.500435359132508,27.942355265301845],[-15.50005538533669,27.94261870486942],[-15.498532566004494,27.942747357999483],[-15.498361282202724,27.942684661456667],[-15.498225093290161,27.942507869556493],[-15.498090855556205,27.942211207549544],[-15.497862145904085,27.942012172964336],[-15.497313800468616,27.94195737370511],[-15.496804385152442,27.94183545009904],[-15.496224795502277,27.941571870210254],[-15.49585215965104,27.94148501712223],[-15.494929335982947,27.9415179465899],[-15.494761051085,27.94148343566308],[-15.494226884386576,27.94125994530183],[-15.493808578533251,27.940964812865335],[-15.493583089545064,27.940890605470415],[-15.493236694099494,27.940873250790585],[-15.492449544205598,27.941033773288137],[-15.49201629399738,27.941051029466657],[-15.491090122927911,27.94074786293893],[-15.490703711856899,27.940670342976723],[-15.489966319641425,27.940775247023307],[-15.489311380118625,27.940771166779346],[-15.488759090143647,27.940876579975377],[-15.48843519491332,27.940754056843886],[-15.487686680838587,27.940669146340053],[-15.487109129430287,27.94078574584621],[-15.486508295544262,27.94076539244236],[-15.486175688566231,27.9406035361921],[-15.485759089633529,27.940321011089594],[-15.485078076420377,27.939986156028034],[-15.484896950692695,27.93982917920279],[-15.484799073471189,27.939671909046286],[-15.484420024904246,27.939534043777357],[-15.48359877599656,27.93950226616514],[-15.482651895750978,27.93921987775441],[-15.482411109538964,27.938994590286836],[-15.482063435903301,27.93880208427047],[-15.481582592409193,27.938125011814826],[-15.481192057327823,27.93768666225104],[-15.480740427031625,27.937567636360516],[-15.480145044878732,27.937051823195073],[-15.479696095765854,27.936963657514447],[-15.479012389320658,27.93637791535058],[-15.478503059243527,27.936172602122035],[-15.478356724636038,27.93593548745717],[-15.478249941420813,27.936042586991462],[-15.477872534512922,27.936143738099837],[-15.477278369557583,27.936408941755897],[-15.476998269321538,27.936587495462188],[-15.476736285436578,27.936660475921677],[-15.476340193312524,27.937042216936543],[-15.476061338871487,27.937137001013767],[-15.475567190994708,27.93757113866968],[-15.475394832709329,27.937652906449618],[-15.474495283051676,27.93764228779773],[-15.47428924692468,27.93751884647701],[-15.474053375493519,27.93745297474582],[-15.473796489531084,27.937225253931548],[-15.47348538282427,27.93709446363751],[-15.472822246429033,27.937149740979237],[-15.472081271440986,27.937364512911266],[-15.47150829905584,27.93731836105367],[-15.470994236999601,27.937111952928223],[-15.470963025704743,27.937148024076564],[-15.47101102944222,27.93741679845237],[-15.471091797962792,27.93755763545674],[-15.47148963187361,27.937865076506288],[-15.471825482793772,27.937980340962614],[-15.472155822765746,27.938207271966828],[-15.471873795303944,27.938319598346595],[-15.471581706859688,27.938727473206242],[-15.47160273917843,27.93885190438584],[-15.47182230436285,27.939195341461676],[-15.471755910056888,27.939219111902645],[-15.471165547123656,27.939070053996723],[-15.470542129757087,27.93906165106747],[-15.47035381654741,27.939178555843764],[-15.470044544034343,27.939610462418862],[-15.4698826938795,27.939749817145206],[-15.469949247182882,27.939912946312756],[-15.4703232453617,27.940306122045158],[-15.470409580870538,27.94056321074864],[-15.470210660509752,27.941090356717623],[-15.470159491970877,27.941475740256045],[-15.469742591143635,27.942176807530856],[-15.46971186799967,27.942594041289667],[-15.469775938250791,27.942901839831524],[-15.469293446652907,27.943104873106073],[-15.469167538066808,27.9432074901336],[-15.46898168571728,27.943411325627135],[-15.468789720382688,27.9438475418319],[-15.468596603455678,27.944014922620873],[-15.468026496731303,27.943478813561708],[-15.466989801256096,27.941924608597322],[-15.465488976877003,27.940144605833787],[-15.465299359971748,27.93980713265707],[-15.464830840385691,27.938599637760028],[-15.464607262593146,27.938386772417985],[-15.46395068700157,27.93792029341341],[-15.463681039717137,27.93785346148415],[-15.463779081330065,27.937437861484916],[-15.46373742918906,27.936943220224205],[-15.463983695158774,27.936771956864845],[-15.464140494348323,27.936524985517423],[-15.464633222582206,27.93635994933513],[-15.46458197450438,27.936058414712356],[-15.464797998277193,27.935680564838535],[-15.464885483071088,27.935407430997984],[-15.464898084026567,27.93531177220158],[-15.464808324209228,27.93501049401047],[-15.46449219230999,27.93452063363676],[-15.4645182531122,27.933874043582936],[-15.46477451377165,27.93353203139289],[-15.464674644022423,27.933414066734585],[-15.464193477925093,27.93329658435591],[-15.464039366783446,27.93302962726965],[-15.46395742496044,27.93233507833641],[-15.464035259278713,27.931782530810985],[-15.464155280289384,27.931350553019342],[-15.46401106428575,27.93111515772423],[-15.463756233569987,27.93092711244866],[-15.46376102329472,27.930684841810525],[-15.463628104878572,27.930524153429136],[-15.463553152179147,27.93020877794175],[-15.463216507365683,27.92997592501539],[-15.462966998307959,27.92970246278313],[-15.46306709387802,27.929302346653447],[-15.463018823775416,27.929151573758293],[-15.462897980162216,27.929109515905136],[-15.462436128633962,27.92926012494125],[-15.462209334178244,27.929236332202386],[-15.462015623457505,27.929157687020293],[-15.461859111959855,27.929184129126504],[-15.461772681853303,27.929136944764164],[-15.461617755583534,27.928818848206397],[-15.46122111044823,27.9287099997731],[-15.46093104900606,27.92854986191872],[-15.460933463566155,27.928323622518125],[-15.460524335448126,27.927911589264856],[-15.46029361175281,27.927592914028473],[-15.460291306925958,27.92729836327782],[-15.460130869875192,27.9271221101101],[-15.460134283108351,27.926977699156367],[-15.460226374493834,27.92683113230793],[-15.460127950552046,27.926658336948137],[-15.460097295885095,27.9263747767212],[-15.459804303276941,27.926279055449296],[-15.459517950005297,27.92625351616791],[-15.459465960527305,27.926072513093484],[-15.459245902129153,27.92582761604713],[-15.459211831358678,27.925581647321277],[-15.459237360069391,27.925181998884238],[-15.458655099595557,27.925153463038328],[-15.458141130318163,27.92497376226657],[-15.457763716876277,27.92468284164385],[-15.457469928064517,27.924352969576272],[-15.457277455132681,27.923947292858156],[-15.457098062933156,27.92331670398854],[-15.457094514581767,27.923101325914605],[-15.457184303833923,27.922653728371927],[-15.456905603089371,27.922115636771235],[-15.456911604394284,27.921454480016042],[-15.456046253197874,27.92110896839613],[-15.455945173845446,27.921022280405793],[-15.455463766653567,27.920346920211873],[-15.455194331579772,27.919561989418693],[-15.454229745919173,27.918952765168846],[-15.45399084481097,27.918764612470614],[-15.453758139495527,27.918478041974556],[-15.453667431508483,27.918269856504505],[-15.45365921485842,27.918015387473297],[-15.453592448771921,27.917835929031515],[-15.453648464559626,27.917718760511516],[-15.453835739833593,27.917649807447688],[-15.453872896217629,27.91755767935203],[-15.453817252049525,27.91739378344651],[-15.453598593136553,27.917087288327533],[-15.453487425073636,27.916753862835787],[-15.453251800548204,27.9164555655408],[-15.453060037855048,27.916381324310244],[-15.452849972049243,27.916155701861598],[-15.452787747358064,27.916002172344662],[-15.452622111260741,27.91585900282302],[-15.452201995661989,27.91564011753511],[-15.45175992227671,27.91553168815756],[-15.451459435238695,27.915374660165412],[-15.450982966819128,27.914850554832196],[-15.450673919128986,27.91440505116982],[-15.450609735901294,27.914121263752477],[-15.450119879544049,27.913633100430527],[-15.450004926964768,27.913359047426937],[-15.449888467924838,27.913231610864432],[-15.449747684957234,27.912842363922902],[-15.449807452744539,27.91278916980055],[-15.449880169609724,27.91244430790401],[-15.449385537516747,27.912337170738745],[-15.44915962233402,27.912167716543916],[-15.448979820011523,27.912110528132846],[-15.44867829517905,27.911713525701412],[-15.448479157928311,27.911555971350616],[-15.448107245331887,27.911038583503878],[-15.447549422999142,27.910647458015156],[-15.44700279843196,27.909894264645725],[-15.446790709567326,27.90975875824209],[-15.44615531872036,27.909609484064738],[-15.445872695137677,27.909361923515537],[-15.445377308133112,27.90924970991038],[-15.444942105441685,27.909461415020736],[-15.44462538639012,27.909493382837624],[-15.444404672429753,27.90943960630892],[-15.444201653163873,27.90949341346507],[-15.444293285935235,27.910312224725605],[-15.444153530948482,27.910370296303505],[-15.44393784393229,27.910348459349525],[-15.44366153399525,27.910217948488036],[-15.443160393192604,27.9098064375358],[-15.442973507975875,27.909590384151144],[-15.442596492712537,27.909518953289073],[-15.442571778180312,27.909558743606325],[-15.442245096620534,27.909470106627364],[-15.441193789728274,27.909512321159546],[-15.44096608800525,27.909474088378865],[-15.440747392755412,27.90925102926196],[-15.440393647508637,27.909191307521176],[-15.440123953388447,27.909234877219774],[-15.439738676325604,27.908815888053617],[-15.439344028134116,27.908717630340547],[-15.438470863569751,27.908386465880916],[-15.438251871907779,27.90826959141114],[-15.438091727634568,27.908104721090588],[-15.437475438296614,27.907681747452575],[-15.436925801809881,27.907498323973744],[-15.436646933954146,27.907329215390124],[-15.436179588851159,27.907307540551617],[-15.435593009449738,27.907164995804713],[-15.435174959203813,27.907232035208896],[-15.434742007396911,27.907196426113785],[-15.433661336329207,27.907372441797975],[-15.433230724825066,27.90731213099821],[-15.432721360100661,27.9073488475761],[-15.431907797526469,27.90749435589199],[-15.431765489084665,27.90749875581305],[-15.431400252363273,27.907380432795208],[-15.430961025559563,27.907366460810046],[-15.430702832298863,27.907452936904292],[-15.429644601262087,27.90804870053795],[-15.429270086372515,27.908164423881413],[-15.428908832378442,27.908143720866338],[-15.428764480615216,27.90819198758484],[-15.427970682480423,27.908182900382336],[-15.426490484847305,27.908270396220544],[-15.426121487686945,27.908387150148272],[-15.42594297074476,27.90850043471707],[-15.425846874190524,27.908623502693576],[-15.425775125651896,27.908814127723737],[-15.425728606077122,27.909608780048014],[-15.425372976982336,27.91009186264404],[-15.425001012522568,27.910171511632576],[-15.424879581052144,27.910276783062965],[-15.424590831778929,27.91026512522823],[-15.42455820716141,27.91025878028202],[-15.424562137927987,27.910135961118808],[-15.42484772008772,27.909950924455746],[-15.424493502148273,27.91001065734953],[-15.42445031780386,27.909944060762328],[-15.42456973209717,27.90976720059692],[-15.424908869560829,27.909658252173834],[-15.425134299548233,27.909392227134628],[-15.425360494212118,27.90902581605426],[-15.425367267313021,27.908928444998782],[-15.425262836385478,27.90874995504662],[-15.425277366619667,27.90851057904085],[-15.425339424668538,27.908377939287636],[-15.425575455090643,27.90806912760059],[-15.425922009888595,27.907881156095822],[-15.426223545251274,27.907822449156583],[-15.426797660166182,27.907830927123243],[-15.427096517605237,27.907789125634267],[-15.427813632805476,27.907504004295394],[-15.42824721507182,27.907421231452535],[-15.42927324879517,27.90753941966492],[-15.429660194624962,27.90753561382855],[-15.429967637922168,27.907409284058666],[-15.430430247866786,27.906969042011195],[-15.430820745908234,27.90679536462357],[-15.431942301863696,27.906761386531777],[-15.432199375417051,27.906685320087167],[-15.432903541150054,27.906690475973633],[-15.434012032534314,27.90643884744202],[-15.434363066815662,27.906273228352607],[-15.434566418815471,27.906348705185973],[-15.435314752449546,27.906457270347747],[-15.43638435349778,27.906518739220793],[-15.437175262879025,27.906621093089257],[-15.43765212272364,27.906947305447368],[-15.43853322450071,27.90771811414482],[-15.439794757849373,27.908041521603085],[-15.44006579938605,27.90804283183597],[-15.44026629327832,27.90798285515868],[-15.44054469643878,27.907578952024767],[-15.440829043499198,27.907533845152514],[-15.440961256821645,27.907380590479708],[-15.44105418279816,27.90744240068012],[-15.441197444116165,27.907367430994643],[-15.44177838635505,27.907351017761606],[-15.442043101806874,27.90726641384433],[-15.442371448673564,27.907281482842443],[-15.44259553843019,27.90737204698603],[-15.443197683499886,27.90728720520603],[-15.4436858119891,27.90727687792681],[-15.444191849167403,27.90739684490728],[-15.444669897944648,27.907580452285103],[-15.445191591275416,27.907602238678834],[-15.445654126953446,27.90754566820628],[-15.446050201297071,27.907607315732903],[-15.447066874915809,27.90793053709119],[-15.447551391319857,27.908177755612193],[-15.447880759445045,27.908205572681553],[-15.44908170195541,27.909073318182276],[-15.449428543152289,27.909194967101165],[-15.450308232698362,27.91002730601736],[-15.450783365815495,27.910409320571922],[-15.451311642034518,27.91063764186091],[-15.45193624724394,27.91111788474571],[-15.45226620287307,27.911311429708654],[-15.452478755268784,27.911541315020255],[-15.45288997281293,27.912169840600466],[-15.453393415057727,27.91222019988868],[-15.454008306782566,27.912530969397086],[-15.454721948383058,27.913150232495184],[-15.454926158629458,27.913574994621467],[-15.455505042068145,27.913729361730237],[-15.455789152519843,27.913746747450126],[-15.456299808773498,27.913693078260785],[-15.456789724581354,27.913867098017253],[-15.457064279948593,27.914219757685274],[-15.457155457139663,27.914214977662233],[-15.457260099130258,27.914096554007628],[-15.45736764188832,27.914488936465865],[-15.457249239241262,27.914554090946876],[-15.456963058728945,27.91462985826313],[-15.456446063007508,27.914530033569186],[-15.455619585918091,27.914831201012653],[-15.455372074058358,27.9147813854866],[-15.45532889539162,27.914808447449428],[-15.45594276733414,27.915336479189996],[-15.456064203789584,27.915528989515575],[-15.456257830011978,27.91563549280309],[-15.456523110707447,27.915903671076396],[-15.456592142350953,27.91628776826184],[-15.456545523688956,27.91675892829369],[-15.456476206133113,27.916979567192666],[-15.456509043652863,27.9170986180098],[-15.456750148013583,27.917264371510488],[-15.457146593495942,27.91728842310607],[-15.457930484021723,27.917660540529962],[-15.458369657542399,27.91808038138517],[-15.458449892608035,27.918217761778394],[-15.45861487121296,27.91878051249233],[-15.458664641234224,27.918822097782016],[-15.45922323976446,27.91894938954501],[-15.459730418884249,27.919130318974997],[-15.460005431481843,27.919309422125366],[-15.46020162696549,27.919602585406324],[-15.460471111622972,27.91971181718807],[-15.460981438052574,27.92015425048718],[-15.461181855990711,27.92058648080304],[-15.461355283825146,27.9208394480617],[-15.46147605898762,27.92149719216955],[-15.461684336690904,27.921759367340737],[-15.462099990674606,27.921956274856523],[-15.461930727112888,27.92211240889401],[-15.461921915752724,27.92218176759788],[-15.462188704385403,27.92223585757972],[-15.462863493464758,27.922583667892443],[-15.463066539805302,27.922818957312323],[-15.463141378653757,27.923300001593965],[-15.463205945885521,27.923383503027708],[-15.463349519954605,27.92347121619298],[-15.464032156786459,27.923678711062614],[-15.464298778676236,27.923830643612405],[-15.464407250874702,27.923937539481287],[-15.464551619234165,27.92421065895801],[-15.46474989243563,27.924392944965877],[-15.464754443705717,27.924544587053],[-15.464633693071415,27.924865506176765],[-15.464703748043682,27.92539044688589],[-15.464761838506302,27.925513147562246],[-15.465783444869718,27.92560271316439],[-15.466271980515467,27.92610461694488],[-15.466397302129248,27.926319058658876],[-15.46625392690268,27.926492307114728],[-15.466431409207003,27.92671169966273],[-15.466808542867417,27.92667972943365],[-15.468177477007886,27.927011347103004],[-15.469598825871222,27.927639948503547],[-15.47048489124936,27.927912146473474],[-15.470697582784332,27.928021633084363],[-15.470735379271881,27.928075080457283],[-15.470555176010132,27.928182731987594],[-15.470305672319807,27.92843503740302],[-15.470137493169599,27.9286534203408],[-15.469910763575513,27.929095877888006],[-15.469604864887879,27.929406347236423],[-15.468557692976495,27.929758536005686],[-15.468460510215639,27.929848994357375],[-15.468500906337482,27.930057566247502],[-15.468840433172215,27.93030556206765],[-15.468992123407975,27.930363090605653],[-15.469060043401916,27.930519589854274],[-15.469487396960783,27.93084932423287],[-15.469601185753802,27.931327460008234],[-15.469562841479444,27.93141078557655],[-15.469460309021507,27.931472366738895],[-15.469506445440542,27.931536338803173],[-15.470662369789695,27.9313517405641],[-15.470825156869662,27.93124872523802],[-15.471069377144572,27.930986281391853],[-15.471423152712006,27.930899402578664],[-15.471747494031527,27.930990658427927],[-15.472012276625456,27.931147763554375],[-15.472344874547524,27.931459271767007],[-15.472846848590356,27.931406725975666],[-15.473137934222693,27.93156758418582],[-15.473421421275747,27.931500621030626],[-15.474141692728583,27.931638037853183],[-15.47512557510353,27.931514070512613],[-15.475431662644775,27.93120028447076],[-15.475522003820315,27.930941099199845],[-15.475865916632083,27.93059899862566],[-15.476131828816674,27.930511797469862],[-15.476674835018855,27.93051409871417],[-15.476789245327854,27.93042270837692],[-15.476976132741648,27.930124975695094],[-15.477166332212606,27.92999378335342],[-15.477351145758613,27.929932299498812],[-15.477599589556506,27.929941277826686],[-15.47819024640101,27.929718512937722],[-15.47844018472447,27.92957305604835],[-15.479884096098214,27.92954086961021],[-15.48003298837522,27.929336751014638],[-15.480827234134244,27.9291867466236],[-15.480992171832607,27.929067372601807],[-15.481135681073,27.928883077324993],[-15.481369947442051,27.928812478398065],[-15.48238217719017,27.92878570079297],[-15.48292660318044,27.92870695328218],[-15.483189455610805,27.928743115143774],[-15.483357007611021,27.92886943172786],[-15.483653576036799,27.92897232987625],[-15.483946222307774,27.929394786284824],[-15.48394339445173,27.929453590428327],[-15.483803788833459,27.92968050134296],[-15.483611384114788,27.92977784946755],[-15.483579618623912,27.929893509268336],[-15.484411380621959,27.930484937541365],[-15.48465602230207,27.930807756339835],[-15.485449018396269,27.93071382473715],[-15.485706489032218,27.930808966406055],[-15.485831661873739,27.93093490576322],[-15.486079849308974,27.931004081122158],[-15.485984574727071,27.931122709847067],[-15.48588349617376,27.93143446893559],[-15.48566536415709,27.931777116624254],[-15.485750964397814,27.932049652925905],[-15.485990321490918,27.932407296746597],[-15.485846494069834,27.9325377959512],[-15.48586034562287,27.932648682376175],[-15.486022691856526,27.932740755696404],[-15.486580495704569,27.932853792509036],[-15.487355462895914,27.933142567558054],[-15.488384927726429,27.933237650997132],[-15.488585577820889,27.93339803866776],[-15.488983150137274,27.93324252423628],[-15.489648575688017,27.933158969239475],[-15.489764982713007,27.933189906757722],[-15.489928282478587,27.93333924961243],[-15.490062218885669,27.933328734807155],[-15.490430973246669,27.93303584355816],[-15.490483756659666,27.932817738997432],[-15.491256778755275,27.93262478055198],[-15.491495196239386,27.932662656540423],[-15.491633019239751,27.932819418378173],[-15.491806204225245,27.93281692234858],[-15.491934329130023,27.932748760743962],[-15.49207657764175,27.9325270681375],[-15.492182479515765,27.932076683863585],[-15.49225099303521,27.932071708734924],[-15.492528196100404,27.932228513048415],[-15.492835230525197,27.932228281235755],[-15.49294799794248,27.932178417619202],[-15.49327482031841,27.931810806347293],[-15.493444907237132,27.931797920036225],[-15.4938920536433,27.93202401919718],[-15.494438245359586,27.932054701651438],[-15.494695666587495,27.931873233266156],[-15.494773646627484,27.931478618083574],[-15.49488494851535,27.931375154658543],[-15.495012067136798,27.931390314856245],[-15.495156536075532,27.93155050669239],[-15.495471623018846,27.931691687209188],[-15.495598805952218,27.93162950161041],[-15.495767506137689,27.931335149438898],[-15.495885777922425,27.93130484360565],[-15.496012138744675,27.931314300420205],[-15.49629873941056,27.931451672863897],[-15.496638897729476,27.931418490333055],[-15.496846582972804,27.931621800980142],[-15.496716935799087,27.931876221710965],[-15.496729571087439,27.93193655001893],[-15.497259421371004,27.931876647185675],[-15.49785714487819,27.932073708815146],[-15.498373814865747,27.932107389123438],[-15.498834008449888,27.932312554032986],[-15.499090288002835,27.932269017145973],[-15.499762657009537,27.931972364534186],[-15.49982474140292,27.931752020149997],[-15.499884398580823,27.93171107292521],[-15.500072464400326,27.931726855757965],[-15.50029819145007,27.931599962149672],[-15.500941950191988,27.931549868162996],[-15.501219815004454,27.931303588347077],[-15.501360543355768,27.931272383647478],[-15.502167620711141,27.931395282196615],[-15.502608535337284,27.93152754701257],[-15.502934602792115,27.931682797842655],[-15.502987412876497,27.93178334842033],[-15.50292857971516,27.931918610054762],[-15.50329054982565,27.931968923224193],[-15.504055571226338,27.931985714297507],[-15.50465191501497,27.931771481657933],[-15.504765318352584,27.931787585810905],[-15.504850922540742,27.931858225730203],[-15.505085258271686,27.9318920308928],[-15.50583685701987,27.931885751699006],[-15.50619497231901,27.931283044586305],[-15.506529148758116,27.93095304568257],[-15.506896280215038,27.930824682350654],[-15.507079222186897,27.930539832987293],[-15.507219418288283,27.930438753839823],[-15.507395838327286,27.92993294247975],[-15.507649042846872,27.92985103550888],[-15.508304589633045,27.929846992704046],[-15.508617770677484,27.92991940805608],[-15.50896000916257,27.929924282215644],[-15.509432982349816,27.930021832580724],[-15.509892312667269,27.93020085705113],[-15.510050183952732,27.93018492625152],[-15.510338889661648,27.930066322762276],[-15.510582229266058,27.930091689951517],[-15.511258187495322,27.930407571143213],[-15.51211188895288,27.930243354348313],[-15.513661745365754,27.930430944846414],[-15.514564923155842,27.93109982757855],[-15.515206241561037,27.931287452076596],[-15.515385730232959,27.93139321095778],[-15.515555614647512,27.931595415846054],[-15.515704647765697,27.932115455338767],[-15.515916208722963,27.932596353242324],[-15.516216561142894,27.93289673548097],[-15.516362841372844,27.93296488390118],[-15.516795217176277,27.933027986870815],[-15.517603151134868,27.933772420858674],[-15.519051063855038,27.934565117743485],[-15.519072291161207,27.93468939608075],[-15.518901895819159,27.934901779653003],[-15.518786845852416,27.935223002776485],[-15.519124657483715,27.93564217931048],[-15.519453007309588,27.935880413914337],[-15.519721773664738,27.935999425072524],[-15.520630324322731,27.936563043755307],[-15.520855539023415,27.93662906533972],[-15.521327788108803,27.936626826885057],[-15.521683386180891,27.936805752722268],[-15.52201232452864,27.936826171339405],[-15.521937953781187,27.93698533142324],[-15.521584329577951,27.937175303066166],[-15.521130156401682,27.937153335365657],[-15.520556002956154,27.937381836271953],[-15.520062306106949,27.93728274189283],[-15.518330177964245,27.937134366652007],[-15.518241643538605,27.93726180245855],[-15.518178622214213,27.9376236681034],[-15.51797201538686,27.937930015173997],[-15.51747142443301,27.938103503847124],[-15.517247825003926,27.938364055669993],[-15.51704521345815,27.93914747228673],[-15.5168205153007,27.93942343691142],[-15.517037960834218,27.939362012152678],[-15.51737121034233,27.939061193771572],[-15.517538465112526,27.93903673349621],[-15.51771279803469,27.938936273747192],[-15.517990457190365,27.938940862453244],[-15.518135855143314,27.938877531441207],[-15.518147987843676,27.93896193495354],[-15.518000271146969,27.939314857255276],[-15.518002850244768,27.939919487291466],[-15.517877019390147,27.94030496932877],[-15.517836897096984,27.940673338388844],[-15.51770575306437,27.94079750374208],[-15.517557670708035,27.94135602963549],[-15.517236648635876,27.94160891337995],[-15.51702724000301,27.942076133580937],[-15.516885894204288,27.942240092101333],[-15.516987968496851,27.942474469328374],[-15.517135287574545,27.942608511109995],[-15.51702762656617,27.942797763739893],[-15.51740939441722,27.943269298828078],[-15.517851220554883,27.943484975697395],[-15.518217751950678,27.943459223235273],[-15.518311351774432,27.943518811260713],[-15.518431456050557,27.944296681006286],[-15.518698968551607,27.944629949196898],[-15.518724516355833,27.944849664315605]]]}},{"id":"32","type":"Feature","properties":{"categoria":"Monumento Natural","nombre":"Arinaga","codigo":"C-18"},"geometry":{"type":"MultiPolygon","coordinates":[[[[-15.394174413828411,27.87281342235036],[-15.393988315961215,27.872719925318748],[-15.39379815461725,27.8732612424195],[-15.393482419897385,27.873597238605242],[-15.393347768034035,27.873667819348846],[-15.392975055719717,27.873709613286938],[-15.392748355428466,27.87367588297345],[-15.39226088144823,27.873495134712098],[-15.391852714117164,27.873209008888207],[-15.391506342520982,27.872761514143278],[-15.391293774078664,27.87262851271856],[-15.391088047081814,27.872239259377167],[-15.39116376708641,27.872052142460102],[-15.39083370428691,27.871839021786194],[-15.390735717480137,27.871709305643304],[-15.39073006033332,27.87153123017036],[-15.390790627857026,27.871430096711528],[-15.390595936139997,27.871204892340845],[-15.390534407749684,27.871043738852894],[-15.390566590473567,27.870908011816024],[-15.390682845441662,27.870784043986273],[-15.390498808099645,27.870543796785523],[-15.39046115137655,27.870150013092243],[-15.39057343452853,27.869779799529663],[-15.390399946526554,27.86953474680517],[-15.39045237389562,27.869424383479167],[-15.390643033146906,27.86929096100456],[-15.39054069364703,27.869125147583926],[-15.390544408399148,27.869027939583717],[-15.390758276443853,27.86887982692015],[-15.39051671319932,27.86886251958522],[-15.390292482786522,27.8689083813172],[-15.390122346237163,27.869025586306968],[-15.390035326973708,27.869177672456296],[-15.389675434351624,27.869238270254375],[-15.389310108296339,27.869199852413306],[-15.388789631801844,27.869350994051253],[-15.388322233693698,27.86940322507588],[-15.387779191556447,27.86983635062522],[-15.387548715014237,27.869926278947897],[-15.387014222258944,27.869908190460112],[-15.38670407804348,27.870013768650892],[-15.386405509066188,27.869751521351844],[-15.386244631336913,27.869668198153768],[-15.386178012854607,27.869542001768917],[-15.386205722033012,27.86928915830898],[-15.386034934122614,27.869252660401944],[-15.385833056496478,27.869065456351482],[-15.385868203728338,27.868933486446995],[-15.386065872715392,27.868758741475066],[-15.386127508243987,27.868499592214672],[-15.386066536082422,27.86839562334147],[-15.385913013511702,27.868369187576278],[-15.385906072918326,27.868153417119924],[-15.385961365431585,27.86803063482181],[-15.386060765377193,27.867959726611563],[-15.38608692754257,27.867820704337927],[-15.386223739748905,27.8677183483045],[-15.38630220589216,27.867570802130665],[-15.386537468319467,27.86745661500187],[-15.386666733849125,27.867294626917115],[-15.386769842465668,27.86707840349079],[-15.38674312233904,27.86696841689811],[-15.386777347260162,27.866903323970785],[-15.386718840842532,27.86677277191054],[-15.386863558951234,27.866608862617646],[-15.386705156583417,27.866391792664086],[-15.386287251103791,27.86619521942641],[-15.386027878396387,27.865880069320283],[-15.385489247132552,27.865507770880452],[-15.385260753834268,27.865191359412773],[-15.384677142494905,27.86505866113196],[-15.384050151890433,27.864699313875178],[-15.384022358819207,27.8642839882439],[-15.383911051268145,27.864059552906912],[-15.38389281873911,27.863912719459066],[-15.384201947957097,27.863362128596997],[-15.384361524641516,27.863171892790888],[-15.384317679516208,27.86304388960626],[-15.38414951471584,27.86291869714157],[-15.384132826717803,27.86279510485924],[-15.383831660691577,27.862653238642768],[-15.383804665662863,27.862510184915497],[-15.383875508739465,27.862367129768945],[-15.384328197864303,27.86197126517517],[-15.384868422048891,27.862024212064224],[-15.38539918082354,27.861778774773676],[-15.385973407313399,27.861704228196825],[-15.386085866040384,27.861559331250596],[-15.386190916901096,27.861170066175266],[-15.386465697110685,27.86096953915172],[-15.386693136090614,27.860944636239665],[-15.386883309508946,27.860725848459676],[-15.387161817729945,27.86096058197443],[-15.387361379217372,27.861637073933387],[-15.38773956663008,27.862471132635164],[-15.388012310077363,27.863415620582575],[-15.388033986800199,27.863683762445753],[-15.387834281626809,27.864595635919297],[-15.387950130971895,27.86489501841265],[-15.388128787186337,27.865060438646],[-15.3960260428515,27.867132444727062],[-15.396639430937942,27.867401647090816],[-15.397664338614064,27.868202924306473],[-15.397916687278574,27.86831976867418],[-15.398033131269445,27.86829505884534],[-15.399300191598556,27.86891417497995],[-15.399589862704449,27.868875348982968],[-15.4002079787411,27.86840250993625],[-15.400673678810094,27.868195244113362],[-15.40084729854598,27.868597413385142],[-15.400914512628967,27.869145936117675],[-15.400798666769374,27.869465768561373],[-15.400504405349766,27.86984779392091],[-15.400381144379278,27.870223544835742],[-15.400233768818392,27.870328978643204],[-15.39952311904088,27.870618903003475],[-15.398501275880815,27.871464796492585],[-15.39816471938873,27.872018530772046],[-15.39751028521095,27.87275228327115],[-15.39722105474712,27.873176760734637],[-15.39667953686898,27.87363878601805],[-15.396585749493644,27.873816560355756],[-15.3965799279968,27.87393356240124],[-15.396046385933477,27.873934012401186],[-15.396251565960073,27.873592063140126],[-15.396143646411184,27.8734596261324],[-15.395759228081557,27.873460874281623],[-15.394918724624615,27.873001805999174],[-15.39458303673903,27.872904404939383],[-15.39435688505126,27.872752525820477],[-15.394174413828411,27.87281342235036]]],[[[-15.381638611720744,27.86117536904124],[-15.38217560002635,27.86136714024536],[-15.38223673649283,27.861427490314874],[-15.38221745617177,27.861490807513174],[-15.381996196907007,27.86179560648702],[-15.381417505577845,27.86185498290083],[-15.381276194988617,27.861826341540898],[-15.381194578577954,27.861724593979012],[-15.381256079683393,27.86155832048842],[-15.381245943208706,27.861314681841847],[-15.381384935035737,27.861226623862176],[-15.381638611720744,27.86117536904124]]]]}},{"id":"33","type":"Feature","properties":{"categoria":"Monumento Natural","nombre":"Tauro","codigo":"C-17"},"geometry":{"type":"Polygon","coordinates":[[[-15.694237785926548,27.905717313602313],[-15.692912395450133,27.905002208944527],[-15.692263404879107,27.904809204666297],[-15.691979729931026,27.904605968174703],[-15.691622274665258,27.904180530430544],[-15.690292482811977,27.90361163321776],[-15.690026456832577,27.903421591997],[-15.689455405378581,27.903181947406814],[-15.689247404171645,27.903014723586654],[-15.688904453576608,27.902566674411137],[-15.688626473746105,27.90198354377198],[-15.688626369551196,27.90166535857745],[-15.688797020470377,27.901185150939448],[-15.688640718992305,27.90067384508174],[-15.688381496488391,27.900542532634645],[-15.687814294112881,27.90047477300697],[-15.687712191637779,27.90028417968189],[-15.687162243819108,27.89973062118531],[-15.686593905025905,27.899733164888445],[-15.686398739422494,27.89980129838611],[-15.686398432914624,27.8997237393931],[-15.686459557245053,27.899671727938923],[-15.686807882619561,27.899612652626516],[-15.686916593168233,27.899498442067888],[-15.686904409937549,27.899348725774455],[-15.686765723709195,27.899166564749557],[-15.686651705135063,27.898845480553913],[-15.686690288131901,27.8985191585733],[-15.686516215379077,27.89837429285059],[-15.686572804795167,27.898067524076488],[-15.686461516182183,27.898075733370163],[-15.686259190969842,27.8983710954665],[-15.686290641818253,27.898489229508776],[-15.686400041178551,27.89858733246177],[-15.686101939948367,27.89846706876973],[-15.686103007342906,27.89814655752997],[-15.686015829440791,27.89808864053837],[-15.685941418723162,27.898121806224218],[-15.685843454182358,27.898441626173486],[-15.685890103253552,27.898594935366305],[-15.686011601152087,27.898707123828203],[-15.685982111146163,27.898748443052046],[-15.68572476799489,27.898414350189732],[-15.685650873296522,27.8979877737539],[-15.685548220862772,27.897976576290514],[-15.685414797874857,27.898293701718323],[-15.685455164128077,27.898791641487946],[-15.685379524387825,27.898784660604374],[-15.685066061437233,27.898161112860087],[-15.684964093077745,27.897638907395105],[-15.68479008893876,27.897371993138314],[-15.684735176526138,27.897096832080877],[-15.684635211593704,27.897044321737436],[-15.68406014056786,27.89716330132492],[-15.683847635873764,27.89695536117233],[-15.683844925929924,27.89628823810229],[-15.683749387054952,27.896063549886428],[-15.683867740442725,27.89575387582968],[-15.683749327239024,27.895484951084583],[-15.683628617930509,27.895393825772423],[-15.68360906435304,27.89517958397804],[-15.683517156889465,27.895118664721643],[-15.683434064879172,27.89493420232454],[-15.68329020793995,27.894781085214706],[-15.682901604032564,27.89469188280685],[-15.68257938140795,27.894740852960506],[-15.682286516209311,27.894649576870094],[-15.682143168238676,27.894681041611683],[-15.68171723940786,27.894627975397245],[-15.681346739196211,27.894444066271365],[-15.681405849632494,27.894070558685787],[-15.681290353708707,27.893954716438206],[-15.680790578439279,27.893920364339976],[-15.680391698408965,27.893746838475902],[-15.680196738917783,27.893583589138444],[-15.680022019229177,27.893745485251053],[-15.679545816085449,27.893737010308403],[-15.679345443876544,27.893643962937375],[-15.679133327519992,27.89336220790132],[-15.679204795311543,27.893040058468003],[-15.679862759820582,27.892742604257048],[-15.680085418762364,27.892496980377448],[-15.680365097069107,27.892485634320025],[-15.680439604227184,27.892442225436305],[-15.680604232256155,27.892275458869587],[-15.680586817082133,27.89206741653892],[-15.680820012157247,27.891843404454566],[-15.680805286490237,27.891753495265554],[-15.680414001351602,27.891467427310364],[-15.680303147210902,27.891232114911926],[-15.68015523527334,27.891108198892027],[-15.679952819516947,27.89034918950229],[-15.679621485511033,27.890313704081084],[-15.679353501192315,27.889964485375792],[-15.679339567579635,27.889838463753346],[-15.679500950294925,27.889441921043172],[-15.679567849644581,27.889013490871893],[-15.679928994884056,27.888773539515284],[-15.680133032256176,27.88869685896414],[-15.680240549619304,27.888525608263407],[-15.680392869284097,27.888396310895715],[-15.680691091709422,27.888385441484548],[-15.681087786968883,27.888264911410147],[-15.681049016350928,27.888017968501988],[-15.681125651283635,27.887639752281704],[-15.681537523129727,27.88737340369428],[-15.681614265331897,27.887272209810494],[-15.68159954025544,27.887101273541404],[-15.681461720149185,27.886975584728454],[-15.681408969827814,27.886806569586845],[-15.68104841981901,27.886467912766978],[-15.680963723429409,27.88607720558654],[-15.681746157608348,27.885880529075344],[-15.681994051449955,27.885491643849278],[-15.682406469114655,27.88521026894469],[-15.682408383892737,27.88507491637451],[-15.682125117082052,27.884568923735888],[-15.682113675887548,27.884455166834993],[-15.682505291749182,27.88401963970595],[-15.682745865309416,27.883864193710135],[-15.682738486641952,27.88374709477097],[-15.682577435623905,27.88351939857483],[-15.68247730511893,27.883104503798176],[-15.682489859489957,27.882906423447213],[-15.68263821862403,27.882688316685048],[-15.68292455458576,27.882550409112945],[-15.682942554004939,27.882154861263174],[-15.683173148702547,27.88203860542567],[-15.68319385052448,27.881555806346437],[-15.68336593814229,27.881188814788437],[-15.68302315315926,27.880596602977377],[-15.68306338998031,27.880503821806965],[-15.683406569452721,27.880255862234883],[-15.683514175725836,27.87986463635344],[-15.683197823163985,27.87910980612809],[-15.683314209315466,27.87892623218893],[-15.683251344272746,27.87862482216193],[-15.683367927158976,27.878294647204196],[-15.683269608566917,27.877960915318397],[-15.683221683236749,27.877921045411835],[-15.683279949007966,27.877827985256772],[-15.683833228720715,27.877364228822824],[-15.684364680519334,27.877097278908586],[-15.685194986745747,27.876835034859486],[-15.68586697385439,27.87671427869798],[-15.686291179025448,27.876839982689024],[-15.686574501779978,27.876662363470082],[-15.686753706700788,27.87623814560595],[-15.68702935810269,27.87597852545705],[-15.68730135053206,27.875535339020622],[-15.687551526790042,27.87540207967405],[-15.687597129127933,27.875107785723365],[-15.687914342821067,27.874716088806785],[-15.688326409864466,27.87446199615929],[-15.688708216008838,27.8739529838882],[-15.68907723993523,27.87370733669633],[-15.689276891454078,27.87351135371857],[-15.689468420922582,27.87347024376358],[-15.689470551296253,27.873264415389343],[-15.689248849331987,27.87290386215533],[-15.689273506288758,27.872434041151116],[-15.689173613407679,27.87213600533622],[-15.689169566598403,27.87198450576768],[-15.68928911318127,27.87163857677502],[-15.689263289827444,27.871413669371623],[-15.689525714860814,27.870762117767317],[-15.68972924016941,27.870511518885067],[-15.691217859281302,27.86984472695831],[-15.69131873209971,27.86963407056716],[-15.691231559883704,27.86942016812729],[-15.691319299115847,27.869011225158122],[-15.691632653378864,27.868798835291827],[-15.691902294320343,27.868697959100697],[-15.692249204751342,27.868659243326046],[-15.692406527215901,27.868454224574933],[-15.692619089454563,27.868338964508716],[-15.692954356211942,27.868344745841824],[-15.693104297194106,27.86823949475043],[-15.693406647468704,27.86864822939055],[-15.693418825725264,27.86877411418999],[-15.692815484387399,27.869460461287947],[-15.69270423890939,27.8696752149764],[-15.692716502844018,27.86981467614784],[-15.692797630680063,27.86994656972877],[-15.69295400595887,27.870052376033254],[-15.693661379425757,27.870111215281817],[-15.69403186447281,27.87046849423847],[-15.694560649289839,27.870264067660163],[-15.694828506269296,27.87024646965881],[-15.695041436411843,27.870137793798936],[-15.695685385208707,27.870063142729233],[-15.695985373441799,27.869828098336516],[-15.696550254201123,27.869668355703404],[-15.698188927878965,27.868999223684703],[-15.698269449935772,27.868904185053864],[-15.698380485411459,27.868557127044067],[-15.698673040434977,27.86837784777475],[-15.698919126999545,27.868055236547622],[-15.698965807529154,27.867832861358245],[-15.699090941744101,27.867701514879613],[-15.699312554322958,27.867234737993332],[-15.699888039192485,27.867005058425992],[-15.700305338312548,27.866995429703636],[-15.700367251473788,27.866946730128785],[-15.700424602795005,27.86666566029457],[-15.700365979497095,27.866344449143853],[-15.700396668317374,27.86613472037594],[-15.700341269621141,27.865961103802924],[-15.700375119653966,27.865816498467126],[-15.700277492964524,27.865675593805374],[-15.700249843156016,27.865520612643383],[-15.70035694981915,27.865265432635148],[-15.700392075711772,27.86496541038933],[-15.7005879464266,27.86466732502322],[-15.70049154059256,27.863929470675195],[-15.700594923354156,27.863730493993756],[-15.700640982050675,27.863412217483283],[-15.701194002297342,27.862877314330373],[-15.70136111288541,27.862606220628713],[-15.701470151098995,27.862301642667543],[-15.701502950828782,27.861716655534583],[-15.701634004335219,27.86146503575588],[-15.702323531822307,27.861221550523613],[-15.702984120157907,27.861313656178453],[-15.703476930407872,27.86112222483077],[-15.704127963399172,27.861150245264742],[-15.704329111163343,27.861092889308566],[-15.704670389066624,27.860863085884848],[-15.705449716671374,27.861018313416963],[-15.705556199092396,27.861255903493074],[-15.705756622109522,27.861533652837895],[-15.706156275757316,27.861743283740992],[-15.70629852635769,27.861907570652736],[-15.706372690364658,27.86231738182689],[-15.70644735494134,27.862444010598296],[-15.706747435885209,27.862637187721788],[-15.706620361573808,27.862792833849458],[-15.706502568600781,27.863158041304416],[-15.706537281903383,27.863357813491316],[-15.706691799098047,27.863643270869513],[-15.706777138342854,27.864005993313764],[-15.707050459121545,27.86417097076486],[-15.70726199106029,27.864090041714142],[-15.707366969180917,27.86393842608863],[-15.707965189661476,27.86371148523345],[-15.708801804038535,27.863656637023205],[-15.708934948745224,27.863762986914036],[-15.70910343132677,27.864254773970682],[-15.709396408001739,27.864405265517057],[-15.709335819101803,27.86455197834647],[-15.709552574834815,27.865022149393162],[-15.709608478634223,27.865492569941853],[-15.70960814358845,27.865968190509562],[-15.709414240174818,27.866490014404306],[-15.709475412304899,27.866899023667195],[-15.709558663180797,27.86697672477853],[-15.709610419358924,27.86691631107667],[-15.7099615727294,27.86691648993435],[-15.710218572825022,27.866824534926245],[-15.710754529702092,27.866923509249247],[-15.711194269277732,27.86689425151653],[-15.711713182837965,27.86699636112941],[-15.711730753470835,27.866772155216108],[-15.712111529096108,27.866471348399525],[-15.712381160901755,27.86598619495723],[-15.712429723303144,27.86574682586811],[-15.712890584314001,27.865697224012255],[-15.71289459673923,27.86564913408645],[-15.713112137719298,27.865574014586862],[-15.71331246071359,27.86541193568669],[-15.713890102322887,27.86526327722532],[-15.713889397307707,27.865202194644947],[-15.714062039815168,27.865165734303837],[-15.714196649584679,27.864905743612546],[-15.714368374419598,27.864774349878058],[-15.714585904769047,27.864504468951615],[-15.714731811022896,27.864429239594244],[-15.71502510649571,27.86397708781956],[-15.715350801889718,27.86385291971105],[-15.716011197632621,27.86324720665589],[-15.716068113468356,27.862931026687892],[-15.716198883200121,27.86272770793423],[-15.716231526250528,27.862402852510694],[-15.71643216492004,27.86212045461182],[-15.7167732398498,27.861841659754432],[-15.716966265087441,27.861510915510134],[-15.717187693065728,27.861412308107237],[-15.717338512427059,27.86117862527288],[-15.71724801187927,27.860870008697624],[-15.71727555314651,27.860779775246385],[-15.717549192983478,27.860456897845744],[-15.717947702409912,27.860124794353382],[-15.718455806712925,27.859549732884233],[-15.718525840102808,27.859625321965353],[-15.718579682025103,27.85987937945358],[-15.718647447711207,27.859952976266626],[-15.719304104389423,27.859501097593572],[-15.71984676406683,27.858893949206802],[-15.719966606798023,27.858950952665605],[-15.720100281943415,27.858943177718473],[-15.720231765933487,27.858794447231798],[-15.720529053170628,27.858805749356613],[-15.720742949046535,27.85871219472143],[-15.721272572906285,27.85834401053439],[-15.721641426193152,27.85826047674687],[-15.721882059003399,27.858256762403617],[-15.722047857812576,27.858017291012025],[-15.722001856397311,27.857843923026333],[-15.72218367009253,27.857667051678362],[-15.722173086728104,27.857492342861196],[-15.722281743462602,27.857213306727054],[-15.722474124922755,27.857110907226396],[-15.72258675698637,27.85696285098821],[-15.722736145759026,27.856895918018342],[-15.722900702884067,27.8567423898943],[-15.723237598677674,27.85662247775395],[-15.723536253886445,27.856296081394877],[-15.723631646304874,27.856124860978316],[-15.724244875025578,27.85572417184496],[-15.724220543191208,27.855545879385847],[-15.724322979841704,27.854744630750837],[-15.724436108879113,27.854812651592052],[-15.724614186645908,27.855178143559613],[-15.724847237169186,27.85525101357686],[-15.724987220370467,27.85552961191668],[-15.725349311311996,27.855777866997176],[-15.725563488242186,27.85585314593479],[-15.725685524565694,27.855800363676607],[-15.725748282057971,27.85551203372238],[-15.726028197680359,27.85520999541865],[-15.726091076857257,27.855059020655148],[-15.726261412201293,27.8549171572643],[-15.726322043105618,27.854675788060256],[-15.726225498200677,27.854478133903864],[-15.726441062678134,27.854319991093305],[-15.7264105382876,27.854104522023494],[-15.726834523615434,27.853545932221053],[-15.726795357178892,27.853399240916715],[-15.726998116903658,27.85322211757047],[-15.727121997461445,27.85296219805589],[-15.727037570980485,27.852559249927104],[-15.727069630192291,27.852298234525346],[-15.727471270010554,27.852118311062693],[-15.727523335253736,27.851860232196586],[-15.728063936553378,27.851294957489806],[-15.728298414832816,27.850831533562005],[-15.728474779978125,27.850623765057236],[-15.729026739765308,27.850397844838344],[-15.729384240351777,27.85051684610885],[-15.729617461520236,27.85067087879151],[-15.730077986316044,27.850865449726825],[-15.730285426016383,27.850706197553432],[-15.730643867600925,27.85058340931784],[-15.730796426018456,27.85043080205558],[-15.73091559666345,27.850394206947236],[-15.731151784693784,27.850139330833567],[-15.731341193802553,27.850081420332753],[-15.731470164059688,27.84992821519494],[-15.731462789571596,27.849749445949545],[-15.731813832453845,27.84934216047463],[-15.732022700910047,27.84901535559822],[-15.732609621720748,27.848985809352733],[-15.73289014628941,27.84884913014659],[-15.733340480233672,27.848785208939503],[-15.73395669399142,27.848620609708185],[-15.734663496804925,27.84832336005108],[-15.735375334873757,27.84998355573332],[-15.735522913060999,27.849957944674028],[-15.735791773333094,27.849778569567107],[-15.736285834350383,27.850008326982454],[-15.736784771890537,27.849922470167407],[-15.736866724806598,27.8499995931208],[-15.736947655321488,27.85024094194503],[-15.737064085099304,27.85022891885215],[-15.737187343280839,27.8502895000098],[-15.737372176617324,27.850252250625733],[-15.737673896908502,27.850270569640227],[-15.737866989167538,27.85042119193511],[-15.738096354077044,27.850408988251704],[-15.73846689700654,27.85051186400473],[-15.738631789394036,27.85072127595916],[-15.738769749696278,27.850697139189514],[-15.739038266173917,27.85075520763925],[-15.739413936219266,27.85063144689906],[-15.739403161856151,27.850815801230798],[-15.739185056090907,27.8513142438752],[-15.739242626283833,27.851416771773913],[-15.73923762084253,27.85154129988458],[-15.739110643997849,27.85198712280284],[-15.738793106211878,27.85213374397531],[-15.73824468762216,27.85207845489343],[-15.738318528136592,27.85230998315828],[-15.738300602158372,27.85252138463814],[-15.738484010035345,27.85277691616432],[-15.738123978388606,27.85300054748268],[-15.738050738876604,27.853154760478198],[-15.738051919355728,27.85344607560174],[-15.738198799755388,27.853682737698016],[-15.738209357954927,27.85378104009674],[-15.737815052475478,27.85386634273825],[-15.737722177993332,27.85411786398503],[-15.737511515215107,27.854178352241277],[-15.737291410234807,27.854386501196423],[-15.737184909126606,27.854518648792595],[-15.737164045180213,27.855064861536842],[-15.736918992104878,27.855182728136437],[-15.736690837099967,27.855402473787656],[-15.736628807081184,27.855815161266264],[-15.736877132788837,27.856202071042997],[-15.737143422745799,27.856505690939326],[-15.737155012004285,27.85661236499264],[-15.736880224112126,27.856830482487],[-15.736410851347154,27.856940302497566],[-15.736246575564362,27.85711161023486],[-15.736183513600569,27.857254646567206],[-15.736177745569915,27.857483323796195],[-15.73601863979848,27.85767438196792],[-15.736041169166405,27.857834004646598],[-15.735926825995815,27.857891521262975],[-15.735841177711562,27.858010990913353],[-15.735937048294943,27.858201997636765],[-15.735897907926343,27.85873502869271],[-15.73583370725123,27.858829965721487],[-15.735598726299756,27.85892770014144],[-15.735359494142294,27.858762787412243],[-15.735125115934856,27.858678911399487],[-15.73475152235297,27.858276435188177],[-15.734601793032336,27.858432118919364],[-15.734292600552262,27.85911996619763],[-15.734014733380766,27.859365247864528],[-15.733844906197483,27.85960316593015],[-15.733517012648953,27.85992829530222],[-15.733479515404957,27.86007653849311],[-15.73351188970193,27.860374331586996],[-15.733261419741275,27.860534837378164],[-15.733133229542537,27.86073294958017],[-15.73291226164319,27.860909618876097],[-15.732858875691281,27.86104249198328],[-15.732724862646391,27.86112408636226],[-15.732711695344761,27.861365205908008],[-15.732489732955374,27.86153928002714],[-15.732381411010621,27.86174392994915],[-15.732420432892695,27.86198839220499],[-15.73208579972917,27.862155688777396],[-15.732055514775313,27.8622439536136],[-15.731920874422546,27.862353435144442],[-15.731908764695241,27.86246195952799],[-15.731979157185005,27.8626105054131],[-15.731837290955257,27.86285404093836],[-15.731828583711854,27.863130396400905],[-15.731891301011395,27.863249211792194],[-15.73204885708387,27.86338154288068],[-15.732054418102624,27.863459371748984],[-15.731539210792603,27.86377017155066],[-15.73143691994901,27.863876709740605],[-15.730680224244708,27.863208899369603],[-15.730562402365692,27.863444172860692],[-15.730519005582986,27.863661629880294],[-15.730244250811381,27.86376807847879],[-15.730124209663877,27.863874014600405],[-15.730051992584956,27.86401074156614],[-15.730037210463614,27.864230069040513],[-15.72989491893947,27.86443533914426],[-15.729870372280146,27.864749755146697],[-15.729655655417433,27.865133773893334],[-15.729284482672083,27.865428646938476],[-15.729199795607938,27.86574222531532],[-15.729088379646562,27.86573198183419],[-15.728923870271599,27.86560185064622],[-15.728321440896503,27.86531862247202],[-15.727900038134674,27.86517164773146],[-15.727813846968921,27.865190734416785],[-15.72752016517114,27.865700687864205],[-15.727266155020164,27.865893978866346],[-15.72721271359448,27.8661933813315],[-15.727002856911051,27.866427746882387],[-15.726910569166602,27.866723743150537],[-15.72625102962166,27.8667478714816],[-15.725436732093641,27.867346209673467],[-15.725243463309729,27.867589151320303],[-15.724095720202525,27.867882892308156],[-15.72402747242768,27.868444083888935],[-15.724077267717453,27.868551280609875],[-15.723938861368136,27.868952375389306],[-15.723591733155724,27.868809764068473],[-15.723337536016952,27.868808786558272],[-15.723237946596798,27.868814661884844],[-15.722887770036294,27.868996172396113],[-15.72270599198015,27.86896057448105],[-15.722314597039887,27.869004799319363],[-15.720235427078375,27.869672843156206],[-15.719975387963867,27.86984565194328],[-15.719799667424212,27.87001353374819],[-15.71933864549541,27.87078692262679],[-15.719123477791914,27.870962366386927],[-15.719107624036424,27.871022822055313],[-15.719450239283967,27.871318567134296],[-15.71949905443482,27.8714254817551],[-15.719360264504342,27.871820796733967],[-15.719493211300431,27.872238534589922],[-15.719520759986182,27.872644382941736],[-15.719998475462122,27.873042943876847],[-15.719874167684285,27.873320940220964],[-15.719845453727059,27.873571970150213],[-15.719411124021027,27.87376257722162],[-15.719308495216328,27.8739734069626],[-15.719190480435506,27.874097223799208],[-15.718871521707555,27.874185546658577],[-15.718665599384849,27.874408468993348],[-15.718562575541029,27.874679817653277],[-15.718264156971255,27.874580558119387],[-15.718080981942983,27.8746824707242],[-15.717917241463924,27.874866319833277],[-15.717789938239935,27.87488518108407],[-15.717507060192832,27.874825702519452],[-15.717494933872997,27.87518381493262],[-15.717006351385788,27.875183756417332],[-15.716857711467323,27.875439742255946],[-15.716544277235798,27.875556484368882],[-15.716270973695206,27.875738878767145],[-15.716242125396953,27.87577932540958],[-15.716310883993028,27.87600255048762],[-15.716283340805607,27.876114773541385],[-15.715924106323104,27.876110572906285],[-15.715811720785224,27.876195360768136],[-15.716165837825324,27.876805340093004],[-15.715612741999387,27.877080612134435],[-15.71550584496127,27.87745973465209],[-15.71538467107354,27.877447210938918],[-15.714976694660365,27.87719916905766],[-15.714818085512197,27.87717876874911],[-15.714111677005404,27.877672056697378],[-15.713529071377454,27.877761443625875],[-15.713450714557382,27.877833912102446],[-15.71334662323819,27.878195975408165],[-15.71323692196788,27.878346888589057],[-15.71343487162702,27.878640796645566],[-15.713713460323786,27.878887779605922],[-15.714007217918962,27.879241717265376],[-15.714427835594055,27.87960711131277],[-15.714613793857058,27.87965814351483],[-15.714637745714242,27.879716523735357],[-15.714428983876257,27.87980686512142],[-15.714205063394143,27.879692614233896],[-15.713461210548093,27.879708462192344],[-15.71290339898076,27.87986571914385],[-15.712987686634316,27.880127736028847],[-15.712934068539834,27.880450532026167],[-15.713110843774933,27.880765203812473],[-15.712330654973627,27.880967398719534],[-15.712299616191688,27.881015077508483],[-15.712582368812038,27.88140098558283],[-15.712659997156415,27.88171645914564],[-15.712855351032635,27.881932820779703],[-15.71304142837053,27.882051160157822],[-15.713081314992161,27.882361629028914],[-15.71292649369712,27.882421213860553],[-15.712362453188879,27.882448538437984],[-15.711871070639988,27.88259392056805],[-15.711634625691287,27.882556577594574],[-15.71130803417764,27.88242682895216],[-15.710795026188793,27.882425141676492],[-15.710331693433902,27.88231400526938],[-15.710166929629745,27.882643727842815],[-15.709954479072847,27.88396436120714],[-15.709879319090485,27.88412926633707],[-15.709103591475797,27.88397293779451],[-15.708542087639819,27.88356419075351],[-15.708153183535666,27.883400668689585],[-15.707940558941846,27.883373876050918],[-15.707886990294057,27.883859888167866],[-15.707637734519476,27.88402437697879],[-15.707539376364409,27.884296993467313],[-15.707628161212021,27.884702105500704],[-15.707758423874667,27.884811341277732],[-15.708036940779062,27.885521541224396],[-15.707849499926311,27.885593564744294],[-15.707114688296256,27.885656399652223],[-15.706501671834248,27.885776244319192],[-15.706397979351548,27.885853767451664],[-15.706261280424702,27.886205575258376],[-15.706296915665444,27.886386511590157],[-15.706234314270484,27.886558996347926],[-15.706627528622468,27.887284923297994],[-15.706341421068062,27.887383159565715],[-15.706291540861287,27.88746198662873],[-15.706361875451291,27.88777966751259],[-15.70635408085345,27.888131545982997],[-15.706435086109307,27.88821793506502],[-15.706449702248861,27.88833788389304],[-15.706069005848054,27.88835173193953],[-15.705196753376208,27.88796134421035],[-15.705217492958129,27.888159463262102],[-15.705340718981498,27.888461853064054],[-15.705356037557976,27.88871857637989],[-15.7053146614425,27.888777283406124],[-15.705062323262668,27.88881959318391],[-15.704384902449183,27.888736685362357],[-15.703994492897255,27.88874445698557],[-15.703841292702167,27.88881182284433],[-15.703535907937706,27.88906917242468],[-15.703588721008508,27.88944356186681],[-15.703445126422325,27.889689433455235],[-15.703511112931857,27.889910765116944],[-15.703281351519205,27.890403451701157],[-15.703344085628242,27.890451661080007],[-15.703566466872791,27.890476948433925],[-15.703625770654838,27.89054770672071],[-15.703638430915815,27.890645278729853],[-15.703518380490836,27.890909201650796],[-15.703548394248088,27.891176538162952],[-15.703973304290571,27.891474789180442],[-15.704217627297302,27.891574490746976],[-15.704407233732786,27.89158392112318],[-15.705121899950276,27.89204331888439],[-15.705046032197748,27.892126033672383],[-15.70472527881368,27.892248419760204],[-15.704327640136714,27.8925476949172],[-15.7038067587872,27.892592818738162],[-15.703667899018011,27.892663297767847],[-15.703561801121166,27.892948372051702],[-15.703358446389917,27.893050648259987],[-15.703485990681889,27.893517959763056],[-15.703422054535476,27.89363614324957],[-15.702174707565112,27.893790835682342],[-15.701919093653139,27.894004598324308],[-15.701884306347617,27.89430721784903],[-15.70201061606656,27.894684699763378],[-15.702112888418801,27.894813590651975],[-15.702366775176639,27.89495846315841],[-15.702984188091635,27.8958405442176],[-15.70304202643822,27.896209274978972],[-15.703121252249197,27.896371935448055],[-15.703147728598397,27.8969690298881],[-15.703092309740235,27.8972483567045],[-15.702693619540657,27.897215292806273],[-15.701929081155418,27.897244031053962],[-15.70175624240454,27.897286941130037],[-15.70147096356122,27.897445969535035],[-15.700975682468446,27.89745325569285],[-15.700621166504675,27.897637332485633],[-15.700255229744727,27.89761319430645],[-15.699775158503058,27.897817982963847],[-15.699572690379739,27.897804134228068],[-15.699105997478455,27.897662502772153],[-15.698536815528227,27.89773442762576],[-15.698278980055841,27.89808901687819],[-15.698270666396214,27.89833560583051],[-15.698367592457226,27.898796722004086],[-15.698350496844217,27.899049132746555],[-15.698102116607888,27.899256352278147],[-15.698051793133407,27.899391362981778],[-15.69851891370059,27.89975686655182],[-15.69855419669402,27.900187964009188],[-15.698660933332125,27.900274515912763],[-15.698726336294325,27.9004623802381],[-15.698676522724496,27.900755831303535],[-15.698739285559427,27.901184333964363],[-15.698867638620705,27.90130139582256],[-15.69978174729876,27.901795772300762],[-15.6998219868044,27.90183398706988],[-15.699804866024689,27.901952508842225],[-15.69961489803541,27.902041288467455],[-15.699360516016577,27.902276560653785],[-15.698942880657048,27.902330828691646],[-15.69830642782076,27.902513440646764],[-15.697785436349156,27.90244790737921],[-15.696836452927457,27.902698091445032],[-15.696552290461414,27.902828515519737],[-15.696246609971894,27.903203987637788],[-15.696180637719547,27.903361752640663],[-15.696186095861856,27.90368107490644],[-15.696113046799844,27.90387627467686],[-15.69618451545024,27.9041961300505],[-15.696140063842648,27.904287193777897],[-15.695980010873331,27.904402546412452],[-15.695789078846039,27.90469757564424],[-15.695511698222177,27.904948844548706],[-15.694237785926548,27.905717313602313]]]}},{"id":"34","type":"Feature","properties":{"categoria":"Monumento Natural","nombre":"Roque Aguayro","codigo":"C-16"},"geometry":{"type":"Polygon","coordinates":[[[-15.490521799916925,27.896134852370732],[-15.490449268811634,27.896544135005765],[-15.49049378426459,27.896817141057046],[-15.490409200843894,27.897505679213587],[-15.49043347526696,27.897859605263275],[-15.490304933036096,27.897650486086928],[-15.49017323416463,27.897286398260924],[-15.489737696496846,27.897176730841878],[-15.489523748342279,27.897072197080767],[-15.4892983499938,27.896870642677325],[-15.489212083880949,27.896671482851815],[-15.489062980810798,27.896485111867484],[-15.48896525472779,27.896693013055216],[-15.488830866262415,27.896814527068788],[-15.488474707527569,27.896971925025685],[-15.488330560505704,27.896979513172827],[-15.488077945887282,27.896880313831613],[-15.488017671577406,27.89673970219657],[-15.488008676274521,27.89654647872575],[-15.487964810377642,27.896546011150654],[-15.487856449736325,27.89617061747338],[-15.487503186405261,27.89559081044149],[-15.486968322800566,27.89497147285677],[-15.486816996099959,27.894577408200227],[-15.486257103515127,27.894066636570997],[-15.485893628259461,27.893526436600286],[-15.485752580448713,27.892629543419364],[-15.485599893718385,27.892293256450014],[-15.485464786327952,27.89214396114201],[-15.484758474980554,27.891608557735314],[-15.484623337451167,27.891196523353496],[-15.484827827941407,27.89071439870286],[-15.484817469810345,27.890432784680513],[-15.484711865226569,27.890227478988734],[-15.484527413186116,27.890130488597627],[-15.484392107246771,27.890118253726264],[-15.484332555398595,27.890179126149206],[-15.484355943401424,27.890653805561428],[-15.483950500532647,27.89134115672154],[-15.483878475254674,27.891343576106106],[-15.483816160993587,27.891254099993812],[-15.48383018637635,27.891191076615858],[-15.484010219213518,27.89102520968024],[-15.484054317685688,27.890633055172014],[-15.48402914627454,27.890497229150586],[-15.483755299968797,27.890143021930626],[-15.483593271809017,27.890043640608862],[-15.483438411921426,27.890027745135445],[-15.483753227922294,27.890376293581852],[-15.483819842900978,27.8906928082586],[-15.483705318168871,27.890788971322298],[-15.48325161083567,27.89085888088864],[-15.483157505975173,27.89097302643263],[-15.482976107644337,27.89142670410779],[-15.482921700769147,27.890953053911524],[-15.482840895968684,27.890840676772083],[-15.482342213480775,27.89067098588704],[-15.48240797813184,27.891057844648117],[-15.482358471416727,27.89111145926375],[-15.48205665455317,27.89071978410642],[-15.481364678777018,27.891078833112317],[-15.481012066573346,27.891411635228323],[-15.480552499983093,27.891706443488456],[-15.479079794526218,27.89231224355145],[-15.478461243565805,27.892776587649706],[-15.478326039964895,27.89294541527729],[-15.478191760420417,27.893255245361967],[-15.4780778853877,27.893376154275327],[-15.477834581819861,27.893454361524217],[-15.477259102202474,27.893469932243324],[-15.477099273877826,27.893427154685803],[-15.476997437310839,27.893337090085957],[-15.476950057868244,27.893209283587964],[-15.47697571171176,27.892979541309263],[-15.476893553923503,27.892812424044884],[-15.476793477757235,27.892720475518967],[-15.476403588969129,27.89255918841663],[-15.476193629104372,27.892311628078232],[-15.475976253640088,27.892161731881686],[-15.475592112106916,27.89208260680017],[-15.474918230517032,27.892257386989495],[-15.474675159367415,27.892253746701],[-15.474068402092353,27.891749296893696],[-15.473908734049305,27.89166780612955],[-15.473241175784127,27.891651900551356],[-15.472943957389823,27.891565392234032],[-15.472816380784128,27.891428759873577],[-15.472678352706195,27.890972381342493],[-15.472469134454752,27.89078533142669],[-15.471962494166796,27.89061374341591],[-15.470745324595349,27.890636970862904],[-15.47017189193792,27.890281303578828],[-15.469911680029062,27.890029427283242],[-15.469209901798912,27.8891625998401],[-15.469067493940596,27.888859768135887],[-15.469094416055581,27.888317173570496],[-15.469034845218022,27.887922776103032],[-15.469251448296903,27.886323561509776],[-15.469237313127723,27.886136708912897],[-15.468950984420735,27.885889974708896],[-15.46847041930699,27.88569416391282],[-15.468360342773726,27.885607731613597],[-15.468232220308987,27.88484525354502],[-15.468223328422825,27.884440861683817],[-15.468136992092042,27.88406287577625],[-15.467973278770705,27.883717361777453],[-15.46789412019798,27.882730407073293],[-15.467982395622872,27.882056888953457],[-15.468429640287482,27.880783895578226],[-15.468658129364343,27.880436327040858],[-15.468680578335045,27.880213818474026],[-15.468642323985467,27.880045102183647],[-15.468367208141743,27.879689712001717],[-15.468214419767788,27.879086197209357],[-15.4679802148123,27.8787087128915],[-15.467609365926057,27.87819722112234],[-15.467223486369564,27.877780683093427],[-15.466914501576483,27.877536801297406],[-15.466883576226433,27.87739430193306],[-15.466666655112476,27.87699436902202],[-15.466569235582798,27.87637896530071],[-15.466229861492037,27.87588368436831],[-15.465860157653594,27.875635636139958],[-15.465301380469791,27.875458854525704],[-15.464856676619197,27.875231855484248],[-15.464658476802214,27.875195502530836],[-15.464824530015694,27.875045207207894],[-15.46491550534445,27.874767735546417],[-15.46554820931023,27.87395502231614],[-15.465803612311525,27.873398078560406],[-15.465995614661734,27.87314293242275],[-15.466022020540839,27.872932543334226],[-15.46582678565326,27.872849853916897],[-15.465798905403698,27.872753617819292],[-15.466008417626249,27.87234125631894],[-15.466163145802053,27.871732365865],[-15.466515233666875,27.87154672959771],[-15.466620915301984,27.8713271170956],[-15.466737490079101,27.870311909986402],[-15.466906861835291,27.86937177548897],[-15.467006108900653,27.868974093871216],[-15.467131080545142,27.868823898734593],[-15.467072555921153,27.86866434984541],[-15.467151025921549,27.86824001764389],[-15.467115160545255,27.86817672233088],[-15.46685086017838,27.86809442159243],[-15.46662138620894,27.8676811068016],[-15.466605578909432,27.867519526446028],[-15.468129565939817,27.866866996586626],[-15.468372528309313,27.866712066701215],[-15.46859781412559,27.866415206020537],[-15.46892237244499,27.866283685577194],[-15.469623762350922,27.866188679175284],[-15.47154217403822,27.86576435064086],[-15.472244019583222,27.865679710793593],[-15.472574722343815,27.86574149843918],[-15.473345706460563,27.86606952474559],[-15.474198594620809,27.86654368789027],[-15.475264296492814,27.86655148459075],[-15.475642483355973,27.866716012384515],[-15.476295240527692,27.86690369413337],[-15.477396326291931,27.867127104467155],[-15.478019219028019,27.867452457310577],[-15.478715154623394,27.86724683925807],[-15.479260689353909,27.86716604621446],[-15.480288434655247,27.866857709874512],[-15.481097457341694,27.866729591555075],[-15.481368878063508,27.866867664862262],[-15.482164668060614,27.866917243560636],[-15.483214603772328,27.867125530012387],[-15.484569395722115,27.867541809734504],[-15.484898391350528,27.86746834492334],[-15.485332082301772,27.867524233097402],[-15.48567068847593,27.867647076131654],[-15.486036058687338,27.868099319974984],[-15.486544022915082,27.86831770451405],[-15.48689140062366,27.868629454637524],[-15.487196891130992,27.869205309613942],[-15.487441660343247,27.869581694948668],[-15.487614090514553,27.869750708081575],[-15.487736576720323,27.86984110749703],[-15.487847486957264,27.869723793862427],[-15.487958598409033,27.869710401507593],[-15.488235718244663,27.869892566286765],[-15.48854927227897,27.86986314638477],[-15.488863441988881,27.86997093827366],[-15.489025106010308,27.870356877228986],[-15.489126692607032,27.87043465713191],[-15.489209288951573,27.870798642034657],[-15.489341807265804,27.87098022506801],[-15.490067784282681,27.871411895535378],[-15.490346115689274,27.871468825242218],[-15.490865941065335,27.871798168824004],[-15.491142457648253,27.871884857273766],[-15.491503182526516,27.872109904056487],[-15.491948550744533,27.87218688950373],[-15.492409703935813,27.872160111798067],[-15.492526006997403,27.872112754655024],[-15.492256897404314,27.872082950510926],[-15.492172579732877,27.87191375529979],[-15.492713725389885,27.87185470745201],[-15.49312159948168,27.87187129517841],[-15.493145979480236,27.871709728086838],[-15.49446563985393,27.87173751017345],[-15.495054199972854,27.87202874000842],[-15.495667381287198,27.871363339805107],[-15.495880188264405,27.87163767196576],[-15.49587194543631,27.87200038136426],[-15.495915318034147,27.87217354906182],[-15.496270430536343,27.87248657422013],[-15.496746600719103,27.872418085162742],[-15.49719718433502,27.872141129638372],[-15.497727985445977,27.871897275049804],[-15.498473845606387,27.87208141865001],[-15.498872029261172,27.87228854493526],[-15.499416198172181,27.87246611879443],[-15.500026340919723,27.872781514357573],[-15.500294573687816,27.87300441782335],[-15.500287270586757,27.873112961117172],[-15.500198113764016,27.873164803145173],[-15.500204934121934,27.873229810852123],[-15.500557077003323,27.873509967263768],[-15.501949627376908,27.87415261210889],[-15.502252376814415,27.87435579684691],[-15.50314232622636,27.87447730954279],[-15.504031081927053,27.87468289174647],[-15.504282747497788,27.87483536295027],[-15.504622143661692,27.875180632917747],[-15.504729879154418,27.87514828212901],[-15.505152033229518,27.874657548996463],[-15.50531967592257,27.874225070529953],[-15.505950225661216,27.873766881782878],[-15.506136027010504,27.8735703986408],[-15.506222234247069,27.87334349789994],[-15.5061854431936,27.873011971259157],[-15.506215285256257,27.87296311449433],[-15.50671766482119,27.87301579418899],[-15.507153561772164,27.87286217275892],[-15.507614250633667,27.872840708119412],[-15.508034305679368,27.872906414453567],[-15.508596604775702,27.87310790665318],[-15.509134364007263,27.87301411512535],[-15.509259452940896,27.87306565028992],[-15.509744395948323,27.872995432023885],[-15.50990778272627,27.873068671006397],[-15.510666975561778,27.874378696253835],[-15.510736997987383,27.874579925356848],[-15.510738417594034,27.874882604078874],[-15.51061390545138,27.87543129055447],[-15.510423423387948,27.875664068477285],[-15.510438301515055,27.875747641920213],[-15.510665657630224,27.875852310750265],[-15.510819412322117,27.876166702273434],[-15.511005140051038,27.87597937562139],[-15.511400984704949,27.875968113614597],[-15.511798619328085,27.87640902810082],[-15.512060427209759,27.876572135556042],[-15.512167824755187,27.877049106965032],[-15.512391559386794,27.87745619031684],[-15.512382764820526,27.877957677894194],[-15.512454117543172,27.87819862093768],[-15.512672542089941,27.878381233761353],[-15.51301801964618,27.878491318062956],[-15.51326022601965,27.87869290700594],[-15.513727258553404,27.879201424120698],[-15.513930038472996,27.879615669211802],[-15.514222045533744,27.879975670504418],[-15.514351306368452,27.88084353745462],[-15.514208488267029,27.88141572961679],[-15.514631491649801,27.881839425014146],[-15.514910563721047,27.88226807999815],[-15.515146672594815,27.882840292679532],[-15.51505542661326,27.883069131182737],[-15.515081408168092,27.883248161727586],[-15.515368049495645,27.883450438267626],[-15.51564288768279,27.883762331014665],[-15.515805175019313,27.884173889806075],[-15.515775684136164,27.884543151142246],[-15.51590037347251,27.88488632462214],[-15.515915650249882,27.88560798632785],[-15.515825219262288,27.886180426036518],[-15.515495040522111,27.886757896790353],[-15.515295003658723,27.886731923989487],[-15.51504027356337,27.886621524863546],[-15.513399674440763,27.88575985542546],[-15.513381807229463,27.88552584556752],[-15.512863985375851,27.885011775607065],[-15.512611381635516,27.884879066700645],[-15.512131410319114,27.884414548123868],[-15.51159830298348,27.88416927110383],[-15.511162458661582,27.883892306877765],[-15.510991403505267,27.883812345700814],[-15.510538971302612,27.8838212255268],[-15.510367385586882,27.88402885556775],[-15.510180066469257,27.88384941013227],[-15.509846869734147,27.88385908315545],[-15.509508273490935,27.883668054473006],[-15.509274634272417,27.883418032399074],[-15.50908457507224,27.883027890535104],[-15.50890850783645,27.88211424260661],[-15.508688049209109,27.88185317559616],[-15.508067788568148,27.881980869146652],[-15.508016870476228,27.881582575825817],[-15.50761519706205,27.881372293913124],[-15.50724437173376,27.880977326110475],[-15.507166651868959,27.880848305628838],[-15.507197813288636,27.880486974478007],[-15.506827207327134,27.880116324077],[-15.506808566831895,27.879955165822466],[-15.506649142697633,27.879794344383452],[-15.506578800960932,27.879628429112017],[-15.505871149917976,27.879552471935916],[-15.50566155905069,27.879482855192578],[-15.505391532179658,27.879481127969502],[-15.504914431593726,27.879268956925845],[-15.504301568254307,27.87911406225333],[-15.503819391434849,27.879130124060318],[-15.503573891687314,27.878986115298538],[-15.503182160578927,27.878612914095918],[-15.50270306685574,27.87843817861769],[-15.502579344115231,27.87828715218608],[-15.502422579772967,27.877954527270983],[-15.502370742208806,27.87768008879692],[-15.502213630282688,27.877729895779623],[-15.502120835653598,27.877839427465286],[-15.50209966091899,27.878072191253658],[-15.502157388551185,27.878293401694688],[-15.502805423644352,27.879127758869885],[-15.502817143565661,27.87927215227734],[-15.502914157533752,27.87941175709535],[-15.503532396262193,27.87995575824582],[-15.503574647925833,27.880054542685123],[-15.503275539266136,27.880018803532007],[-15.502859494373617,27.880105249890352],[-15.502609592013037,27.8800860844216],[-15.502466700493104,27.880158101089553],[-15.501388860374629,27.879983212685744],[-15.50117403009706,27.880026313489743],[-15.501098004480085,27.880142292181255],[-15.500956106839572,27.88014352094186],[-15.500488356539304,27.87986468842599],[-15.500401697950803,27.879762778252115],[-15.50020564664538,27.879758289898067],[-15.500117401695054,27.879625006537747],[-15.500204904557812,27.879384491784265],[-15.499822339926306,27.87925761972841],[-15.49961705952475,27.879012822169127],[-15.499495293229648,27.879043883787222],[-15.499517844055049,27.879109809434038],[-15.4994292645715,27.87907604335491],[-15.499190097171043,27.878814035531338],[-15.499130719288285,27.878696968285443],[-15.499098755142462,27.87839030148682],[-15.499151072235147,27.87824365379882],[-15.49926945633862,27.878113232622145],[-15.499262110550386,27.878031075014395],[-15.499119926634735,27.877862888241797],[-15.498992738995318,27.877814673548848],[-15.498762919818322,27.87803129271915],[-15.498543919113752,27.878085959393022],[-15.498316601336255,27.877961563886508],[-15.498045471980307,27.877924547674336],[-15.49784222183952,27.877731312795603],[-15.49759735268603,27.877713997675396],[-15.497424408742514,27.877643270143697],[-15.497416064795324,27.87798719390379],[-15.497353119341792,27.878262869878313],[-15.49756193916297,27.878429951435116],[-15.497622227264866,27.878639879556733],[-15.497839282941252,27.878866014390358],[-15.497748669261235,27.879031567514637],[-15.497827559576042,27.87943483747417],[-15.497526164064507,27.879493708809157],[-15.497468108943286,27.879879274055753],[-15.497396252312361,27.879947996040247],[-15.497190740359123,27.87982956833914],[-15.497012937174674,27.879874551262382],[-15.496818625634708,27.87978382340676],[-15.496659321465017,27.879853148938963],[-15.496435721849963,27.8798315755675],[-15.496169228777637,27.87999689415489],[-15.495509915138914,27.879308426591706],[-15.495320621057616,27.879216956384557],[-15.49499794077996,27.87935836272433],[-15.494239767786018,27.879918028523612],[-15.493323863904118,27.880425824249276],[-15.492652760981107,27.880586092508523],[-15.492393742825053,27.88060435007505],[-15.491350209745251,27.88049671231],[-15.491142802603486,27.880497451249607],[-15.4910099440731,27.88056133194669],[-15.490770277909936,27.880834014244584],[-15.490577321858376,27.88125977680815],[-15.490379383111371,27.881526965810277],[-15.49071160471001,27.88198494665869],[-15.49055696790379,27.88240624869979],[-15.490606132096904,27.882675149431087],[-15.490954745246938,27.883166878349446],[-15.491202841001462,27.883428426246],[-15.491069426691903,27.883581579584806],[-15.490956083934973,27.88393223198292],[-15.490821920351324,27.884099677903762],[-15.490636617870997,27.884245640259884],[-15.49020773353232,27.88444677665743],[-15.490097520355805,27.88459073805544],[-15.490102051027776,27.884658318086277],[-15.490380867463589,27.88499126311911],[-15.490509326141574,27.88528892241244],[-15.490746064585398,27.88555889774786],[-15.490745589275482,27.88562923985003],[-15.490402303469546,27.885708168020905],[-15.490074158042335,27.885900568346802],[-15.48997199010774,27.88606717750795],[-15.489656695847833,27.886379476376398],[-15.489416754558997,27.88683402941762],[-15.489225829265566,27.8870098359061],[-15.489088588083321,27.887262544482375],[-15.48889384091206,27.88739979059264],[-15.488459837094965,27.88731714980707],[-15.4874914044503,27.886796418807617],[-15.487106667857406,27.886872452219784],[-15.486739793978423,27.887058048558092],[-15.486801832295365,27.8873766001493],[-15.486780122127447,27.887974353662017],[-15.486596647933132,27.88824105278843],[-15.486322239160343,27.888416355530364],[-15.486330721975724,27.88849576549056],[-15.486499091429817,27.88901591789258],[-15.487241498599026,27.889563940595963],[-15.487431097417442,27.89004980338462],[-15.487471001784984,27.89040262801184],[-15.487609658275277,27.890727118840836],[-15.487693197391325,27.891167425600816],[-15.48807153644164,27.89155325648915],[-15.488361226482304,27.89201760348313],[-15.48842827224645,27.89249024956711],[-15.488327009645895,27.892602401834377],[-15.488383726056428,27.892779279487186],[-15.488195832444491,27.893185079128653],[-15.488192240972554,27.89336290163124],[-15.488704514502349,27.894056401358185],[-15.48913910917861,27.894207934920875],[-15.489392035792354,27.894350570421253],[-15.490047202302897,27.894512267836394],[-15.490500583658124,27.89480945713976],[-15.490829664300456,27.895435769679327],[-15.490521799916925,27.896134852370732]]]}},{"id":"35","type":"Feature","properties":{"categoria":"Monumento Natural","nombre":"Montañón Negro","codigo":"C-15"},"geometry":{"type":"Polygon","coordinates":[[[-15.622981231466166,28.043382378967493],[-15.623024322570904,28.043720098006126],[-15.620282623113136,28.04695856384054],[-15.620100672687258,28.046703751575908],[-15.620054807138056,28.046743099456396],[-15.61982388041509,28.04655811463691],[-15.619505923270681,28.046437504950827],[-15.619369224313793,28.046080076909607],[-15.619235726939857,28.04599012058661],[-15.61899225167699,28.045944422431273],[-15.618845331538102,28.045564219771617],[-15.618685215528334,28.045431053504448],[-15.618503409142733,28.045383487919096],[-15.618188892098843,28.04546506313195],[-15.617957076782625,28.045351428028166],[-15.617521566771316,28.04534804282721],[-15.617375334728827,28.045055216217417],[-15.617110032777262,28.04472161715971],[-15.61724114434139,28.044533267572408],[-15.6167421310372,28.044091536916902],[-15.6165461529478,28.04398120478449],[-15.616104215833335,28.043873844422905],[-15.615234831900013,28.043802059398832],[-15.61475640404055,28.043432146841553],[-15.614110001790825,28.043180550656004],[-15.613973746808828,28.04320917942845],[-15.61368899503259,28.043604902574923],[-15.613432648693768,28.043756833834948],[-15.61332556948456,28.04373462729302],[-15.61305434487945,28.043473415662746],[-15.612990713457723,28.043304561687417],[-15.61292059463155,28.041933798047673],[-15.612703070374849,28.041409616501458],[-15.612668258544241,28.041011719240984],[-15.612504584563888,28.04065381731067],[-15.612512643426895,28.040495927025773],[-15.612851660017181,28.039938643387604],[-15.613118677522163,28.03971791630508],[-15.613230618240049,28.039536010941806],[-15.613440378712934,28.039380532908883],[-15.613491000448677,28.039178969633312],[-15.613490873985313,28.03878365273736],[-15.613686657369364,28.038546353236764],[-15.613738752282016,28.038202951739073],[-15.613945125231835,28.03796747313691],[-15.614052725155775,28.03773834843042],[-15.614106089151813,28.036962947033423],[-15.614877519581375,28.036067380225074],[-15.615382178479516,28.035753419702765],[-15.615487697860996,28.03548854739749],[-15.615598084120398,28.034970627551715],[-15.615617148876554,28.03470957274302],[-15.615561091746057,28.034459145268023],[-15.61533190694685,28.033953795617965],[-15.615127065290766,28.033900334515803],[-15.61500915551158,28.033775207099],[-15.614598830742791,28.0323197305431],[-15.614536078651227,28.03221890925425],[-15.614416686292483,28.03215112717352],[-15.614220050222993,28.0321499843545],[-15.614084452770062,28.032234649575003],[-15.613355134029137,28.033333708584998],[-15.613261930880459,28.033406484786788],[-15.61277968384363,28.033355052516377],[-15.611812753377931,28.03366656749566],[-15.611178127672167,28.033931968503868],[-15.610876661815686,28.034186786443954],[-15.610535315347802,28.034272362899358],[-15.610192249190462,28.0345725712565],[-15.610042677889712,28.03463750748674],[-15.609821922450324,28.034632132578768],[-15.60941736600865,28.03444515584956],[-15.609241425349719,28.03447771110545],[-15.6087700369816,28.035148662737733],[-15.60804188113657,28.035921129294024],[-15.607884020654703,28.0359273162905],[-15.60779224154558,28.035841785664427],[-15.607857709292867,28.03541643427263],[-15.607805179929207,28.035247537458048],[-15.607698227481139,28.035124873756263],[-15.606819593302477,28.036210630378495],[-15.606700794003013,28.036419000957775],[-15.606003509293439,28.0369239688643],[-15.605619247508908,28.037138555364905],[-15.604138886898456,28.03746744458839],[-15.604153360637392,28.037508688332906],[-15.604067136969991,28.03760512345347],[-15.603863675754415,28.03757871139983],[-15.603428126782239,28.03773416495731],[-15.603174153038784,28.037640379828428],[-15.603173642031823,28.03734445100957],[-15.603092546520095,28.037193000541414],[-15.602972220891681,28.037158287450083],[-15.602550027332262,28.03719813441674],[-15.602293225951419,28.037063919212954],[-15.602207278300188,28.03685935673457],[-15.602216542083625,28.03671055167749],[-15.602510451163695,28.036113338563524],[-15.602697836131936,28.035942800556416],[-15.602667312546819,28.035885739583872],[-15.60291855734148,28.034864806198765],[-15.603067088243932,28.03452849539078],[-15.603196339806512,28.034354610115987],[-15.603789899259278,28.033668552731733],[-15.604389170127167,28.033274074966027],[-15.60455678614546,28.03289160492297],[-15.60536475742034,28.032211963149745],[-15.605829030866378,28.031903866262173],[-15.606404076952638,28.031198092186862],[-15.606572816388631,28.030669449985393],[-15.606855236460964,28.030203855391033],[-15.607012965856493,28.030092379630386],[-15.6074518457235,28.029982125346358],[-15.607569622616325,28.02991198857777],[-15.60790090392781,28.0294565658311],[-15.608286386034331,28.02911725100533],[-15.608626424790511,28.02857029937186],[-15.608991673696071,28.028371243052042],[-15.609175503989016,28.028205920602574],[-15.609559248841746,28.027675310313803],[-15.6097038383846,28.027370640326808],[-15.610142800446743,28.027107848414815],[-15.610319857529666,28.02692912238614],[-15.610482941558457,28.02660703764425],[-15.610648155412996,28.02577206662893],[-15.610620241733432,28.02553055659223],[-15.610408529851549,28.025159441366753],[-15.61030433212478,28.024706867304914],[-15.610808302257736,28.024822005864294],[-15.611092044337525,28.024942211328288],[-15.61136659525196,28.025113585879097],[-15.61196765812672,28.025657150666635],[-15.612151155178445,28.025697063042685],[-15.612296245802467,28.02559054825711],[-15.612452384078937,28.02465018049707],[-15.61274064581002,28.024023362153947],[-15.612857083633612,28.023887375088236],[-15.612984911809038,28.023840722228908],[-15.613124602485135,28.023848187204667],[-15.613304920499846,28.023930728614317],[-15.613353190014571,28.02400446215546],[-15.613370247269655,28.02454427132284],[-15.613492123844711,28.02502670647098],[-15.61359825041198,28.025257323140185],[-15.613969644912991,28.025653717615878],[-15.614892574311513,28.02620896510044],[-15.61515843597155,28.026449995842196],[-15.615893434549484,28.02795759226521],[-15.617685078660488,28.030507719258207],[-15.618169134585882,28.031386727158708],[-15.61841574422152,28.03232817643555],[-15.618852034237387,28.032850497693726],[-15.61910868456931,28.0334116035175],[-15.619587922932928,28.033757811395866],[-15.620373116332125,28.033950559206644],[-15.621122561897913,28.03421046216979],[-15.621380219058828,28.0344341855505],[-15.621410644077956,28.03460172360123],[-15.621380816216842,28.03473646844637],[-15.621134103718308,28.035001469035503],[-15.62052503151952,28.035235311453594],[-15.61980060319473,28.03539370083318],[-15.61932619467905,28.035551248383495],[-15.618728209705845,28.035917575686536],[-15.618612932401913,28.0360723835306],[-15.618573019497687,28.03626599282827],[-15.617918040744337,28.037406156118138],[-15.618192621484344,28.0380024418385],[-15.618203268036076,28.03818480154903],[-15.618144672404679,28.03827659852336],[-15.61844246141264,28.038662604693013],[-15.618862594755882,28.03860068338104],[-15.619760714614435,28.03871931060407],[-15.620565932956074,28.039030264574127],[-15.620810536197013,28.03919354008681],[-15.620941997579024,28.03942629251303],[-15.621189392396554,28.040181541886717],[-15.621426911515135,28.040421577311037],[-15.62208865733881,28.04086436868309],[-15.622393538192155,28.041342210016474],[-15.622550359962064,28.04171990882907],[-15.622580185178492,28.042093561305652],[-15.622981231466166,28.043382378967493]]]}},{"id":"36","type":"Feature","properties":{"categoria":"Monumento Natural","nombre":"Bandama","codigo":"C-14"},"geometry":{"type":"Polygon","coordinates":[[[-15.458136112821041,28.043582514349975],[-15.456075740457798,28.043102341992974],[-15.453881353535944,28.042802834211308],[-15.45285392758307,28.04279568169606],[-15.450905546844547,28.042572875679443],[-15.450501127959836,28.042405504487885],[-15.450131543692251,28.04231543422753],[-15.44960229296619,28.04231096595344],[-15.449248803529912,28.04221548756402],[-15.448508147053799,28.042225129600492],[-15.447951011607726,28.042051894339735],[-15.447713269180657,28.041917344367572],[-15.447556896780501,28.041737312196265],[-15.447259866494475,28.04100426903164],[-15.446764308924687,28.040819950704947],[-15.446030108656203,28.04000487940547],[-15.445344790403844,28.039376217482946],[-15.443942514741968,28.038619158531674],[-15.443797440596287,28.038576495827225],[-15.443688596613004,28.03873971425686],[-15.443638150439275,28.038743921318062],[-15.443700199913334,28.03827965602796],[-15.44366586155055,28.038242214216247],[-15.443594951238586,28.03825775316464],[-15.443392851678125,28.03851520842007],[-15.44317526139362,28.038567906621168],[-15.441824991340695,28.037818601818294],[-15.440998147303235,28.037203949545773],[-15.439656724838452,28.03654096591216],[-15.439287571644954,28.03622930362048],[-15.43877360592391,28.03556640700244],[-15.438339965859651,28.035166554623917],[-15.438298564241887,28.035072515976633],[-15.438308792861026,28.03482997924498],[-15.43802785324947,28.034789133931042],[-15.438006523757515,28.034747605041254],[-15.438359415902182,28.034468155854913],[-15.439273912822209,28.03398341327378],[-15.439536614389246,28.03377761269006],[-15.4397877869391,28.03349891853815],[-15.439809757211568,28.033177492325315],[-15.44005170535994,28.03283252312821],[-15.440330255050274,28.032242341268887],[-15.440526817471854,28.03204518205859],[-15.440799812661355,28.031995442761573],[-15.440975769400735,28.03190980668968],[-15.4411651244563,28.031442542595105],[-15.44139380601742,28.031358749731226],[-15.441680396324838,28.031345272039786],[-15.442346362294597,28.031478608373448],[-15.442718696784874,28.03117741136074],[-15.443218829083381,28.030901627698842],[-15.44343529062075,28.030602132084656],[-15.4434172375509,28.0301688892772],[-15.44351687993792,28.02989226601421],[-15.44362299004605,28.029729291114183],[-15.44421864691297,28.02911828972941],[-15.444372146394043,28.02884250273807],[-15.444405610471517,28.02811300422837],[-15.444351472838342,28.02777202683939],[-15.444396999081324,28.02763625633086],[-15.444574186857901,28.027501070924824],[-15.444842231233899,28.027418309500014],[-15.445772406073896,28.027446781591674],[-15.44682458759974,28.02725632248391],[-15.446915301908614,28.027072018913525],[-15.446862919980711,28.026492865591177],[-15.446884474761388,28.026228915057796],[-15.446999408208555,28.02599744724697],[-15.447216302914965,28.02582732074854],[-15.447555980956679,28.025740276764598],[-15.448100336115871,28.0257564125136],[-15.44832084111545,28.025706874679813],[-15.448687298663428,28.025528025116188],[-15.44913304450964,28.02511941927808],[-15.449462901624553,28.02498575060425],[-15.450158205270446,28.02501856301216],[-15.450818720064255,28.025335018446256],[-15.45120429287827,28.02536986138479],[-15.451501917506224,28.02523542706513],[-15.451787842039035,28.024832826198242],[-15.451909468385947,28.024725834191763],[-15.452042937131049,28.024687400109492],[-15.4521507079799,28.024731395725546],[-15.452381494518178,28.02515656213169],[-15.45248564620826,28.025230169272323],[-15.45264832642197,28.02524885220785],[-15.452997812530722,28.02513937528493],[-15.453880944615277,28.02470560644755],[-15.454612010518137,28.024650191705017],[-15.455024233538314,28.02444286491781],[-15.455337965154524,28.02446333731229],[-15.455801887190361,28.024783308670177],[-15.456528817127461,28.025131724933235],[-15.456443634799065,28.025701952108093],[-15.45657048501571,28.025869497991934],[-15.456574229055246,28.026023894136237],[-15.456368766837361,28.02628180393454],[-15.456297573915686,28.026575394087583],[-15.456370576046561,28.02674933860257],[-15.45652199583726,28.02687607261309],[-15.456625962872998,28.027213412948317],[-15.45682584785184,28.027523280812023],[-15.457535627657684,28.027934288185158],[-15.458498115678706,28.028941401735114],[-15.459077954530171,28.0289150473708],[-15.459208812102974,28.02894870544583],[-15.458998054163475,28.02907318919335],[-15.45856382772317,28.029083882794215],[-15.45842445535671,28.029227914805624],[-15.457979165030638,28.029143714524334],[-15.458312165741157,28.029382047934728],[-15.45877315932723,28.029536949071442],[-15.459033593563538,28.029680873872753],[-15.459078625567033,28.030070513399284],[-15.459402954716845,28.030512704854505],[-15.459716141346714,28.03074535074233],[-15.459869714216284,28.030955131992144],[-15.459716673436354,28.031270355688886],[-15.459746399871637,28.03161263580085],[-15.45985026119655,28.031969490267794],[-15.460036868400275,28.032095335134215],[-15.460387967897075,28.032170347746977],[-15.46117074382127,28.03282666402836],[-15.461297945556502,28.033068163007123],[-15.46124754053957,28.033429560246123],[-15.460796622156415,28.034297529446516],[-15.46086075891077,28.034804221414866],[-15.460727986737862,28.035151649928153],[-15.460524194078289,28.035573943318667],[-15.460202790192062,28.036053519121403],[-15.459990954456064,28.03615957467214],[-15.460151024907773,28.03632112897697],[-15.460368379714996,28.036220958400296],[-15.460747086946906,28.036181955592863],[-15.460985502705789,28.036263663350127],[-15.461763027086953,28.03632072116476],[-15.461688091906122,28.03687965929057],[-15.461714065398983,28.037172681421097],[-15.461757249756714,28.03754111210204],[-15.461891312702924,28.03807251909217],[-15.461957717459903,28.038184240655237],[-15.46188331095565,28.038333392571687],[-15.462118263619974,28.039298572342442],[-15.462154748083538,28.039574750488406],[-15.46211743568198,28.0397905149104],[-15.46183937909797,28.040515494058898],[-15.461518727074374,28.04098251347845],[-15.460841584821596,28.04217535024113],[-15.460311810015305,28.042587750323797],[-15.45972937921839,28.042902254445295],[-15.459074353689036,28.043406928472223],[-15.458607057873413,28.043555396134998],[-15.458136112821041,28.043582514349975]]]}},{"id":"44","type":"Feature","properties":{"categoria":"Monumento Natural","nombre":"Riscos de Tirajana","codigo":"C-20"},"geometry":{"type":"Polygon","coordinates":[[[-15.56935886042245,27.963310977800774],[-15.569502157405216,27.962955547830173],[-15.56944220285642,27.962664879747045],[-15.568998210439155,27.962682892785487],[-15.56846047499319,27.96231969825159],[-15.568165512411126,27.962280186089433],[-15.567804466969237,27.962143742182874],[-15.56740779627256,27.961843656544787],[-15.567128611041843,27.961710195266456],[-15.566895525816312,27.96149566071561],[-15.566597606615458,27.96111139436085],[-15.566633341730272,27.960976923989982],[-15.56661223138434,27.96057505220039],[-15.566697366851322,27.96036873933979],[-15.56647250704889,27.960108817966326],[-15.566246598947734,27.959932238717723],[-15.56610461942792,27.959933544976106],[-15.565943018535748,27.960172669521057],[-15.565353745186261,27.960618069418697],[-15.565202127596232,27.960802989479568],[-15.564744570102084,27.96081136738187],[-15.56395728567137,27.960717680853186],[-15.563857085153616,27.9608158729974],[-15.563691066991904,27.96123724314019],[-15.563387396293813,27.961599137409753],[-15.563228447962603,27.961651693856762],[-15.561807295511576,27.960692496399567],[-15.561296602873993,27.960448492313837],[-15.560773002510697,27.96007496381775],[-15.560558020105324,27.959838878089617],[-15.560325972635589,27.959361341235923],[-15.559729587137022,27.95912347544734],[-15.558937979398044,27.95855049225111],[-15.558561523036516,27.958391924798047],[-15.558042900031642,27.957999986203355],[-15.557612548787551,27.957913436265677],[-15.556976310729965,27.95802734387831],[-15.556799810317887,27.957644658526025],[-15.55665367976077,27.957042328744983],[-15.556266175867151,27.95679149732826],[-15.555991606067064,27.95673618729024],[-15.5558461285139,27.95653808808967],[-15.555507489446818,27.956259885513628],[-15.55534117033168,27.95606132823825],[-15.555081068015461,27.955475073256586],[-15.554886601974717,27.955338374380183],[-15.554764983297996,27.9550537882536],[-15.554562893861698,27.954777831192747],[-15.554332658819716,27.95418603800361],[-15.554134470376043,27.954076253812723],[-15.553409557429537,27.953284061510196],[-15.552659235849703,27.95273055405976],[-15.552541380760532,27.952564476783913],[-15.552143565620595,27.95235998386745],[-15.55135634656883,27.95144860132491],[-15.551211014393319,27.951426182248962],[-15.550582963232376,27.951510644009687],[-15.550397751496453,27.951352055919806],[-15.550349623412558,27.950982497246237],[-15.5502786847733,27.950865789280318],[-15.549744599661256,27.950749848440697],[-15.54975931014578,27.95060345995187],[-15.549943742024276,27.95026745572812],[-15.55033867028704,27.94992492278286],[-15.550968885251756,27.94905281855637],[-15.551323842050083,27.94872768459326],[-15.551338346619099,27.94854121628935],[-15.551444832239484,27.948331450646766],[-15.551327216961784,27.94809116819139],[-15.551251939104665,27.94772432724639],[-15.550908255287473,27.94775430098353],[-15.550713934726705,27.947826853197096],[-15.550374680644003,27.94778426586198],[-15.550246037297766,27.947413313659386],[-15.549904755756828,27.94712671181967],[-15.549446618523747,27.947069774438546],[-15.549245156040062,27.946871891159184],[-15.549176089381556,27.946601984594352],[-15.549283933328372,27.946282499339734],[-15.54926535064403,27.94621006754201],[-15.548951500204154,27.946156434388918],[-15.548641250969458,27.945946373002705],[-15.548469925866947,27.945741227950794],[-15.548284951416116,27.945763918742056],[-15.548124871787477,27.94588530314056],[-15.54792980944694,27.946229544069276],[-15.547822278844704,27.94596725528512],[-15.5476897822972,27.945978894859604],[-15.547544742152139,27.94608332898709],[-15.547222577339003,27.945993327534534],[-15.54717894891528,27.946114536783135],[-15.547059165799812,27.94613161372051],[-15.546989205234336,27.94599785678951],[-15.5467138026704,27.945827362928853],[-15.546694812131783,27.945738178014984],[-15.546847188528275,27.945733971013507],[-15.546978912401189,27.945665852528457],[-15.547132971069743,27.945317731702858],[-15.54699039522248,27.945136446571514],[-15.546774145401535,27.945020313884196],[-15.546655976281823,27.944786366430623],[-15.546289658593713,27.944585251476063],[-15.546244819086544,27.944401185489607],[-15.546138289773713,27.94428019309742],[-15.545885944630552,27.944210240564033],[-15.545215314214179,27.94422300837783],[-15.544966353688494,27.944037403079914],[-15.544438958763505,27.943796388753317],[-15.544236160675526,27.943771111147967],[-15.544083286345124,27.943693684760415],[-15.543855827769324,27.94368661249054],[-15.54365068862203,27.943745918559173],[-15.543335210147514,27.94355594197987],[-15.543086883309257,27.943622088698056],[-15.542834444061159,27.943796947008753],[-15.54256185152748,27.943824290501237],[-15.542223751784084,27.943706464187976],[-15.54166879962529,27.943653474765092],[-15.541209892050633,27.943664613555022],[-15.540893165687345,27.943294662053727],[-15.540542942460808,27.943044107943393],[-15.540370643345083,27.942808787626195],[-15.539476024211723,27.9422792609565],[-15.539388709776556,27.942099673946124],[-15.539311233205945,27.941620861568833],[-15.539300454190228,27.941460364982778],[-15.539352489983632,27.941311339582278],[-15.539100908763503,27.941094084511153],[-15.539181442170651,27.94099735018485],[-15.539242811373947,27.940775069057878],[-15.53947209784354,27.939491936430617],[-15.539721393003475,27.93899211910628],[-15.540494243312788,27.93791630089073],[-15.541059237066808,27.937456856741797],[-15.541364197882114,27.936931902739495],[-15.541896279863797,27.936315421834223],[-15.542615105354825,27.936181209994594],[-15.542783856127965,27.936299558905965],[-15.542807388418744,27.93655006891535],[-15.54293684309441,27.936452634023674],[-15.543170145930887,27.93640578379759],[-15.543290663736832,27.93627749291415],[-15.543392495594944,27.936250072842455],[-15.543708052483833,27.936427492627836],[-15.54391056682575,27.936691152275138],[-15.544007045893093,27.93663401745665],[-15.54404080170937,27.93636003644354],[-15.544188917510462,27.93628708050786],[-15.544571530373691,27.936470597421746],[-15.545158304875924,27.93666586189294],[-15.545458559620462,27.93690023631678],[-15.546403630555442,27.937227975354777],[-15.546913139667597,27.937321857039663],[-15.547861974137405,27.93797497254923],[-15.54790266158723,27.938077494439533],[-15.547884625075936,27.93840298577282],[-15.548038937375361,27.938687773894994],[-15.548140781730192,27.93875929679241],[-15.548148236248753,27.938850685008873],[-15.548808290518338,27.93819189975914],[-15.549155125995547,27.938179964220883],[-15.549300836758876,27.938242645249808],[-15.549694485094896,27.93848272193777],[-15.550211815562623,27.938706262074433],[-15.55132450783282,27.939529997422117],[-15.551430707462679,27.93975402297449],[-15.551407049084533,27.940059298251747],[-15.551811814697107,27.940084541453896],[-15.551995387640595,27.94020412837592],[-15.551889627060703,27.94061083678348],[-15.552060971873805,27.940724252913682],[-15.552079624309632,27.940846225038097],[-15.55216892744312,27.940945237671382],[-15.552045011822942,27.9412318587301],[-15.55249428835147,27.941373913104858],[-15.552590603193511,27.94160419702185],[-15.552718761517234,27.94173194016466],[-15.552992395251302,27.94184276888253],[-15.552982444073853,27.94196457589182],[-15.553113414478032,27.942037557777336],[-15.553144503455586,27.942170176913873],[-15.55328886624432,27.94219024191518],[-15.55312090409176,27.94258594423516],[-15.553144430841453,27.94286229670238],[-15.55297750064781,27.94304177674891],[-15.552709489006942,27.943556749657034],[-15.552174939961771,27.944298406444375],[-15.552369828750509,27.94421109959018],[-15.552434982355097,27.944070312778923],[-15.55262536004988,27.94411936949679],[-15.552838612335483,27.944029253051042],[-15.553072830452413,27.94403206763943],[-15.553263145135118,27.944164471247134],[-15.553414431775057,27.944489417723098],[-15.553770618240213,27.944489429835897],[-15.554286959064157,27.944611420888272],[-15.554772620653848,27.94489616641027],[-15.554900193898666,27.944753023611952],[-15.554976147448356,27.944538142553096],[-15.555127531515806,27.944443650067708],[-15.55570762286461,27.94413935230089],[-15.556122391462077,27.944105992300997],[-15.556734228676692,27.943967209850538],[-15.557048436685958,27.943789909864535],[-15.557287809038934,27.9435176397704],[-15.557146798411218,27.944119633999808],[-15.55656748398986,27.94450328312011],[-15.556541469657098,27.94456838361844],[-15.557122325053092,27.944580053454214],[-15.557215726981484,27.944656216485004],[-15.557438881529102,27.944594650814928],[-15.557690769094236,27.944645193661838],[-15.558047883101379,27.94444587194726],[-15.55849345360321,27.944432510441445],[-15.558628294539945,27.944687476237153],[-15.558831361485243,27.9446732107287],[-15.5589766321794,27.94477401368255],[-15.559195530838597,27.944738902908988],[-15.55944477159249,27.944784533499764],[-15.559613927235361,27.94494374352004],[-15.559882257690216,27.945095599152566],[-15.560017672816777,27.945334962311886],[-15.560170127121134,27.94578742252832],[-15.560377694563305,27.9459830080329],[-15.560467322437605,27.94620564926018],[-15.560682448147837,27.946384313759918],[-15.56094029186821,27.947149765451528],[-15.56088735857141,27.947517276682373],[-15.561324902784406,27.947423777748188],[-15.561461668244965,27.947514213412216],[-15.561462831246246,27.947613290355868],[-15.56131056635125,27.947733791455487],[-15.561296361847901,27.94791598057385],[-15.561379676146371,27.947986413481672],[-15.561214619156964,27.948275376609473],[-15.561222161632806,27.948503407039404],[-15.562045116855936,27.948530236233143],[-15.562320335575878,27.94862400537722],[-15.562504506327103,27.94892064236575],[-15.562619305673532,27.949004955927972],[-15.562945165052462,27.94886236740012],[-15.563166090310485,27.948844276145184],[-15.563354787134468,27.948911676860185],[-15.563639748985596,27.949127305664526],[-15.563732602908237,27.94928031422937],[-15.563769249351022,27.94950923627943],[-15.564019137687723,27.949661384773503],[-15.564339636336529,27.95013014025453],[-15.564471023027716,27.95021726387616],[-15.564578163606397,27.950462470357106],[-15.56454669129676,27.950661963268917],[-15.564289020645683,27.950937579480925],[-15.564215942930257,27.95111626384495],[-15.564200439563754,27.951826075212526],[-15.564127581732755,27.95204720410101],[-15.563995971299363,27.952109127784283],[-15.564392212022437,27.9520146327512],[-15.564467774354432,27.9519422504389],[-15.564411196110022,27.951849322628597],[-15.564507147693257,27.951819320232513],[-15.565295201697207,27.95172567060684],[-15.566124805801337,27.95195436626304],[-15.566170644711736,27.952073480039243],[-15.566286731405066,27.952037038500674],[-15.566420198152507,27.952144092528542],[-15.566659491160442,27.952180949296675],[-15.566701401039937,27.952232772920485],[-15.56670901085371,27.95241689465195],[-15.566789521768424,27.95247476996992],[-15.567286297590032,27.95229391452775],[-15.567413178311607,27.952295991371713],[-15.567568755919009,27.952373633066944],[-15.568004276199929,27.952298753119255],[-15.56817825889109,27.952318986999355],[-15.568387519081858,27.95252206352508],[-15.568527416697176,27.95299074197095],[-15.568913372551048,27.953110336232886],[-15.56908089867816,27.953077714842575],[-15.569236816246725,27.95297163351853],[-15.56970583026642,27.95249119322875],[-15.569769024646014,27.952476334829722],[-15.570487485077281,27.953036803972154],[-15.570854457545275,27.95322680162526],[-15.571092702999445,27.95346570868799],[-15.571132000906301,27.953391595586947],[-15.570976555839673,27.952597855139143],[-15.571114310232888,27.952502535143072],[-15.571352534424037,27.952428616534853],[-15.571490810209525,27.952277966864674],[-15.570981006704304,27.952176243699004],[-15.570885223738653,27.952102717997402],[-15.57078575242727,27.95183813975868],[-15.570933416949584,27.95162092191785],[-15.571078786555342,27.951504771914347],[-15.571185890657643,27.9512067940442],[-15.571465836556415,27.950874969157763],[-15.571947581796744,27.950468283099895],[-15.572109983044822,27.95044599734178],[-15.572291403130516,27.950244191462225],[-15.572548236026346,27.949598082379687],[-15.57264522415712,27.94914488817074],[-15.572794990884379,27.94892673881734],[-15.573778927715573,27.948906473658443],[-15.574108598741313,27.94878015495744],[-15.574259817061868,27.94877172480297],[-15.574413789838113,27.948976467183567],[-15.574919664485703,27.94993557080578],[-15.575190174355994,27.950246841830754],[-15.575387173537923,27.950313766965987],[-15.575482389766867,27.95051022302973],[-15.575543279576266,27.950521234287383],[-15.575495264987817,27.950396211023325],[-15.575511142492259,27.950104533020042],[-15.575631810740772,27.949828882289687],[-15.575687091001864,27.949545127762477],[-15.575622725798786,27.949308038179126],[-15.575796184425592,27.949049986042855],[-15.575989510092098,27.949156780388478],[-15.576051846292037,27.94913398789158],[-15.576086139332027,27.949010353564095],[-15.576033943516638,27.94876402363839],[-15.57637053200515,27.94874643821629],[-15.57648066134659,27.948630863406237],[-15.576479108617876,27.94858349565103],[-15.576323599034543,27.948484343086644],[-15.576221203130686,27.948348570733362],[-15.576164581655728,27.947881275752458],[-15.576670987383999,27.94820745320666],[-15.57706677298944,27.94821576061191],[-15.577175537237983,27.94814958730264],[-15.577193348761817,27.947645150085695],[-15.577030182446286,27.947268139906704],[-15.57713660542975,27.947002666917104],[-15.577079792122754,27.946840272693205],[-15.577095591601983,27.946508008853716],[-15.577239169206479,27.94634795205534],[-15.577236009437721,27.94624310640222],[-15.577127497506638,27.946115439575838],[-15.577131958542216,27.94591436908557],[-15.577626297522112,27.94589583041331],[-15.577840986036504,27.945987231663516],[-15.578245525774388,27.945995489997397],[-15.578682912193441,27.946093889188],[-15.578844743658344,27.94628463769951],[-15.578871792297106,27.946686681611506],[-15.579245789144743,27.946940945736895],[-15.579415412978896,27.94690758990678],[-15.579533945314745,27.946626600716414],[-15.579595497649622,27.94657925619937],[-15.579878835412941,27.946520289545344],[-15.580048504090694,27.946404163212993],[-15.58031920537544,27.946445928218075],[-15.580404603219343,27.946417259205013],[-15.580467325847156,27.946284693484014],[-15.580390095464193,27.945954843641665],[-15.58051762583828,27.9455322706283],[-15.580691728901384,27.945272557695446],[-15.580795621448171,27.94520496679183],[-15.580925206944073,27.945197333771652],[-15.581105164605056,27.94530245324115],[-15.58117292406726,27.94529074792546],[-15.581163553539657,27.945150551372087],[-15.58097051986156,27.94491174152781],[-15.581319007499339,27.944901469066252],[-15.581191718464046,27.944760750298627],[-15.581185128470054,27.94459308153534],[-15.581370612738619,27.944393999917793],[-15.581630563829044,27.944251492311185],[-15.58167903079819,27.94386059430245],[-15.581901675431322,27.94364618039683],[-15.58230829067671,27.943402399302077],[-15.582502865188417,27.94317048223652],[-15.582704207408852,27.94307848351991],[-15.583077715755968,27.94300397219367],[-15.583329869551283,27.942712881146477],[-15.58361814634558,27.94260680057176],[-15.583854571329939,27.94244590101268],[-15.584004421313287,27.94242677795575],[-15.584193526144679,27.942207014160793],[-15.58460190774792,27.942025180932056],[-15.584659592683723,27.94192498784669],[-15.584795635848847,27.941879057891278],[-15.585400782272416,27.94139103547261],[-15.58553213850299,27.94135076666683],[-15.585662712142923,27.94137649825301],[-15.585865252105574,27.941176029156374],[-15.586176670077883,27.94101958186473],[-15.586488522452623,27.94106418377125],[-15.586424478620954,27.940893726866666],[-15.58662458734492,27.94093230483769],[-15.58675895104428,27.940606043277466],[-15.587044790477648,27.940471945836567],[-15.587501362041834,27.940091004345167],[-15.588101524118496,27.939797841566424],[-15.588258021004203,27.939775643394643],[-15.588452476742077,27.939645399859632],[-15.588774130328947,27.9397285275724],[-15.58889547210144,27.939611595074506],[-15.589354778755462,27.939532348810495],[-15.5898342256354,27.93885698194114],[-15.589867879251603,27.938634048757795],[-15.589501685615808,27.938322195813136],[-15.589198855196935,27.937773470203684],[-15.58907377187825,27.937293853395868],[-15.588842766314466,27.93701852159027],[-15.58866765013479,27.93660898812285],[-15.58839991973876,27.936514986650828],[-15.58832357611429,27.936419444919533],[-15.58822645717902,27.93598053734122],[-15.588569852829266,27.936185863107987],[-15.589112404901835,27.936339666933023],[-15.589734650184,27.936793567610138],[-15.589803396623038,27.936934818255494],[-15.58990083719666,27.937538269352316],[-15.5902045709225,27.93800579972078],[-15.590530739674282,27.93820214007515],[-15.59066466673911,27.938336602140197],[-15.590856457538383,27.938973020815013],[-15.590977504465036,27.939187256190102],[-15.59120231190678,27.939382739000372],[-15.591381026145505,27.939434978704277],[-15.591787425620204,27.939255434759733],[-15.59185595206317,27.93914291524864],[-15.592027117556128,27.938235569116827],[-15.592034904498703,27.938079113935707],[-15.591923188182838,27.93769337848468],[-15.591907881366312,27.937451084506737],[-15.592064307801188,27.936465807279784],[-15.592549683504124,27.936362904732427],[-15.592761888455733,27.936089878263385],[-15.593185766076033,27.93606855439946],[-15.593309634539299,27.93599898142625],[-15.593371572463688,27.93581976115192],[-15.593061911508114,27.935221117390956],[-15.593125795055416,27.935066875867197],[-15.593277919968386,27.935016102036577],[-15.593586255658952,27.93513407555528],[-15.593780773522932,27.935110849705012],[-15.593870401122759,27.935025247296576],[-15.594042283278993,27.93457647245487],[-15.594228524078348,27.93440047078342],[-15.594389894686836,27.934408729240957],[-15.594829890001508,27.934573794772454],[-15.594982489440692,27.934557969985505],[-15.595045158245187,27.934479416117163],[-15.59497078364794,27.934228278338008],[-15.594996653773586,27.9341415063177],[-15.595075707974157,27.93408541330001],[-15.595458794533489,27.9340800020651],[-15.595573148160724,27.93402015430689],[-15.595634843881804,27.933912564172363],[-15.595651792945011,27.93356325007432],[-15.596254772396314,27.933468067621238],[-15.596679651200542,27.933072212101905],[-15.596756008119604,27.93293986880087],[-15.59671337433829,27.932579835779595],[-15.596765599410272,27.932228770865162],[-15.596616229354463,27.93179929431308],[-15.59675842092541,27.931218054471614],[-15.59688087574654,27.931040601444682],[-15.597170839725647,27.930776186069423],[-15.597316767687042,27.930402047464792],[-15.597678119219696,27.930255892500984],[-15.597860271737844,27.930111399290563],[-15.597971123671732,27.929661945600206],[-15.598149177128493,27.92960021231628],[-15.598214033282627,27.930259460407644],[-15.598034566070424,27.93064615785673],[-15.59815342201254,27.930995135285823],[-15.598151965469235,27.931468974603913],[-15.59823667843507,27.93166223813305],[-15.598292769010772,27.932453220530853],[-15.598523155030666,27.932834968793248],[-15.598538537484622,27.933339336676767],[-15.59849266160548,27.933572615953512],[-15.59861974345149,27.934389738832248],[-15.59846018547047,27.93455923921511],[-15.598414578193218,27.934675345442567],[-15.598431605876486,27.934814198591432],[-15.598351858234679,27.935006190565062],[-15.598170150918076,27.935177502002677],[-15.598303808720539,27.935583141037434],[-15.598280805365675,27.935743381805523],[-15.598179468701751,27.935891234653436],[-15.598041754674654,27.93628108152144],[-15.598140610715252,27.93653169588594],[-15.598053907805083,27.936845312944477],[-15.597899273083936,27.93707906425442],[-15.597479810865222,27.93732335293681],[-15.597192704071762,27.937903325948263],[-15.596952918601447,27.93808725478881],[-15.59679563262183,27.938135238599553],[-15.596733584709176,27.938219640104112],[-15.59661839265705,27.938547552255272],[-15.596402038567536,27.938908129265233],[-15.596395887713136,27.939102238585257],[-15.596547559710553,27.93932725907514],[-15.596864238576089,27.939410560899876],[-15.596958754684438,27.93948182633345],[-15.59713652332144,27.939738688930948],[-15.597293306527428,27.940134840184506],[-15.597420941586154,27.94029505907346],[-15.597578559170541,27.940399179702084],[-15.597748121681004,27.941103640558772],[-15.597741832286378,27.941290619046967],[-15.59787862104402,27.941266825487705],[-15.597994303066526,27.941304959079396],[-15.59811614007546,27.941482444206454],[-15.59815534546879,27.941698292303162],[-15.598086506373543,27.941860176373357],[-15.59818594360743,27.942178400867657],[-15.598419847462772,27.942438448019384],[-15.598446827171106,27.94285195223025],[-15.59840939509982,27.942976508290194],[-15.598209698531692,27.943113775503168],[-15.599005178240418,27.94334781970098],[-15.598980984567923,27.944139962079387],[-15.598824561385175,27.945046150116273],[-15.598798198872643,27.94548218300365],[-15.598893715780568,27.945788959407526],[-15.599250829489659,27.945993313342225],[-15.599327278731733,27.946178667780075],[-15.599373669286296,27.946498385851193],[-15.59930074070596,27.946803548131292],[-15.599086920379438,27.94721927349592],[-15.599039854400385,27.94773501529586],[-15.599082149134913,27.94790201290355],[-15.59901360329169,27.948006935125342],[-15.598582087000311,27.94833983540311],[-15.598396487118732,27.948546550163744],[-15.597823537153497,27.948800624442235],[-15.59771844502446,27.94893332761896],[-15.597657261563159,27.949175699739676],[-15.597543344082137,27.949367297703848],[-15.596821935782092,27.94983694714177],[-15.596778325955688,27.95039176040583],[-15.596814844382239,27.950858302420738],[-15.596213964226546,27.952008248848443],[-15.595835902495972,27.95219421892904],[-15.595545599486867,27.95242250642613],[-15.595329561924059,27.95245711198305],[-15.595049145324946,27.95261620821473],[-15.594145746140983,27.953403571348243],[-15.593531935694983,27.95485506652264],[-15.593346313623922,27.954931333251185],[-15.592396649401872,27.954921973467634],[-15.592139758897536,27.95499764258665],[-15.591974957652656,27.95512644580564],[-15.591697892828819,27.95444807818153],[-15.591554850328645,27.954260388008876],[-15.590122556702878,27.953268772171572],[-15.589415323834656,27.952933737936583],[-15.588862542386435,27.952247788218344],[-15.588725394858503,27.952002206084575],[-15.587846524658305,27.952051819807444],[-15.587262079813403,27.95231257960931],[-15.586584499124065,27.952495559254192],[-15.586022965699254,27.952576125690705],[-15.585412425905721,27.952599034604663],[-15.585087438830932,27.952564217730203],[-15.58450306307582,27.95353801574699],[-15.58426976137316,27.953803680630614],[-15.583932636579503,27.95385647539917],[-15.5830376808823,27.954264592729825],[-15.582688906233574,27.95428755413607],[-15.581929662886065,27.95463948283645],[-15.581559092009504,27.954939665341175],[-15.58094488327552,27.95560927112186],[-15.580693879576799,27.955798996593494],[-15.579878189151504,27.955978283369756],[-15.579396677574088,27.956141986442578],[-15.579312438386223,27.956282531809055],[-15.57948932888394,27.956244144179106],[-15.579687304713618,27.95630866666364],[-15.580006052416435,27.95671498736054],[-15.580090675976216,27.95704583476602],[-15.580015408483899,27.957286182372986],[-15.579409323136206,27.958015325895246],[-15.579168707202815,27.958229016941864],[-15.578533608668046,27.95847623200364],[-15.578415189954077,27.95846093232131],[-15.578013856527518,27.95860145510635],[-15.577900837470732,27.958951007384655],[-15.57804417358568,27.959387858312414],[-15.578049891209426,27.960155768936605],[-15.57792163120874,27.96046909628201],[-15.57759208585605,27.960937992757174],[-15.576680337663056,27.961511335445817],[-15.576380826371249,27.961894075016914],[-15.575990580340893,27.96226834718612],[-15.575664086725482,27.962414417574543],[-15.575308556161815,27.962453186216642],[-15.574883777630832,27.962412985384912],[-15.574404399572444,27.962218377074223],[-15.57385719601611,27.962463037379546],[-15.573711090860826,27.9624807077593],[-15.573272474529148,27.962361392039856],[-15.572378831862737,27.962268521903905],[-15.572127740993425,27.962081170578323],[-15.572045168012556,27.96196190485054],[-15.571772714634863,27.961926296830807],[-15.57168694729708,27.96195319280401],[-15.571663592214726,27.962228724507778],[-15.571562304569838,27.96236650147636],[-15.570652460810768,27.962726594767155],[-15.569884180832851,27.962944695519088],[-15.569613417719784,27.963260410758032],[-15.56935886042245,27.963310977800774]]]}},{"id":"48","type":"Feature","properties":{"categoria":"Monumento Natural","nombre":"Barranco del Draguillo","codigo":"C-33"},"geometry":{"type":"Polygon","coordinates":[[[-15.46795877436174,27.955967681717635],[-15.467560000834348,27.955927017689557],[-15.46747059137546,27.956063836817016],[-15.467185283815365,27.955918084660695],[-15.46673904665763,27.95584816056874],[-15.466564036671464,27.95577527481355],[-15.466057153961701,27.956184699128986],[-15.465843714538796,27.95629305252807],[-15.464811646203245,27.95671440266932],[-15.464377225829432,27.956836162354534],[-15.464114062260728,27.956988999426333],[-15.463595268718587,27.95738961508265],[-15.463339827554043,27.957681711638248],[-15.463139467364092,27.958037011788655],[-15.463098978192605,27.958267163494664],[-15.463057245547752,27.958183982982113],[-15.462740548391483,27.958062278397538],[-15.46248729758194,27.95789581632706],[-15.462659050104458,27.957797973869663],[-15.462643571664168,27.957715985525475],[-15.462579960790084,27.957735170365538],[-15.462551029479108,27.95768127348267],[-15.462417490909,27.95720279349784],[-15.462344586961017,27.957132572443584],[-15.462294854101767,27.957150730809406],[-15.462212858451672,27.957377741145574],[-15.461707249836266,27.957494327648423],[-15.46132652779071,27.957377348123607],[-15.460785523232651,27.956623584670666],[-15.460159701725543,27.955525263821535],[-15.459987139589877,27.955107881632507],[-15.459933476467276,27.95491939263735],[-15.45994480347416,27.954713534794344],[-15.459895658414302,27.954631551551767],[-15.458377445751724,27.95357321230207],[-15.457942526077844,27.95313593821164],[-15.458467932432061,27.953334592981545],[-15.459109901329201,27.953450709514286],[-15.45857846184699,27.952930438599708],[-15.458037872411504,27.9521851131562],[-15.458163899982885,27.951261393267803],[-15.458394801601134,27.951083664601267],[-15.45839013860898,27.95092576776735],[-15.458171690481013,27.950770356949846],[-15.457972003389505,27.950325673049395],[-15.457706532067432,27.949916693491964],[-15.45750999813387,27.949745240041466],[-15.457374409806153,27.94933760235676],[-15.457050010815944,27.949168347285944],[-15.456702420250245,27.94918546955651],[-15.455976417854478,27.949015569003556],[-15.454646689535373,27.94901203351119],[-15.454473025064503,27.949125675888425],[-15.454149583607824,27.94969208798138],[-15.453858425057154,27.949919186087488],[-15.453544146575371,27.950083960590835],[-15.45344490666123,27.94993263050168],[-15.453194418452515,27.949834156132784],[-15.453080820096034,27.94989591505576],[-15.452865419023126,27.950166537240598],[-15.452577178400832,27.950278519796004],[-15.452180816636567,27.950303293073866],[-15.451812595320764,27.95025033889621],[-15.451084725116063,27.95025001778348],[-15.450813445883592,27.950040572576597],[-15.450757948085139,27.949895416304685],[-15.450789731989548,27.949715670832806],[-15.450957040552433,27.949368478143487],[-15.451505535079122,27.948770884654305],[-15.451495728943947,27.948502796619913],[-15.4513652930768,27.948505518191748],[-15.451208726105003,27.948436069250313],[-15.450922076143506,27.948454212299506],[-15.450767323786705,27.948351610906162],[-15.450380958236536,27.948568395799875],[-15.450019523484888,27.948603909058136],[-15.449408337346986,27.948508062838613],[-15.448996728544884,27.948315664845772],[-15.44850245577164,27.947623763447115],[-15.447910535246958,27.94772560342936],[-15.44785211659713,27.948003492407427],[-15.44769042350936,27.94811421631428],[-15.447426929299803,27.948013690808054],[-15.447274684933232,27.948008308308854],[-15.447029601594576,27.948081286054467],[-15.446911976591766,27.94819690190004],[-15.44675038161528,27.948256985519727],[-15.446362708118885,27.948297085959457],[-15.445768847302682,27.948190250081794],[-15.445492660090915,27.948039656788556],[-15.445313395006956,27.948118739965626],[-15.44507623372879,27.948059439481437],[-15.444958560454165,27.948253162557517],[-15.444654658989315,27.94831953981152],[-15.444316328815967,27.94857937020611],[-15.443878647279794,27.948446943518228],[-15.443370786404122,27.948528646734687],[-15.443239278471765,27.948440269052337],[-15.443083436527255,27.948414567108866],[-15.442918314859652,27.948413344971396],[-15.442682273217478,27.94853086249631],[-15.442669396125249,27.9485891341784],[-15.442886635396956,27.948796608676112],[-15.443160936878472,27.948926744029606],[-15.443295884497722,27.9490544161303],[-15.443595931073677,27.949466884474138],[-15.443977478964495,27.949696080903276],[-15.44410734066929,27.949925228980433],[-15.44408800391993,27.950122659319128],[-15.444157001745934,27.950246462495926],[-15.444327595121392,27.95041942879972],[-15.444794235047885,27.95073693038721],[-15.444855581985015,27.950959740013193],[-15.444473463986546,27.95078566870526],[-15.444221706053431,27.95079781064474],[-15.443893744263267,27.95073029665666],[-15.443525979582462,27.95045302034881],[-15.443518137758094,27.950341541664244],[-15.443447975464634,27.950261270195874],[-15.442905810496473,27.950193251136824],[-15.442518611456572,27.94992438249754],[-15.442140988666488,27.949924445954775],[-15.441942964285401,27.949845941191718],[-15.441822617601604,27.94986459200446],[-15.441528513421467,27.949609710868955],[-15.44045415208935,27.949523702680494],[-15.440325639043115,27.94938631263103],[-15.440263654042914,27.949206402324247],[-15.44035788468142,27.948837812972037],[-15.440344677501367,27.948710542418056],[-15.44023294116538,27.94868188900809],[-15.440095205937837,27.94895551422048],[-15.439775175463875,27.94892027348902],[-15.439427564262166,27.948596909594414],[-15.439062833512791,27.948368649483513],[-15.43881364470714,27.948027649257913],[-15.438718569814279,27.947985813199132],[-15.438302138731537,27.948010550273157],[-15.437985638968891,27.947974100625924],[-15.437146507768981,27.94693636905705],[-15.43693263989058,27.94687356738315],[-15.436707441386238,27.946724693763798],[-15.436587970305954,27.94655247095336],[-15.436537212731722,27.94628222251028],[-15.436298526806988,27.946001062947932],[-15.436306062987443,27.94572679404429],[-15.436411187734018,27.945553859082334],[-15.436382149960513,27.945314226444577],[-15.436293161285828,27.945203276225225],[-15.436050683050485,27.945052538421123],[-15.435545038737454,27.944438525911547],[-15.435206044821385,27.94391412126766],[-15.435072615468213,27.94349070959219],[-15.434858640537135,27.943510799034026],[-15.434496459296941,27.943785968230777],[-15.433796840787922,27.94385496713397],[-15.433556243237254,27.943938504435962],[-15.433528567561666,27.9440383170949],[-15.433398911612617,27.944017629520463],[-15.43322651660842,27.944110226414253],[-15.432709500203337,27.944144113502258],[-15.431989665054521,27.944383859452415],[-15.431799545840384,27.944384455858426],[-15.431588128780017,27.944283074234892],[-15.431028797065496,27.943904478645962],[-15.430412435542078,27.943368353808744],[-15.429738214185875,27.94299196732459],[-15.429589360112042,27.94286070159281],[-15.429410722112307,27.94259408760952],[-15.429159469541009,27.9424557192991],[-15.428600983175425,27.94228676621039],[-15.428190046696649,27.941939831562717],[-15.428052822739888,27.941726521204835],[-15.428007506811019,27.941315526979427],[-15.427802913966215,27.941079817113625],[-15.427639839024314,27.94052175745303],[-15.427653884576618,27.9399203494604],[-15.427821763270341,27.939834943270924],[-15.42805221042433,27.939823565758477],[-15.428150186145466,27.939705986854992],[-15.42859112343009,27.939493521356656],[-15.429146726373725,27.93947084866937],[-15.42900734416089,27.93918240767503],[-15.430162666710755,27.938857060713172],[-15.430717678361983,27.93877385677661],[-15.433522558193504,27.939994046048405],[-15.434104507675963,27.940073383006556],[-15.434935046438733,27.939982212437585],[-15.435431012490325,27.93999765382423],[-15.435485589146761,27.940679939701944],[-15.435852398708045,27.941150903063434],[-15.435922692372873,27.9414875398448],[-15.436531128822516,27.941758279179542],[-15.437189498466003,27.942433736432786],[-15.437936176813396,27.942686374130822],[-15.438600615030197,27.942733989099946],[-15.438577321851728,27.942877158906935],[-15.438361417232308,27.942983843233755],[-15.43827099119817,27.94312855167327],[-15.438464652249158,27.943794389548135],[-15.438413760359118,27.944123141473604],[-15.43824590088958,27.94430519528765],[-15.438212109669811,27.944435148832966],[-15.43824994905893,27.944568849250242],[-15.43843568653897,27.944749777267543],[-15.438451317891785,27.944925947026977],[-15.438630722195345,27.945237800811643],[-15.438649694901729,27.945650067600134],[-15.439349713740718,27.94514651923139],[-15.439861216729323,27.945050693440912],[-15.440370532900554,27.94504600612175],[-15.44085668103333,27.94519574543787],[-15.440959332691259,27.945305019593057],[-15.44104922297376,27.945595864348604],[-15.44112083935819,27.94566071161825],[-15.442287273760599,27.946113657711223],[-15.442809284283156,27.94580167575741],[-15.443483358317618,27.945699360257766],[-15.444204341677404,27.945164434421713],[-15.444739790997644,27.945003439087806],[-15.445291860044863,27.94513352054939],[-15.445619042703179,27.945444145065768],[-15.445824609343857,27.945724336855232],[-15.445992692545127,27.94579914440975],[-15.446558454763052,27.945506177882283],[-15.447311929207364,27.945237932613225],[-15.4474459495946,27.945040555872595],[-15.447518126313364,27.944716243086624],[-15.447907908120776,27.94457956732478],[-15.448086292882293,27.9446990488132],[-15.448416968474746,27.944772898060037],[-15.448931191570313,27.94498516720562],[-15.448966424950424,27.9451475421486],[-15.44892346375719,27.94557466940661],[-15.44896803266577,27.945782149953388],[-15.449085683136103,27.94596321319068],[-15.44945787997333,27.946243647577994],[-15.449526977545206,27.94623710292807],[-15.449379702668457,27.945952534682277],[-15.44939405270365,27.945692181139812],[-15.44970627321572,27.94518082347481],[-15.450046304919942,27.944866316770042],[-15.450354574544146,27.944798519499685],[-15.451408768970126,27.944917342702745],[-15.451672161664106,27.944839891258674],[-15.452132788905146,27.945491599182454],[-15.452190690059318,27.945728567991],[-15.452143228657395,27.945895901504702],[-15.452305245987466,27.945903145014597],[-15.452843022956046,27.945730311684642],[-15.453241790981103,27.945818420035778],[-15.453556696046205,27.94574351377232],[-15.453863429832351,27.945808596382015],[-15.45421496837566,27.94611846511517],[-15.454478119079667,27.94623034433721],[-15.454841263660557,27.94617471513524],[-15.455169807815047,27.94622028349975],[-15.455668424601596,27.94610588639219],[-15.45591831217432,27.946186703942548],[-15.456072015122846,27.946298942510545],[-15.456284021125645,27.946741454950228],[-15.456341294684593,27.94682679781605],[-15.456406997467317,27.94683435571062],[-15.456642494068307,27.946615855175725],[-15.456930934654821,27.946494374780006],[-15.457377162301167,27.946415136013705],[-15.457827472154637,27.94626590093146],[-15.458247643617316,27.946237288050394],[-15.458600701329598,27.94607437786779],[-15.459217238517198,27.946100315240443],[-15.459357202128013,27.94606874550889],[-15.45968208057381,27.94586860323214],[-15.460153058673082,27.945723260282243],[-15.460749734597425,27.945683759062764],[-15.461091339817102,27.945587295267817],[-15.461588039458139,27.945717322724178],[-15.46225510624029,27.945618874327284],[-15.462299294206074,27.94564644754755],[-15.462259070333488,27.945687349662524],[-15.461815547953641,27.945888596702417],[-15.461143268152624,27.94605717977462],[-15.460739491588441,27.946321886829974],[-15.460758207126737,27.946404988978667],[-15.46103012888604,27.946656834342768],[-15.461066458905858,27.94677982916128],[-15.461031770651749,27.946827235106795],[-15.460402600209314,27.946754668097817],[-15.459965544969455,27.94698327037382],[-15.459902528028394,27.94726959365329],[-15.459773225328655,27.94748987984653],[-15.459790250008883,27.947551657006393],[-15.460228163717943,27.94773684085086],[-15.460303257628613,27.947808729468907],[-15.460338922487166,27.948008998219404],[-15.46046940585437,27.94827251643951],[-15.46047434985578,27.948955815429425],[-15.460439461210118,27.949118550636797],[-15.46031138141564,27.94926765874798],[-15.460353486727046,27.949326060611558],[-15.460526574848236,27.94926557212011],[-15.460799204446678,27.949249983671333],[-15.461281568137233,27.94900254297522],[-15.461516886997858,27.94895772586374],[-15.461884700456457,27.94897850646116],[-15.462774232403119,27.949261703560392],[-15.463224023406923,27.949128105597957],[-15.463909664175898,27.94907443028963],[-15.46474882053309,27.94917066369791],[-15.465301885006816,27.949033041244103],[-15.465479783396823,27.949087475302722],[-15.465591858211463,27.949208174341845],[-15.465676333520378,27.9496371653007],[-15.4660200842211,27.949826791656573],[-15.466214432337104,27.949862823900503],[-15.466536501096428,27.94981403535766],[-15.466932135467307,27.949577875968227],[-15.467315957430307,27.94947750969918],[-15.467391244272742,27.94969005789871],[-15.467643863257292,27.949824954097107],[-15.467747140261961,27.949820934183535],[-15.468510224341799,27.949521147731257],[-15.4690264173902,27.949457016439613],[-15.469307547316236,27.94949641764114],[-15.470169958818794,27.949777600997496],[-15.471023204787228,27.949844415647274],[-15.471363346903782,27.949916589699217],[-15.471607844463648,27.950099699228012],[-15.472013282578384,27.950242581728354],[-15.47222247631482,27.950401765840514],[-15.472291550649615,27.950407540206072],[-15.472469380140828,27.950273856525857],[-15.472799285868096,27.950136313751017],[-15.473408918336613,27.950097015814567],[-15.474580414961766,27.949396341478817],[-15.475381600083757,27.949271091842967],[-15.475597484573287,27.949105913225385],[-15.475957303177116,27.94909564245128],[-15.476398932835236,27.949196122055234],[-15.476640015084488,27.949310286027966],[-15.477453153546481,27.949899298437753],[-15.477429125446244,27.949983334607097],[-15.476427032100418,27.950271162821206],[-15.476046333892826,27.9506209292821],[-15.475943726397945,27.95133172362705],[-15.475717367914253,27.95164123582994],[-15.475306449984153,27.952057896352752],[-15.475229810725539,27.95219809182323],[-15.4752199049707,27.952489704091416],[-15.475265867380434,27.952717070808983],[-15.474923302757903,27.952715627652513],[-15.474577097226057,27.952635090588846],[-15.473890709197759,27.952575537828082],[-15.473529716579757,27.952301866356354],[-15.473266300421054,27.952017951659705],[-15.473148273741298,27.951815267909282],[-15.473047640347216,27.951763603051276],[-15.472686257866533,27.952039758314296],[-15.472176674737165,27.95222973653673],[-15.47210741078893,27.952336472262942],[-15.471323095842317,27.952205418155934],[-15.470620617808892,27.951778956024853],[-15.47051011905661,27.95181896099174],[-15.470457111528582,27.951944364203282],[-15.470139880709759,27.95206115954862],[-15.469661558869591,27.9520770581943],[-15.469286395850709,27.951974447141456],[-15.468975846500303,27.952017577626926],[-15.46879947253141,27.952097432876847],[-15.46817709682789,27.95265116215069],[-15.468252546490305,27.95276186175094],[-15.468403276338279,27.95281551524109],[-15.468617130516082,27.95324537801648],[-15.468934976416335,27.953645990345148],[-15.468979477236607,27.95385394566182],[-15.469565706652991,27.954558542586884],[-15.46921222400894,27.956205259743708],[-15.469021617254398,27.956009657851933],[-15.46884723779413,27.95595276413329],[-15.468550373438584,27.955965669070743],[-15.468190718194682,27.955913369784394],[-15.46795877436174,27.955967681717635]]]}},{"id":"50","type":"Feature","properties":{"categoria":"Monumento Natural","nombre":"Roque Nublo","codigo":"C-21"},"geometry":{"type":"Polygon","coordinates":[[[-15.609990676814597,27.980341996212932],[-15.609947941796342,27.980232272532504],[-15.609896102112604,27.98021401501695],[-15.609669283900297,27.98035844201556],[-15.609265707804122,27.98048314222323],[-15.609004101167912,27.980426527644717],[-15.608830045047844,27.980489404132708],[-15.608593448105122,27.980399314150088],[-15.608492864972634,27.98045059938829],[-15.608272290597073,27.980341806167825],[-15.607796848292338,27.979985137149416],[-15.607667814329249,27.979836941635742],[-15.607515008496662,27.979801508415864],[-15.607294692494532,27.9795641674233],[-15.607010988509645,27.97962839223217],[-15.60658962837981,27.979573344461354],[-15.606500911698861,27.979473797287078],[-15.606466462793932,27.979135967776386],[-15.606397708105309,27.97923477393491],[-15.60635386501069,27.97898437656669],[-15.606156535010966,27.97881640446001],[-15.606007430474822,27.97847865568242],[-15.605717289523533,27.978322213056458],[-15.605485595142504,27.978059932284456],[-15.605314368665551,27.97804653141725],[-15.60522040223008,27.977942375594786],[-15.604812188556211,27.977818370050453],[-15.604817484052168,27.977575555413374],[-15.604729397947748,27.9774426312784],[-15.604780289195517,27.97699957689189],[-15.604616418957539,27.97687911815553],[-15.604643057698045,27.976605301082007],[-15.604567423269723,27.976495142455917],[-15.604599799481054,27.97643332739993],[-15.604791651763156,27.9763277703872],[-15.605065756966047,27.975911321017474],[-15.605587396710135,27.975456084757376],[-15.605916190508296,27.974786780107106],[-15.605671920111948,27.974889400953995],[-15.60515623382345,27.974924158615664],[-15.60468681048927,27.97502805678978],[-15.603914493710553,27.975049936588587],[-15.603441457612309,27.974972709645073],[-15.603026063310718,27.975021480721566],[-15.602987873361188,27.974999694330116],[-15.602999516039931,27.974869942666825],[-15.602687810848147,27.974899752758095],[-15.602623591584878,27.97467313919407],[-15.602464296498393,27.974580822141103],[-15.602538626877411,27.974343473379204],[-15.60241682225305,27.974147000445235],[-15.602392574808759,27.973973642818432],[-15.602217410922655,27.974011673331017],[-15.601996908196421,27.97387932686574],[-15.60131183986139,27.973002871253566],[-15.60117122329052,27.97299250886019],[-15.600612214272727,27.97328150511447],[-15.60043827299069,27.973246445000846],[-15.60032346514023,27.97313746590019],[-15.600294438355936,27.973033167598118],[-15.600455995864635,27.972829678868923],[-15.60049037096708,27.97233903483781],[-15.600582479824102,27.97220127713745],[-15.60056705827297,27.972144871202246],[-15.600411620163785,27.972043002271743],[-15.600773931450602,27.97195793849481],[-15.600781610505921,27.971615165750865],[-15.60091252717445,27.97140198883342],[-15.601094282567193,27.971288103951245],[-15.601027771148352,27.970969775566523],[-15.601059839498717,27.970826646918155],[-15.600954419969641,27.97068310780929],[-15.601171608156319,27.970479375233857],[-15.601207080225727,27.97036338505793],[-15.601199171473526,27.970136226662277],[-15.600943806981585,27.96958979705758],[-15.600955290639488,27.96913738298724],[-15.60115536464165,27.968781492864384],[-15.601114326066265,27.968681868998647],[-15.601166236963383,27.968571151010856],[-15.600968652643537,27.968403749750056],[-15.600960430715213,27.96821168984343],[-15.600871311398508,27.96804049270095],[-15.60068717218453,27.96804245215137],[-15.60060360800796,27.967928760026627],[-15.600693501471394,27.967723949849223],[-15.60077492359645,27.967170055034217],[-15.601400996725626,27.966468896455105],[-15.601482656677307,27.966105380860824],[-15.601588411601469,27.965906774555673],[-15.601870581166713,27.965674447889352],[-15.602381781899268,27.96550972390745],[-15.602538193806025,27.965396579984002],[-15.602672915785766,27.965485971756372],[-15.603231552067118,27.965547652206677],[-15.603557046056146,27.965958003301367],[-15.603659070045975,27.966017784310765],[-15.604482101179277,27.965974741091483],[-15.604944136382363,27.96618286056151],[-15.605307310666532,27.96619830655548],[-15.605477701304102,27.96612360726104],[-15.605684407360894,27.96585203027394],[-15.606151824983385,27.965807653242717],[-15.606389182438502,27.965723414117],[-15.607253792274358,27.965022712507043],[-15.60781034702771,27.964770964134356],[-15.607841135756937,27.96463361686799],[-15.607735812053432,27.96450403826861],[-15.607279216675392,27.96441370720695],[-15.607040785156299,27.964174549183852],[-15.606790997808268,27.96374081740066],[-15.606764819840445,27.963313952899195],[-15.606605055443868,27.963069843362238],[-15.606673637356463,27.96275287174562],[-15.60667337148944,27.962468971846494],[-15.606842224650222,27.962266021190043],[-15.606922990032826,27.96205533448719],[-15.60747404289655,27.96120481068008],[-15.607514417549718,27.96102194276925],[-15.607643253514805,27.960902920862075],[-15.607808894221108,27.960885868474286],[-15.607926904201479,27.96075449093392],[-15.608160342478392,27.960843874603015],[-15.608286704865295,27.960835083457987],[-15.608354130615401,27.96073368232628],[-15.608335627665182,27.960541523802984],[-15.608794966325714,27.960329920338182],[-15.60953924033654,27.95942146436594],[-15.609810592570824,27.959253008878356],[-15.61015793781298,27.959144155667033],[-15.610469056831409,27.958859578996798],[-15.61046275411018,27.957901907785907],[-15.610840558551228,27.957945800126012],[-15.611343191715667,27.957918590507425],[-15.611946855273574,27.957634976554743],[-15.612595141452443,27.95707329033509],[-15.613001404912103,27.956803260382053],[-15.613470459989918,27.956189216884518],[-15.613900548678751,27.95599129461366],[-15.614355793838987,27.95564017779525],[-15.614989192558477,27.95546951797876],[-15.615224153974772,27.95545560437207],[-15.615459327043986,27.955507704322947],[-15.616194387634307,27.9558819632869],[-15.617031696178277,27.955986536871666],[-15.617293709132504,27.955952720159218],[-15.61762409852325,27.955757986696177],[-15.61798324514565,27.955671890372535],[-15.618556055060447,27.955687940129685],[-15.618925958664278,27.955862485431297],[-15.619479207169935,27.956412307948565],[-15.619676549237338,27.956988438066496],[-15.619784358322626,27.95749504747504],[-15.619871410981995,27.957671017006064],[-15.620499145949786,27.958244610877404],[-15.620771299017527,27.95858930931412],[-15.621070102875095,27.95887234046929],[-15.621408477349554,27.959560335371037],[-15.621636239089392,27.959736381412966],[-15.62183250934071,27.959753404408033],[-15.622324498522916,27.959599526121156],[-15.623152472877926,27.95951736164762],[-15.624138028800898,27.95920236515357],[-15.624938581932327,27.95910469753907],[-15.625847148437087,27.95906461416568],[-15.626753592193683,27.9593330247489],[-15.627449701237746,27.95962696001896],[-15.627847323049851,27.959836153800318],[-15.6281547918271,27.9600948830959],[-15.62859479139043,27.960374364386706],[-15.629118388993968,27.960931946344015],[-15.629363531245447,27.961297395574572],[-15.629473098750498,27.961621867920382],[-15.629556840981746,27.962373401171945],[-15.629639047778666,27.96252381273662],[-15.629969455738719,27.962865030182424],[-15.630011398702875,27.962948175787577],[-15.629999291362317,27.96310421843523],[-15.629096170796185,27.96358050021676],[-15.628371576276985,27.96410651245696],[-15.627739736850083,27.964294992101042],[-15.62746385055582,27.964439671940166],[-15.626858288002179,27.96529126233853],[-15.626609045557107,27.965486948253822],[-15.626408029307358,27.965801426666168],[-15.625245097371215,27.966735706273123],[-15.62491005897865,27.967058599819968],[-15.624423927446724,27.967670023451518],[-15.62335037933187,27.968340571903653],[-15.622525406911551,27.969184191420922],[-15.621988462287879,27.969647783979614],[-15.621297808104003,27.969888929290985],[-15.62094675327589,27.96980487452677],[-15.620382609688416,27.97026469298321],[-15.620324050674936,27.970663879866844],[-15.619861292589201,27.971387261857487],[-15.61947066052265,27.971723084761752],[-15.619043524291465,27.971962743305582],[-15.618828013355866,27.972369432980194],[-15.618839113173532,27.972547035137822],[-15.619039759975093,27.97289926112624],[-15.619455411928872,27.973211675568148],[-15.619493377826393,27.973307696708094],[-15.61933426137101,27.97390391753726],[-15.619163962390946,27.97422301340098],[-15.619107118294476,27.97478120309443],[-15.618991200007349,27.9748802276806],[-15.618157500139473,27.975120710172387],[-15.617729296435629,27.97531861946995],[-15.617151125373715,27.9753792762179],[-15.61703877874342,27.97547741656048],[-15.616879351550155,27.975793147945865],[-15.616687401683881,27.976426334202156],[-15.616688250416997,27.977090431177924],[-15.616601163445148,27.977453924902353],[-15.616636384820517,27.977700448738705],[-15.616778878692894,27.97792512465505],[-15.616741994453037,27.978044157973155],[-15.616312385570529,27.97825493275895],[-15.615832527942702,27.978244516132982],[-15.615765729765437,27.978342451529652],[-15.615741380262417,27.978548954578965],[-15.615682527590437,27.978613634892444],[-15.615356228780403,27.978542156475335],[-15.615118863853995,27.978628722111406],[-15.614992867517985,27.978730677076708],[-15.614968251381194,27.978980077643648],[-15.614727593204748,27.979174692855292],[-15.614171305599099,27.9792790025591],[-15.613995669117086,27.979266643252423],[-15.613628416448908,27.979458355168926],[-15.6125692338338,27.979622818252473],[-15.612429829149978,27.979681067545815],[-15.612215884762572,27.97985721654573],[-15.612034134170852,27.980253337161184],[-15.611910767052782,27.980360766071982],[-15.610956541841144,27.98047290765738],[-15.610273270786749,27.98042740231442],[-15.609990676814597,27.980341996212932]]]}},{"id":"53","type":"Feature","properties":{"categoria":"Monumento Natural","nombre":"Lomo del Carretón","codigo":"G-11"},"geometry":{"type":"Polygon","coordinates":[[[-17.301714164456133,28.162666673295046],[-17.302249291385646,28.16248763672022],[-17.303372596226232,28.16187631838609],[-17.304050901880437,28.1617930995803],[-17.30441792683069,28.16162827078679],[-17.30544622832211,28.161567756567745],[-17.305622110547052,28.161489470674276],[-17.30599283580844,28.161180694663155],[-17.30595261291277,28.160887898943326],[-17.30599925208712,28.1605673922827],[-17.30587448704989,28.159949423726793],[-17.30556926357173,28.159166602782737],[-17.305286357248697,28.158748818953967],[-17.304973014279355,28.15808031914237],[-17.30497194071223,28.15781884134562],[-17.305087319824505,28.15739556948006],[-17.305183083291002,28.157226111218165],[-17.305831318622598,28.15684535207649],[-17.306781349947737,28.15679413316601],[-17.30708530967603,28.156693151547568],[-17.30771070859438,28.1549002445353],[-17.307692591376835,28.154592691917777],[-17.307771904668375,28.15415150385632],[-17.308136777357813,28.153313678066002],[-17.30828264654067,28.152474216876925],[-17.30863308352471,28.151531577075257],[-17.308614846652063,28.15117513295403],[-17.30887621378281,28.150857790621366],[-17.309425291496286,28.150463619662307],[-17.310534329266336,28.149944595957326],[-17.31091993308115,28.149398694647967],[-17.31122397473955,28.149169522687522],[-17.311533897969017,28.14874508339133],[-17.311754827814017,28.14864670293835],[-17.312276130195883,28.148570229683962],[-17.312430388751807,28.148453303724583],[-17.312507636703806,28.148312747476766],[-17.312437013528594,28.14817800856914],[-17.31250925834497,28.148056656529036],[-17.312475403967625,28.147725299259264],[-17.312660949279646,28.147817006837528],[-17.312771157673158,28.147802360153115],[-17.31317773417801,28.147351652461055],[-17.31332699517804,28.147252404833655],[-17.313333618140838,28.146850706614686],[-17.313477497923948,28.146352083801165],[-17.313717674836504,28.146092450233354],[-17.31371770711233,28.14589701166476],[-17.313850951110656,28.145743237505027],[-17.313838311835354,28.145594300970625],[-17.313937485962068,28.145474703953735],[-17.31376103696924,28.145136471450588],[-17.313802886102838,28.145028562271932],[-17.314394009094443,28.144672254119055],[-17.31480937579681,28.144536837407358],[-17.3154705335193,28.14421106598691],[-17.315672217896125,28.14423315515886],[-17.315879932373964,28.144171697483564],[-17.316565973427103,28.144139577358136],[-17.316931056004154,28.143862216162052],[-17.31714198543385,28.143464623186738],[-17.317365293026707,28.143266580322944],[-17.317629446682385,28.143119908573915],[-17.319048531283954,28.1429389790525],[-17.32045827556798,28.143125789123673],[-17.3205361019976,28.14305142059766],[-17.320562529088935,28.142912695814893],[-17.320861698073152,28.142325816607123],[-17.320845597248184,28.142207004248696],[-17.32073920173878,28.142040799269264],[-17.320690698459867,28.141654516182722],[-17.320501974864168,28.141386194545316],[-17.320408858944646,28.141112481871243],[-17.320165920726154,28.14079605381648],[-17.319975994762043,28.140373136605472],[-17.320013808981557,28.13996246452952],[-17.319911689083277,28.13937580575906],[-17.319779614682048,28.139226997898756],[-17.319714048702533,28.139018594695088],[-17.31922683530524,28.138846475307297],[-17.319699454619883,28.13885624775617],[-17.319893603234146,28.13895230277555],[-17.32002967944122,28.13909693730426],[-17.320093407005974,28.138951806086165],[-17.32008416445313,28.138787473743935],[-17.32075441326374,28.137808405615154],[-17.32080350496582,28.13752650817282],[-17.32115780779684,28.137180790010007],[-17.321395175726572,28.13678417803149],[-17.321763120055266,28.13659919714895],[-17.322035621567693,28.136330927004003],[-17.322028043431832,28.13599377669025],[-17.32259827219369,28.135744459676157],[-17.32260848449449,28.13541106815285],[-17.322760567043307,28.13503899885667],[-17.322755695410063,28.13433204129044],[-17.32295228409005,28.133631051668164],[-17.323064837520356,28.133436683107064],[-17.32327540716065,28.132581885018055],[-17.323353989770002,28.13243591410547],[-17.32334748348898,28.13216271857536],[-17.323231980135343,28.131699091832527],[-17.323253474807387,28.131289102323155],[-17.323301335914564,28.131164233821583],[-17.323377197034024,28.13108746114567],[-17.32385242500556,28.130948071810735],[-17.324282392575814,28.13035668500588],[-17.324566252224226,28.130134623008605],[-17.325042628489182,28.12991576303129],[-17.32524753666552,28.12959439731046],[-17.325609170918028,28.12943913674121],[-17.326038728077766,28.12915126652212],[-17.326556007981797,28.128967519280685],[-17.32679306123157,28.128781283953177],[-17.327119233389233,28.128397763350094],[-17.327980933248753,28.128510249386903],[-17.32869598466191,28.128742042725158],[-17.328871895850956,28.128845298081096],[-17.329000546194393,28.1290476346239],[-17.329046359651787,28.12922747739103],[-17.329296527788888,28.12930469278192],[-17.32971623915355,28.129593419279246],[-17.32970413739665,28.129837091417983],[-17.32982639144991,28.130107767375314],[-17.329759986396247,28.1302219451683],[-17.329769596554787,28.130324580250914],[-17.330095440352075,28.130967951538327],[-17.330735753299724,28.131156494144808],[-17.331039829493303,28.131410865858633],[-17.331196511897286,28.131802818436913],[-17.331398674347163,28.13214550751247],[-17.331432489214613,28.132582265163812],[-17.331298951782824,28.132629877924945],[-17.331229092019555,28.13273162742918],[-17.33113081274903,28.132775500076736],[-17.33048817116247,28.132838631372813],[-17.329828832169927,28.13321106161834],[-17.329775409552262,28.133280860356365],[-17.3297566050905,28.133141414655512],[-17.32983273756053,28.132948472485676],[-17.329349362949145,28.13290138138818],[-17.32904833194693,28.132992939317592],[-17.32871257962561,28.132985112485223],[-17.328436354699647,28.132952993878064],[-17.328250743116968,28.132893799816518],[-17.328167384678295,28.13281391961919],[-17.32808003128806,28.13281287766001],[-17.328033146804206,28.13296526004725],[-17.328410038113592,28.133421010657667],[-17.328532832284267,28.133681762212753],[-17.32848454199957,28.133853838660748],[-17.3283687715361,28.134021377550148],[-17.328072005610398,28.134319757344752],[-17.32830501928153,28.13478688569647],[-17.328244268369215,28.135131151338097],[-17.328531698282127,28.13564337134367],[-17.328643072559778,28.136251249168904],[-17.32768136037368,28.13676791668542],[-17.327642464042885,28.137162700202413],[-17.32745896812852,28.137408806181195],[-17.32713470044422,28.1375750141751],[-17.326744391163526,28.13769037099387],[-17.326688844060392,28.137748249337573],[-17.326717397731166,28.13806618443627],[-17.326546514954664,28.138170775590822],[-17.326503893038517,28.13831334035663],[-17.326589287447373,28.13844958027534],[-17.326780293612945,28.13857897336403],[-17.326892326628492,28.138864451372818],[-17.326776788049674,28.139076017223196],[-17.32678038246951,28.139359998748358],[-17.326697000800426,28.139448757285834],[-17.32598168749734,28.13983355382727],[-17.325607377713,28.1401244935128],[-17.325582497321296,28.140277945286364],[-17.325796926399775,28.140412445954563],[-17.325803779226508,28.14052701136269],[-17.325378845385977,28.141066219584864],[-17.32520765793054,28.14135957471984],[-17.324727412242378,28.141770060189476],[-17.32467803594076,28.141868707089888],[-17.324766061635874,28.142169121238265],[-17.324853987398225,28.142243421689223],[-17.32612170932657,28.142346504931446],[-17.326209917612875,28.142424408845322],[-17.326179411731662,28.14250595305373],[-17.325834512272667,28.14273566966997],[-17.32540774353977,28.143223298062797],[-17.32521322533926,28.143539426309662],[-17.324912086092244,28.14374529911396],[-17.324907938731364,28.143883150041496],[-17.32521886879226,28.144210457830052],[-17.325581122485495,28.14434542631292],[-17.32571263198721,28.144566330842203],[-17.32597642027531,28.144732836155068],[-17.326357993718556,28.14478193679189],[-17.326525025380946,28.14491778226694],[-17.326672690885605,28.144963005199543],[-17.32752012722664,28.1449717952858],[-17.327865052600004,28.14506311021757],[-17.32796714141414,28.145194282949014],[-17.327970380764295,28.145663962279038],[-17.32787448354065,28.145715489157677],[-17.327549601023897,28.145647293379984],[-17.327133092314078,28.145701019811117],[-17.326444706890754,28.14538382844665],[-17.325376048166216,28.145181185425216],[-17.324493001129724,28.1451780393586],[-17.323638890569818,28.145520246639766],[-17.323568252951148,28.145666804918857],[-17.323713604075646,28.14592068109255],[-17.323842110926932,28.146351422143002],[-17.323777249446213,28.146463775742248],[-17.32360823165728,28.14656589596365],[-17.32348860728294,28.146716172675486],[-17.32355746224669,28.14715640754562],[-17.323534831898638,28.147489648352238],[-17.323581884431835,28.147627352420937],[-17.323857802226676,28.1479404592565],[-17.324080848755404,28.148294163704257],[-17.32410447601756,28.148407722637337],[-17.323991685206,28.148506813926996],[-17.323564166486715,28.148485014256188],[-17.32327525077832,28.14822058065004],[-17.322688568743505,28.147941707234917],[-17.322593785866413,28.147691393705852],[-17.322502406399575,28.1475845776587],[-17.32194161729096,28.147396754511103],[-17.32162952651907,28.146902443983738],[-17.321244691678004,28.146523145138097],[-17.32111443267743,28.146525082140435],[-17.320611725010288,28.14673129432502],[-17.320084629291323,28.146722449384225],[-17.319992007326547,28.14678447231613],[-17.31979801916331,28.14708371173714],[-17.31949389004074,28.147222673578504],[-17.319495446217736,28.147360969364506],[-17.319685268739615,28.147567267666734],[-17.319712369366137,28.14774771917532],[-17.31951760104979,28.148010879604882],[-17.319340797270964,28.1486776939159],[-17.31911306143952,28.1490928176232],[-17.318658261155406,28.14918452249414],[-17.318300713353928,28.149121910876353],[-17.31793304849813,28.14916142915408],[-17.31763121902358,28.149346094727647],[-17.31723633644882,28.14979986548639],[-17.31679407191347,28.149925549307763],[-17.316443654684807,28.150402205918102],[-17.315781826408244,28.150585828549865],[-17.315370322006743,28.15060370453016],[-17.315192575145588,28.15066987056611],[-17.315151272392068,28.15080365782915],[-17.315332412764707,28.15119787721047],[-17.315365801565697,28.151500484844902],[-17.315514602625676,28.151971855758806],[-17.31550421475166,28.152085179575312],[-17.315424487464483,28.15217432126904],[-17.315302258783387,28.152209141351413],[-17.314925573112824,28.152151717256682],[-17.314728113882378,28.152186635593875],[-17.31451559071917,28.152472466728142],[-17.314184868761295,28.15280071812201],[-17.31362797187354,28.15307856225386],[-17.31352321737148,28.153291650450303],[-17.31271953084638,28.154184516660717],[-17.312721460575748,28.154283736927702],[-17.31298933891474,28.15467802826582],[-17.312996492598412,28.154816590716912],[-17.31294111663071,28.154878431265203],[-17.31251722862456,28.155040876332258],[-17.312074937829024,28.155285018228984],[-17.311921957839925,28.15543819494757],[-17.31173594915705,28.155774103287964],[-17.311446670993632,28.155956739785857],[-17.311292171058138,28.15678305656637],[-17.311408499689115,28.15703238310652],[-17.311398547402575,28.15717565571388],[-17.3112107919836,28.157373631448973],[-17.310860098160493,28.157507947810572],[-17.310772885309053,28.157604431793217],[-17.310786810059525,28.15803928537207],[-17.310879851740367,28.158285125445026],[-17.311100816770836,28.15859016252692],[-17.311668303998385,28.159021265070155],[-17.31200748922048,28.159701104233168],[-17.31197719716884,28.1597838151414],[-17.311834514979118,28.159852723848637],[-17.311569968538155,28.159827053789854],[-17.310728535677576,28.159601065534286],[-17.310607212968776,28.159616918240342],[-17.310524269112594,28.159684727201082],[-17.310526866078902,28.159933537408],[-17.310628034000008,28.16028742603956],[-17.31058906285145,28.160359545804983],[-17.310297933900063,28.16055619723998],[-17.3102568516579,28.1607054088702],[-17.310309961149905,28.160864851187416],[-17.310592699432437,28.16130112340733],[-17.310815081172915,28.161851832602522],[-17.310768552588478,28.162093441422943],[-17.310842410150126,28.16240339755523],[-17.310661484136556,28.162739579926413],[-17.31043023918067,28.16279518437695],[-17.309706484342254,28.16264994558976],[-17.309437492985644,28.162673612193096],[-17.308993587312663,28.16301973254797],[-17.30859168340568,28.16363881063199],[-17.308267266874626,28.163902699436132],[-17.308039892529866,28.164020222691228],[-17.3079971372207,28.16412488838815],[-17.308028558964192,28.164221725762008],[-17.30769428605578,28.16430167432508],[-17.307361941732502,28.16412565232747],[-17.306545249989345,28.164299121761452],[-17.306014719095717,28.164313662634303],[-17.30564705143828,28.16417248266352],[-17.304986047541373,28.164151518753886],[-17.304609710656898,28.164027607535157],[-17.304239823442884,28.163973244295015],[-17.30328841789399,28.16395481369908],[-17.303016102862376,28.164031281317],[-17.302701598764404,28.164255758711708],[-17.302528310097276,28.164130745103495],[-17.30235684522596,28.164102770159356],[-17.30228090200541,28.163960148313965],[-17.301901489626726,28.163945901801632],[-17.301580793761367,28.164093671351758],[-17.301533240517493,28.163391710251968],[-17.301714164456133,28.162666673295046]]]}},{"id":"57","type":"Feature","properties":{"categoria":"Monumento Natural","nombre":"Roque Cano","codigo":"G-6"},"geometry":{"type":"Polygon","coordinates":[[[-17.262111014477103,28.18129482113733],[-17.26179456361737,28.181589649252853],[-17.26160448033167,28.181978529848664],[-17.261651242122486,28.182119781182532],[-17.262025639378614,28.182446546663005],[-17.262018634049046,28.182592656764516],[-17.26186128250051,28.182896540117138],[-17.26217920349291,28.18359752546854],[-17.26217368941577,28.183862806470543],[-17.261802723287918,28.18445869053337],[-17.26135710315525,28.184667361566593],[-17.26125674221512,28.184766469921062],[-17.26123793433362,28.184898608708465],[-17.261337963094658,28.185475518995194],[-17.261229122774424,28.185670141997946],[-17.261046662583283,28.185739386875632],[-17.260341462139216,28.18571620843768],[-17.260196829474566,28.185821551501487],[-17.260174105345182,28.18593218957838],[-17.260425098093318,28.186830627740367],[-17.260406261311402,28.18707275892211],[-17.260031837929596,28.187732760172175],[-17.259886914706872,28.187843792380498],[-17.259676538979672,28.18787397531963],[-17.259460286898193,28.187750681189296],[-17.25883550328446,28.187150130341458],[-17.258001913154924,28.186227647629934],[-17.257221019906535,28.18581075911208],[-17.257149890604925,28.185541959878215],[-17.257324481803717,28.18503026456628],[-17.257271602429107,28.18486908114747],[-17.25717940230429,28.18479940941061],[-17.256951076987516,28.18474569805257],[-17.25646802394127,28.184758176054622],[-17.256349658137033,28.184674227465628],[-17.25607506243866,28.18426236887951],[-17.255921346317137,28.184194670670465],[-17.25571850886486,28.184258650060453],[-17.255400344357586,28.184727774811023],[-17.255172764428437,28.18481625307405],[-17.254983596126188,28.18472616135436],[-17.254742152592886,28.18447920594869],[-17.254450729939787,28.184301198326565],[-17.25441653681231,28.18384130988653],[-17.25430122944167,28.18368945486156],[-17.254118987930124,28.183643010035116],[-17.253799620016007,28.183768639401947],[-17.253682894024024,28.18371416709047],[-17.253289072293338,28.18277592730197],[-17.253176480596736,28.18231155429371],[-17.252982140049802,28.182144486851957],[-17.252762256419626,28.18214819697563],[-17.252567116830487,28.18165639826481],[-17.252354486488265,28.1815737268116],[-17.25242193760152,28.18134234538148],[-17.252364898646604,28.18015159423084],[-17.252480604105926,28.18003130588376],[-17.25300393575881,28.179050111075753],[-17.253568287889497,28.178686163654884],[-17.254035319205077,28.17846553477926],[-17.254132497785722,28.17866998723348],[-17.254272897878863,28.178727074173903],[-17.254385653072454,28.178877933913757],[-17.254549817885714,28.179240153397473],[-17.25455525039149,28.179392780939764],[-17.254692850356697,28.179555132622795],[-17.255001205571677,28.179652149164877],[-17.25548049048778,28.180046774104103],[-17.25572480403234,28.180159236317515],[-17.256239083649728,28.180194520854442],[-17.25675270860259,28.1800774131544],[-17.25702849558175,28.18008690507721],[-17.257359826658465,28.179953158075584],[-17.257599862619944,28.179626891536575],[-17.25805162620228,28.179303075810168],[-17.25858066451614,28.179145943966827],[-17.259192063258485,28.179186427198626],[-17.260051128507893,28.179524326254743],[-17.26052626410644,28.179985195046164],[-17.260764254570336,28.180126021979177],[-17.26134008486194,28.180216610912524],[-17.2614480577992,28.180271798823707],[-17.26177166257769,28.18058592413116],[-17.261887339849594,28.180934985182084],[-17.262111014477103,28.18129482113733]]]}},{"id":"58","type":"Feature","properties":{"categoria":"Monumento Natural","nombre":"Barranco del Cabrito","codigo":"G-9"},"geometry":{"type":"Polygon","coordinates":[[[-17.147230876921547,28.067396545470924],[-17.14675086703194,28.06645260186594],[-17.14670503628183,28.066168532302306],[-17.146715852492356,28.065592022218738],[-17.1469171172059,28.065548357301427],[-17.14699042629132,28.065485127591774],[-17.147036298358834,28.065049920884796],[-17.147098719581628,28.06493028316194],[-17.147413659296735,28.064679280067885],[-17.1474600000937,28.064564405662015],[-17.14717790196815,28.06445647539177],[-17.146443808055988,28.063323759752716],[-17.14592366381802,28.062851745356014],[-17.1455101371671,28.062619111086423],[-17.144920002297663,28.062732911231578],[-17.144928171044715,28.062485047855024],[-17.144847644532938,28.061931341965813],[-17.144941007970957,28.06152064146392],[-17.144930664617547,28.061212933671527],[-17.14467582259271,28.060706655082],[-17.144657345852348,28.06058557548333],[-17.144391719581673,28.060532967295334],[-17.14420921245453,28.060404073280004],[-17.1442328989732,28.060352087815303],[-17.14442720353185,28.060429633260092],[-17.144470724155795,28.060387805299865],[-17.14431408098164,28.06023973804197],[-17.144258860033222,28.059953557877822],[-17.143971272176824,28.05942484206529],[-17.143802991350785,28.059218211811732],[-17.143684209316287,28.058886552208705],[-17.14364832739074,28.058590594737442],[-17.143681193022143,28.058468081337246],[-17.143761978190508,28.058453644955705],[-17.143853047615842,28.05833211735387],[-17.1442628340812,28.05810941831581],[-17.14435815892156,28.05784362564065],[-17.144391513001814,28.05738199485281],[-17.144299338750525,28.05715062417618],[-17.144314467530382,28.056780326966187],[-17.144263711103157,28.056498588697607],[-17.143910761521393,28.055725539509098],[-17.14441328386554,28.055455641773154],[-17.144567949502022,28.0554788525222],[-17.14487526678565,28.05541359188483],[-17.145080806488444,28.055289011419244],[-17.14524098629996,28.055077700226573],[-17.14514607425988,28.054933812228505],[-17.145144729538377,28.05483024147737],[-17.14517483284353,28.054686565312508],[-17.14529856488294,28.05455559297025],[-17.145263246754237,28.054221547165856],[-17.14531537349499,28.054172726518825],[-17.145517542882274,28.054180755920946],[-17.145613479419673,28.054002392327366],[-17.145762493963044,28.053971638344468],[-17.146298343912175,28.054207441047648],[-17.146522306271713,28.054216752451104],[-17.147028592092344,28.054008959827048],[-17.147246175450913,28.05381506661844],[-17.147158646394537,28.053694706568173],[-17.147194627868462,28.05358080644776],[-17.147435818115582,28.053484630953278],[-17.147637518072692,28.053622605412365],[-17.14776858230471,28.05398853977455],[-17.147841659541545,28.053949857846025],[-17.14790453538929,28.054037576587945],[-17.147920648659706,28.053860641081645],[-17.147976821334236,28.05377493960925],[-17.14803654566558,28.053770666229394],[-17.148064924435687,28.053965043040016],[-17.148022651395095,28.05414103438489],[-17.148098373719662,28.054260946941106],[-17.14832550508213,28.05440402671716],[-17.148516324890913,28.054424411250444],[-17.14847412792454,28.054573510997695],[-17.14898932728829,28.0548803715406],[-17.149166450525644,28.054779781817807],[-17.1492303717644,28.0550324360071],[-17.149302806893832,28.055038159754528],[-17.149347469276687,28.05494144865221],[-17.14940983735945,28.0549319897664],[-17.149511167720604,28.0551732295826],[-17.149730055068876,28.055341431499706],[-17.14983922094676,28.055674770067114],[-17.15001198951592,28.055738658461987],[-17.150530644248892,28.055687228598746],[-17.15049085201951,28.055926338220676],[-17.150533527340244,28.0560926071811],[-17.150681570770416,28.056380849155005],[-17.150822889554515,28.05649991258819],[-17.150871019759208,28.05678683238523],[-17.150939762383032,28.056903333286808],[-17.151189596815243,28.057089320508094],[-17.151675115733845,28.05724156386281],[-17.152178868098456,28.057769219058805],[-17.152540536490545,28.057930123804844],[-17.152779543269173,28.0581886022227],[-17.1527474107748,28.058357577663962],[-17.152477882609727,28.058624573539543],[-17.152307855908106,28.0590354697161],[-17.152276061597437,28.059287818240122],[-17.152362136501065,28.059467392440467],[-17.152496454246158,28.059602355039363],[-17.152876975790697,28.059739140490617],[-17.153392551361485,28.06012421185813],[-17.153474314882608,28.060510855172762],[-17.153622407211373,28.06069369639366],[-17.153591495242384,28.06083711590751],[-17.153418114534606,28.06114095536137],[-17.15350617779922,28.061358847929117],[-17.153659163265374,28.06146563323302],[-17.154073003008854,28.061548652690703],[-17.154204751825908,28.061666779515658],[-17.154255142246697,28.062474325726747],[-17.154502665970703,28.063383270657],[-17.154458643033767,28.064424567047002],[-17.154941960277803,28.06529696248769],[-17.154909902617238,28.06543390317814],[-17.154642124890017,28.065702500329923],[-17.154633691163074,28.065993554560173],[-17.154789965449623,28.06622905377004],[-17.155206168480635,28.066388732711115],[-17.155315479037455,28.066549441099124],[-17.15528669270908,28.067048989994788],[-17.155533507001703,28.067549353224035],[-17.15544543158658,28.0680039573207],[-17.155509681027414,28.06859791164343],[-17.155637545061815,28.068959103762648],[-17.155641016538624,28.069362224662523],[-17.155735554194933,28.06953182727409],[-17.15563127175826,28.0697046437293],[-17.155695670210495,28.070142901863722],[-17.15617303910154,28.070727269264005],[-17.157161481841424,28.071546525249605],[-17.156893211755953,28.07178987761967],[-17.156344066519495,28.072041470168795],[-17.156518264747277,28.072272660495823],[-17.156804250938382,28.072511080825233],[-17.157040156888055,28.07261928303973],[-17.157648894730787,28.072533912926886],[-17.15794324449927,28.07271879748877],[-17.158488363389022,28.072689170491905],[-17.158768225125016,28.07274267181675],[-17.15888225891064,28.07280931255343],[-17.159064682594607,28.07303280814108],[-17.159323239725964,28.07320772228217],[-17.159415136618225,28.07335367650752],[-17.15946826638359,28.073637110882597],[-17.159360548488497,28.07388623354008],[-17.1593973875237,28.073948818950203],[-17.159785885997177,28.07409537399018],[-17.160047117162225,28.07426239396432],[-17.160218740496607,28.074538701512104],[-17.16028406826949,28.074542933627793],[-17.16052382993236,28.07437070553826],[-17.160776913953324,28.074271953946788],[-17.16174064582937,28.07411464148784],[-17.162400861043384,28.074204254672658],[-17.162657960073712,28.074305489463658],[-17.16293515751667,28.074522224694864],[-17.163329835203722,28.07466306832931],[-17.16367979374924,28.07493498886831],[-17.164289628176608,28.07510287276286],[-17.164618319400237,28.07543220943944],[-17.164810518881275,28.076095090207236],[-17.16512298079698,28.076362716602244],[-17.165540974545053,28.07652833418986],[-17.16619019017743,28.076654512134922],[-17.16645519246107,28.07675165324815],[-17.1669477028812,28.07705664081742],[-17.167261334953967,28.07735123300536],[-17.16744624057107,28.07741439135905],[-17.168541646817115,28.077408955202486],[-17.169001606509685,28.077564459799405],[-17.16946244331145,28.077590957041743],[-17.169808919204485,28.07778204670722],[-17.170206607381203,28.07811053920779],[-17.170502561243797,28.078602522835496],[-17.170936089556704,28.07881987119425],[-17.171383274774623,28.078855790829742],[-17.171516419486693,28.07893660975818],[-17.17182996582719,28.078867145670234],[-17.172453187372994,28.07902215583471],[-17.173029985198603,28.078963877857404],[-17.173254370183663,28.079021918015414],[-17.1734878439198,28.079278124379268],[-17.174064329369745,28.079591635234006],[-17.174315127878433,28.080358577984985],[-17.1743021581415,28.080573778596513],[-17.174351031344028,28.080766495829184],[-17.174474239458082,28.08086897229476],[-17.174644819225016,28.080918478393805],[-17.175252159765925,28.08082899938857],[-17.175533896160644,28.080976108887878],[-17.176215805945873,28.080980650329863],[-17.176411975967515,28.08109731646483],[-17.177070052184593,28.081292655468232],[-17.177372124239255,28.081512068715856],[-17.17780679133982,28.08151895635303],[-17.178874937971813,28.08129891915096],[-17.180006511735666,28.081621551335587],[-17.180224128588755,28.082080340806762],[-17.180976556803856,28.08260105593571],[-17.181203995612176,28.083127156242945],[-17.181397690632227,28.08339470939668],[-17.181366854465747,28.08409731083965],[-17.1811550463061,28.084205622701035],[-17.18111315998485,28.084501123258544],[-17.180947909651422,28.08466935959958],[-17.180790711058314,28.084971692604604],[-17.18066103965352,28.085103683940773],[-17.18062225207667,28.08527420447674],[-17.180856421039838,28.085715241595363],[-17.181328912089356,28.08603806995428],[-17.181408206100127,28.086339141776392],[-17.181607742826603,28.086738245432123],[-17.181790536505492,28.08700518596285],[-17.18214359859119,28.087357342395183],[-17.182377323936738,28.08777589683318],[-17.18260911766104,28.087959599534862],[-17.183027030959842,28.0887979908202],[-17.183284919231458,28.089078351753134],[-17.18331347505101,28.0891952298235],[-17.183550470624237,28.089373794737078],[-17.183684550787476,28.089605774779802],[-17.18387566108068,28.08964774996893],[-17.18420497201903,28.089874373618333],[-17.1846806477864,28.090077234099468],[-17.184907607695177,28.090260459069025],[-17.185100791451806,28.09052976456561],[-17.185401286001383,28.091201513192924],[-17.185980979481364,28.09185871350429],[-17.18634949943878,28.092052366279763],[-17.187364015185345,28.09244597205473],[-17.18784525427434,28.0927496868234],[-17.18847713079174,28.093242988579323],[-17.188817514237893,28.09361457525258],[-17.189070776868675,28.093818117810137],[-17.189081642994203,28.093992007324143],[-17.18914405756239,28.09410425565566],[-17.189874979855656,28.09452165172787],[-17.190189180170727,28.094991900327745],[-17.190825333506975,28.095622404977195],[-17.190894566147726,28.095824687951325],[-17.190874622097922,28.096009987820654],[-17.190518006787382,28.096422463354585],[-17.19048933689732,28.096594006428067],[-17.190554964921358,28.09693440628519],[-17.190317837799135,28.09738846563679],[-17.190465139556032,28.09803760737369],[-17.190401738022008,28.098312753314485],[-17.190126143586962,28.098521356787916],[-17.189872233062072,28.09859020075401],[-17.18965270036468,28.09857809611064],[-17.188591760423208,28.098216228867937],[-17.188383933962093,28.098249413641692],[-17.18810081180295,28.098448297738138],[-17.187632004498198,28.098598168690486],[-17.186640122744578,28.09858051304114],[-17.18645278805799,28.09866083167792],[-17.186038681745128,28.099089733585178],[-17.185445411688303,28.099409959836603],[-17.184606623740574,28.099520690122958],[-17.184238084409177,28.099476932301084],[-17.184008512108836,28.099376187411988],[-17.182659712072248,28.098381167954994],[-17.182318452160086,28.098196835570175],[-17.18183235404858,28.098141316529148],[-17.180807921254832,28.098375621449613],[-17.180348109999272,28.09841235046691],[-17.179979023348736,28.098235583144735],[-17.17944793634988,28.09772634687413],[-17.179161032611475,28.097633182143543],[-17.177225179072366,28.097843231125882],[-17.176907599839794,28.09779304945425],[-17.17642554297091,28.09761996062662],[-17.17629430617137,28.09762646513496],[-17.176044118428855,28.09778437703583],[-17.175699643086947,28.09832259209818],[-17.175530075818102,28.09839629770674],[-17.17531543300588,28.09836929382403],[-17.175153892565785,28.09824065446104],[-17.175016955333987,28.098004966563764],[-17.174534390297726,28.096746980359683],[-17.174375828190364,28.096533742222537],[-17.174064973942585,28.09637778156587],[-17.173166017709498,28.096254332213565],[-17.173024677635222,28.096178518549586],[-17.172903387073195,28.096027130749434],[-17.172864987034423,28.095919186116248],[-17.17288413626076,28.095773694009356],[-17.173032239895452,28.095574182872628],[-17.173221302697986,28.095493494058015],[-17.173869982684707,28.095467872079496],[-17.174079628146465,28.095358341455427],[-17.174217735370167,28.0951829902156],[-17.174253180467087,28.094912173465563],[-17.174135858520064,28.09467500027073],[-17.173839022028787,28.09450744693895],[-17.173517431271396,28.094510108190214],[-17.172884367368553,28.094674172578603],[-17.172398633396828,28.094908539666438],[-17.17141795465141,28.095612477970413],[-17.171236524522254,28.095814590586922],[-17.171177739132713,28.095992924174844],[-17.1712113491344,28.09617638198414],[-17.171341725463865,28.09637987378925],[-17.172228007511187,28.097157200859765],[-17.172540583543608,28.09729256475194],[-17.173085559537093,28.09737172806967],[-17.173279130293345,28.097494358026506],[-17.17341897524267,28.09774326635653],[-17.173565655448094,28.098376648992478],[-17.173515118707524,28.09867125620018],[-17.173287217817848,28.09889017001908],[-17.172016895509152,28.09931076314559],[-17.171750807942914,28.099472980029873],[-17.171618795584763,28.099764455659272],[-17.17164017073779,28.100532651493307],[-17.171546250051914,28.100755125367733],[-17.171424827715363,28.100885363046682],[-17.170616697503867,28.10129717989063],[-17.170190153748592,28.10169835080963],[-17.169849357427488,28.10189558506576],[-17.169456655198793,28.102041934966998],[-17.16914494238356,28.101995522956667],[-17.168015691127433,28.101251345744092],[-17.167514508574794,28.100552274820036],[-17.167055562478463,28.100177201510803],[-17.16687024936551,28.100055244322782],[-17.16619787900271,28.09980481715505],[-17.165826794386412,28.099461918900815],[-17.16502994060843,28.098859909001845],[-17.16481207600343,28.098616644761222],[-17.16462862554634,28.098242536653075],[-17.16443226712689,28.098056682981422],[-17.16407783074129,28.097944429599572],[-17.16324856651096,28.09808438618752],[-17.16274301421509,28.098088480917887],[-17.162425247688383,28.09801859698383],[-17.16209779910906,28.097846447462178],[-17.161806711656208,28.09756426795904],[-17.161122702461018,28.096579479383465],[-17.16050930464305,28.096177760569205],[-17.160050630656738,28.09569220898058],[-17.159485766020428,28.095350810306147],[-17.159146994618542,28.095263021480697],[-17.156969297602483,28.095347915282932],[-17.155986356430887,28.095073896175112],[-17.15415455521004,28.094329993325452],[-17.153920025605462,28.094182983154802],[-17.152309302293627,28.092156214870446],[-17.15220193247289,28.091716645508065],[-17.151952643397877,28.091482243968706],[-17.151880586463168,28.09120805528182],[-17.151498673075732,28.090669977697207],[-17.15143839536902,28.090279722664025],[-17.151112349765366,28.089979965258653],[-17.15092432797523,28.089710707870108],[-17.150727606408655,28.089586830720325],[-17.150566758878394,28.089368364663756],[-17.150517072537145,28.089024802562328],[-17.150197228160422,28.0883671319063],[-17.14997149201141,28.088019697038483],[-17.14934872660089,28.087738229602117],[-17.148909358947638,28.087650519652907],[-17.14824036084266,28.087050587616286],[-17.147897468352124,28.086876739580575],[-17.147766083817114,28.086759315170212],[-17.147734110584494,28.086421294413576],[-17.147691099772395,28.086374675068832],[-17.14759250850372,28.086353813159253],[-17.1472616147193,28.086568946649013],[-17.146979010517896,28.086605729409396],[-17.146622070459216,28.086571494999134],[-17.145991918488555,28.086397129432157],[-17.145778037238944,28.086221257264196],[-17.14544971170288,28.086074552640113],[-17.145193244438452,28.085732570739932],[-17.145005448912325,28.085308779868345],[-17.14499080450682,28.084572219686986],[-17.145159419752247,28.084305731521553],[-17.145179680699584,28.084195885712777],[-17.14515338353836,28.084002144344307],[-17.145048277147303,28.08379470130534],[-17.144871737013727,28.083663045823858],[-17.144776193067493,28.08365457771083],[-17.14456151473353,28.083862049108163],[-17.1442935956341,28.083930955278845],[-17.143980084130366,28.083849842632127],[-17.14374706479165,28.083699153256283],[-17.1432726247837,28.082974749586896],[-17.143296317163628,28.08275533936856],[-17.143241003224574,28.082512258347133],[-17.142605901966686,28.081889938053312],[-17.142265105956167,28.08174052450049],[-17.142041539368105,28.081524296485807],[-17.14203291905779,28.08094150419538],[-17.141700176889373,28.080005794072445],[-17.141583763975383,28.07979354331789],[-17.141255315413513,28.079639357852567],[-17.140758807215963,28.079497756432264],[-17.14079835004854,28.07922831549368],[-17.140769396636994,28.078900188788758],[-17.14035613405524,28.078517374536283],[-17.140061631386644,28.078093832369678],[-17.139348451358664,28.07749261906191],[-17.138147369140217,28.07689900673618],[-17.13726519292475,28.076385274141415],[-17.13709299727877,28.076188822173403],[-17.13693999971897,28.07611155342196],[-17.136677303502854,28.076160447582634],[-17.135743189635352,28.076015688690923],[-17.13536881307621,28.076091215244457],[-17.13493609030091,28.076053138243456],[-17.134107096274715,28.07607413057181],[-17.13308895989517,28.07597928004568],[-17.132737411054038,28.076074359825306],[-17.1310040740295,28.076081379521302],[-17.13053485813396,28.075899485262013],[-17.130129452494952,28.075556251374355],[-17.129502310845798,28.075303643213545],[-17.128096023555557,28.07519278433332],[-17.127760738880177,28.075258293712537],[-17.12757934989045,28.07539807206817],[-17.127429335702818,28.074961774253808],[-17.127498736753562,28.0744598822254],[-17.127453758404375,28.074049513631955],[-17.127174249519594,28.073802843991988],[-17.12712050949102,28.073647819643625],[-17.12747248931227,28.073920021705714],[-17.12787490824082,28.073912337207833],[-17.128511130878834,28.073693840177377],[-17.12905830908706,28.073381341536834],[-17.12959643520585,28.072976307888275],[-17.130212512790994,28.07259839643535],[-17.130666414952337,28.072235634094966],[-17.13059930237474,28.07182492477684],[-17.13084985089512,28.071808310470345],[-17.1312606681888,28.071556575303617],[-17.13134421636877,28.071392941139663],[-17.1313633183198,28.071092877096294],[-17.131525259623196,28.07090131491433],[-17.131644149125943,28.070631554273206],[-17.13189688479517,28.070524937905688],[-17.13233921514207,28.070473216680465],[-17.132392418297844,28.070375204629222],[-17.13241537777892,28.06996156245204],[-17.132585798044865,28.06990585447982],[-17.132765881673322,28.069685313626398],[-17.1330799903117,28.069533976299013],[-17.13350769740182,28.069499262878356],[-17.13344924407794,28.06941904873325],[-17.133496498063998,28.069375270971562],[-17.13357036472526,28.069375746677853],[-17.133625952511263,28.069465389970016],[-17.13382027234926,28.06943511664387],[-17.134109230348752,28.06909232443684],[-17.134023810015396,28.06903229185052],[-17.134023640259162,28.06890018761241],[-17.134865226269724,28.068707976004337],[-17.134875163226365,28.068526264727073],[-17.13497197295475,28.06832885413337],[-17.13516630077902,28.068432851383506],[-17.13549257415823,28.068408282799442],[-17.135557999165954,28.068465467369695],[-17.135755021479333,28.068469078396994],[-17.135953250557435,28.068281729113462],[-17.13643208934606,28.068199107200936],[-17.13668444137798,28.067960562059167],[-17.137023779428613,28.067773811308466],[-17.13707320355883,28.06768045855959],[-17.137015412293,28.067587512275818],[-17.137033058924406,28.067538509547038],[-17.137103842732923,28.06752721038125],[-17.13721645450617,28.06759385599977],[-17.13722897953992,28.067388913505773],[-17.137277640019555,28.06731352971986],[-17.137665311255383,28.06734845846614],[-17.137774136140514,28.067290635785287],[-17.13788154600136,28.066919893731416],[-17.137843713792304,28.066334755824457],[-17.137923031432777,28.066292101369005],[-17.138375841400627,28.06628775295494],[-17.138593865607152,28.066206571110587],[-17.138707686563038,28.06597992703369],[-17.138666367030503,28.065912261744216],[-17.138545733524204,28.065866857700545],[-17.138492410841256,28.065752997683273],[-17.138563722041496,28.0657016244433],[-17.138831317289434,28.065668217130934],[-17.138971426215008,28.06531537300513],[-17.139416242720817,28.06522099934482],[-17.139544007442044,28.06513346288523],[-17.13978523125148,28.065191333388636],[-17.139914698915703,28.065046018497277],[-17.1400745662363,28.064987127433966],[-17.14055771773261,28.064969034036107],[-17.140768148081317,28.064895005809266],[-17.141026403840847,28.06492941757466],[-17.14126697256866,28.064472043847523],[-17.141459315131886,28.06432213703343],[-17.141524349039237,28.06433393577759],[-17.141533352785498,28.064398097972152],[-17.14139367776781,28.064716431079294],[-17.141434328413446,28.065096249716888],[-17.14134101809287,28.065352978105718],[-17.14141109605529,28.065808739586714],[-17.14189437410356,28.066156717758606],[-17.142250556186866,28.066240311543424],[-17.14218916461017,28.066376264048625],[-17.14222908464495,28.066537345006033],[-17.14245587517406,28.06686731907473],[-17.142484657316526,28.067056637431737],[-17.142632553710932,28.0672043917579],[-17.142694570973372,28.067484420358703],[-17.142806431632387,28.06763607591446],[-17.142581505915356,28.067753918053114],[-17.142536654141068,28.06784675002487],[-17.142482411575894,28.068066150186127],[-17.142646738501504,28.068190818001682],[-17.142562135400194,28.068372070973826],[-17.142941507103934,28.068578022374187],[-17.142901693314844,28.068940041933367],[-17.14315138535966,28.069085754544034],[-17.143150436388535,28.06928392901705],[-17.143192426447662,28.06933903939817],[-17.143512891290555,28.06940107932322],[-17.143607667286684,28.069706583677675],[-17.14406357950555,28.069801427699982],[-17.144141092112463,28.06989839387726],[-17.144182655079376,28.070065133259146],[-17.144287070486453,28.070077307715867],[-17.14442988820251,28.070199511963843],[-17.14452812647705,28.070167025429],[-17.144716583574223,28.07033336360308],[-17.14479809102998,28.070319005232605],[-17.144909693134935,28.070523902397134],[-17.14511004592548,28.070679586573778],[-17.14512401777204,28.070732517466677],[-17.144958519114628,28.070805218599325],[-17.14491331883608,28.07088046060252],[-17.145008358444922,28.071198953665334],[-17.144984921884227,28.07140695436066],[-17.14513850205541,28.07161498491931],[-17.145190393281272,28.072014643368924],[-17.14526737281465,28.072238218967215],[-17.145253326593085,28.07234536887802],[-17.145509671531723,28.072646089243452],[-17.146093363615684,28.07315988092871],[-17.146636306147553,28.07345575472526],[-17.146764322554223,28.07365182074452],[-17.147116708339453,28.07399831885269],[-17.14751311273484,28.074220322552392],[-17.147749914940626,28.07452513405825],[-17.14790851188784,28.07445307890566],[-17.14831685856849,28.074477546154217],[-17.14903045725397,28.07442756856348],[-17.14950900746828,28.07470774525779],[-17.150366328326893,28.075034050234596],[-17.150552093403036,28.075059292170444],[-17.150773725183374,28.075184314358438],[-17.151009989603075,28.07523186446675],[-17.151253345548923,28.075482063919516],[-17.15183285572114,28.075778876611928],[-17.151926928061837,28.075868990876483],[-17.152257540364637,28.07596423756864],[-17.152622598970133,28.07615423242622],[-17.152901919129654,28.076070080549936],[-17.153036292398408,28.076303578581218],[-17.153150511348844,28.076143872601445],[-17.1533426394253,28.07615646794727],[-17.153386012565957,28.075887875818726],[-17.153360499846862,28.075572900671894],[-17.153101888954357,28.07512433462196],[-17.153050936082007,28.074941593749053],[-17.152853232468445,28.07495029091506],[-17.15254120689083,28.074695216217226],[-17.151908126339404,28.07429836241937],[-17.15159239385877,28.073918366240186],[-17.151054881950554,28.073584347866255],[-17.15077883599817,28.073516035309503],[-17.150664026794992,28.073355138938194],[-17.150347228404417,28.073370662199256],[-17.15013530472543,28.073176095224554],[-17.149855846171207,28.07314068025847],[-17.149730300408834,28.073053584143526],[-17.149612025030017,28.07304036782472],[-17.149380868213846,28.07284032580412],[-17.14861502455594,28.07274900064361],[-17.148095760619878,28.072298549950194],[-17.148016888422926,28.07159160917612],[-17.14810790925019,28.07108395769839],[-17.147637351526367,28.06929200863586],[-17.1474987352254,28.06904359144259],[-17.14703066462938,28.068439654209207],[-17.14691163843545,28.068214481498856],[-17.146776551110833,28.06774944053267],[-17.146578427769146,28.067501050812808],[-17.14689969765729,28.06752192251616],[-17.147197794242683,28.067456889967534],[-17.147230876921547,28.067396545470924]]]}},{"id":"60","type":"Feature","properties":{"categoria":"Monumento Natural","nombre":"La Fortaleza","codigo":"G-8"},"geometry":{"type":"Polygon","coordinates":[[[-17.272636226209134,28.102237300663315],[-17.272671535557244,28.101993044211948],[-17.27261038439399,28.101562235244483],[-17.272475312720786,28.101239782421352],[-17.27204521124402,28.100552397134052],[-17.27141004059475,28.100080054350485],[-17.271235133569668,28.099887356125375],[-17.27106933221548,28.099342412745873],[-17.27089890014062,28.09910072513215],[-17.270540198275754,28.098861330871685],[-17.270278538903817,28.098784421371704],[-17.27053470961948,28.098523776878974],[-17.270586099380186,28.098122927518766],[-17.270696043157237,28.097980344922384],[-17.27073913034733,28.097789241891633],[-17.27059689645822,28.09702366130147],[-17.271354007460936,28.096880275020382],[-17.272193522449694,28.096960730308467],[-17.27252752436895,28.096837586760905],[-17.273475041077063,28.096700950839075],[-17.274030801588953,28.096441386549383],[-17.274310572034057,28.096380766552425],[-17.274731402488914,28.096345795860383],[-17.27484162849857,28.09640503612422],[-17.275738477875166,28.0964396642648],[-17.27593779995657,28.096198162039425],[-17.276086497763274,28.09614696864353],[-17.276744408921598,28.096141460024295],[-17.277149979596526,28.096251755841113],[-17.27776076048255,28.09633202331141],[-17.27790928548873,28.096402733916477],[-17.2780741176387,28.096667352112664],[-17.27820741491473,28.097086429349254],[-17.278529065207895,28.097789944953064],[-17.278793541596663,28.09793533426744],[-17.279037206144874,28.098251426381793],[-17.279401521456702,28.09942758554614],[-17.279622939722223,28.099846278637237],[-17.27962285645573,28.100010772302912],[-17.279498743297292,28.10034416643477],[-17.2793290349531,28.10057130376431],[-17.279212214387243,28.100883913392796],[-17.279285950476194,28.101276819381475],[-17.279407890322812,28.101519139365184],[-17.27943221089237,28.10224103918056],[-17.27937015810783,28.102506629986603],[-17.27917292150959,28.10283726941257],[-17.278753472339172,28.10308741618695],[-17.27817152329644,28.10321285507955],[-17.277984640230756,28.10320062107662],[-17.277660337193876,28.103065789294234],[-17.277330909579977,28.10308813519933],[-17.277015169637043,28.102828730080923],[-17.276934361376885,28.102808867734165],[-17.276804909854956,28.102832222079883],[-17.276460078598518,28.10304548129876],[-17.276138800946956,28.102967080635068],[-17.275678135563883,28.10322223370541],[-17.27496524948773,28.103035735746754],[-17.274676771974097,28.103040883337332],[-17.274171352434898,28.10320165168109],[-17.27352968723296,28.10257455376071],[-17.273133848236533,28.102347687711763],[-17.272763722948383,28.10230509878481],[-17.272636226209134,28.102237300663315]]]}},{"id":"62","type":"Feature","properties":{"categoria":"Monumento Natural","nombre":"La Caldera","codigo":"G-10"},"geometry":{"type":"Polygon","coordinates":[[[-17.2679610999682,28.025862219322818],[-17.267944506278102,28.02614352360494],[-17.268049737238734,28.02634262619411],[-17.26797623860685,28.02759747207749],[-17.26739672247683,28.02869494241108],[-17.267166934290326,28.02959545214977],[-17.2667292700777,28.030276797432666],[-17.266305328716836,28.030645691237208],[-17.266270348750457,28.030861663395974],[-17.2658839985342,28.031008305658705],[-17.26568290913674,28.031377301268975],[-17.265631107164165,28.031598567794425],[-17.265397095207646,28.031742695413648],[-17.265153968343135,28.03172165730514],[-17.264921623564547,28.031945901518856],[-17.264764908378634,28.032008599330126],[-17.264567241299282,28.032001843272923],[-17.264269681744224,28.032148487781548],[-17.26388198174082,28.032114464495645],[-17.262963473679864,28.032475042542377],[-17.26278074406495,28.032434263579155],[-17.26248141987852,28.032272246369644],[-17.262146097872535,28.032305138236207],[-17.26156189046785,28.032088907437736],[-17.2614161729745,28.031735274670137],[-17.26127533322802,28.031614822809956],[-17.261231419246744,28.031498919703957],[-17.261253112111017,28.031213110269768],[-17.261077956849558,28.031105503920532],[-17.260702223879917,28.030604264128527],[-17.260695069486218,28.030156528084717],[-17.260431679195516,28.029878614582845],[-17.260444898018573,28.029499147323772],[-17.260599093480124,28.029208946151154],[-17.260576920236783,28.02890712050538],[-17.260446362104844,28.028610868609896],[-17.260172261628544,28.028457652351175],[-17.260009126924885,28.028276351665372],[-17.2601047788351,28.027968075212094],[-17.260381607420754,28.02766322348823],[-17.260381121039256,28.027469681458044],[-17.260606393130598,28.027004341059286],[-17.26059463832356,28.02665118165312],[-17.26088161058016,28.02650100212905],[-17.26099066203397,28.026253069118958],[-17.261491194101215,28.02636842949415],[-17.261590428910125,28.02664020170589],[-17.261669620371137,28.026707204091025],[-17.262198342585293,28.0266271220062],[-17.262535326605153,28.02665604005804],[-17.262686059259288,28.026696507772538],[-17.26283498650302,28.026903394786512],[-17.26295050333892,28.026952021977674],[-17.26304849984257,28.026892297192965],[-17.263163452937718,28.026534975094584],[-17.263265195519885,28.026484211746553],[-17.26347234485311,28.026465458361336],[-17.264175924261817,28.026543733275023],[-17.2647056055952,28.026393063628557],[-17.264984520309177,28.026528505755447],[-17.265034889323886,28.026738910452153],[-17.2651954240391,28.026820089236132],[-17.265535784240104,28.026709173336112],[-17.266793607437688,28.02594083934311],[-17.26690029233192,28.02592707754258],[-17.267150447275657,28.026048733094303],[-17.26736261672274,28.0259688033582],[-17.267673553843412,28.025977655942974],[-17.2679610999682,28.025862219322818]]]}},{"id":"65","type":"Feature","properties":{"categoria":"Monumento Natural","nombre":"Los Órganos","codigo":"G-5"},"geometry":{"type":"MultiPolygon","coordinates":[[[[-17.26027212654674,28.215217000434023],[-17.260079745526575,28.215064261023407],[-17.260141667349245,28.214933124401064],[-17.260408684442464,28.21517143223576],[-17.260420321203462,28.215496522729207],[-17.26036173923782,28.215476737981444],[-17.26027212654674,28.215217000434023]]],[[[-17.27215365441481,28.217463442961645],[-17.27165375151389,28.21757208555593],[-17.271550555617768,28.217533376670236],[-17.271487333399158,28.217462964313352],[-17.271471681906167,28.21732995369432],[-17.27166017801375,28.217163595021976],[-17.271747999044344,28.217202649513524],[-17.271655968864696,28.21729675511144],[-17.27169627247872,28.217328748997915],[-17.27185329657628,28.217210735165967],[-17.271985995683277,28.217300565515142],[-17.272307153674856,28.2171597926324],[-17.272351257457046,28.217323098910317],[-17.272215420688404,28.217311190076583],[-17.27215365441481,28.217463442961645]]],[[[-17.27026845624086,28.217701746113374],[-17.270080378276276,28.217782106214457],[-17.270057797408064,28.21774999806695],[-17.27022835653604,28.21766974840932],[-17.27026845624086,28.217701746113374]]],[[[-17.260562627620132,28.216260412024834],[-17.26053562396968,28.216124609615996],[-17.260619894041646,28.216212906080486],[-17.260562627620132,28.216260412024834]]],[[[-17.257834569928065,28.212761567451974],[-17.257798672436117,28.21279347034921],[-17.257573205225004,28.212767145761596],[-17.257631604316835,28.212633090697246],[-17.25772830224474,28.212600635203906],[-17.2577940550036,28.21261759584672],[-17.257834569928065,28.212761567451974]]],[[[-17.258501196330297,28.21347466406478],[-17.258521915344385,28.21341368656135],[-17.258662092882073,28.21346271281667],[-17.258503347568652,28.21353815123976],[-17.258382139545372,28.213524091909733],[-17.258501196330297,28.21347466406478]]],[[[-17.258367058881724,28.213093126437357],[-17.259027882760947,28.21316747988332],[-17.259103999580333,28.213246076961745],[-17.258893598463477,28.21328708881003],[-17.25873673227905,28.213379189202985],[-17.258590692170273,28.213356517103907],[-17.258343879009544,28.21322109605459],[-17.258333229434463,28.21310712955595],[-17.258367058881724,28.213093126437357]]],[[[-17.270285056598382,28.217826710640352],[-17.27066050713203,28.217536430136935],[-17.270845936548692,28.21751386086735],[-17.271061944618477,28.2175884130064],[-17.27119816839448,28.217507920385728],[-17.271276664308022,28.217525113794817],[-17.271370526768205,28.21758969366389],[-17.271495387982732,28.21786742459712],[-17.27169135910857,28.21783755081873],[-17.271755335580526,28.21794837384302],[-17.27185621538373,28.217997948707314],[-17.271844398930675,28.218185554000026],[-17.271768842826763,28.218239864965962],[-17.27171304987901,28.21847701566301],[-17.27158010990829,28.2185346259241],[-17.27097007349173,28.218508125810988],[-17.270791388118095,28.218647251520174],[-17.270245149575533,28.218371825024718],[-17.269999725197714,28.218510253219872],[-17.269539617600522,28.21847313673149],[-17.269374870324633,28.218529648694066],[-17.26929690826552,28.21848474453038],[-17.26933598449662,28.21834315565376],[-17.269604225178394,28.21823349441327],[-17.26991789000305,28.2178923587567],[-17.270285056598382,28.217826710640352]]],[[[-17.2786841502145,28.213801900639837],[-17.278595001559616,28.213876337451868],[-17.278516050297345,28.214096642220532],[-17.278674275416435,28.21405015370174],[-17.27885007276734,28.214121213068726],[-17.278821472413433,28.21418945272527],[-17.27860093108421,28.21426107134802],[-17.27863294151323,28.21431981932129],[-17.278797358035174,28.214353803226565],[-17.278878755620735,28.2144645128807],[-17.27863189447499,28.214654230648765],[-17.278412187635254,28.214995443561502],[-17.27853395981603,28.215007129532353],[-17.278904670211503,28.214902871401662],[-17.27901888780829,28.21494734624496],[-17.278426226364253,28.216073823849488],[-17.278484264189263,28.216422770221357],[-17.2785898299773,28.21652504673848],[-17.27869755392642,28.216527492399234],[-17.278611992266374,28.21686827471222],[-17.278428973297327,28.217080929675824],[-17.278169741337038,28.217249648824843],[-17.277900850522688,28.217212983574417],[-17.27756104783522,28.217281263945697],[-17.27725237881433,28.217232627727665],[-17.27707100723885,28.21728789169616],[-17.276752388435668,28.217500005540614],[-17.276360396841305,28.21794126234495],[-17.275850407508663,28.21774718447719],[-17.27562625093605,28.21776887113882],[-17.27550689995541,28.217698582820525],[-17.275225843516974,28.217818393973904],[-17.27502806887153,28.217734341680348],[-17.27475103319076,28.217299167372005],[-17.274280422622134,28.216790426013716],[-17.274176481674726,28.21650513145488],[-17.27430115151301,28.216321875001448],[-17.274460129290205,28.216238564594477],[-17.27538176385428,28.21605874102552],[-17.275411998619692,28.215942562400794],[-17.275359636769466,28.21580312529216],[-17.27512837488879,28.21558563788946],[-17.274739457201306,28.215749109427993],[-17.274715343571202,28.21558709562077],[-17.27482971551963,28.215499564181908],[-17.274812690889064,28.215460506896264],[-17.274655632529107,28.215518972337286],[-17.274558164487484,28.215678316650568],[-17.274402192881823,28.21568235472516],[-17.274419374897754,28.21558949240049],[-17.27437461189798,28.215500908710403],[-17.274665223017006,28.215389963599854],[-17.27462662317935,28.215265365718263],[-17.274387698473824,28.21509952604572],[-17.273967105475375,28.214623967989777],[-17.273789823802275,28.21454525732056],[-17.273554076242227,28.214341737070797],[-17.273298792190545,28.21427379681673],[-17.272903266989857,28.214303200004185],[-17.272755220052336,28.214392733245692],[-17.272608194035328,28.214780551774975],[-17.27237806491554,28.215092333346043],[-17.27233261352173,28.215562739003847],[-17.272169112770857,28.215562388110705],[-17.272076482438845,28.215613644365767],[-17.271895269576966,28.21591694281417],[-17.27188160457811,28.216137513036294],[-17.271728481891355,28.216502242789964],[-17.271770266005333,28.216507954961553],[-17.27185580293889,28.216309289674463],[-17.271982804963194,28.21628408047272],[-17.272014356172527,28.216335709520486],[-17.271934738446113,28.216539690382096],[-17.271551893114342,28.21671613570759],[-17.271348422136022,28.21688725449757],[-17.271263096799306,28.216999745741198],[-17.27127377672691,28.217138523513746],[-17.27123313879597,28.21719658521821],[-17.271123845203107,28.217259576968534],[-17.270991069848524,28.217243104525767],[-17.27074736542058,28.217433748916445],[-17.270394216548947,28.21758407250486],[-17.270301272781463,28.217562877633775],[-17.270225346850687,28.217455320093798],[-17.270035647603557,28.217536067960435],[-17.268663355434096,28.217664142948614],[-17.268293096718455,28.21747277066771],[-17.268271205126876,28.217386512324527],[-17.26836239635482,28.217271850195566],[-17.268340480832876,28.217227820241792],[-17.26814840082414,28.217229743359162],[-17.268094461656965,28.217299574374184],[-17.2679621510037,28.217309889790346],[-17.26790999727594,28.217184702480438],[-17.267653163814227,28.217096656061376],[-17.267387356438828,28.217215386404657],[-17.266783230600304,28.21729470015052],[-17.2670613455268,28.217343776596728],[-17.2674168377536,28.217294481065384],[-17.267439796562087,28.217440905796217],[-17.26737543538491,28.21749963052968],[-17.267094869920058,28.21753225422703],[-17.267098842215805,28.21743582189984],[-17.266643658812267,28.217506168866482],[-17.26620335859162,28.217461313624945],[-17.26625962377417,28.217544927346793],[-17.266470665234113,28.217582213651205],[-17.266705010074862,28.217690666324575],[-17.266554283828324,28.217793682012477],[-17.26642060015373,28.217772798870286],[-17.266389036427856,28.217903705547513],[-17.266432660207062,28.217972369940327],[-17.26631847611484,28.21804996620621],[-17.26575267740331,28.217831690726765],[-17.265763516925293,28.217761311534183],[-17.265702789220914,28.2177172024115],[-17.265558914873235,28.217749182076385],[-17.26553407674115,28.21758600513644],[-17.26580808893148,28.21751316004166],[-17.26561118113522,28.217402280850273],[-17.26558350666639,28.21733632950959],[-17.265633939418585,28.217254737280737],[-17.26549873755562,28.217166746616307],[-17.26543530957234,28.21700438946798],[-17.265188880235485,28.21691688777895],[-17.265025864638268,28.216968583575806],[-17.264669296131153,28.216966910270326],[-17.264561489328926,28.217100523058928],[-17.264395236372238,28.21714848204475],[-17.26445052255715,28.217219570702635],[-17.264396735820295,28.21725330548346],[-17.264159292503717,28.217166826115164],[-17.264131712883884,28.217346661780848],[-17.263848849892305,28.21726562595579],[-17.263654780154038,28.21730845029257],[-17.263282848431388,28.21722563947041],[-17.263091776661163,28.217087049250846],[-17.26283633531405,28.21699238369486],[-17.262641884639837,28.217055785545572],[-17.26233835179094,28.217028234567934],[-17.262245217612087,28.217186326161606],[-17.262033057556664,28.217274653217572],[-17.261973618322056,28.21749931904736],[-17.261739613118465,28.217633844384316],[-17.261722137128515,28.2177277931897],[-17.261595705726258,28.217862433724036],[-17.261313950827482,28.21789677970852],[-17.261171168244605,28.217806654247557],[-17.261017070235205,28.217933631012396],[-17.26078938427527,28.217991083275358],[-17.260619850166357,28.217946334575558],[-17.260440147510852,28.217771911355566],[-17.2604728603425,28.217588833239542],[-17.260365020766766,28.217489106108033],[-17.260323056724342,28.217165419334396],[-17.260433590896447,28.217093302135403],[-17.260511615942836,28.216870675590396],[-17.26074619762061,28.216845683254732],[-17.26077228494265,28.216763953804374],[-17.26087782514154,28.21671592028553],[-17.26066596277122,28.216576677714627],[-17.26065935077565,28.21647076559762],[-17.260726357653226,28.21646009328155],[-17.26074924934324,28.21637173957483],[-17.260637866531265,28.216185990802046],[-17.2606400560469,28.216072353760392],[-17.260756306908082,28.215991208964173],[-17.26099287195741,28.216099093754835],[-17.261033364719385,28.215908217249584],[-17.26111341307647,28.215897690036698],[-17.261203987040126,28.215738919656793],[-17.261186115544273,28.215659450986664],[-17.261045572897945,28.215559453022713],[-17.261111909673964,28.21545901177446],[-17.261067889198795,28.21533747666776],[-17.260614059754964,28.21543322609774],[-17.260463891748564,28.21535982431527],[-17.260431537905873,28.215032910747745],[-17.26030747267398,28.21486397375232],[-17.26032023754064,28.21472525811081],[-17.260489305847837,28.214709470092693],[-17.260448258804043,28.214579133169384],[-17.260552460791082,28.214477344397604],[-17.260499267941007,28.214394218639725],[-17.26053111854978,28.214247608071783],[-17.260502321708046,28.213828419546065],[-17.260405100964373,28.213400887773577],[-17.260298850106366,28.213337677678428],[-17.260248387858233,28.213190713288185],[-17.260063354982638,28.21315452097855],[-17.25993105909615,28.21302993274214],[-17.259054734597036,28.21311235625212],[-17.258583550868646,28.21302693055796],[-17.258570682928536,28.21276402914542],[-17.258835904119863,28.21267068058578],[-17.258827620058323,28.212630393883366],[-17.257973407722616,28.212771185578102],[-17.257855978572938,28.212694623392423],[-17.257838231487877,28.212591872441028],[-17.258003002428016,28.212473655996096],[-17.25801589517572,28.212379602723153],[-17.258210774952307,28.21234651823919],[-17.2582649844514,28.212236082449632],[-17.258242987497635,28.212192773827887],[-17.258121417426704,28.212113031906807],[-17.258012235665127,28.212123406695554],[-17.257963689726697,28.212062490161536],[-17.257820820221045,28.212156523916487],[-17.257378044437772,28.212234935766762],[-17.257389664643924,28.212182048947508],[-17.25771022062595,28.212084991984792],[-17.2577688774171,28.211977731271848],[-17.257525245194415,28.212007830218607],[-17.257504497977894,28.211830236855146],[-17.25707707127206,28.211973902140596],[-17.257272946760335,28.21173193757755],[-17.257347018901257,28.211449914096992],[-17.25755344359061,28.21116512584533],[-17.25777387939962,28.21099058676583],[-17.25818756293867,28.210848967712106],[-17.258508766614177,28.210907675364442],[-17.258948075405335,28.210762318592543],[-17.259122807685014,28.210638593952275],[-17.259366588890177,28.210277230595043],[-17.259527677795884,28.209875802859845],[-17.259723372346198,28.209544579869362],[-17.260188282015555,28.209134678473955],[-17.260411703703436,28.208732219683462],[-17.26133240429396,28.207772914537628],[-17.261466907150254,28.207669920476373],[-17.261896325930447,28.20750734205388],[-17.26207818468921,28.20749825269536],[-17.262648086654814,28.207657106333034],[-17.262825924298205,28.20785005563144],[-17.26299512819115,28.208265846704858],[-17.263448229944444,28.20850418293304],[-17.26371570459929,28.208712024312582],[-17.26382356730287,28.208868684506687],[-17.263924912886743,28.209195862704316],[-17.26419689538437,28.209457433114196],[-17.264264557240683,28.20962672307423],[-17.26428426402862,28.209963544761408],[-17.26438295281505,28.210067174173556],[-17.26476417376593,28.210026122611712],[-17.26557233207041,28.209797472903595],[-17.2656593269943,28.20987498374088],[-17.265766340446383,28.210197229984594],[-17.266404644002726,28.210595949472452],[-17.266771242646065,28.21050927926758],[-17.26718313382208,28.210554036405544],[-17.267383014473964,28.210290812634625],[-17.267906133379537,28.210011058014786],[-17.26800872770904,28.209842420562993],[-17.268366656567746,28.20956905466644],[-17.268464714061864,28.20941983902512],[-17.268936587961974,28.209307173938694],[-17.269337916597607,28.20938068708224],[-17.26955364354708,28.209360677078994],[-17.2697302770704,28.20945272878013],[-17.26991039466681,28.209589966960724],[-17.269958034593024,28.210063826110755],[-17.270027650128704,28.210111710997413],[-17.270383446332094,28.210082391822958],[-17.270580618826003,28.209957145579104],[-17.27079122173075,28.20935053520963],[-17.27088093674113,28.209272029075535],[-17.271161593914233,28.209151015711928],[-17.27161575261282,28.209141970676153],[-17.271961273897467,28.208923207763494],[-17.272418012734477,28.20876851308527],[-17.272551567763923,28.208419948893393],[-17.272793204956116,28.20810243386934],[-17.272879605623167,28.207720981200655],[-17.273203907738782,28.20738671640392],[-17.273623432021385,28.207221559402182],[-17.274169089896674,28.207238852586606],[-17.274253724759923,28.20726040134896],[-17.27446701201492,28.20744843592878],[-17.27450947239095,28.20756006577308],[-17.274441821792696,28.207667744828438],[-17.274197447071813,28.207857025912134],[-17.274178701481155,28.208182987751854],[-17.273940096507047,28.208367804397398],[-17.273885756606724,28.20847689763989],[-17.27434105072658,28.20902665592435],[-17.274417609132854,28.209192534933806],[-17.274497710098064,28.209678375852732],[-17.274787497917536,28.210348616077752],[-17.274919193477427,28.210888241971727],[-17.274968395624235,28.211337646955858],[-17.275173536410687,28.211796115360947],[-17.27518342035638,28.212262271435556],[-17.27510155799729,28.212419073570903],[-17.27509459767781,28.21256353118075],[-17.27543347460383,28.212475737957366],[-17.276659674382476,28.212644073311026],[-17.277091397694036,28.21282221848695],[-17.27759963396994,28.21318620781272],[-17.2786841502145,28.213801900639837]]]]}},{"id":"66","type":"Feature","properties":{"categoria":"Monumento Natural","nombre":"Tubo Volcánico de Todoque","codigo":"P-11"},"geometry":{"type":"Polygon","coordinates":[[[-17.897868837487394,28.601971068451796],[-17.897113580224442,28.60215664536765],[-17.894501390404535,28.601975086666705],[-17.894191867334275,28.60201110419512],[-17.89313039119191,28.6023695956651],[-17.891827208101695,28.602399714875432],[-17.890923133117816,28.602500414430672],[-17.886838874613744,28.60342523075798],[-17.886805990849876,28.60330034238657],[-17.889053884097617,28.60275326900135],[-17.889431961368523,28.602705581239576],[-17.890893813108992,28.60236175851861],[-17.892987993185198,28.602227545689804],[-17.89412539228971,28.60189376379966],[-17.894436097208736,28.6018531479414],[-17.896978479539406,28.60199390480956],[-17.8978400322697,28.601854088062154],[-17.897868837487394,28.601971068451796]]]}},{"id":"68","type":"Feature","properties":{"categoria":"Monumento Natural","nombre":"Risco de la Concepción","codigo":"P-7"},"geometry":{"type":"Polygon","coordinates":[[[-17.769959720733084,28.673912424610197],[-17.76986960743241,28.672796788091734],[-17.769729418131245,28.672318828869784],[-17.769762805324337,28.671924068006682],[-17.769959833344586,28.671757761395828],[-17.77036354022422,28.67155287200156],[-17.77058387171657,28.671359566603734],[-17.770619651091163,28.671300551340615],[-17.770525328119678,28.671125010036086],[-17.77054859929942,28.670918005121305],[-17.770658132592438,28.670715575314],[-17.770804239301828,28.67059348331875],[-17.77099056674221,28.67052631523592],[-17.77121279367862,28.670568644269228],[-17.771529198741828,28.67050949165712],[-17.771977438105424,28.670211674724523],[-17.772422696003915,28.670017817582764],[-17.772785721620757,28.670211133504647],[-17.773262518530643,28.67014875302565],[-17.77359503834073,28.67022923903904],[-17.77388391137449,28.670211788645222],[-17.774642761138235,28.670461842401668],[-17.77503612395632,28.670424954094486],[-17.775289334771948,28.670471232376755],[-17.775895632465353,28.67070291166866],[-17.77661925876009,28.671598608010616],[-17.776915590480424,28.672561407155847],[-17.77788662876624,28.67309617970508],[-17.778559773532685,28.673691755230887],[-17.77903467032587,28.674263047552692],[-17.779703546260418,28.67595715595325],[-17.779916749558947,28.677114208534014],[-17.77994791894135,28.67780646976133],[-17.779897633496514,28.678322094002695],[-17.77951330843857,28.67904781696558],[-17.77948152319059,28.679329137977255],[-17.77919045721761,28.679925410308304],[-17.77841520369721,28.680932974084374],[-17.77882311296333,28.68149259721952],[-17.778454291630446,28.681683617041106],[-17.778083205120325,28.681673107339588],[-17.7779451493031,28.68185274706362],[-17.777690737072756,28.682015020896777],[-17.77739392623031,28.68231879658256],[-17.776996798448973,28.682503754689275],[-17.776851719430464,28.68262670758312],[-17.776554528375133,28.682621712908308],[-17.77622933038365,28.682687292581566],[-17.776017274276832,28.682908140152893],[-17.77587585336075,28.682937202317998],[-17.775656658762767,28.682887576576245],[-17.775213875452017,28.683125786274204],[-17.774968123609103,28.68319397269052],[-17.77424227822464,28.68324945461546],[-17.774095744169152,28.6832010422439],[-17.773814374553403,28.683004749946612],[-17.77292680317635,28.682978746981547],[-17.772310523697225,28.68272797618379],[-17.77220165556068,28.68251731991287],[-17.77224043867821,28.682281085892267],[-17.772309248157708,28.682213824842133],[-17.772508255770667,28.682157426185963],[-17.77292831222997,28.68191067048345],[-17.773387500948463,28.68182909127275],[-17.773954751231987,28.681617201286873],[-17.7741394196786,28.68148261470698],[-17.773483658386564,28.680704048300694],[-17.77350520028741,28.680551157559176],[-17.77400741738143,28.680123203302475],[-17.7741866623955,28.68009336754889],[-17.774838806964702,28.680308214147683],[-17.774937828222484,28.67960257223708],[-17.77500211678619,28.67951916553094],[-17.77518083815041,28.67958586020104],[-17.77579508675334,28.680070294930463],[-17.77593735785561,28.679918534804916],[-17.776035617313596,28.67961071852218],[-17.776124250975602,28.6795195952058],[-17.776465263694543,28.679534245986655],[-17.77669099004584,28.67959907177091],[-17.776717355120326,28.67951283448492],[-17.77685211168639,28.679386485530305],[-17.776724195032084,28.679190657146325],[-17.776713422516515,28.67909255326151],[-17.77704242245861,28.678923428137406],[-17.77714367252665,28.678574054869735],[-17.77744150589681,28.67858056912103],[-17.777204026589406,28.67814794361111],[-17.777256376627523,28.678038621177667],[-17.777457485940715,28.677868512478707],[-17.777221390801156,28.67756575572143],[-17.777600354441823,28.677197149643828],[-17.777372159913575,28.67711613865848],[-17.77726117580858,28.67701919008623],[-17.777287175828363,28.676647907899113],[-17.777213729564554,28.676422997545878],[-17.777040077606696,28.676393185927118],[-17.776953488287354,28.676329112660927],[-17.77702927160592,28.675867504170146],[-17.77636560761359,28.676261797049296],[-17.77616024462995,28.67650325449581],[-17.77577293049081,28.676671769608678],[-17.775485872532176,28.676685777831924],[-17.775294721794133,28.67661302384557],[-17.77513754520789,28.6764710156939],[-17.774867462567858,28.676391761626686],[-17.774851485491002,28.676251367146428],[-17.77493376914122,28.6759583122773],[-17.775172109488473,28.675687314035386],[-17.775338151141327,28.675583778615643],[-17.775454668592676,28.675308964574324],[-17.775928868503463,28.674634413450537],[-17.775934762666598,28.674470116668186],[-17.77577480686751,28.67430020211678],[-17.775298202071685,28.674263072490728],[-17.774686036153803,28.67412769012466],[-17.774311709205428,28.674129052253278],[-17.774055398957312,28.673989977447956],[-17.773896158820527,28.673963474294837],[-17.773716899836085,28.674031196243153],[-17.773407901923914,28.674260341268063],[-17.772933362426826,28.67441800722863],[-17.77217004456406,28.6740971793671],[-17.771747184102377,28.67443058736894],[-17.771593435098918,28.67441840207373],[-17.771384668073814,28.674530926818687],[-17.77103846473728,28.674512760416345],[-17.77074120889656,28.674605447016255],[-17.77067701886348,28.674576091333687],[-17.770595406792765,28.674428921591375],[-17.77012315935336,28.6744760998642],[-17.769959720733084,28.673912424610197]]]}},{"id":"72","type":"Feature","properties":{"categoria":"Monumento Natural","nombre":"Barranco del Jorado","codigo":"P-9"},"geometry":{"type":"Polygon","coordinates":[[[-17.97259009657954,28.70107913180034],[-17.97172090031611,28.70152844825877],[-17.97138389939055,28.701774221491373],[-17.97126636094113,28.701959004511746],[-17.970833301377898,28.702273390560137],[-17.970742130514772,28.702558615381395],[-17.970685491009746,28.7025454283432],[-17.97070209433901,28.702372785537406],[-17.970621532173457,28.70234569248578],[-17.970253574522168,28.70261084139639],[-17.96972947830453,28.70278110369189],[-17.96945756740897,28.702824959696077],[-17.969009120349764,28.702726657363993],[-17.968850278593937,28.702527475424485],[-17.96888493319587,28.702399805846305],[-17.969000330736364,28.70227667689632],[-17.968983275829586,28.70206770197655],[-17.96878913586223,28.70191198127879],[-17.96868028631485,28.70213153594692],[-17.96848670464311,28.70226714801725],[-17.96781948916378,28.702381960003162],[-17.967641754162624,28.702466739321427],[-17.967472581338765,28.702615152609216],[-17.966708441301844,28.70306359355203],[-17.96617202567357,28.703274692880093],[-17.96608710612025,28.703382087840787],[-17.96600847864012,28.703629774099785],[-17.9657902287519,28.703892077896985],[-17.965629585616274,28.704340702619312],[-17.965137979248674,28.705049881354384],[-17.96339405521519,28.705912262720556],[-17.96310251833314,28.705828698786082],[-17.962897260828033,28.705641138784074],[-17.9627032881544,28.705582377680184],[-17.962412334932424,28.705608372180425],[-17.96222229523677,28.705703627850543],[-17.96115249771748,28.705701188287566],[-17.960800768740384,28.705657308103216],[-17.960033931012603,28.70572456756893],[-17.95930917968749,28.705602882918363],[-17.95850772624303,28.70561585245358],[-17.957366791800723,28.705467212623244],[-17.955996237609494,28.705447480863864],[-17.955514276264232,28.705512787507633],[-17.954973301208387,28.705307343644144],[-17.95475915171079,28.705280827910332],[-17.954635660138095,28.70537827284314],[-17.95461372832455,28.70612576846498],[-17.954522944607042,28.706368725671805],[-17.95442458232322,28.70648103455867],[-17.95370869537526,28.706988952406597],[-17.952700395615704,28.70735635140948],[-17.951539488537303,28.707357468096056],[-17.9506383852215,28.707220194647103],[-17.950419295724252,28.707324195352747],[-17.95005295129534,28.70768576991628],[-17.9497491574797,28.707760950581914],[-17.94918608774439,28.707674919841818],[-17.948694019986128,28.707530512654074],[-17.947657348733006,28.707192326913738],[-17.947522983764742,28.707070782363697],[-17.94759225209711,28.70665886715098],[-17.948251906356607,28.706504673507727],[-17.948506287321727,28.70634578723514],[-17.94866533707673,28.70614388058775],[-17.94883326468392,28.70564953595525],[-17.949100420379885,28.705421007148864],[-17.949399817096495,28.705291444112135],[-17.949849502137678,28.705201986681733],[-17.950619071752175,28.70477271273937],[-17.95137561050881,28.70448073104678],[-17.951792639265772,28.704485426189677],[-17.95195301210031,28.704436554380404],[-17.9520927606959,28.704287200437786],[-17.952192477416684,28.703850914622972],[-17.952537335102758,28.703341391528724],[-17.95309650623645,28.70294397561182],[-17.953741794773038,28.70266056325012],[-17.954429914985777,28.702458689546113],[-17.95462253423384,28.702438731280534],[-17.955184440989694,28.702505779185],[-17.955646471907563,28.702335765682935],[-17.956030141682817,28.702128101455603],[-17.956517967426198,28.702039078595437],[-17.95703419648285,28.70184297147208],[-17.95757599361199,28.701802977868173],[-17.957932199087203,28.70190062677388],[-17.958548799261337,28.701886773709433],[-17.958688258796826,28.70182572412065],[-17.958930394038806,28.70158897564929],[-17.95914905785456,28.70151419568605],[-17.959930714757174,28.701596392716198],[-17.96041133859664,28.701763649977476],[-17.960702684988878,28.70169422120085],[-17.960953661546643,28.701767828543456],[-17.96167348106864,28.701379993356884],[-17.961883589200347,28.701219527737372],[-17.96231046303288,28.70073924978114],[-17.962715455010688,28.700638715801425],[-17.962746246092337,28.70057478499842],[-17.962698322704266,28.70026503906793],[-17.96327295727052,28.7000947968537],[-17.963521207188094,28.69990490007945],[-17.963727504736156,28.699819921094136],[-17.964141418661246,28.69937392680935],[-17.964638460648644,28.699252986855722],[-17.96497625375391,28.69905345725861],[-17.966341952287404,28.69892274896284],[-17.96675896278753,28.698768199655557],[-17.967181644463736,28.69877110069688],[-17.967361879317643,28.69868353145199],[-17.967660596501325,28.698625652260016],[-17.968349937603357,28.698588574334543],[-17.968869074207124,28.698676871536417],[-17.96934706255622,28.69845831490344],[-17.96976212494738,28.698350918820353],[-17.9700522730478,28.698192976657953],[-17.970986101542383,28.698581786753643],[-17.971633565128574,28.698470396325078],[-17.971504976257215,28.69858477930288],[-17.97104718235688,28.698714893515454],[-17.970588823921158,28.699024151709683],[-17.97059866534754,28.699151565534503],[-17.970700061658558,28.699253516214338],[-17.97088643730601,28.699701763393634],[-17.97101043965544,28.700360910613295],[-17.971123222989945,28.700478395272818],[-17.971316222623994,28.70046603587148],[-17.971395299370627,28.70051300475766],[-17.971499255448595,28.70075245019958],[-17.97179014907666,28.70105453286738],[-17.972045792493127,28.701086796237217],[-17.972428677899806,28.701024259792998],[-17.97259009657954,28.70107913180034]]]}},{"id":"76","type":"Feature","properties":{"categoria":"Monumento Natural","nombre":"Montaña de Azufre","codigo":"P-5"},"geometry":{"type":"Polygon","coordinates":[[[-17.77127924813368,28.556512167005316],[-17.771839911556548,28.555761908895438],[-17.772265624012704,28.555476271119616],[-17.772877003661517,28.555296890543595],[-17.77364503995432,28.555292509798303],[-17.774301197682586,28.555917347956836],[-17.774896276652978,28.55614766594002],[-17.77577842150777,28.55614541812133],[-17.776780143390877,28.55625215525753],[-17.77731920535766,28.556465772432603],[-17.777426086827536,28.556482924552064],[-17.777580372539088,28.55640972818626],[-17.77763530364496,28.556512964594422],[-17.777935420564887,28.556619578305618],[-17.778117152287905,28.55677011147948],[-17.778346531166765,28.556789769508878],[-17.778384623583356,28.55681244325805],[-17.77834032813342,28.5568647688744],[-17.778115976049744,28.556958669484736],[-17.77778080631228,28.55719015058381],[-17.777744275900684,28.557277497983655],[-17.77779900796033,28.55737740970018],[-17.778134789550588,28.55759695404725],[-17.7783823592249,28.55764781201466],[-17.77844613145245,28.55773400711681],[-17.777959467580864,28.557807120166196],[-17.777624121886568,28.557798652325054],[-17.77734254664752,28.55804797860513],[-17.77737718129487,28.558238509619443],[-17.77732773023736,28.55833965263676],[-17.776997151208437,28.5583960352269],[-17.776518225319364,28.55863947734732],[-17.776126949611562,28.558913598734687],[-17.77601709155643,28.55889329522886],[-17.775863292244452,28.55867814020988],[-17.77572472314573,28.55865391363195],[-17.775445274495482,28.558945590371405],[-17.77535729327491,28.55913592471764],[-17.77539394010989,28.55936430243688],[-17.775937269331905,28.56005590168851],[-17.776050562245175,28.560479363165747],[-17.776516001598434,28.560791164817594],[-17.77588918834796,28.560733488351595],[-17.77568225408086,28.561036265618373],[-17.775603402779446,28.56127666799811],[-17.77539856316102,28.561615710629862],[-17.77529438580074,28.561942292323348],[-17.77527456090784,28.562225923036433],[-17.77500157150846,28.562882763113986],[-17.774379080440912,28.563693358230818],[-17.774129209578582,28.564160359951803],[-17.773708286588555,28.56420979712867],[-17.772958737361996,28.564780777169325],[-17.77268812435882,28.564886233055542],[-17.772518679847735,28.565009673452334],[-17.772248637360715,28.565076534977596],[-17.772013615019475,28.565231985898965],[-17.771648505870317,28.565258391684562],[-17.770633593677342,28.56552088644464],[-17.77029858271274,28.56583804511581],[-17.769540541079355,28.566272092135254],[-17.769245329927987,28.5665875335761],[-17.768694180698986,28.566767475518223],[-17.76789809075929,28.567114789017346],[-17.767281971277097,28.56719411647293],[-17.76666975786004,28.566915235769134],[-17.766081559156483,28.566772978502083],[-17.76556849795931,28.566417197484153],[-17.765141662321884,28.56627164524419],[-17.765259394769135,28.566124009754116],[-17.766342654076055,28.565192620969416],[-17.76660755999767,28.564773162499776],[-17.766690704125295,28.564514373556616],[-17.76661750383475,28.56425516564166],[-17.76636797045902,28.56409066459199],[-17.766526565388265,28.563981886208975],[-17.766674724787194,28.563786720834255],[-17.766877279197693,28.563678849482805],[-17.766932846447116,28.563576682880328],[-17.766883050923283,28.563391870248154],[-17.766623795949425,28.563285301040214],[-17.766681493540027,28.563225488850737],[-17.76707724144845,28.563159682214888],[-17.767460483962367,28.562733297628096],[-17.76783417954527,28.56213751589404],[-17.767856364237804,28.56197017838476],[-17.767704566082948,28.561635898173915],[-17.767641829881352,28.561581249392884],[-17.76735086130947,28.56155110323835],[-17.767267872702373,28.5614643925999],[-17.767295859463363,28.561401578058447],[-17.76746855132691,28.561324083967133],[-17.76775253886821,28.56104856722693],[-17.76809273227527,28.560812496486186],[-17.76886906014724,28.560492649751403],[-17.7692077741129,28.56043431626357],[-17.769507503333315,28.56013592277324],[-17.7698871273148,28.559962188257657],[-17.77000971626552,28.559805429223537],[-17.769962994029697,28.55969903595477],[-17.770148620316494,28.559647434809452],[-17.770661841406348,28.559191325228404],[-17.77097652331978,28.558723032541273],[-17.771227268345783,28.55846622988477],[-17.771371937940046,28.558138525753634],[-17.771483008887458,28.557581477894885],[-17.771459048729376,28.557018168148502],[-17.771268612455085,28.55684705560925],[-17.77127924813368,28.556512167005316]]]}},{"id":"79","type":"Feature","properties":{"categoria":"Monumento Natural","nombre":"Volcanes de Teneguía","codigo":"P-10"},"geometry":{"type":"Polygon","coordinates":[[[-17.859655679519793,28.48034284580841],[-17.85900478272534,28.480738726206575],[-17.85869923879873,28.481007335801504],[-17.858413561285058,28.481140715505013],[-17.856227275441906,28.481326519219216],[-17.856410028991757,28.481452202749505],[-17.856402908720405,28.48156691285872],[-17.856226162815982,28.481789826785004],[-17.856040162393906,28.481896570513985],[-17.855743690974066,28.48221815913891],[-17.855794308456804,28.482700053176142],[-17.85608636548421,28.4833848847813],[-17.85619201581294,28.48382015825732],[-17.856162660008007,28.484246543177264],[-17.856041956276215,28.48457923107907],[-17.85579083526774,28.484921876758232],[-17.85575317290209,28.485062594492423],[-17.853867884030574,28.48585295610982],[-17.853277507238797,28.486032217780764],[-17.852066885272134,28.486226975662152],[-17.85106016434037,28.486302743667192],[-17.850200917896746,28.48626433160608],[-17.848783401815297,28.486448927630853],[-17.848577342953345,28.486519928157676],[-17.848348688530315,28.48668403400048],[-17.848133799977926,28.48675057343698],[-17.84807445468257,28.48682869960149],[-17.847926950221073,28.486544668146795],[-17.84700433058115,28.48598759327091],[-17.847047774761972,28.485476120205334],[-17.846984575925784,28.484833377862035],[-17.846905335088888,28.48473400826441],[-17.84673680718099,28.484655452640148],[-17.846705279692987,28.484127509346283],[-17.84655257160398,28.48380145901752],[-17.846326234339806,28.483623083843934],[-17.846068094748208,28.483667279919278],[-17.845774177320145,28.483633746135148],[-17.84493780819184,28.48393089902809],[-17.844177345952914,28.483936898124178],[-17.843084109767823,28.48413568053737],[-17.842608653263547,28.48429988077104],[-17.842131336279365,28.48454710751365],[-17.84156660071014,28.48496123744257],[-17.841475011818023,28.485086734777198],[-17.84147058144717,28.485454866523472],[-17.841577570882524,28.485980331863633],[-17.84150523091999,28.486214575471617],[-17.841220340612047,28.486518212454538],[-17.840856416885103,28.48665391493783],[-17.840454207080516,28.486313228882285],[-17.839829700838546,28.486364170868463],[-17.839657428204063,28.48603130444236],[-17.839801026183515,28.48582714415534],[-17.839818827259815,28.485729349881495],[-17.839602289692778,28.485535423331513],[-17.839154190915757,28.485349041860143],[-17.83879367447808,28.48554220078575],[-17.838632022702292,28.485535006309444],[-17.838447235419316,28.48543283021846],[-17.83837759556623,28.485286789666635],[-17.838412624339657,28.485184125300158],[-17.838691207928616,28.484987970605818],[-17.83909373611786,28.48484515294653],[-17.839252198829623,28.48466233199494],[-17.838522006324542,28.48450259043856],[-17.83834556911573,28.484395323430135],[-17.83801885912539,28.483937588474067],[-17.837732288101243,28.483224633752197],[-17.837500589016006,28.482959757381455],[-17.83719030860502,28.482390723608816],[-17.836937644130582,28.48225798447218],[-17.836821453406753,28.48196002486352],[-17.83635053236397,28.481797563075236],[-17.836167946739454,28.48149828259701],[-17.83593586194645,28.481371426244802],[-17.835751580397947,28.481123200975258],[-17.834905807907433,28.48041959917836],[-17.834515489811867,28.479966077957556],[-17.83418873043557,28.479667165685708],[-17.833681946941986,28.479394374107684],[-17.8335053614771,28.47924546220732],[-17.832542081750383,28.47880459305735],[-17.832279246469206,28.47859628333677],[-17.832034048853007,28.478486453325523],[-17.831853640990584,28.47847802641398],[-17.83080900452193,28.4781307868613],[-17.830349681010738,28.477962008381787],[-17.829969579115236,28.477716005766148],[-17.828889560689795,28.477450138731534],[-17.828223180102,28.477104552863704],[-17.82575398464282,28.476329580672722],[-17.824462786684357,28.475839261824714],[-17.824534443008545,28.475718438285693],[-17.824702558852522,28.475629247679354],[-17.824750695176004,28.47551999931652],[-17.824978722112125,28.47541873823857],[-17.824982791541142,28.475379864862447],[-17.82478250677205,28.475257739283848],[-17.82494603601789,28.475226375897144],[-17.825148997863167,28.475257337051918],[-17.82518775848429,28.475217742448713],[-17.8250638666279,28.475050729954425],[-17.82484048644399,28.47505807981261],[-17.824749294230088,28.474815515874674],[-17.82482427074321,28.47471743642213],[-17.82501544397762,28.474689106611116],[-17.825092424708593,28.47462797001179],[-17.82494630239603,28.474546213586464],[-17.82501886570911,28.47447253995399],[-17.824916785602596,28.474396182363307],[-17.825278364174608,28.474326423075986],[-17.824803722926475,28.47417572261009],[-17.824968294848325,28.474145239667667],[-17.825297354251777,28.474196130964383],[-17.825323450505763,28.474102675759045],[-17.825436694015547,28.47406153255184],[-17.825429503727296,28.473983202429565],[-17.82519750720044,28.4739735926783],[-17.82514397067737,28.473879988870152],[-17.82503202398353,28.473816465359846],[-17.82513536432289,28.473748466339522],[-17.825461913710612,28.47374348147315],[-17.82553916957624,28.473654374939247],[-17.825495932131044,28.473564165395565],[-17.825047690151344,28.473446293132778],[-17.824759409482592,28.473431538145167],[-17.82470467305947,28.473369531338758],[-17.82480837325069,28.473315056069588],[-17.8252379009573,28.473305225039383],[-17.82531670518412,28.473235931868306],[-17.825543010358004,28.473261896992174],[-17.82523658097335,28.473102287916607],[-17.82520753236233,28.473008175015433],[-17.825269207202645,28.472947356565072],[-17.82540244754815,28.472967138115184],[-17.82586054311797,28.473186737683164],[-17.825952706902072,28.473120774625198],[-17.82597374886471,28.473029228556314],[-17.825780262117476,28.47300889618368],[-17.825724769169376,28.472956828246087],[-17.82574543925974,28.472889645677807],[-17.825878163208387,28.4728517053695],[-17.826142411094253,28.47288409705786],[-17.826317554911,28.472752361536678],[-17.826270582869878,28.472483621172596],[-17.82619865684339,28.47238949814949],[-17.82589699513258,28.472370513394644],[-17.825808600613865,28.47227132019727],[-17.825576031695004,28.472240073255794],[-17.8254432845016,28.472123760649865],[-17.825456716532052,28.472053120341382],[-17.825707590353367,28.472043394001133],[-17.826121160993488,28.47223956291233],[-17.82623621493699,28.472228149620154],[-17.826280927304385,28.472105441068305],[-17.826244399376844,28.471922179577206],[-17.826071128892263,28.47197088606235],[-17.825914878572085,28.47181537182716],[-17.82569073711882,28.47179387250524],[-17.825630863606694,28.471692282009748],[-17.825698527259803,28.47166471528225],[-17.825777294221712,28.471709082828337],[-17.82586160661248,28.47165500997431],[-17.825972627085164,28.47172216042216],[-17.826179231259182,28.47173680746717],[-17.826504761696242,28.47123390206052],[-17.8267310626624,28.47125986549298],[-17.82680096917904,28.47112490594356],[-17.826893876086572,28.471163566343744],[-17.82696708433658,28.471114234142437],[-17.827001027681966,28.470932213173377],[-17.827251814962846,28.47095766641288],[-17.828083028499858,28.470545268049957],[-17.828091248244448,28.470432339030776],[-17.827955294345003,28.470234007804052],[-17.827728120639552,28.469638862094286],[-17.827485100488115,28.46948335075658],[-17.827665026317298,28.469339787490238],[-17.827742240613315,28.469210989956387],[-17.827852393112142,28.46916900726419],[-17.828145428637818,28.469247703830526],[-17.82831066448082,28.469242461214854],[-17.82852421149399,28.46917306850573],[-17.828967661551168,28.468920281660658],[-17.829299042779926,28.46886737836279],[-17.82930183669356,28.46878072211113],[-17.829209599361015,28.468613956337084],[-17.82905756914279,28.46865500766063],[-17.82898638869521,28.468588834523],[-17.828974239418354,28.468516020256008],[-17.829030851318603,28.468462666524836],[-17.829335615980167,28.46841159816211],[-17.829604638354276,28.468518169140456],[-17.829796970339466,28.468526883863596],[-17.82995056638714,28.468378426547368],[-17.83041424957775,28.468195574909064],[-17.831108074670734,28.468450840847176],[-17.83126674422239,28.46846738097779],[-17.83172460214737,28.468257584427196],[-17.832675505976045,28.467473722539527],[-17.83367244372573,28.46642639490436],[-17.834818414107172,28.464968780117275],[-17.83319877110735,28.463428066047513],[-17.832575032706895,28.462887477965374],[-17.832088599379592,28.462540845968917],[-17.832033658669463,28.462432841028736],[-17.83210517672155,28.46212915990349],[-17.831872154601264,28.461965328887626],[-17.831831078266585,28.461879586572127],[-17.831894470875547,28.461807002941487],[-17.83222885881503,28.461867690912175],[-17.832340774887868,28.461547832905495],[-17.832095715909137,28.461162345521153],[-17.83208416312849,28.46103539532823],[-17.831916892529517,28.460887333559768],[-17.832148855837136,28.460361108472657],[-17.83227101871131,28.459774928450933],[-17.83239943653512,28.459691067144572],[-17.83239515104664,28.459453913855942],[-17.832653177108355,28.459560393269413],[-17.83276362596336,28.459453452437597],[-17.83278416497527,28.459305086121326],[-17.832670314692066,28.459322793609132],[-17.832580809839058,28.459220019342006],[-17.832438871727522,28.459179677795195],[-17.83238737806786,28.459086034075856],[-17.83265997555583,28.459011797327275],[-17.83265059733668,28.458928100886368],[-17.832549606446996,28.458815643219864],[-17.832789697780854,28.458670820584523],[-17.83266196201887,28.45847412637959],[-17.832680282505255,28.45835737849947],[-17.83258443440437,28.457902029682106],[-17.832651626260684,28.457780655240438],[-17.83298329306702,28.45770157893245],[-17.832925327865567,28.457556652659505],[-17.833003961745106,28.45751983355389],[-17.832997451511343,28.457428860859565],[-17.832884027586374,28.45730944595845],[-17.83295028499765,28.457229585768932],[-17.833078703785755,28.457222399311263],[-17.833004883259733,28.457057056025725],[-17.833107389139464,28.457035074477922],[-17.833378411670335,28.457208034606374],[-17.83331844485426,28.456911603656064],[-17.833374726454018,28.456802183116686],[-17.833542554976184,28.456933092552543],[-17.83369119337443,28.456880380959184],[-17.83375317682644,28.456793393001725],[-17.83387686520039,28.45695318601515],[-17.833909320849507,28.456448256420416],[-17.83424506929696,28.45663700476652],[-17.8345964321939,28.456645916231718],[-17.83461636107457,28.456895371979176],[-17.834670900995796,28.45695016263039],[-17.8347082797798,28.456859176998588],[-17.834775248381803,28.45684424965253],[-17.834803767847358,28.456727288926754],[-17.834745632396118,28.45657605262865],[-17.834595819458922,28.456470026838968],[-17.834508711371384,28.45630405943915],[-17.83462634975738,28.456275446846394],[-17.83468257228526,28.456202109568913],[-17.835029415712885,28.456615238098074],[-17.83518994530593,28.456702096574702],[-17.835280024953523,28.456635269465878],[-17.83529202293287,28.456434761452485],[-17.83534122443498,28.456366080659734],[-17.83571504455769,28.45641330956144],[-17.835865651415823,28.456243286566938],[-17.8359955943822,28.456255008919506],[-17.836045743230834,28.45618360194905],[-17.836032949981085,28.45604855955393],[-17.836096874942523,28.455957921889006],[-17.83606381468283,28.455866601257203],[-17.836128374368336,28.455761517352272],[-17.836112617035095,28.45563014504327],[-17.83619965227453,28.455487607707614],[-17.836170015893,28.455295184738493],[-17.83622613177692,28.455256127467234],[-17.836351960241203,28.45530491990761],[-17.836648957275816,28.455112898672027],[-17.836594195592603,28.454858757799023],[-17.836617579365083,28.454778888477076],[-17.836808511248833,28.454781219061967],[-17.83690305268317,28.454843292702126],[-17.837141825744165,28.454878902851426],[-17.837218223077375,28.454834911645268],[-17.83722869879131,28.454692167316974],[-17.8373267604357,28.45454218275545],[-17.837552977474573,28.45468088924011],[-17.837653752801945,28.454670667327093],[-17.83816552530639,28.454265783873755],[-17.838244548484212,28.45397637669784],[-17.838440241821342,28.45385141505047],[-17.838681880429522,28.45387974626424],[-17.838967320943148,28.454095693103746],[-17.839095790988157,28.454052417655095],[-17.83917110912798,28.45408607929464],[-17.83938354651654,28.454712949874697],[-17.839436748144745,28.454758493322124],[-17.839855901386468,28.45471865352085],[-17.84007009404986,28.454798819521233],[-17.840608397473208,28.454813733025773],[-17.841061182583097,28.45495130752993],[-17.841239548595713,28.455132502268075],[-17.841410631711465,28.455195228111766],[-17.841756642697938,28.455134034814648],[-17.843078136197846,28.455075753771375],[-17.843358796420752,28.454951119165123],[-17.843581068422548,28.454943728056517],[-17.84369451295588,28.454987360199954],[-17.84372466996623,28.454893817366973],[-17.84387146455459,28.454925025013058],[-17.843843583268004,28.454760531507784],[-17.843987305153004,28.454715128333273],[-17.84421446616056,28.454926870227045],[-17.844481599238737,28.45503043043313],[-17.844238901978553,28.455229450640502],[-17.84399157358801,28.45521748564596],[-17.84388245693487,28.455449793154276],[-17.844030285128063,28.455710101811302],[-17.844404896743768,28.455977392330876],[-17.845189756803453,28.456013288176347],[-17.845459462761074,28.455984189914357],[-17.845479320467987,28.455887254100958],[-17.845589107648607,28.45587052324401],[-17.8456335127605,28.456004000386912],[-17.845795345426357,28.456024968433624],[-17.846267556432128,28.456277581636993],[-17.846369519917165,28.45646397684299],[-17.846630624651475,28.45664703974781],[-17.846993120110458,28.456766638934507],[-17.84727417423889,28.45670392323176],[-17.84736594673891,28.456434090210948],[-17.847418302496234,28.456521395210327],[-17.847517569585182,28.456531042766407],[-17.84757701808822,28.45661639501807],[-17.847625655190082,28.456526974679736],[-17.847718612653857,28.456491651412943],[-17.84779332540431,28.45668944091042],[-17.847988485163654,28.456697079335182],[-17.848061925811482,28.4567713135431],[-17.84845413130648,28.456438356012633],[-17.848538500582244,28.45631120238827],[-17.848778908083855,28.456331422463336],[-17.848817523639354,28.456363087299877],[-17.848756960532683,28.45646448465295],[-17.84873357624668,28.45684834860329],[-17.84921949439683,28.457116900736263],[-17.849585635734712,28.45748628582323],[-17.850001020394323,28.45729446083381],[-17.850261212434543,28.456948930851475],[-17.85033298844173,28.456923070466154],[-17.850351222552888,28.456993950549307],[-17.850438272756993,28.457004754134054],[-17.850434382242856,28.457049938486104],[-17.85038195729471,28.457150263806597],[-17.85019839450219,28.457270477641977],[-17.85016039636422,28.457375912753665],[-17.85039920533061,28.45737451399593],[-17.850469757071735,28.457455121745785],[-17.850202474325425,28.458030824972397],[-17.8508161688095,28.458496046034533],[-17.85092158293967,28.45850646413198],[-17.851110587526787,28.458664870167127],[-17.851307227679342,28.458727497922823],[-17.85140080548028,28.45882927144757],[-17.851749439324262,28.45900236922111],[-17.852106247230473,28.459023749360814],[-17.852324407310412,28.458785539902618],[-17.852568589053508,28.458756060742186],[-17.85311551325451,28.459053085533814],[-17.853475015816386,28.459098760950493],[-17.85399153854667,28.45891021312443],[-17.854130327253728,28.458909103355385],[-17.854328127827223,28.458673122473922],[-17.85458688341506,28.458616272103498],[-17.854644981178968,28.45865113425161],[-17.854690114814794,28.45884160223637],[-17.854638696470804,28.45898683015313],[-17.854749694779013,28.45905305528157],[-17.854900398594072,28.459267285262595],[-17.855010062028587,28.459321811493194],[-17.855614927389027,28.460015594575896],[-17.855798122069906,28.460044941624293],[-17.85589571305369,28.460143921283965],[-17.85595658304882,28.460130013702535],[-17.855971404947258,28.459998002580452],[-17.85606620832726,28.459955418383746],[-17.85634133396053,28.459975797153998],[-17.856567641614795,28.459888954917222],[-17.856625399770962,28.45994908075246],[-17.85663389290755,28.460188848260977],[-17.856727529173384,28.46017876202506],[-17.85688706806889,28.460000410992535],[-17.856983229676086,28.460008312564597],[-17.856993283348626,28.460078461354737],[-17.856882616331795,28.46021429098802],[-17.85680638701407,28.460491921096935],[-17.856864506007135,28.460679228612022],[-17.857180703754633,28.46082232353502],[-17.857394015148103,28.46082144799391],[-17.85729164775609,28.461227719159574],[-17.857593615669202,28.46129714384152],[-17.85781562076832,28.461429588515216],[-17.857785645864546,28.461491558234446],[-17.857474224120068,28.461601841112923],[-17.857438951127644,28.461770364285197],[-17.85747326464451,28.462097087854975],[-17.85754644147309,28.46246448878847],[-17.85783330378622,28.462579332886783],[-17.857710683837432,28.462764125342492],[-17.85778079848405,28.463283135134926],[-17.857976183386953,28.463564075443326],[-17.858013173846302,28.463762651082856],[-17.85812988523801,28.463964962706335],[-17.858319833236386,28.464119729509747],[-17.85841217027974,28.464140880246426],[-17.85850347028721,28.46396432306505],[-17.858702968115725,28.463829329999943],[-17.85886177772641,28.463851247321365],[-17.859005866975433,28.463933009457843],[-17.859038828214686,28.464019815113193],[-17.85898342050493,28.464198684637076],[-17.85887935884708,28.464390304164876],[-17.858755525324604,28.464492134355606],[-17.859159825880376,28.464718434267567],[-17.859457614932474,28.464711899216194],[-17.85980326827207,28.46454586613093],[-17.85988422831973,28.464671351855984],[-17.86008156395878,28.464683436542348],[-17.86028543449445,28.464862262770705],[-17.860509659384427,28.46477365336081],[-17.8605608631912,28.464704019916],[-17.860869740707304,28.464726384627276],[-17.86099457155581,28.464926718431837],[-17.861001447816427,28.46510608168424],[-17.860813805372345,28.465302167975793],[-17.86113742826107,28.46526558836702],[-17.86122179025241,28.465327858057613],[-17.86118669273084,28.465502692553503],[-17.861275962101313,28.465595528594754],[-17.861586761114236,28.46561334083025],[-17.861584017803366,28.46570089742651],[-17.861376893766174,28.46585590034617],[-17.86130737544445,28.46596560984536],[-17.861363269443096,28.466032086910243],[-17.861514624553074,28.466004545112295],[-17.861481372092165,28.466096352223765],[-17.861732246047133,28.466049576012878],[-17.86172345892688,28.4663672825464],[-17.862073323498333,28.46654663993962],[-17.86216903191032,28.466651066349744],[-17.862377082009047,28.46660609274404],[-17.86231543527478,28.466742698431514],[-17.86214916696626,28.46686076016675],[-17.862201467369346,28.466945353494097],[-17.862465047462912,28.46691544720613],[-17.862929311310015,28.466643172328858],[-17.86341561058725,28.466544527204064],[-17.863641977817103,28.466573133804857],[-17.863596338589286,28.466659790032175],[-17.8631937210572,28.46675757505007],[-17.862995341882268,28.466896159305026],[-17.863025660228274,28.466998354256802],[-17.86314199324264,28.467110463888638],[-17.863162087839772,28.46728774424078],[-17.863387501501446,28.467772808030805],[-17.86345449864803,28.467834539938895],[-17.863499773541776,28.467734360682257],[-17.863880948406205,28.467711896465904],[-17.86388452619006,28.46788230827748],[-17.863775196252636,28.46799195580079],[-17.863848631389676,28.46806527847173],[-17.86434712823951,28.467926682577136],[-17.864579691115335,28.467919976983513],[-17.864580742917322,28.468072400988245],[-17.86472328644425,28.46813434400869],[-17.864580849335745,28.468265437091357],[-17.864521958141108,28.46857968910659],[-17.8646554400733,28.468608447365032],[-17.86495399718487,28.468474965336277],[-17.8650382645815,28.468495740165984],[-17.86491419163209,28.468626446470353],[-17.86453775922648,28.468824713210928],[-17.864628236148462,28.46915115176104],[-17.86468209349055,28.4692176701708],[-17.864775661444828,28.469166987290514],[-17.864752156869756,28.4693551087571],[-17.864846874634484,28.46946045591044],[-17.86494760276247,28.46929686596379],[-17.86504951708761,28.469517523409163],[-17.865131276228013,28.469407554055454],[-17.865351862798644,28.469335249958338],[-17.86564952904276,28.469319953389142],[-17.865737030625112,28.46938485988571],[-17.865375394124722,28.469639646020564],[-17.865375664043306,28.469687448865983],[-17.86555206633655,28.469642235363263],[-17.865684456541885,28.469668309398166],[-17.865662843466254,28.4697752067577],[-17.865468368759846,28.469831626032114],[-17.86545040698781,28.470073753551212],[-17.865673918377208,28.47014751893283],[-17.865680192758475,28.470266456923337],[-17.865560996445897,28.470313170593396],[-17.86556991536605,28.470378832017808],[-17.86566638324721,28.47047331702494],[-17.86566087495799,28.470571756366425],[-17.86585641665028,28.47085719027573],[-17.86607398377538,28.47101316655885],[-17.866206551904977,28.471499280374616],[-17.866302512421857,28.471646725711185],[-17.866502477466693,28.47187280067321],[-17.86674114842663,28.47190294603082],[-17.866865552854076,28.471973387506278],[-17.867012836071666,28.471983811095875],[-17.86723199188332,28.47189619913926],[-17.867369922103904,28.47190050534911],[-17.867488887011785,28.47229850395139],[-17.867641375563718,28.47238819709793],[-17.867809668151764,28.47264714129409],[-17.867874871003952,28.472680043073613],[-17.86799353258195,28.472613493560406],[-17.86808596912672,28.472671979831567],[-17.868035398813,28.473029355429926],[-17.868122789630007,28.473165524126273],[-17.868373828870258,28.473199915623812],[-17.868659059438603,28.473366185664005],[-17.868658627593046,28.473425729820196],[-17.86860236964135,28.473459391047776],[-17.868374193471812,28.473477738155],[-17.86823347509259,28.473559186315168],[-17.868248785856927,28.473634635040394],[-17.868365076466517,28.47366916438019],[-17.868412987511885,28.473742120872384],[-17.868302023182927,28.474055668977943],[-17.868147224895235,28.474258288464174],[-17.86812426091049,28.474730543298826],[-17.8681747990391,28.475391578461846],[-17.86833910047319,28.47576696977758],[-17.8681934887199,28.476309466827093],[-17.86853553065596,28.476537680703522],[-17.868602320715766,28.476629181454452],[-17.868491748125905,28.47673074070959],[-17.868278848587142,28.476785749400992],[-17.868110288518565,28.476894846699718],[-17.86802121479524,28.476998657960863],[-17.868091246407634,28.477210062658063],[-17.867891219781477,28.477250366348876],[-17.867843780168155,28.477308196487733],[-17.867834456321386,28.477643052341957],[-17.868064807443798,28.477667055941698],[-17.86815824804126,28.47776250459188],[-17.868127453733333,28.477869596003288],[-17.867984493995937,28.477943875114345],[-17.867946268100564,28.478078184728012],[-17.868104208607825,28.478180390423542],[-17.86859366371957,28.478347761236883],[-17.868336242997316,28.47853089851409],[-17.86838668824788,28.478659728200476],[-17.868606943106304,28.478763323898175],[-17.868662100373463,28.478877621248955],[-17.868758592633153,28.478859347233993],[-17.868674179879438,28.47868252439124],[-17.868728127949595,28.47860110336879],[-17.868954741287705,28.478637812886458],[-17.869052264870223,28.47873317461619],[-17.869125381527887,28.478907529576755],[-17.868893810130935,28.47910275073104],[-17.869007593791242,28.47927083482397],[-17.869120927485806,28.479309033782634],[-17.86914786152533,28.47947444137387],[-17.869340845812758,28.479664305879417],[-17.86935469839832,28.479949961650213],[-17.869405873376255,28.480067950888454],[-17.870154935981063,28.480170297806115],[-17.870706737046792,28.480302065622467],[-17.870593414905617,28.4803775254454],[-17.87014103816122,28.480373551446174],[-17.86985129808977,28.480494231243693],[-17.869588582364802,28.480481739098657],[-17.869535577343814,28.480522548521556],[-17.869573167311273,28.480591212100094],[-17.870286547349284,28.48092162693483],[-17.87057163415863,28.480893053026534],[-17.870842090755797,28.481062506755894],[-17.866021593466318,28.48113253191803],[-17.865674673927355,28.481235078380525],[-17.865649572702782,28.48090493555239],[-17.865430085986418,28.480768249917297],[-17.865295270972005,28.48077500788187],[-17.86512778288832,28.480504976058004],[-17.86488735622695,28.48058517719191],[-17.864760284279562,28.480276451783844],[-17.864293248760966,28.480413964745594],[-17.864229348080993,28.480278200614563],[-17.86371893205711,28.48027993883745],[-17.86352699507676,28.47997728785637],[-17.863215095435606,28.47965551534564],[-17.863411262827032,28.47951170841855],[-17.863230239176655,28.479308809873253],[-17.86312258123713,28.479026933353047],[-17.862874924221135,28.47885354610505],[-17.862686646292033,28.478799781819134],[-17.862516980636453,28.47883041769043],[-17.862394666512483,28.478951162726815],[-17.862384783584876,28.479076755622266],[-17.862466609271834,28.47919590631218],[-17.862441907923696,28.47933985234313],[-17.862132959289198,28.479202934793218],[-17.861913625789576,28.47890627053127],[-17.86122133462047,28.47901681907579],[-17.860624526414217,28.479737396792316],[-17.86002183742008,28.48019539012053],[-17.859655679519793,28.48034284580841]]]}},{"id":"81","type":"Feature","properties":{"categoria":"Monumento Natural","nombre":"Volcanes de Aridane","codigo":"P-6"},"geometry":{"type":"MultiPolygon","coordinates":[[[[-17.929140181483362,28.652399337783955],[-17.929102487018923,28.6527683508013],[-17.929010273911736,28.65304121767083],[-17.928657648512498,28.653554420788886],[-17.928093911493825,28.654079875816812],[-17.92791444143427,28.6539652354674],[-17.92754988055838,28.654335952381334],[-17.927032841966042,28.654589043773523],[-17.926804131496542,28.654817181637853],[-17.926055645111077,28.65409688080919],[-17.92552088084088,28.653336597082905],[-17.92547103796765,28.652867550209947],[-17.925543071716064,28.652431137232004],[-17.925706612918137,28.651983275137486],[-17.92587464920013,28.651759824401676],[-17.926362305535847,28.651399123799298],[-17.9266595959879,28.651253155803236],[-17.92684020661159,28.651243116661853],[-17.92725596443366,28.651401609320303],[-17.927332940589274,28.650733102706862],[-17.927322593164902,28.65043440270338],[-17.92725850589989,28.650117480893236],[-17.92716190156524,28.649922311073624],[-17.92789048680443,28.650040941847617],[-17.92824934705872,28.65022665813441],[-17.928553652758307,28.65049500462633],[-17.928834290310416,28.651055750455697],[-17.928886598308573,28.6514732377851],[-17.92908758036673,28.652044906960075],[-17.929140181483362,28.652399337783955]]],[[[-17.917201738282415,28.649243448329273],[-17.917349737389888,28.648089296882084],[-17.917290710632134,28.64798864220249],[-17.917302670504025,28.647903595719384],[-17.917465627339013,28.647363388977897],[-17.918113294893075,28.64645553866762],[-17.918313241796348,28.64651256461486],[-17.91842206697224,28.646602223125484],[-17.919135158485652,28.647428419394153],[-17.919465944545546,28.64759447062628],[-17.91978251694043,28.647653488807293],[-17.92009574081216,28.64759170959979],[-17.92075803631854,28.647249090047556],[-17.921214637700874,28.646753055617157],[-17.92139966718097,28.646640821680894],[-17.92159317468581,28.646576210837434],[-17.92175610656686,28.64658893019466],[-17.922061245886788,28.64675192055925],[-17.92256826514989,28.64733629811896],[-17.92281488928598,28.648043557157695],[-17.922993794123443,28.649037077015777],[-17.92229804839835,28.650013935253853],[-17.92167504960536,28.65028139840649],[-17.919460886658957,28.65082949101222],[-17.918962627642998,28.650602964605895],[-17.918095642869435,28.65034887427459],[-17.917852758379844,28.65019095546418],[-17.91744426081786,28.649766797537357],[-17.917378376317732,28.649673326439025],[-17.91733753892077,28.64942092293804],[-17.91722928572097,28.649351997527482],[-17.917201738282415,28.649243448329273]]],[[[-17.91821167401023,28.618081741391727],[-17.917442821881245,28.618616851782306],[-17.916782978728346,28.6190053972495],[-17.91647369888756,28.619132926596972],[-17.916317662621896,28.619146208472724],[-17.916014036144805,28.619071564615936],[-17.915826874599695,28.618735535689307],[-17.91542589498197,28.618620717907078],[-17.914756516137174,28.61858502655019],[-17.914371523918454,28.618449791741927],[-17.914184936992484,28.61835813894348],[-17.913800253047057,28.61803125429688],[-17.912797070927727,28.617614489164126],[-17.91149341429013,28.616566442716316],[-17.911208090977382,28.61621904915053],[-17.911122776237544,28.61598127185698],[-17.911123474500627,28.615359183223248],[-17.91121061395619,28.614739061368205],[-17.91142604795021,28.61424481827987],[-17.91188342631874,28.613702167880636],[-17.911829054997202,28.61335073056117],[-17.912044073279038,28.613293349739525],[-17.912737575261893,28.612876773400345],[-17.913823943567984,28.61265063770175],[-17.914083525029767,28.612552507434525],[-17.91434853446375,28.61231417738484],[-17.914524433770158,28.61189916561668],[-17.91477560876177,28.611759542030548],[-17.915049608189655,28.611724601490828],[-17.915495322341165,28.611874214834675],[-17.91594923217541,28.612686358257537],[-17.91626374499656,28.612952473410456],[-17.917024149811795,28.61334026548726],[-17.917354567789445,28.613563703965166],[-17.917916919040383,28.614101096777755],[-17.918260137223772,28.61464663563786],[-17.918340028166273,28.61491100756925],[-17.918401423337276,28.615762986664567],[-17.918558579497546,28.616676945028367],[-17.9184851632015,28.617163808369213],[-17.91825820834237,28.617791085298602],[-17.91821167401023,28.618081741391727]]],[[[-17.916044288862388,28.6315089966942],[-17.91488070381787,28.63082212909074],[-17.914423283357518,28.630347865795557],[-17.91450660196884,28.63017174093821],[-17.914500431665637,28.62987906305045],[-17.914191646549284,28.62966737698032],[-17.914028544994434,28.62931544954178],[-17.91409042509808,28.629066470820735],[-17.91449039561793,28.62881721556995],[-17.914840547917166,28.62839204805878],[-17.91482305318282,28.62827696726437],[-17.91457183229814,28.628138954760225],[-17.914611104528632,28.62767357394869],[-17.914559319009395,28.6274696614415],[-17.914749312282968,28.627068985124424],[-17.914984177814198,28.626820413948703],[-17.91546801582164,28.626656800929148],[-17.915836349143397,28.626608451623742],[-17.916403008744435,28.626380759265366],[-17.916886382885693,28.626372360213384],[-17.917414412900513,28.62645858339475],[-17.917819543283663,28.626603999493362],[-17.918070579016792,28.626607529353386],[-17.91879238884903,28.627018236390697],[-17.919232772082644,28.62741024609067],[-17.9195216788947,28.62774129694644],[-17.919838196358985,28.62834680119812],[-17.92025123742868,28.62931878352777],[-17.920339821002166,28.629606165217726],[-17.92026039836976,28.629965352879676],[-17.920418885654914,28.630444788819926],[-17.92008402206846,28.630740366288094],[-17.91994455385014,28.631415061561658],[-17.91985471500337,28.631558904683512],[-17.91874100430871,28.631996772974254],[-17.918328391269664,28.632103669650114],[-17.918013905821795,28.63210868829338],[-17.91776852421213,28.631998915801603],[-17.916853710634165,28.631853476426745],[-17.916044288862388,28.6315089966942]]]]}},{"id":"82","type":"Feature","properties":{"categoria":"Monumento Natural","nombre":"Costa de Hiscaguán","codigo":"P-8"},"geometry":{"type":"MultiPolygon","coordinates":[[[[-17.96823190623041,28.8217307086001],[-17.968165714921472,28.821787456378654],[-17.968061614013227,28.821706586488187],[-17.968094698330752,28.82164172825761],[-17.968178415300162,28.821635916712108],[-17.96823190623041,28.8217307086001]]],[[[-18.007463821590147,28.774514928865933],[-18.007701440878602,28.774625986194522],[-18.007710945057358,28.77467177412632],[-18.00736897104069,28.77463429654307],[-18.00721192708965,28.774548502047818],[-18.00725674895633,28.77450511147535],[-18.007463821590147,28.774514928865933]]],[[[-18.005663913481268,28.76051570173093],[-18.005553499288563,28.76052032443216],[-18.005134082086414,28.76038624922351],[-18.005059387232897,28.760315755130076],[-18.00527418497581,28.760167562802113],[-18.005610494595388,28.760151958847363],[-18.00573973224206,28.760375473134417],[-18.005663913481268,28.76051570173093]]],[[[-18.007473890329877,28.77019343470038],[-18.00746093671437,28.770312781491143],[-18.007351720364007,28.77028815613294],[-18.007227201359935,28.770158342748577],[-18.007226169241083,28.7700510329739],[-18.00739789297888,28.77007787364524],[-18.007473890329877,28.77019343470038]]],[[[-18.007278105738102,28.771290065350758],[-18.007768027832434,28.771489304987487],[-18.007772545823016,28.77153971382954],[-18.007489541803885,28.77152347085709],[-18.007201183123126,28.77132064170458],[-18.007278105738102,28.771290065350758]]],[[[-18.008052473787473,28.7760486641638],[-18.00794854609153,28.77610148989392],[-18.00786975703111,28.77606716761178],[-18.007889987389355,28.775987344699676],[-18.007964401082837,28.775940588523223],[-18.008041468229408,28.77595059634265],[-18.008052473787473,28.7760486641638]]],[[[-17.97197405280521,28.81710786590703],[-17.972094398592496,28.817147786325478],[-17.97205364028483,28.817165912223622],[-17.97197405280521,28.81710786590703]]],[[[-17.971659089199115,28.817283204487882],[-17.971629782133242,28.81733309774465],[-17.971487496773342,28.81727435827653],[-17.971316900868015,28.817087892510916],[-17.97132230090663,28.817018412230894],[-17.971520797330843,28.81697931253352],[-17.971659089199115,28.817283204487882]]],[[[-17.97115859170421,28.8187579458201],[-17.971184999559966,28.818793442628984],[-17.971125718724146,28.818884223997845],[-17.970939520814383,28.818768725707738],[-17.97115859170421,28.8187579458201]]],[[[-17.972125964488352,28.816831402131385],[-17.971992002615195,28.816838503711562],[-17.97192098503321,28.816790099911813],[-17.971953692252733,28.81673372769996],[-17.972081467161622,28.816735962590904],[-17.972142456624553,28.81677385392335],[-17.972125964488352,28.816831402131385]]],[[[-18.00545134348902,28.781549916004593],[-18.005296558568837,28.78200704685786],[-18.005376578596888,28.782119813169665],[-18.0052980524471,28.782201836028605],[-18.00519716056288,28.78249631652108],[-18.005306788177602,28.78264901151184],[-18.005306914449733,28.782724772976596],[-18.005120382231837,28.78293186702728],[-18.004826344383318,28.78306739434181],[-18.004735136813473,28.78317134624048],[-18.004642910206783,28.783453908044734],[-18.004636598925458,28.783804909409227],[-18.004746281366003,28.7841307790988],[-18.00484938115068,28.784262874754035],[-18.005058229437022,28.78433389809809],[-18.005642174783176,28.78423980699818],[-18.00571474510514,28.784485326339162],[-18.005791493858204,28.784519695008743],[-18.00578527467724,28.784588382141287],[-18.005662466614552,28.78466147012774],[-18.005398547877128,28.78452664332837],[-18.00496477867513,28.78453810741121],[-18.004709469306242,28.78477469324891],[-18.004202023525945,28.784930304500836],[-18.00362525101178,28.785238985715893],[-18.003311859381178,28.785521057838956],[-18.003103652915694,28.785900905558293],[-18.003123649009556,28.78613406722153],[-18.003307638767115,28.78637350043488],[-18.00326993192965,28.78645100596082],[-18.002921233202034,28.786465982167048],[-18.00282741945596,28.786336384272147],[-18.00239385803554,28.78621254234509],[-18.00161443608988,28.786274078459254],[-18.000220957634273,28.786665851765274],[-17.999813370077344,28.787055539820496],[-17.99859001689299,28.78748951463401],[-17.998450135538548,28.787753289053555],[-17.998422234305213,28.788280652672775],[-17.99827187236257,28.788679051637892],[-17.99772261985307,28.78912780336934],[-17.997603894388728,28.78930812688097],[-17.997131065745734,28.789422355842373],[-17.997007007655956,28.78955950332701],[-17.996723455777154,28.789704702963824],[-17.99638088274039,28.790041526107935],[-17.996279454179145,28.790253935001346],[-17.996340572298838,28.79070806698669],[-17.996245763950768,28.791008720829286],[-17.996247208245556,28.791273864668863],[-17.996363608133063,28.791835003942335],[-17.99654589244818,28.792229621305466],[-17.99655143951997,28.792530752288577],[-17.996465916760876,28.79261923976542],[-17.995843100518556,28.792895540844174],[-17.995578995627483,28.793327129698056],[-17.995312151763624,28.794092503777247],[-17.995390004956814,28.7942368926346],[-17.995772095703767,28.794350173213488],[-17.995805931257003,28.794852714863914],[-17.99563666942916,28.79502062984386],[-17.995425123726875,28.795643168770766],[-17.994973027953904,28.79605367583083],[-17.994789842414775,28.79609291885702],[-17.994556663650986,28.795995271602887],[-17.993955731722924,28.795856178025343],[-17.993355770468476,28.79546451141334],[-17.99336700342857,28.79535602700725],[-17.993137915868576,28.79511487473685],[-17.99251298057169,28.795282071371556],[-17.992099479799304,28.79532371338042],[-17.991779606650013,28.795094493649827],[-17.991590653689947,28.79507523275799],[-17.99136877784946,28.79519379961814],[-17.99146938949104,28.795310627522277],[-17.991305465505555,28.795343124977535],[-17.991118093133238,28.795164181339466],[-17.990980168412563,28.795103199991253],[-17.991061165735097,28.795393639549427],[-17.990875175550066,28.79562144925939],[-17.99098617451246,28.79574345900873],[-17.990834111821417,28.795868594926187],[-17.990726280421367,28.795857456019636],[-17.990600601856382,28.79575922244381],[-17.990593829312466,28.795522156841834],[-17.990721242094455,28.79530836371427],[-17.99070498491901,28.795255418213998],[-17.990319940504857,28.79507454151906],[-17.99008981214932,28.795119328440187],[-17.989583506927385,28.795353333429937],[-17.98884990231406,28.795444450784235],[-17.9882644904791,28.795669380023533],[-17.988018489856227,28.795660397356063],[-17.98787175491387,28.796008196748513],[-17.987848877492294,28.796282899908515],[-17.98819256971088,28.796701013630724],[-17.988163181191204,28.796891076590867],[-17.988205102925892,28.796996579521394],[-17.987910564432365,28.797116750545747],[-17.987716278310096,28.797520622696698],[-17.987549930997112,28.797468385033195],[-17.98778433818269,28.797896135476186],[-17.987762763341046,28.798001240897754],[-17.98758389561707,28.798048496442163],[-17.98741413164241,28.797912451840162],[-17.98737071245346,28.798041491974832],[-17.987189940831886,28.798022043963577],[-17.987123534138217,28.798063200751397],[-17.98714739594669,28.798181731397317],[-17.98689727244435,28.798351426816403],[-17.986975980604807,28.79877721421179],[-17.986717312413013,28.79879105908162],[-17.98667800005553,28.798848753088986],[-17.986110139029716,28.79872061811958],[-17.98594345607967,28.79865666044625],[-17.98556959524979,28.798365483418035],[-17.984767997932618,28.79851490818579],[-17.984611860635418,28.798677108267018],[-17.984615283924292,28.79883307218003],[-17.984561499178856,28.79895783110899],[-17.984819394693687,28.79927592989727],[-17.984793363493885,28.799368506112906],[-17.98466847107246,28.799405544049307],[-17.984280015420342,28.79921300033767],[-17.98397729549163,28.799262089142122],[-17.983715988855838,28.799470810828232],[-17.983359425527336,28.79960677576244],[-17.982727087270955,28.800090682108618],[-17.982353687441005,28.80046242945879],[-17.98180263641774,28.800636964882518],[-17.981252368806633,28.801234502207908],[-17.980749535871347,28.801915774075198],[-17.980586116574386,28.80229009263134],[-17.980571605297563,28.80249966909573],[-17.98043343978385,28.80264613437857],[-17.980391425724275,28.802860828342382],[-17.98015679279642,28.802856090783326],[-17.979977453898574,28.802923190424366],[-17.979541810963497,28.80326744306745],[-17.97878211679743,28.804279089696013],[-17.978407565190107,28.804683323595018],[-17.977973840732897,28.80552721831198],[-17.977796751502506,28.80599744429765],[-17.977608953403724,28.80699104658023],[-17.977220796110924,28.808033267898647],[-17.97719215039998,28.80853809902558],[-17.977355826919233,28.80896382149472],[-17.977734972530282,28.809511963693282],[-17.97810986527797,28.809622745425617],[-17.978258708148545,28.809743027875935],[-17.978301649992734,28.809848511469266],[-17.978276095722556,28.809922134950067],[-17.97798285997841,28.809981826074377],[-17.977778705798002,28.8099331178517],[-17.977664624494878,28.810350540651427],[-17.977710573416736,28.81063364519753],[-17.977814357370725,28.810717942359435],[-17.97790177500139,28.810910836621225],[-17.978193183672985,28.81100271600329],[-17.97847381739897,28.810752086055547],[-17.97862546670266,28.810755050581136],[-17.978718837359644,28.810833263233842],[-17.97886912657829,28.811363906831623],[-17.979113333474015,28.811488395451264],[-17.97919167483112,28.811722077596855],[-17.979143168513723,28.811780874846455],[-17.978923927897714,28.81159810912253],[-17.978762325203068,28.8116052864522],[-17.978679508941408,28.811681978685694],[-17.978685280548607,28.811848714670617],[-17.979087940981696,28.811927311105155],[-17.979238980568997,28.812232446386083],[-17.979218114193056,28.812362790216586],[-17.979164772707186,28.812431615906764],[-17.979089216392406,28.812439598731164],[-17.978843656255624,28.812087845018677],[-17.978451640491066,28.812023444222135],[-17.978306708104732,28.81189676207929],[-17.978010749927336,28.811896983970637],[-17.977980713422053,28.811921098319274],[-17.978028057846913,28.812037308306046],[-17.977827289374236,28.812143663591446],[-17.97783247246279,28.81232574607238],[-17.977750170985104,28.8124565443247],[-17.97767666424247,28.812500559707658],[-17.977558401708787,28.812483327627167],[-17.977306721885412,28.812348177616986],[-17.97695419704811,28.811728191897046],[-17.976432857033934,28.811473619063893],[-17.976403675570694,28.811275830641126],[-17.976167244695805,28.81106457658623],[-17.975981438526283,28.81108491217898],[-17.975822195003317,28.811175014755737],[-17.97523400431418,28.811173109631167],[-17.974967557254594,28.811242305474206],[-17.974746613397066,28.811481960951067],[-17.974436924665206,28.812209462789703],[-17.974086548828094,28.81241733644624],[-17.97372100634224,28.812563668767474],[-17.973554184152242,28.81276559946281],[-17.973516587607712,28.813039002805645],[-17.973464946163748,28.81311374193492],[-17.973353267544955,28.81318403216862],[-17.972968501255856,28.8132810880827],[-17.97293244441016,28.81336008349759],[-17.972823799223296,28.813414612222275],[-17.97281841706395,28.81360721063978],[-17.972709636409306,28.813754284097453],[-17.97252995212076,28.813846096437405],[-17.972109892476066,28.81393021808469],[-17.97185833032419,28.81421365821003],[-17.97176643621967,28.81450819132296],[-17.971760428167798,28.814711266392298],[-17.971908563564586,28.815033702280363],[-17.972040022050265,28.815075542697567],[-17.972198299850355,28.81497996345474],[-17.972430749761102,28.815051056225755],[-17.97260693836151,28.815037972500598],[-17.97293412800921,28.815246239650904],[-17.972801325502708,28.815272438071723],[-17.972646854335053,28.81541546776258],[-17.972507166039666,28.81544443339994],[-17.972561311648757,28.81552622083437],[-17.9725049551005,28.815597275346818],[-17.972011920276074,28.81557152244469],[-17.971804945709046,28.81565816284959],[-17.97168386572542,28.815653615372295],[-17.971386409503335,28.8157997945726],[-17.971191802139508,28.8157197485582],[-17.971122470909354,28.81561890279949],[-17.97112017307767,28.815480321003662],[-17.97103501538535,28.815471283401244],[-17.97093108579818,28.815554930606094],[-17.970603841678226,28.815661987592815],[-17.970515046974217,28.815777320957217],[-17.970402981861955,28.815819746671142],[-17.97039115635345,28.815904611744333],[-17.970287760182412,28.81595297979976],[-17.970249258785163,28.816425647273938],[-17.970315756752456,28.816484433998273],[-17.970342871576513,28.816653045908748],[-17.970447796942146,28.81667653092972],[-17.970482327566327,28.81685742659403],[-17.97074728878654,28.81730140092383],[-17.97077738696115,28.817546163220538],[-17.97071577751722,28.81791552329239],[-17.971047226785128,28.81803197077639],[-17.971029638752753,28.818090625389885],[-17.970796754029724,28.818090975921894],[-17.97064494610217,28.818151324716368],[-17.970589024853684,28.818245008340554],[-17.970686082620965,28.818362831820085],[-17.971126615058008,28.818450718758537],[-17.97117583008366,28.81851033674809],[-17.971129803385246,28.818570159177547],[-17.97102121522412,28.818590861705886],[-17.97096899456335,28.818703044470343],[-17.970801431093676,28.81875679546828],[-17.97085866196639,28.81903009344235],[-17.9708052732624,28.81909756430919],[-17.97063066313958,28.81921334534843],[-17.970258081272043,28.819210188255106],[-17.970276631360974,28.81928635668659],[-17.97045484457119,28.819311835023587],[-17.970598878920036,28.819453698329806],[-17.970582888650394,28.819741688025196],[-17.970672797542964,28.820080109746783],[-17.97034661604281,28.820149350940614],[-17.970194098051874,28.820343476809555],[-17.969359288949466,28.820340035722307],[-17.96923057748606,28.82023643788796],[-17.96918937135027,28.820072916501264],[-17.969184332368652,28.819942332293248],[-17.969278678895922,28.819744617866192],[-17.969251825855643,28.819650141759382],[-17.969150392830805,28.81958021789028],[-17.96899311580712,28.81955986904956],[-17.968582313259635,28.819631871124162],[-17.96832615338788,28.819920097108106],[-17.96806224557667,28.820353980733817],[-17.968044744477773,28.820520418368016],[-17.96807179912112,28.820575113504216],[-17.968184481540604,28.820601135262063],[-17.9681589307166,28.820700463255328],[-17.968030661551637,28.820763989259916],[-17.96790344442436,28.820756326676847],[-17.967586389763195,28.820952447857625],[-17.96715790594635,28.821415838516486],[-17.967148516453477,28.82148197905867],[-17.967376699897635,28.821575542669205],[-17.967435757476512,28.82174381304495],[-17.967564873291256,28.8218833020267],[-17.967545276583728,28.821947051525477],[-17.967032963673525,28.82170135515252],[-17.96682541156846,28.821670745411826],[-17.966867966741226,28.821950501753932],[-17.966594743891406,28.82239216448032],[-17.966668094707295,28.8227249104492],[-17.96656661803653,28.822855673761044],[-17.966554620818563,28.823050131629927],[-17.966706021711452,28.823119499078093],[-17.966896371246786,28.822919132411513],[-17.966987231464536,28.822905136846728],[-17.966938835609227,28.823177604194502],[-17.967142214168273,28.823454452679247],[-17.967111590562297,28.82351222121499],[-17.966992264354005,28.823508443145176],[-17.96717114559739,28.82367633163498],[-17.966990984878848,28.823701582787738],[-17.966976692105373,28.823779015628908],[-17.967083040840535,28.8238921272875],[-17.967139272392462,28.823801955714195],[-17.96723161462412,28.823818504066395],[-17.967342673923195,28.823747510267026],[-17.967346832468582,28.823987883536223],[-17.96726144632655,28.82412262269151],[-17.96712248614524,28.824199371681633],[-17.967158858450443,28.824271991468674],[-17.967280304610277,28.824249385210464],[-17.967334767643496,28.824461411901833],[-17.9674374683695,28.824579474133678],[-17.96748009217679,28.824709952783355],[-17.96741009331675,28.824787799954507],[-17.96741733203272,28.824866021683054],[-17.967623935544317,28.825000106803433],[-17.96779632670565,28.824953649080804],[-17.967916478443595,28.824982843678608],[-17.967948268916906,28.824897629452458],[-17.96806125273034,28.82503151980868],[-17.968172512164273,28.8250324979357],[-17.968160134166567,28.82534692588522],[-17.968249442960545,28.82545860765773],[-17.968254750362604,28.825551754291308],[-17.968198539488462,28.82563543168896],[-17.96806505194328,28.825652441141543],[-17.968023237670376,28.825824735580046],[-17.96802755199892,28.82594063368288],[-17.96814868760439,28.826112678064536],[-17.96812933637672,28.826149002413107],[-17.968048778759496,28.826136344411008],[-17.96775123874806,28.825829731050987],[-17.96764055002439,28.825646813079988],[-17.96751177007723,28.825789993915937],[-17.967614392251622,28.826074831556543],[-17.967457476309963,28.825893246650104],[-17.967380397145906,28.82557693621173],[-17.966945305450817,28.825438071356473],[-17.966833269869845,28.825352409173544],[-17.966137965319504,28.824696259033253],[-17.965846275648758,28.82432498584088],[-17.965818056919854,28.823857182220024],[-17.965585453286362,28.823358729191945],[-17.9657092106736,28.822998737052544],[-17.96543696555033,28.822373617053437],[-17.96547651266002,28.822056246186836],[-17.96581668813009,28.82152309630481],[-17.965685173444545,28.82115446782341],[-17.965859720080992,28.82097835243351],[-17.965954948685802,28.820594814898726],[-17.966305113144898,28.82025518734285],[-17.966346562738593,28.820095258305752],[-17.966513765336096,28.819913080167655],[-17.967078236317,28.819788275073297],[-17.967515374698092,28.819449617125407],[-17.967985772955792,28.819391640024506],[-17.968037891729253,28.819358743529904],[-17.968057488103675,28.819176998455973],[-17.96814140578359,28.81904769409623],[-17.96826623295735,28.818996483566263],[-17.96841482958309,28.81899321243282],[-17.968869490382506,28.819151942957635],[-17.969357638767228,28.819414048606625],[-17.969409598150865,28.819378800975098],[-17.969370255938102,28.8192845277629],[-17.96939732483264,28.819233664990534],[-17.969495665331355,28.81915897210657],[-17.969476140951873,28.819088146603097],[-17.96972310421228,28.819082166572873],[-17.969802025821547,28.819030188784534],[-17.969867916215815,28.818822277134675],[-17.970021273173803,28.81871544368981],[-17.969928749988146,28.818598602199987],[-17.96992559637804,28.818487549219395],[-17.970247323077682,28.818395046448583],[-17.970217430203363,28.818334190707336],[-17.96983327843509,28.818085058903552],[-17.969571828543167,28.81797102648675],[-17.969490908073087,28.8178335446309],[-17.969524875704042,28.817749364559344],[-17.969633401965957,28.817722892035057],[-17.969976663250353,28.8178009288807],[-17.96999117792514,28.817406810001845],[-17.970196758240604,28.817346630521694],[-17.97014833971828,28.8172501040797],[-17.970011346756703,28.81719377193961],[-17.96998353158302,28.817072618892357],[-17.969868347019865,28.816965566643436],[-17.97003023001456,28.816340364916545],[-17.969958374605834,28.81577260720579],[-17.969925226892144,28.815726570198677],[-17.968864684704553,28.81575927650322],[-17.968097388082125,28.815688910522095],[-17.967766927391033,28.815546655155604],[-17.967595215215706,28.815376462200675],[-17.966966669615996,28.815111764474715],[-17.966161677640237,28.81525187034568],[-17.96581417176536,28.815410232648777],[-17.965624679963753,28.815438212018908],[-17.964455119818826,28.814990392903315],[-17.96391191198976,28.814574528207913],[-17.963606370224962,28.81444648873131],[-17.963432930096417,28.81443009601101],[-17.963018339713248,28.81450162234376],[-17.962684972419236,28.814421635775116],[-17.96241123384397,28.814551147280813],[-17.962323211551226,28.814376907774417],[-17.961909649770405,28.814144804417875],[-17.96181263501181,28.814046094702977],[-17.96166505838337,28.813655444646557],[-17.96157141122451,28.813527346670384],[-17.961206930602767,28.813194675487306],[-17.96090613637532,28.813074913578355],[-17.960711423661305,28.81289662921426],[-17.960473216778354,28.812444378079554],[-17.960253673815995,28.812239037644613],[-17.9601707995117,28.81204999928782],[-17.960159523496124,28.81161892339945],[-17.95976768996926,28.810652039411682],[-17.95977950954061,28.81053046464173],[-17.959890647574856,28.810466150230432],[-17.959983194914702,28.81047954283677],[-17.960450116546546,28.810853624960085],[-17.961135156833105,28.81106786733056],[-17.96135998871469,28.81132260853591],[-17.96160429620286,28.81146940653676],[-17.962223475368997,28.81152751481746],[-17.962737367106765,28.811805849594805],[-17.96299250033285,28.81187555910837],[-17.963383632253308,28.811858396514683],[-17.96375940266437,28.811917155562544],[-17.964015294695212,28.81187626475395],[-17.965048914974478,28.811077398182317],[-17.96515784408194,28.810837694819888],[-17.965155269181295,28.810497528076965],[-17.96502016079125,28.810319382728952],[-17.96461640819709,28.81012946407234],[-17.964414414166214,28.809943588159868],[-17.96438809054239,28.809802467084697],[-17.96445040203213,28.80972100244774],[-17.965151827444103,28.809320982846966],[-17.965594835554644,28.80921951210988],[-17.965740542140033,28.809099593183298],[-17.96580441101865,28.808932226140602],[-17.965748919048096,28.80849914751953],[-17.96568662161329,28.808396790743547],[-17.96489286205845,28.80760887212718],[-17.964538844646047,28.807348678135227],[-17.96444815066714,28.807169285083774],[-17.9644421165898,28.80660568558074],[-17.965017718684567,28.806008736507522],[-17.965587322341616,28.805529173385185],[-17.965530395690447,28.805348858217656],[-17.965321205102722,28.80522673037477],[-17.965221982219663,28.805096863107135],[-17.965077823947848,28.80461350881933],[-17.964738004635215,28.80399383760283],[-17.964816228786688,28.80376933128603],[-17.965045342123304,28.803665890106494],[-17.965168897947727,28.803667954543126],[-17.965554119365883,28.8039275516994],[-17.966041304373245,28.804670165947552],[-17.966467926746983,28.80489448467798],[-17.966703296680482,28.805083953290886],[-17.966933818210965,28.805557468389434],[-17.967211565107025,28.805822039918137],[-17.967429158671113,28.80614286419255],[-17.96771684962945,28.806346332765667],[-17.967792139450797,28.806585411946788],[-17.96809053811711,28.80705762943665],[-17.968635676850155,28.808222846577152],[-17.968713879136246,28.80860413755956],[-17.968747412662893,28.809183230412998],[-17.968939323681393,28.809295432157697],[-17.969298613787522,28.809320787151794],[-17.969718264067453,28.809477861538355],[-17.969994107504757,28.809887585968646],[-17.97003843752002,28.810119452956688],[-17.970117188845716,28.81023413577137],[-17.970948966374994,28.8109476092603],[-17.971477216679865,28.811677821945402],[-17.971580803683047,28.811861308830796],[-17.971751420703683,28.812790752121842],[-17.97196018856836,28.812931079724446],[-17.972241203624964,28.812911212747995],[-17.972401187846074,28.812798314117824],[-17.972405963337238,28.812628666063816],[-17.972621413211147,28.81236406047544],[-17.9727184326064,28.812110191893087],[-17.972904419027866,28.811882043475475],[-17.973430612839806,28.81146806656118],[-17.973659439109134,28.81140725266676],[-17.97374731014361,28.811317671018724],[-17.973753517718862,28.811217929939595],[-17.973664049111616,28.811092418682648],[-17.97369025511667,28.8110599743666],[-17.973850753390266,28.811060422073457],[-17.974324099939864,28.81085477102572],[-17.975010911055453,28.810684249608574],[-17.975236569496374,28.810671307251],[-17.975496563915314,28.810593856010975],[-17.97571872178444,28.810457492892247],[-17.976428818259038,28.81036734801236],[-17.976565733750657,28.810240486403774],[-17.976628996301994,28.810038014943295],[-17.976548424372652,28.80958961305669],[-17.97639763468044,28.809373826315877],[-17.97606827381915,28.808442887392864],[-17.97592955466353,28.808175042719594],[-17.975759411573787,28.807437795337467],[-17.97570469547073,28.806785654129968],[-17.97585692867435,28.80656557996446],[-17.975873232625492,28.806462278818223],[-17.975733674181324,28.806192522034745],[-17.975734135223412,28.806019325273805],[-17.975794894634472,28.805927968521633],[-17.97596541298996,28.8061067463087],[-17.97607219398223,28.80607592420347],[-17.97601328338893,28.80547903088578],[-17.976041369189907,28.805321559235008],[-17.976168467357635,28.805106071193162],[-17.976526576840822,28.804814247994685],[-17.976591394831843,28.804501535673282],[-17.97709504284726,28.80414724340953],[-17.977125153883122,28.803786983863784],[-17.977266071928433,28.803669301334732],[-17.97732679058578,28.80341944734995],[-17.97781236264257,28.802904259073134],[-17.977989129296123,28.802555986087828],[-17.978050128533187,28.80226339460948],[-17.977952554618234,28.801925597807248],[-17.97770869582983,28.801744093797932],[-17.97728426849607,28.801669218596373],[-17.976679389967153,28.80093826502989],[-17.976743440037527,28.8007420268613],[-17.976581874284864,28.800415436164855],[-17.9765560921385,28.80008964644626],[-17.975862720138068,28.79952054166124],[-17.97559556001181,28.79898479458358],[-17.975387324640987,28.798870959298146],[-17.975117127577047,28.79858738694842],[-17.975048860153738,28.798311086488756],[-17.975062154485514,28.798094321085962],[-17.974764612578205,28.797821272538854],[-17.974860279814962,28.797476415218377],[-17.974841747979255,28.797220665028753],[-17.97505419770507,28.79745409954756],[-17.974995722115743,28.797630370820286],[-17.975032921715183,28.79767825672108],[-17.975554010776882,28.797998688206576],[-17.97575756133119,28.79824314132833],[-17.97645159554272,28.79852367532915],[-17.97672877715952,28.798819772354534],[-17.977130057059586,28.7991274352231],[-17.977567629673462,28.799242907453287],[-17.977817707010814,28.799212393915575],[-17.977938288133892,28.79931165429924],[-17.97813090801554,28.799351598370894],[-17.978786633105564,28.799329002844104],[-17.97885461761121,28.79945107093663],[-17.979013858601043,28.799577437526473],[-17.97912936998484,28.799606455395384],[-17.979225714372706,28.7995736608388],[-17.979499327520315,28.79925734170191],[-17.980075083605236,28.7990155246794],[-17.980537708399964,28.798504713423558],[-17.981219409529217,28.798387728065517],[-17.98167742417538,28.79839835073646],[-17.981840946103443,28.798351442084147],[-17.981995070484658,28.798226270059804],[-17.982109522406017,28.797930601614613],[-17.98244351790109,28.79779333518188],[-17.983096477394138,28.79763819160355],[-17.983527624726253,28.797424813226506],[-17.98381723779938,28.797347152742656],[-17.984085061719906,28.79733130716217],[-17.9842415156933,28.797252081378055],[-17.98488313826465,28.79731004355504],[-17.985483132822765,28.797200175611852],[-17.985883483495176,28.79684143472701],[-17.98590480818347,28.79676339393372],[-17.985915354985824,28.796047595609615],[-17.98561060584202,28.795737331951003],[-17.985491602463348,28.79574726830639],[-17.9854801250842,28.795873288783177],[-17.9853146640609,28.796016273309643],[-17.985010770089602,28.796109881437],[-17.984309846813716,28.796115995541435],[-17.983822055104387,28.796032569168332],[-17.983449702429006,28.795844419461826],[-17.983326061412843,28.795644996433158],[-17.982647858219956,28.795532914374338],[-17.982409421230646,28.79521472306976],[-17.981982215030467,28.79494113886202],[-17.981359516550366,28.794706526880784],[-17.981072007047565,28.794735988425412],[-17.980917588811682,28.794606549931693],[-17.98096123257015,28.794436602407686],[-17.98124426192424,28.794145571006208],[-17.981346252984213,28.793821189386655],[-17.981531891327233,28.793644360718766],[-17.98209828337724,28.7936318427376],[-17.982188775752782,28.793461770384653],[-17.982520283796184,28.793299854599308],[-17.982581047989807,28.79313254979915],[-17.98309995664352,28.79298127293735],[-17.983430925903953,28.79270246335441],[-17.98385977601217,28.79291215689753],[-17.984314431633344,28.793057238732427],[-17.98452586390357,28.79325460169299],[-17.98497484200643,28.793200472787326],[-17.985056679468137,28.793018269416642],[-17.9851432666171,28.79296674564551],[-17.98551741025232,28.79305317311859],[-17.98581677954462,28.792959057758083],[-17.986272815502737,28.79308065123221],[-17.9867951631075,28.793050147308517],[-17.9871815669214,28.793171475194757],[-17.987458352319372,28.793423501505632],[-17.98811857882813,28.79372361602089],[-17.988197251096306,28.7937019041122],[-17.98827532594073,28.79346053250057],[-17.988655985110206,28.793302329889727],[-17.98871853556307,28.79331092898341],[-17.988895193429652,28.79354664872263],[-17.989373858761454,28.793845578832304],[-17.989635674579375,28.7938897009675],[-17.990593444641142,28.793858489188047],[-17.99083798947381,28.793893007083156],[-17.99141409524796,28.793835307848568],[-17.992575003643665,28.794024238005854],[-17.993397645819453,28.794367926631274],[-17.993842364085502,28.794667593158643],[-17.99413890822378,28.794935595719164],[-17.994251409669392,28.79490813264473],[-17.99434584129331,28.794645208160503],[-17.994360537956755,28.79397089279439],[-17.994471040676217,28.79387359013563],[-17.9945726018189,28.79366164839527],[-17.994389166150437,28.79298032980471],[-17.994388066987703,28.79279440622017],[-17.994451394698476,28.792647965603614],[-17.994761145791188,28.79241423862986],[-17.99493955824983,28.792161112053623],[-17.995179060252422,28.79130709868774],[-17.995165088776677,28.791173350480577],[-17.99503952630567,28.79091546408939],[-17.994968585840216,28.790127734694064],[-17.99485654633666,28.789823203704294],[-17.99492912411681,28.789436361646228],[-17.995174387705518,28.78886565033349],[-17.995383887856683,28.788667619541926],[-17.996392253164764,28.788040917884153],[-17.996677297293683,28.787734045911257],[-17.997753863350553,28.787214957187683],[-17.997956848437592,28.786938055948216],[-17.998100585148467,28.786885462086143],[-17.998239369191484,28.78672247017897],[-17.998336437442713,28.78628148347801],[-17.998485089750176,28.786021573132615],[-17.9986696144202,28.785835249986352],[-17.999077828491096,28.78571805104956],[-17.999386607633117,28.785453227906977],[-18.000068959899558,28.78532711823561],[-18.000437786315928,28.785121388997013],[-18.00170540507077,28.78505321330987],[-18.001893840046417,28.785002146785523],[-18.002729088800248,28.784461303205607],[-18.00292559700486,28.784162324272177],[-18.00297712241329,28.78383978345732],[-18.00293773792182,28.78352596722777],[-18.00264029213031,28.782688922650824],[-18.002612721381553,28.78252215095299],[-18.002667124795618,28.782299979056386],[-18.002340678243062,28.78170033340293],[-18.002256154519277,28.78144639174024],[-18.002310451901668,28.78108727815521],[-18.002408633201114,28.78097121274414],[-18.002527814464948,28.780944163211743],[-18.002697535461085,28.78107053038607],[-18.002854403120807,28.781392411900526],[-18.003052723249038,28.781550684785902],[-18.003536316040904,28.78167372777046],[-18.003734977033037,28.78181812890689],[-18.00381039398771,28.781770450460044],[-18.003792100059382,28.78166803462422],[-18.00360013598191,28.781507249287646],[-18.003522021008987,28.780568247108512],[-18.003695702402446,28.77998442342555],[-18.003767370163995,28.7793776153795],[-18.00396196781542,28.77895207028631],[-18.00423946393814,28.778025897661287],[-18.00428057422361,28.77771019968173],[-18.004201534670766,28.7775243521141],[-18.004299796676804,28.777416635881366],[-18.004309552787582,28.777114263230846],[-18.00445314848946,28.77687385209989],[-18.004425905964524,28.77678065505623],[-18.00393083962355,28.776295598473762],[-18.0038203247789,28.775933099302556],[-18.004016573113883,28.77556816516301],[-18.00407977876437,28.775318620994685],[-18.00431345515304,28.77518547714071],[-18.004444485760057,28.775000338100828],[-18.004798437696486,28.774767591800934],[-18.004784714551175,28.774442218791386],[-18.004661705667832,28.774293753174586],[-18.00475568293506,28.7740435237547],[-18.004759511818875,28.7736704974283],[-18.00463060805687,28.77342352494882],[-18.004614126458492,28.773134363676625],[-18.004946228890294,28.772388724480212],[-18.005056066149525,28.77222289359482],[-18.00526527668021,28.77209594320209],[-18.005292710531258,28.7720286632958],[-18.0050718620844,28.771854218352225],[-18.004699447471985,28.771683019554736],[-18.004481656792855,28.77147771147839],[-18.00422949568598,28.771109011754632],[-18.00351053989853,28.770347523892948],[-18.003202133835256,28.770302072306798],[-18.002541428390938,28.770465593554285],[-18.002465742197906,28.77039461933698],[-18.002628913266584,28.770355241191723],[-18.00289082670962,28.770072495701058],[-18.003186122428296,28.769993056999397],[-18.003062070579876,28.769509995290107],[-18.00397679164206,28.769400014701706],[-18.003872147975972,28.76899916833525],[-18.003884909465324,28.76890868858986],[-18.004033333239175,28.768765582209124],[-18.003945295758896,28.768301229261215],[-18.00383640710515,28.768073653109187],[-18.003622702683302,28.76790342851521],[-18.003626619008006,28.76782577299867],[-18.00372085899418,28.767720852882395],[-18.00353838795296,28.7675688742366],[-18.00341818619134,28.767303667118927],[-18.003454461329497,28.767247840600223],[-18.00378347832651,28.767226990538205],[-18.003944935660755,28.767145829418205],[-18.004072689891974,28.76681737975043],[-18.003629172484448,28.766021800279365],[-18.00343825845571,28.765575068846726],[-18.00297357471534,28.76532654429164],[-18.002692563813063,28.76505769758337],[-18.002642468119024,28.76470253817225],[-18.00252960421149,28.764407402049187],[-18.00256672357229,28.764166655473705],[-18.00225954871204,28.76359172350013],[-18.002229198556545,28.763425536035367],[-18.00179551365739,28.763150972308154],[-18.001924902943298,28.76298673483969],[-18.00215970511341,28.762821866941305],[-18.00202477898146,28.762542554061465],[-18.002166620969277,28.762098342005107],[-18.00233429046669,28.761841162971056],[-18.002561684023917,28.761810851149654],[-18.00251977201231,28.761634097339822],[-18.002550100022976,28.761541143443058],[-18.002873271650536,28.761146393203273],[-18.003019442637637,28.760746280164625],[-18.00385519787086,28.75979957295328],[-18.004408603920684,28.75935882928016],[-18.004568829716312,28.759127970326187],[-18.004736489944882,28.75864225079397],[-18.004872330331533,28.758440589441985],[-18.005461980937866,28.758126653377175],[-18.007124148044674,28.75789513723462],[-18.00693424424298,28.758341118205177],[-18.00676571607447,28.758496400132003],[-18.006685220351393,28.758687603739833],[-18.006547526395646,28.75874027760026],[-18.006416198543604,28.75887218183332],[-18.006030113419563,28.75900795420478],[-18.00589090054169,28.759114778709872],[-18.005581939512137,28.75915593117153],[-18.005352140890153,28.759244928561518],[-18.005207099516838,28.75936270564182],[-18.004918510389793,28.759900382091327],[-18.004354936775144,28.760379236371733],[-18.004213648496645,28.760663791277615],[-18.00428766658908,28.76149645560989],[-18.00413437535731,28.761933708519486],[-18.003720917187874,28.76272219993336],[-18.00362595782933,28.763091229278782],[-18.003694890496636,28.763742893806015],[-18.00390058786405,28.76456270678249],[-18.003943526862965,28.764918024760227],[-18.004156451172474,28.76541838313095],[-18.004605494972363,28.765871093950913],[-18.004849196237153,28.766302217133752],[-18.005325912548916,28.766648780193087],[-18.005631549386173,28.76670511257947],[-18.0059403515754,28.766907490793276],[-18.006064100390166,28.767046342416187],[-18.006030533798054,28.767089481853997],[-18.005834041834635,28.767091151327474],[-18.005545225960066,28.767014601904023],[-18.00540940073535,28.767025743514893],[-18.005344526612216,28.76722652035049],[-18.005450145245817,28.767568445944313],[-18.00575277824562,28.767719820849518],[-18.0058891141178,28.767869215798385],[-18.0058461630949,28.768084837930132],[-18.006217963668355,28.768948750554824],[-18.00645789276173,28.77010422497757],[-18.00644652685219,28.77031463396212],[-18.006271284613543,28.77048630086284],[-18.00615785972939,28.77074317867882],[-18.006073310095406,28.771328627469128],[-18.006315537696604,28.773099184579202],[-18.00675049576874,28.775021485486498],[-18.00667988728744,28.775842936224585],[-18.006714353880824,28.776045108435696],[-18.006648394461195,28.776136773402694],[-18.006434895552694,28.7761171765553],[-18.00629472530087,28.776334062379647],[-18.005992144534243,28.77841890824578],[-18.00592042671189,28.778666739554943],[-18.005876553700123,28.77920708628727],[-18.00575654760585,28.779627364642998],[-18.00578951421747,28.77977725701177],[-18.005747574811966,28.78020662007695],[-18.005516483541626,28.780715960122567],[-18.005440501358656,28.780993650766924],[-18.005459262240464,28.781112291112983],[-18.00557332945645,28.781234220597323],[-18.00560418414628,28.781417532368803],[-18.005551961188907,28.78152422427883],[-18.00545134348902,28.781549916004593]]]]}},{"id":"87","type":"Feature","properties":{"categoria":"Monumento Natural","nombre":"La Corona","codigo":"L-04"},"geometry":{"type":"MultiPolygon","coordinates":[[[[-13.421900701222858,29.189273554973134],[-13.421900134864842,29.18927464184479],[-13.421908873061291,29.18925468472565],[-13.421900701222858,29.189273554973134]]],[[[-13.4880162954501,29.181171591204826],[-13.48884139971309,29.181295549100856],[-13.48918235862885,29.181448980285417],[-13.490552857996725,29.1826505543979],[-13.491049119415523,29.183179265263906],[-13.491246665643159,29.183904048993217],[-13.49151013825221,29.18386234003376],[-13.491890456553584,29.184002924659534],[-13.492480814331454,29.184632162813116],[-13.493685001886513,29.185344253657476],[-13.494013627632938,29.185659110186112],[-13.494224402278832,29.18594043340694],[-13.494340364542024,29.18600485214606],[-13.494742677480891,29.18573863645646],[-13.49537151437491,29.185680868146022],[-13.496642050155183,29.184937120478033],[-13.49736278305526,29.185383855144355],[-13.499503411185398,29.185781112004392],[-13.499994570571005,29.185831466323457],[-13.499887453187524,29.18616457220105],[-13.499832274495052,29.18655017559748],[-13.499520078305267,29.18682895879738],[-13.49915158421891,29.187398957817315],[-13.49908884863751,29.187968522143574],[-13.498963603306427,29.18823047647182],[-13.498888418509297,29.188294742072483],[-13.498833563306501,29.188468544293116],[-13.498551237114317,29.188579730861626],[-13.49835247697437,29.188737480068358],[-13.498091500664914,29.189348189255714],[-13.498020423083446,29.18981362058043],[-13.497961831192429,29.18986825360155],[-13.498230326095197,29.190291580683553],[-13.497990765234611,29.190426058575042],[-13.497971210195523,29.1904892152101],[-13.498055878569224,29.190609869667],[-13.498243731321725,29.190704095227392],[-13.498189812777783,29.19094894509078],[-13.498295252810534,29.191106488258058],[-13.498372658575613,29.191454612103126],[-13.49860001352719,29.191525601197515],[-13.498683153545544,29.191601614085652],[-13.498737541556778,29.19188926189989],[-13.498702168513411,29.191976497922774],[-13.498781220429116,29.192129855362676],[-13.498761836904484,29.192330910902573],[-13.49815510562377,29.192480906506532],[-13.497388976664752,29.19256255737801],[-13.496929608618196,29.192807474436698],[-13.496500212631245,29.1931408014518],[-13.496180118691468,29.193479533299787],[-13.496244690311821,29.193655253512468],[-13.496144292878961,29.193837205723668],[-13.496094009450129,29.194170747739403],[-13.495884404039629,29.19445327301265],[-13.49579571966731,29.194675342172715],[-13.495691539561372,29.19470204657862],[-13.495575998966977,29.19491727125893],[-13.49523182158929,29.19476716705089],[-13.49429651906404,29.194879546569865],[-13.493408555310365,29.19483778904658],[-13.492754863021402,29.19495691005334],[-13.492454037422103,29.194697229608067],[-13.491864598291219,29.194631102252806],[-13.491412125486963,29.19449345749667],[-13.491270902373692,29.194360565582382],[-13.491023156295201,29.193993669991354],[-13.49092981411055,29.19344109438393],[-13.490982956226594,29.19310165811053],[-13.49094085704531,29.19280779333561],[-13.490671640505399,29.19251685418956],[-13.490271473098675,29.19231395612566],[-13.489142230530529,29.19204465087048],[-13.488914358929515,29.191950385019215],[-13.488456781190887,29.191941707891992],[-13.482846090760585,29.19028246997293],[-13.4735875043299,29.18768188252034],[-13.473481093863372,29.18783154169915],[-13.473369015442078,29.188190276908653],[-13.473493084297255,29.18831206332519],[-13.473825015763294,29.188429172037367],[-13.473479002268174,29.18945310772387],[-13.473157547798927,29.190870760590272],[-13.47293567374501,29.191458436326194],[-13.472237078549114,29.19269191603987],[-13.472042520495156,29.19254920018773],[-13.471372158204625,29.19226086264847],[-13.471063581832505,29.191920634033938],[-13.47095687265204,29.191904110295148],[-13.470959493091954,29.191993658443796],[-13.471186948654946,29.192358814515178],[-13.471286881417216,29.192743440427588],[-13.471086000397579,29.193262661570547],[-13.470964235347834,29.193404057474783],[-13.466481333478955,29.19271661191645],[-13.46626157154872,29.192557003934485],[-13.465943932040883,29.1922077082592],[-13.465604974085972,29.19211892501739],[-13.465486263782761,29.192134890135325],[-13.464491682621173,29.192426689889366],[-13.464166468036105,29.1925861123342],[-13.464085690171828,29.19268452154471],[-13.463877843142384,29.193461674119035],[-13.46331327796107,29.1940246433244],[-13.462828136767026,29.194270877668902],[-13.462613540009247,29.194302911483078],[-13.462059422899959,29.194245009162277],[-13.461824502010344,29.194131133882056],[-13.461193484072366,29.1939641916641],[-13.460690787254403,29.193958862128518],[-13.460509900045771,29.194262270608835],[-13.46021648492563,29.19504578678987],[-13.459395483675111,29.195611274568122],[-13.458911864154741,29.196326758766837],[-13.458727432990162,29.196899435348346],[-13.45858319390011,29.197045758348416],[-13.457924477651945,29.197211430113324],[-13.456972515503923,29.197597512368734],[-13.456557017061206,29.197688167593874],[-13.45537496353362,29.19770340628595],[-13.455118239250282,29.19766910268072],[-13.454760994625866,29.197496202894346],[-13.45437937232151,29.197157692486506],[-13.454171440124723,29.197095940207802],[-13.45384769883556,29.19716887699627],[-13.45343218365584,29.19749629315504],[-13.453156620628077,29.197568765274628],[-13.452799268746453,29.197534755981497],[-13.451806526984848,29.197216604625982],[-13.451635950540048,29.197332736831125],[-13.451579358405775,29.197602791928187],[-13.451532472840379,29.197640303489624],[-13.450810095787004,29.197748893670216],[-13.450669364428887,29.198076963896124],[-13.450469739450297,29.198900290779545],[-13.450381297229798,29.199046194775867],[-13.450408357234974,29.200449895971424],[-13.449522470126823,29.200411615266237],[-13.449504019233634,29.2005325571019],[-13.449559960353321,29.201071619499793],[-13.449602539645102,29.201224716917537],[-13.449688098969752,29.20123914484949],[-13.450138683022322,29.202842822407558],[-13.44993879812137,29.20315612887557],[-13.44986827393751,29.20340278476788],[-13.4499378594854,29.204312050113366],[-13.450137813428485,29.20517546776935],[-13.450111030251286,29.205227424257018],[-13.449668172162486,29.205427760105298],[-13.449789552512282,29.205681106064652],[-13.449702390365664,29.205741486122854],[-13.449477561612794,29.2057804452863],[-13.449178850618791,29.206019682528193],[-13.448659528513563,29.206226636530296],[-13.448227263750502,29.20623404097117],[-13.448063871720136,29.206308957739832],[-13.447500717130263,29.206134651500356],[-13.447402986287319,29.20618505323704],[-13.447175359099724,29.206146180599692],[-13.446977677253551,29.206225029566323],[-13.44654956256577,29.206110039917593],[-13.446410943701386,29.20615723194503],[-13.446290221520433,29.206095324652576],[-13.446033120359356,29.206112128450425],[-13.445138351409454,29.20643770391276],[-13.444704125580992,29.20672748725363],[-13.444366738086298,29.206729051587395],[-13.444155531084336,29.206962228800727],[-13.443975948331998,29.206932130170664],[-13.44353477422786,29.20720219267193],[-13.44311515913456,29.20734415713104],[-13.442959556081718,29.207347102049255],[-13.442267955688994,29.20717849820563],[-13.442168638380913,29.207281875086125],[-13.441833221952011,29.207427703429953],[-13.44161479235938,29.207384578892487],[-13.441544757496557,29.20745870688241],[-13.441067121056472,29.207571247766925],[-13.440925470132205,29.20768799117421],[-13.440325641252235,29.207697171198355],[-13.440129253711637,29.20775523377482],[-13.439914646408024,29.20772052522527],[-13.439679084941437,29.20777899665293],[-13.439484204274338,29.207889631167635],[-13.43918276645178,29.207886115060564],[-13.438913738881556,29.208016250724576],[-13.438586549640748,29.208069454958412],[-13.438256662891643,29.208248970795644],[-13.437219783474701,29.208138259359274],[-13.437052115903075,29.207995383352976],[-13.436842993778608,29.207946295695436],[-13.43550365280357,29.208094813411858],[-13.434828777013607,29.208437039047254],[-13.434642188772107,29.20862155185356],[-13.434533984069315,29.208884063775773],[-13.433899533227446,29.209970923062187],[-13.433126181547488,29.20989689615344],[-13.432983772860272,29.20978145487343],[-13.432970199390237,29.20957842946678],[-13.432922579577939,29.209528204135022],[-13.43258024460148,29.209738033473155],[-13.432262872846506,29.209634979816936],[-13.432077719313906,29.209632945462324],[-13.432022108771154,29.20951578612007],[-13.43183894774737,29.209361306916314],[-13.431734216551147,29.209379002460793],[-13.431683916573409,29.20955613862637],[-13.43154505493228,29.20963205320445],[-13.431322862112204,29.209684737673292],[-13.431142635070406,29.209632090575376],[-13.430940968447429,29.209531121482176],[-13.430595701227174,29.209228489042015],[-13.430388692780316,29.208967904894266],[-13.42992118007006,29.20860954881273],[-13.429408840489481,29.20806945602935],[-13.429225576711477,29.2079356278823],[-13.428843349815345,29.207769431707817],[-13.428596126815103,29.20779367225897],[-13.428458387288012,29.207868865894895],[-13.428269622417007,29.208109075573784],[-13.428154611391928,29.208441825212375],[-13.42799744914093,29.208668102838857],[-13.427934789415293,29.208748933601523],[-13.427750259821178,29.20878430467273],[-13.427620803101716,29.20872647422219],[-13.42750235844595,29.208443247896525],[-13.427313130696245,29.208290577385743],[-13.42711410559059,29.20827568557224],[-13.426796046989741,29.20848490098283],[-13.42666573110805,29.208483368619],[-13.426576211411797,29.208332158319568],[-13.426624117983776,29.20822603220139],[-13.426595288531573,29.208087952469448],[-13.426443644416873,29.207960980616956],[-13.42626808178493,29.207940010679156],[-13.426055011334784,29.20781853334242],[-13.425850412952576,29.207659615961813],[-13.425613781015663,29.207593881057665],[-13.425520871305032,29.207643032787228],[-13.425262336216687,29.207984621587286],[-13.424976290683228,29.208150335232844],[-13.424507710803436,29.208207480228285],[-13.424339644086142,29.208156411119237],[-13.423942160784646,29.208148841866713],[-13.423848819803434,29.208044635380066],[-13.423869431731774,29.207309413302855],[-13.423800905892692,29.20701262252434],[-13.42396156403651,29.20671693425931],[-13.4242376663989,29.20663355687204],[-13.424330584567793,29.206540802682454],[-13.424344553470167,29.206165573344276],[-13.42441241496974,29.205881939428764],[-13.42431449276648,29.205570364454275],[-13.424107034929927,29.205340663563245],[-13.423588861782472,29.205069185126987],[-13.423226009262326,29.20459813095272],[-13.422523867732302,29.20417576682029],[-13.422470719733221,29.204065256341664],[-13.422453814396567,29.20363524016862],[-13.422532681048871,29.20324300809457],[-13.422188293880945,29.20298527714281],[-13.421953373019898,29.2025159988745],[-13.420419512008737,29.20161703445635],[-13.42028551647212,29.201512652543606],[-13.420209109540945,29.201373856498726],[-13.42026609703408,29.201169371191074],[-13.420541413543669,29.20070713285257],[-13.420636509051862,29.20060905563509],[-13.42107150720213,29.200413651051715],[-13.421159493014938,29.200156669073216],[-13.421097432092102,29.200010552934863],[-13.420834019371444,29.199739471263214],[-13.420488736825734,29.199707521434874],[-13.420297451504121,29.1995968414669],[-13.420290494438284,29.199428120891262],[-13.42056058426737,29.199056916756827],[-13.420597139112814,29.19873335440832],[-13.420512096596381,29.198605158941977],[-13.420113719065464,29.198473246573705],[-13.419827649765775,29.198220665244506],[-13.41970804763682,29.197985507120283],[-13.419802635382451,29.19778362260453],[-13.41951444769586,29.197655897254545],[-13.419458642001867,29.197410654654],[-13.419529547445014,29.19715695517508],[-13.419661629581032,29.1969646005792],[-13.419925213558255,29.196829548118444],[-13.420004863214336,29.196665450533384],[-13.419975797073699,29.196492579568968],[-13.419851746322312,29.196319588778834],[-13.419870252541608,29.19625021502407],[-13.420079507498901,29.19623218326049],[-13.420314883574084,29.196442294763376],[-13.420423004181838,29.196481823237352],[-13.420959425983547,29.196388683145692],[-13.421386847711407,29.196401946360066],[-13.421680093967096,29.19619938051261],[-13.421761904741826,29.19602289038505],[-13.42171294052567,29.195867823825697],[-13.421857552246996,29.195751424405636],[-13.421798785791193,29.195570253456633],[-13.421519572032922,29.195334947117075],[-13.421731204268394,29.195148148731906],[-13.421681690295133,29.195007513908777],[-13.421796429049717,29.194778721481093],[-13.421562626900375,29.1944148729096],[-13.42154060830209,29.194292023554855],[-13.42158990860926,29.194167281085456],[-13.421829484622227,29.19395266645991],[-13.421890076454197,29.19377016868639],[-13.421864258331903,29.193586498595614],[-13.421761937042044,29.19339946285412],[-13.421439360620605,29.193180970975376],[-13.421177399042767,29.19318134617664],[-13.421044337526608,29.193110608260714],[-13.42108229513097,29.192944880950012],[-13.420995311189943,29.192715441812105],[-13.420984886385556,29.192437373682736],[-13.42102554558772,29.192138268897644],[-13.421568169784372,29.191547350191037],[-13.42166794095859,29.191363581884715],[-13.421638286202054,29.191266631300206],[-13.421433395658816,29.191099772376973],[-13.42110941628186,29.190946506106002],[-13.421085247332027,29.190862055060265],[-13.421328699387121,29.190286530653147],[-13.421348198526456,29.19013875959364],[-13.421582835260306,29.190001629214],[-13.421689015923624,29.18963022112502],[-13.421853738640355,29.189438266738968],[-13.421964134281682,29.189135345364626],[-13.421973198214898,29.188879182301708],[-13.421771794640676,29.18865141759664],[-13.421366972523353,29.1885182967459],[-13.421311966807327,29.188207360998547],[-13.421179603160008,29.187911548278162],[-13.420875290706313,29.187498201007088],[-13.420870551388349,29.187348429470845],[-13.420987154151584,29.187061906306777],[-13.420977245924478,29.186685663959402],[-13.420916153690712,29.186313013916497],[-13.420707172088823,29.185927934785145],[-13.420775954824792,29.185468319424032],[-13.420515913281559,29.18524534770532],[-13.419968818268748,29.185142308291393],[-13.42001351100027,29.185038880407085],[-13.42028342174856,29.184998886535418],[-13.420370527245579,29.184889759605714],[-13.420353354904194,29.18473000524423],[-13.420157303953813,29.184360382443696],[-13.420158599828238,29.1842248315632],[-13.420409930842377,29.18397988364739],[-13.420822051410422,29.18374811200405],[-13.420930448626406,29.18357540067397],[-13.420966254925407,29.183249094283568],[-13.420868095277118,29.182890445121497],[-13.42063580705678,29.182351756645385],[-13.420682919155375,29.182283586343996],[-13.420935751849614,29.182155027313268],[-13.42125108356042,29.18158194690083],[-13.421443092845761,29.180977073110526],[-13.421548999158322,29.18085126512426],[-13.421806221484557,29.180707027372097],[-13.421994007273858,29.180455705008388],[-13.42206240351352,29.18030015377173],[-13.421989513302435,29.18008285595705],[-13.422159127658368,29.179892690778175],[-13.42227394403812,29.179644108455786],[-13.422254434550595,29.179306311771253],[-13.422039924692076,29.179003467584437],[-13.422029519617576,29.17888783877841],[-13.422236555896426,29.17845337674515],[-13.422258741915918,29.17801413717112],[-13.422173130505755,29.17782456439713],[-13.422001319117946,29.177698947838923],[-13.422063509540717,29.177462315609947],[-13.421886254037918,29.177361910755582],[-13.421868032810103,29.177284018065603],[-13.421962607529965,29.17721034255741],[-13.42246859246716,29.177086360965827],[-13.422790524436534,29.176849169963003],[-13.422898696701647,29.176652793218018],[-13.422915249221637,29.176452584887098],[-13.423131850470599,29.17620968536271],[-13.423575411466926,29.17543350886299],[-13.423761831433891,29.175407828750426],[-13.42382051841024,29.175335461922987],[-13.423781700444115,29.17519770588015],[-13.423402004741359,29.175132594579633],[-13.423574910463095,29.174914726396803],[-13.423878079348079,29.174863141308283],[-13.424148743776694,29.174979234618014],[-13.42420725979667,29.174866880560327],[-13.42397146224664,29.174751486560798],[-13.423971498979625,29.174684493344564],[-13.424039249295163,29.174673009246316],[-13.424225687964237,29.17480212515305],[-13.424256801072213,29.174639338675107],[-13.42437079117751,29.174651364488714],[-13.424400097667991,29.174614882704926],[-13.42435303567033,29.174529431749523],[-13.42417136739617,29.17445958719612],[-13.424147070846889,29.174370072620473],[-13.424305292428393,29.174359364392608],[-13.424568756044659,29.174479658463255],[-13.424750358716583,29.1744313062643],[-13.424826563695314,29.17435365850199],[-13.424841017673714,29.174304025467308],[-13.424778691336842,29.174270084155314],[-13.424805899828673,29.17410436391552],[-13.424757065410807,29.174056855922053],[-13.424804592782127,29.173996061358217],[-13.424718257276213,29.173789155605],[-13.42494835229498,29.173674623581366],[-13.425241139850565,29.173613095122043],[-13.425374844562532,29.173691479305948],[-13.425550007982999,29.17351925991631],[-13.42592615694282,29.173334116672873],[-13.425909012079314,29.173236736358483],[-13.425993005219524,29.1729073755297],[-13.4260886558998,29.17286245076264],[-13.426129785000786,29.17271955289199],[-13.42583637758862,29.1725551257685],[-13.425495801165795,29.172557474201692],[-13.42526896311501,29.172394252765688],[-13.425034968522969,29.17169513260372],[-13.425080320154194,29.171281151555426],[-13.424827855355135,29.170921844709365],[-13.424951032473073,29.17046126812637],[-13.425043329638273,29.17032879045868],[-13.425341438806477,29.17008237848894],[-13.425721577379166,29.17009579996163],[-13.425468428654725,29.16989717551524],[-13.425427208383212,29.169773965255374],[-13.4255254709485,29.169600859391977],[-13.42566336496532,29.169520317721595],[-13.425777786453699,29.169517196078374],[-13.425823395493309,29.169417530431037],[-13.425748671199228,29.169398459704095],[-13.425796947916227,29.169326104795815],[-13.425955188682632,29.169327098678263],[-13.426010980420347,29.169444127220686],[-13.426084335106044,29.169307690187136],[-13.42631304900351,29.169412312691605],[-13.426365454158264,29.16939955507335],[-13.426391151565682,29.169325869766553],[-13.426640978525189,29.169318987334684],[-13.426670878504764,29.169270401809175],[-13.426514545116188,29.16920907906666],[-13.426533080098704,29.169123668678992],[-13.426932064752927,29.16912273440634],[-13.426759780079253,29.168950473717604],[-13.426838203477791,29.16889148511051],[-13.426983943388617,29.168892330897357],[-13.427024366962828,29.168989677776505],[-13.427086261845613,29.168857572378368],[-13.427252152763451,29.168831510545623],[-13.427322737024893,29.16884158005608],[-13.427337679228637,29.16888926660818],[-13.427398755845969,29.16887554558899],[-13.427563187071616,29.168664655841248],[-13.427603231874844,29.168463125058228],[-13.427449633293316,29.16828719533622],[-13.427094331314523,29.1681773339901],[-13.427155696980426,29.167928849523705],[-13.427081220020375,29.167842364573747],[-13.426497304150717,29.167629749687674],[-13.426255037364133,29.167607708831007],[-13.426215676292102,29.16755671216849],[-13.426063631003085,29.167559545443904],[-13.425964760470862,29.16762175847662],[-13.425206064102738,29.167555870252343],[-13.425103581592035,29.16747346760781],[-13.425101564817739,29.167346964336847],[-13.425255288966687,29.167234131999148],[-13.425249471263244,29.16714108089487],[-13.425150949346298,29.167115801294212],[-13.424949919455406,29.167172787440563],[-13.42467290429188,29.167129101717112],[-13.42376951421688,29.166694274064554],[-13.423831795462963,29.166386316229172],[-13.423620218918295,29.16617273785055],[-13.423489157136622,29.16594364736323],[-13.423409555023781,29.16556311824689],[-13.423400544123007,29.16521895642957],[-13.423528735475598,29.1647746107141],[-13.423694030735092,29.16457182126033],[-13.423873719461204,29.16452513468832],[-13.424004972321665,29.164612442898044],[-13.424156803479846,29.164967968104392],[-13.42430580634865,29.165042914549655],[-13.424540916200337,29.165064603860937],[-13.424658851985509,29.16501280412132],[-13.424745911068566,29.164898511236547],[-13.424753324388876,29.16462038124534],[-13.42504494777449,29.164590314292326],[-13.42514830741471,29.164659525222806],[-13.425166157586611,29.164783327072467],[-13.425258268459734,29.16488361044133],[-13.425706456013124,29.165015206081854],[-13.425818437719954,29.1649560349376],[-13.42574792679129,29.164876661663943],[-13.425992227902862,29.164743370933824],[-13.425933271588717,29.16465331384939],[-13.426004834643132,29.164404949665013],[-13.426250261974323,29.164426892567903],[-13.426333112061844,29.164244634892725],[-13.426421818231217,29.164209581431237],[-13.426540796046027,29.164238989703964],[-13.42671749364216,29.16438833646607],[-13.426909449239545,29.164348873680126],[-13.42700196854806,29.16427950142497],[-13.426985103533267,29.163883251229677],[-13.427068222752101,29.163774938445545],[-13.427237427655262,29.163729225063065],[-13.427101510070072,29.163555289409107],[-13.426990825942356,29.16350792213955],[-13.426933013120024,29.16327811597064],[-13.426807643468164,29.163115069503288],[-13.426865958496595,29.162937008104166],[-13.426786564862809,29.162814504836387],[-13.426792685550362,29.16269358360954],[-13.426916085556986,29.16261895218707],[-13.427016688527564,29.162480506228658],[-13.427136519193867,29.16246733992095],[-13.427220910090437,29.162391519124117],[-13.42727784906717,29.16222541612306],[-13.427377656315327,29.16216610058178],[-13.427544545089862,29.161930829447392],[-13.427564948428286,29.16173615161244],[-13.427765014252007,29.16162559269538],[-13.427620072750331,29.16150016367137],[-13.427481919933804,29.161506762454877],[-13.427403889672766,29.16157543897382],[-13.4273096944353,29.161539103386165],[-13.427301365306743,29.161494688945982],[-13.427366895113666,29.16144752319122],[-13.427659636323904,29.161321881676404],[-13.427421131167545,29.161321102769147],[-13.42750182012418,29.161229067360374],[-13.427506605761119,29.16118218996519],[-13.427423621677931,29.161157690163517],[-13.427509902513174,29.161030626245168],[-13.42733364486099,29.161111721429776],[-13.427235936508295,29.160917389264377],[-13.427244823991177,29.160822642853233],[-13.427371164657558,29.160679012207236],[-13.42748061263261,29.160448417766133],[-13.427482743774721,29.160127776547842],[-13.427388641367745,29.160071941365434],[-13.427375105841548,29.16001027515638],[-13.427402331697932,29.159842821459158],[-13.427508021963702,29.159664449574965],[-13.427393742725938,29.15955641757408],[-13.42736437620129,29.15944070148777],[-13.427540074057902,29.158899594386885],[-13.42751366154225,29.158703365164335],[-13.42962733594488,29.158899691485853],[-13.43091130163579,29.1588244908162],[-13.432458762483451,29.15856092739889],[-13.432977716146356,29.158429104684398],[-13.433571356462691,29.158195063561102],[-13.434118927662599,29.157736704656365],[-13.434561253771092,29.15700105190281],[-13.434531618605652,29.156772426038106],[-13.434359446816794,29.156056445740404],[-13.434020724843114,29.15499428957475],[-13.433980335600351,29.15469942819212],[-13.433516830859048,29.153384593387603],[-13.433710307867214,29.153373428146143],[-13.433766170918284,29.15348583427464],[-13.433958444604109,29.153548570014593],[-13.43395099072951,29.153627893878124],[-13.434022650697665,29.153666713567976],[-13.434124830406239,29.153631812156203],[-13.43420945233946,29.15352638156351],[-13.434309813918594,29.15351644615008],[-13.434387144496203,29.153428120892215],[-13.434562354120926,29.153393206372765],[-13.434906990000108,29.153430865887856],[-13.435048873719458,29.15335917665501],[-13.435329709093375,29.15314876943144],[-13.435427240314963,29.152956587859336],[-13.435416189254372,29.152869097610946],[-13.435308980135037,29.152837100660673],[-13.435278899078344,29.152781594708745],[-13.435226787549642,29.152486731973326],[-13.43533484396192,29.15208574110838],[-13.435390633394253,29.15205116310845],[-13.435582063062316,29.15210301272594],[-13.435886877164208,29.152004537973653],[-13.436188470753118,29.151769825903262],[-13.43647824026094,29.151642396636642],[-13.436713224230905,29.151605442584245],[-13.437111046407823,29.151671438661115],[-13.437427680964548,29.15189070652448],[-13.43758689681198,29.151942367028994],[-13.437946450371646,29.151833652057636],[-13.438141040788969,29.151669879585988],[-13.438569475840893,29.15143563913637],[-13.438728129104481,29.15126349673079],[-13.43874274596186,29.151180655385204],[-13.43862281029364,29.151019568956464],[-13.43862347869879,29.15091013377212],[-13.438525886067746,29.150693710865564],[-13.438865246720196,29.150353743669555],[-13.43988134429288,29.149768986577904],[-13.440309572986715,29.149678255442463],[-13.4405315956097,29.149744946667628],[-13.440853480804492,29.149668415852197],[-13.440987185438964,29.149745629123196],[-13.441043919592213,29.149634671515322],[-13.441286430303322,29.149534556661255],[-13.441439202359474,29.149533581803173],[-13.441527010929459,29.149592221595615],[-13.44171569393859,29.149544017466077],[-13.442036101410437,29.149347339065933],[-13.442102483889258,29.149242710711842],[-13.442206951930581,29.148546126486227],[-13.44232288235566,29.148414198988434],[-13.442357596704468,29.148293608775454],[-13.442610768614205,29.148257857233343],[-13.442763583130224,29.14810673991478],[-13.445923623690003,29.149917762788597],[-13.446320052273089,29.150417887537824],[-13.446463820146148,29.150701103990702],[-13.446887327756105,29.151129060332963],[-13.44712131739609,29.151559727660892],[-13.447619667734775,29.152808073922984],[-13.448099961545555,29.15347767092915],[-13.448443775546455,29.153868603294693],[-13.44849975379071,29.15410575294431],[-13.448699572100946,29.15441140932376],[-13.449180789342455,29.153860100707846],[-13.449611707424268,29.153454794111752],[-13.449743996640697,29.153253988728963],[-13.450698989625122,29.15368361650804],[-13.450790684654288,29.15398253271892],[-13.451125097243132,29.15440064739104],[-13.451298959899775,29.154806067274414],[-13.451614343422786,29.155229293977424],[-13.451747189292318,29.15532914621178],[-13.451817972933863,29.155544808132923],[-13.45182712824709,29.15576784324232],[-13.451701108391095,29.15589273187069],[-13.45157878600952,29.15621791502729],[-13.451617695055846,29.156431187176402],[-13.451728291302167,29.15665466392058],[-13.452005235186368,29.156833724857098],[-13.452480117797307,29.156726457181325],[-13.453058293678062,29.157373913281596],[-13.453529068123808,29.157593038318193],[-13.454151182200086,29.157657973439047],[-13.454492493075605,29.157779152213443],[-13.454590446901797,29.157748942018944],[-13.455057187055354,29.15811977219732],[-13.455605878537842,29.158395079001323],[-13.45562397452936,29.158782391080354],[-13.455684036131247,29.15886609557446],[-13.456150672733768,29.159090515196183],[-13.456542456234644,29.159365164678473],[-13.457005425374167,29.15954911152469],[-13.457265916726525,29.159795544281213],[-13.457475263223868,29.159898158231076],[-13.457983026786628,29.160711826766672],[-13.45832913363887,29.161151563246023],[-13.459823705833525,29.162277919891253],[-13.467116893089814,29.169508495220562],[-13.467244370600664,29.169772580866006],[-13.467554938485991,29.171161225146527],[-13.467869255683715,29.171583672415114],[-13.468287127868422,29.17182668759773],[-13.470611950552518,29.172586157550583],[-13.471500557874347,29.172770432066823],[-13.472817918228337,29.173175302283724],[-13.473214407154916,29.173366522288966],[-13.473940522808352,29.173956805629697],[-13.47404203017188,29.17413744169488],[-13.474225227100963,29.175165526917624],[-13.474563093918409,29.176296678008498],[-13.474550319112115,29.176410939250545],[-13.474442074690991,29.17649922441217],[-13.473965860262604,29.176492913093078],[-13.47397480541533,29.176709745399464],[-13.474366675829245,29.177414341401878],[-13.474526475485789,29.17760010825124],[-13.47419242374744,29.17813861027759],[-13.474543023998367,29.178335927423536],[-13.475328682757407,29.17891332822148],[-13.476307264168545,29.17941088282962],[-13.476393289434132,29.179505585549606],[-13.477027313229287,29.179888199660855],[-13.477078081335824,29.179979297343],[-13.477065704632329,29.18012522871681],[-13.477965739631289,29.180389048730515],[-13.47823924176833,29.180541162878534],[-13.478362491778675,29.18056495244317],[-13.478481102233895,29.180518500150193],[-13.478889137858157,29.18060716878946],[-13.479543041481831,29.18040148498431],[-13.479974749018014,29.180148380680325],[-13.480523417226655,29.179692577693867],[-13.480657687873434,29.179445759679886],[-13.482871726532942,29.179567605351636],[-13.4834722582264,29.179208826657078],[-13.484536481101197,29.178294350055857],[-13.484910557505989,29.178177453831353],[-13.48561565924567,29.178681962225962],[-13.486296710487764,29.179015261313147],[-13.486635237063343,29.179288799592708],[-13.486941949726157,29.179675888267038],[-13.487367431066604,29.18066164811778],[-13.487720641309508,29.181003075302666],[-13.4880162954501,29.181171591204826]]]]}},{"id":"88","type":"Feature","properties":{"categoria":"Monumento Natural","nombre":"Los Ajaches","codigo":"L-05"},"geometry":{"type":"Polygon","coordinates":[[[-13.749412335693375,28.883318177184485],[-13.749522578081503,28.88310160822131],[-13.749845040218077,28.882105779497255],[-13.750013439124771,28.881267667156795],[-13.750046438167969,28.880549865045417],[-13.749900046608603,28.88025248794681],[-13.749678046732459,28.880213462100098],[-13.74958087255052,28.879714246486923],[-13.749205957937239,28.879073676216926],[-13.74906383898967,28.878940375849954],[-13.749015446080584,28.878772269674684],[-13.748590410770452,28.87839923815876],[-13.748469631915402,28.87814528190428],[-13.748337578532627,28.878031270397063],[-13.74834364559692,28.877935734208638],[-13.748179141759929,28.87774375222847],[-13.748800237613473,28.877663746593907],[-13.7491153214591,28.877803120111967],[-13.749376258631488,28.877768575508863],[-13.749450998934842,28.877709352238924],[-13.749426288322464,28.877426812614303],[-13.749518979698673,28.877348117518945],[-13.749564302026167,28.877217847331814],[-13.749803129347871,28.877138910424133],[-13.749835895917517,28.8770775647483],[-13.749847004462717,28.87691709536422],[-13.749747184579359,28.876851324907967],[-13.749622256591804,28.87665262716652],[-13.749589406863283,28.876491461160516],[-13.749619591950873,28.876354561525474],[-13.749426245746198,28.875749041563644],[-13.749149694223656,28.87529001874662],[-13.74901878659336,28.87515249043347],[-13.749079482136684,28.87500563074053],[-13.748977160604536,28.874792837647455],[-13.749084928064168,28.874533918475336],[-13.749342901455616,28.874472199094413],[-13.749656230362294,28.87450052058204],[-13.749821596784821,28.874555193692853],[-13.749950315468547,28.87468374815922],[-13.75035785266184,28.874670930477752],[-13.750737110321694,28.87475588783704],[-13.75107547822041,28.874648837745436],[-13.75175553662398,28.874564897006696],[-13.752185795749899,28.87441812779007],[-13.752485982909043,28.87418364877766],[-13.752639897706143,28.87417049797085],[-13.753000797796906,28.87382481417596],[-13.753050137133313,28.87374918097634],[-13.753033966859821,28.873647085093626],[-13.75315735886259,28.87368272917419],[-13.753548020522077,28.873269180453608],[-13.753531784325444,28.873172571199717],[-13.753724723686297,28.873126549994165],[-13.7538009263064,28.873202053716103],[-13.753996934776778,28.873273466612964],[-13.754099123387332,28.873205965730104],[-13.754499797986625,28.87278802123909],[-13.754849578479144,28.872180441425062],[-13.754879961822484,28.872026214195575],[-13.755385532122705,28.871797975537728],[-13.755825682143792,28.871325654693063],[-13.755971654786459,28.871107802887824],[-13.75597488209475,28.871002131897136],[-13.756113647808968,28.870728186203998],[-13.756230005089408,28.870600166357544],[-13.75635781244485,28.870530012043584],[-13.756552620532586,28.870619315703184],[-13.756868596723294,28.870534723843264],[-13.757039192594686,28.870415154512077],[-13.75730433693008,28.870108005615524],[-13.757235750820566,28.870009316630956],[-13.757240642723989,28.869929075318126],[-13.757447981888667,28.87001300601591],[-13.757500390010792,28.869992695516398],[-13.757740868172533,28.869624823722887],[-13.757980376576523,28.86912798422563],[-13.758031408523665,28.868875023284996],[-13.758012004181525,28.868603083553328],[-13.758116591221208,28.86862643820142],[-13.758271276086191,28.86837529845933],[-13.758278701285906,28.868099138504377],[-13.75871420895861,28.867766543915582],[-13.758715874079996,28.867643683773615],[-13.758830812952125,28.867700038355004],[-13.758873781783404,28.867635318557763],[-13.75903561021991,28.867638676636314],[-13.75911879801796,28.86770615530396],[-13.759418281773392,28.867793819141323],[-13.759462569343512,28.86784938757682],[-13.759558247549121,28.867832073646966],[-13.759645272986154,28.86790796252116],[-13.759822605312062,28.867930198242448],[-13.760011728617165,28.867881587571922],[-13.760163774492932,28.86777628344653],[-13.760561302880323,28.86728267916543],[-13.760656381338398,28.86694429413428],[-13.760646869971954,28.866556925367238],[-13.760566301008105,28.866175410299302],[-13.7607911320152,28.865956391553063],[-13.760820149520422,28.865684761713947],[-13.761007305537554,28.865461064222508],[-13.761126232307095,28.86546462105554],[-13.76117299982899,28.865421730775893],[-13.761321236250676,28.865104681389454],[-13.761639653938122,28.864950788146828],[-13.761959919776535,28.864585509099708],[-13.762063800796911,28.864557447646725],[-13.762278029542895,28.864291254373345],[-13.762261134494898,28.864017758521133],[-13.762382977622346,28.863923861759336],[-13.762406573448246,28.86384292540758],[-13.762765847444644,28.863794952033132],[-13.76282581428457,28.863845907108526],[-13.763239277496172,28.863754974286415],[-13.76327441019403,28.8637074910576],[-13.763096232665376,28.863599577727605],[-13.763217987028042,28.863558105711107],[-13.763574922298426,28.863596748899678],[-13.763587879983797,28.863472105842735],[-13.763713013498606,28.863394564274582],[-13.763954188026208,28.863640523554817],[-13.76412191673818,28.863577947556887],[-13.764358065517683,28.863344008617748],[-13.764164182262085,28.86309386276493],[-13.764155048257232,28.86300627240668],[-13.764243311218157,28.862939366746367],[-13.764288546929379,28.862814288436297],[-13.764443109569156,28.862689363774653],[-13.764413163118377,28.862170114303066],[-13.764673841763864,28.86173756915478],[-13.764745833727297,28.861697507883914],[-13.764990194440598,28.861739736511414],[-13.765082434695437,28.86165191960314],[-13.765333315004527,28.861704622209967],[-13.765383051856007,28.861660024762237],[-13.765356937420076,28.861537911640855],[-13.765496979347223,28.861374866358414],[-13.765709771801461,28.86141291481579],[-13.765944761541892,28.861387476499278],[-13.766481027396395,28.861119756067758],[-13.766596281398773,28.860933820933894],[-13.766561990576506,28.860680941736547],[-13.766657608756406,28.86050131587733],[-13.766607846894603,28.860287590131865],[-13.766640889142069,28.860184212851074],[-13.766542284890845,28.85986649606406],[-13.766689938998999,28.859586265839848],[-13.766823696852489,28.859454929665056],[-13.767069163622079,28.859337033394837],[-13.767234383722657,28.859057089493103],[-13.767937229043877,28.85890035052121],[-13.768013788531539,28.858796079930503],[-13.768429633604692,28.858640172099452],[-13.768685133277359,28.858617091229796],[-13.76877212410656,28.858556659805764],[-13.769025021891952,28.858207922124475],[-13.769018301890986,28.85783155276251],[-13.769102708022368,28.857628429683686],[-13.769137963758373,28.857354254966545],[-13.769186493671931,28.857300403350543],[-13.769289224124812,28.85729614268143],[-13.769480443744905,28.85741052048427],[-13.770032726742018,28.85735071485236],[-13.770265273104275,28.857371761547004],[-13.771145113612318,28.85715869693811],[-13.771336482418878,28.857026879334377],[-13.771383795391564,28.85693691563101],[-13.77135433019687,28.856820260161182],[-13.771640153344388,28.856672976474147],[-13.771703409629438,28.85659413234812],[-13.771771564697113,28.85646132694187],[-13.771783349131477,28.856156459942827],[-13.771831628797418,28.856050467353462],[-13.772243873202449,28.855546950944422],[-13.77226585531149,28.85540708236334],[-13.772212117612455,28.855178439836905],[-13.772046999789328,28.85508667670252],[-13.771893437696871,28.854911861832782],[-13.771619411635122,28.854736220159385],[-13.771366046149705,28.85467977047571],[-13.77134505199626,28.854634372714866],[-13.771384682028518,28.85460138627353],[-13.77156233615667,28.85455795187279],[-13.771589550524963,28.854402093555475],[-13.771542982575989,28.854278793274414],[-13.771396350589862,28.854177378536654],[-13.771297817645516,28.853936486632026],[-13.771275980241942,28.85371868470755],[-13.771484405908652,28.85341199032505],[-13.771839908518334,28.853353578673403],[-13.77184979176112,28.85321042310176],[-13.771961519027412,28.853138085071233],[-13.771954014875549,28.852977578410716],[-13.772065433940547,28.852735999726477],[-13.772638742481599,28.852632918663577],[-13.773039515605491,28.852361049141678],[-13.773385386042655,28.852322897163],[-13.773603774792216,28.852162288188143],[-13.773551183409207,28.8520210280425],[-13.773584070218366,28.85193006579998],[-13.773730818616688,28.851902655593623],[-13.773927383970202,28.85201360103573],[-13.774036551071417,28.851975767799445],[-13.774630719282692,28.851491938169772],[-13.77469574011507,28.851272597383897],[-13.7747321269207,28.85026731992603],[-13.774705228992245,28.85018332297914],[-13.774519220655124,28.850062222170113],[-13.774520229489335,28.849958686838562],[-13.774414170979359,28.84982776212936],[-13.774464042991527,28.849620431442336],[-13.774305986817721,28.849430542679546],[-13.774357456965605,28.849086912046367],[-13.77430042956088,28.848719037696497],[-13.774393180550092,28.848652436405153],[-13.774356864387391,28.848270174813134],[-13.774474972684553,28.847904758506562],[-13.775143193491324,28.847716023372072],[-13.775562672521069,28.847794785820525],[-13.776074690797532,28.847303118319893],[-13.776536349684113,28.847197138371175],[-13.776627126492158,28.847064246497848],[-13.77682278809541,28.847060958224777],[-13.777573310542909,28.84686358021812],[-13.777805530623949,28.846658189589355],[-13.778095698257149,28.846651712658783],[-13.778164522624275,28.846562094549256],[-13.778090714307153,28.84647825078833],[-13.77814223754585,28.846448104565756],[-13.778105738345152,28.8463820623416],[-13.778145006636557,28.84612698155902],[-13.778275285945737,28.846104615416053],[-13.778461667248473,28.84621113894179],[-13.77857837861406,28.846216528056843],[-13.778752897079707,28.846120646775738],[-13.77891486093048,28.845930637414543],[-13.778972454318293,28.845830078058732],[-13.778904601010884,28.84566815859696],[-13.77904365497361,28.845547407599913],[-13.779063158407512,28.8454502577823],[-13.778923089646158,28.845320896804463],[-13.778905273435692,28.845178798174178],[-13.778963310734262,28.8450226393465],[-13.779096552057144,28.84493258406428],[-13.779140725240712,28.844745262409052],[-13.779051038624061,28.844634281430736],[-13.778973663565317,28.844322251984302],[-13.778695940882221,28.844060681622647],[-13.778480822600603,28.843954033570167],[-13.778439234344045,28.843825293272836],[-13.778889571927083,28.843612904967614],[-13.778985239386886,28.843510091040677],[-13.779605391623909,28.84340740308289],[-13.780127071192572,28.843591757689566],[-13.780709145698744,28.84387471379636],[-13.781005476393952,28.84386295232969],[-13.78138573784898,28.843713900981715],[-13.781661048267091,28.843546130128853],[-13.781814596539322,28.843222478831603],[-13.782205446216288,28.843272929893153],[-13.782849198493187,28.843171306410166],[-13.783211708985764,28.843042748010642],[-13.783635834407736,28.84279862757535],[-13.784295866452688,28.8423684863742],[-13.784684598170324,28.841902549783292],[-13.784942952990177,28.841358309105782],[-13.785105403212368,28.840803691582266],[-13.785123501647732,28.84057281229893],[-13.785017703667924,28.84041908259946],[-13.785015890249712,28.840292859404617],[-13.78520134825939,28.83983980065946],[-13.785827270957194,28.839029432762487],[-13.786083660262687,28.839010080208713],[-13.786145126285218,28.838829265082268],[-13.78632071106838,28.838774086272895],[-13.786399873732428,28.83869697515576],[-13.786599572702272,28.838683600572878],[-13.78672919443134,28.838582683709003],[-13.786870526306377,28.83856791729557],[-13.787034483454486,28.838758711225893],[-13.787180174991192,28.838481172895346],[-13.787392916476811,28.83845320348909],[-13.787547890102513,28.83860910625425],[-13.787791975578726,28.839180666349947],[-13.787912580795098,28.839319951488527],[-13.788313837373783,28.839348817909304],[-13.788576306314075,28.83919046555397],[-13.788915349245148,28.839096896475642],[-13.789156172347415,28.83928880222428],[-13.789558832658765,28.83946916384011],[-13.78959936224034,28.839725849391986],[-13.789523786020611,28.8398616216377],[-13.789309093842943,28.84000829298729],[-13.788963040928614,28.84003782113388],[-13.788826079228933,28.840110524944222],[-13.788615602655915,28.840130295021723],[-13.788569795794714,28.840187779611476],[-13.788816439073603,28.840319820631905],[-13.789088309912062,28.84038002229723],[-13.788969129492543,28.840485656003068],[-13.789138792314697,28.840534831743106],[-13.789176258515008,28.840641736433234],[-13.788806041477017,28.840746713612713],[-13.788759989053455,28.840945727611306],[-13.78891644723067,28.841058899343512],[-13.789045003399307,28.84126957121056],[-13.78920207269144,28.84126275945305],[-13.78945187602054,28.841387743026935],[-13.789545156291112,28.84155737658796],[-13.789488034461021,28.84170328709968],[-13.789552340786614,28.84183282383531],[-13.78932762525592,28.84194892738626],[-13.789091593388866,28.841965869506968],[-13.789058884723126,28.842025204649754],[-13.789142377188007,28.842066386665472],[-13.788960808962186,28.842166992768366],[-13.788622231614653,28.842116877370916],[-13.788502926804155,28.84205255792399],[-13.788389114558425,28.842335140121126],[-13.78842703509533,28.842618661124526],[-13.788556053777608,28.842789482773416],[-13.788694320598509,28.842820335962173],[-13.788839032788973,28.842616874226596],[-13.789036918409638,28.842590772572894],[-13.789062874746236,28.842661338180516],[-13.788980478163133,28.842762681212474],[-13.78943226762364,28.842695402702702],[-13.789696428758228,28.843082170303372],[-13.789680760363526,28.84320665723425],[-13.789590743233047,28.843286272022013],[-13.789193819652452,28.843289062900134],[-13.789124250177956,28.84346172012097],[-13.789017627759044,28.843566040532377],[-13.789181808673543,28.84370309856419],[-13.78922457653946,28.843851503066958],[-13.789143746596736,28.844100727350206],[-13.788953071182572,28.844268696089415],[-13.789165092298642,28.845079248001532],[-13.789250666479452,28.845121450458763],[-13.789165952206279,28.84535548669188],[-13.789390587737163,28.845604583230127],[-13.789456146285703,28.846043998701685],[-13.789811478574022,28.84698912742608],[-13.789848755902973,28.847208221093585],[-13.789866798263203,28.847254167275143],[-13.790064453208627,28.847333764094543],[-13.79002852601388,28.847451426760177],[-13.7902117460217,28.847747360644796],[-13.79056209540981,28.848737920147528],[-13.790619239303085,28.848829567977265],[-13.790765631452693,28.848848181838907],[-13.790812893840833,28.848948684846594],[-13.79108322576485,28.849126258448663],[-13.791074506639488,28.849511443304998],[-13.791182830347806,28.849448300121324],[-13.791409383621906,28.849543325266644],[-13.791268932757989,28.849718236179825],[-13.79136685249868,28.849863379887726],[-13.791368369460914,28.850015881391226],[-13.791486178470864,28.8501821324568],[-13.791710865412064,28.850335902755162],[-13.791736039889667,28.850740452313403],[-13.79189996826406,28.850850953127814],[-13.792101097482744,28.850886102578578],[-13.7921029821032,28.85109203589492],[-13.792044714048082,28.851184373089573],[-13.792081480591927,28.851295602726708],[-13.792305415687716,28.851486332106827],[-13.793924903191233,28.85381933613208],[-13.794217543584145,28.854129817165102],[-13.794406195070403,28.854225283722442],[-13.794482965942628,28.854428944361857],[-13.79410700845133,28.854725495318633],[-13.793426490992303,28.854818493966935],[-13.793273056104589,28.85495802956263],[-13.79307040670072,28.855025393078673],[-13.79240232409601,28.85506937426152],[-13.791330185688421,28.85561542419242],[-13.790798881422456,28.855812957688833],[-13.790485597764736,28.856039457016635],[-13.790300242511009,28.85611448027692],[-13.789627273688428,28.856222075615204],[-13.78887870145472,28.856162214092194],[-13.788668211571935,28.85619802097727],[-13.788437714155416,28.856339620192063],[-13.788141309704528,28.856637599776924],[-13.788004537499749,28.856851104007486],[-13.787860186247006,28.857710861552363],[-13.787659772954074,28.858273956968645],[-13.78701663791974,28.859038850310093],[-13.78686908036732,28.859269566251537],[-13.78679381320587,28.859497196154962],[-13.786858805637628,28.859900217809],[-13.787400412140467,28.860513461013415],[-13.787710548035715,28.861079540717867],[-13.786417639897667,28.86205779593121],[-13.785998660532192,28.862286798170494],[-13.785544871691275,28.8624162729752],[-13.785086383727878,28.86236435428378],[-13.783872892594596,28.867011208961156],[-13.785917102507138,28.86950093959741],[-13.78961400390073,28.87510714167087],[-13.792295337816675,28.885537648574317],[-13.793143351703218,28.890715359963778],[-13.785278407846327,28.899472043750784],[-13.786818355943732,28.902785061176942],[-13.784362284394794,28.910291566860245],[-13.784048957296967,28.910506204599088],[-13.783466979977696,28.910801724795945],[-13.783245060877155,28.91085099095523],[-13.78251741906755,28.91124238095417],[-13.782143779023306,28.91133719449767],[-13.78152131494773,28.91168736527842],[-13.781309603344859,28.911716062331806],[-13.780846328514528,28.91170089473219],[-13.77966948304295,28.91153430189562],[-13.778671604520316,28.911087552870903],[-13.777528792299622,28.91083083784685],[-13.77659322528999,28.910860039419436],[-13.776075014255635,28.910782399902267],[-13.775621272894904,28.91062665572234],[-13.775188202391526,28.91057290886423],[-13.774335271185315,28.910797190243148],[-13.773494099404692,28.91089518742607],[-13.772467308982979,28.91141553508338],[-13.772070914984397,28.91154650175311],[-13.771405270165618,28.911636050291236],[-13.768580904478464,28.913251895506924],[-13.767625274240197,28.91357075971606],[-13.767377647777922,28.913869042690305],[-13.76686253807338,28.914832804448814],[-13.766362160435095,28.91551123035906],[-13.765993480635576,28.916155050137725],[-13.765704196582469,28.916855397863944],[-13.765567006613917,28.917006662020405],[-13.764377583084263,28.917972036148573],[-13.76399765402968,28.91815011317597],[-13.763796591357071,28.91822046700852],[-13.763387686785975,28.918251214661698],[-13.762744535417943,28.918510423385772],[-13.761734204993344,28.918784582425687],[-13.76165495246225,28.91932348223312],[-13.761426430669331,28.91982591089956],[-13.761110900631655,28.920402490700162],[-13.760811316547548,28.920669471321844],[-13.759882049515685,28.92108062946677],[-13.757811760729009,28.921730708009044],[-13.757084190030682,28.922400385218733],[-13.756540752714407,28.923075197475626],[-13.756035365506321,28.923411463713997],[-13.75546770191173,28.923677822795717],[-13.754770894920078,28.924142544222274],[-13.754447212327467,28.92421090111834],[-13.753877937178908,28.924446625826267],[-13.753384340662857,28.924728985702966],[-13.752945100140924,28.925152762361105],[-13.752590892709957,28.92531813865203],[-13.751789825842492,28.92551835929105],[-13.751138140827283,28.925607041116738],[-13.750456944091368,28.925610828218076],[-13.750018614894348,28.9257401384025],[-13.74929935062493,28.926185624587347],[-13.748529937869243,28.92697439953769],[-13.747948095404631,28.927378585026833],[-13.747653363934178,28.927320159852147],[-13.74754136537619,28.927161145880074],[-13.747284982113078,28.927178552006506],[-13.747185485092528,28.927082169635],[-13.746991891580755,28.927047733818082],[-13.746884995120565,28.926918377538662],[-13.746375132628541,28.92707000521051],[-13.745935866649207,28.92701884007038],[-13.74538062649138,28.92703012807934],[-13.745284104646501,28.926951776756844],[-13.745138405563084,28.92696188938757],[-13.7450286761957,28.92721443029061],[-13.744503237277124,28.92919298832233],[-13.743124427366945,28.929778644152147],[-13.742525634638666,28.92991571757916],[-13.741709740389455,28.929806879363866],[-13.74151646245373,28.929827598728387],[-13.740511640217864,28.930123170325164],[-13.74011005351526,28.930077248048438],[-13.739532821632615,28.93012425187387],[-13.739117254981196,28.929958633975296],[-13.738832796775869,28.929908182454326],[-13.738351188806385,28.929979586901936],[-13.73829140254981,28.9296423259414],[-13.738109201328538,28.929100857440105],[-13.737955997099293,28.92879445211006],[-13.737681280988786,28.928438100636516],[-13.737468583238424,28.928012865692548],[-13.737300664285268,28.927339703477077],[-13.736813860434243,28.926508736292273],[-13.73657109137226,28.92590085181905],[-13.735960830033514,28.92540490021788],[-13.735226346071089,28.924633557667306],[-13.7350187629374,28.924237977721337],[-13.734838974046825,28.924013626201006],[-13.734230736519127,28.923497894468085],[-13.73401498536374,28.92284125444625],[-13.734189056130218,28.922794571869957],[-13.734267657681643,28.922711406423698],[-13.734104516783718,28.92206267954641],[-13.733926866526769,28.92190592536346],[-13.733483969869864,28.921696714287528],[-13.733093450608145,28.92125637983647],[-13.73297005152425,28.920957469418326],[-13.73283484392635,28.920782783689408],[-13.732745440807157,28.920775724096234],[-13.732679582027863,28.92083677129259],[-13.732531534311912,28.92082049564932],[-13.732231352656973,28.9205369592896],[-13.73229061322251,28.92024252064874],[-13.732061075058466,28.92008491453938],[-13.732040649827773,28.919959456702422],[-13.73206749019803,28.919857764287272],[-13.732153269518127,28.919778133181218],[-13.732033967776003,28.9196554264069],[-13.732030384628208,28.919535117931744],[-13.73187412551468,28.9193036108586],[-13.731700499050259,28.919140538222315],[-13.731701678947031,28.9189626506692],[-13.73181882018274,28.918794095080496],[-13.73228182809988,28.9185899440312],[-13.732384934599748,28.918461958043988],[-13.732603961511632,28.918319621545486],[-13.73273947426796,28.918340688606953],[-13.732931342274588,28.918471432940212],[-13.733010744606922,28.91846395843407],[-13.732800555411373,28.918284370531175],[-13.73289332163983,28.918223865228928],[-13.732692107893419,28.91765708532595],[-13.73269737499345,28.917483721531074],[-13.732834171863825,28.9173821973507],[-13.732717208419375,28.917185427815994],[-13.732727682947742,28.91707982681361],[-13.732864587725768,28.91698625453393],[-13.732784128048031,28.916854672447755],[-13.732786629178511,28.91672993581379],[-13.73284556494872,28.91667113369692],[-13.732937109262725,28.916663773464762],[-13.732880645396726,28.9164854787372],[-13.733010199334153,28.916385618954095],[-13.732909193008618,28.91626006176257],[-13.73290439112939,28.91616904560844],[-13.73300236261691,28.916085196616667],[-13.733180573135211,28.91604977196741],[-13.733193957021173,28.915974810725906],[-13.733107855310507,28.915777465456852],[-13.733322673728946,28.915673651390605],[-13.733305799871133,28.915424685213036],[-13.733429379262711,28.915320012650326],[-13.733543595199432,28.91511473256543],[-13.733746708617534,28.914947561182814],[-13.733928217236803,28.914623505031887],[-13.734313849371652,28.914285330083523],[-13.734626070991908,28.91416076952231],[-13.735421520669314,28.91404001599082],[-13.73601663005638,28.914182917206226],[-13.736311966705246,28.91443232169135],[-13.7364033686375,28.914419605945653],[-13.7366571609356,28.914224161237495],[-13.736932218426494,28.91430529426233],[-13.737115560026298,28.914560577632933],[-13.7374233241764,28.914407513192806],[-13.737658990691541,28.914407701029326],[-13.738054770907965,28.91461978674608],[-13.738146666966234,28.914728946823057],[-13.738184445125913,28.91491615254925],[-13.738392496547373,28.914838682731027],[-13.738574143278354,28.914919072636355],[-13.738696572472996,28.915054798908166],[-13.738782496531249,28.915060802056388],[-13.738922489705992,28.914938507999356],[-13.739104100122411,28.915028734013394],[-13.739453025524751,28.91533623957394],[-13.739657117861766,28.91561337365358],[-13.739761099623575,28.915238910536168],[-13.739771637071557,28.914981555493313],[-13.739877203635384,28.9148831971862],[-13.74062622978939,28.91488298450172],[-13.740923256627887,28.914667431345936],[-13.741091486987195,28.91465283156557],[-13.74109991627087,28.91453579404757],[-13.74117482774721,28.91446502605299],[-13.741422746358703,28.914483516066305],[-13.741156472585608,28.914011000485655],[-13.740894649332693,28.913965097676215],[-13.740473365177087,28.913761599019914],[-13.740200100028593,28.91370517310678],[-13.74004890912975,28.913576263624243],[-13.739740427876479,28.91349049219411],[-13.739308618272508,28.91315346714362],[-13.738766895507643,28.912975982626445],[-13.738532183521148,28.912788665157304],[-13.738131027916875,28.91271270744527],[-13.737947460221767,28.912621884255824],[-13.737759689514464,28.912397037590004],[-13.737687892995833,28.912227418267175],[-13.737660136407264,28.912053013387137],[-13.737695445076257,28.911749376294818],[-13.7380312557654,28.91136640170915],[-13.73822873305558,28.91125692979522],[-13.73847514180354,28.91121980842758],[-13.739150688184935,28.911366643884786],[-13.739352216842256,28.911475096772193],[-13.739707476039118,28.91179061183059],[-13.739900370790895,28.91178186678082],[-13.739954376099668,28.911387008552815],[-13.74017904144777,28.911227537379553],[-13.740178976664202,28.91096126560015],[-13.740247424466304,28.91064769434998],[-13.740414836800731,28.910547450163147],[-13.74072741488015,28.910500564826073],[-13.741043292506255,28.9103638755461],[-13.740993532167158,28.91019013189052],[-13.741017120776004,28.91002040413136],[-13.741284042266269,28.90966016953123],[-13.741477511600955,28.909603487115508],[-13.741881914898464,28.909654339637047],[-13.742027687686846,28.90958596578174],[-13.742516407501459,28.909513845182037],[-13.742714577744286,28.9093708995061],[-13.74232436060631,28.9093812265646],[-13.7418810842837,28.90906013996357],[-13.741544333396607,28.909070702524563],[-13.741198354505041,28.908764962756802],[-13.740858970411953,28.908602951524916],[-13.740756740144763,28.90831695255749],[-13.74062008190898,28.908164056033893],[-13.74034008365868,28.907678757561523],[-13.740085933904997,28.90755171900812],[-13.73969378516993,28.9070851075532],[-13.739498872460201,28.906983206122856],[-13.739313002917763,28.90674754045333],[-13.739228409595542,28.906377530020745],[-13.738957405997915,28.906217156028756],[-13.738665754763149,28.90590858845246],[-13.738448110443768,28.905836074409304],[-13.738214616978471,28.90549852108136],[-13.738805081751327,28.9050533197586],[-13.739148734818945,28.904725286443327],[-13.73957699790331,28.90415805318246],[-13.739681645359338,28.903909069057548],[-13.739562672347503,28.903741184153557],[-13.739642746111544,28.903487078564694],[-13.739505438356542,28.903290124232406],[-13.739509756201965,28.90294982562995],[-13.739620596312882,28.902957216398192],[-13.739977739919032,28.90267984649805],[-13.74022659034126,28.902700368440325],[-13.740378790531105,28.902662939539084],[-13.740410213207086,28.90260533847144],[-13.74030198340667,28.902490540018626],[-13.74032516920043,28.902428800717722],[-13.740654494411814,28.902433477593124],[-13.740641535177266,28.902212272723382],[-13.740769177998105,28.902078308723567],[-13.740765500653126,28.901784855803708],[-13.741350560461575,28.901348039204066],[-13.741392952281569,28.90123464896643],[-13.741340190085547,28.901092356212036],[-13.741428850731557,28.900816227504723],[-13.741506486764372,28.900729582496247],[-13.741638171661073,28.900695579413238],[-13.741613399593549,28.900545461891475],[-13.74172382213935,28.900560066925152],[-13.741686678559082,28.900428894507066],[-13.741853183845484,28.90047376950337],[-13.742194539615365,28.90024231814652],[-13.742514312288087,28.90024255110885],[-13.74269128885883,28.900044932534364],[-13.743094109231079,28.898944039446587],[-13.743396230689951,28.898481757876464],[-13.743755439435459,28.89768671684856],[-13.743839257514951,28.897375885284596],[-13.743840336146876,28.897281196625162],[-13.74367216473228,28.897206399961128],[-13.743618350719686,28.897069585350966],[-13.743476611858627,28.89699533279438],[-13.743520954351995,28.896883115116875],[-13.743343600197019,28.89680277231778],[-13.743298815796859,28.89670647355767],[-13.74345267445469,28.896503286268768],[-13.74330264210883,28.89638883129016],[-13.743352704246274,28.896237679261613],[-13.743147690039281,28.896022191410513],[-13.742943080486745,28.895916179585107],[-13.742901326852275,28.895731825540256],[-13.743119946807631,28.895536327474673],[-13.743440238781501,28.895509280368884],[-13.743425493056849,28.895354193567815],[-13.743500833858263,28.89524646159107],[-13.74369381224228,28.89514645096232],[-13.743724046150382,28.89500666576376],[-13.74383253773889,28.895034689096317],[-13.743921074847108,28.894996084645143],[-13.743920093899929,28.894767500707253],[-13.743828776160433,28.89464866613743],[-13.743959201586065,28.894572060110857],[-13.744068254804498,28.89435574709052],[-13.744194803276121,28.89424675926875],[-13.744145431247873,28.894078353797855],[-13.744216138936826,28.893919172077165],[-13.744209887375094,28.893593349303853],[-13.744324235992075,28.893536790852277],[-13.744317739134905,28.893394930316106],[-13.744517968072351,28.893363584601936],[-13.744524620079495,28.893264164584867],[-13.744448271110903,28.8932104495455],[-13.74446487794684,28.893112124073685],[-13.744583692710005,28.892882057235067],[-13.744691330538185,28.892800175077067],[-13.744592279448021,28.892642281171657],[-13.744649492176816,28.892513586034074],[-13.744550356075214,28.892390058315154],[-13.744533674909647,28.89226616178221],[-13.744692188929962,28.892128726802827],[-13.7451097926312,28.892031537731754],[-13.745265612792473,28.891828077485226],[-13.745338995787195,28.891538229637735],[-13.745464115781845,28.891383885812857],[-13.745770533678112,28.890361702498375],[-13.74567060522232,28.890213710579005],[-13.745788980543967,28.89012890403953],[-13.745636556858994,28.88956894863239],[-13.745487487550253,28.88925897042192],[-13.74513370630357,28.888842269773985],[-13.745109320218853,28.888659810750696],[-13.74527939326407,28.888553230558042],[-13.745191646768081,28.888427652406342],[-13.7452564167306,28.888352454990212],[-13.745505996276357,28.88829253385639],[-13.745921365283897,28.887714335931207],[-13.74598102718896,28.887692076125823],[-13.746386930909889,28.887802419993953],[-13.746603749630188,28.88773785998626],[-13.74673097389586,28.887581936920547],[-13.746906499997866,28.887475269930277],[-13.74699574960391,28.887311773450183],[-13.747295372561311,28.887200195129722],[-13.74759103295822,28.886926563173425],[-13.747881839016582,28.886363373613314],[-13.747964991186125,28.88627028666894],[-13.74808636155542,28.88623446618755],[-13.748249711807524,28.885933728704323],[-13.74880615186793,28.88443540952642],[-13.748935565730749,28.88426044374703],[-13.748920222377304,28.884188832568704],[-13.748989225126268,28.884136469567995],[-13.748918682347599,28.88404355237936],[-13.749014492132668,28.883999524621263],[-13.748951566949268,28.883955485199767],[-13.748969852126343,28.883781644539184],[-13.749412335693375,28.883318177184485]]]}},{"id":"93","type":"Feature","properties":{"categoria":"Monumento Natural","nombre":"Roque de Jama","codigo":"T-20"},"geometry":{"type":"Polygon","coordinates":[[[-16.64123172569826,28.08329247976779],[-16.6419726134215,28.082660873062142],[-16.642649285821847,28.083208142014364],[-16.643288514227848,28.08340239664017],[-16.64339294791198,28.0835124072138],[-16.643455049989168,28.08372938494347],[-16.643513096334456,28.084702317857882],[-16.643545525999457,28.084824454160323],[-16.643693291378266,28.085027291949373],[-16.644386282565375,28.08541847437591],[-16.645475057981844,28.085488766329522],[-16.645769956448415,28.08559081350362],[-16.645854176764725,28.08574367200013],[-16.645767802959394,28.08633966063303],[-16.645816193206375,28.08662330744489],[-16.64643308752978,28.087526997297488],[-16.646648633531726,28.08769488513228],[-16.647572170317837,28.088218605073138],[-16.64940834780656,28.089566709694815],[-16.64960882510705,28.089762841758397],[-16.6496987985447,28.090041113094895],[-16.649643725527834,28.091719104749163],[-16.649871800529827,28.092275447203043],[-16.649755614652648,28.09241745540477],[-16.649463674452726,28.09261283960044],[-16.649391330060485,28.09293987591911],[-16.6493031286272,28.093055194017108],[-16.64856446292187,28.093283708412216],[-16.64839476316419,28.093502954567498],[-16.647878642770227,28.09385925726269],[-16.647716811213222,28.09424262848886],[-16.647232318024045,28.09463840370416],[-16.64710305766865,28.09506092197711],[-16.646850242407535,28.095313320819013],[-16.645908671666493,28.095495107016408],[-16.645432486139214,28.095522300276105],[-16.64515753191524,28.095611336910682],[-16.645087776405905,28.095682027772863],[-16.64498509229011,28.0956616352595],[-16.644674519727538,28.095911708592205],[-16.6445079292908,28.095979228287604],[-16.6443355328469,28.096400239836807],[-16.644041294784753,28.096920272964603],[-16.643923094116957,28.097044430994266],[-16.643847373044785,28.097252680959073],[-16.643559204593878,28.097415301041046],[-16.64349186150097,28.097617728522042],[-16.64328770656616,28.097790369941354],[-16.643130803197806,28.097827285239312],[-16.642491323295314,28.098146130291187],[-16.64216909275385,28.09862131532993],[-16.64184972386677,28.098773240801336],[-16.641728567909823,28.09849698008883],[-16.641698878049443,28.09821872187803],[-16.641571098491458,28.097907748528662],[-16.641586180703367,28.09778332857459],[-16.641749667568764,28.097653359718304],[-16.641661853939162,28.097458629527186],[-16.641825285443698,28.097046275117545],[-16.64182104491512,28.096767712221073],[-16.641876599918575,28.09651478677671],[-16.641751521876806,28.09583759694708],[-16.6417795796571,28.09515488266303],[-16.641733401538097,28.094774161206367],[-16.640719935655373,28.09366210387071],[-16.640800102824848,28.09354182404316],[-16.64094405975475,28.0934516559028],[-16.64129216656038,28.093307872589055],[-16.641311820063233,28.093174878204433],[-16.64094933281667,28.092560634910733],[-16.640635354139732,28.09215122161537],[-16.64052936113045,28.09188688057907],[-16.640478158644953,28.09139752010269],[-16.640257260111536,28.090951794593565],[-16.639747949914792,28.090589542239837],[-16.640009709157592,28.09043301319284],[-16.640550421580443,28.089196245087383],[-16.64058199079559,28.088983506787596],[-16.64050247760236,28.08885413517807],[-16.639918761152927,28.088426645913167],[-16.639819907773784,28.088256711572512],[-16.639833767745774,28.08807053839407],[-16.64117552894568,28.086042164390282],[-16.64172657000834,28.084737309360786],[-16.64171893561951,28.084476304329314],[-16.641576498519214,28.084024731664183],[-16.641403751246166,28.08352988501629],[-16.64123172569826,28.08329247976779]]]}},{"id":"94","type":"Feature","properties":{"categoria":"Monumento Natural","nombre":"Montaña de los Frailes","codigo":"T-27"},"geometry":{"type":"Polygon","coordinates":[[[-16.56383413991855,28.39250321722688],[-16.563597402725634,28.393377561948885],[-16.563487512852006,28.393442665570014],[-16.562468691859884,28.393704733839826],[-16.561756070882378,28.39378151331916],[-16.561185560141787,28.393928950166067],[-16.560907772327813,28.393919615959934],[-16.560159723953568,28.394087683183002],[-16.559674324494498,28.394115795026014],[-16.559510901946787,28.394004574630543],[-16.55969187963985,28.393294776367362],[-16.55912259187717,28.39318902310879],[-16.558708216543856,28.392573237621722],[-16.55851946567025,28.392459850943865],[-16.55844428486786,28.392476233942517],[-16.558412035341608,28.392536970687665],[-16.55811873044635,28.392204029504878],[-16.55805983096735,28.391761479392866],[-16.5582596604575,28.39130044707489],[-16.55857251660691,28.390838112395468],[-16.55918456919055,28.390274874673917],[-16.559310295673544,28.390183141157973],[-16.56049386429302,28.389885844920723],[-16.5610560162207,28.38947021399012],[-16.561444537963677,28.38940755068464],[-16.562563921194545,28.389487492607717],[-16.563105204741486,28.389437873254376],[-16.563564844402553,28.389334028449245],[-16.564785817820002,28.389356642018907],[-16.564854984624596,28.389998259813858],[-16.564772130289114,28.390514101541005],[-16.56383413991855,28.39250321722688]]]}},{"id":"95","type":"Feature","properties":{"categoria":"Monumento Natural","nombre":"Roque de Garachico","codigo":"T-26"},"geometry":{"type":"Polygon","coordinates":[[[-16.762052989968733,28.378920877734508],[-16.762049930732303,28.378229735323444],[-16.762099692278547,28.37822773815349],[-16.762271302979606,28.378306919248203],[-16.762284073394614,28.378351064091127],[-16.762229417534794,28.37839030532591],[-16.762794624148132,28.378570251498207],[-16.762947793281512,28.378737387829155],[-16.763048948221893,28.379023236648983],[-16.763078351840047,28.37930180156759],[-16.763226724121438,28.3793145914668],[-16.76337164810103,28.379445826442648],[-16.763384476265543,28.379579763555235],[-16.76327803467636,28.37986874985648],[-16.76330070499354,28.38019667522765],[-16.76321620543778,28.380307054662072],[-16.763171552728608,28.380543892234996],[-16.763041039114793,28.38074718698942],[-16.76296493316588,28.380766671842114],[-16.762868329918316,28.380688235984177],[-16.762769945238748,28.380687162525355],[-16.762354819951423,28.380778824284366],[-16.76214763254275,28.380479871162823],[-16.762014396089086,28.380406889928523],[-16.761993030898758,28.380302708333186],[-16.761726484756117,28.380139302104382],[-16.761670944566088,28.380048566532185],[-16.761705554778402,28.379573767353772],[-16.761996794730344,28.37947373776915],[-16.761995557097602,28.379398877990102],[-16.761898434368646,28.379288898639686],[-16.762052989968733,28.378920877734508]]]}},{"id":"96","type":"Feature","properties":{"categoria":"Monumento Natural","nombre":"Montaña Amarilla","codigo":"T-21"},"geometry":{"type":"Polygon","coordinates":[[[-16.631123875892385,28.010164349882213],[-16.631319627385025,28.01016392170559],[-16.63134150416075,28.010117543123464],[-16.631246100947823,28.009995029978338],[-16.631011116601897,28.00992254857375],[-16.63086452308321,28.009831147919176],[-16.630876307378678,28.009789853044804],[-16.63119244460382,28.00991651562334],[-16.631509496716696,28.009968888991065],[-16.63156780883419,28.009830020537635],[-16.63168660271632,28.00992563133274],[-16.63181623741504,28.009930861059225],[-16.631858884685048,28.009899668908215],[-16.63184024149003,28.00978951179051],[-16.631766139532626,28.009643190244468],[-16.631632261483873,28.009545321781594],[-16.63163418108879,28.00949051587737],[-16.631679578874436,28.00945965213786],[-16.63186663175473,28.009496149409834],[-16.631993450687933,28.00935511353933],[-16.632075263166946,28.009365333277387],[-16.632111346374508,28.009465355505608],[-16.632314725137146,28.009471784790232],[-16.632424498067234,28.00934006647311],[-16.632419983838894,28.009101402942445],[-16.632359274508076,28.00906096901181],[-16.63248570136616,28.008887266061766],[-16.63275471267354,28.00876168836663],[-16.63316909245357,28.00891596970499],[-16.633246275260067,28.008673266809502],[-16.633347495994705,28.00864210014687],[-16.63340477309718,28.008663982474975],[-16.633465216469588,28.0088013499751],[-16.633489303506874,28.00925196370975],[-16.63356433702453,28.009190332126753],[-16.633697573924277,28.008834598732232],[-16.633871429348684,28.008758073910094],[-16.634289774673523,28.00895264740171],[-16.634235580508353,28.00914173840798],[-16.634309193722544,28.009147722207384],[-16.63430987235254,28.009286973255957],[-16.634388610668896,28.009356253093312],[-16.634431522792028,28.00930899213253],[-16.63460326998947,28.00936895274169],[-16.634718792354743,28.009294925683054],[-16.6348714821704,28.009271358622236],[-16.635213532251043,28.00932929246018],[-16.635687550524757,28.009185502650723],[-16.636446846691555,28.00913687901732],[-16.636974398263465,28.009240938546935],[-16.637325622831014,28.00925725989449],[-16.637481476137868,28.00933665698494],[-16.63781435927165,28.00931959475028],[-16.63815464426404,28.009388471770357],[-16.63833957695379,28.009325753272293],[-16.63858463772092,28.009146018821603],[-16.638874965727602,28.009248079701564],[-16.639057486286763,28.00937735515602],[-16.639118932150225,28.009589833780492],[-16.639099033891764,28.00973105383995],[-16.638978761014528,28.00995793788957],[-16.63904498005905,28.010241171359848],[-16.638985884115876,28.011026798212555],[-16.638448793047083,28.011581772688366],[-16.638013621754784,28.01216680273037],[-16.637683644589668,28.012259552555744],[-16.637402125770038,28.012465342552222],[-16.63697190997273,28.012591920181237],[-16.63674194028761,28.01274271793619],[-16.636655843812594,28.012856260622975],[-16.636416587397793,28.012855653260996],[-16.63611876406306,28.01276484087783],[-16.635795888641294,28.012780002230013],[-16.63462578386281,28.012673980551437],[-16.63418920143737,28.012806202893724],[-16.633493049592293,28.012930877872705],[-16.633312081385537,28.013016331635505],[-16.633170401394608,28.013288040953817],[-16.632909639015136,28.013253306044206],[-16.632707089034387,28.0131620670694],[-16.632629243437044,28.0131102936961],[-16.63261077124104,28.01289965698607],[-16.63247651674267,28.01275423110428],[-16.63186605443997,28.012432602620134],[-16.631863081765427,28.01233660957209],[-16.631510798743292,28.01219404229936],[-16.631750023407577,28.012028025972594],[-16.631558322781938,28.011798173357384],[-16.631707925751297,28.01161002629567],[-16.63173227877981,28.01147156098982],[-16.6318231625786,28.01140883957724],[-16.631834530266822,28.011285961574966],[-16.63159263706259,28.01102520691073],[-16.631685046378333,28.010922034484683],[-16.631615613987645,28.01082917702825],[-16.631485195433847,28.01081249441699],[-16.63132373511658,28.010915583875047],[-16.631348662581072,28.010761227401325],[-16.63150440957819,28.010596202459613],[-16.631201310367512,28.01050485506156],[-16.63127942424803,28.010431545570057],[-16.63127109467323,28.010364677275554],[-16.63111463654028,28.010212563992294],[-16.631123875892385,28.010164349882213]]]}},{"id":"101","type":"Feature","properties":{"categoria":"Monumento Natural","nombre":"Barranco de Fasnia y Güímar","codigo":"T-14"},"geometry":{"type":"Polygon","coordinates":[[[-16.459175589124015,28.2631319082579],[-16.459636948774218,28.263576044193577],[-16.460368365716743,28.264026823102274],[-16.460345750144864,28.264096668102166],[-16.460422796267423,28.26436443812399],[-16.460183167390895,28.264850133742208],[-16.460408156470795,28.265228516278867],[-16.46046701081334,28.265501751448394],[-16.4607571803984,28.26588299251413],[-16.46084835922524,28.26609855303322],[-16.461044246893024,28.267043105732963],[-16.461512319022773,28.26728315461617],[-16.46219816045196,28.267817488162006],[-16.462900576561378,28.268193796911923],[-16.463368718950456,28.2683450744836],[-16.463582611870947,28.268498695395696],[-16.464478800015822,28.26876707089313],[-16.464904708157285,28.268760798809282],[-16.46511344358327,28.268814418012656],[-16.465272911851507,28.26895379126528],[-16.466168241896817,28.269245296492475],[-16.466703346615436,28.269550742730807],[-16.466813856255403,28.26974788754863],[-16.466928132219806,28.269811118183732],[-16.467145203932688,28.269814984956177],[-16.46727372874637,28.26976206647061],[-16.467999649449357,28.26985188541243],[-16.4685197356634,28.270168191851862],[-16.468818753325444,28.27040887672536],[-16.469223759867408,28.27061145343269],[-16.46919218450911,28.270806594944148],[-16.468966879576495,28.271100137721465],[-16.46893391179797,28.271288940343332],[-16.468794146031343,28.27144421611822],[-16.46886741072844,28.271744241355943],[-16.47016091344993,28.272221735604813],[-16.469883304129908,28.272317286388102],[-16.46977856149755,28.272244189419823],[-16.469619260140707,28.272296011730717],[-16.46874308898196,28.272193810208417],[-16.46848597597911,28.272083216728195],[-16.468101758805485,28.271814999229466],[-16.467925251045525,28.27162977462217],[-16.4676803620982,28.271630645976945],[-16.467539706129628,28.271769485996476],[-16.46828928701839,28.272465548524934],[-16.468328351341498,28.272649822220846],[-16.468412936944777,28.272775555891293],[-16.468906417999143,28.272827867748706],[-16.469096975032702,28.273021820750696],[-16.469519774171314,28.27327138006131],[-16.469958261631934,28.273618720626377],[-16.470122724081,28.273930741912267],[-16.470391603625163,28.274137523312422],[-16.470423778843656,28.274318693510587],[-16.470300730061577,28.274385577712906],[-16.47023193045083,28.27450689606133],[-16.470123338662752,28.274391241521187],[-16.469873963194566,28.274381361996575],[-16.46975897558681,28.274179999642964],[-16.469015738471313,28.273983517733242],[-16.4687348400599,28.273792169658915],[-16.468111816521404,28.273785581868932],[-16.467482680808544,28.27360678210168],[-16.467198200789895,28.27332045093615],[-16.466773306716227,28.27305974250128],[-16.466046081456224,28.272197203691427],[-16.465028492692287,28.271745348464272],[-16.464874482206486,28.271549914559454],[-16.46468936039276,28.271088540541694],[-16.46455049343908,28.270981292536618],[-16.463801481426138,28.270680763398566],[-16.46342671396144,28.270613442605047],[-16.462980654210924,28.27046154097007],[-16.462459767510445,28.270240835731446],[-16.461967085472086,28.2699473353171],[-16.461074871355386,28.269591734497926],[-16.460271837756004,28.268747385083337],[-16.46000743949952,28.268244169835317],[-16.45955007312637,28.267940394516767],[-16.459351462086616,28.268018278817355],[-16.45897438458537,28.26797033877705],[-16.458849780703783,28.267439698999976],[-16.458674024747506,28.26718373126243],[-16.458540634084322,28.266545151794123],[-16.458488656194,28.266094630103854],[-16.458525234983583,28.265906224090802],[-16.45864934150295,28.265785403868865],[-16.458658815054942,28.265713804119816],[-16.45778374833954,28.265014899548596],[-16.45772689067964,28.264597994623692],[-16.457653541265977,28.26440063517534],[-16.457508700678023,28.264135662455345],[-16.45730490331602,28.263910614678682],[-16.45698677606982,28.263661722452788],[-16.45636538925241,28.26330344415563],[-16.45618533349599,28.26324384659695],[-16.456049256325493,28.263112480016755],[-16.455959871961525,28.26296652719734],[-16.455868805318506,28.262390805891446],[-16.45574713734247,28.26202648596971],[-16.45519011791655,28.261311195842634],[-16.45508369789683,28.26083618852177],[-16.455050534767725,28.260384895758833],[-16.455230330334032,28.259988101620873],[-16.455387795212996,28.25980948648502],[-16.45538607928099,28.25968318604223],[-16.455153700057654,28.259580395299395],[-16.454819665058256,28.25961110272666],[-16.45445051117764,28.259539580694536],[-16.45427701158885,28.259426263987187],[-16.45389295044421,28.259040418969818],[-16.453275219658035,28.25927645157303],[-16.453089292375754,28.259253789672147],[-16.45280241672927,28.259130846219108],[-16.452519722458426,28.259218509236636],[-16.45226914030926,28.259141027596975],[-16.45190446409474,28.25918154579535],[-16.45172789456299,28.259104720774967],[-16.45124002708466,28.258621902479767],[-16.45120568765338,28.25850990158873],[-16.451065517288733,28.258357643323183],[-16.45053901016402,28.258077806596976],[-16.450398867800825,28.257883083026123],[-16.450306933839194,28.257635229854476],[-16.450207147492858,28.2570105612369],[-16.450594836090325,28.25649093669697],[-16.450403519408884,28.256223903249502],[-16.450119817338418,28.255581511018253],[-16.449609276490914,28.255328059625903],[-16.449145162144948,28.254939001828298],[-16.449075066776132,28.25469104512445],[-16.448947546751718,28.254515106139156],[-16.448709239944584,28.254372352384003],[-16.448581037379693,28.254351549982292],[-16.44834938384005,28.254162456397633],[-16.44799893863142,28.25403304592986],[-16.44793009441064,28.25404496679887],[-16.447905433355718,28.254181150015224],[-16.447982418822743,28.254522756518],[-16.44785795957991,28.254748716387482],[-16.44773828602804,28.254846104321572],[-16.447672810729248,28.254496343181426],[-16.447303958890533,28.25409844089855],[-16.446817159778,28.25399348600873],[-16.446552853389353,28.253804224173223],[-16.446221205966893,28.253353036309484],[-16.44605729786878,28.253223993185898],[-16.445999248374818,28.25304635641596],[-16.445839349473836,28.252965105030835],[-16.44590710037442,28.2525886760767],[-16.445987831754675,28.252437711607385],[-16.44613723961288,28.252297192210396],[-16.445953600570533,28.25218500717491],[-16.44553734646334,28.251507363328983],[-16.44536020650061,28.25131140069245],[-16.445046013748616,28.25123754713791],[-16.44468051089007,28.251254326491193],[-16.444285303316708,28.25117556030042],[-16.443890284323512,28.251178831602022],[-16.44272522283161,28.250998811482155],[-16.442593808859943,28.251110300051547],[-16.4425581899668,28.25133087882166],[-16.44245101896224,28.251544619579388],[-16.44246779394439,28.25162290559836],[-16.44278140614805,28.25182239736204],[-16.44278494758011,28.251885819864835],[-16.442735768888213,28.25189268501493],[-16.442215226206837,28.251776037305753],[-16.442106125999597,28.251485307870137],[-16.441538512641827,28.25150131417065],[-16.440402949831462,28.251250558068993],[-16.4400465872731,28.250831113224244],[-16.439661049733974,28.25088003105346],[-16.438994984317542,28.25052449585642],[-16.438587133953362,28.25014123931726],[-16.438174763631114,28.24944145451876],[-16.438173127292938,28.249104572041684],[-16.43813028462529,28.24903818081314],[-16.437623026649966,28.24904694691169],[-16.437240343361932,28.248966313402267],[-16.436529964215936,28.248717460412433],[-16.436379594928816,28.24875306648058],[-16.435998740050536,28.249006530294523],[-16.435570192743118,28.249024840981036],[-16.435267369268857,28.24916881745335],[-16.43470557346474,28.249078053792683],[-16.4342954146947,28.248886326981957],[-16.43408459266665,28.248730684964237],[-16.433898899459233,28.248419181105607],[-16.43395872098625,28.248251042108834],[-16.433724908169584,28.247969014321338],[-16.43320668384975,28.247782388742706],[-16.433031751995795,28.24777230938455],[-16.432663916054686,28.247436990811654],[-16.43239038313797,28.24727117282455],[-16.431863372651662,28.247311442478704],[-16.431705101553696,28.247281962749803],[-16.431356515612382,28.247006277288403],[-16.4312454020275,28.246836950894558],[-16.431124232593874,28.246815204833318],[-16.431010200658637,28.246908187115608],[-16.430811839574094,28.2469294878143],[-16.430206555600016,28.24668726280934],[-16.43003571349152,28.24675439426934],[-16.429889227202118,28.246737244168774],[-16.429500937436835,28.246510345325493],[-16.429438069564057,28.246236540050248],[-16.42930539048534,28.245924835978098],[-16.429244426424688,28.245877819271847],[-16.429142747988365,28.245911283638815],[-16.42908804454563,28.24616565017233],[-16.428949538263122,28.24623478880139],[-16.428258375569857,28.246186235530477],[-16.427919248429383,28.246022898766036],[-16.427517464264668,28.245570499652686],[-16.42723434538304,28.24536505924215],[-16.427079526405493,28.244959178073426],[-16.42681021642406,28.24489511110093],[-16.426626492525777,28.245005153242083],[-16.426525266303674,28.245156843933405],[-16.425948924508816,28.245181088868183],[-16.425701095216898,28.245122842652595],[-16.42537969041673,28.244889105768475],[-16.425060311921108,28.244807172509756],[-16.424906723864872,28.244527207066632],[-16.424402993505232,28.243914405607278],[-16.42427538680999,28.243817448369963],[-16.424305969466538,28.243568677798947],[-16.42404835628073,28.24292165740329],[-16.42381605797746,28.242917326155087],[-16.4236476277782,28.24284823077759],[-16.423030442997586,28.24281754452392],[-16.422693126069813,28.24264561024857],[-16.422560369818818,28.24252364128571],[-16.422502947670218,28.24243365058749],[-16.42244089831165,28.241994920209404],[-16.422437593329786,28.241745834628162],[-16.422477334957307,28.24165935457367],[-16.42243332873621,28.2415811197389],[-16.421957261614324,28.241370337627135],[-16.421558148299592,28.24133825143451],[-16.4212605332128,28.24125075768808],[-16.42071029013271,28.24095885449768],[-16.420474754928133,28.240660673822692],[-16.42008409952554,28.239945025938393],[-16.419713820555394,28.239638703529735],[-16.41924738934618,28.239671308880023],[-16.418833375250433,28.239476144098404],[-16.41837363339244,28.239406545107848],[-16.41813666356395,28.239180217505876],[-16.418024358222766,28.238833036365737],[-16.41796939524584,28.23834210776018],[-16.417903508325576,28.238247347025126],[-16.416754843383508,28.237641535698188],[-16.416423656060992,28.237518422128808],[-16.416076317725203,28.2372026214406],[-16.415545311337386,28.237089401942793],[-16.415001529351,28.237217708334143],[-16.414585594608006,28.237221078290677],[-16.413870667456354,28.237003616171762],[-16.41326945146259,28.236609437990875],[-16.41309329965688,28.236559452646606],[-16.41208593350269,28.236038351476527],[-16.41113982064207,28.23536507284512],[-16.411027928774438,28.235357833980018],[-16.41025545950291,28.235597866791835],[-16.410059396941854,28.23557654012033],[-16.40923966393478,28.235239361569157],[-16.409089911542914,28.235127364629847],[-16.408862114907794,28.234818252215486],[-16.408637646372068,28.23473524728144],[-16.408117062041935,28.234645679844867],[-16.407780324928986,28.234667108159808],[-16.407018776338056,28.235415018112576],[-16.40688839776618,28.235438066052893],[-16.40666040238248,28.235341014423476],[-16.406769351682215,28.235279332529693],[-16.40687202623421,28.23529867361859],[-16.40726061255062,28.234902517706807],[-16.40724952145671,28.234173824850522],[-16.40730968496912,28.23369512622196],[-16.40765145406372,28.232892673021666],[-16.407793277363456,28.232840399436043],[-16.40785157974527,28.23289864522786],[-16.407847555860656,28.233003562674202],[-16.4079297353966,28.23316968775302],[-16.408375670900064,28.233432068615254],[-16.40854260196805,28.23340904891554],[-16.408854528018395,28.23319351996693],[-16.409053849562838,28.233204950066455],[-16.409508875277538,28.233453153741173],[-16.409650805804183,28.23360284024367],[-16.40983691394082,28.23398184982924],[-16.40996217957033,28.234124605042183],[-16.410375586254087,28.23417316714871],[-16.41117221075491,28.234118181016882],[-16.41129104170605,28.234203074794713],[-16.41135400004772,28.234320273755053],[-16.411972712842566,28.234619905783035],[-16.41217234193429,28.234874257439543],[-16.412369335515663,28.23483557923682],[-16.413066932652114,28.234894988128325],[-16.413311996134652,28.23500469574531],[-16.4134451177561,28.235124197579438],[-16.413389390209534,28.23533198921275],[-16.413434203873198,28.235404920972034],[-16.414035791343377,28.235580012840718],[-16.414638779103907,28.235953033823982],[-16.41476449507444,28.235972942806512],[-16.41552315862181,28.235865801098843],[-16.41595499798393,28.235917449666022],[-16.416199885352256,28.236014202250686],[-16.416733252034426,28.23600737670901],[-16.417014456156107,28.236110655947364],[-16.41730490426892,28.23643445686126],[-16.41753588334527,28.236589827048768],[-16.417822460639048,28.23662066474934],[-16.418062789861104,28.237001329548878],[-16.418364097417154,28.23718414622058],[-16.41894517973677,28.23736405874801],[-16.41919896705314,28.237800918504618],[-16.41927036082659,28.238265448001776],[-16.419395826195466,28.238566407513808],[-16.419633085694578,28.23851587447638],[-16.420040108088344,28.238517279168263],[-16.420340849936025,28.238606810168907],[-16.42148387330579,28.239710356855262],[-16.42169995235355,28.239963881732617],[-16.421754513849756,28.240259465920516],[-16.421887777292156,28.240379237344555],[-16.42216253976744,28.24047509944067],[-16.422796001990232,28.240449328945108],[-16.42359157268286,28.241046914673255],[-16.423771015904947,28.24121107769385],[-16.423833985081636,28.24137645365364],[-16.42423612015519,28.24152931607874],[-16.424291338370367,28.241589897075862],[-16.42422276911852,28.241765605507684],[-16.42423552093725,28.24196291291497],[-16.42461674456069,28.242066631944045],[-16.425159784583695,28.242625078732484],[-16.425173975172346,28.242685148422186],[-16.425071768693712,28.24283747105533],[-16.42510645677602,28.242878509052364],[-16.42546111797644,28.24299552621019],[-16.425806006765438,28.24330953395651],[-16.425722621435323,28.24346925112104],[-16.42573052346098,28.243565289455177],[-16.42589781836704,28.243783313500508],[-16.42591839606519,28.244004763207574],[-16.426036035683595,28.244167527910236],[-16.426144622495393,28.24424735307698],[-16.426298637782498,28.24421785757359],[-16.426663209375242,28.2438890476691],[-16.42678208422676,28.243884196767414],[-16.427149986164807,28.244032331740545],[-16.427374863953712,28.244002139428932],[-16.427784316224503,28.24446282104548],[-16.42778092104668,28.24456908566664],[-16.4279434142021,28.244921996901446],[-16.428345862462898,28.24546712401424],[-16.428518072276873,28.245429267857507],[-16.42888223808941,28.24507789286051],[-16.429058561537026,28.245024514455704],[-16.429331745549245,28.245042687343602],[-16.429911112809805,28.245421110383212],[-16.43000696839723,28.245554766733715],[-16.43006297881404,28.24589082181717],[-16.430158116924908,28.246011873353144],[-16.430280155579794,28.2460585434175],[-16.43083697287045,28.246103568696928],[-16.43108646940333,28.24591053235657],[-16.43272113012086,28.246358023437825],[-16.433174642103282,28.246335464929974],[-16.43344894935787,28.246395080866996],[-16.433738372765163,28.24683456076416],[-16.434152780263318,28.247055035978313],[-16.434205712639322,28.247154382727036],[-16.434412952911433,28.247204835128287],[-16.434645823217533,28.247401220626283],[-16.435298760265493,28.247600144791903],[-16.4354200165348,28.24773175233991],[-16.435483512643433,28.247924165792927],[-16.43590356362073,28.248087255341176],[-16.4362071001131,28.248001048160102],[-16.436260042565607,28.247870776163897],[-16.43650108625353,28.24778522501374],[-16.4366980199408,28.24754537129295],[-16.436782478785908,28.247504771771315],[-16.438106212411608,28.247798706594228],[-16.438342050957978,28.24795802319076],[-16.43876380899514,28.24796539088892],[-16.43888119008903,28.248018760989268],[-16.439117934032783,28.24827306311673],[-16.43942883516062,28.24846459893755],[-16.43955563929148,28.248599039888813],[-16.439723926942108,28.248595791486196],[-16.43975945679312,28.24863526465426],[-16.439789172242705,28.24886222956083],[-16.439640462159247,28.249082218959167],[-16.439674819408605,28.249492323487623],[-16.439527829570896,28.249688459019936],[-16.439564691804236,28.249792133451393],[-16.440340747155993,28.249784859806272],[-16.4413157382422,28.25003679585902],[-16.44153896036986,28.24987520688378],[-16.441979391824095,28.249679493575403],[-16.442681857529006,28.24964730583057],[-16.44310820711572,28.249854043773976],[-16.443478564258157,28.249858977657738],[-16.44360336229961,28.24994538621034],[-16.44376096003382,28.249954642224594],[-16.444184872115862,28.25014438963017],[-16.444601249558918,28.250243871332106],[-16.44498612577692,28.250138718593952],[-16.44584315988228,28.250278663780268],[-16.446337591559978,28.25021792637031],[-16.44685176989608,28.250260950384455],[-16.447285451943145,28.250126571034386],[-16.447517524304978,28.250158044458523],[-16.4476138870609,28.250235547786545],[-16.447803015273266,28.250594734423814],[-16.44773704956543,28.250869362063657],[-16.44789390370433,28.25107644718286],[-16.448226694578224,28.25122584845827],[-16.448309161787765,28.251154990906986],[-16.448376545275536,28.25096028377893],[-16.448485616488963,28.25085981002504],[-16.44867910135819,28.250858748065454],[-16.44873093411627,28.250960817021177],[-16.448722861650975,28.251306122715132],[-16.448603388177798,28.251551434903615],[-16.448539008408414,28.251613760496664],[-16.448357497464773,28.251610629982313],[-16.448146561934532,28.251682270260147],[-16.448060211906142,28.251794016661666],[-16.447936987211925,28.252163918064195],[-16.447483139178466,28.252188761952585],[-16.447442115854535,28.252358692774838],[-16.447472980964005,28.252440316183204],[-16.447652603949173,28.25261594252941],[-16.44780963815831,28.25271897324521],[-16.448781382518117,28.253033678562904],[-16.449090773973523,28.253180038819746],[-16.44928122187179,28.253356901926978],[-16.44952934829274,28.253766368235034],[-16.45014325013601,28.2541755300879],[-16.450525059836217,28.254242790794407],[-16.450831136810404,28.25437367933047],[-16.451051349484086,28.254535241725343],[-16.45117066853795,28.254825854661714],[-16.45136932146738,28.255021039238756],[-16.451404836418682,28.254843674895824],[-16.45154119159402,28.25479664862271],[-16.452545830865986,28.254731190163984],[-16.45281433591835,28.2548082103125],[-16.453399658271202,28.255359518349206],[-16.45388297629975,28.255523295609287],[-16.45404165215136,28.25563388267229],[-16.45426493238822,28.255930787190735],[-16.454323353737074,28.256200014235198],[-16.45463333576387,28.256533549786152],[-16.454916601387573,28.256601202651485],[-16.45571074988909,28.2566318881306],[-16.4558174821762,28.256670218926327],[-16.456183719478148,28.2568894340873],[-16.45639748147522,28.25752046493762],[-16.457146261915426,28.2577279379116],[-16.457531683392002,28.25788413128591],[-16.458049183083205,28.2579763549862],[-16.458347363500106,28.25796253664625],[-16.458740829010424,28.258106382734326],[-16.45915751974637,28.25833045524556],[-16.459581649078924,28.258801109227456],[-16.46016297171714,28.258958347301462],[-16.46053834888198,28.259134842131413],[-16.460745826802146,28.25931755326661],[-16.46089618598524,28.259505026395914],[-16.46081549536625,28.259515455901365],[-16.46053314414395,28.259336252796352],[-16.46027414749985,28.259247594289253],[-16.459659412701626,28.25923421638043],[-16.458907038425266,28.25900903674012],[-16.458604069013326,28.25902210869008],[-16.45811562997156,28.259338244275618],[-16.458116181013704,28.259565947511994],[-16.458238898497342,28.25988720327833],[-16.458622448961783,28.26030459242547],[-16.459032968878883,28.26050156466422],[-16.459038775174502,28.26054617804001],[-16.45865774268635,28.260590860121695],[-16.458385740514096,28.260512896557458],[-16.45780712894929,28.260315639962904],[-16.45747822311351,28.260078443003657],[-16.457415994822714,28.260127302014535],[-16.457425631219213,28.260356081656894],[-16.457212796326466,28.260573605777207],[-16.45717326049292,28.260806971226934],[-16.45720866012386,28.261026360539148],[-16.457322190952745,28.261166937682788],[-16.45772381602441,28.261460751191468],[-16.45784236727617,28.261742627134577],[-16.45809702177057,28.26181555698321],[-16.4582086025818,28.261952606099065],[-16.458417685764136,28.262432345983896],[-16.458413113044088,28.262716346931207],[-16.45846181361347,28.262883956647908],[-16.458743488622773,28.263116331029618],[-16.45903857488394,28.26309401447758],[-16.459175589124015,28.2631319082579]]]}},{"id":"102","type":"Feature","properties":{"categoria":"Monumento Natural","nombre":"Montaña Tejina","codigo":"T-25"},"geometry":{"type":"Polygon","coordinates":[[[-16.760121778964116,28.19221600805325],[-16.759653421542385,28.19259823272131],[-16.75965071272832,28.19267077780543],[-16.759757867229023,28.192788523834157],[-16.75972520598331,28.193054814755953],[-16.759906408187977,28.193420513369105],[-16.759756457498515,28.193604553553463],[-16.759731703269168,28.193715520264888],[-16.759788881535037,28.193799536882672],[-16.76016108981177,28.193973670361437],[-16.760689890219258,28.194365863084805],[-16.76083667550251,28.194774059000714],[-16.76065283687084,28.195925092911963],[-16.760539889022443,28.195938711454986],[-16.75962174643861,28.195655830235104],[-16.759342405844873,28.195643448539645],[-16.75911969743112,28.195790020695558],[-16.758961446691252,28.1960235829643],[-16.758866989801827,28.196304218961462],[-16.75859301668364,28.19661910957729],[-16.758033339543882,28.196929575725587],[-16.757630837984188,28.197094420180733],[-16.75691897804766,28.19706364648613],[-16.756608848895777,28.196820135671775],[-16.755513909936724,28.196906096813386],[-16.75512810564858,28.196990878468803],[-16.7543624992343,28.19697674548194],[-16.75414382963867,28.196819875352634],[-16.753984090278557,28.19676720648479],[-16.753334351382836,28.196679727821007],[-16.752194685689723,28.196367001482507],[-16.75207427158893,28.196160966595137],[-16.75184673401866,28.196012183988543],[-16.751368697457735,28.195962422583893],[-16.75075730861023,28.19601814974132],[-16.749838588533702,28.196277394886927],[-16.74968007133845,28.19621954313768],[-16.749938940715715,28.195805076703557],[-16.74999062266756,28.195624156519735],[-16.74996563888271,28.19550933900902],[-16.74923161722464,28.195498761889343],[-16.748764543448274,28.195293166076414],[-16.748718164332153,28.19520992839698],[-16.74876423619804,28.194997773628355],[-16.748910368882544,28.194848207765677],[-16.7489141768991,28.194621648228097],[-16.74880529230173,28.194460685548812],[-16.748746601971174,28.194236278431674],[-16.748629231532707,28.194117154235535],[-16.748567882460268,28.193878937101378],[-16.748430544591915,28.193644488534627],[-16.748505603026043,28.193372048460166],[-16.748427508657883,28.19313320588572],[-16.74811154174116,28.192619251900297],[-16.747438006749316,28.192066562995695],[-16.747009235328957,28.19190008082866],[-16.746726040936313,28.19191692613151],[-16.74635509439475,28.19173647352777],[-16.746056825782706,28.19136609712565],[-16.74592837306516,28.190730808149723],[-16.74559850651541,28.190471666161624],[-16.745859273010744,28.189724956198898],[-16.746233927310538,28.189637076554334],[-16.746353111645618,28.18948228002791],[-16.746510104326944,28.189467759297273],[-16.74657576796109,28.189053977638498],[-16.746997979728388,28.188889861969702],[-16.74717140765524,28.188602043019262],[-16.747406284445027,28.188456959225544],[-16.747543677458435,28.188498758122147],[-16.74794279819468,28.188268512648673],[-16.747177643743445,28.18646699675466],[-16.747253350135477,28.186486236591104],[-16.74758432322533,28.18639314446662],[-16.747991579259352,28.185930914267747],[-16.748031555353943,28.18582185448406],[-16.748272171721666,28.18574700758453],[-16.74839888987629,28.185529210967065],[-16.74858516652303,28.185405584250013],[-16.748687257143438,28.185112799855172],[-16.749000431134778,28.184800721705003],[-16.74942083365816,28.184512342982902],[-16.7508139220783,28.183749422950243],[-16.750928590462557,28.183626429411305],[-16.7514327691521,28.183407546216944],[-16.751469591937866,28.183363368379094],[-16.751426342775083,28.18324760240314],[-16.751449356539823,28.183151068471627],[-16.75166079427566,28.18294690423362],[-16.751842415886916,28.18255010997702],[-16.751871637091806,28.182314570244596],[-16.75208417827126,28.18209577126482],[-16.752174420000113,28.181834127046365],[-16.752166407337086,28.18155633191594],[-16.75222294313262,28.18145379147768],[-16.75216898324462,28.18122394616416],[-16.752185971346712,28.18102026673886],[-16.752331196788735,28.180516011355124],[-16.752588607373088,28.180328990826837],[-16.753151471257834,28.180253583202187],[-16.75332920350012,28.180019146242945],[-16.753448650549707,28.179952241237046],[-16.753914413632778,28.17994158090786],[-16.753827574562326,28.180410522129883],[-16.753917097838002,28.180852906186743],[-16.753975891438195,28.180973074765966],[-16.754258813878877,28.181208486269913],[-16.754386413338608,28.181426927153705],[-16.754442094353042,28.181940323414285],[-16.754612384016937,28.18239162254632],[-16.754602657833605,28.1829405931408],[-16.754684017674393,28.183050400475466],[-16.75526567657147,28.18324006880821],[-16.755367349527212,28.18343359899482],[-16.75539699989109,28.183637546795723],[-16.755689968741034,28.184170523578736],[-16.756215402213442,28.184831934432225],[-16.7566468379646,28.185219666542128],[-16.757441850756326,28.185635687171764],[-16.757617766973173,28.185940989383244],[-16.758041683880904,28.18594954197702],[-16.758297117502245,28.186094698582945],[-16.758425543847988,28.186271295084705],[-16.758462132712047,28.186582618686366],[-16.758545078377296,28.186694307287265],[-16.75878602577714,28.186739941094455],[-16.758874879017917,28.186819596822303],[-16.75936760672856,28.18770983260592],[-16.759375506595546,28.187965893612503],[-16.759232649343684,28.188296143608177],[-16.759551142657184,28.188505517870286],[-16.759638049614278,28.18883281395152],[-16.759855841059252,28.189004072577294],[-16.760104099206323,28.189677411496465],[-16.76003986747902,28.189829307759748],[-16.76005619737523,28.189921053487296],[-16.760172802202515,28.19002464603553],[-16.760162557686638,28.190530534375725],[-16.760067662028103,28.190847031725898],[-16.76005118810797,28.191388551803133],[-16.760261145931953,28.191605435077204],[-16.760317500830336,28.191790071474585],[-16.760121778964116,28.19221600805325]]]}},{"id":"104","type":"Feature","properties":{"categoria":"Monumento Natural","nombre":"Montaña Centinela","codigo":"T-15"},"geometry":{"type":"Polygon","coordinates":[[[-16.45423971821701,28.14907292002542],[-16.454628470191675,28.149311153800074],[-16.454809448174903,28.149308762673357],[-16.454715439933864,28.149032272736303],[-16.45476615730023,28.14899662506556],[-16.454921264794777,28.14902394962745],[-16.45499749278074,28.14892448256885],[-16.454954771950696,28.148549837542447],[-16.45508999797327,28.148521126319135],[-16.45528087918942,28.148604344351305],[-16.45535263858776,28.148497514660505],[-16.45551477965698,28.148544258870697],[-16.455572549854846,28.148341970849664],[-16.455861603633984,28.148417700765982],[-16.455905559296433,28.14834142868433],[-16.455966346090033,28.148358427465478],[-16.456235369550253,28.147774814954328],[-16.456492443530106,28.14776740690441],[-16.456683170881302,28.147870128678427],[-16.456735792077158,28.14793084308056],[-16.456748481906363,28.14806942965228],[-16.457099323769466,28.148494092511967],[-16.457180315892263,28.148460883755618],[-16.45726149496584,28.148280548767094],[-16.457348703885046,28.148208644771646],[-16.457474244221075,28.148262590232257],[-16.457561926963045,28.1483911006517],[-16.457666946679034,28.148372672401482],[-16.45775287827278,28.148126788740775],[-16.457766711612503,28.147760297714044],[-16.457867275627947,28.147689614139274],[-16.45815990928886,28.147660569570125],[-16.45824241012972,28.147692941259532],[-16.458337589579315,28.14790425226252],[-16.4589352949024,28.147990706255083],[-16.45908733205721,28.148123584566818],[-16.459191675919506,28.148325726708133],[-16.459162115651928,28.148782387181605],[-16.459249343592063,28.14920310975507],[-16.45942072050679,28.14959733054198],[-16.459540145890337,28.149746052389382],[-16.45975082622017,28.149871924027238],[-16.460316616066553,28.149808744651605],[-16.460491326889915,28.14996354608632],[-16.460771350629575,28.151066630518997],[-16.461256057116962,28.151786232282557],[-16.461523358296624,28.152058079430255],[-16.461642249970936,28.152339515241895],[-16.46171794985688,28.152951869841324],[-16.46154942440744,28.153485366652834],[-16.46168849628333,28.153930615601666],[-16.46195158751193,28.154472972328627],[-16.461883112868296,28.15492402809675],[-16.46235551275982,28.155351394854783],[-16.462337723324055,28.155644424543137],[-16.462197678622413,28.155988200794855],[-16.462086784013305,28.156955116732544],[-16.461846531635107,28.157613649770973],[-16.461597082834466,28.157794921532187],[-16.460409129692625,28.1582233107714],[-16.460605805069065,28.15825016717858],[-16.460799758210523,28.15844927597858],[-16.46162602422819,28.158597801463717],[-16.46178109064956,28.158737133070325],[-16.461671625909116,28.158966491728336],[-16.461213626065245,28.159271926238294],[-16.46067860751146,28.159851408118463],[-16.46039649811048,28.160075179045446],[-16.46027041216122,28.16028150945989],[-16.460366991809785,28.160321707921774],[-16.461036979516553,28.160249028463472],[-16.46164870119914,28.16044818224606],[-16.46193431811394,28.160654226233532],[-16.462051916180148,28.160865854046545],[-16.462031619118136,28.161199245000883],[-16.461554442248698,28.161054028423028],[-16.461425633222635,28.161065087290414],[-16.461365106338594,28.16112853220272],[-16.461486173348735,28.161424619705972],[-16.46155611085382,28.161779439775664],[-16.461476608352502,28.161933395844187],[-16.46115324274131,28.16190773015738],[-16.460739943030728,28.16178988939473],[-16.460098140617173,28.161856238155472],[-16.459584134965073,28.161478902772693],[-16.458590807825978,28.16163803547504],[-16.457824129763328,28.161490338130996],[-16.45772651390538,28.16132334129087],[-16.45762941569977,28.161271178735888],[-16.456450715195054,28.161072829972934],[-16.45564973897289,28.160610171555586],[-16.45524705346947,28.160295265530976],[-16.454718841047264,28.15972710136431],[-16.4545980640429,28.159284493836157],[-16.454523950894693,28.159263737157943],[-16.454227245698117,28.159345066416424],[-16.454025638995965,28.159498915927916],[-16.453599304598125,28.15924725358117],[-16.45329623598611,28.159272961250018],[-16.452833049405967,28.159387047407776],[-16.452549067925535,28.159632474528987],[-16.452339985038407,28.159652941329764],[-16.452282523467094,28.159590760468923],[-16.45218212566638,28.159196545609163],[-16.451995439691792,28.158956100789823],[-16.452023946647145,28.15889970527975],[-16.451912842951472,28.158745861650843],[-16.451710700561968,28.158563604989915],[-16.451448070171384,28.158553635442225],[-16.45137407827301,28.158511593680434],[-16.451304859112735,28.158377197806324],[-16.45087413071402,28.158091917215362],[-16.450568593428052,28.157710794621877],[-16.450556369066277,28.157528474125726],[-16.4508240924838,28.157318215072724],[-16.450827866047575,28.15716684497792],[-16.4506974313624,28.157029162033307],[-16.450516439123778,28.1566900693648],[-16.4500198996995,28.15645966264735],[-16.449850583231978,28.156089758761688],[-16.449360095549665,28.15542834590278],[-16.44943334331264,28.155269471499007],[-16.449580927531112,28.155127816215995],[-16.450127584888197,28.155156651646337],[-16.450350217831314,28.154994462289604],[-16.450307834644704,28.154593304351888],[-16.450380905452754,28.15380120374963],[-16.450237093645224,28.153086184525588],[-16.450160874751827,28.152986628101864],[-16.450317777141887,28.152898195980164],[-16.451001823021215,28.15272901663819],[-16.45183765691572,28.152748527445514],[-16.45183244760223,28.152581304458764],[-16.451388849230067,28.151955467300674],[-16.45127530675285,28.151910856937267],[-16.451081738917008,28.15193522756175],[-16.450856270229362,28.15183746002258],[-16.450904207500727,28.151769134830566],[-16.4508386403034,28.151604608831946],[-16.45097669017832,28.151457186572596],[-16.451317002188432,28.15150583000774],[-16.451692926462098,28.151464779052233],[-16.451970381389252,28.151583808783897],[-16.452231777217193,28.151539024277895],[-16.452234052504025,28.151389195272316],[-16.45229804684951,28.151360068524482],[-16.452304737190122,28.151154839451216],[-16.45235952152244,28.151055971169882],[-16.452693009852265,28.151061595920016],[-16.453075224245485,28.150884740371094],[-16.453328572602658,28.1509160607728],[-16.45303350134388,28.150689176648957],[-16.453011869146046,28.150591624079023],[-16.453057491441037,28.15053826891741],[-16.453350232960435,28.150594181042948],[-16.453607543661477,28.150777917246895],[-16.453934294991107,28.150677642378227],[-16.454231849457837,28.150684249497814],[-16.45408124829352,28.150478884994158],[-16.453540807118046,28.150161418187505],[-16.453497889859296,28.149998846368522],[-16.453555156137963,28.149853912345492],[-16.453709397305357,28.149761244705836],[-16.453855864463996,28.149765502765838],[-16.45415606177813,28.149880469008725],[-16.45435214138521,28.149801174539753],[-16.45429550091448,28.149727090037327],[-16.454025070677154,28.149643189727303],[-16.453971082338267,28.14955434735347],[-16.454011916075295,28.14941419055341],[-16.45396965540064,28.149134425115054],[-16.454076347782173,28.149052027303917],[-16.45423971821701,28.14907292002542]]]}},{"id":"107","type":"Feature","properties":{"categoria":"Monumento Natural","nombre":"Montaña Colorada","codigo":"T-19"},"geometry":{"type":"Polygon","coordinates":[[[-16.61822711111014,28.14100395503415],[-16.618534255952934,28.140959728155067],[-16.618783713039043,28.140744221955917],[-16.618921285111828,28.140774459582016],[-16.619815800731317,28.1419337605992],[-16.619924950824768,28.14197720749383],[-16.620311264182607,28.14196901127038],[-16.620466948674935,28.142319780357013],[-16.620797231731046,28.1423033827793],[-16.620968278232436,28.142400301262814],[-16.62112890037236,28.142758962179037],[-16.62133425117323,28.14293164600949],[-16.621409250188687,28.14306074679915],[-16.621507738348566,28.1433479778884],[-16.62151446122004,28.14367260293679],[-16.621561168676088,28.143745812158937],[-16.621685501135666,28.14379592790561],[-16.622180984956643,28.143820449483552],[-16.622275127603537,28.143875236134118],[-16.62234126779026,28.14398931519993],[-16.622364752615436,28.14426799345382],[-16.622454259949933,28.144347572611867],[-16.622403982613264,28.144524626475892],[-16.622461484370717,28.144752550893486],[-16.622356981311828,28.145081841251407],[-16.622433473066955,28.145561737703368],[-16.622407839529515,28.145697832677204],[-16.622154597638723,28.14599010348878],[-16.622229243338886,28.14630158674373],[-16.622329702990136,28.147256252571335],[-16.62225372815459,28.147920595032993],[-16.62185824798058,28.148366477945512],[-16.62173524060431,28.148602640493365],[-16.621658171630294,28.14909059136558],[-16.621737579996502,28.14940451830338],[-16.621683120953122,28.149610375299773],[-16.62172409471854,28.149774543786414],[-16.621662701748296,28.14995273074003],[-16.621602572427772,28.150091806063063],[-16.621291059844637,28.150447300059046],[-16.621141700498352,28.15076279761421],[-16.621040261466156,28.150840494672178],[-16.62141599263424,28.150788810444613],[-16.62145520728039,28.150715938049267],[-16.621651467277978,28.150678218397047],[-16.62187359913086,28.15076266245714],[-16.621964232656367,28.150926739212238],[-16.622053863370123,28.151297177139252],[-16.621936037371718,28.151465175271692],[-16.62206675574509,28.151632306082448],[-16.62206871491502,28.152127037575855],[-16.62216364868051,28.15231823770527],[-16.6220598380723,28.15250412011911],[-16.62168626366744,28.152864131498482],[-16.621561745084563,28.153101701665225],[-16.621471943573844,28.15314969515279],[-16.6212392512431,28.15312835258881],[-16.621193202871602,28.153160665890255],[-16.62114172931999,28.1532789621213],[-16.621137751600518,28.153792175066982],[-16.62086957544859,28.154051661027406],[-16.620523591304057,28.154165833752526],[-16.61943025270712,28.154763617210175],[-16.618477669564037,28.155394448547547],[-16.61786530160809,28.155610893752698],[-16.617312465810627,28.155938066031815],[-16.616788338684277,28.157170898356437],[-16.616618392285382,28.157301710425287],[-16.61616898491517,28.15737536127157],[-16.615909940867063,28.157536429018947],[-16.615775817619383,28.157393348309586],[-16.6155357998119,28.156897642953698],[-16.615237337777327,28.15671083308687],[-16.615110422449533,28.156273123865798],[-16.614898998882857,28.155971074261238],[-16.614694627176043,28.155754101898758],[-16.614375585145005,28.155560186179578],[-16.613792253950244,28.154477551244547],[-16.613722791796363,28.154204999536898],[-16.61358646299736,28.1541180694586],[-16.61332481494084,28.15406177546767],[-16.61313320787314,28.153864406102272],[-16.613103428983354,28.15372692553764],[-16.61320305106323,28.15321980534391],[-16.61286189832735,28.153041245123163],[-16.612560386299215,28.15279664999659],[-16.61246632088133,28.15278325403483],[-16.612111960998515,28.153004144834547],[-16.610974910218772,28.152931323869424],[-16.610862138750726,28.152896820487904],[-16.610689677577685,28.15270868964688],[-16.61050032247427,28.15263476231729],[-16.610372027042683,28.15268219043824],[-16.610156891625746,28.152920744095443],[-16.60996341865894,28.152990147002853],[-16.60966853121798,28.15290886698673],[-16.60962353625198,28.152698713662385],[-16.60953726483754,28.15265902419977],[-16.609436864510492,28.152707468410906],[-16.60916290072625,28.15306924566403],[-16.609046660881862,28.15307719952515],[-16.608936692977586,28.152949594699102],[-16.608595603822167,28.15292463020569],[-16.6083455315642,28.152796323632163],[-16.607637402491072,28.152591941801308],[-16.607480518404685,28.152470039703154],[-16.60706640473169,28.15227628325102],[-16.60693570803067,28.152167773369516],[-16.606711208453913,28.151742833068262],[-16.606630568943622,28.151679213249164],[-16.606484724758612,28.15167731374542],[-16.60615687411571,28.15157094367469],[-16.606065740410173,28.15159080253473],[-16.60591624251801,28.151528296474968],[-16.605604042466847,28.15152148716437],[-16.605174126704828,28.151282306051016],[-16.604628027924914,28.151208290513956],[-16.604327870468683,28.151061177055546],[-16.603792715127742,28.151010775060097],[-16.603289630490465,28.150800801422882],[-16.602694580907237,28.150318178844977],[-16.601960415860482,28.15002111256762],[-16.601609045964988,28.149934807476388],[-16.60099032999063,28.149521017695765],[-16.60066167868696,28.149399057030582],[-16.60026937126004,28.149356105154837],[-16.60014239244559,28.149293555137763],[-16.599419999316876,28.148624294079145],[-16.599275074989574,28.148552467315632],[-16.599106430993533,28.14855293787681],[-16.59876687764664,28.148339016271194],[-16.59861983116095,28.148205156698886],[-16.59836049664497,28.14776294556886],[-16.598051160674682,28.14746758761301],[-16.597717927428626,28.147270917759624],[-16.59716163281534,28.147121603526532],[-16.59692981251984,28.146964407567587],[-16.59679055605041,28.14682138480448],[-16.59665243351055,28.14635324486654],[-16.596308227616625,28.146072666112836],[-16.596103789851323,28.145695008150742],[-16.595538852038395,28.14532392242415],[-16.59535872748173,28.145138224767926],[-16.59524543996672,28.144967732152566],[-16.595100732777347,28.144519089064485],[-16.595054994638453,28.143919205259248],[-16.59490171570994,28.14375774274075],[-16.59478403045493,28.143486128866297],[-16.594449643707033,28.143101045675113],[-16.594273097066427,28.142779801037662],[-16.593922306683695,28.142005182917522],[-16.593912141214275,28.141814428108717],[-16.593951192614757,28.14158366980722],[-16.594018986202787,28.141469073849326],[-16.594050933730767,28.141153272869587],[-16.5941781161347,28.140841300591493],[-16.594326514497418,28.140617888894234],[-16.594517615607796,28.140538256280532],[-16.594618370307014,28.140318097260117],[-16.594784482451843,28.140137258190176],[-16.595052506410344,28.139925819587347],[-16.595324285179547,28.139900507710188],[-16.595491260484813,28.139775974755096],[-16.59574900353193,28.139734526054315],[-16.59618393256031,28.139927011633567],[-16.59664176200361,28.14033097707548],[-16.59672272545264,28.14034739797391],[-16.597017328766746,28.1401969537402],[-16.597124931193846,28.1400928488715],[-16.597098641181653,28.13999394181653],[-16.59680951004374,28.13992842271767],[-16.596714059998195,28.139780981045156],[-16.5966648112303,28.13965325336369],[-16.596715193790967,28.139107763523846],[-16.59654800245789,28.138741756164958],[-16.59608283128002,28.138635299683965],[-16.59564764967093,28.138303802021486],[-16.59532060370967,28.13797274065539],[-16.595340930733485,28.137834960559516],[-16.595533449240172,28.13756348039951],[-16.595612483484405,28.137321398799166],[-16.59578265397192,28.137111847464652],[-16.59583891934573,28.13664220879959],[-16.59593319461943,28.136600082442175],[-16.596345351607216,28.136737346499146],[-16.596643801193657,28.1367603851709],[-16.596510422478758,28.136175087349795],[-16.59650829770834,28.136114183258336],[-16.59660281144349,28.136038750844158],[-16.59754261856071,28.135840398995086],[-16.59789493296275,28.135890090063107],[-16.59836809838396,28.13561054990944],[-16.598471802554208,28.135511020188655],[-16.598802665935747,28.134632361028412],[-16.599467178123362,28.1342364164451],[-16.600030622368305,28.13375850013598],[-16.600273314869398,28.13331373158239],[-16.60041892100578,28.133164825801078],[-16.600515515472427,28.133227913240468],[-16.60108189624936,28.133312269111716],[-16.601321213174483,28.1333315451462],[-16.60144503013969,28.133285953602044],[-16.601517876205925,28.133161497281563],[-16.60154308934162,28.132847775635533],[-16.601903256363066,28.132287343438218],[-16.60238454671621,28.131919378574946],[-16.602732351805532,28.13178322944451],[-16.60310995659233,28.131725839191752],[-16.60349857008297,28.13173895050673],[-16.603759179393748,28.13185067694889],[-16.604378783165817,28.132362013031297],[-16.604730180909375,28.132850221731175],[-16.60515779535553,28.133140982492176],[-16.605360417551847,28.133037076390064],[-16.605394019771307,28.13295280800562],[-16.605329601510466,28.132640135979358],[-16.605409307920976,28.132308117725216],[-16.606060417478773,28.131841414888008],[-16.606179232216302,28.131844406638095],[-16.60650057818675,28.132021632785484],[-16.6067721106903,28.131863943334654],[-16.606887282840823,28.13190673751101],[-16.607175919536747,28.132272767992536],[-16.607641885414875,28.13241879328381],[-16.60769482526965,28.132502453053494],[-16.60767805470996,28.133256688927187],[-16.60778836844119,28.133417039341968],[-16.607952312192634,28.133532008826258],[-16.608668749976463,28.133488284764763],[-16.60920209787341,28.133125726817823],[-16.610016300988597,28.133119295076483],[-16.6102364498934,28.133425727987497],[-16.610787959697383,28.133675284664903],[-16.610922126593156,28.13365604971626],[-16.610975904349008,28.133589200727805],[-16.6108802756356,28.13318860966705],[-16.61109053866964,28.132930099570086],[-16.611327986648657,28.13273001226003],[-16.611646258813696,28.13279554596693],[-16.611780094132044,28.13275424184994],[-16.612000708276227,28.13252209539763],[-16.612183892604865,28.132118225318486],[-16.612598500554242,28.131882651977627],[-16.613063892868876,28.132023995317503],[-16.613273268780212,28.13203918845691],[-16.613822128779496,28.131560569168194],[-16.614129046957082,28.131542726205208],[-16.614327410907478,28.13160298759564],[-16.61445857205697,28.13199060594059],[-16.6145728789867,28.13203271185731],[-16.61467192640274,28.131996229276744],[-16.614888924826978,28.131779634344586],[-16.61539068010256,28.131775865185308],[-16.61574031350843,28.131534461706348],[-16.616209536874223,28.131589632448065],[-16.61628587511284,28.131699093315394],[-16.616253636040273,28.131808050596327],[-16.615809565897496,28.13195491836631],[-16.61541309774658,28.132274433598806],[-16.615365229162496,28.132403016861446],[-16.615380337471247,28.133078249312103],[-16.61534242632708,28.133206715186432],[-16.61406442059132,28.13365880441198],[-16.61383464476314,28.13394403537783],[-16.613842230288576,28.134173569275404],[-16.614060051429586,28.134696251328137],[-16.614784420396383,28.135513218921854],[-16.614825973368553,28.13562750486728],[-16.61448836226103,28.13635986683067],[-16.61446657744994,28.136567602508062],[-16.614538252040933,28.13669801633757],[-16.614654909866438,28.13676396005699],[-16.615226336698825,28.136938043497427],[-16.615233504224953,28.137139607073625],[-16.61484508883113,28.137234138106848],[-16.614706130921885,28.13733283206956],[-16.61469935688955,28.137478650035916],[-16.61475053786927,28.137570750266327],[-16.61486611625385,28.13764001931026],[-16.614970611133963,28.13763437330975],[-16.615534453454345,28.137376103243092],[-16.615677124929434,28.137259645473122],[-16.61605595377945,28.13661949805789],[-16.61599282687592,28.136395105855062],[-16.615792473114443,28.136318008523837],[-16.61575138244076,28.136234618587828],[-16.615769046706998,28.13608431915199],[-16.61593894089569,28.135790962328603],[-16.616243664602152,28.13552250175003],[-16.616746410789908,28.135507742102362],[-16.617842052815362,28.135862781568388],[-16.618309533766002,28.13644018388722],[-16.618285913335704,28.136792432895053],[-16.61887105342916,28.1369884414611],[-16.618995671351392,28.13711502628303],[-16.61901374393835,28.13726133527622],[-16.618810068479686,28.137417141333852],[-16.618604265743393,28.137424030964052],[-16.61819595990157,28.13728342300684],[-16.617413715746142,28.137235538891222],[-16.617187073419363,28.137415367779067],[-16.61716052094857,28.137573331710925],[-16.61720829509689,28.13772675422107],[-16.61740552754437,28.137835191351943],[-16.618139110934266,28.137847278877132],[-16.618490701611282,28.137949579450204],[-16.61911162549422,28.138453451699043],[-16.619360769894644,28.138815510571003],[-16.619596473266462,28.139401199080893],[-16.61969079987966,28.139526717785994],[-16.619863208812543,28.1395358531671],[-16.620091237583082,28.139332033004745],[-16.620352371370974,28.139373639348804],[-16.62069085760195,28.139250451364],[-16.620871443821102,28.13924459068162],[-16.62131731630612,28.139969457914976],[-16.621292573105492,28.140478304438542],[-16.62148784645344,28.14079724894542],[-16.621552564801537,28.141054425240213],[-16.62164580911945,28.141097875301348],[-16.621798933785826,28.14107730341974],[-16.621876763491002,28.140975550177746],[-16.621965133198938,28.140695457507757],[-16.622072516050334,28.140623838385423],[-16.622199967768953,28.14065515845037],[-16.622244477244905,28.14080001705562],[-16.62220149159953,28.140931842026333],[-16.621822565860384,28.141241168721983],[-16.621481754998833,28.141270996765066],[-16.621366680030413,28.141183251280204],[-16.621316034200536,28.140982186673615],[-16.620935829445727,28.14085536920506],[-16.6208131868098,28.14054052053225],[-16.620716980932922,28.140445206860104],[-16.620537439217696,28.140409994372817],[-16.620321962906754,28.1405525533419],[-16.62016797194678,28.140815727436518],[-16.620065125286928,28.141212084514052],[-16.619908230583707,28.14128238921772],[-16.619713433010894,28.141166461055267],[-16.619360617837973,28.140812826629645],[-16.61904551963066,28.140399629926858],[-16.618808892361827,28.140302862753902],[-16.618641469829655,28.140373290384527],[-16.61847502731867,28.140742395613234],[-16.618068214950256,28.140765868613904],[-16.618049402679095,28.140915435478252],[-16.61822711111014,28.14100395503415]]]}},{"id":"110","type":"Feature","properties":{"categoria":"Monumento Natural","nombre":"Caldera del Rey","codigo":"T-23"},"geometry":{"type":"Polygon","coordinates":[[[-16.71957494557069,28.08681596350522],[-16.71919035174716,28.08724997231285],[-16.71877233762953,28.087320613944613],[-16.718622067897552,28.08742877396181],[-16.71844566182282,28.08763128271331],[-16.718084176745535,28.088302092431547],[-16.717970280595782,28.088381187254278],[-16.71623985415435,28.089110022094303],[-16.71565533899164,28.089427998576518],[-16.715510181955448,28.08956879767574],[-16.714897118633683,28.089829901110996],[-16.71410264307931,28.089952516408655],[-16.712589119142645,28.089815326372456],[-16.712104859844178,28.089676837456757],[-16.711579376446437,28.089608244776077],[-16.710402973566527,28.0897790046163],[-16.709916243378487,28.089484452578045],[-16.709523638873648,28.08896325592032],[-16.709318073782217,28.08832410003978],[-16.709317930192565,28.087952937395873],[-16.70917489386234,28.087734531190627],[-16.709157109078674,28.087549233653448],[-16.708999954737028,28.087338712462415],[-16.708708412935504,28.08676500346459],[-16.708090617124867,28.086420038946024],[-16.70796308523463,28.086333020012557],[-16.707882933992927,28.08620486204654],[-16.707800377654525,28.085978100438375],[-16.707750542323833,28.085221167629467],[-16.707594418992983,28.0848853978633],[-16.70736347641852,28.08459297626995],[-16.707741959519556,28.08338000652163],[-16.708286801749626,28.08216849322741],[-16.70894967658109,28.081117483122995],[-16.709123780931552,28.08100183114747],[-16.709299278352802,28.0809661837893],[-16.70958175629081,28.08072525867767],[-16.709687393318443,28.08059072155958],[-16.709721777527157,28.080384408241148],[-16.709878203746566,28.080162585154188],[-16.711019329179102,28.07899934196919],[-16.7123428318701,28.078375405013794],[-16.712893446254945,28.078231502709404],[-16.714212256040593,28.077180141512187],[-16.71467452562857,28.07664496312606],[-16.715903809593243,28.074603030375943],[-16.716436288428547,28.07395267682811],[-16.717139546304097,28.073219095452078],[-16.717632215871188,28.072777783727155],[-16.718244122296966,28.072566737459677],[-16.718478144073984,28.072147396978462],[-16.71882113827954,28.071737142124242],[-16.718825686127683,28.071665544586],[-16.718715484903043,28.071608136488546],[-16.71871063109498,28.071521779910046],[-16.718847313221254,28.071039917066468],[-16.718980074294496,28.070930380756177],[-16.719120297946958,28.07097037351039],[-16.719170952721743,28.07105312020983],[-16.719208841423075,28.071380151009933],[-16.719297666904236,28.071520070649687],[-16.719440446319478,28.07200031187275],[-16.71996000826132,28.07254034099499],[-16.720237012109106,28.072626125244263],[-16.721006643083673,28.072505107589965],[-16.721171362773646,28.07257460925601],[-16.72164792894144,28.072981430641033],[-16.7219692732258,28.073391010403913],[-16.72228576859598,28.073974830984746],[-16.722661479873704,28.075128665505463],[-16.72259769521887,28.075694041737805],[-16.72204607969986,28.07730640685614],[-16.7216647026179,28.07812253215313],[-16.72113954077572,28.078938655259673],[-16.72058522413688,28.080095812300147],[-16.720612699956728,28.080740682281103],[-16.720382186679892,28.08279901021827],[-16.720315026466025,28.083946701389394],[-16.720235928901285,28.084196284261136],[-16.71994563356756,28.084564295606416],[-16.719456804667047,28.085356501713342],[-16.719260252558655,28.085855208650997],[-16.71922829609088,28.086162185206533],[-16.71957494557069,28.08681596350522]]]}},{"id":"111","type":"Feature","properties":{"categoria":"Monumento Natural","nombre":"Montañas de Ifara y Los Riscos","codigo":"T-17"},"geometry":{"type":"Polygon","coordinates":[[[-16.52293504077345,28.08760091759806],[-16.527699699512766,28.08750595514771],[-16.529011393893082,28.085966416444595],[-16.52876621466316,28.085707012563358],[-16.528712419063268,28.085494251946244],[-16.528926368162708,28.084706749662615],[-16.528869737584586,28.08455963521141],[-16.52861517414596,28.084462831510763],[-16.528300525970913,28.084463539042893],[-16.527855396518845,28.08455640413258],[-16.52760929337465,28.084546779817728],[-16.527543046807157,28.084503834550745],[-16.52746616033389,28.084003962056276],[-16.527258746277436,28.083671970702042],[-16.527145961581866,28.083108958771785],[-16.526863814344836,28.082522289683823],[-16.5262625503684,28.08263421565911],[-16.526051927680395,28.082607406489736],[-16.525512731730903,28.082308524893907],[-16.525115748793674,28.08192656102896],[-16.52445242453423,28.080948720210202],[-16.524590928653808,28.0810694483563],[-16.52467651263152,28.081077513725692],[-16.524749243657645,28.08102504412069],[-16.524829432014208,28.080724672212778],[-16.525007163010418,28.080642849226248],[-16.52538897725647,28.080688506423673],[-16.525670881927383,28.080810464099155],[-16.52583413718578,28.080739108018772],[-16.52591468439996,28.08037509349444],[-16.52589672872069,28.08010769919427],[-16.52596557863778,28.07997082149569],[-16.526297112611722,28.079717978897378],[-16.526954130244746,28.078790692244002],[-16.527365305685873,28.078622711180287],[-16.527462572963948,28.078535354691375],[-16.52764062986256,28.078075026806868],[-16.528127924460364,28.07753449424077],[-16.528205784145428,28.07735365173969],[-16.52823517869346,28.07710902498131],[-16.528338104272763,28.076961477713386],[-16.52945505097488,28.076059995449196],[-16.52968718173338,28.075756375012524],[-16.52996119870903,28.07552271235142],[-16.53015013848086,28.07545507229261],[-16.530809245846562,28.07547363309729],[-16.530850788709145,28.075425244833685],[-16.530785162298645,28.07536830468432],[-16.53052034999683,28.07527924462265],[-16.530291992283825,28.07512736692219],[-16.530581925760696,28.075156002037648],[-16.53123515669284,28.07503372199497],[-16.531345375060788,28.0749609839119],[-16.531693168913453,28.074405244880296],[-16.531823521615834,28.07433378893957],[-16.533523050577525,28.07391736532999],[-16.535206539097107,28.074309522003208],[-16.536714854626496,28.07500036479522],[-16.53693652159021,28.075199879250732],[-16.53735996475203,28.07573896900755],[-16.537865071225145,28.076172258244213],[-16.538185500593965,28.076545467045626],[-16.53827416409637,28.07688123683278],[-16.53827676721536,28.077318829852615],[-16.538389146142023,28.077793441671137],[-16.53936727790072,28.07867870899819],[-16.53993953527795,28.07898844633775],[-16.5403397570965,28.079275139379835],[-16.540952914189596,28.07947271526653],[-16.541602995860927,28.080132706674412],[-16.541622925693343,28.084162634955852],[-16.541341275691572,28.08430113466553],[-16.539633870206664,28.085459757590765],[-16.53947100107107,28.085492361758337],[-16.5393231828703,28.08538156442053],[-16.539165384617068,28.085398677964374],[-16.538222700881505,28.08595366049285],[-16.5375135001223,28.086299970074563],[-16.53763636344597,28.086806517834123],[-16.537287771265145,28.086903589970962],[-16.536993211966386,28.087093354390152],[-16.536605057817514,28.08697811651626],[-16.536377740935922,28.087080392720406],[-16.53628904013966,28.08721189282349],[-16.53624012766196,28.087457569437543],[-16.536570933327447,28.09059309264869],[-16.53852043558606,28.092175263394516],[-16.538355381826612,28.092318749412172],[-16.53760628219072,28.092472005401373],[-16.5370931744503,28.092816928970237],[-16.536928782313513,28.09310063286545],[-16.536925801920138,28.09319146132987],[-16.537117355777724,28.093421176236475],[-16.537146561036522,28.093542330217687],[-16.537020660182968,28.093541845735015],[-16.53656984854506,28.093309258963767],[-16.536261544981066,28.093271285899647],[-16.53611372222121,28.09308353528441],[-16.53613780622055,28.093472637504075],[-16.536308257823375,28.09386861130648],[-16.536074744250595,28.09443512174969],[-16.53569184256891,28.094530511217943],[-16.535513812829752,28.09452939961496],[-16.535475062971237,28.09447762171749],[-16.53561450956859,28.094188458602847],[-16.535539455537496,28.09396356564],[-16.53535071735147,28.093834269192563],[-16.534989348015987,28.093764134249017],[-16.53491013744797,28.093798468632237],[-16.53488656141396,28.093874635718368],[-16.53493825768775,28.09419685819703],[-16.534892868214964,28.09435791821896],[-16.53449081326647,28.094749604604903],[-16.533544064150398,28.095227869112133],[-16.533107277677985,28.095382717352052],[-16.53272643875546,28.095421017296783],[-16.532309517540092,28.095293643588494],[-16.532093139679226,28.09530845253062],[-16.531848582674126,28.094982317793463],[-16.531617618071127,28.094498772814926],[-16.531453124014714,28.094293341978634],[-16.53078652760423,28.093862032748845],[-16.53035686928569,28.093752367380034],[-16.52990727503537,28.09419529372354],[-16.528842884312077,28.095027306187898],[-16.52850387847174,28.09549754272315],[-16.52819584743712,28.09556673390915],[-16.52800320611936,28.09553223710592],[-16.52780505855143,28.095425147104173],[-16.52675782450594,28.095255217452273],[-16.526450501893866,28.095006288401976],[-16.524969203521533,28.094418877217727],[-16.524437298065134,28.094366305345225],[-16.523803290516753,28.09454988672048],[-16.522458602200743,28.094323660416578],[-16.522186244271882,28.094214858623477],[-16.521985519235606,28.09406157857014],[-16.52162283845026,28.09365341282706],[-16.521478287577636,28.093566025935164],[-16.52159543123001,28.093434111057267],[-16.521835328502487,28.093308289198564],[-16.521932043171503,28.09311633816914],[-16.521811656325198,28.092663362753957],[-16.521587022322297,28.09232999283413],[-16.52159571016837,28.09223233197475],[-16.521836143698405,28.091759459850792],[-16.5217068161074,28.091408416904745],[-16.521701236356133,28.09110735558848],[-16.521645013737356,28.090890611685687],[-16.521721794397454,28.090630442351504],[-16.5219048232061,28.090370962509283],[-16.52197739075872,28.090277520754213],[-16.52221921046761,28.090131947540172],[-16.52232613597452,28.08998806049153],[-16.52227630834842,28.089789657668746],[-16.521924718064277,28.08951234557435],[-16.522009462451273,28.08911703171587],[-16.522290115802505,28.08858779125945],[-16.52293504077345,28.08760091759806]]]}},{"id":"112","type":"Feature","properties":{"categoria":"Monumento Natural","nombre":"Montaña Pelada","codigo":"T-18"},"geometry":{"type":"Polygon","coordinates":[[[-16.514889425326437,28.062095451682563],[-16.51519805876563,28.061796010689253],[-16.51532152756119,28.061771506525382],[-16.515628721441274,28.061971467309526],[-16.515932481028017,28.06177004971969],[-16.51577754662382,28.06151060043],[-16.515831573089898,28.061319224021133],[-16.515959779623262,28.061261895598918],[-16.516046677486074,28.061069686767937],[-16.51591066529352,28.06099853402144],[-16.515728910731244,28.060708495721418],[-16.515529009578536,28.06054052807148],[-16.515575093267724,28.060317478887693],[-16.515403814303117,28.060235162384544],[-16.51539434575815,28.06018538327109],[-16.515515879604752,28.06003106930415],[-16.51535841247882,28.059787360645338],[-16.51545408339467,28.05930815441442],[-16.51595482790446,28.05972224561405],[-16.516410200769965,28.05995018988946],[-16.516897146826352,28.060110065813536],[-16.517634988974716,28.060255252821296],[-16.518200233886752,28.060230861439354],[-16.51837000638259,28.06014143695314],[-16.51864745760974,28.060126905516018],[-16.518789583279556,28.059981557894954],[-16.519022723930107,28.05994161294508],[-16.519150436536265,28.05984940377289],[-16.519300018190815,28.05992320100339],[-16.51941412800678,28.059847658691133],[-16.519353548906736,28.05969273065627],[-16.519495360447507,28.059691522042325],[-16.519602553941926,28.05960892604276],[-16.5196713685254,28.059799593774223],[-16.51984895820232,28.059817573908788],[-16.519952231557436,28.059781772800143],[-16.520202607570383,28.059462839335925],[-16.520553293563697,28.059410940063373],[-16.52081031326632,28.059202764293325],[-16.520845340974773,28.059125299028697],[-16.520800637530073,28.059035810692723],[-16.520614892377424,28.058987686887342],[-16.52060864490577,28.058919704309172],[-16.520899948884406,28.058689758348148],[-16.521125480503784,28.058413157071904],[-16.52129366563353,28.058341436532924],[-16.521531804827138,28.05776963541567],[-16.521535283330483,28.057637365221886],[-16.521839657802442,28.057760040623556],[-16.522092777052816,28.058016372658578],[-16.521927825317164,28.058448976339868],[-16.5222472515397,28.059119056799705],[-16.52238562512694,28.059141078699295],[-16.52269291972122,28.0593442355115],[-16.522971518000546,28.059362201297304],[-16.523813940292186,28.059210792488535],[-16.52416699100557,28.059232956548612],[-16.524219970700273,28.059353579785466],[-16.52416918540271,28.059842780221956],[-16.524191458968268,28.06008017236822],[-16.524328269828207,28.06084933425232],[-16.524567558192842,28.06138197472144],[-16.524643065493223,28.06143339328697],[-16.524685185064403,28.061772010577805],[-16.524792957583635,28.06194680919632],[-16.524704689024414,28.062144634115292],[-16.524681114236614,28.06254318781805],[-16.524576448683483,28.063057084521255],[-16.524683529525525,28.063391821292836],[-16.524710951514884,28.06367662970835],[-16.524840979330385,28.063698019609667],[-16.524944745911515,28.063776290520938],[-16.524961817117518,28.064178273522963],[-16.524840410566785,28.064859813920396],[-16.52487857868016,28.065294559431255],[-16.524778256222987,28.06586391420877],[-16.52380262949143,28.067755555886798],[-16.523771704151873,28.067908057893757],[-16.523815724163573,28.068030348762917],[-16.524190839578367,28.068183068517833],[-16.524014315269405,28.068300320932686],[-16.523933295994397,28.068441932072346],[-16.523791205598833,28.069015450300533],[-16.523111533456962,28.070914270670702],[-16.52303025605011,28.07132851861624],[-16.523324720815687,28.07155005541051],[-16.52418857369488,28.071874993767683],[-16.52424159761631,28.071940941190125],[-16.524283168507157,28.072228803566574],[-16.524541391123147,28.07266682421033],[-16.525164205365634,28.073511532291555],[-16.525302813702677,28.07363524633726],[-16.5249702746863,28.073718582258877],[-16.524551259708307,28.073748328551012],[-16.523858257031105,28.073687161798254],[-16.523473183156042,28.073713730024753],[-16.523070462112067,28.0735496958392],[-16.52240584143673,28.073502286326057],[-16.52223373399595,28.073448960001453],[-16.52202661158977,28.073322645191794],[-16.5218265831568,28.073107621811193],[-16.52161318464419,28.07304852502923],[-16.520780013729045,28.07306994487783],[-16.52012981883248,28.073150705811834],[-16.51965302358592,28.07312376571903],[-16.518504348470373,28.072778983840415],[-16.51802380756642,28.072507219704],[-16.517323469527895,28.072314329499736],[-16.51694131083133,28.072149869018148],[-16.516809525413226,28.072011251009105],[-16.516671764205537,28.071628290293848],[-16.51660966533227,28.071589986708897],[-16.516297544063665,28.071652100894646],[-16.51618901924738,28.071626404131376],[-16.515836622171427,28.071360093584225],[-16.51548867351423,28.071232255283892],[-16.515389731013492,28.07104391304107],[-16.515268752751698,28.07095515695263],[-16.515208931953488,28.07077458672511],[-16.514983699662185,28.070518395268046],[-16.514864901729425,28.07017810293431],[-16.51462321256597,28.070069486843398],[-16.51445488026422,28.069798604820814],[-16.513962286727732,28.06951246382871],[-16.513276356683612,28.068826152901597],[-16.513204276122462,28.068732469330595],[-16.51316230200814,28.068497792299155],[-16.512824616650136,28.067918525482707],[-16.512348021060486,28.067510331353155],[-16.51179599002488,28.066873034106486],[-16.511712265100137,28.066677093248074],[-16.511110813179084,28.06580493549737],[-16.510737740841353,28.06556616743871],[-16.510254926417847,28.06548902422699],[-16.509777928216398,28.0653453338357],[-16.509516330067907,28.065097483960717],[-16.50951879964664,28.064997545029904],[-16.509654030107274,28.064976292009803],[-16.50975912029196,28.065098965342496],[-16.509957604623764,28.065104453629303],[-16.510259664506673,28.06529887803489],[-16.510359331477922,28.064786309010433],[-16.510553834897898,28.064659978406734],[-16.510635355824082,28.064661518111862],[-16.510820769948953,28.064772837047258],[-16.510921611519354,28.06500629850279],[-16.511014857827938,28.06500229363322],[-16.511061741985184,28.064877136034298],[-16.511166379227603,28.064901887103588],[-16.511506137720218,28.06507811353674],[-16.511602113320333,28.06528364912756],[-16.511915695405776,28.065268823269726],[-16.51236288883002,28.065029957060165],[-16.512369263850985,28.064983857038154],[-16.512233079631798,28.064857015636914],[-16.512211499530178,28.06476185440948],[-16.51228197806195,28.064686888738745],[-16.512605806080934,28.064808052203524],[-16.512650548249145,28.06475530179923],[-16.512473686687592,28.064557337109203],[-16.512507826671843,28.06433601796413],[-16.512724682210898,28.064236694913074],[-16.512786168840176,28.064275277963354],[-16.512888988419963,28.064257447650142],[-16.51325176662582,28.064086838905645],[-16.513357609572846,28.06408874064281],[-16.513357119238268,28.06392303886183],[-16.513036565043286,28.06381754529647],[-16.513511650670782,28.06387070226883],[-16.51376562088174,28.063784416285056],[-16.51446625340318,28.063922899935758],[-16.514546209478596,28.0638709337173],[-16.514576081825464,28.06371563724189],[-16.514110856585045,28.063560207151077],[-16.513802615303707,28.063396726434984],[-16.513645427431793,28.06329575030173],[-16.51364177890098,28.063216908135367],[-16.513689653572648,28.063126396505428],[-16.513823792558842,28.063100097243172],[-16.51393529903401,28.062990742609657],[-16.514074837791068,28.063110144495806],[-16.514352120780114,28.06306123643538],[-16.514579929149463,28.063170096969593],[-16.514686510344067,28.06316666454816],[-16.51472286839633,28.06307483559381],[-16.514605712991745,28.062904644917488],[-16.514567679393128,28.06273186629948],[-16.514623020749735,28.06239027435993],[-16.514843626320463,28.062239551937832],[-16.514889425326437,28.062095451682563]]]}},{"id":"113","type":"Feature","properties":{"categoria":"Monumento Natural","nombre":"Derriscaderos","codigo":"T-16"},"geometry":{"type":"Polygon","coordinates":[[[-16.53665127764464,28.119152952672323],[-16.537259804008833,28.119593270934505],[-16.537552394221024,28.11973075636145],[-16.53772526014868,28.11996768756761],[-16.53791754251454,28.120085738729156],[-16.53819344605547,28.120127715537734],[-16.538325968593536,28.120212636837238],[-16.538603880735288,28.120690386745192],[-16.538685626119804,28.121150220644825],[-16.538764383126587,28.121325907871487],[-16.538883039132454,28.121434116106066],[-16.539203738272754,28.121599361030334],[-16.539668594745947,28.121753004047555],[-16.539886340104243,28.121932842358678],[-16.540009388721796,28.121947263317956],[-16.540325531110565,28.121885407664426],[-16.540665631951505,28.121678687503646],[-16.540843284159724,28.12166166353242],[-16.540932706219404,28.121694467145822],[-16.541426464318636,28.122129738891378],[-16.541540838976353,28.12263645118454],[-16.541841551175644,28.12290336793796],[-16.541988195404127,28.123399806952346],[-16.542166505237613,28.123631944426457],[-16.54233491285272,28.12400859793244],[-16.542386832517348,28.124296615857197],[-16.542550734558496,28.124631487433273],[-16.542530773225327,28.12480441124949],[-16.54227405006544,28.124768401083404],[-16.542213023617208,28.12469048636906],[-16.541498490784214,28.124362602219584],[-16.54112956012265,28.124280755065328],[-16.54069464758766,28.123786965703633],[-16.54040046061131,28.12363757624792],[-16.5401681070468,28.123621173790433],[-16.540019273817048,28.123688332165774],[-16.53940560142026,28.12371514241824],[-16.53901417656408,28.123573480900028],[-16.53868380478954,28.12333323501004],[-16.53832183994589,28.12319224405123],[-16.538234685049378,28.123199668971154],[-16.5380930592001,28.123372143813654],[-16.538011716155193,28.123357641310786],[-16.5375281277365,28.122777016645408],[-16.53722919117123,28.122543897083858],[-16.536952332117846,28.12223339890523],[-16.53697983348029,28.12213027410655],[-16.536932444255523,28.12205883756054],[-16.53659977794742,28.12189806259787],[-16.536460616818392,28.121894496118276],[-16.53628470715803,28.121752522894752],[-16.535985199349206,28.121351833668236],[-16.53595937515272,28.12116704976193],[-16.535865561554576,28.121090988547177],[-16.535173971187454,28.120959953143267],[-16.534875420976718,28.120752527902326],[-16.53472225204284,28.12057945836986],[-16.53472026504887,28.12044067109203],[-16.53428589066222,28.120449414436404],[-16.534055559868985,28.120627444616087],[-16.5340370787377,28.12036399452112],[-16.534100392628627,28.12019346539875],[-16.534604227562895,28.119753292559267],[-16.53456685724006,28.11949953058929],[-16.534639295926343,28.119223564482432],[-16.534578296191867,28.119053271524482],[-16.53421076218977,28.11863120023018],[-16.533996362623302,28.118151800284043],[-16.533577787037547,28.117928142538176],[-16.53334637309281,28.11774646991027],[-16.53313458469114,28.117446625294868],[-16.532916184766595,28.116989623871984],[-16.53255571989452,28.11658765827063],[-16.531859494250487,28.11618050865736],[-16.531512632750406,28.115893650695938],[-16.53107966011403,28.115799190011955],[-16.530567548754977,28.115287990828943],[-16.53008146308747,28.115027187071426],[-16.529835157535057,28.114617387212462],[-16.529444337638754,28.114145877224523],[-16.52943144011058,28.113825206115873],[-16.529057836680277,28.11355665436033],[-16.528458367000912,28.112934885520048],[-16.52829397728994,28.112882087602756],[-16.527893436012633,28.112621459156795],[-16.527150049178527,28.11189505944777],[-16.526547217256372,28.111709343002843],[-16.5259267185952,28.111320289602023],[-16.525262026433417,28.110777968825786],[-16.524465504146768,28.11027100062082],[-16.523960813672915,28.109820523191495],[-16.52304276120173,28.109238822126674],[-16.522532514052703,28.10898728383427],[-16.521931282081077,28.108809389657804],[-16.52173969858186,28.1085571990631],[-16.521517985037413,28.10844984774028],[-16.521270187466936,28.108378110745665],[-16.520783942247803,28.10839372123602],[-16.51998462182945,28.10798084631693],[-16.518990307203534,28.107253994777746],[-16.518629592771227,28.106896920743054],[-16.517136270938575,28.106093404383376],[-16.51688852805376,28.105594514135625],[-16.5163937032532,28.105200487101826],[-16.516281906331344,28.10491270328674],[-16.516017817686073,28.10451979658269],[-16.515080043816095,28.103911163072137],[-16.514436058585215,28.103676513156525],[-16.51427274366379,28.10366978761111],[-16.513963030402525,28.104144206474096],[-16.513994009685263,28.104396918486632],[-16.51393129644715,28.104453189231428],[-16.5137117313048,28.104500631707335],[-16.513516533996647,28.10447126953535],[-16.513125524593587,28.10462909747845],[-16.512976831597758,28.104613445426413],[-16.5126172972107,28.104003242362975],[-16.512277939687145,28.103649886161993],[-16.512369908590603,28.103349968738243],[-16.512083120503277,28.10314726181063],[-16.51164403005979,28.102381486618963],[-16.511705161432825,28.101891464442915],[-16.511439743262933,28.101653222068393],[-16.51136155572192,28.10150880181446],[-16.511336690892254,28.10128660862837],[-16.511213144760916,28.101130196960174],[-16.51078527910453,28.100786792079397],[-16.51050755246241,28.100634451770464],[-16.50960782631882,28.10054558427193],[-16.509079725025458,28.10057026839264],[-16.508828200060627,28.100470335660823],[-16.508641111634038,28.10022770586006],[-16.508544608424398,28.099661998515344],[-16.508370208467223,28.09949756026556],[-16.50807454707141,28.09937523202854],[-16.507964598246005,28.099251772907575],[-16.50794884288522,28.099086546373783],[-16.508048979903272,28.098842427004637],[-16.50772431604348,28.098659847264756],[-16.50746165209713,28.098197293734458],[-16.507128097689613,28.098002472453313],[-16.506835242121138,28.097921040810505],[-16.50664219081365,28.09778787057895],[-16.506368300457428,28.09773434376143],[-16.506089906021938,28.097567434348218],[-16.505395427899458,28.096825515216],[-16.505323873654525,28.096258556208635],[-16.50494587821075,28.095991165222774],[-16.504655235953567,28.095636703293092],[-16.504482790186998,28.09599892608349],[-16.504303445702924,28.096132213136244],[-16.504180904192843,28.096313785828677],[-16.50414713446363,28.096186789328844],[-16.504176048882563,28.096053202769095],[-16.504326265694292,28.095914134157006],[-16.504409252015034,28.0957563439814],[-16.504459087703776,28.095305085539188],[-16.50454961739607,28.095124847533462],[-16.506091737951348,28.09403957458898],[-16.506707145187992,28.09346138927307],[-16.507252683436374,28.092786702081746],[-16.507546396740704,28.092340605832796],[-16.507666718463454,28.09258858368802],[-16.50793063345102,28.092809209848813],[-16.508481914363887,28.093069780775497],[-16.5086555602723,28.093201187204762],[-16.509218842319505,28.09429277106435],[-16.509672309340875,28.094685323402487],[-16.509903129466977,28.095174180531043],[-16.510533756630412,28.095332871450616],[-16.510957031115456,28.095518678709745],[-16.511140916987443,28.095663616622584],[-16.5118041816425,28.095950808550604],[-16.51200329456158,28.096112321590965],[-16.51213162042693,28.096358571884707],[-16.51237307364906,28.096567429439716],[-16.51322108573568,28.097059043817342],[-16.513688480187643,28.097265405963864],[-16.5139674272267,28.097334192049946],[-16.514037315285307,28.097453012109245],[-16.514369383082958,28.097674526520425],[-16.515310426342364,28.098109375968274],[-16.516150950500652,28.098249594851445],[-16.516995817192495,28.098328630344415],[-16.517631074790604,28.098470875387214],[-16.518164544329263,28.098784841764232],[-16.519846201919364,28.099166865516246],[-16.521076554006246,28.099970925431087],[-16.52260878080119,28.100282988486388],[-16.52293162078843,28.100678867161914],[-16.523304538024163,28.10150695559739],[-16.523606238118344,28.102041426262023],[-16.523879057970465,28.102303831264702],[-16.5241398045693,28.102734512565366],[-16.52490859369831,28.103391226236827],[-16.52533206394655,28.104164774300543],[-16.525787429144906,28.10443407968579],[-16.5263485067047,28.10503821221844],[-16.526608494694955,28.105059722722604],[-16.526989715001687,28.104955206445474],[-16.52762792489469,28.105206629798232],[-16.52772961200383,28.105301734395848],[-16.527890934541276,28.105796864392858],[-16.528074739666767,28.10598940306005],[-16.529152268471396,28.106565393413817],[-16.52955741594007,28.10699643847396],[-16.529741021792944,28.10707701743043],[-16.52985958271903,28.107190343799445],[-16.529979377813785,28.10739492066539],[-16.530774134614198,28.107895631044155],[-16.531295443707513,28.10831449816397],[-16.531492566305843,28.108593968754178],[-16.53204881154118,28.109133607862848],[-16.532493686044518,28.10904968269783],[-16.532950248800084,28.10926736978549],[-16.533553623363503,28.109406354995713],[-16.534219193470722,28.109659850074717],[-16.534208029526187,28.109721518791538],[-16.534581188197826,28.11004330211081],[-16.534791040473323,28.11041173225858],[-16.534909695056022,28.110404474382584],[-16.5358704489675,28.109931726919854],[-16.535936278108462,28.109968309292938],[-16.535958292930097,28.110064597683337],[-16.53578266365238,28.11028807382274],[-16.535757400858504,28.110433204412203],[-16.535870120424953,28.110628080432303],[-16.536028831324835,28.110748821458607],[-16.536453829901056,28.11074920408161],[-16.537549605072467,28.1109209832097],[-16.538004139049896,28.111085841353503],[-16.538253940762598,28.111318266200758],[-16.538645721996307,28.11122273242006],[-16.53892674865156,28.111270788166802],[-16.53855875637742,28.11132499055959],[-16.538376304271516,28.111515919889253],[-16.538139395022753,28.111542179065264],[-16.53794646241131,28.11143382815294],[-16.537874664904493,28.111270832761146],[-16.5372223216067,28.111253021608153],[-16.537231193948582,28.11150399784194],[-16.537361901238352,28.111625899578154],[-16.53751575349572,28.11188606241144],[-16.53793774376567,28.11215899386012],[-16.538252532862654,28.112243865582272],[-16.53834242428746,28.112319436935937],[-16.538351147649085,28.112422841520615],[-16.538276557557165,28.112452983652435],[-16.538056274744555,28.112385499640475],[-16.537806470100392,28.112484782487005],[-16.53781009274107,28.11258815407538],[-16.538043634525035,28.112929227940864],[-16.537984111788994,28.11298023893655],[-16.53775326854802,28.113058045341294],[-16.537559908292693,28.113059744606694],[-16.537376943332937,28.11314010913565],[-16.536971881853162,28.113070146480467],[-16.536781648436154,28.113094824189236],[-16.536502868470492,28.113146811858417],[-16.536256476418362,28.113270070122006],[-16.53603917370812,28.113486017129414],[-16.535884463893083,28.113868502033068],[-16.535935768866047,28.11421001546828],[-16.536154218022066,28.11447919487353],[-16.536542502874642,28.11553512489083],[-16.53651626467298,28.11600501973091],[-16.537394245134752,28.116674341549647],[-16.537522814587717,28.116862115606605],[-16.537553112230878,28.116998617774705],[-16.53780874068274,28.116987844347808],[-16.537920981590442,28.117015728022206],[-16.537934565898574,28.11708667712671],[-16.537947983688007,28.11720611620647],[-16.53755086060892,28.117243202234793],[-16.537367303577536,28.117166957092728],[-16.536919096662107,28.116743017934343],[-16.536761365382226,28.116771578287178],[-16.53666197966411,28.116882098222078],[-16.536638266419473,28.11705476117747],[-16.536730359474397,28.11721949537738],[-16.537353635225625,28.117660076735277],[-16.537619796105947,28.11770682161809],[-16.537703231199313,28.11778876898529],[-16.53758836802288,28.11812490553069],[-16.53738760952343,28.118206724994128],[-16.537245630776255,28.118214947816433],[-16.536662487656283,28.11795754000207],[-16.536337774280643,28.11793140129194],[-16.536054064167626,28.11798962501596],[-16.53603049402662,28.118117164268476],[-16.536172035815458,28.118312679340015],[-16.536464065021537,28.11856615874357],[-16.53654653228177,28.118950220133474],[-16.53665127764464,28.119152952672323]]]}},{"id":"114","type":"Feature","properties":{"categoria":"Monumento Natural","nombre":"Montaña de Guaza","codigo":"T-22"},"geometry":{"type":"Polygon","coordinates":[[[-16.709145858602255,28.033149688647967],[-16.708956158402014,28.03354116177714],[-16.709019617808252,28.03385015516216],[-16.708954666420194,28.03420041115274],[-16.708552508016716,28.0342856285705],[-16.70857608171019,28.034362020714724],[-16.708643481679893,28.03446790283593],[-16.708755596028023,28.034508203536706],[-16.709383934234666,28.03455038334789],[-16.709792198954315,28.034826249623244],[-16.71000087253035,28.035325260769245],[-16.71011096458917,28.035855010731016],[-16.710092577217114,28.035991517030435],[-16.709865071917754,28.036289286264328],[-16.70984104388636,28.03642288451214],[-16.70911117573645,28.037158841951467],[-16.709005922541962,28.03750839907463],[-16.70902222934583,28.037799369439984],[-16.708727833542465,28.03820942794616],[-16.708838351389804,28.038257870790904],[-16.70885661623391,28.0384738822986],[-16.708781893040793,28.039042664448807],[-16.70889701809884,28.039923063634117],[-16.709139218178148,28.040595344250168],[-16.70880962937689,28.04072665301134],[-16.708737251600162,28.041122126079117],[-16.708612591687448,28.041157340356776],[-16.708533923588014,28.0413028994299],[-16.708290826679217,28.041554742625564],[-16.707896715545235,28.04180918565832],[-16.707642626918503,28.04213164964183],[-16.707353120710362,28.04222116731063],[-16.706785563154614,28.042690275122183],[-16.706389191270212,28.04311516104207],[-16.705889258423475,28.043419828980017],[-16.70592579090408,28.043433634627085],[-16.70551995537492,28.04373361252794],[-16.70438187657876,28.043595942548883],[-16.703610940572855,28.0436161586408],[-16.70247923160681,28.043787139019297],[-16.702030486766343,28.043273673965476],[-16.702087932221943,28.043252565431704],[-16.70206478167046,28.043106647338103],[-16.701974724786893,28.043059299283243],[-16.701992889110326,28.04292730910451],[-16.701529935384922,28.0432361961898],[-16.701406744182886,28.043442590191596],[-16.701387475235396,28.043685402993912],[-16.701221607814784,28.043888372647622],[-16.70085488562896,28.04392822127232],[-16.70074249594827,28.044062894591978],[-16.700986114416907,28.044437392971087],[-16.701287081171454,28.0445970170116],[-16.701407089074486,28.044764739882673],[-16.70152154234645,28.044809628984275],[-16.70162504506734,28.044935598929715],[-16.70188645184322,28.044960066036666],[-16.70215479034302,28.04524382522054],[-16.702177782901693,28.045444256196255],[-16.70202809862355,28.04575121982494],[-16.702155291771554,28.045844080756297],[-16.70239416866844,28.046627368176726],[-16.702360761565046,28.04670223859436],[-16.702284817493194,28.046627550648363],[-16.70234356083029,28.046768171882174],[-16.702827534606918,28.046630496053513],[-16.702950523469507,28.046673987442507],[-16.70300455651144,28.046748676012793],[-16.703010299807072,28.046845894235787],[-16.7028826005321,28.047166511615305],[-16.7028602660776,28.047582570152215],[-16.703070234395266,28.047563630736786],[-16.70312763361416,28.04764919772422],[-16.702830934455687,28.04790963874543],[-16.702924567502105,28.04797706745341],[-16.703094600216104,28.047960789272647],[-16.703350106010216,28.04801763601057],[-16.703389524643264,28.048071838451776],[-16.70337417873902,28.048195400490183],[-16.703302676272134,28.048309695588117],[-16.703150598905086,28.04840286086632],[-16.70316476720353,28.048443387838745],[-16.703439286578543,28.04845439522758],[-16.70356177726099,28.04851453425141],[-16.703527879690874,28.0486660422228],[-16.70317990692277,28.04882955999953],[-16.70328322853936,28.048963021434723],[-16.703567345111093,28.0490723089521],[-16.703313835746954,28.049260403307766],[-16.703362308623767,28.049383020172783],[-16.702780507609116,28.049732139674763],[-16.7020986114233,28.04991584219082],[-16.702229646273814,28.05009210031466],[-16.70222522367154,28.05020011212391],[-16.70210024490746,28.050357974460468],[-16.70256850390466,28.05033240382521],[-16.70248223082356,28.050428777562846],[-16.702421693626135,28.050705873494636],[-16.70256654482308,28.05106679174945],[-16.70262656478291,28.05172532306165],[-16.702952872889995,28.052258533628926],[-16.702935850876976,28.0537022917079],[-16.703038553438468,28.053828450543],[-16.702985978717894,28.053989169902028],[-16.70303698302717,28.054270965143168],[-16.70277942386725,28.054582453533417],[-16.702814082972242,28.05485800773896],[-16.70259690906941,28.054937052721606],[-16.702505455534315,28.05527301393913],[-16.70234742503841,28.05541901247488],[-16.702212668219566,28.055466710893697],[-16.702256994816725,28.055668257800818],[-16.7019593482681,28.055828053477043],[-16.701932546903194,28.055960782322728],[-16.701829010782934,28.056093054558428],[-16.701780050589825,28.0563678045338],[-16.701450339785623,28.056594447647782],[-16.701486637949216,28.056657714169766],[-16.70142371054658,28.056749781868085],[-16.700609285431327,28.057265408350077],[-16.699905286442466,28.05743387026882],[-16.69927929516943,28.057775635631266],[-16.69902134467128,28.058076382523986],[-16.698849558138715,28.058363878900444],[-16.69877736158655,28.058755617741433],[-16.6954821793685,28.05862824873137],[-16.694502088423494,28.058688905207923],[-16.692099754710902,28.058986166795883],[-16.691754629641753,28.058878736142724],[-16.690959459289562,28.058144484544375],[-16.690443222825753,28.057909261093837],[-16.69006076075601,28.057861986265124],[-16.687810977866853,28.057975936488774],[-16.687248386832078,28.05788982259058],[-16.68684213490001,28.05770669766309],[-16.683633299911758,28.05567248970041],[-16.679755047428653,28.0534525093803],[-16.679553470036037,28.053292434443375],[-16.679046101207987,28.052589813004843],[-16.678829333631796,28.05242617727775],[-16.67879832307696,28.052212527357824],[-16.678871591773408,28.052069938090337],[-16.679080997007066,28.051968011413926],[-16.679274311817576,28.051976296616804],[-16.679742267910346,28.051301996331805],[-16.67992756406631,28.051187186810274],[-16.680311764195967,28.050746755833163],[-16.680507176908044,28.05039292867708],[-16.680564046212762,28.050151083247645],[-16.680363984891688,28.049623671126685],[-16.6803454277939,28.04936578175454],[-16.680513713404707,28.04872646318861],[-16.68056978561521,28.048197901563242],[-16.680698986973603,28.047864829933207],[-16.680745000386388,28.047350199672444],[-16.681049773146288,28.046768233554406],[-16.681110102520925,28.04654365557075],[-16.681777866676008,28.04671879526315],[-16.683044109141083,28.04680147293592],[-16.683416990659964,28.04693776483971],[-16.683508720237132,28.046907958599853],[-16.68369922681987,28.046945513423132],[-16.683715677532224,28.046689000385577],[-16.68405009313513,28.04653517380857],[-16.684182717831312,28.04631162128931],[-16.684314459658598,28.046259916349104],[-16.68458844728036,28.046314857019585],[-16.684634957018908,28.046283601259],[-16.684578312848572,28.046091561257892],[-16.68459689451553,28.045901609394804],[-16.68502401766761,28.045456285992667],[-16.685173046412608,28.045407074554742],[-16.685148929594824,28.045276056128728],[-16.685355506032643,28.045241842919644],[-16.685344581087463,28.045023959017993],[-16.68547294369639,28.0448665841566],[-16.68660469058835,28.044128067326614],[-16.686982618386228,28.043771358052485],[-16.687114417107836,28.04371120240639],[-16.687254332927097,28.043746179133752],[-16.68745592386018,28.043640455553685],[-16.687792007362138,28.0433663862256],[-16.6878815760387,28.043226480204012],[-16.68780417128263,28.043070486158143],[-16.68811107466729,28.042843073209248],[-16.68812158206891,28.042781817446674],[-16.689630206958725,28.04205058336445],[-16.6900163093329,28.0417949362472],[-16.69025360410553,28.041579024895285],[-16.69044822702086,28.041307863722132],[-16.690465267316807,28.04123319741834],[-16.690392168992634,28.041138070843818],[-16.690227997823264,28.041066808271616],[-16.688901259537346,28.04087246472197],[-16.6887864698758,28.04089359484257],[-16.68864731486594,28.04100900072158],[-16.688301571349296,28.04102462118386],[-16.687855838679894,28.040874527844863],[-16.686786443549906,28.040749656267426],[-16.686104425596124,28.04048303849402],[-16.685323785698376,28.03965798416664],[-16.685002999219808,28.039190271232552],[-16.68465858380692,28.037978282389226],[-16.684411564933306,28.03755882746484],[-16.684544848541975,28.03699594438115],[-16.68515967483026,28.036170551421062],[-16.6855386503967,28.035884391488988],[-16.685805827792873,28.03584931706772],[-16.68608373686542,28.035714500871627],[-16.686283752011153,28.035787088599683],[-16.68636236643589,28.035916806130295],[-16.686516288316167,28.035918535180812],[-16.68657180630653,28.035852142033313],[-16.68662825982667,28.035597935066967],[-16.686819884571992,28.035369350765894],[-16.686935061651273,28.035120658769916],[-16.687226129936242,28.0348346535119],[-16.687393805769485,28.03480533796682],[-16.687580982389683,28.034845907260213],[-16.6879884899002,28.03499188871501],[-16.68840394916414,28.035243183733005],[-16.68852664137367,28.035199167442496],[-16.68826271434166,28.034836382990132],[-16.688030364350542,28.03461845902773],[-16.68788204028492,28.034558189526667],[-16.687843707669302,28.034401353964203],[-16.687687710768216,28.034196145957285],[-16.687071660001,28.03371545894667],[-16.686672922130928,28.03319750753304],[-16.68655743190804,28.0328090884135],[-16.68658605120956,28.032358928208513],[-16.686457949738816,28.03206505684619],[-16.686383179596287,28.03155941642827],[-16.68642146941089,28.031259747612822],[-16.6865925426443,28.030761196780865],[-16.686697567996358,28.030667896715077],[-16.686697434096345,28.030169525617097],[-16.686601646629967,28.029931636986387],[-16.68663471286143,28.029854707506594],[-16.687232468924105,28.029022115285336],[-16.687598949655353,28.028740796843366],[-16.688218692913363,28.02806662711705],[-16.6893998727647,28.02763348765325],[-16.689741186574313,28.027659839520464],[-16.68980527141066,28.027616164169075],[-16.689746952196263,28.027549735145254],[-16.689786953783745,28.027474876652917],[-16.690101799346024,28.027191154567006],[-16.691099598335235,28.026750401608087],[-16.691862804723286,28.02632397475146],[-16.6932397220385,28.025984996533936],[-16.693378032920975,28.025974050051747],[-16.69356926598882,28.02604851385141],[-16.693787971535986,28.02595484501621],[-16.693963466564654,28.025803659584],[-16.694414095065156,28.02564994710624],[-16.694581157300465,28.025625359940364],[-16.694830253523833,28.025664307643865],[-16.69506451301935,28.025587195415365],[-16.695105642277973,28.025511888375178],[-16.695615215992035,28.025464589984157],[-16.696477433036574,28.025179439562482],[-16.69696388711252,28.02517299830009],[-16.697100705119915,28.02505337802421],[-16.697175744082454,28.02488361963862],[-16.6974324431286,28.024768068390937],[-16.6994548657934,28.024750817372738],[-16.70000197387136,28.024850525579673],[-16.7003159094133,28.02496796388383],[-16.700922215848216,28.024863565685024],[-16.70125615492918,28.02497695459844],[-16.701774179098553,28.025374119635636],[-16.70184606004055,28.025329909066848],[-16.701928137610096,28.02535459552679],[-16.703284713739937,28.026527496865516],[-16.70359879283439,28.02687954898957],[-16.703750731852928,28.027351586382316],[-16.703829062071357,28.027417183390156],[-16.704023642353373,28.027786167311906],[-16.704151510864815,28.027876708444605],[-16.70426440258453,28.028101149883778],[-16.70436158148747,28.028526358081944],[-16.704319801300468,28.029148663819367],[-16.704536848886526,28.029373401014105],[-16.7047714270322,28.029419730429446],[-16.704979301614834,28.02938249438046],[-16.705125897190594,28.029473668458255],[-16.705455191042482,28.029365467956794],[-16.70564499257926,28.029363761133958],[-16.706021790997482,28.02948173180229],[-16.706393388933616,28.029507909483176],[-16.706468047358452,28.029626157246547],[-16.706422416590065,28.029887609997353],[-16.706698889054245,28.030126568787868],[-16.706762992579453,28.030267482939443],[-16.706712476432543,28.030332756728217],[-16.70633307686517,28.03046273733797],[-16.706279861701194,28.030558097777327],[-16.706344930918767,28.030659669151532],[-16.706730315307905,28.030897933622615],[-16.70714323933448,28.03087169281494],[-16.707532407520876,28.030984839431],[-16.70794647139421,28.031189206926474],[-16.70813349665291,28.031181538481942],[-16.70841855045551,28.03126855022464],[-16.70841927138321,28.031388230810247],[-16.708523297858694,28.03152455011272],[-16.70868253461042,28.031529644947533],[-16.708793805713317,28.031587582041276],[-16.70884719442534,28.03180842741287],[-16.70874102823774,28.031966738034743],[-16.708674316274905,28.032213941368585],[-16.708742861352157,28.032443235138896],[-16.709002539747498,28.032746998691163],[-16.709190034653307,28.03280170365681],[-16.70932089457774,28.03290002703454],[-16.709310595324265,28.032986515391386],[-16.709145858602255,28.033149688647967]]]}},{"id":"133","type":"Feature","properties":{"categoria":"Monumento Natural","nombre":"Cueva de los Naturalistas","codigo":"L-06"},"geometry":{"type":"Polygon","coordinates":[[[-13.65944561087399,29.00031894401538],[-13.658019166512288,28.99595665091796],[-13.662109202278108,28.994319367606742],[-13.66217130460222,28.99413602696074],[-13.6620649902621,28.99384035871789],[-13.665909004820204,28.992276305317507],[-13.666509870610547,28.993466403433374],[-13.666532375975015,28.99363239186332],[-13.666437002622764,28.995560848153964],[-13.666179933334773,28.99585767288251],[-13.666129968918813,29.010987505115168],[-13.660926182730169,29.016053529586816],[-13.660362292951314,29.015909001339796],[-13.6597674120828,29.015986086318676],[-13.65927985472341,29.01615435957437],[-13.6587548864894,29.01616022939327],[-13.658557120488931,29.016209659317617],[-13.657862069083977,29.016467978939353],[-13.657200085207286,29.017000080506737],[-13.657087885527853,29.01698583729766],[-13.656547816076936,29.017184033627792],[-13.655708806746455,29.01766758267393],[-13.654733391616574,29.017877650232208],[-13.658219617782928,29.01314534262325],[-13.66021220031522,29.009044494820927],[-13.661111247940728,29.00595077386724],[-13.661115862341171,29.005518791978275],[-13.660267703969572,29.002237686557308],[-13.65944561087399,29.00031894401538]]]}},{"id":"134","type":"Feature","properties":{"categoria":"Monumento Natural","nombre":"Amagro","codigo":"C-13"},"geometry":{"type":"Polygon","coordinates":[[[-15.673066751901686,28.142138666895065],[-15.672785858603481,28.142723951359994],[-15.67245409072057,28.14305261936953],[-15.671021338796033,28.143930535639882],[-15.67095970621502,28.143835704380823],[-15.670957536300621,28.143726094003338],[-15.671141584991643,28.143214350174144],[-15.670750195613854,28.142951385131337],[-15.670433750995471,28.14250708372719],[-15.67014254000367,28.141846160191854],[-15.670111880766681,28.141370563438265],[-15.670224026184874,28.14103421930402],[-15.670364222244809,28.140836244571005],[-15.671006852985672,28.14026289675636],[-15.671339205551094,28.13986856860319],[-15.671040533600454,28.139735713067317],[-15.670848757897666,28.139709210580232],[-15.670630941885996,28.139792023038293],[-15.67043062155888,28.139806290556432],[-15.669998947283197,28.14000265768789],[-15.669253206911703,28.14018799230153],[-15.668804005585692,28.140058466605304],[-15.668563759038069,28.13975678168326],[-15.668432165543557,28.13942479612086],[-15.668334377229588,28.13889522104022],[-15.668346029858995,28.138515028806836],[-15.668582964850795,28.137968954006546],[-15.66887864816033,28.137412039782067],[-15.668987295248787,28.137328896472155],[-15.668989483985227,28.137261582170357],[-15.668812574288062,28.137240627878548],[-15.66853815203677,28.137311734691586],[-15.66821792089856,28.137326294933054],[-15.668390102576206,28.137084232869036],[-15.668815792314787,28.13669626163049],[-15.66907005574513,28.13623591890465],[-15.669680637165346,28.135540763856845],[-15.66952872779663,28.135444197379993],[-15.669312582151434,28.13506049580366],[-15.669075458460446,28.134394394261545],[-15.668937848033025,28.134145349185633],[-15.668821807194556,28.1340048088904],[-15.668633863148846,28.134016413560552],[-15.668543346943322,28.133975259699838],[-15.668443536596115,28.13383117362337],[-15.668309622208145,28.133435659391385],[-15.667940711622796,28.13305992162261],[-15.667891054706532,28.132829078037897],[-15.66798448730595,28.132132188599034],[-15.66740247319411,28.13225822119693],[-15.667129398255272,28.132436475454153],[-15.666805670595348,28.133147194591587],[-15.666493614462093,28.133615360772204],[-15.666010373134428,28.13414140740813],[-15.665528248662762,28.134476521512962],[-15.665262623624246,28.13441484021448],[-15.664621685249989,28.133783330789875],[-15.664456384308497,28.133424640621513],[-15.66445198321555,28.13310736151768],[-15.664557679235148,28.13270447121981],[-15.665154468088362,28.13125324709111],[-15.66566303304913,28.130318194105804],[-15.666141083089377,28.129034077254104],[-15.666687816250501,28.128083101230796],[-15.66708706612023,28.127771025628245],[-15.667478249195229,28.127922396311728],[-15.668138585171347,28.12808252817903],[-15.668706092326184,28.128067340141243],[-15.669196153386448,28.12788831257617],[-15.669540134183224,28.1278724789517],[-15.66902735945312,28.127017221193963],[-15.668872295228395,28.12660231240201],[-15.66880008850851,28.126202886339918],[-15.668864384026824,28.1256723752518],[-15.669294254538086,28.124794471178078],[-15.66943932980189,28.12459820649033],[-15.66982881130695,28.124224969071324],[-15.67058107333418,28.123691816259125],[-15.671028894771329,28.123244207246962],[-15.671546235436551,28.12292104261639],[-15.671843425761415,28.122875969144495],[-15.672212962878048,28.122520018803584],[-15.672514034715853,28.12249674260861],[-15.672634428367177,28.122340882208473],[-15.672752009374122,28.12228253384756],[-15.672766567002977,28.12218758183935],[-15.673270278783807,28.121666321593572],[-15.673824975551959,28.121275372426116],[-15.674647193743999,28.120551632230782],[-15.675051531084646,28.120422698334348],[-15.675560462432387,28.120067993463525],[-15.675706422547723,28.12008713314698],[-15.675757621993865,28.120020010366364],[-15.675861783566972,28.120056470678062],[-15.675921324094478,28.119962154142048],[-15.676027891238764,28.119943864026116],[-15.676184202193575,28.119798520195978],[-15.676772931576735,28.119538243721227],[-15.677279435945643,28.119466416967644],[-15.677538980736713,28.119475966804078],[-15.677834027170517,28.119609982514394],[-15.678122375286609,28.119663150702493],[-15.678498939804193,28.119134701161233],[-15.679034211074233,28.119078612745266],[-15.679375386122425,28.118903463964735],[-15.67962962768608,28.118898882135195],[-15.679870551640358,28.118790955015626],[-15.680299463061756,28.118815113594383],[-15.680486964539197,28.1188700770086],[-15.680607769494387,28.11899141120876],[-15.680834198079088,28.11965447781441],[-15.680850719328534,28.12032762227694],[-15.681705718132966,28.120244561021437],[-15.682429114100058,28.120276437613427],[-15.682718141954528,28.12036878697686],[-15.683002225355054,28.12039096811191],[-15.683070109869867,28.120695229590048],[-15.683248095622254,28.120937993572184],[-15.68341237197343,28.121025718500167],[-15.6838315872088,28.121445783588296],[-15.683976737526647,28.121702584487632],[-15.684074470863905,28.12200886287939],[-15.68413977711798,28.122852576713907],[-15.684565986486454,28.12334626290098],[-15.684886396206405,28.124186968959062],[-15.684912831747637,28.124706490156555],[-15.685268848825299,28.125688710395583],[-15.685292637949473,28.125897434848596],[-15.685439216191844,28.125736955287895],[-15.68555403486383,28.125449835346384],[-15.68576932881384,28.125159513734786],[-15.686094050555589,28.125159152760293],[-15.68647189810357,28.125244495966594],[-15.68662846531655,28.125220314497493],[-15.686694211540594,28.125260425120135],[-15.686780712530439,28.125515187616163],[-15.686878860094165,28.125552400710582],[-15.686931454614303,28.125701611453927],[-15.687344644818813,28.125963844206925],[-15.687638947622224,28.126078777506674],[-15.68791632333279,28.126349199933646],[-15.687992539057904,28.12695714932719],[-15.687957859506321,28.127164586949526],[-15.68815316693785,28.127032754670065],[-15.688482551761732,28.12695180067264],[-15.68889699416644,28.126746074781934],[-15.689074622557111,28.126524937984343],[-15.689104629344556,28.126300481044517],[-15.689382803067806,28.126083884363826],[-15.689651154962213,28.125961918990736],[-15.690315444732727,28.12592884140231],[-15.690475717085402,28.126098315152344],[-15.69062340544115,28.1264457876804],[-15.690871888680418,28.126652079000053],[-15.690876089953958,28.12690076321749],[-15.691013656030968,28.127193692406124],[-15.691171677071827,28.127294284370173],[-15.69168976942706,28.127345407532584],[-15.6916892400311,28.12744057935472],[-15.69159398300343,28.127524250597656],[-15.691564480233616,28.127674180494722],[-15.6914250003656,28.127898883165464],[-15.691592129962121,28.12789544038392],[-15.691851853355992,28.12777411903216],[-15.69235425046127,28.127768693987974],[-15.692836809158672,28.12792108292257],[-15.693016326140173,28.12814648539528],[-15.693323354538938,28.128341499586337],[-15.694097958569309,28.128480130225594],[-15.694180447225952,28.128640027745927],[-15.694141679226465,28.12892229218075],[-15.694279774170866,28.129317614710516],[-15.695097864530823,28.130011634155075],[-15.69538426080407,28.130384683561996],[-15.695761610052203,28.130590745150982],[-15.695842448751934,28.130696344998118],[-15.695844708545758,28.130793966888458],[-15.695788318286946,28.130841336681126],[-15.695526230840002,28.13090289328568],[-15.694852541209336,28.13097650203691],[-15.694851110725041,28.130877864920983],[-15.694770429702702,28.1308976272439],[-15.694575765724219,28.130803724534676],[-15.694510086040188,28.130926532331763],[-15.694121934463428,28.13106657166438],[-15.693258244088442,28.131173017111657],[-15.692857555414093,28.13117219058768],[-15.692477675915178,28.131154910312627],[-15.692319967244,28.13110400168754],[-15.69183181362241,28.130843607182978],[-15.691525504047677,28.1306121812361],[-15.691492729155671,28.13076010557681],[-15.691377253888767,28.13086712256233],[-15.691311887393368,28.131699358194286],[-15.691072408603842,28.131981198625404],[-15.690865573569914,28.13196764500996],[-15.690921026904968,28.132078575144675],[-15.690936615583015,28.132349886000046],[-15.690813762435821,28.132475426501955],[-15.690758039594959,28.132627356832664],[-15.691141833104782,28.132619067327287],[-15.69223068712297,28.13303083437879],[-15.692471170554926,28.133184157676183],[-15.692723988127163,28.133456562317267],[-15.692877814738507,28.133846859825145],[-15.692864246123282,28.134115167381466],[-15.692688520638391,28.134303523156426],[-15.692112763559775,28.134611174862524],[-15.691978660223056,28.13478632103422],[-15.691967741365342,28.134884153936795],[-15.692338051414136,28.1349568087482],[-15.692518681655084,28.135074904896285],[-15.692624833360167,28.135468368122787],[-15.69277480939424,28.135582574832608],[-15.692692200674097,28.13563570858069],[-15.692810559181186,28.13571988958413],[-15.692792214149012,28.13605938810371],[-15.692737890508505,28.136102557799497],[-15.692735241013484,28.136219413435562],[-15.692569529335533,28.136293331465602],[-15.692510467169177,28.136533958077788],[-15.69181533444035,28.137029101541472],[-15.691511518344425,28.13719196085701],[-15.691210392905893,28.137310899827146],[-15.690775453405246,28.137400191804172],[-15.690333614740561,28.137684188053104],[-15.689840476749678,28.13784511765526],[-15.689369129386169,28.137897885686755],[-15.688965944975344,28.1377814821322],[-15.688718695802294,28.13812517270661],[-15.688029088129104,28.13854587997784],[-15.68774266406552,28.138649572652156],[-15.68765661474393,28.13898753272596],[-15.687460469936713,28.139256430741387],[-15.686838216715264,28.13982300050564],[-15.686387593363737,28.140313650542996],[-15.686105979531321,28.140299038238197],[-15.68620810115868,28.140403264323034],[-15.68613806312375,28.14058601855408],[-15.686362431800639,28.14112390031881],[-15.686485948248269,28.141227847506638],[-15.68683801611464,28.141375286560674],[-15.687519171785047,28.14151886253096],[-15.687186374833614,28.14170730418864],[-15.686653271225811,28.14214889301774],[-15.686411260641648,28.142217986586328],[-15.685319196714813,28.142260425851546],[-15.684571305486568,28.142464341182833],[-15.68454201334764,28.142378814624948],[-15.684233920598372,28.142162871791097],[-15.68309602625269,28.141925440105616],[-15.681584901583886,28.14192808980421],[-15.680123192434866,28.141999261472613],[-15.67858733798998,28.141967599886694],[-15.678074843191105,28.142290108151617],[-15.677948344451623,28.14269317391699],[-15.677458996456094,28.142351214131512],[-15.67709098714688,28.141425948724685],[-15.676983397599413,28.14129143994248],[-15.676530701359285,28.14094170408686],[-15.67610225921549,28.1403834371611],[-15.676157007916089,28.140046513975044],[-15.67634059295223,28.13975444084562],[-15.676508508386616,28.13919871893139],[-15.676464785470065,28.13874874300745],[-15.676624400332093,28.13853189046426],[-15.676825721650353,28.138444104052176],[-15.676967634380567,28.13761452057109],[-15.676731602274295,28.138041316221514],[-15.676458724077188,28.138176115044832],[-15.67628087162593,28.13836547160873],[-15.67610213683932,28.138628490689587],[-15.67586352513077,28.139135166380825],[-15.675416879513502,28.139644166929468],[-15.674601436547983,28.14030099885571],[-15.674471378451004,28.14034727832045],[-15.674303468854806,28.140310697687447],[-15.674184909491744,28.140342621910452],[-15.673837729638809,28.14066224300026],[-15.673991151334398,28.14078061473801],[-15.674024339076935,28.141185662896355],[-15.67397389393745,28.141645102395138],[-15.673802820677759,28.141982028041948],[-15.673503300074527,28.14216100266506],[-15.673291798073619,28.142182406346564],[-15.673066751901686,28.142138666895065]]]}},{"id":"140","type":"Feature","properties":{"categoria":"Monumento Natural","nombre":"El Teide","codigo":"T-24"},"geometry":{"type":"Polygon","coordinates":[[[-16.62049283794336,28.259623274629377],[-16.62126497183217,28.25965240789749],[-16.62127498135249,28.259529847663188],[-16.62154136302474,28.259309068080633],[-16.621777704524202,28.259268665175213],[-16.62172007531584,28.258879588777607],[-16.621977816300248,28.25889813522022],[-16.62206410001945,28.258764958664244],[-16.622240106938932,28.258698846179264],[-16.62223607747624,28.258574782954373],[-16.62246458546817,28.258544913775403],[-16.622545711599752,28.258429288521135],[-16.622573196709258,28.258284292260054],[-16.62269742834328,28.258135069597245],[-16.62288124777873,28.25804784444522],[-16.623127212535035,28.25802255008052],[-16.623596500083046,28.25778678451815],[-16.623757925176296,28.257621578046116],[-16.624039945985505,28.257561703218055],[-16.624351529083167,28.257387807243134],[-16.62453017834733,28.257150033158673],[-16.62488004324006,28.257052095083388],[-16.625007982158532,28.256824372526577],[-16.62525779988373,28.25657894637586],[-16.625823659288738,28.2565291118014],[-16.62588817480995,28.25606681775603],[-16.626360178210113,28.255763847146657],[-16.626480991361532,28.255532318367564],[-16.626862094975767,28.255410610933286],[-16.627064430039795,28.255053855747192],[-16.627382297279528,28.254975750251102],[-16.62767530914333,28.255069684645868],[-16.62804298934962,28.25477445800262],[-16.628482579924352,28.25474579135812],[-16.628646963396637,28.254375705175452],[-16.62883098320705,28.25432118530336],[-16.629044987773412,28.25409566427174],[-16.62923573181498,28.25403028794073],[-16.629376685782503,28.25376449265641],[-16.62972000482555,28.253512646237617],[-16.629984808015106,28.25322641193399],[-16.630428058472557,28.25317214598374],[-16.630817484660756,28.25337243739366],[-16.630975749565913,28.2532338028493],[-16.63110202430348,28.253238017524218],[-16.631259874990672,28.253083593979824],[-16.631533389106465,28.253089317622454],[-16.63167102960548,28.25286607614537],[-16.63214419900305,28.252636318710906],[-16.632600006611746,28.252976989126662],[-16.632743560738,28.252843004718926],[-16.632785861912748,28.252513495578025],[-16.6328407039831,28.252415046202106],[-16.63324936732412,28.2522410897794],[-16.633512673272815,28.252005893784506],[-16.633796985002107,28.25198801007337],[-16.633796809483155,28.251804039056612],[-16.63392500473242,28.2517872633054],[-16.633977911185422,28.25168829515184],[-16.63413700451102,28.251700652253177],[-16.633879571301513,28.251543483706282],[-16.633828726991702,28.251448824452154],[-16.63385884102773,28.25139445024316],[-16.634043347310705,28.25132490026049],[-16.633914743448276,28.251229952403687],[-16.63398078745888,28.251183135651885],[-16.633948412954197,28.250968946074103],[-16.633877965018286,28.250839224714607],[-16.63389506159086,28.250697148462777],[-16.63400163375694,28.250641977428863],[-16.634347688660895,28.25064172016747],[-16.634134472305643,28.25031356943017],[-16.634183372950034,28.25014980500193],[-16.6340254371345,28.249994641640146],[-16.634037134724736,28.2498233530499],[-16.634309448006505,28.249690074778858],[-16.63431936128882,28.249522778477175],[-16.634471716239123,28.24940494104183],[-16.634474594656556,28.249355774913436],[-16.63461869180845,28.24933803227318],[-16.63460603970166,28.249261598066752],[-16.634443314375428,28.249096402563968],[-16.634471426389158,28.24892017954909],[-16.63494920603073,28.248854521249843],[-16.635111194966097,28.24875901288211],[-16.635112458784945,28.2485405855136],[-16.634901439613962,28.248399739960885],[-16.634970036263002,28.248233790275318],[-16.634867246113856,28.248129157486023],[-16.634739975039018,28.247818029246044],[-16.635050826095192,28.247773509122144],[-16.635028577682682,28.24757711307715],[-16.635070576462525,28.247476163190495],[-16.635378714655946,28.2474068833306],[-16.635614542284266,28.247407707400605],[-16.63580465088716,28.247076726319147],[-16.636326548647542,28.247154419803095],[-16.636602252701746,28.247087646397002],[-16.636832586255544,28.24715520128643],[-16.637020238895136,28.247104751697265],[-16.637303092151875,28.24714107320765],[-16.637473714179844,28.247254710586894],[-16.63752294716332,28.24710110316912],[-16.63769105849584,28.247077104193743],[-16.63775181960404,28.246964963458186],[-16.63800117919642,28.246931019734753],[-16.638102212145135,28.246703860930218],[-16.6382063916803,28.24659457494014],[-16.63823627326363,28.246354532913927],[-16.63878880532069,28.24633494928762],[-16.63884858592381,28.246212107275596],[-16.638966298684476,28.246166807595205],[-16.639026790496448,28.24596720003826],[-16.639286323271687,28.245892926032898],[-16.6392859717845,28.24580264495345],[-16.63936333514093,28.24567201994332],[-16.639882991676266,28.245363749146502],[-16.640230603678692,28.245253950446354],[-16.64024053824699,28.24518655046388],[-16.640358093383117,28.24517568158097],[-16.640334677046138,28.245082022237234],[-16.64041258627392,28.245007822933257],[-16.6408176860669,28.244921970845553],[-16.64102726303873,28.24476091408309],[-16.64110505245872,28.244841348756243],[-16.641182081173408,28.244779577888504],[-16.641191862443264,28.24466759660647],[-16.641255888170292,28.244637199015603],[-16.64168458646878,28.244670948017998],[-16.64166327547833,28.244503882054694],[-16.6418456459079,28.244467667605758],[-16.641966933606064,28.244216861273035],[-16.64221796344113,28.244254538795428],[-16.642216673474135,28.244174999675575],[-16.642085639382778,28.243945238306146],[-16.642363915547126,28.243879514704076],[-16.64238609130311,28.243697233774927],[-16.642717492908076,28.243559628453436],[-16.642606712581333,28.24338465808826],[-16.642711994232943,28.24323075447476],[-16.642720850011134,28.243050510757843],[-16.64257456379762,28.242966640363715],[-16.642461319557622,28.24280573319326],[-16.642566038267802,28.242736156237502],[-16.642594754324087,28.242628234170756],[-16.642745597797642,28.242522725128417],[-16.64334900228699,28.242362138749378],[-16.643572768561338,28.242506283678757],[-16.643769358948234,28.242725752049903],[-16.643865578687194,28.242753294132047],[-16.64407320130136,28.242642137099914],[-16.644203423991367,28.242348434362935],[-16.644516760112513,28.242212811028875],[-16.64468549814158,28.242204373157016],[-16.64467674175295,28.241832922943797],[-16.64489761384012,28.241582531433043],[-16.645020579670433,28.24157987842046],[-16.64517939279483,28.24166189875703],[-16.645456403346838,28.242041401106103],[-16.645520946617953,28.24191743413009],[-16.64552665442091,28.241724954363477],[-16.6456461039616,28.241499879113427],[-16.646095627067254,28.241267219370442],[-16.646113396946127,28.241203289529395],[-16.64602961134657,28.24105628998456],[-16.646146759046133,28.240953529555867],[-16.64612681015169,28.24082245737307],[-16.646196153582476,28.240758989432855],[-16.646174078074377,28.240635433538777],[-16.64626500666254,28.24052423460407],[-16.64648844204423,28.240514143099027],[-16.64674469145035,28.240663216288702],[-16.646825268359215,28.24042218304042],[-16.647039284408102,28.24041590433141],[-16.647173839834544,28.240272230989405],[-16.647332061141434,28.240322398058627],[-16.647419733800536,28.240165210611],[-16.64748097564627,28.240164833528457],[-16.64796449613957,28.24063290296563],[-16.648172625143122,28.240581749422923],[-16.648324583619797,28.240701753326036],[-16.64838002254997,28.240681861765726],[-16.649261131982072,28.239118228705525],[-16.649400905875353,28.23908883583527],[-16.649463912537662,28.239123723955302],[-16.649670324737023,28.23937185467677],[-16.649767927855557,28.23921788520119],[-16.649910319976303,28.23927916046541],[-16.650027766497534,28.23901078631746],[-16.650090918140684,28.238995493946252],[-16.650298012876622,28.239314370662814],[-16.65045420898125,28.239722847063003],[-16.65052397951174,28.23976676815179],[-16.650647272496435,28.23917658528289],[-16.650913615648346,28.23875668936088],[-16.6511584438782,28.238653736519552],[-16.65139524843807,28.238751052413797],[-16.651790848133395,28.238419842337407],[-16.65217735713747,28.238219692290254],[-16.65227561806152,28.238221121900295],[-16.652378373222383,28.238322402712253],[-16.652424701886762,28.23847192672232],[-16.65242969771103,28.238941521875837],[-16.652689778546407,28.23934549074296],[-16.652671487438237,28.23947449711363],[-16.65238538121869,28.23964988004266],[-16.652360588070795,28.239707487813913],[-16.65286738228482,28.239555518636895],[-16.65349433757795,28.239529886679676],[-16.653849886955484,28.239654731698387],[-16.653897648617487,28.239745034486642],[-16.653888958054083,28.239895133306245],[-16.6539365502027,28.239901777396117],[-16.654172181070116,28.23951320245321],[-16.654326000213008,28.23960817808033],[-16.654645918235616,28.239458012601666],[-16.655053889704686,28.239367608080816],[-16.65509469924634,28.23943660561532],[-16.655082634271963,28.2397178769342],[-16.6551940313545,28.239738368362584],[-16.655341173488885,28.23966483877475],[-16.65540468889899,28.23934314465215],[-16.655555782083784,28.239254946686973],[-16.65569100939861,28.23928760345705],[-16.655663771798785,28.239496949717005],[-16.655734197115525,28.239609539535074],[-16.655813126965104,28.239599739098583],[-16.65609022784686,28.239198023890463],[-16.656281539107727,28.23900862018711],[-16.656724842000767,28.239087901737385],[-16.65686387386153,28.239043619226297],[-16.657268358249375,28.23904431151793],[-16.657368528526316,28.239116469366838],[-16.657485604206197,28.239715204488572],[-16.65758197996788,28.23982531265958],[-16.6578791612106,28.239991015482676],[-16.657964810655645,28.240297093331133],[-16.65817680098358,28.240324665058527],[-16.658787901924793,28.240782483175256],[-16.659120397090042,28.240701104747387],[-16.659242391689435,28.240793843690042],[-16.659433402127956,28.240822209577782],[-16.659657843618913,28.240929858937967],[-16.65997232500543,28.240777671400778],[-16.660232639471037,28.240812955931066],[-16.66037390026795,28.241017819486814],[-16.660508729930854,28.241550905323226],[-16.660550966377627,28.241632789307904],[-16.660635470036134,28.24166695971284],[-16.661183940195563,28.241705600202113],[-16.66141269456021,28.241926907486206],[-16.661567522234108,28.241875930253418],[-16.66169689483676,28.241905312876607],[-16.66211272111221,28.241854681618122],[-16.662253890039498,28.241935001013527],[-16.662283279922367,28.242055847560902],[-16.662460602105742,28.242121377528058],[-16.662778455875486,28.241831874354233],[-16.66300148443316,28.241782412335546],[-16.66324002356666,28.24181308251816],[-16.66341540612656,28.241944065102825],[-16.66364437129114,28.242274503583022],[-16.663886939755237,28.24239463213185],[-16.66387734583619,28.24275809886201],[-16.663943844800755,28.24282451555435],[-16.66417646907514,28.24264273860824],[-16.66441557275874,28.242678778608845],[-16.664645812279804,28.242544979010418],[-16.6646766310842,28.242612624048334],[-16.664632766758068,28.242831704242715],[-16.664689023667375,28.242882343485967],[-16.665053996258862,28.24245303481085],[-16.66510749253409,28.242442735569117],[-16.665276234088687,28.24259014056931],[-16.665546268978947,28.242540318295966],[-16.665626844506207,28.242621931950993],[-16.665786595798178,28.243308879531543],[-16.66586582120666,28.243368488820863],[-16.66619351731169,28.243407687564837],[-16.66675534743624,28.243332248832093],[-16.668252927102078,28.24369391616847],[-16.66873105748299,28.24355832042767],[-16.668933172431093,28.243585986704772],[-16.669223217856178,28.243796270606733],[-16.66935351855978,28.24406623688953],[-16.66943982504549,28.244143888452847],[-16.669769840606016,28.24430101390964],[-16.67039921664671,28.244413038286314],[-16.670550417809178,28.244604827378424],[-16.670822815082918,28.244697260402134],[-16.671164918117835,28.244905170798493],[-16.671406851126537,28.2449496651266],[-16.671791971839266,28.245276365215922],[-16.671995730008902,28.24529675076271],[-16.672089794589546,28.245392012375437],[-16.672187769444264,28.2453596780588],[-16.67232661846089,28.24541007963455],[-16.672798669903035,28.245274706430237],[-16.67299828912382,28.245308714482732],[-16.673179189568344,28.245726759534858],[-16.673471139571017,28.24575787669867],[-16.673385784777633,28.246074348691078],[-16.673456584793374,28.246155941738145],[-16.673456764683696,28.246294741460577],[-16.67354626782773,28.246385572499623],[-16.673560401452114,28.246521854898152],[-16.673821570483067,28.246492620053417],[-16.674115728122676,28.24658858823679],[-16.674105165488335,28.24670445204178],[-16.674305374031093,28.2467361946573],[-16.674273863430336,28.247065743280217],[-16.674368016216533,28.247059436684097],[-16.674576671976947,28.246940360751697],[-16.67468110449694,28.247042758399456],[-16.674810093304117,28.246896979116816],[-16.675221265469784,28.246878429814647],[-16.675333183112755,28.24697391243263],[-16.67536962533424,28.2471628065866],[-16.675554308714492,28.24700129951743],[-16.675674035118565,28.246998459904315],[-16.676002028953242,28.247254578759478],[-16.67628893969227,28.247235573514],[-16.676403911710587,28.247273439372147],[-16.67649982988829,28.247392365175042],[-16.676488803757287,28.24751557194284],[-16.67691926288195,28.247556462029316],[-16.676980624179308,28.24759084276503],[-16.67704263896605,28.247730156079147],[-16.67740237283454,28.2477712626461],[-16.677608634587695,28.247947323149226],[-16.677656336071216,28.248048537579894],[-16.678026120378334,28.248240666751045],[-16.678100233283054,28.24832783900151],[-16.67845770844713,28.248406784428468],[-16.678668151937746,28.24851844492794],[-16.678791838383265,28.248521726866258],[-16.67904371973052,28.248398431095318],[-16.679171232719995,28.248480073277918],[-16.679280182032315,28.24837474169561],[-16.679428938975487,28.248413092286786],[-16.679641959101406,28.248316490056233],[-16.67978747056108,28.248378606377333],[-16.679902666589292,28.248268071446663],[-16.680144387674986,28.248277563335822],[-16.68022884856316,28.2483966993974],[-16.680161172649065,28.248574598221392],[-16.68044283568228,28.248497005450524],[-16.680336195154513,28.24877551373278],[-16.680672985462376,28.24915672286921],[-16.680946388003182,28.249237264058902],[-16.681398489141255,28.249224690363285],[-16.681760307479024,28.249403414979486],[-16.682512759406286,28.249518713881862],[-16.682987398357838,28.249982006078607],[-16.683164913272527,28.250035502942726],[-16.683299472566546,28.25014885771757],[-16.68354597672954,28.25017319350201],[-16.68373662484206,28.25024909884378],[-16.68390164941099,28.25050261184498],[-16.684298597818877,28.250859686877096],[-16.684654520134814,28.25094408577055],[-16.684865792612207,28.251217297057647],[-16.684870177710867,28.25165757186436],[-16.684935857862634,28.251806853465947],[-16.685326402762605,28.251902068494115],[-16.68523454832895,28.25208452744158],[-16.685256649496846,28.25222027660443],[-16.685150202596372,28.25233292816755],[-16.685131643240855,28.25243987522974],[-16.685196795348716,28.252558117881737],[-16.68541364412302,28.252599791438957],[-16.68538724754835,28.252992496987233],[-16.685887124566605,28.25306873637111],[-16.685980352473223,28.25322554713358],[-16.68645604630733,28.253303806481565],[-16.68657478736853,28.253386885268903],[-16.68675286790284,28.253361899687928],[-16.686755136386164,28.253456144641167],[-16.686814035255953,28.253507851646564],[-16.687055995709763,28.253526605439625],[-16.687056609070694,28.253636113679118],[-16.686760693395215,28.253816246371983],[-16.686921688728063,28.253909479579775],[-16.686963330746412,28.253994728081285],[-16.68716644268792,28.254016253519435],[-16.688875473775774,28.253816460561247],[-16.688997601047056,28.253836827214293],[-16.68914793658507,28.253940360419598],[-16.689106283087572,28.254001891850205],[-16.68830456961799,28.254206364587706],[-16.68762234169738,28.254648017585016],[-16.687203253102467,28.254858046339713],[-16.68729361743571,28.25495900091532],[-16.687660837286483,28.255069207218977],[-16.687818813832223,28.25543063900863],[-16.688142429164277,28.255711355300317],[-16.68813328437459,28.255846397811876],[-16.68801085250485,28.255993137110284],[-16.687389823910284,28.256213232812446],[-16.687265553150702,28.256401210379707],[-16.68738608689083,28.256588132409984],[-16.687933405766774,28.256974780878732],[-16.687843746066697,28.257173585299114],[-16.687877407542985,28.25731369438019],[-16.68816669066125,28.25745148483344],[-16.688908984076985,28.25742338695699],[-16.689171637090087,28.257532173851402],[-16.689592539197957,28.257575035893066],[-16.689686596889874,28.257631342590777],[-16.689692952633795,28.257704084921507],[-16.689472879615153,28.2581411867623],[-16.689388054242542,28.258214027668473],[-16.689142678019017,28.258071130615217],[-16.688771464929744,28.25802647087952],[-16.688478074295656,28.25816818485228],[-16.688329823625967,28.25837060150626],[-16.6880484356304,28.25832133730563],[-16.68791118123717,28.258385294867182],[-16.68793721628925,28.25863841616062],[-16.688534180704117,28.259942891040183],[-16.688463164389617,28.260187726437167],[-16.688047405618583,28.260554648954475],[-16.687893050055536,28.260773520592515],[-16.68788475013773,28.260957674446907],[-16.687992892327543,28.261276302896288],[-16.68770515348626,28.261894399719758],[-16.687722958453726,28.2620398126047],[-16.68808615812694,28.262580810075207],[-16.688114263261745,28.263171432144652],[-16.68799521367183,28.2634045690412],[-16.68797731216949,28.263549276856697],[-16.68778990617305,28.263700861933792],[-16.68755799111404,28.26400993739482],[-16.687242183752943,28.264183052494257],[-16.687143732696818,28.264391025934685],[-16.687151447952978,28.26457666053372],[-16.687479437375693,28.26518304538346],[-16.687482490694407,28.265286251079065],[-16.687344644556166,28.26535527850204],[-16.68693257310289,28.265306128493826],[-16.68660911628422,28.265369234438992],[-16.68654886921752,28.26546600182976],[-16.68653741306622,28.265612344624298],[-16.686704632857605,28.265732024376252],[-16.686632080625365,28.265888868234008],[-16.686638451898435,28.26607334622079],[-16.686148447427318,28.26635095047749],[-16.686030743000853,28.26662468068789],[-16.68585018666061,28.266771576114532],[-16.685790819340234,28.267060289324075],[-16.6856391971329,28.26718038484621],[-16.686088832354258,28.26727771846046],[-16.686391120538637,28.26727461890257],[-16.686277001248374,28.26740706733291],[-16.686280791052692,28.26755710254386],[-16.68654862599986,28.267715790838647],[-16.68688617692277,28.267783369997275],[-16.687278034592964,28.268030502235813],[-16.687257540487067,28.268081925813725],[-16.687313585544082,28.268164802955365],[-16.686984910975898,28.268473087255842],[-16.687016851201836,28.268863465383117],[-16.687196046057558,28.268959983257673],[-16.68716058709071,28.26903207787888],[-16.687204415140542,28.26907061381617],[-16.688152238935785,28.26940184504178],[-16.687635557094836,28.269488008222144],[-16.68767061292028,28.269726641226427],[-16.689001072450314,28.26982255567672],[-16.689508066736366,28.27001392833962],[-16.689702698607245,28.27024219386996],[-16.689722207694278,28.270322182679024],[-16.68964692460592,28.270441518774966],[-16.689297898826563,28.27064871221137],[-16.689635895400386,28.270705087990354],[-16.689749338390765,28.270781748912004],[-16.68917836390912,28.270890158865896],[-16.68930117143361,28.271024101845697],[-16.689275133806714,28.271286232191297],[-16.689516895007756,28.27136148682777],[-16.68898086946163,28.271630646023375],[-16.68831400691524,28.27212306858015],[-16.68807563049521,28.272365983183853],[-16.688113267323708,28.272528956511437],[-16.6884256035539,28.272612636277636],[-16.688680587449646,28.272840969311627],[-16.688768750702874,28.27311793221038],[-16.688751489895036,28.27327093481561],[-16.688612227369262,28.273470479288097],[-16.68794022558972,28.27372182219222],[-16.68790023479148,28.273797492653237],[-16.687958791086277,28.273923025451104],[-16.68813516758944,28.27406000750214],[-16.688733247320766,28.274298719540173],[-16.689075760603373,28.274349896379878],[-16.689244092858495,28.27442272012525],[-16.688926273050704,28.274489372473745],[-16.688038688840745,28.274509820760084],[-16.688016020443655,28.274552697782614],[-16.688249217433775,28.274769658762985],[-16.68873513842394,28.27488386153884],[-16.68892035645965,28.274973714171963],[-16.68853262520069,28.27509348347],[-16.689321131093955,28.275751565273293],[-16.68938638941255,28.275959229973378],[-16.689642222284828,28.276311730926075],[-16.688822142989938,28.276282615955907],[-16.68943701315182,28.276776878347544],[-16.689105149608636,28.276767987318436],[-16.688866297207674,28.276826172546194],[-16.68876247844556,28.277069139242073],[-16.688740274753798,28.277471015418676],[-16.688503987389467,28.277187852059466],[-16.688207860276023,28.277357117020145],[-16.688023882042422,28.277378433247005],[-16.68804720053209,28.27776458514824],[-16.68750314996779,28.277113132708593],[-16.68741431798374,28.277117118169514],[-16.687143740456428,28.277491017498395],[-16.686961747168137,28.277444261094256],[-16.68674170482556,28.277473601850275],[-16.68659049439914,28.277284234533433],[-16.68642528085256,28.277215430258412],[-16.686306319491315,28.276969981604715],[-16.68613631104287,28.27684266544557],[-16.685981928944685,28.276768943755936],[-16.685647642861365,28.276755110591324],[-16.6842871397158,28.27626479320207],[-16.684055345796818,28.276117298771634],[-16.683926153421204,28.27586908602446],[-16.683796851925678,28.275808318955885],[-16.683678465526203,28.275871146813884],[-16.683585343284232,28.276224531511424],[-16.68345994088194,28.276405218933096],[-16.6833223326497,28.27643209409421],[-16.68299506382348,28.276391183834065],[-16.682620380480177,28.27623931072334],[-16.68247429405299,28.276310510865173],[-16.682048578187242,28.2768942423733],[-16.682079693797228,28.277511965871945],[-16.68221980134071,28.27790994740306],[-16.682208876136038,28.27808398932098],[-16.681953595855948,28.278336307335366],[-16.681911021324833,28.278468503067813],[-16.681700643922284,28.278380033738106],[-16.68129974100128,28.278545249599627],[-16.681211305888606,28.27881473501496],[-16.680603103878678,28.27849687743835],[-16.680038061967604,28.278337051447377],[-16.679173599954822,28.277494299461402],[-16.67887979733009,28.277351348893923],[-16.67803160503435,28.277337225192476],[-16.677645239780897,28.277207321828403],[-16.677386409434064,28.27724019242801],[-16.676796218843574,28.27719229810672],[-16.67657560527199,28.277237422927232],[-16.675557421231243,28.276998577468063],[-16.675323573138932,28.277188169029102],[-16.675221259348085,28.277600954447482],[-16.675120679596102,28.277668610548186],[-16.674844705894024,28.27768751772135],[-16.67469962031633,28.277946954612446],[-16.674472634283333,28.277949827968097],[-16.674260661985407,28.27786975955284],[-16.674207924403976,28.277926359751397],[-16.674198254028756,28.278051110675587],[-16.673887501364227,28.27806908855518],[-16.67376296730617,28.278313020739112],[-16.673216778969245,28.27849777249257],[-16.672862882615203,28.27878846445392],[-16.672395978330734,28.278847609442384],[-16.67218209842132,28.27916095204242],[-16.671861115030946,28.27934066673465],[-16.67192703822934,28.279551112147857],[-16.671770030183943,28.279649635589617],[-16.671630619977645,28.27983053840093],[-16.67161396022778,28.279996220985293],[-16.671532814514325,28.280064358666905],[-16.671500939782938,28.280331593972775],[-16.67140984410853,28.28042064649861],[-16.67107084168252,28.28054291152776],[-16.67096268242782,28.28063607127252],[-16.67087262389098,28.280896076528933],[-16.670520089823306,28.281332424369563],[-16.67029950497364,28.281527747742228],[-16.67036571493606,28.282038824442456],[-16.670107193221376,28.282416407075402],[-16.66999596315186,28.282469750161667],[-16.66992274659763,28.282648975493306],[-16.669803207249977,28.282682060095144],[-16.669659460006113,28.282825904100115],[-16.669178794986426,28.2828184955603],[-16.669019304604326,28.283103462612832],[-16.668895117188733,28.283152342498894],[-16.668693647299587,28.283140798005437],[-16.6686237409225,28.283354637486966],[-16.66806463946092,28.283453593162132],[-16.6679910747271,28.283610729090764],[-16.66799417253342,28.283840859781908],[-16.667701870741848,28.283925292012558],[-16.667636659990436,28.284116114600632],[-16.667360658294317,28.28412656028757],[-16.667190612274265,28.284226537492348],[-16.667012641406103,28.284519381024086],[-16.666706489538118,28.28466780367713],[-16.666212266464647,28.285036848651252],[-16.66610490343506,28.285160751570704],[-16.66598407191064,28.285488273917267],[-16.665806937348453,28.285678006421602],[-16.665596854471993,28.285763164072403],[-16.66546199563375,28.28590227477338],[-16.663461301669148,28.287278361448827],[-16.66333698025327,28.287403046494653],[-16.663157981456685,28.28772521044934],[-16.66278112275618,28.287775429561762],[-16.662630244809908,28.287839357471675],[-16.662479311924653,28.287920757920844],[-16.66226700133127,28.28815697698048],[-16.66193719714385,28.288317084665746],[-16.66188525923285,28.288407531731174],[-16.661954968347928,28.28858948984889],[-16.661722608162076,28.288795339990937],[-16.661754379841568,28.28897140642833],[-16.661553666060012,28.28905124579042],[-16.660809410128685,28.289614784923963],[-16.66068055025075,28.289752229823456],[-16.660609565954232,28.29003452290729],[-16.65998606675667,28.290275450138992],[-16.65948068213788,28.290611685097115],[-16.65894220960886,28.290834869334912],[-16.658715375766814,28.29113479434457],[-16.658601160070724,28.291143834895436],[-16.658407705958787,28.29107153150066],[-16.658252201207794,28.29109002587862],[-16.65807424429266,28.291207127147864],[-16.658012602906645,28.291303322167305],[-16.65754520996643,28.29152328241384],[-16.65711139340004,28.291994228954223],[-16.65686078954841,28.29206600333504],[-16.656780561482883,28.29214191899701],[-16.655979703065704,28.292108171242663],[-16.655216462927967,28.292375897210093],[-16.65489767494425,28.29241658286579],[-16.654584962990356,28.292575888642094],[-16.653963778107236,28.292651859448487],[-16.65333643843021,28.293089617056413],[-16.652543234120667,28.2934778298094],[-16.652415243341537,28.29370420547713],[-16.652191988896057,28.293931156313178],[-16.65147232968097,28.29386376601273],[-16.651170997150768,28.294063357804337],[-16.650820481820624,28.29414167233343],[-16.650530769706027,28.29450241405775],[-16.650368595739113,28.294512027621963],[-16.65009021404755,28.294867144402076],[-16.649862594743787,28.294927943033414],[-16.649427057162402,28.294740290823384],[-16.64932914485569,28.294791290802944],[-16.649191038222842,28.294965225222906],[-16.64894438655,28.294976723950633],[-16.648796350382593,28.29517330391179],[-16.648675392946526,28.295211008400198],[-16.648039658083395,28.29501104064902],[-16.64778454220581,28.295055562071454],[-16.64715744503935,28.295299796801178],[-16.647050167008654,28.295261814964302],[-16.6469137506738,28.29536569404271],[-16.64682708970348,28.295321109832564],[-16.646628558880447,28.29535353915425],[-16.64634662262042,28.29528791734514],[-16.646095825533617,28.295369349321604],[-16.645886232571918,28.295319026792747],[-16.645858375777205,28.29548065461608],[-16.64578900232033,28.29556293111527],[-16.64565757091274,28.295524372960408],[-16.64552391806542,28.295638325208543],[-16.6453033826283,28.295640261183326],[-16.645050326100773,28.29563323893432],[-16.644863023380957,28.29555780987031],[-16.64462992681228,28.295846236394148],[-16.644497230844028,28.295895197259252],[-16.644295052928534,28.29587091893259],[-16.64397529833829,28.295648065577154],[-16.6438224594578,28.295384214420185],[-16.643609796565304,28.295463161157727],[-16.64330356708768,28.29539840306744],[-16.64321432638728,28.295238907083622],[-16.643080996731733,28.29518289714219],[-16.64298597294169,28.295284108269975],[-16.642873805445575,28.295320691111627],[-16.64277969599035,28.295300885902016],[-16.642663181151544,28.295160633801647],[-16.642534906396076,28.29523192119896],[-16.642365422494134,28.295233093786326],[-16.64224275610236,28.29506403578145],[-16.642107472161122,28.295061331104264],[-16.64196995578415,28.295168250957456],[-16.6417816334848,28.29557887232736],[-16.641535493686995,28.295358160129343],[-16.641199065823763,28.295377222218946],[-16.64109326209008,28.295137494352286],[-16.640925139396977,28.295035982025066],[-16.64079600096058,28.295157384199147],[-16.640661896865648,28.29510398031773],[-16.640522340518576,28.295280089770543],[-16.64030712221112,28.295320219148127],[-16.64009694849992,28.2952850563767],[-16.639703624083197,28.29492358824725],[-16.639628713409643,28.294932285402314],[-16.639405767424226,28.295117481499528],[-16.639061845860986,28.29510529397685],[-16.63888643995852,28.295039388368895],[-16.638673110756347,28.29512829894565],[-16.638379401630175,28.29496475570628],[-16.63833714512191,28.294740868622206],[-16.638211605356712,28.294586136639154],[-16.63779298402564,28.29447910642185],[-16.637514433314763,28.294250544738635],[-16.63729462007309,28.29418228166452],[-16.63651026762602,28.294449869101328],[-16.63622570481548,28.294308015503816],[-16.6358453520359,28.294004283811542],[-16.635067878960733,28.29372956631271],[-16.63475916197818,28.29370423915724],[-16.634692235143287,28.293573493953414],[-16.63417681588205,28.2936117205372],[-16.633895271360128,28.293763242514192],[-16.63350708488976,28.293554900466106],[-16.633266104538915,28.293553162721345],[-16.632845406409565,28.2934057104292],[-16.632587676773618,28.29345023476904],[-16.632344343091578,28.293369104592255],[-16.631981972237018,28.29351595748921],[-16.631736940329148,28.29353736916289],[-16.63158622917076,28.293517799386724],[-16.631376027146178,28.293405514729333],[-16.63102616279681,28.293463266449926],[-16.630187558741255,28.29337249215842],[-16.62949667604093,28.293083568160796],[-16.629312767414238,28.29311218784867],[-16.629117530744253,28.293221805451793],[-16.62864318939035,28.293300818867582],[-16.62844970256501,28.293289697754886],[-16.628314826197556,28.293185029308116],[-16.6280225796768,28.29309479996341],[-16.627703635246004,28.293126182803007],[-16.627208655022514,28.29281368477236],[-16.626682604039885,28.29267844295987],[-16.625458158105292,28.292123807465046],[-16.625249694080836,28.292114592823616],[-16.625039439385258,28.29203045641456],[-16.624381065891217,28.291914974552693],[-16.623538986095348,28.291604858949754],[-16.62326612864635,28.291415764443762],[-16.622429773151172,28.29110615130111],[-16.621844655367067,28.290797014404152],[-16.621222511227426,28.29032381748562],[-16.6209390626195,28.29039346168705],[-16.620335368864755,28.289966709303286],[-16.620304943469385,28.289767367075733],[-16.61971041858658,28.289493276675618],[-16.619539672297854,28.289324334003172],[-16.619085669247134,28.289323797820018],[-16.618954131554116,28.289277128325647],[-16.61874729026319,28.289029770886714],[-16.61859092995637,28.288700951438706],[-16.618275378214822,28.288416760532343],[-16.61817906306357,28.288228884040038],[-16.61775953758232,28.28792975130395],[-16.617310058248243,28.2875050562463],[-16.6172265137175,28.287287714774568],[-16.617051841998975,28.287225525919265],[-16.617009754262718,28.286977225195965],[-16.616601134510976,28.286686767792908],[-16.61647223632342,28.2865337869764],[-16.616110565877445,28.286304502724168],[-16.615922908376938,28.28603714890857],[-16.615281558130015,28.285580765185916],[-16.615109023114755,28.285315397230786],[-16.614467920468897,28.2850978964762],[-16.613931418134918,28.285163893126494],[-16.61392052016582,28.285076750806635],[-16.61409083688405,28.284864095814246],[-16.614134250439715,28.284687145192486],[-16.614124164066894,28.284613259947943],[-16.61396335317125,28.284475996135647],[-16.61388142387423,28.284073098532836],[-16.61363474733563,28.283920784640006],[-16.613279440825085,28.28354187394183],[-16.612972004304023,28.28299056198213],[-16.612737473932086,28.282852452529525],[-16.612669538263827,28.282762102889063],[-16.61256938266447,28.282502374525457],[-16.612314422235855,28.28263218530582],[-16.61183661672263,28.282411389721712],[-16.611740048583204,28.28229493443337],[-16.611696197546838,28.282104574390043],[-16.611843882827447,28.281770171967146],[-16.6114038152317,28.281699104384426],[-16.611225133532052,28.281539034310278],[-16.61114185257046,28.281526298910567],[-16.610917420358398,28.281814856728133],[-16.610689573288933,28.282310125746722],[-16.6103719726953,28.282328852641673],[-16.609582280730997,28.282228418948986],[-16.609453555722745,28.282129307867002],[-16.609440983561992,28.28203225732429],[-16.609114185779728,28.281866439175886],[-16.60903206393334,28.281707033379377],[-16.609005131458325,28.28148208791089],[-16.608566279088723,28.2814442085914],[-16.608401695618447,28.281367178689656],[-16.608024354321927,28.281419815448295],[-16.607575230838375,28.281403984500077],[-16.60729893645498,28.281165728710203],[-16.607103660633886,28.281088246171134],[-16.606703100142767,28.28040913816965],[-16.60669228353171,28.280265858832205],[-16.606776091270635,28.27987237741349],[-16.606690823481298,28.279700011089382],[-16.606457688896747,28.279640300815693],[-16.60568106335205,28.279729755822867],[-16.605463531399998,28.279690708060773],[-16.605366742663616,28.27959970093311],[-16.605105174872126,28.279533824560858],[-16.605201722969383,28.27947285433411],[-16.60526454448502,28.278916900220505],[-16.605180851992912,28.278665816635442],[-16.60504112467321,28.278559881185114],[-16.604858516378076,28.27861969657105],[-16.604662487217208,28.27860033995534],[-16.604256420099674,28.278354757686632],[-16.604157104126653,28.278231018673704],[-16.604207100441386,28.278090995702204],[-16.604427673724764,28.277836698434697],[-16.60464350934175,28.277354846827873],[-16.604825098375787,28.27718638315517],[-16.60480110034876,28.277108869912013],[-16.604387423854995,28.276661308193027],[-16.604239220149932,28.27667658644496],[-16.60399320741924,28.27682504850903],[-16.60389568576395,28.276807331551424],[-16.603876134859036,28.276699983497164],[-16.60407140723018,28.276526215896517],[-16.603891485409875,28.276363713358773],[-16.603542246073992,28.276195256518502],[-16.602651742666744,28.27595607754702],[-16.602483923104792,28.275825469705612],[-16.602505192972533,28.27554382145872],[-16.60256355232017,28.27546525121964],[-16.602978562771437,28.275417241962362],[-16.60323116108875,28.275300201608992],[-16.603163867893333,28.274918332586346],[-16.603094030084186,28.27484984046228],[-16.60285727671141,28.274819948520875],[-16.602650409510574,28.274668590338294],[-16.602624812325768,28.274490918160012],[-16.602782332204324,28.274137998343512],[-16.60262627897243,28.27403730567004],[-16.601966594551353,28.273934397874953],[-16.60185688984668,28.273817637740567],[-16.601826922888083,28.273593086704924],[-16.601901023652747,28.273312984873684],[-16.601867895731054,28.273047497495035],[-16.601924413486692,28.27292084598668],[-16.602684708579044,28.27230192928768],[-16.602690745414918,28.272194461219165],[-16.601917854215625,28.271930611884102],[-16.601800035009813,28.27182324250111],[-16.601385302880892,28.27189579249609],[-16.601212073519026,28.271982297029993],[-16.600990815310343,28.272217825236915],[-16.600928146911233,28.272614936941054],[-16.600848443502272,28.272731842068904],[-16.60045262537144,28.272842433603266],[-16.600321653549965,28.273103165605807],[-16.600163835838433,28.27321836826147],[-16.600004755947836,28.273221856233135],[-16.599804918483557,28.273028805978278],[-16.59970007557128,28.27305981630494],[-16.5995086264099,28.273230283990227],[-16.599169634879058,28.27334408718747],[-16.59902417741071,28.273324581324495],[-16.598903386749928,28.2731888154996],[-16.598321323594845,28.273313584141153],[-16.597828186814795,28.2735840564511],[-16.597480262303797,28.273550311203525],[-16.597011445974477,28.273647216402157],[-16.59691820421367,28.273615455558556],[-16.59687856111089,28.273472782668097],[-16.596817439594197,28.27342106200839],[-16.596588858183004,28.273474003183466],[-16.596302423745378,28.27325687032341],[-16.595782297610512,28.273105371338115],[-16.59574701617071,28.272899562395406],[-16.595642765365152,28.27284726201962],[-16.595189034321397,28.27238975971095],[-16.594873289669493,28.272346606878124],[-16.59462005557646,28.272516977027024],[-16.59445971549457,28.27251794622208],[-16.593997646532788,28.272218925809767],[-16.593683622552103,28.27214064286557],[-16.593879101746804,28.271925372092127],[-16.593680208689218,28.271815421681442],[-16.593554518390846,28.271575920499483],[-16.59358826826263,28.271446288759037],[-16.593351638009995,28.271334973064395],[-16.592968642639335,28.27146488742422],[-16.592623050976645,28.271292749029218],[-16.592442611570007,28.270984031485778],[-16.592336422744363,28.27043104377322],[-16.592337290513207,28.270160373737458],[-16.592163770652785,28.27011799323341],[-16.59198214094706,28.270215775120526],[-16.591912770396743,28.27012317472136],[-16.591964092204947,28.269680622041864],[-16.592104749048247,28.269453086874385],[-16.592059090665146,28.26920010653614],[-16.592091941096324,28.268948196719357],[-16.592333645969006,28.268900796044992],[-16.59256758015607,28.268701053170332],[-16.59261484354927,28.26849987626701],[-16.593060434383467,28.26816544856484],[-16.593206015868418,28.2679677276843],[-16.593548623238487,28.267816714325047],[-16.593598010353254,28.267498097021527],[-16.59404552802334,28.267231963080622],[-16.5947180319979,28.266295983052824],[-16.59478128083874,28.266004910335425],[-16.594752513988126,28.265674930944652],[-16.594339695566386,28.265429756468976],[-16.594021768996985,28.265348179953286],[-16.593902614058422,28.265156886227825],[-16.593915446511836,28.264861618744398],[-16.59403414883363,28.264625312866976],[-16.59428595076286,28.264332491487476],[-16.594578615554667,28.264230613169683],[-16.594534589855595,28.26360480948831],[-16.594635304900525,28.263362097720922],[-16.594744861230513,28.263251787861723],[-16.59497509486823,28.26318043805215],[-16.595217715315993,28.2629306181139],[-16.595504559552925,28.2627736179679],[-16.59578986030954,28.262768950303204],[-16.59650541805571,28.263154062988995],[-16.596814582841652,28.262998342587554],[-16.59700135156618,28.263056961068244],[-16.597156089779627,28.26302648887245],[-16.597430064045106,28.26308181300624],[-16.597714270187176,28.262894397815785],[-16.597864554651718,28.26286400398564],[-16.59802091095193,28.262685140883313],[-16.598133588250345,28.26284439576122],[-16.59846115382346,28.26287617648218],[-16.59896733047766,28.263053018819882],[-16.599165971714257,28.263183063586986],[-16.59969174396545,28.26381588733805],[-16.60003239319104,28.264620176855562],[-16.600156970930623,28.264716639000056],[-16.600280156628326,28.264726748144817],[-16.600571452487245,28.264595000425796],[-16.600765196904185,28.264112041364616],[-16.60076289733695,28.263823837110742],[-16.601233924597558,28.263452480417197],[-16.601700504936076,28.262891676554457],[-16.60183484718185,28.262806846028322],[-16.602283096852194,28.262768143354833],[-16.602472686779137,28.262621384613507],[-16.602690556751373,28.262538966969075],[-16.603317843876997,28.261279696876706],[-16.603663221162602,28.260767365219124],[-16.603927086807406,28.26066379278646],[-16.60479986278458,28.260039096403645],[-16.605086215556287,28.25999771962644],[-16.605568404339063,28.26002155711093],[-16.605748351899578,28.260223569603443],[-16.60574130950385,28.26043917803509],[-16.605794014810012,28.26054030630711],[-16.60617438343667,28.260758924074352],[-16.606437206835768,28.26177675829022],[-16.60646949198053,28.261821846550017],[-16.606635270959224,28.2618278211915],[-16.60674440154891,28.26178181007765],[-16.6068389589647,28.26160351062404],[-16.60715358641884,28.261653562892622],[-16.607735009027,28.261291427168793],[-16.60795485886104,28.261212353348746],[-16.608167067971774,28.26127342774978],[-16.60830371017517,28.26087724736124],[-16.60844359698897,28.26104746333962],[-16.608528420035963,28.26105197903603],[-16.60862638269614,28.26051696220463],[-16.60868240360318,28.260438922488255],[-16.60896289457328,28.260671009259323],[-16.609447072871586,28.260890795865684],[-16.60966413268705,28.261065056179373],[-16.609750127170333,28.261026111087354],[-16.60998761832617,28.261090079616057],[-16.610098639795165,28.261061515947713],[-16.610217847444332,28.260914375866932],[-16.610292007576525,28.260516764038385],[-16.60998754375385,28.26007399473062],[-16.609856033422723,28.259759245945148],[-16.60984401990055,28.25957774179951],[-16.60995975620381,28.25930144129625],[-16.60996327597598,28.259021562388295],[-16.6100615596405,28.258955379363098],[-16.61022323857983,28.258945884151476],[-16.610321531252826,28.258843023337977],[-16.610478081607866,28.258794113029126],[-16.610848381711495,28.25883712917276],[-16.611232492542495,28.258980384277717],[-16.611464651583702,28.25891917369061],[-16.611528172312394,28.258944849659834],[-16.611867594260655,28.259494907127962],[-16.611987147921756,28.260005014016322],[-16.612145295059193,28.26038654691038],[-16.612153508218938,28.260531995681596],[-16.61225352001489,28.260642932788528],[-16.612529212479938,28.260630221225814],[-16.612760610094625,28.260748433704478],[-16.61299919550026,28.26061492679677],[-16.61309217514011,28.260387446848423],[-16.613586605172742,28.260198618564544],[-16.613926033529456,28.26033681605549],[-16.614597945057202,28.260840674430597],[-16.61493745501636,28.260983389838334],[-16.61527133018683,28.260982881684896],[-16.615443575436604,28.260882410049],[-16.61557867874329,28.26088342083788],[-16.61585837796518,28.260582930427066],[-16.615999830865604,28.260508254606926],[-16.61628613855335,28.26052021954257],[-16.616419293721545,28.260631275827148],[-16.616918240244022,28.260371283573978],[-16.617196009069357,28.260293666660147],[-16.617692593544664,28.260268962173214],[-16.618223499392002,28.26035099366715],[-16.618342260557355,28.2602162614268],[-16.61844190694128,28.259894478679243],[-16.61860544715547,28.260031074502596],[-16.61868862292007,28.260237572844343],[-16.6188450013263,28.260252966853088],[-16.619020685821575,28.260055973334026],[-16.619089514362898,28.259758299982778],[-16.619190026029088,28.259860760501034],[-16.619215924159093,28.259772965705736],[-16.61926704598113,28.259819109127864],[-16.619274922199807,28.26013043078774],[-16.619341341575257,28.260027417999687],[-16.619477847221813,28.260036314197695],[-16.619581228321305,28.259635491046865],[-16.6196753030652,28.259920268340572],[-16.619969704064314,28.26025652246197],[-16.620228362512016,28.259919063072648],[-16.620388074394917,28.259906203800814],[-16.620419781070943,28.25971057299813],[-16.62049283794336,28.259623274629377]]]}},{"id":"141","type":"Feature","properties":{"categoria":"Monumento Natural","nombre":"Montañas de Fuego","codigo":"L-08"},"geometry":{"type":"Polygon","coordinates":[[[-13.747385783655691,29.00828140107159],[-13.745304180657893,29.006979395067418],[-13.74320372087686,29.006128619982626],[-13.742893755179804,29.00609870966387],[-13.742443234240291,29.006288428636744],[-13.740409356807827,29.008060036085055],[-13.73992141821047,29.00843537848297],[-13.738984343650454,29.009077375256503],[-13.73828054287348,29.009480431336616],[-13.73751238085131,29.009728509959725],[-13.735009368738032,29.010074048643],[-13.734654717384648,29.010033744133068],[-13.73441200813707,29.00979507242794],[-13.73436064522682,29.009470716364415],[-13.734391492275629,29.009052392391062],[-13.734913116634521,29.00768351534066],[-13.73499945138953,29.00700466245247],[-13.735024782348725,29.005949939463743],[-13.735086766630532,29.005725977151222],[-13.735252003700921,29.005483790808164],[-13.735697652042434,29.005162089833508],[-13.736085603497168,29.004985378477656],[-13.738891664968031,29.00434578113285],[-13.739031246108773,29.004284576055998],[-13.739164476851718,29.004134209433655],[-13.73924963071113,29.00380376210856],[-13.739579748890511,29.00104541405649],[-13.73943806420371,28.9987627504894],[-13.739368143704018,28.997043058831835],[-13.739402193475986,28.996862882029507],[-13.739699230863673,28.99636865316801],[-13.740008084452993,28.99606456069333],[-13.741443388565845,28.995456233433877],[-13.74172023160828,28.995163677664927],[-13.74263759908497,28.994991323121138],[-13.74336157908118,28.994773988839306],[-13.74401849022222,28.994768441096653],[-13.74507388376107,28.994875007896805],[-13.746347193288939,28.994843317104163],[-13.74759773911447,28.995169759866588],[-13.747860778503199,28.995339711050498],[-13.74801572611752,28.995620418454575],[-13.748072579754572,28.996109010451644],[-13.748061977758333,28.997217150947915],[-13.7482104853902,28.99756913033635],[-13.748476695488304,28.997830946526303],[-13.748849768858447,28.998057080067873],[-13.749947737796308,28.998345693397827],[-13.750052648170856,28.998325451661927],[-13.750234726181674,28.99818130355182],[-13.750753164561662,28.99798396680438],[-13.751055892689504,28.997968585950392],[-13.751630728189504,28.99806329878207],[-13.751954201062448,28.997951515831137],[-13.752173955823473,28.9977880768096],[-13.752223857800999,28.997691351670657],[-13.752088302254132,28.99739827539471],[-13.752137979197627,28.997200623520158],[-13.752400675829156,28.996962496122524],[-13.752925141855478,28.996617921432826],[-13.753132475564273,28.99626765072103],[-13.753199995213715,28.995859208395366],[-13.753310653594077,28.99567107422436],[-13.753402290084276,28.995642936303554],[-13.753693943206793,28.995757801350777],[-13.75392599264614,28.995756622458014],[-13.75428650885981,28.99584213504444],[-13.754750673784097,28.995758930946394],[-13.755543152561781,28.99522391325573],[-13.756087299504522,28.994314182906855],[-13.756512252991763,28.99420274999624],[-13.756782874577146,28.994024891589227],[-13.756964189568667,28.99398773441956],[-13.757127625561749,28.99406533405032],[-13.757502717839781,28.994535205425397],[-13.757681941057852,28.994628409879706],[-13.757922368104554,28.9946475351526],[-13.758051844749943,28.994945323906165],[-13.75828076724987,28.9952606278803],[-13.758447388600317,28.995721350958004],[-13.758452712607166,28.995853090642523],[-13.758360210097521,28.9960242226662],[-13.758067431723147,28.996224540817238],[-13.758036147689285,28.996505826834273],[-13.758151893553979,28.996588760550264],[-13.758458737149885,28.996668414461187],[-13.758686213835697,28.996947045510428],[-13.759119306949536,28.997265253217858],[-13.759605470768294,28.997422169980265],[-13.759812670016663,28.997712642185427],[-13.759986540262402,28.997659799400335],[-13.759968635447526,28.997233372803752],[-13.759835305319536,28.997027251707504],[-13.75952326348804,28.996842855717503],[-13.759465593184027,28.996737933130877],[-13.759510078215374,28.99657155552855],[-13.759655624041354,28.99634937127057],[-13.759608001672483,28.996045985846212],[-13.759632253228792,28.995902831915984],[-13.759709082983914,28.99579582028263],[-13.760046667122792,28.995732069613815],[-13.76014042262804,28.99535245590864],[-13.76039593950584,28.99509127787128],[-13.760594070115813,28.994536018972774],[-13.760814297131638,28.99434846428294],[-13.760951852973115,28.994310302681377],[-13.761187752091859,28.994351040013196],[-13.76133584705023,28.994548207857203],[-13.761529984011492,28.994668537999576],[-13.761846849276548,28.994723593492964],[-13.76208479798096,28.994888800847274],[-13.762256470772469,28.99491652666511],[-13.762385575424808,28.994915693796063],[-13.763489946415218,28.994484135475503],[-13.76387162031854,28.99444823420396],[-13.76415608043642,28.994486795685127],[-13.764818137616066,28.994804779705873],[-13.765610476098068,28.99542763435115],[-13.76577950747962,28.995643319213496],[-13.76590609576734,28.99596504435125],[-13.766268766515518,28.99614671365815],[-13.766322420796405,28.996414053057837],[-13.766407788302322,28.996483127604364],[-13.766572666944416,28.9965024105613],[-13.766755561563269,28.996270010935675],[-13.76710109178176,28.99618005305002],[-13.76738158574848,28.995778158316295],[-13.767836120559656,28.99585872096141],[-13.768172903846546,28.995962597269173],[-13.768359107020164,28.99611576772649],[-13.768947899760963,28.996370834074117],[-13.769223891767622,28.996864891447736],[-13.769828719283737,28.99739617138357],[-13.769801613892596,28.997538741750123],[-13.769483459553634,28.998052484812227],[-13.769373393339931,28.99877519869771],[-13.769535340291117,28.999080494170368],[-13.770039677706912,28.99935022440237],[-13.770158930379212,28.999471012307403],[-13.77028640668055,29.00019099063409],[-13.77029344179363,29.00054020873292],[-13.770379689736547,29.000636011501808],[-13.770556884950636,29.00065264980445],[-13.770721892839166,29.000800442986005],[-13.770788569102168,29.001051149673618],[-13.770768364996146,29.001287199594145],[-13.770634532520695,29.00130863696191],[-13.770431613408952,29.001206722180537],[-13.770257074313196,29.001198040846575],[-13.769672847934542,29.001310676185142],[-13.769354101829267,29.001429629719908],[-13.769082475085012,29.00168113789647],[-13.7688820454822,29.001948712109726],[-13.768567870608619,29.002907991583808],[-13.767984455030202,29.00310018080521],[-13.767183453025602,29.003699441093463],[-13.766726997366138,29.003767452122545],[-13.765932595214236,29.003678873374696],[-13.765627389667534,29.00369064572281],[-13.765219805238308,29.003782357479913],[-13.764785569986161,29.003970704749953],[-13.764532708070817,29.004238981440295],[-13.763717066148725,29.005586217994015],[-13.763589988280373,29.00572958175654],[-13.76232843177137,29.00675301005072],[-13.761732292353114,29.007062458213177],[-13.761054968796358,29.007302557461063],[-13.760964273987536,29.007507478465673],[-13.761070992562153,29.007859501269124],[-13.76104679690628,29.007970310715947],[-13.760410330788726,29.008502465723993],[-13.758812967086786,29.00893695068516],[-13.758499965095963,29.008912535174133],[-13.758251439274481,29.0084208857882],[-13.757915889119042,29.008321327466817],[-13.757494906265693,29.00805838719325],[-13.75713109234363,29.00713636790566],[-13.756332319066487,29.006708493577914],[-13.755949500851754,29.00626005357445],[-13.755579586394058,29.006140109281677],[-13.755291574550812,29.005922714437002],[-13.755142951975943,29.005878885074917],[-13.754850050806764,29.005939282244306],[-13.754126891764182,29.006300847078307],[-13.754236459841103,29.006507430177297],[-13.754221088784487,29.006922709245305],[-13.754161177161096,29.007042292271873],[-13.75388441247731,29.007263406436447],[-13.753845664152273,29.007426215880923],[-13.754059357711185,29.008015893521982],[-13.754125967777133,29.008351223571548],[-13.754028030716324,29.008573264692657],[-13.753774023063501,29.008752407486288],[-13.753245566208216,29.00874028588094],[-13.752815125300701,29.008417751828507],[-13.752318923534494,29.008264128053707],[-13.750243699384562,29.008475880085996],[-13.748445728108374,29.0085970552902],[-13.748015004587858,29.008544525793827],[-13.747385783655691,29.00828140107159]]]}},{"id":"142","type":"Feature","properties":{"categoria":"Monumento Natural","nombre":"Islote de los Halcones","codigo":"L-07"},"geometry":{"type":"Polygon","coordinates":[[[-13.819139144461431,29.007219213398386],[-13.818813058670186,29.007150727448277],[-13.818463159283407,29.006968172767582],[-13.818079414077298,29.006624016873694],[-13.817559343112027,29.006365588713813],[-13.816620675872302,29.00570868666406],[-13.816493838246554,29.005595804988634],[-13.81646121808878,29.00548895130762],[-13.816423644404292,29.00441500517925],[-13.816509110679535,29.004197868790072],[-13.816659062953002,29.00401457506292],[-13.81671910285131,29.003346536370977],[-13.816934129661709,29.002575623870364],[-13.817359352076721,29.002214668335895],[-13.817796908493136,29.001657310799715],[-13.818329645691676,29.001320130735415],[-13.818601259579081,29.001354575002367],[-13.818758970540689,29.001460578278063],[-13.81883157205035,29.001641065383538],[-13.818778510510844,29.001811414159015],[-13.818781066851148,29.00206688762208],[-13.818737146359952,29.002202525549112],[-13.818575416718813,29.002395600556497],[-13.8183112695708,29.002513129643482],[-13.81819817315206,29.002809597286628],[-13.818007547744536,29.003105960604817],[-13.81791882212924,29.00359902495597],[-13.817903380786255,29.00406096599817],[-13.81780193998766,29.004245924296157],[-13.817753138393567,29.004503527009945],[-13.817928242435645,29.004867662125957],[-13.818574808138145,29.005770489331685],[-13.818829428042141,29.005960599504572],[-13.819087376371796,29.00608198648018],[-13.819499067742274,29.0064135425418],[-13.819604813950095,29.006532589759548],[-13.81972008826473,29.006796119583594],[-13.819933955644053,29.006912072896696],[-13.820018343995761,29.0070134509539],[-13.819902153163145,29.007090694985468],[-13.819139144461431,29.007219213398386]]]}},{"id":"143","type":"Feature","properties":{"categoria":"Monumento Natural","nombre":"Roque Blanco","codigo":"G-7"},"geometry":{"type":"Polygon","coordinates":[[[-17.240723489374506,28.16833565389542],[-17.240582692467736,28.16845339470565],[-17.23998659464653,28.168378422056808],[-17.239823401631504,28.168208658480385],[-17.23975543734681,28.168015680891067],[-17.23978582912447,28.1673387122994],[-17.239853664692085,28.16692930135341],[-17.239919376413333,28.166773342825365],[-17.240108744743463,28.166607780661447],[-17.240865757059037,28.166181947026285],[-17.241270238327548,28.166047827369074],[-17.24143874262959,28.16580820893456],[-17.24163415617586,28.16574094441943],[-17.242022829300033,28.16570823179516],[-17.242149391538767,28.165630183483056],[-17.242268052432564,28.165728866953984],[-17.242623250749606,28.165366342789312],[-17.243400996411715,28.165237290723095],[-17.243592211584307,28.165047015616747],[-17.24367533613685,28.165058736977784],[-17.24370197728134,28.16464720259749],[-17.243751051190852,28.164598304568404],[-17.244174488427745,28.164923084499875],[-17.244233052538323,28.165322998825705],[-17.244414120393714,28.165557322900117],[-17.244487726697212,28.165755908120534],[-17.24542576543504,28.165120802465065],[-17.24729561113606,28.164532703328067],[-17.24749340092676,28.1644011464481],[-17.247684673021237,28.164142911271348],[-17.247894719389304,28.16410481347434],[-17.248478451924942,28.163801729966877],[-17.248854754600053,28.163843994748447],[-17.2494312497639,28.163808392603197],[-17.25026829081401,28.163871920609807],[-17.250787900068826,28.163828522333446],[-17.25113933617372,28.16397030936613],[-17.251746156371706,28.16449257184293],[-17.252022186760932,28.164796570371482],[-17.25201761763433,28.165201615230362],[-17.252190347818747,28.1653491902271],[-17.25223592934151,28.165448715014634],[-17.252224026515645,28.165711169753827],[-17.252379814514764,28.166149831432172],[-17.252697184009563,28.166273270945727],[-17.252928895491657,28.166533322782428],[-17.253376753397752,28.166663329486326],[-17.253114620125498,28.16682902370781],[-17.25282116149012,28.166907996836493],[-17.25250909046662,28.166568581812452],[-17.252192029606483,28.16646039502293],[-17.252091778204573,28.166370458964927],[-17.251978396771708,28.166123726345468],[-17.251573059231095,28.165525867036017],[-17.251353233346016,28.16544805705742],[-17.25113338569998,28.16546596507407],[-17.25081511159194,28.165338639746192],[-17.250753986196102,28.165372857936017],[-17.250486734922504,28.165300915311246],[-17.250338186628493,28.165326804506456],[-17.25012436617645,28.165032936621568],[-17.25006099960093,28.165198588247712],[-17.25006370375084,28.165509275544174],[-17.250118305975747,28.1657207660327],[-17.24989977450315,28.16590524569889],[-17.249840462739865,28.166262753939108],[-17.249102723976147,28.166152819570108],[-17.24891526706727,28.166225928225707],[-17.24867103284433,28.166410873396455],[-17.24809984522443,28.166577790605242],[-17.247697789197804,28.166412608849193],[-17.246950864483907,28.166476483243528],[-17.246768800222146,28.166622597500055],[-17.246390823399008,28.166486522510812],[-17.246187770092245,28.16668998905888],[-17.246067519881734,28.166899495819422],[-17.246057025642873,28.167098990626318],[-17.245976769674993,28.167156431721917],[-17.245818438662106,28.1674975800247],[-17.245546484990857,28.16789283642386],[-17.245531727686604,28.168127140486458],[-17.245644061512262,28.16840619015609],[-17.245429905798556,28.168317215272165],[-17.245398666627665,28.168152422532017],[-17.245297883037654,28.168007087573194],[-17.245373342596572,28.16762245377011],[-17.245356195131254,28.167483958088646],[-17.24526424685512,28.167498369401414],[-17.245246535835218,28.167683906356714],[-17.245165093780148,28.167708973142126],[-17.245042401817255,28.167616422115906],[-17.244670819061252,28.1671414882011],[-17.24418341439138,28.166912620011523],[-17.243928012550306,28.166862035776713],[-17.2437654136623,28.166906297943726],[-17.243793572438427,28.16726514078803],[-17.24371409650542,28.167423447354313],[-17.243191557490047,28.167921339838177],[-17.2429543095629,28.168257823040136],[-17.242799997985404,28.16830411393794],[-17.242613555696472,28.16824517895216],[-17.242151868985413,28.16826329889842],[-17.24202841992987,28.168378471986717],[-17.24190575319084,28.168619054901885],[-17.24131399000218,28.168883921853777],[-17.241221328426967,28.169030261680422],[-17.24122493563464,28.1696281714298],[-17.24112601961857,28.16980177350517],[-17.24104256492312,28.16938365028679],[-17.240734187375175,28.169009542715976],[-17.240723489374506,28.16833565389542]]]}},{"id":"144","type":"Feature","properties":{"categoria":"Monumento Natural","nombre":"Los Roques","codigo":"G-12"},"geometry":{"type":"Polygon","coordinates":[[[-17.217542890184873,28.111603563515185],[-17.21751150913415,28.111791703060675],[-17.21733696687572,28.112073673498735],[-17.216959399867005,28.112396979126817],[-17.21694031974186,28.112766569015317],[-17.216785634022706,28.113029449077025],[-17.215967265837904,28.113975337420353],[-17.21557283613925,28.114273953568027],[-17.21507511269033,28.114488723532126],[-17.21441470055408,28.11510188541843],[-17.21380685835499,28.115455585365805],[-17.213535265315972,28.115724898164093],[-17.21290189448605,28.116010338718144],[-17.212635096325997,28.11628534740438],[-17.212532967974006,28.11646132775882],[-17.212256253791942,28.11656577353303],[-17.211812444547,28.116557055236292],[-17.211515984098014,28.11664656869857],[-17.21144809289173,28.116973408204924],[-17.21160030080609,28.11755124574966],[-17.211615199003955,28.11779608032398],[-17.211562451365754,28.117903768307297],[-17.21143455690889,28.117974951109353],[-17.210944432732642,28.118102535799892],[-17.210900186526242,28.117962457757525],[-17.210826864099623,28.117935487604008],[-17.210385377925245,28.118109721639552],[-17.210086166997122,28.1179860540022],[-17.20975777592999,28.11795805288085],[-17.209548327574083,28.117834199991385],[-17.208938790096678,28.11763026140705],[-17.208429034387375,28.11768151790152],[-17.208318463650897,28.117734011000614],[-17.208166934828487,28.117680056273624],[-17.207752004556422,28.117739888639452],[-17.20760116764104,28.117580619132468],[-17.207248209818214,28.117486054029406],[-17.206933239936077,28.117179097196075],[-17.206746637623965,28.117136894608198],[-17.206809692402867,28.116762040027993],[-17.20640912685987,28.11647955989708],[-17.206267512477,28.11621880750364],[-17.20640928841407,28.11599545195984],[-17.20658245715051,28.11610735153972],[-17.20674627100408,28.11610038289106],[-17.20711818459981,28.116186523198852],[-17.207232400636254,28.116033812699992],[-17.20721830453924,28.115792844324133],[-17.207322656670716,28.115744873773977],[-17.207420425193018,28.11579780051041],[-17.20758586116614,28.115765719713874],[-17.20767730453862,28.115644055212694],[-17.207536507249692,28.115418301800005],[-17.207271109698056,28.115220812938755],[-17.207251112468715,28.11482591018205],[-17.20694339379513,28.114554568842575],[-17.206946841475073,28.11441483111659],[-17.20708666156616,28.114304840351906],[-17.207101106699895,28.114215095635277],[-17.20697870925369,28.113888795233375],[-17.206830820116693,28.11373895164223],[-17.206774948956593,28.113485571758645],[-17.206911948760414,28.113168359104133],[-17.206198127747935,28.1128351563402],[-17.206238425050767,28.112591417249433],[-17.206183621922044,28.112325477285818],[-17.206382685101744,28.112176454991044],[-17.20664270211269,28.112355173728815],[-17.20674046084184,28.112368037365254],[-17.20680388819655,28.112110841841588],[-17.20688240106937,28.11201880237104],[-17.207516748978566,28.111840933038227],[-17.20761694700565,28.11148605324395],[-17.207977048952287,28.11113306892117],[-17.208309679544005,28.111123162772955],[-17.208394810494344,28.11103633969052],[-17.20849002108805,28.110746147247948],[-17.208347971279636,28.110270285913124],[-17.208488816056157,28.11008150315899],[-17.20856552162714,28.109767335865968],[-17.2086930982327,28.109517136890922],[-17.209112479779,28.109010753483147],[-17.20945642388234,28.10890026818467],[-17.20985330159776,28.108626778320623],[-17.210047878562875,28.10861191107632],[-17.210103084014364,28.10856464079482],[-17.21024347437659,28.10825421033172],[-17.210242783350576,28.108000682129198],[-17.2104585995759,28.106938442297054],[-17.210615289251965,28.106734666910256],[-17.210901575706153,28.106525977036945],[-17.21111424569815,28.10599337914125],[-17.21141117132182,28.105724556256334],[-17.21144425416153,28.105294500041698],[-17.211514759896538,28.105068048559616],[-17.21142687933868,28.104601368560125],[-17.211286232961495,28.104332457095158],[-17.211411634009522,28.10396885792246],[-17.211629315494527,28.103706645773414],[-17.2122643018963,28.103240358608918],[-17.212387520426805,28.103001686681033],[-17.213046995362507,28.102395228643598],[-17.213255884716315,28.10237325045282],[-17.21338693781421,28.102497480302112],[-17.213806024147214,28.102603416025108],[-17.21422860345297,28.102611841434996],[-17.21480911730699,28.10279376051902],[-17.21541147205619,28.103473866018035],[-17.215678098347674,28.10364776906457],[-17.216080548238047,28.103820288238733],[-17.216248001947935,28.10404081976901],[-17.216335626766977,28.104343130152937],[-17.21620933671029,28.104823049854662],[-17.21630762453198,28.10550534271142],[-17.216174132266822,28.105743913238726],[-17.216127487462778,28.10622714724508],[-17.216020420110947,28.106478987963218],[-17.21568804000987,28.10659188299051],[-17.215595512434128,28.106668922150476],[-17.215090596726444,28.106736076409966],[-17.214525024716014,28.10689762775624],[-17.213462794556367,28.107382483032445],[-17.21365545407952,28.10869491823012],[-17.213600530301356,28.108929240053623],[-17.213388746669377,28.10931037859048],[-17.21338527424584,28.109522845083763],[-17.213521638444526,28.109671333661023],[-17.213780877615914,28.109698007247633],[-17.21400730942894,28.10959401027636],[-17.214509569337345,28.10920971255896],[-17.214810948326026,28.109142762670793],[-17.2157958916805,28.109080826217962],[-17.21633703624124,28.109207157903136],[-17.216603184930538,28.10941147486911],[-17.217204076124766,28.110181195668627],[-17.217256617408257,28.11040520815169],[-17.217221384123636,28.111022435027117],[-17.217542890184873,28.111603563515185]]]}},{"id":"145","type":"Feature","properties":{"categoria":"Monumento Natural","nombre":"Idafe","codigo":"P-12"},"geometry":{"type":"Polygon","coordinates":[[[-17.876097339923717,28.713033263236518],[-17.875965376877637,28.712995390066233],[-17.875850686341376,28.71283085756921],[-17.875579773317057,28.712700560771264],[-17.875459236816788,28.712575110472073],[-17.875454056572835,28.712475195751168],[-17.87564727389728,28.712261798736453],[-17.87578365457155,28.712220380999103],[-17.876105820777283,28.712301473187573],[-17.876283677994213,28.71240719372033],[-17.876297236295354,28.712562323073836],[-17.876374826591576,28.712713022956187],[-17.87621128610923,28.712820054814852],[-17.876180463570563,28.712961155040055],[-17.876097339923717,28.713033263236518]]]}}]}