{"type":"FeatureCollection","features":[{"id":"0","type":"Feature","properties":{"categoria":"Paisaje Protegido","nombre":"Ventejís","codigo":"H-6"},"geometry":{"type":"Polygon","coordinates":[[[-17.969572949251653,27.788079603218257],[-17.969769377186395,27.788264682820483],[-17.970050643557624,27.788771818596242],[-17.970251870122237,27.79002424956132],[-17.970722326586333,27.791765760464422],[-17.971287825209625,27.792015640797803],[-17.96932205613111,27.79409029343809],[-17.966881416315374,27.796043066231118],[-17.966475981876187,27.796454192301216],[-17.96626443464096,27.79674361152868],[-17.96609402773869,27.797106116079355],[-17.965996720095603,27.798184013682818],[-17.965014385207542,27.798117256821286],[-17.9640070357076,27.79792870943615],[-17.962679317616065,27.798120487969836],[-17.96220564515737,27.79838413555611],[-17.961904569159685,27.798466370302904],[-17.96115973148048,27.79849407805395],[-17.960877758852824,27.798607473263186],[-17.960552336087897,27.798652340423168],[-17.960070509147414,27.798952238800457],[-17.959550798640528,27.799089673030107],[-17.9593574292978,27.79925348561737],[-17.95875581446499,27.799599066949554],[-17.95842979914536,27.79954363163189],[-17.956548033633588,27.79969653025169],[-17.954185657421828,27.800030453227667],[-17.9539775901487,27.800131337995815],[-17.953294390549086,27.800735553316137],[-17.952615409507917,27.800989760803585],[-17.952175178356725,27.80124228658782],[-17.95140525592169,27.801915101837768],[-17.95131636976545,27.80222569248913],[-17.951409879991193,27.802641263252088],[-17.951136419760108,27.803295341566745],[-17.951170322452597,27.803442376466787],[-17.951527356124025,27.804107959788713],[-17.951584332941263,27.804406681015553],[-17.95142382440047,27.8048785608431],[-17.951369381557594,27.805221160270232],[-17.95137706905193,27.80552039435209],[-17.95152481991611,27.8061483257139],[-17.951468462681383,27.80637513976517],[-17.95126141593004,27.806821854630023],[-17.95137312537956,27.807632505121855],[-17.951357198883148,27.807745063755046],[-17.95119137559184,27.80805062445029],[-17.95112013963967,27.808342525520196],[-17.951216839503378,27.80893952499147],[-17.95119686156395,27.809246564248728],[-17.95112124097535,27.809350930654503],[-17.950606364478414,27.80951935252088],[-17.95048201176164,27.80979795589462],[-17.950195089816706,27.809966193062994],[-17.950195112461312,27.81007958333831],[-17.950147373946642,27.810130037616755],[-17.949912090673465,27.810155724988718],[-17.949661342912414,27.81027736243915],[-17.94948416558037,27.810275827304167],[-17.949270540274952,27.810183239707435],[-17.949147097694503,27.810221690293634],[-17.94882918660156,27.810418370978642],[-17.948740973253937,27.810581637243516],[-17.9482976889445,27.810801743551334],[-17.948228791463006,27.810891438538132],[-17.948286276055608,27.811051411201827],[-17.94822773292444,27.811317781922337],[-17.948100624184622,27.811573529714313],[-17.948034310897615,27.812014166913208],[-17.94792044162929,27.812373189977453],[-17.94789353671682,27.812714117766042],[-17.947764909106482,27.812947526325498],[-17.947550863273694,27.813169950003733],[-17.947412620031546,27.813599494475977],[-17.947304149535558,27.813602713511223],[-17.946900252057297,27.813411079330905],[-17.946964939912544,27.81396537635259],[-17.946748175708926,27.814226235875392],[-17.946563401015016,27.814005203825054],[-17.946292660674192,27.813531075935696],[-17.945964275497296,27.813153767479605],[-17.945716738834477,27.812684650251843],[-17.945672278205024,27.812413262551015],[-17.945324555359267,27.811964685435765],[-17.945152916654724,27.811439371173233],[-17.94504925113639,27.811259725022076],[-17.94465947865249,27.810997059221105],[-17.94458941421501,27.810791798295472],[-17.944593444280617,27.81061409334309],[-17.94433702693396,27.81068758132719],[-17.944231521670694,27.810796818786308],[-17.94415776509887,27.81057124941562],[-17.943943118284945,27.810497077499065],[-17.943524602569507,27.81048119830852],[-17.94337123472396,27.81062140506314],[-17.943263339866267,27.810954227622144],[-17.94287730980265,27.81124381883737],[-17.94267434909775,27.811501360374763],[-17.941933757893853,27.811758006499936],[-17.941567405801493,27.81196490529489],[-17.941349599865983,27.81212732168053],[-17.940384489145018,27.81307306245071],[-17.939887627199496,27.813162130239103],[-17.93974539469083,27.813286670580833],[-17.939649340429426,27.813490872869195],[-17.939735716286226,27.81402306338399],[-17.939637154315246,27.814092819145703],[-17.939599777776845,27.814211787768325],[-17.93965575086263,27.81455699358436],[-17.93961123419262,27.8147121974866],[-17.939303814141084,27.81478730460839],[-17.93906066830605,27.814612068158173],[-17.938844676538185,27.814540894075513],[-17.938112112210934,27.81450342563358],[-17.93769593712493,27.81464473924556],[-17.937536763793233,27.814799677468887],[-17.937445984483876,27.814781764335176],[-17.937260930039997,27.81461611278674],[-17.937053607640202,27.814699575277807],[-17.937036362025694,27.814829273584213],[-17.936793619569738,27.815083414496424],[-17.936759462498635,27.815284403293095],[-17.937097862845068,27.815869866828706],[-17.937358822515016,27.816179137395224],[-17.93696843103353,27.816677277278306],[-17.93671207243936,27.81729254006264],[-17.936064614733027,27.817927852857167],[-17.935859058585667,27.818282234180277],[-17.93577776025592,27.81857894436642],[-17.935634923035032,27.818698785045342],[-17.93550556048125,27.81871914613654],[-17.935415544277514,27.818654307414214],[-17.935179557915575,27.81787812631836],[-17.935007251425066,27.817733850629534],[-17.934592056302648,27.81753700788018],[-17.93445337828135,27.81754897824367],[-17.934283376769933,27.817678885175265],[-17.933755707039058,27.81775144786209],[-17.93326606640647,27.818068566226078],[-17.9332005601405,27.818235941881216],[-17.93309153882533,27.81833207609106],[-17.932978351376537,27.818311028185867],[-17.93253752325171,27.8179532514309],[-17.93235175478769,27.818100630810743],[-17.932112088970968,27.818167968020866],[-17.931684804720916,27.818011966919325],[-17.93146293052799,27.817571052619225],[-17.93145663021112,27.817336645070455],[-17.93154273975171,27.816992024210453],[-17.93202105952982,27.81621599267637],[-17.932240885791305,27.81601466723682],[-17.9324393364139,27.81573531464703],[-17.932495106907268,27.81528128414848],[-17.932314676405262,27.814947740023158],[-17.932156909726785,27.8147778929517],[-17.931804521888516,27.81453911241052],[-17.931686977054753,27.814355780930978],[-17.9314990977807,27.81434894766023],[-17.931175298232624,27.81411677462933],[-17.930821484878557,27.814089109013494],[-17.93035313440361,27.813725593756686],[-17.92991094796162,27.81360327952873],[-17.929716156305094,27.813116140824903],[-17.92926862675467,27.81271916306839],[-17.929275415170924,27.81258280430499],[-17.92911205874327,27.81255587178951],[-17.92862607668378,27.812646201870947],[-17.92780335557375,27.812622886464307],[-17.92737153047631,27.81250079484987],[-17.927148733580907,27.8123419732453],[-17.927053810181445,27.81215057981982],[-17.9269408318052,27.811645463292706],[-17.927029687019157,27.81113426138319],[-17.926675211169584,27.810635259049885],[-17.926578580011714,27.810164525544366],[-17.926372140879145,27.809798326804643],[-17.92631387824792,27.809551398601762],[-17.926374050158504,27.809139493316614],[-17.926535876547074,27.80861032619608],[-17.92644165041872,27.808516613106818],[-17.926045057057873,27.80848190294222],[-17.925857025050604,27.80839333564794],[-17.925742853747316,27.80822923116232],[-17.925626475093722,27.80789955037865],[-17.925480709943546,27.807707338846544],[-17.924899201444813,27.80741629308903],[-17.924334154896663,27.80679680696427],[-17.923971550082474,27.806572653660957],[-17.92391981253093,27.806284991808297],[-17.92398358577204,27.80578000556802],[-17.924423469432256,27.805234845702625],[-17.924482838109792,27.805095568425493],[-17.92440253644024,27.80499885232054],[-17.92401556534909,27.80490249953806],[-17.92372764036821,27.804712666018986],[-17.92330495019022,27.804653782774643],[-17.922918475686444,27.804238798953662],[-17.92301036325546,27.8038174724349],[-17.923554612579284,27.803369966141883],[-17.923750257387645,27.802963039837422],[-17.92413076228364,27.80271231744761],[-17.924231316215756,27.8025881346777],[-17.92423612803693,27.80249511776013],[-17.924158201786362,27.802403673354444],[-17.923540269215483,27.80208849399433],[-17.923475738770748,27.801743459235137],[-17.923880796200375,27.801534615765597],[-17.92394159957821,27.801342897073262],[-17.923863976169958,27.801247567039333],[-17.923443346985746,27.800984858214548],[-17.9233222187271,27.80081431307036],[-17.92339407378975,27.80059583912928],[-17.923704206349907,27.800297264518388],[-17.92367640291107,27.799937198829102],[-17.92389981961958,27.799707575941415],[-17.923919097318908,27.79951078312856],[-17.923836096726614,27.799385076331554],[-17.92370831124929,27.799344663278415],[-17.923301502898674,27.79943103941526],[-17.922748806713674,27.799702635143124],[-17.922204156445122,27.799695132760554],[-17.921891857633078,27.799617308498146],[-17.921577281010055,27.799469529638632],[-17.921158554836975,27.799144799314952],[-17.9209600203517,27.798905617122465],[-17.920726505933615,27.798405478706346],[-17.920774459310817,27.798374063637503],[-17.920817929882382,27.798201656679645],[-17.920822693467084,27.79785650680785],[-17.9211307673567,27.796101107679576],[-17.92127399911431,27.795661285135154],[-17.92150060882234,27.79528194210225],[-17.922540107765542,27.79420747214611],[-17.922945382054614,27.793969761285638],[-17.923244233356435,27.79358004577475],[-17.924254307858845,27.792650431442986],[-17.92510415948942,27.79224191353781],[-17.92546964470289,27.791697066250663],[-17.92554869321177,27.791679243798406],[-17.925658830470308,27.79173897346827],[-17.925745202856806,27.791846836895388],[-17.925751410816265,27.791938447624947],[-17.92540435543322,27.792819022888708],[-17.925063936661452,27.79323569365618],[-17.925065683580232,27.793331187719566],[-17.925168506511113,27.793413173816095],[-17.925388058550997,27.793335181844913],[-17.925698453715924,27.793035966923807],[-17.926094179339238,27.79244618468977],[-17.926455826883338,27.7920648745516],[-17.92655615214686,27.79209910196248],[-17.926568301571802,27.792204208178326],[-17.926419513522184,27.793022397837735],[-17.926313620557945,27.79329517840807],[-17.926335236794863,27.79339394977375],[-17.926467762541368,27.793471426240608],[-17.926643702794554,27.79338235904962],[-17.926959213943913,27.79273681210846],[-17.927183915741914,27.792571025401905],[-17.927413719332897,27.792584194372484],[-17.92775896143321,27.79273744451263],[-17.92795003985548,27.792755784095593],[-17.928083591596682,27.79269976244596],[-17.92836845589392,27.792458658735193],[-17.928735367365938,27.792384547747538],[-17.92915503655189,27.79246946124148],[-17.929581850232946,27.792745833081582],[-17.9299134182211,27.792738735812144],[-17.930132518897278,27.79263278146186],[-17.930325496035245,27.792448297445823],[-17.930628932528652,27.792263726712584],[-17.931295964010072,27.79204581339216],[-17.931321895683283,27.791889562940327],[-17.93137925335978,27.791845947071966],[-17.9314891531603,27.791855160181548],[-17.931614074226015,27.791962922714266],[-17.93224413426205,27.79186997808183],[-17.932784223385767,27.791901805812742],[-17.93283776576964,27.791546239494192],[-17.93289069730756,27.79149270393067],[-17.933173127613742,27.79166008423154],[-17.933285341407284,27.791819624146246],[-17.9339237096874,27.79222471623459],[-17.93392208539995,27.79210387154378],[-17.933786774382963,27.791734096293098],[-17.93377312392478,27.791452575401003],[-17.933896744815538,27.79120611510973],[-17.934142733889285,27.790972389533156],[-17.934179190602983,27.790845593630856],[-17.934143943770298,27.7905644415752],[-17.934453751483133,27.790391783396196],[-17.934676419749433,27.790588756301947],[-17.935023216220966,27.79065634728903],[-17.934867105750367,27.79041096158231],[-17.934882751963954,27.790162826667327],[-17.935129544726625,27.789834634339954],[-17.93528989049034,27.789765914553897],[-17.935218915121386,27.789453769147897],[-17.93512128626888,27.789576453240464],[-17.935037065539913,27.78954134847541],[-17.935033207670745,27.789397818810055],[-17.934913296066636,27.789321706225337],[-17.93484053482161,27.789067602468172],[-17.934695479038968,27.788980567687595],[-17.934560393553145,27.788788949741306],[-17.934549222380856,27.78866388775595],[-17.934658372863684,27.787886677863185],[-17.93479957510094,27.787811509835407],[-17.935131858543183,27.787762138686116],[-17.93516849585674,27.787717608779122],[-17.935075405456008,27.787627936036575],[-17.935056113056614,27.787536604252274],[-17.935223680291642,27.787381943056722],[-17.934575897697624,27.787384256221063],[-17.934458300970352,27.78735644557797],[-17.934427513408277,27.787304995547505],[-17.934937586060407,27.78698731924399],[-17.935556660653315,27.786430292314556],[-17.936604954030432,27.785989163600036],[-17.937133632312502,27.785578927319367],[-17.937462866648133,27.78557111162921],[-17.937998182648276,27.785260772034096],[-17.938312137431332,27.785178947903166],[-17.939762276028286,27.785088543662354],[-17.94030402866353,27.78491968532274],[-17.94120083807252,27.784986463398642],[-17.94154957598345,27.784753875090377],[-17.9424862551692,27.784726881168815],[-17.943251362287185,27.78439674075581],[-17.94345452072188,27.78420468730036],[-17.943631959991794,27.78412341604247],[-17.944813251007528,27.78385845520776],[-17.94528638731173,27.78387632842059],[-17.946072781948022,27.78400505759799],[-17.946321565958726,27.78399307395906],[-17.946871548883898,27.783644952415536],[-17.947513133028828,27.783019288655677],[-17.948287133455658,27.782884412160694],[-17.948826120195566,27.782888328515458],[-17.949628822932656,27.782697173496178],[-17.94998238809334,27.782527878084583],[-17.950284290844316,27.78228968445103],[-17.951092139912028,27.781789991282444],[-17.951601737807525,27.781734988085034],[-17.951769162920648,27.781666369582783],[-17.952156383390722,27.781294013807155],[-17.95414357998127,27.781004257032883],[-17.955590347488172,27.780848451709325],[-17.955818455735358,27.780747408081734],[-17.956728365210154,27.780613635708434],[-17.95931572050652,27.779480054554686],[-17.959441674587385,27.779640540367637],[-17.960092137916686,27.779495888621152],[-17.960819055020433,27.77949654231554],[-17.961906946487584,27.779665895568368],[-17.962170848351654,27.780148346056315],[-17.962601704976315,27.780638580221297],[-17.96272473483743,27.780743377384177],[-17.962956529598515,27.780838353528242],[-17.963220364052546,27.78108996295107],[-17.963171326594125,27.781204044753434],[-17.963785349354325,27.78160022714809],[-17.96446203379362,27.78235056730815],[-17.96569835037848,27.783427882864594],[-17.966016094364083,27.783617438564267],[-17.966612056085328,27.78385938017624],[-17.966862138012655,27.784138068582703],[-17.967309247949288,27.784444906703133],[-17.967854436909917,27.784971814634126],[-17.968192678677113,27.78534801323149],[-17.968423383932628,27.786190179393707],[-17.96859918410947,27.78628735089567],[-17.968794916122086,27.786219887861392],[-17.96889025746863,27.786674676248744],[-17.969165379806853,27.786911235812756],[-17.96919722461021,27.787065173196485],[-17.96957639423017,27.78720461243411],[-17.969504762258435,27.787912495285173],[-17.969572949251653,27.788079603218257]]]}},{"id":"1","type":"Feature","properties":{"categoria":"Paisaje Protegido","nombre":"Timijiraque","codigo":"H-7"},"geometry":{"type":"Polygon","coordinates":[[[-17.919304201702282,27.781431520072175],[-17.91905766261054,27.781296005513948],[-17.918761293953093,27.781204934310082],[-17.918534666116535,27.78096426503993],[-17.918338395807364,27.78087658003964],[-17.918013692472954,27.7808903877605],[-17.917553974968733,27.780744129431667],[-17.91724656207517,27.78076352383394],[-17.917064708368272,27.781454940254005],[-17.916690754243703,27.78185028796999],[-17.91660766238029,27.781879827433997],[-17.91639237438838,27.781801652480624],[-17.916240910943518,27.781827042706354],[-17.91607966223233,27.78147107218121],[-17.915932912978853,27.781437473872078],[-17.915814529689378,27.7814651918166],[-17.915480557513323,27.78174838608896],[-17.914853793762344,27.782165790203493],[-17.914711386611376,27.782329461093813],[-17.91425515872541,27.782685524086276],[-17.914121882441513,27.782874105648297],[-17.91418713332174,27.782942087113096],[-17.914382269118462,27.78288077609381],[-17.914730020618766,27.78288660677394],[-17.914930929738045,27.782992240802937],[-17.915028833457917,27.783304824169857],[-17.91493341806661,27.78339713791594],[-17.914889663005248,27.783524895868638],[-17.914890230617644,27.78380841177325],[-17.914795861959576,27.783932366824885],[-17.914796074403984,27.784103760046364],[-17.91492901295584,27.784300045725963],[-17.915334930901327,27.784695072519472],[-17.915779240128984,27.784841121558305],[-17.91604377896728,27.78509596927038],[-17.91619626657753,27.78515815056394],[-17.91579734966538,27.785264903102064],[-17.915800511958217,27.785455538700173],[-17.916002808003153,27.78572306713014],[-17.916061229288758,27.786015464428182],[-17.916292553325373,27.786116484496002],[-17.916994827073324,27.78609226828849],[-17.917277914781884,27.786126159947777],[-17.917599019839475,27.786254237953756],[-17.917770892505057,27.786388896741496],[-17.91772396459463,27.786454748791282],[-17.917482813307423,27.78646814370589],[-17.91718074956048,27.786574477678183],[-17.91595844988322,27.78741236006445],[-17.91594014769981,27.787467684012974],[-17.916079319606176,27.78784777313622],[-17.91600388734837,27.788179532027183],[-17.916122322271335,27.788341391841616],[-17.915721925513036,27.78819180138002],[-17.915167440815193,27.78788218437918],[-17.914761819396492,27.787487332005828],[-17.91422786647669,27.787182870391533],[-17.91403421803423,27.786961885227623],[-17.913541116049696,27.785914857210937],[-17.913121492269944,27.785663817774317],[-17.91263195151311,27.78513009216489],[-17.912353814221888,27.784943181343017],[-17.912110849122993,27.78498357757627],[-17.91173510002622,27.784776261868455],[-17.911294027795286,27.784686782760883],[-17.910729477897984,27.785064032996527],[-17.91042854904066,27.78503420224413],[-17.9098980807487,27.785122331074998],[-17.909420960890177,27.784917145090038],[-17.909132035229042,27.784694370907044],[-17.908477017374846,27.784630408758513],[-17.9082276942197,27.784664437009766],[-17.907891353098776,27.784801692998553],[-17.90725951196976,27.78469772513608],[-17.90717549390097,27.784799356175395],[-17.906807395319262,27.78485743365027],[-17.90635684682347,27.78473955055362],[-17.905773993145345,27.784305612948707],[-17.90503635091252,27.784071857062585],[-17.90432211533022,27.783992350620395],[-17.9044904532807,27.783542045878015],[-17.90484189243106,27.782191339378528],[-17.905015781854836,27.781826752009216],[-17.904968975340875,27.781523639469327],[-17.904819313153727,27.78140329053775],[-17.90478815938973,27.781128084291762],[-17.904657225383776,27.780857592906507],[-17.9047462709672,27.78047205758814],[-17.904861350650457,27.780413345998813],[-17.904742000977183,27.780380133396854],[-17.904846922611135,27.7802903326871],[-17.90476038472012,27.780220887229156],[-17.904801174713853,27.78014903411319],[-17.90475370306482,27.78009166690048],[-17.904949533008153,27.78004496861108],[-17.905012049411546,27.779947219248623],[-17.904988130560774,27.779814392310662],[-17.905096976990617,27.779773041758364],[-17.9049032352748,27.779657950111964],[-17.904913050482133,27.779580794679166],[-17.90505425367242,27.779520450950145],[-17.904931355934753,27.779452943157597],[-17.905111784308914,27.779376348389885],[-17.905252034986663,27.779158157365238],[-17.905387879613226,27.779041274309883],[-17.905625112448952,27.779128928589813],[-17.905856012998807,27.779001384952338],[-17.905885985396665,27.778782175998092],[-17.90601658161613,27.778780690901794],[-17.906116461609628,27.77887511357042],[-17.90637647937831,27.778766982954764],[-17.906922483671945,27.778051584520608],[-17.90707880067983,27.777968548732783],[-17.90755762073684,27.777152805819245],[-17.907972328919243,27.77612344176714],[-17.907901467971943,27.775915105977834],[-17.90799816138957,27.77581744778215],[-17.90795583618935,27.775679055163803],[-17.908072286242085,27.775626356430013],[-17.90820770148008,27.77572986229487],[-17.908267794982862,27.775724176615043],[-17.908381940317934,27.775573468221094],[-17.908342984041752,27.77546639777047],[-17.908545491702508,27.77530516838126],[-17.90853873145903,27.775241712916493],[-17.90839655349509,27.77523848252866],[-17.90836491276357,27.775177625807434],[-17.908463623342158,27.775140545772896],[-17.908408166666256,27.775080371008656],[-17.90848990374204,27.774912393285792],[-17.908560397509163,27.77494690242869],[-17.908626407251255,27.77491583331254],[-17.908553553599074,27.77484601170128],[-17.908498977161525,27.77451789563076],[-17.90874083603693,27.774276723468567],[-17.90877157563094,27.774147527277858],[-17.90893515505239,27.774211829613225],[-17.908859679610835,27.77410065711705],[-17.9091288802335,27.773663694774772],[-17.909287945928142,27.773661336638284],[-17.909328605052398,27.7735238125465],[-17.909469053030502,27.773507863877903],[-17.909571258488224,27.77343832425884],[-17.90965471616023,27.773319834837224],[-17.909631111378506,27.773229400765814],[-17.909726186712707,27.773250130698198],[-17.909741433438544,27.773034298632805],[-17.909959555090772,27.772831242109373],[-17.91027835061612,27.772714469510017],[-17.910598283075444,27.772499524182315],[-17.910695134466334,27.772407995281323],[-17.910722207841598,27.77220598667328],[-17.910830536792886,27.772115117917938],[-17.910938367857682,27.77217689423963],[-17.911183744930746,27.771744580226404],[-17.91165655031195,27.77144359816145],[-17.911878546927742,27.771390024726312],[-17.911933597904124,27.77127132108625],[-17.912625486601648,27.771226242249355],[-17.91292644264001,27.770889458207684],[-17.912925219599902,27.77082074433709],[-17.91318834900628,27.770902608029285],[-17.913357329882004,27.77089191744235],[-17.91369773295115,27.77080995358143],[-17.913885185468278,27.77070469400177],[-17.91435666908443,27.770632231760096],[-17.9144216598313,27.77044142062034],[-17.914479385958803,27.769841301962828],[-17.914347253827714,27.769537558024645],[-17.91486951476935,27.769512384271756],[-17.915167021010006,27.769414362901287],[-17.916151484054822,27.76890418792515],[-17.91683957727028,27.768706173855108],[-17.917320793419382,27.768451634463013],[-17.917595313751736,27.768249901771668],[-17.917802300342334,27.7680789131349],[-17.91800996967112,27.76779677190455],[-17.918511022646204,27.76740045167766],[-17.91905681478947,27.766663095394883],[-17.919310365474452,27.76601824372757],[-17.919369290623614,27.76570325057287],[-17.919627655473025,27.765424817048725],[-17.919832289893197,27.765352113387998],[-17.919934791179543,27.765256219443035],[-17.920204560499233,27.764888507372117],[-17.92027739592689,27.764976635712117],[-17.920759132790963,27.76523969511267],[-17.92132573705593,27.764987198575636],[-17.921720421691607,27.764880992778814],[-17.921872119916703,27.76491236152042],[-17.922445194530134,27.765222574748424],[-17.923125520525097,27.765406138125638],[-17.923262561477525,27.765587307493007],[-17.923436915155822,27.76562090128557],[-17.92432899650566,27.766032213586243],[-17.92478911478848,27.766088062862327],[-17.92508928823892,27.76629071932831],[-17.92563816279672,27.76645581162972],[-17.926237721371592,27.766800633725587],[-17.926860159008935,27.7669703151555],[-17.928359558608996,27.767804968239915],[-17.928902671054885,27.768029410810815],[-17.929441908941694,27.768694001622965],[-17.93015305210557,27.76920696891849],[-17.9306781673598,27.769142846357063],[-17.93125586051382,27.769227127826156],[-17.932069013281506,27.769113229024228],[-17.932255046629848,27.76929382889563],[-17.932545999717373,27.76927505904866],[-17.93285605884305,27.769331856636114],[-17.933101554897238,27.769517795972376],[-17.933387938290796,27.76989400953187],[-17.93371512451735,27.769921951833123],[-17.934200689431826,27.770041206202027],[-17.93459720127216,27.77033114741851],[-17.93504445129673,27.770114237102984],[-17.935394401428407,27.770182016475722],[-17.935898802863143,27.770095575299965],[-17.93605482623852,27.770109750352784],[-17.936289600381553,27.770015272949568],[-17.93640729579655,27.769892703482142],[-17.936770399755503,27.769679326755004],[-17.936913056621062,27.76969211701156],[-17.936927891274486,27.769852317612113],[-17.937019808028843,27.769938884752467],[-17.93699899160037,27.770599806472646],[-17.936664303582454,27.771104963455578],[-17.936602663096895,27.771615230021716],[-17.93638157559865,27.77235503900284],[-17.935995818370436,27.773028256294825],[-17.936030007007588,27.773255125459457],[-17.935980714214026,27.77403595317623],[-17.93567080033494,27.774175557836138],[-17.935428839866407,27.774696450879905],[-17.93521431822801,27.77476846523095],[-17.93486332404865,27.774798390259264],[-17.93464126499193,27.775033509773788],[-17.934239394528053,27.775303384695917],[-17.933594782870788,27.775542013381394],[-17.9331367794882,27.775803179434114],[-17.932341544071917,27.775638692870995],[-17.932147809848214,27.775499046935426],[-17.93157697123899,27.775663241438345],[-17.931121532642376,27.775695478266964],[-17.931185494166268,27.7752276518418],[-17.93099818028825,27.775146361934034],[-17.930803789376217,27.775197855745994],[-17.9306018535524,27.775365093773008],[-17.93038856386289,27.775346877853902],[-17.93010516021564,27.775491216770618],[-17.929876897295173,27.77550048859956],[-17.92961680654817,27.775331533252356],[-17.929475132183608,27.774958945311578],[-17.929386641320797,27.774905172483816],[-17.929190139306574,27.774901392809152],[-17.928823684078264,27.775052253548317],[-17.928581329904212,27.7750764899533],[-17.928304733447522,27.77503289328479],[-17.92809755222028,27.774906140330447],[-17.927844195279537,27.774829746225812],[-17.927495070414356,27.774949547087402],[-17.927323797200806,27.77490509607337],[-17.926645945223378,27.775137676916835],[-17.926195286557263,27.77515489361171],[-17.925944866701055,27.775226412414998],[-17.92519950707892,27.775123486226708],[-17.92492443340864,27.775179558389667],[-17.924396139182992,27.775141942553216],[-17.924028632353636,27.77501846964414],[-17.923934007870468,27.77494271279978],[-17.923890047039933,27.775278318826796],[-17.92397276826799,27.77542469069791],[-17.92386678598558,27.775755109091754],[-17.923785587805973,27.775871898371363],[-17.92336314966963,27.775975241421495],[-17.923271025570543,27.776762460786458],[-17.923391607379962,27.77689477084869],[-17.923575884216596,27.776913422243414],[-17.923784692116314,27.77685198973388],[-17.924024453857,27.776931529637256],[-17.92437652866391,27.776970803164406],[-17.92438343818425,27.77705085261097],[-17.924497319694943,27.776993413663003],[-17.9246738326533,27.77698345132408],[-17.92490753265757,27.777094149876472],[-17.925099141972307,27.77711011805531],[-17.92521320509157,27.777241301516177],[-17.92551808827623,27.777286984142744],[-17.925819898216183,27.777540193568075],[-17.925871417385633,27.777777506101877],[-17.926015002174474,27.77795283400174],[-17.926028805431887,27.778069073357198],[-17.92607546029273,27.778115651982336],[-17.92630091192962,27.77815606057574],[-17.926378832348313,27.778273313738268],[-17.926561584003665,27.778348139274858],[-17.92680416572153,27.778332101166573],[-17.927191706940164,27.77805240395599],[-17.927471700828846,27.77797534832906],[-17.927823338410384,27.777776759530823],[-17.927913505445677,27.77778818078559],[-17.927874903924852,27.77793124037723],[-17.92795746780182,27.778031723537087],[-17.92813946249651,27.7780234175717],[-17.92844685996524,27.778130246847383],[-17.92839691514261,27.778222425783497],[-17.928027427390763,27.778499749858486],[-17.9279445227547,27.778645038769646],[-17.928044025096213,27.778906347729702],[-17.928299435457443,27.77913579062863],[-17.928452780616816,27.779062825620155],[-17.928668748040856,27.779141309938847],[-17.928798502508062,27.779136474329892],[-17.929422774559807,27.778812888294667],[-17.92961011583172,27.778762240216402],[-17.92966818045841,27.778777345225535],[-17.92968926955671,27.778879573363614],[-17.929794804205805,27.77900334697205],[-17.929894659047758,27.77901290149043],[-17.9302586908996,27.77880909114035],[-17.93076927653681,27.778717104619382],[-17.931126376384466,27.778825461834337],[-17.931291905537076,27.778926337743805],[-17.93136744648604,27.779110694742155],[-17.930088183094004,27.780633092686905],[-17.928900678908008,27.78063645381143],[-17.928033283208627,27.780511506519304],[-17.927530192210945,27.780491862626484],[-17.927043857117688,27.780325362644582],[-17.926704822923654,27.780038828502697],[-17.926413885853986,27.78007864203047],[-17.925724882814116,27.77985066955794],[-17.92551963684021,27.78004147951541],[-17.925099538799742,27.779996253233428],[-17.924509925285538,27.78026042387025],[-17.924229876262732,27.780271315836895],[-17.923930247030746,27.780059210359145],[-17.923760663713992,27.779695415920358],[-17.92245766863317,27.779592085279685],[-17.922387288436457,27.779649287759895],[-17.922413313013333,27.77976374449921],[-17.922300682782005,27.779845358527147],[-17.921642272697788,27.780020303923926],[-17.92115913567042,27.77998707093371],[-17.921407579310845,27.78025906385809],[-17.92161211700735,27.780341066751806],[-17.921641211235027,27.780477027702535],[-17.921602167525588,27.780666841682063],[-17.921860555657258,27.780706840153357],[-17.922313496210876,27.78116602692735],[-17.922104312195813,27.781161212748163],[-17.92197348248692,27.7810577958817],[-17.92183034771612,27.7810462574922],[-17.921581923632722,27.781165970923997],[-17.921141506930017,27.781282071433967],[-17.920135923943093,27.78133364852234],[-17.919959983115966,27.781444988390042],[-17.919304201702282,27.781431520072175]]]}},{"id":"16","type":"Feature","properties":{"categoria":"Paisaje Protegido","nombre":"Vallebrón","codigo":"F-12"},"geometry":{"type":"Polygon","coordinates":[[[-13.955054152166223,28.56276523172318],[-13.956057557754578,28.563555665142385],[-13.956056811601531,28.56365199105376],[-13.956147827576032,28.563711322284817],[-13.956130097733505,28.563850398824428],[-13.956242066340156,28.563887498306965],[-13.956472560952994,28.564121927107973],[-13.957149457229086,28.56395565920993],[-13.95748026279226,28.563947712824657],[-13.957671957348511,28.564015614621255],[-13.957771376832337,28.564251480497486],[-13.95770852114182,28.564787054214495],[-13.958006585400847,28.56441878246213],[-13.958104153292675,28.564124489263257],[-13.958371211607055,28.563814898588998],[-13.958567672798388,28.56338621257716],[-13.95875283760575,28.563253330331598],[-13.959205478949938,28.563199010481185],[-13.959409245060357,28.56341677550904],[-13.959755917593963,28.5636061485705],[-13.960931518547916,28.5639897585241],[-13.962446609808891,28.564804722148697],[-13.962848559100667,28.564950473445993],[-13.963137792735962,28.56498069942544],[-13.963690660217857,28.56486172987769],[-13.964427653331272,28.56454417972197],[-13.96483028654602,28.564319369384553],[-13.965490269267727,28.563771881639667],[-13.96597874316941,28.56343305895364],[-13.966270662843598,28.563267611390817],[-13.966763694272817,28.563098071356436],[-13.967486525136573,28.563068778094166],[-13.968612495561947,28.563277205752698],[-13.969047933375984,28.563276759423598],[-13.97078707512206,28.563152325436914],[-13.97259495976918,28.562808458793064],[-13.973230337930813,28.562755944516162],[-13.973584216211979,28.562799345492703],[-13.97407330780074,28.563034680632487],[-13.975110635960966,28.56405340343862],[-13.975640046073464,28.564733384836337],[-13.976533116764864,28.566531122792174],[-13.977704910061744,28.56808445238112],[-13.977982931203197,28.568815096902163],[-13.97806014856922,28.569457734911243],[-13.977946474809066,28.570746632665408],[-13.977963228176325,28.57101045539139],[-13.978078923371491,28.571374514201125],[-13.978767831697596,28.57247087866086],[-13.978851276635597,28.572795432046508],[-13.978852498282668,28.57300772703617],[-13.978698857124726,28.57353598544414],[-13.977879229668124,28.57530030551105],[-13.977507967355496,28.576677798204692],[-13.97739889750672,28.576892727707943],[-13.97686075900566,28.577424439103755],[-13.973581029009557,28.580027809220226],[-13.968074811813338,28.585015409392867],[-13.967676748305193,28.585338525217068],[-13.967515392074342,28.585388554265187],[-13.967364909278961,28.585372254623326],[-13.96612359667083,28.58493518797284],[-13.961662377407984,28.583288479857952],[-13.960922051293615,28.583119472934374],[-13.96041382389861,28.583126843293492],[-13.959914610597192,28.583215728901422],[-13.959335331999661,28.58344798567548],[-13.958788027809245,28.58381390340814],[-13.957719038701542,28.584841701300334],[-13.957597862010724,28.58485261192179],[-13.957487554582338,28.584789956188192],[-13.95717363322011,28.58400656681471],[-13.957106149581008,28.58393572873356],[-13.956989724862677,28.583908686155738],[-13.956844410930103,28.583945115755697],[-13.956476538084775,28.584550546881108],[-13.956305334540282,28.584624034837667],[-13.956201995252716,28.584584826317265],[-13.956157974854843,28.584503039616635],[-13.956162957837305,28.583766580270314],[-13.956084705980354,28.58326213604243],[-13.956562457223074,28.582430825185266],[-13.956648109837017,28.582173276445133],[-13.956806340006924,28.581225710528017],[-13.956789503012809,28.58107510439093],[-13.956681881334637,28.58093968536124],[-13.955708075049763,28.580845834895534],[-13.953525249946432,28.57999316213734],[-13.952586737169007,28.57973984277932],[-13.944908233247496,28.57851032538008],[-13.94400895022636,28.578439923352374],[-13.941665079090805,28.57845862902268],[-13.940582342245479,28.578235583800698],[-13.939759403747537,28.5778490654643],[-13.939383196254575,28.577765408284193],[-13.938727073301056,28.57780851079875],[-13.938596081626299,28.57786480822715],[-13.938305192212196,28.578147464125646],[-13.93788894121683,28.578283995972065],[-13.936429287255821,28.57858160060239],[-13.93566544313746,28.578936195435364],[-13.93364682197164,28.58011982071445],[-13.933494469411206,28.580626660367393],[-13.933403763212542,28.58073107833372],[-13.93328287466497,28.580726878610815],[-13.933277073705701,28.580660340849608],[-13.933109716181054,28.580546384403068],[-13.932051906703713,28.580102653996953],[-13.931642287940214,28.580099428917784],[-13.931157924863985,28.58001329961942],[-13.930153160975301,28.57965186244204],[-13.929662816947728,28.57959529392076],[-13.929458577830449,28.579634406271367],[-13.929095775653924,28.579822453917213],[-13.928379478157744,28.580486421190585],[-13.928193208044984,28.580580414196536],[-13.927784229836266,28.58070744090918],[-13.92729063402178,28.580789607657124],[-13.92626727742088,28.58088620070424],[-13.925667626040216,28.58099251412886],[-13.925504613949538,28.580978939197827],[-13.9245597071799,28.580705023490683],[-13.924143455887082,28.580517455257546],[-13.92380042216863,28.58044584162043],[-13.923323391288086,28.580613137985146],[-13.922590613194206,28.581167534004667],[-13.92220826515499,28.5812371444433],[-13.921331547887485,28.581155371780778],[-13.920489739410849,28.581159786458553],[-13.919081589691231,28.58072011736844],[-13.918708947851819,28.58072344770197],[-13.918118236348244,28.58102767723161],[-13.917940866166784,28.581050388194534],[-13.916662088705985,28.58083483101159],[-13.916161787512422,28.58094389923958],[-13.915864828485669,28.5810780032629],[-13.915311648416584,28.58158897288834],[-13.915064070795752,28.58170540959971],[-13.914948252849388,28.581672424220237],[-13.914602584971657,28.581387634750083],[-13.914415322090713,28.58136591893738],[-13.913823837515793,28.581770732077455],[-13.913456992965378,28.581883169199596],[-13.912832395018357,28.581613759040376],[-13.912345299915136,28.58147613078295],[-13.911881854327682,28.58137348432821],[-13.911385023848071,28.581387116489367],[-13.911273419685616,28.581441539019124],[-13.910963257187879,28.58180049923747],[-13.910820004821176,28.58188974996585],[-13.909774029557646,28.581964392964814],[-13.908523340407118,28.582400121151792],[-13.908371373602549,28.58240222883909],[-13.908115502983986,28.58233865093235],[-13.907680861259193,28.582076793210238],[-13.90741190011637,28.581981916009386],[-13.906581016698,28.581835143861213],[-13.906142128645135,28.581687773294],[-13.905680579808477,28.581347151295816],[-13.905389566122214,28.581233607766986],[-13.90501532060917,28.581207039733826],[-13.904594523391117,28.581303574412875],[-13.904338226201384,28.581301369311223],[-13.904201483016191,28.58124754616087],[-13.903052130168101,28.580449778833984],[-13.902593568281047,28.579740194088757],[-13.902321043266781,28.579473583644504],[-13.902178752368739,28.579406870153434],[-13.902074072270931,28.57938507456554],[-13.901865742968948,28.579470612095687],[-13.901647670430911,28.57997818986947],[-13.900936818890893,28.580259366542794],[-13.900632418535652,28.58028940143193],[-13.900480033524346,28.580217983248517],[-13.900451803618411,28.580049796643547],[-13.900547981122513,28.579599303986406],[-13.900509519219105,28.579408217683035],[-13.900430488644362,28.579319062884615],[-13.900194576800612,28.579162343159414],[-13.899267123026492,28.578783823332166],[-13.898709135642308,28.57873308386513],[-13.897961603873789,28.57888037709805],[-13.89723928114253,28.578680998495056],[-13.89694951685711,28.57866882303136],[-13.896589494588666,28.578836299093453],[-13.89621881878693,28.57929150539027],[-13.896047641927897,28.57935942933679],[-13.894928736972684,28.57901773512622],[-13.894105722814414,28.57892424760762],[-13.893709161781777,28.578830902775803],[-13.892776649414532,28.578063257812904],[-13.892835464200756,28.57778964798518],[-13.892813536893932,28.577696469129037],[-13.892711771554676,28.577666179012752],[-13.892567960382838,28.577433083083104],[-13.892311174462883,28.57722867772503],[-13.89216806943533,28.576969313592034],[-13.892123979464225,28.576382099186322],[-13.891815284667093,28.57603064796408],[-13.891771680629365,28.575383624635567],[-13.891855164646143,28.574964949375385],[-13.89161441170712,28.573477565135313],[-13.891330669597474,28.572728657052085],[-13.891132874089879,28.572527755157648],[-13.89098209998417,28.572210842953996],[-13.890916292820686,28.571914977868598],[-13.891117444397379,28.57139010341765],[-13.891284788261427,28.57128114169816],[-13.892338375987185,28.571321669891812],[-13.892477624315896,28.571239915212033],[-13.892686344886334,28.570846648419547],[-13.892797667631173,28.570775929477858],[-13.893344929588158,28.570596704318767],[-13.893829384677545,28.57060412026612],[-13.893902008280941,28.570467965041175],[-13.89397560911893,28.570093676635153],[-13.89408343055041,28.569888337940586],[-13.894242913253319,28.56982276676069],[-13.894635665101292,28.56977657839808],[-13.894820729730256,28.5696931726838],[-13.894999200984634,28.569081262543563],[-13.895765794751256,28.56882631911896],[-13.895984015802352,28.56887676990022],[-13.89608675808725,28.568844102607464],[-13.896405316979983,28.56858284744607],[-13.89692693652691,28.568351122439598],[-13.897012988203908,28.5683698821886],[-13.897206561771533,28.56861131159775],[-13.897433239165693,28.56874110090241],[-13.898205877911645,28.56865784212732],[-13.898580641030728,28.56873626652436],[-13.899330894688761,28.56932634860968],[-13.899855563615313,28.569607157746397],[-13.900157137119056,28.569676897503754],[-13.900454848374029,28.570004079609475],[-13.900549125421286,28.570050052910474],[-13.900830890691527,28.570054492690087],[-13.901075232275243,28.570279729829014],[-13.901269045814214,28.5703693985182],[-13.901344002276753,28.570515561861008],[-13.901892392861097,28.57081301811258],[-13.901871297834628,28.571154946100503],[-13.902051006778331,28.57135468452886],[-13.902283936827754,28.57146241271451],[-13.902781402094535,28.5718245734625],[-13.903139312336636,28.57194026050212],[-13.903850849202327,28.572368112402618],[-13.904333888493746,28.572501269888576],[-13.905227547413535,28.572367195726887],[-13.905593207182621,28.57222356002542],[-13.90573562691807,28.571931321135406],[-13.90600401648777,28.570845498183246],[-13.906145890129961,28.570560285321683],[-13.906316059230297,28.56879152029147],[-13.905780229125938,28.567887515224264],[-13.90568531111149,28.56753488498556],[-13.905539552707136,28.567451864947042],[-13.90464635484067,28.566656042499602],[-13.904384122399673,28.5664840990814],[-13.904124890900677,28.56618047717071],[-13.90397258932863,28.56586196866758],[-13.903831471517838,28.565715263258816],[-13.903539959582611,28.565547567500623],[-13.903245180024106,28.565295779855084],[-13.901673359056907,28.56383841431367],[-13.901599284478781,28.563249324670743],[-13.901212688820902,28.562654248302323],[-13.901371327400952,28.56239285916507],[-13.901434270652874,28.561025513705165],[-13.901529536122501,28.560861368107073],[-13.901749100944672,28.56113954643383],[-13.902040825390834,28.561115912834413],[-13.902528242121402,28.560845610613637],[-13.902901002911888,28.560377422068772],[-13.90319547809732,28.56015134473662],[-13.904232600400624,28.55985674857953],[-13.905103549428345,28.559529033670646],[-13.90580047580391,28.559484398996226],[-13.906294729000432,28.559532129970506],[-13.906809726214469,28.55987160014893],[-13.907073130073206,28.559980449849252],[-13.907779396270211,28.560025550196443],[-13.908370490589036,28.560155942759412],[-13.908633413028621,28.560375115282692],[-13.908905520348686,28.560857612610068],[-13.909060855438286,28.561033444631107],[-13.909293414606537,28.56113206881562],[-13.909540746263126,28.561150383626163],[-13.909772923359508,28.56107584660298],[-13.909899727018413,28.56096104781615],[-13.910070995787391,28.560551006489895],[-13.910168378237765,28.559906119550902],[-13.910308651756505,28.55971013432073],[-13.91048615988286,28.559575371064096],[-13.910787044245026,28.559539237358024],[-13.910943531760587,28.559591325621213],[-13.91123260768864,28.559804619749873],[-13.911546564691333,28.560163254554066],[-13.911716082247084,28.56024072733154],[-13.911990955652557,28.560137511256336],[-13.912923389179596,28.559407468102748],[-13.913267974237108,28.559300764176733],[-13.914225530978042,28.55932864508512],[-13.914760730173198,28.559742185473805],[-13.914981667396582,28.559825977149636],[-13.915192426506017,28.559837635178127],[-13.915449310648487,28.559745667649953],[-13.916183429584677,28.559167823284977],[-13.916658941434111,28.55863816589086],[-13.916875514539003,28.558592969801584],[-13.917195708481065,28.558759286429613],[-13.917616019074744,28.55935197045546],[-13.917825963140938,28.559551198536187],[-13.918112944338612,28.559946726097415],[-13.918213925457536,28.559988832482247],[-13.9184829244552,28.559915593751942],[-13.918889770598062,28.559490070134053],[-13.91933837736531,28.559211328394532],[-13.919828023479804,28.559038024805762],[-13.920060998437682,28.559052451445716],[-13.92018611747476,28.559133450541257],[-13.92049302275031,28.559588899809743],[-13.921369394560777,28.560521252299385],[-13.921516310144844,28.56047405114569],[-13.921689408786097,28.560321331004886],[-13.921790504318512,28.560211957633197],[-13.921996137409497,28.559775737059347],[-13.922257124891981,28.55956941564136],[-13.922647773228364,28.559455986365908],[-13.923260610730276,28.559392245145933],[-13.923755823772192,28.559495238701707],[-13.924519951759384,28.55974608127904],[-13.925693917289859,28.56020882907429],[-13.92604056127845,28.560136036389096],[-13.926728772337786,28.559692650627323],[-13.927157907384123,28.559686954453664],[-13.928638191321898,28.559989626378325],[-13.929416875591105,28.560270440619927],[-13.93078306323867,28.560631975589544],[-13.931886022320642,28.56071142144177],[-13.932748508283451,28.561040974216617],[-13.933417075431066,28.561225723857547],[-13.933873199818283,28.56126931846024],[-13.935166666467108,28.5610257330213],[-13.935419499339845,28.561018049865687],[-13.935598722061574,28.56110017238261],[-13.935704266682079,28.56142521237381],[-13.935950935341927,28.561554805995605],[-13.936446566281779,28.561553491955227],[-13.937179371630965,28.56146694453745],[-13.937421479263438,28.561647774841195],[-13.937513870092486,28.56166669396397],[-13.938341076353865,28.561549551008135],[-13.93957048384473,28.562017370343277],[-13.940842536347017,28.562058071899482],[-13.94118488582997,28.56228327204264],[-13.941638206189209,28.562381126511188],[-13.941756745623177,28.562290060779766],[-13.942401490295465,28.562033701780784],[-13.943635649672734,28.561426098658366],[-13.944045863737642,28.56129700990204],[-13.944615844489402,28.561286713266036],[-13.945431127827753,28.561511400615196],[-13.945927910135858,28.561821412105335],[-13.946449820101694,28.562051748277824],[-13.947512258588326,28.562742056096447],[-13.947960867802376,28.56283131470997],[-13.9487415948943,28.563169204030366],[-13.948799827509056,28.563058033970492],[-13.948999500137207,28.56291487998156],[-13.949198455878212,28.56285619188116],[-13.951030536963154,28.562519444053716],[-13.951851583119101,28.562548757817808],[-13.952055716138974,28.56261531939387],[-13.952308152212863,28.562507650830206],[-13.952563335586621,28.562473517552874],[-13.953359218206383,28.56244644281812],[-13.954558798248923,28.562671592869098],[-13.954687070666086,28.56265494459812],[-13.955054152166223,28.56276523172318]]]}},{"id":"18","type":"Feature","properties":{"categoria":"Paisaje Protegido","nombre":"Malpaís Grande","codigo":"F-11"},"geometry":{"type":"Polygon","coordinates":[[[-13.989172230905348,28.33913360352188],[-13.989293070580706,28.338904162547774],[-13.98921919656029,28.338707207815485],[-13.988978157271017,28.338753656890415],[-13.988843141250346,28.338721886262267],[-13.988720999187356,28.33860617820331],[-13.98858938856292,28.33861126797678],[-13.988594135604085,28.33835135227142],[-13.988533188292141,28.338237388480568],[-13.988463604094566,28.338277020487894],[-13.98846806784271,28.338408897435286],[-13.98833156756331,28.338464938990477],[-13.988272462566487,28.33857863532638],[-13.988208943313214,28.338572477782975],[-13.988116770443767,28.33835820111676],[-13.987929291516863,28.338215137077146],[-13.987811760890235,28.33823087302158],[-13.987467032421984,28.337816725819753],[-13.987207584727486,28.337930477963134],[-13.986760389442159,28.33783718520052],[-13.986606890741266,28.33750216158754],[-13.98693248397592,28.337145558906506],[-13.986715805615638,28.337119245261825],[-13.986545293294165,28.33702699581101],[-13.986483063612205,28.33710005083909],[-13.986325819999845,28.337020030737637],[-13.985994156576528,28.337018721178058],[-13.985877264643815,28.336969463489144],[-13.985731762602493,28.336717709716886],[-13.985766319682238,28.336620593391462],[-13.986039040195998,28.33636584704067],[-13.986033308376003,28.336262546176197],[-13.985687601223207,28.336109637947015],[-13.98548651671936,28.336177462915774],[-13.985446063405599,28.336120983803337],[-13.985506957526633,28.33588354552189],[-13.984187949567476,28.33570558366894],[-13.983905387715888,28.33548795489016],[-13.983693471270705,28.335544856233632],[-13.98352035437409,28.335503860767982],[-13.983216922472888,28.33560658175596],[-13.983001350380228,28.335497745181765],[-13.98254555749122,28.33548921975919],[-13.982411381995496,28.335402001995526],[-13.98218301496353,28.33540593065057],[-13.981973018834397,28.335278432064865],[-13.981838492201293,28.335365089275985],[-13.981406613886431,28.33536388718284],[-13.981308190978277,28.335209781363183],[-13.98106667396141,28.335154976639682],[-13.980865980799491,28.33519665822153],[-13.980727771369727,28.33505770739306],[-13.980617389137043,28.33509645290583],[-13.980559961012704,28.335177041735566],[-13.980460831127699,28.335541676022267],[-13.980307091572103,28.335764228934945],[-13.980281214276582,28.33591018553],[-13.980336321925012,28.336087652699074],[-13.980582796575709,28.3362730487701],[-13.980639556844197,28.336380052667174],[-13.980480049369104,28.337069896047527],[-13.980096330588676,28.337442087686313],[-13.979934404919561,28.337324034600897],[-13.979851527945991,28.337114587904036],[-13.979784741554655,28.337066142009434],[-13.97973479045417,28.337100717340796],[-13.979756713817645,28.33733669617282],[-13.979656183406968,28.337401094381654],[-13.979467918816065,28.33739073224233],[-13.979291187273322,28.337327536348486],[-13.979320479405862,28.337207663788075],[-13.979257482696237,28.33713844995112],[-13.978767088183567,28.3369145889423],[-13.978651082532314,28.33651810825832],[-13.978303992780253,28.3359882880076],[-13.97813753226979,28.335884026802205],[-13.977497927833783,28.335740151768043],[-13.977454150911848,28.335702031533465],[-13.977466842154374,28.335580509536122],[-13.976990449353657,28.335311445446347],[-13.976834513653149,28.335036317074],[-13.97662669346851,28.334914585324544],[-13.976365380003703,28.334675519304106],[-13.976227493379549,28.33441312606423],[-13.975634083670053,28.333869166082184],[-13.97529279541194,28.333885422404215],[-13.974782258715335,28.333666622187863],[-13.974269247860791,28.333587759532058],[-13.973985861829727,28.333658288350705],[-13.973506867682131,28.333894155465355],[-13.973288601337462,28.333932236688828],[-13.972780850535253,28.3338102815315],[-13.972044694409037,28.333830289439483],[-13.971844796731263,28.333747936733957],[-13.971613330106434,28.33356666394118],[-13.971298335422087,28.333560236455128],[-13.971156335612005,28.33370509887187],[-13.97083476809065,28.333690497293492],[-13.970571165098644,28.333875862234294],[-13.97033966715877,28.333946702727005],[-13.96984958576006,28.334375007788925],[-13.969670998343448,28.3343921715749],[-13.969431359560671,28.334285244163485],[-13.968954413989339,28.334388978192848],[-13.968710957937217,28.33434043725833],[-13.968659570461112,28.334281614159888],[-13.968708450510784,28.334177525224785],[-13.969179102143602,28.33389823296869],[-13.969250909352843,28.33369104100095],[-13.969546777329871,28.333372806163457],[-13.96984238906786,28.332931823436216],[-13.969743423531906,28.33280950424626],[-13.969543806544165,28.332787263841706],[-13.96917080077991,28.332940371024694],[-13.968775056660542,28.333474764169356],[-13.968515834374099,28.33352839595022],[-13.96835149879397,28.333677635629705],[-13.968098019628565,28.333998345631986],[-13.967930781782636,28.33436016231166],[-13.96733017714746,28.334419214857697],[-13.967346232093625,28.334183088675843],[-13.967223656716193,28.334129936103807],[-13.966826176574685,28.333764584947524],[-13.966399846638703,28.333273082715923],[-13.96599645779234,28.33304661332614],[-13.965781254981486,28.33305480245472],[-13.965443940869273,28.333181209090412],[-13.965073032421108,28.333106620837032],[-13.964821088725655,28.333114385314126],[-13.964709710522449,28.33305346282374],[-13.964407028376177,28.33306098591578],[-13.964189423316576,28.33316750204655],[-13.963876480337063,28.33300236813889],[-13.96347750313067,28.33302836522703],[-13.963194266596844,28.333132359266664],[-13.963038656961736,28.333390837715807],[-13.96286214935308,28.33344812915094],[-13.962565533650961,28.33321957306974],[-13.961585496705993,28.333360577360995],[-13.96135708243881,28.333334152390645],[-13.961071156975951,28.333196223708857],[-13.96091388834114,28.333205270536066],[-13.960593382436329,28.333350287419226],[-13.960126853975275,28.333304698017116],[-13.959671920476774,28.333191473106503],[-13.959198056752253,28.33336275630708],[-13.958800182560472,28.333156093048487],[-13.957612449492622,28.33306874050406],[-13.957087519098273,28.333304460110398],[-13.955764526600225,28.33338315628336],[-13.955051863512171,28.333602555975084],[-13.954357692154003,28.333718835881527],[-13.953715463779064,28.33404968009951],[-13.952926275657587,28.334300975263446],[-13.952811282853963,28.334426177135878],[-13.952719490511123,28.33464887557506],[-13.95265583386802,28.334682180312345],[-13.952240615649727,28.334761453707042],[-13.952058293413351,28.33484497010963],[-13.951840577193387,28.335042303219105],[-13.951564345499051,28.335480650324524],[-13.951454490329551,28.335549847913327],[-13.951078496154544,28.335620438267416],[-13.950822291547514,28.33558257162457],[-13.950434681709105,28.335790780795513],[-13.950080169677602,28.33566325011958],[-13.949736289221915,28.33604184394333],[-13.949308767835241,28.336157722334608],[-13.949195998266687,28.336152764956065],[-13.949049030369915,28.335951146989704],[-13.94867860883634,28.33576833215925],[-13.948598654681263,28.335666290651115],[-13.948697840067338,28.335421023952367],[-13.949194312372473,28.335237559206497],[-13.949380302210258,28.33511334955488],[-13.949505084552833,28.334821001057907],[-13.949418760411138,28.33440412863784],[-13.949174010847145,28.33403080500346],[-13.949154144087597,28.333594803664283],[-13.948668420894977,28.332915048873883],[-13.948618569898551,28.332619477830374],[-13.948444107444919,28.33259691307351],[-13.947792401583916,28.332801427345853],[-13.946694273611545,28.332767536364592],[-13.945671736574612,28.332233529739824],[-13.94541776675117,28.332035449624087],[-13.944839537996366,28.331815509852493],[-13.944304209971799,28.331864658166126],[-13.944290450116762,28.332049259995436],[-13.944114124334583,28.33213902207541],[-13.94389348981532,28.33205080904277],[-13.94388699130385,28.331981727806436],[-13.943332994799261,28.33177714201256],[-13.943113285720031,28.33184400175898],[-13.942938834970494,28.331806085877147],[-13.942886277482046,28.331844382185785],[-13.94285347397979,28.332088335719064],[-13.942470589236065,28.33210037862208],[-13.94250574529878,28.33231540694504],[-13.942361478932503,28.33240525274508],[-13.941973003556463,28.331994996200056],[-13.941637672481809,28.33195288845603],[-13.941457787859393,28.332035109817774],[-13.94126445333098,28.33201282274345],[-13.941213424485381,28.331891694873498],[-13.941262139460232,28.331785204998532],[-13.941105390241846,28.33174195439124],[-13.941009006487462,28.33176706579993],[-13.940927362620117,28.331918782014082],[-13.940777161217222,28.331939431824363],[-13.940400088174469,28.332173923836233],[-13.940329202756189,28.332178861091652],[-13.940186911102028,28.33199448279495],[-13.940121163865673,28.331991526000017],[-13.939828651507812,28.332836975562113],[-13.939762752799787,28.33273001979788],[-13.939374049045506,28.33257378209277],[-13.93905056885121,28.33255551654424],[-13.938729600259192,28.33238305149697],[-13.938611241489019,28.33239283558726],[-13.938480747055717,28.33254184148627],[-13.938340920120305,28.332468978698113],[-13.937997425060624,28.332409757384934],[-13.93810530269946,28.332185994072244],[-13.938034941677019,28.332129972601685],[-13.938014604017791,28.33203217101073],[-13.93783385222897,28.331999227063267],[-13.937868193065006,28.331950609591868],[-13.937612523440736,28.331810114953168],[-13.937546217785272,28.331908442354077],[-13.937428593020503,28.331907038901814],[-13.937336257043416,28.33185331002758],[-13.937278480704641,28.33170542027699],[-13.937105223402375,28.33162983174619],[-13.937132580338023,28.33155624829072],[-13.937022732149043,28.331521743552752],[-13.936995453314589,28.33159157277763],[-13.93681534403793,28.331501362533626],[-13.936671547759333,28.331731154043673],[-13.936649043119038,28.331860375373665],[-13.93671949874728,28.332488845198103],[-13.936989057788564,28.3333493543476],[-13.93701876752261,28.333299771352607],[-13.937406730227048,28.33344836494697],[-13.937867865685202,28.33352943501538],[-13.937878408339015,28.333659229728436],[-13.93749003522033,28.33372094002347],[-13.936598165949668,28.333560621318775],[-13.93647913192718,28.33349976983804],[-13.936399035633027,28.333282232656853],[-13.936505065917535,28.332977032790918],[-13.93650277810377,28.33284617409161],[-13.936373804006749,28.332554314885137],[-13.936212424283074,28.332418903239247],[-13.935937290501547,28.332299049618992],[-13.93540507024043,28.33216478787851],[-13.935054834925568,28.33222733047973],[-13.934913177539167,28.332176680967077],[-13.934862808155776,28.33203924603281],[-13.934954652576057,28.331634731895683],[-13.93495781442458,28.33133093248675],[-13.934854772530242,28.331075342214795],[-13.934669593778834,28.330873880289694],[-13.9344079894864,28.330854507424082],[-13.934244586657863,28.33093872534694],[-13.93411731464245,28.33108026963962],[-13.93388080357251,28.33152293394009],[-13.933824686805744,28.331487257931876],[-13.933861948703088,28.33131887131171],[-13.93382989024886,28.33124597957888],[-13.933715683074473,28.33112507741276],[-13.93354374434315,28.3310832970755],[-13.933373894122484,28.331210355063565],[-13.933313870042591,28.331402536618995],[-13.932921706236483,28.331757486007362],[-13.932823882216033,28.331763210547408],[-13.932748353417168,28.331612138375363],[-13.932589471429909,28.331668372940705],[-13.932340003284281,28.331167464041116],[-13.93217766971712,28.33050982335693],[-13.931983995921591,28.330291394737415],[-13.931757659384374,28.3303045427672],[-13.931731474582962,28.33023407038856],[-13.931828715361942,28.330163102155925],[-13.931872699143433,28.33002256878672],[-13.931711231731052,28.329615360526898],[-13.931552539634925,28.329566171823064],[-13.931413416621579,28.329584930443513],[-13.93121247037158,28.32972562419313],[-13.930974813383115,28.32959389631228],[-13.930808195679402,28.329700631858415],[-13.930581912037345,28.329659703653473],[-13.930202304583727,28.329485883745605],[-13.930026826918144,28.329579885390718],[-13.929579319831095,28.32957954335528],[-13.929407040865643,28.32971258864015],[-13.929251962671072,28.329679500923536],[-13.929200073499715,28.32982680402165],[-13.929057367058642,28.329901745963287],[-13.929016865603511,28.330190079188164],[-13.928879192740697,28.330419134067927],[-13.92871187431981,28.330437749776145],[-13.928597263163034,28.330343557191387],[-13.928411832384857,28.330312928924567],[-13.928199704889376,28.33040542178454],[-13.927981372637486,28.33057945145059],[-13.927798682777713,28.330389562293032],[-13.927712876415807,28.33038513313381],[-13.927412601964749,28.33018607856769],[-13.92738563496554,28.330108459704682],[-13.927431581660848,28.32998635632382],[-13.927373655267095,28.329919893895315],[-13.92699985632756,28.329972563797984],[-13.926680460208795,28.329760071023458],[-13.92635592092571,28.32978335897084],[-13.92576228176482,28.329656663981545],[-13.925715323898272,28.329700620863065],[-13.925548712148496,28.329695698501016],[-13.925415924996036,28.329591539894285],[-13.92524826844425,28.32957895490558],[-13.925168513509854,28.329492254856028],[-13.92498147098248,28.32941323000007],[-13.924758384780464,28.329431943024098],[-13.92429390637925,28.329892325584318],[-13.923859964187832,28.329954901559567],[-13.923808750442792,28.32999796672878],[-13.923771540946152,28.33026392160019],[-13.923585169331496,28.330287344999793],[-13.92343232919544,28.330585946022705],[-13.923364189663877,28.330466265408024],[-13.923404337054,28.330207500486964],[-13.923329781780756,28.330202146446393],[-13.923173376263575,28.330289727741338],[-13.923040672598546,28.330209829352803],[-13.922962100200165,28.33023260445762],[-13.922863755214058,28.330190958446156],[-13.922855899148953,28.33032260351],[-13.922743861536777,28.330329806218653],[-13.922525843212012,28.330617493604407],[-13.922646471425471,28.330682999989342],[-13.92283906660083,28.330618089473607],[-13.923029072859702,28.33080992928894],[-13.923028955310583,28.330868127870875],[-13.922665271767402,28.331056201138487],[-13.92184416149938,28.331130416107147],[-13.921544883343659,28.33160953238848],[-13.921394627831978,28.331716078614704],[-13.921249908427043,28.331743104476814],[-13.921032741436482,28.33162267757336],[-13.920369950200518,28.33092539484637],[-13.920056914952065,28.330811275107486],[-13.919371042824778,28.330428342089483],[-13.918932148460444,28.33031655347922],[-13.918563347929268,28.330130945066546],[-13.918261277652858,28.330096923426535],[-13.917750602572657,28.330125078240947],[-13.916471096906022,28.330407806520327],[-13.915782660919518,28.330455906551254],[-13.915591362004323,28.330328455922356],[-13.915328642994231,28.32964790365817],[-13.91515325162669,28.329529243830223],[-13.914044864603234,28.329514072047083],[-13.91208365520991,28.32900570271389],[-13.911337851289833,28.329078469342292],[-13.911011464317477,28.32894675733543],[-13.909627227384536,28.328103003179255],[-13.909322486587365,28.328009721236793],[-13.908969808101048,28.32799188239222],[-13.90865568659932,28.328205848823174],[-13.908455405684322,28.328275840609386],[-13.908350092444271,28.328259022110647],[-13.908224277433154,28.328148232706152],[-13.908057058497455,28.327757993128753],[-13.907906969305042,28.3276419817175],[-13.90715455217824,28.327419623189307],[-13.906690809714368,28.327187731909966],[-13.905563980999485,28.326808706266576],[-13.904739600740761,28.32641217022414],[-13.904372629574885,28.326115627847972],[-13.903247037323636,28.324872845728954],[-13.902912632205418,28.32463418297976],[-13.902331236275312,28.32436797130232],[-13.902042967775754,28.324390635930715],[-13.901722180402567,28.32460583253727],[-13.901516637987877,28.324642159223572],[-13.900895548449897,28.324447116497442],[-13.897186846352739,28.32119479521199],[-13.898318940133475,28.321241397074537],[-13.898830025022196,28.321215194951662],[-13.899491842099177,28.321276422459242],[-13.901089734225263,28.32111342856189],[-13.90170555209391,28.321435486064516],[-13.902223473749352,28.321378276964168],[-13.903341100135409,28.32145656442124],[-13.90363577762152,28.321544119217243],[-13.903768864189745,28.321675676673387],[-13.903935573756462,28.321754205783037],[-13.904166017290521,28.32180252214852],[-13.904738840926958,28.32166325613013],[-13.905279223324019,28.321856893699344],[-13.905660100846072,28.32212704487614],[-13.906336558324513,28.322284636697795],[-13.907080776373206,28.322554996739274],[-13.90905570699641,28.32341081036692],[-13.910280448884697,28.324130587965282],[-13.91061500562061,28.32427885716908],[-13.910892423878375,28.324362819839536],[-13.911306031000295,28.32437029943598],[-13.9118455234261,28.324514667663088],[-13.911954711307837,28.324484254334855],[-13.91209731245574,28.32436196119985],[-13.912234160716736,28.324352843804316],[-13.91251391617825,28.324681353395277],[-13.913078286635308,28.324857190056075],[-13.913503229935836,28.32455057733956],[-13.914007373630014,28.32434255246286],[-13.914987352552421,28.324493716817656],[-13.916078997649066,28.32449806921942],[-13.918262344402361,28.324032794101292],[-13.918751110150808,28.323876673342653],[-13.919465889570446,28.323798429709953],[-13.92112013989637,28.32384769507589],[-13.922533631119682,28.323669768991664],[-13.92265489451601,28.323624982734415],[-13.922729047930158,28.323467396762315],[-13.923177505810944,28.3233070334816],[-13.92349745979122,28.32336539270924],[-13.923930228017504,28.32355143796369],[-13.924627476756983,28.32354326015112],[-13.927262106730035,28.32390010732373],[-13.927691749928897,28.324121976508337],[-13.928143805470253,28.324590881383816],[-13.928547229481353,28.32481668491569],[-13.928746448612307,28.32499820936816],[-13.929023897993893,28.325069571523553],[-13.929256232995128,28.324877155416136],[-13.93137817750805,28.32451006741151],[-13.931749114925802,28.32440890205698],[-13.93232118215597,28.3241392777181],[-13.93264131352476,28.32404589894064],[-13.9335933041706,28.32382761977444],[-13.935566591983905,28.323509127611953],[-13.93688920189669,28.323901482116263],[-13.937550065357913,28.324309126100808],[-13.938253893064005,28.324292301064624],[-13.938786828805101,28.324055226559235],[-13.939188098827897,28.3236494501544],[-13.939564165534845,28.323521739648204],[-13.94180823239349,28.32326254885358],[-13.942268292422684,28.323093754823223],[-13.943863323869884,28.32277591004349],[-13.943992939722193,28.3228035940707],[-13.944479644614184,28.322482278331936],[-13.94467519244637,28.322431656428552],[-13.945583947007583,28.32174939071442],[-13.947258284554772,28.32075038228686],[-13.94890245571445,28.319563107928193],[-13.950210852461934,28.318081066575207],[-13.950437036797032,28.317583124686482],[-13.950547719503815,28.317446491195373],[-13.95119760859383,28.317258970592864],[-13.951478963268203,28.317025444444482],[-13.951702629612603,28.31663363617806],[-13.95184639227109,28.316235419146135],[-13.951971747050536,28.315434291371353],[-13.95195531028452,28.314610989798705],[-13.952064353520372,28.31402621716688],[-13.9521165978343,28.31299172774864],[-13.952233941957795,28.312938526449816],[-13.952240289915807,28.312867359654778],[-13.952206368033801,28.312337631214387],[-13.952282189707303,28.31128547792726],[-13.952385064592328,28.310874751803993],[-13.952219015060338,28.30936044013475],[-13.952023040220254,28.308375321519797],[-13.95157993397096,28.307351568702142],[-13.951156327310406,28.30694729606954],[-13.95082147313079,28.306268581134237],[-13.950500103530706,28.305919465202262],[-13.950138357006974,28.305667239606255],[-13.949702742749123,28.305467057651146],[-13.948804296747696,28.305387518723354],[-13.947872024351863,28.304852881432616],[-13.947744121449558,28.304585843718545],[-13.947672992030661,28.3042298765824],[-13.947556942483041,28.3025367865155],[-13.947840768412597,28.298813487085866],[-13.947845264642213,28.298141811363713],[-13.947752817689516,28.297443456639435],[-13.947811543744265,28.297133791776552],[-13.947948374064964,28.29677123121194],[-13.948679752690815,28.295442351854277],[-13.949219475011224,28.294886556232445],[-13.949559700164926,28.29465247436177],[-13.949894900015533,28.294318298989474],[-13.950593322121676,28.29337902682179],[-13.950695830124443,28.293134332495548],[-13.951196913956633,28.292441107441256],[-13.951299809759659,28.29221694988184],[-13.951505845104565,28.292126547282628],[-13.951819508782512,28.292084402563404],[-13.951908428587386,28.29201055676565],[-13.951960751073193,28.291872083146828],[-13.951990441409452,28.291253086116587],[-13.952079881972194,28.29086465833661],[-13.952150833472265,28.290780366681677],[-13.952381501247482,28.290684799218234],[-13.9524942138937,28.290559461223257],[-13.95260963865542,28.29035183512288],[-13.95267136824407,28.289848012520636],[-13.953768114151433,28.28873643600015],[-13.954296976362972,28.28775079455267],[-13.954306708487676,28.287428962795953],[-13.954191303108002,28.287202282582587],[-13.952862525471973,28.28617250550671],[-13.953254304103021,28.28624862907284],[-13.953851335184778,28.286271400165766],[-13.954709772604426,28.286121695350058],[-13.95531068551738,28.28614893962498],[-13.955532876062549,28.286114083366016],[-13.955889755073985,28.285949630935452],[-13.956210012370965,28.28564029970993],[-13.956797521534318,28.28529024363926],[-13.957502981198644,28.28478737997177],[-13.958001785697096,28.284311214802987],[-13.95857870496648,28.283572695098563],[-13.958902781534238,28.28337863150125],[-13.959184030080417,28.283046340027504],[-13.959271238390485,28.282673224793026],[-13.959136121035334,28.28204565756747],[-13.959393210503407,28.28166823143816],[-13.959652147908336,28.281486540815997],[-13.959894992604188,28.281394257038666],[-13.960320732148933,28.281376034222784],[-13.960728069613728,28.281071930726785],[-13.960944917384907,28.2807753219066],[-13.961627150972516,28.280436498011667],[-13.961822980731244,28.280049466861616],[-13.962352311629456,28.279783662540346],[-13.962500638259499,28.27965602277603],[-13.963070901933538,28.27878086695902],[-13.964023523375165,28.27812714902075],[-13.964135767415836,28.277808241177386],[-13.964289117555682,28.277646690226106],[-13.964806991304272,28.277411396645892],[-13.9651334079071,28.277205258319306],[-13.965364300638901,28.276968257520952],[-13.965468409124822,28.276677213617088],[-13.965576874584912,28.276595752924],[-13.965717829506309,28.276631904726347],[-13.966019078555648,28.276853330339712],[-13.966137441065648,28.27688514064322],[-13.966821860646817,28.27679520158722],[-13.967026509213891,28.276813456591242],[-13.96751026590097,28.277104866464946],[-13.967642836559788,28.27724617039877],[-13.967847688516539,28.277674906532038],[-13.968279831340174,28.27809409464283],[-13.968347463541662,28.278225059933714],[-13.968379126919341,28.27882129365443],[-13.96863422307815,28.2793863143271],[-13.968607585719678,28.279605899159662],[-13.968371753432846,28.280077312424723],[-13.96840729558547,28.280267932617196],[-13.968501035804753,28.280342374879158],[-13.969005694277788,28.28049297665891],[-13.969280409649574,28.280701720914752],[-13.969565152409674,28.28110182174896],[-13.969876396107058,28.281387643630612],[-13.970316552800899,28.28201379162162],[-13.97068048109195,28.282346764166256],[-13.970915800680654,28.282496619806967],[-13.971586459106376,28.28274711831782],[-13.971883280412342,28.282982461415095],[-13.972062494024023,28.283063086685633],[-13.972906287678427,28.283246373473656],[-13.974088817024864,28.284226976815503],[-13.974291891437899,28.284243016027272],[-13.974674256459656,28.284020233973706],[-13.974775717047448,28.283983546225166],[-13.974833228221756,28.28402585911082],[-13.974927762201611,28.283940522619368],[-13.975165238540004,28.283861881960522],[-13.976402301381544,28.28353918670673],[-13.977078225282765,28.28343501642629],[-13.977622484624982,28.2832717019529],[-13.978619549102094,28.283327297982083],[-13.979085557501326,28.283047496939798],[-13.97942211146659,28.28296957124445],[-13.980813598674777,28.281878980849243],[-13.98158972989039,28.28079406975156],[-13.98166023821494,28.280747867123896],[-13.981779722610941,28.280788120844406],[-13.982212021206648,28.280424899579753],[-13.982568052374397,28.28020831610599],[-13.983752402020523,28.27969410393335],[-13.98411601194083,28.27948414371381],[-13.984414536430483,28.27923679071034],[-13.984722132372138,28.278892861528476],[-13.985891592624705,28.27712567237674],[-13.98603421253854,28.277120367635337],[-13.98629339029147,28.276946218103514],[-13.986711127989402,28.277029063406793],[-13.986978821826415,28.27698381497281],[-13.987923131694254,28.276229413452374],[-13.988495451842173,28.275914650092417],[-13.9888706648698,28.275862097492737],[-13.989301446788167,28.27593568932261],[-13.98957830920489,28.275818474834217],[-13.989836715188098,28.275593350999575],[-13.989886786083124,28.275444284209062],[-13.989863928988774,28.27526794268852],[-13.989674254375462,28.27477447915347],[-13.989728873866689,28.274604721984574],[-13.990296920379159,28.274103772685546],[-13.99049820541353,28.273994283602125],[-13.991168956910665,28.27381997889977],[-13.991921070630701,28.27368754788659],[-13.992070851515505,28.27351563956949],[-13.992632882573577,28.273279517567275],[-13.993206683877629,28.27286264976879],[-13.993323152442116,28.272740661926466],[-13.993336100824498,28.272619192951588],[-13.993092370608332,28.272254499880223],[-13.993087718877051,28.272009739186448],[-13.99358504338339,28.27135014288367],[-13.993887399540215,28.271033114282776],[-13.994252032237043,28.270747006741033],[-13.994573936241604,28.27056495334035],[-13.996245607411312,28.26989649106256],[-13.997847381486983,28.269155980823058],[-13.998081550746344,28.269107377277127],[-13.99873084009985,28.26910206381961],[-13.99921579040764,28.26896613530616],[-14.00026139875748,28.26892776564996],[-14.000693696947014,28.268693684000397],[-14.001177146020561,28.26854336777482],[-14.001558141621812,28.268293681094814],[-14.001915191024558,28.267858700386174],[-14.001914305639975,28.267343262693345],[-14.00195372131641,28.267259932033916],[-14.002174639807926,28.267098785369246],[-14.002299534835142,28.26692957184871],[-14.002311474798276,28.266674389469237],[-14.002182663966057,28.266552651421733],[-14.002170659322948,28.266440494629553],[-14.002406808323073,28.265972721847884],[-14.0028123188711,28.265710086261723],[-14.002858754646509,28.26550550358548],[-14.002803678542747,28.265414993217288],[-14.002811263417746,28.265278121291185],[-14.00285550737449,28.265186304834348],[-14.00308418807161,28.26501207106176],[-14.003372673332807,28.264686344262973],[-14.003747133788677,28.264571662231],[-14.003874851498045,28.26448420887907],[-14.004180918831336,28.263951222656388],[-14.004976570351532,28.262845424833927],[-14.005214779414187,28.262612478078935],[-14.005971235779946,28.26205676999177],[-14.006062349955414,28.261815530638767],[-14.006029464922575,28.26117580334767],[-14.006106208713485,28.260729672985285],[-14.006262061374073,28.260632890190045],[-14.006739087830306,28.260532809621168],[-14.007364131901193,28.26030991798385],[-14.007891731776768,28.259994997948887],[-14.008672759942709,28.259230468766397],[-14.008963830722767,28.258464070612384],[-14.00961788251933,28.258481430643517],[-14.00970304162195,28.25842442444343],[-14.009784108640211,28.258265284072447],[-14.010158999744917,28.25799490289961],[-14.01039753123354,28.257649590625444],[-14.010589153471056,28.257478108053533],[-14.010873460061669,28.257509771993977],[-14.01106768839312,28.25744460025425],[-14.011090330317145,28.257306446429666],[-14.011278238421536,28.25692525707201],[-14.01136253921359,28.257042801495718],[-14.01138635475007,28.25725469260107],[-14.01131094950439,28.25771754379028],[-14.011310577656497,28.25825497071922],[-14.01113531800984,28.25874110900946],[-14.011047723899928,28.259218792042933],[-14.010843828072895,28.259537927312984],[-14.01068647622509,28.259671820366858],[-14.010342072759602,28.25982399979562],[-14.010208898439702,28.260094976863193],[-14.00968582625313,28.2605692151837],[-14.009626649502236,28.26068923201158],[-14.009669532994801,28.26081432104421],[-14.009940593807269,28.26113516288867],[-14.009951164927179,28.261387828784365],[-14.010135953963896,28.261619082922618],[-14.010106994181061,28.261928796892267],[-14.010004335586775,28.262200139090808],[-14.009691745715516,28.262540292153325],[-14.009087989361985,28.262903173475767],[-14.00887397395581,28.2630981849514],[-14.008709468826588,28.263195620973114],[-14.008118273813666,28.263361610233137],[-14.007607513950372,28.264149219583846],[-14.007097904842867,28.264074986881553],[-14.00637056386984,28.264304525405123],[-14.005688598041663,28.26463606122585],[-14.005614096084019,28.264697402663863],[-14.005544538622908,28.26488501135774],[-14.005436423836796,28.26546132313982],[-14.005292282860935,28.26565848908968],[-14.0049514851904,28.265946389346045],[-14.004865176569487,28.266147044849177],[-14.00467591561186,28.266221919597655],[-14.004658724113952,28.26643944288867],[-14.004724074967534,28.266793673351284],[-14.00457738341635,28.266849189940412],[-14.004393282518407,28.267023561430282],[-14.004053332067544,28.26749809089929],[-14.00392721737867,28.26777893303929],[-14.003909024339041,28.267965823002744],[-14.003966381733873,28.26831334314881],[-14.003939312748157,28.268708068539734],[-14.004020889483018,28.269004586724485],[-14.00418659322094,28.269253328655378],[-14.004220389865937,28.26951324027922],[-14.004114223575721,28.26970106861065],[-14.003755955083967,28.26991884905121],[-14.003750696459363,28.270045745932322],[-14.00365646899964,28.27007452028059],[-14.003628928341143,28.27015923777474],[-14.003657888417605,28.27020248581103],[-14.003885278710387,28.270218441330538],[-14.003959244383587,28.270283247008738],[-14.004137546152753,28.27080662123337],[-14.004105372276053,28.270883073167145],[-14.003914694331952,28.27098436498477],[-14.003817101246943,28.27109427832308],[-14.0038369239335,28.271453448291357],[-14.003588856630534,28.27192157843648],[-14.003326327443238,28.27208545638185],[-14.003033343452232,28.2726468411517],[-14.002811709439216,28.27285304235741],[-14.00253681410334,28.272978124185666],[-14.002356312977295,28.273002079503154],[-14.002214420699115,28.273158604225422],[-14.002029078615852,28.273196532373973],[-14.001545040959394,28.273462481199825],[-14.001384139390185,28.273413791370597],[-14.001198971142435,28.273137897566276],[-14.001092764083467,28.273191422524633],[-14.000963583960173,28.27346920623074],[-14.000760489575047,28.273591343397126],[-14.000676274355817,28.273578171992252],[-14.000591883039137,28.27348446771744],[-14.000464430401552,28.27353660919022],[-14.000292740687852,28.273422570885682],[-14.000152884869827,28.273428326057534],[-14.000075590020632,28.273704755562726],[-13.99983783953241,28.273849780771826],[-13.99983753231429,28.273882669897265],[-14.00003457224968,28.273904619758458],[-14.000336681076588,28.274034397653516],[-14.000324188068744,28.274072974363946],[-14.000796648688091,28.274681103195263],[-14.000892119590596,28.274939155708108],[-14.000823020351906,28.275596044547786],[-14.00088810563372,28.27589373437313],[-14.000892629423317,28.27619343636469],[-14.000758496919993,28.276881188247756],[-14.000847223798662,28.277267724078797],[-14.000620529579601,28.277662793033723],[-14.000530144424046,28.278322161319792],[-14.00062165269826,28.27837910898981],[-14.000650759306899,28.27854655878038],[-14.000560605671685,28.27869724998428],[-14.000283624407738,28.278869103243814],[-14.000092007275063,28.278863801433566],[-13.999971584239498,28.278936573403115],[-13.999950938787546,28.279330396372238],[-14.00054829500898,28.2797908425444],[-14.000524239285067,28.279971334277075],[-14.000416750889457,28.280146016405247],[-14.000409529742843,28.280290382214265],[-14.000454597492102,28.28037115319824],[-14.001133823386581,28.280540325844495],[-14.001399841053528,28.280669648150255],[-14.001625315916328,28.28085831853164],[-14.001614211909304,28.280949076712695],[-14.001214453005202,28.281200619871555],[-14.001123820600908,28.281367482751996],[-14.001152392163268,28.281574941471057],[-14.001313820215527,28.281793616330162],[-14.001483981378978,28.282230426991838],[-14.001474427119499,28.28248511161759],[-14.001511948273327,28.282572750157048],[-14.0017195352688,28.282757832620483],[-14.001888702789579,28.282776687992722],[-14.002462065574065,28.282663608702176],[-14.002558880076897,28.282381435687434],[-14.002691726208326,28.282421209226904],[-14.003041436030955,28.28267389534648],[-14.003350912589267,28.28307763778467],[-14.003510977109492,28.283428154411695],[-14.003714009316978,28.283667132026185],[-14.003762030129277,28.283849522018787],[-14.003733723854113,28.28398102536631],[-14.00356979838017,28.28411514983759],[-14.00287484952903,28.284253919075862],[-14.002421277393974,28.28463080705643],[-14.002209708672273,28.284655744371918],[-14.001844994881088,28.284907111782285],[-14.001833347056392,28.28500147641515],[-14.001890654155392,28.285081117842882],[-14.001852826731666,28.285606732641323],[-14.001934721753553,28.285749448032938],[-14.002168869652975,28.28585123195993],[-14.002201298463428,28.285925275800793],[-14.002172718705651,28.28638329810941],[-14.002317050950374,28.286739197980328],[-14.002284448851613,28.287051192746134],[-14.00234192790802,28.287255820477853],[-14.00224160755234,28.28734144990011],[-14.00185722181967,28.287464131839037],[-14.001351752321183,28.287484563583465],[-14.001151662083556,28.2875441803377],[-14.000935144301152,28.28766824072411],[-14.000832015323692,28.28780988291317],[-14.000798426987615,28.287999845369814],[-14.000905824762457,28.288344635960605],[-14.001098396525085,28.288531324522285],[-14.001332732709015,28.28861348845178],[-14.001362327875562,28.28872895083007],[-14.001154496490246,28.2889534368488],[-14.000663459275675,28.289244611691576],[-14.000351640781506,28.29026090392146],[-14.000406270272668,28.290421030599898],[-14.00055140599763,28.290603482432907],[-14.001256024344402,28.290853724599472],[-14.001300575358183,28.290922640156374],[-14.001300710714684,28.29111789489426],[-14.001187936069607,28.29155841286482],[-14.001190994825203,28.292104625751804],[-14.001098618699713,28.29238729900915],[-14.001065596666239,28.293108427417213],[-14.000847889584424,28.293587892326077],[-14.000934944896953,28.29368081262915],[-14.001072532397353,28.2937286107544],[-14.001513662790563,28.29364937414821],[-14.001619037307657,28.293737517750433],[-14.001893204309017,28.29415111446046],[-14.002200391416093,28.294368109638093],[-14.002513122913873,28.294511202415833],[-14.002576790919953,28.294601522820223],[-14.002521374551266,28.294768029596565],[-14.002525308068064,28.295055965442234],[-14.002408501657618,28.29521806121231],[-14.002115089242645,28.295268855650924],[-14.001945824560492,28.295206926742868],[-14.001498801751405,28.29489307789906],[-14.001358828426088,28.294889842879563],[-14.001448111982466,28.295054473858084],[-14.001180341570107,28.29513640446208],[-14.001092236763972,28.295278048157517],[-14.001170026665319,28.29542309874683],[-14.001086150435997,28.295525771377836],[-14.001162684406287,28.295811900485678],[-14.001068353382854,28.296216168484108],[-14.001115580129495,28.296299076136485],[-14.00122910836145,28.296360634511743],[-14.00135575559229,28.296112574573655],[-14.001962727685848,28.29549380200937],[-14.002197124357124,28.295666289773667],[-14.00218058969361,28.296214462326784],[-14.002333008026163,28.296421958934165],[-14.002479308440305,28.29644243402542],[-14.002609599303447,28.29636874857969],[-14.002920009896524,28.296302010716694],[-14.003180271459907,28.296042233856735],[-14.003037506083116,28.29576942321461],[-14.003163493284333,28.29574159473628],[-14.002965173875467,28.295446616394138],[-14.002929194970582,28.295265144688642],[-14.003265981837224,28.295244559723834],[-14.003541813617964,28.29539403311612],[-14.003648612168396,28.295574902206653],[-14.003842135254095,28.295733585821743],[-14.00394064809243,28.295772719774376],[-14.00421145972599,28.295722271096906],[-14.00435158225001,28.295763296797713],[-14.00506036413288,28.29627002839667],[-14.005131308149204,28.29634699682527],[-14.005035344002208,28.29650409278301],[-14.004947239730962,28.296854387532598],[-14.004795747774613,28.29714298679578],[-14.004660832069025,28.29726331484088],[-14.002243842550941,28.29866602877805],[-14.002145921435329,28.298858400463118],[-14.002336149165098,28.299106168221677],[-14.002343436908859,28.299199515701883],[-14.002285074552873,28.299283573949467],[-14.001381309320697,28.299752391781777],[-14.000829086702549,28.299878472518344],[-14.000653118817349,28.299975533477507],[-14.000547596762429,28.300142719496705],[-14.000484172424315,28.30054233885951],[-14.000292046352927,28.300863363960495],[-14.000031530482275,28.300858170636523],[-13.999767824592247,28.30062813038788],[-13.999516256366382,28.30063676650235],[-13.999312012506723,28.30071682985494],[-13.999021202919126,28.300618515564928],[-13.998967257565017,28.30049724201972],[-13.999204105460027,28.300590395081052],[-13.99935756409548,28.30047742948656],[-13.999377540191864,28.300385003816096],[-13.9993254089535,28.300216952196845],[-13.999226712075837,28.300126400660982],[-13.999221618798497,28.299803173406946],[-13.999150723111997,28.29961228343466],[-13.998938233913618,28.299599388809238],[-13.998534335987216,28.299828371518707],[-13.99803134602324,28.299974090831686],[-13.997683987999137,28.3006117379885],[-13.997570685528004,28.30105355684057],[-13.99766324526223,28.301432169685732],[-13.99778618407177,28.30170328758346],[-13.998586450720358,28.302898434270002],[-13.998620809466868,28.303620488134484],[-13.99879153200177,28.303945092461365],[-13.99887546799855,28.304271659709652],[-13.998870810468086,28.304540387674002],[-13.998788466902585,28.304760454675954],[-13.99862022716997,28.30488284261359],[-13.99837314559183,28.304905725499705],[-13.997564788147093,28.304798699548094],[-13.997072919562212,28.304680274562823],[-13.996753008175341,28.30451530922952],[-13.996178672547364,28.303919262154686],[-13.996100443485977,28.30392865176851],[-13.995968481553291,28.303836697949958],[-13.995979837703532,28.30413702660719],[-13.995849262196034,28.304244957451104],[-13.995827373180397,28.304336501907365],[-13.995953309255846,28.30442508993192],[-13.995980538979033,28.304585892087072],[-13.995873322312406,28.30467377620165],[-13.99580649729373,28.304874025740478],[-13.995742029142306,28.30493297050571],[-13.995743621947002,28.30506851854402],[-13.995872383758137,28.305242911744624],[-13.995925335635404,28.30540793776629],[-13.995908436150616,28.305693616736722],[-13.995782562759818,28.305891410046566],[-13.995526596707716,28.306041165792774],[-13.995349321300727,28.306499399338314],[-13.995218961667588,28.306707701566104],[-13.994442589209413,28.307206734740138],[-13.994388006545442,28.3077357688549],[-13.994505029366113,28.308045820656055],[-13.994473279526522,28.308454731816074],[-13.994374194168602,28.30851032489297],[-13.994126024539792,28.308437578204884],[-13.9938108063118,28.308293436702737],[-13.993554746397725,28.308070878481743],[-13.993388220735007,28.30799268489663],[-13.992587590363474,28.30780841355544],[-13.992245734398145,28.307668846728184],[-13.992022827149377,28.307824751852298],[-13.99177793619404,28.308163913951752],[-13.991938742916814,28.30846996767274],[-13.99185120695084,28.308873257967907],[-13.99175133668848,28.308927543547544],[-13.991410078344193,28.308929788315087],[-13.991079177549642,28.308856867090594],[-13.990883447412156,28.30897052130202],[-13.990786361775237,28.30912519713776],[-13.990811057462833,28.30949754444133],[-13.990746012688422,28.309665599127463],[-13.990793820064129,28.30976776714834],[-13.990947868201932,28.30982161849314],[-13.991030249157799,28.309945560259454],[-13.991004204217573,28.310057580381603],[-13.990920156479849,28.310088613666245],[-13.991123924285468,28.31074460330311],[-13.991221250521512,28.310923389761335],[-13.99156690490474,28.311318606825207],[-13.991591934049675,28.31160618314994],[-13.99151057755148,28.311892395806815],[-13.991724433812086,28.31217805451757],[-13.991532163070719,28.31259688981864],[-13.991802879006329,28.313238660434365],[-13.991621278848987,28.313719809612167],[-13.99158813475312,28.31392912391869],[-13.991631177609483,28.314089014503413],[-13.99191855649163,28.314487130794966],[-13.991946219470007,28.3145994032751],[-13.991701078269275,28.315259603375143],[-13.992279219122691,28.3156438362831],[-13.992800389447645,28.315812617403086],[-13.99071833766356,28.321593203433086],[-13.990777989253926,28.32968022945285],[-13.991639431185629,28.332835331033408],[-13.991829792223736,28.333030347391155],[-13.99192397865607,28.33324887889993],[-13.99191233798523,28.333401378847846],[-13.991793373589083,28.333667960680078],[-13.992132933919791,28.33432644029225],[-13.99232624560268,28.334557248148716],[-13.992708060286944,28.334501434366384],[-13.992939425040493,28.33457968364699],[-13.993685260169112,28.334658840076138],[-13.993879247869575,28.33471977081771],[-13.994019280636111,28.33485973299487],[-13.994421123056517,28.334809125738445],[-13.994612308254942,28.33483839835681],[-13.99476783068209,28.33492821668274],[-13.994902587126115,28.33481382908953],[-13.995169675701387,28.33472119416328],[-13.99547531857629,28.334482845611053],[-13.995304575539585,28.3347129449839],[-13.995313121071241,28.334967047162436],[-13.995895766124168,28.335511882139286],[-13.996303966370546,28.335740177166794],[-13.996730801263189,28.335774664471604],[-13.997099848056187,28.33570559352917],[-13.997184024510016,28.33572802838433],[-13.997233938203209,28.335783698136268],[-13.997292797773218,28.336225181608352],[-13.997382148270578,28.336350696212417],[-13.997944736344467,28.336555046535686],[-13.99785185371488,28.336659075905416],[-13.996463752057657,28.336870407943618],[-13.996375950920001,28.337159761161754],[-13.996160255353002,28.337256513319073],[-13.996070437261276,28.337226391205718],[-13.996070653320032,28.33729239153661],[-13.996008603856913,28.337319816460894],[-13.995942024153656,28.33744930206716],[-13.995763723431219,28.33747267595197],[-13.995617695574854,28.337595312397994],[-13.99519689586708,28.33772643140885],[-13.994875114196367,28.337611415331573],[-13.994840743863667,28.337655931457295],[-13.994904252287913,28.33781063711361],[-13.994852983291317,28.3378827297805],[-13.994735310439095,28.33796680714544],[-13.9944613106079,28.338027609243596],[-13.99427079584066,28.337978547068506],[-13.993928244754665,28.338023678852874],[-13.993438614263496,28.33774308353029],[-13.993188212517657,28.33769226917738],[-13.99305161738619,28.33739520551052],[-13.992813721985094,28.337420310905216],[-13.992433753186276,28.337244781915203],[-13.992350265686726,28.337322304031243],[-13.992392022561681,28.337515689346496],[-13.991989481123799,28.337879102062494],[-13.991891303498994,28.337889496689844],[-13.991715224670214,28.33781353162341],[-13.991694847398549,28.33791663934521],[-13.991501389687727,28.33802164477987],[-13.991323203964347,28.33800025335228],[-13.99108918723402,28.33789107635127],[-13.991162450539496,28.338076318806838],[-13.990858412017769,28.338388917584727],[-13.990966067844465,28.33863868924454],[-13.990905952891676,28.338833632035055],[-13.990845347985402,28.33876950473462],[-13.99070694799834,28.338836645724534],[-13.990580383972391,28.338705002630835],[-13.990333630102302,28.338596307746077],[-13.990409689010919,28.339097574156405],[-13.990360044841271,28.33913446636226],[-13.990169039869123,28.339102724897547],[-13.990023669902497,28.33919912124017],[-13.989957181622401,28.339376289162498],[-13.989642627391769,28.33941292524833],[-13.98934603836124,28.339240469336648],[-13.989159758472871,28.33924413464807],[-13.989172230905348,28.33913360352188]]]}},{"id":"24","type":"Feature","properties":{"categoria":"Paisaje Protegido","nombre":"Montaña de Agüimes","codigo":"C-28"},"geometry":{"type":"Polygon","coordinates":[[[-15.42456973209717,27.90976720059692],[-15.424251606330191,27.909724407206078],[-15.42356213922361,27.90937063697888],[-15.42318806855405,27.909389263153432],[-15.423043732460133,27.90927025743445],[-15.422794470397198,27.909225958318274],[-15.42176989280511,27.909412243707333],[-15.421441452559064,27.909662545964675],[-15.421283674066277,27.90986625053221],[-15.420955881615622,27.911029974684016],[-15.420675010968909,27.91117973742704],[-15.420564102902949,27.911385040309018],[-15.420477877384762,27.911414037291607],[-15.420260086115702,27.91139405637422],[-15.419980439113736,27.911019220868145],[-15.41982840675194,27.910933175791737],[-15.419700609535937,27.910933565125763],[-15.419466547889167,27.911121178639007],[-15.41898974749627,27.91110183051333],[-15.41856399370175,27.910826962032928],[-15.418560629202327,27.910755467181755],[-15.417918610401374,27.910475764873024],[-15.417083870580075,27.9104368499262],[-15.416756481333033,27.910371110892974],[-15.416222026631525,27.910410568741586],[-15.416104764999954,27.910232245945917],[-15.416196913508694,27.909924029034237],[-15.416379628689153,27.909622038045818],[-15.416682941657609,27.90921308803226],[-15.41689854975356,27.90900950257192],[-15.417264985434642,27.90886554570741],[-15.417872310355456,27.908798853272813],[-15.418680093587335,27.90830069514722],[-15.419240439287229,27.90810039124355],[-15.419542644176897,27.907671506095607],[-15.420029579998266,27.90740902591805],[-15.420250104933032,27.90721813066289],[-15.420403892214035,27.90699710701114],[-15.420648041413958,27.906861313792007],[-15.420830180848137,27.90657260682273],[-15.421131680885063,27.90625305877783],[-15.422243697284554,27.905861554963717],[-15.423089455965316,27.90539286422796],[-15.423348449745218,27.9053968352194],[-15.423828547386158,27.90496999393372],[-15.424297042246154,27.90474770881796],[-15.424427280002227,27.90454134128384],[-15.424887418760482,27.904214941173763],[-15.425039908118725,27.903961707016485],[-15.425183587571071,27.903820438179462],[-15.425378148962354,27.90372956492955],[-15.425704670678927,27.903696925063507],[-15.425902783813335,27.9035167783311],[-15.426306747852225,27.903331950460775],[-15.426878236414469,27.90325724097441],[-15.426884721028854,27.903086785788535],[-15.426957271966325,27.902931147332048],[-15.427283519924467,27.902705401981304],[-15.427254368438382,27.90244448651861],[-15.427457415792453,27.902192113018238],[-15.427387347669953,27.901944901505804],[-15.427520331461043,27.901860426967968],[-15.427455646064805,27.90174695605232],[-15.4274562071833,27.901641515630825],[-15.427570461389182,27.901507412961656],[-15.427781501577504,27.901381242692747],[-15.427314314840004,27.90114986030687],[-15.427012583315662,27.90090525335292],[-15.426775897082425,27.900461844014686],[-15.426772605124075,27.89987139743444],[-15.42684722972653,27.899747528609627],[-15.42719203348886,27.899488352095126],[-15.42779110817944,27.899193865378418],[-15.428284776112019,27.89888554887139],[-15.42857222045697,27.898849539204182],[-15.42791797358105,27.898252340669895],[-15.427300265866162,27.897860441620296],[-15.426901997703737,27.89733425634868],[-15.426305129316143,27.896737711690623],[-15.425287611130257,27.89611977731616],[-15.42525752326978,27.895991899241437],[-15.425344589706402,27.895848773673876],[-15.425584790330042,27.895703749001072],[-15.426018951214319,27.895562304198442],[-15.426695297304592,27.895492615739528],[-15.427564485192764,27.895307489724544],[-15.427916304693479,27.89531188653756],[-15.428430697297392,27.89539955049958],[-15.429076185680323,27.89575054584138],[-15.42938129277533,27.89578194952608],[-15.43054901794773,27.894831380229203],[-15.43082305273556,27.89477579152057],[-15.431007485606571,27.894426391380144],[-15.431235879575942,27.894299439387996],[-15.431712619720106,27.894157843509255],[-15.432197942948322,27.893803608311867],[-15.432372605701415,27.893738064053434],[-15.432457409068796,27.89364189207778],[-15.432476494685796,27.893581602109407],[-15.432397732810886,27.89347987691359],[-15.4316707278859,27.893023280201604],[-15.431404367029423,27.892804136997317],[-15.430891897960793,27.892214416020877],[-15.430786627643188,27.89202221090372],[-15.429205880817797,27.891089314064924],[-15.428911953006553,27.89075629112873],[-15.428874899581471,27.890547695287253],[-15.428970221933739,27.890279468489254],[-15.429518323757152,27.889605264207063],[-15.429786026988925,27.88942633931083],[-15.430241727038538,27.889313123779594],[-15.43042989599818,27.88917546588429],[-15.430402776308638,27.888730396390432],[-15.430460526767583,27.888453186313065],[-15.430250031297339,27.888124094205942],[-15.429828110428916,27.887733697709532],[-15.429317906240245,27.887462590772568],[-15.428870302682602,27.88711747996576],[-15.428410797780435,27.886959017057404],[-15.42812843930064,27.887001492007414],[-15.427721596958143,27.886934147328816],[-15.427268640822858,27.886750672694667],[-15.42703528061485,27.886473932501],[-15.42694971297271,27.8862559534011],[-15.426947468440531,27.885885768627087],[-15.427048717084778,27.885553394640432],[-15.427072785659636,27.885224581716173],[-15.427518499800847,27.884641986246805],[-15.427723023469426,27.88448420454676],[-15.428082233315399,27.884392672193535],[-15.428128915890264,27.884312364758355],[-15.428389688514747,27.884285411667584],[-15.428918879296141,27.884346451993967],[-15.429192195780198,27.883945077924835],[-15.429606706364263,27.883497043620654],[-15.42980569902836,27.883375529744058],[-15.430098025422504,27.883353963674516],[-15.430497205719476,27.883542074640282],[-15.430752399342728,27.883867127216362],[-15.430887756351828,27.88414200095714],[-15.430888771844291,27.88464492697668],[-15.43119017167328,27.884856171462403],[-15.431380385859308,27.88519066994045],[-15.431560936323683,27.885342476744903],[-15.432000876853172,27.88535900909956],[-15.432384390583394,27.885043088010377],[-15.43270601007748,27.88490110862319],[-15.433545801650823,27.88482798520789],[-15.434029940507783,27.884922367998524],[-15.434285636263718,27.885084622952615],[-15.434410276942053,27.885237775648598],[-15.434542522149053,27.88578910751277],[-15.434536494180504,27.88607077827606],[-15.434465479363078,27.88632072428172],[-15.43471213671156,27.886584699388752],[-15.434836819500935,27.886986851494537],[-15.435118902446463,27.887364096949458],[-15.435339451025925,27.88788163976966],[-15.435381056648968,27.888168793074517],[-15.435492770974669,27.88841643810619],[-15.435462807971403,27.88861166678845],[-15.435539727579478,27.88861881715109],[-15.435223986920485,27.88880481972269],[-15.434868459937213,27.889220041798023],[-15.43522968250341,27.889502422107086],[-15.43543941299325,27.889833964241085],[-15.435569918927346,27.890145968546992],[-15.435729990907308,27.890823159649987],[-15.435991436706901,27.891402101831712],[-15.436261864338213,27.89147350069799],[-15.436460045230948,27.891472115064172],[-15.436789426641507,27.891316524547367],[-15.437050451790734,27.8912577781153],[-15.437508620432176,27.891435137318574],[-15.437670045792272,27.89140201831422],[-15.437653653600766,27.89188614978766],[-15.437790655754837,27.892603474553756],[-15.437977860470149,27.892843186304425],[-15.438034308102154,27.893034114640145],[-15.437949980727714,27.893211859076807],[-15.437570346312416,27.89353282932081],[-15.437936879323134,27.893672698618968],[-15.438107314371411,27.893850102916215],[-15.438190997826158,27.894203706570014],[-15.438204127139313,27.895162859130217],[-15.438251429357114,27.89532289792208],[-15.438542578686173,27.89540010305727],[-15.43868926394278,27.895532671379684],[-15.438815255034097,27.895572712566278],[-15.439463495378858,27.895550137306447],[-15.439842338088875,27.895683968056332],[-15.440137624964528,27.895618029016017],[-15.440508740337048,27.895690081817403],[-15.440851107982398,27.895648391524585],[-15.441126948576207,27.895798454200197],[-15.441525092238649,27.895720185712825],[-15.441688812114155,27.89580301007314],[-15.441968299823673,27.896050102642334],[-15.442267321612206,27.8961431806898],[-15.442881934871798,27.896176097650738],[-15.44318755197719,27.896087063216246],[-15.443501528475789,27.8960597658653],[-15.443934667036702,27.896151388594426],[-15.444071069269791,27.896202359563826],[-15.44413374846962,27.897418917517076],[-15.443103314389013,27.898064091657307],[-15.442926563872097,27.8980636487262],[-15.442364743216961,27.89783262148159],[-15.441879148317833,27.897920985480656],[-15.441658797013092,27.897897850709473],[-15.440229242237097,27.898934729762974],[-15.43987509501901,27.899282354560654],[-15.438948369887344,27.899997380951945],[-15.438523902655671,27.90016412096677],[-15.438003817283859,27.900204483788833],[-15.437272152237655,27.900188030389536],[-15.43696423311905,27.900391064602886],[-15.43550810964831,27.90215866518552],[-15.43535774331786,27.902651244289057],[-15.435359246129446,27.90274236991024],[-15.435440022634038,27.90284237165217],[-15.434903286169224,27.9034944547714],[-15.434211644420712,27.903938457759413],[-15.434108115960372,27.904069932199896],[-15.434051094544934,27.90433081956058],[-15.434086176383639,27.904484678284504],[-15.434586468339928,27.905461369242758],[-15.434579366156052,27.905637026293928],[-15.43439167644752,27.90627436587825],[-15.434012032534314,27.90643884744202],[-15.433488630816555,27.90658825336028],[-15.432903541150054,27.906690475973633],[-15.432199375417051,27.906685320087167],[-15.431942301863696,27.906761386531777],[-15.430820745908234,27.90679536462357],[-15.430430247866786,27.906969042011195],[-15.429967637922168,27.907409284058666],[-15.429660194624962,27.90753561382855],[-15.42927324879517,27.90753941966492],[-15.42824721507182,27.907421231452535],[-15.427813632805476,27.907504004295394],[-15.427096517605237,27.907789125634267],[-15.426797660166182,27.907830927123243],[-15.426223545251274,27.907822449156583],[-15.425922009888595,27.907881156095822],[-15.425575455090643,27.90806912760059],[-15.425339424668538,27.908377939287636],[-15.425277366619667,27.90851057904085],[-15.425262836385478,27.90874995504662],[-15.425367267313021,27.908928444998782],[-15.425360494212118,27.90902581605426],[-15.425134299548233,27.909392227134628],[-15.424908869560829,27.909658252173834],[-15.42456973209717,27.90976720059692]]]}},{"id":"25","type":"Feature","properties":{"categoria":"Paisaje Protegido","nombre":"Fataga","codigo":"C-27"},"geometry":{"type":"Polygon","coordinates":[[[-15.579214276024238,27.924943699641123],[-15.579744542062151,27.924684023891512],[-15.57955969932395,27.924269842405202],[-15.579572422195117,27.923998974791846],[-15.579631506759048,27.92385718067383],[-15.57995185668158,27.923675578380326],[-15.57997842515264,27.923569307390736],[-15.580080927297844,27.92345823917438],[-15.58051167903184,27.923183732732596],[-15.581161955148097,27.92248424017011],[-15.581318454068011,27.921585199111384],[-15.581245011267592,27.921230778614383],[-15.581215368200624,27.92057936092934],[-15.581014145619648,27.91989920237476],[-15.58091555716554,27.9190646437444],[-15.580850267584928,27.918930739620762],[-15.580689567168386,27.918799981930004],[-15.580399493548605,27.918250052181342],[-15.5801658706483,27.91749535602267],[-15.579843842939182,27.916962729128578],[-15.579762067339267,27.91662971887177],[-15.579605587201252,27.916405213205394],[-15.579616845535062,27.916332470232156],[-15.57897687538017,27.91653884979658],[-15.577102420901564,27.91733474855278],[-15.577043472317621,27.917318367476746],[-15.577293374234179,27.91670875535929],[-15.576841275711535,27.916636220265936],[-15.576606980959317,27.9165503599226],[-15.576514869385429,27.91642797619624],[-15.576455603509844,27.916194511309968],[-15.57636693480403,27.916050538180425],[-15.576194518415063,27.915981479533567],[-15.575698116923059,27.915911157033168],[-15.57532912605451,27.915739738260218],[-15.575042299849803,27.915693272410817],[-15.574656126816503,27.915712306151544],[-15.574876198713344,27.91538841459497],[-15.574896948775349,27.91522670588564],[-15.574784133662677,27.914985971102126],[-15.574213285755437,27.914222560062488],[-15.573695996593408,27.913747214699278],[-15.572779777739116,27.9127304526329],[-15.572339901658774,27.9120977797551],[-15.571978398900415,27.911746860695207],[-15.571657796604287,27.911319798378596],[-15.57146902334242,27.911195365731356],[-15.570274823069475,27.910675727221577],[-15.570102645232561,27.910521894724603],[-15.569625484640815,27.909475119466325],[-15.569327192977232,27.9084618434061],[-15.569075626742327,27.907987692576846],[-15.569059544859423,27.907747690527117],[-15.56886830967189,27.90739757611631],[-15.56857917028633,27.9075064635915],[-15.568131886593681,27.907473824697757],[-15.567660017642046,27.907169748405124],[-15.567259191474827,27.907120937177258],[-15.566832294835997,27.906846733326205],[-15.566354225559438,27.90673622050638],[-15.565629676714853,27.906359784524632],[-15.565456182474946,27.90633323450793],[-15.564982552250965,27.90641145683479],[-15.564782801712138,27.90625989701175],[-15.564261807912464,27.905709387829035],[-15.564086980489332,27.905641045715893],[-15.563731430049167,27.905601878414775],[-15.563549814931259,27.905498176857584],[-15.563286746150036,27.904990390592125],[-15.563316366922589,27.904490163981702],[-15.563140245647826,27.90415182307254],[-15.56307358031944,27.90385609435582],[-15.563118799915694,27.90367978935876],[-15.563035524538643,27.903217847857864],[-15.563063706122218,27.903047931499014],[-15.563172605288457,27.902845999900226],[-15.563180824084972,27.90268672688812],[-15.562739492441247,27.9020917429238],[-15.562547131634798,27.90114675058522],[-15.562219198086781,27.900766329274997],[-15.561896050031232,27.90024966744326],[-15.561729273406378,27.900183907235938],[-15.561730271701387,27.90008207654302],[-15.56183475574844,27.899910675795013],[-15.56179667572106,27.899856216567777],[-15.56142932024797,27.899396243891392],[-15.561208616569296,27.899237000519893],[-15.56125227286683,27.898796837755903],[-15.561067974272511,27.898288364602774],[-15.560877352239816,27.89803114348439],[-15.560899846291402,27.897644507810032],[-15.560677863322203,27.897393913572554],[-15.560403272195678,27.896851954690067],[-15.560485574413642,27.89614208299356],[-15.560413758841815,27.89592897224985],[-15.560461823913066,27.895772245345412],[-15.560280728873925,27.89574599030263],[-15.560110843031293,27.895153684627054],[-15.559903698697077,27.894685383094078],[-15.55991684399777,27.894554615960153],[-15.55998821221558,27.89444428456444],[-15.560400143113755,27.89415346946064],[-15.560525212196003,27.893935405594053],[-15.560548344011114,27.89363299085775],[-15.560458943467896,27.893477274229124],[-15.560445849277906,27.89330219992797],[-15.560494048775558,27.89287592042721],[-15.560326946607068,27.892626185438683],[-15.560007655998934,27.892299705538864],[-15.559724683110312,27.891665701392522],[-15.55950283074318,27.891398042959132],[-15.559273370686876,27.89129073802619],[-15.558811176333373,27.890695463348486],[-15.558499615152893,27.889913165158422],[-15.558389600653362,27.888946526917913],[-15.558214735240526,27.88864690013733],[-15.558206786667764,27.888543209783023],[-15.558283481065207,27.887966331859058],[-15.558540308807231,27.88750842486474],[-15.55852918640998,27.887281255244677],[-15.558698175640407,27.886911448187114],[-15.558548419768979,27.886416281002447],[-15.558091564694973,27.885965777966568],[-15.557746390877508,27.885480157112376],[-15.557686007141573,27.885374060902326],[-15.55772544869994,27.88504133908867],[-15.557375885909815,27.88443179139597],[-15.557320792461983,27.8842277284124],[-15.55703049013149,27.883861494242744],[-15.557011111151608,27.883727518493078],[-15.556698065493526,27.883482701143137],[-15.556472047695948,27.883110880084384],[-15.556350898704572,27.88306153879933],[-15.556123799439463,27.882855461072204],[-15.555886204515124,27.882782305813524],[-15.555668687894585,27.882642087318036],[-15.555161420735814,27.882221657267767],[-15.55480650431643,27.881772989058494],[-15.554679385910786,27.881448881922424],[-15.554398631020222,27.881078992599996],[-15.554344445915392,27.880892256851936],[-15.553951197386413,27.880495646867093],[-15.553796786877243,27.88041745954049],[-15.55312169090718,27.880253436669392],[-15.552802344691141,27.880264647295217],[-15.552180610757857,27.880005258968527],[-15.551907176525717,27.879333555144413],[-15.551624646076517,27.87891103832449],[-15.551322857931513,27.87871752817409],[-15.551050951984267,27.87844644438066],[-15.55084376847844,27.878096745211586],[-15.550867588655546,27.87788541307888],[-15.550692868698183,27.877667110566815],[-15.550637895924924,27.877483716404583],[-15.550125266070124,27.877099126550426],[-15.549998715763435,27.876883609910497],[-15.549899000008054,27.876510099990774],[-15.549234293864085,27.87632552444848],[-15.548940088396753,27.876182982513384],[-15.54879370995072,27.875983251006048],[-15.548674166481387,27.87548416001894],[-15.54827420611979,27.875179005632017],[-15.547903584997167,27.87499072635259],[-15.547606963894632,27.874164739622785],[-15.547413810783977,27.873894328519125],[-15.547296405205488,27.873374194166292],[-15.547288069079347,27.873130401757294],[-15.547408638289793,27.87250153768687],[-15.547577515609813,27.87212650797016],[-15.547901582203217,27.8716043496105],[-15.54805839756343,27.871517787273728],[-15.548299432936757,27.87147313739767],[-15.548371244207717,27.87141101534141],[-15.548455393513155,27.871095901142446],[-15.54842292767361,27.87072067792482],[-15.548193653674021,27.87009455782548],[-15.548159169341377,27.869277639919854],[-15.548022518559101,27.86844505941112],[-15.54790737584241,27.868232744914827],[-15.547933267624037,27.868068978259863],[-15.547782741592952,27.867789280472522],[-15.547776755685206,27.86768973382109],[-15.547922110003302,27.867264424947482],[-15.547944947888606,27.866695527959276],[-15.547902981888935,27.866430203586148],[-15.547660713182111,27.8658030504401],[-15.547778568271045,27.865504954346523],[-15.54803042479236,27.865170758476044],[-15.548052021151856,27.864779251523665],[-15.548258691755711,27.864448665106234],[-15.548517070284023,27.863736110726705],[-15.548852526885671,27.863859496724924],[-15.549148176870464,27.864061541264306],[-15.549297090904199,27.864005773839718],[-15.549760907557213,27.86413045183378],[-15.549838731375964,27.864029036548285],[-15.54980479739831,27.863552533513772],[-15.549870200400607,27.863051080387905],[-15.54976965266411,27.86277362266657],[-15.549828292182792,27.86237514313498],[-15.54984740174012,27.861647200382517],[-15.549743722612464,27.861525908312917],[-15.549660094005318,27.86128172061733],[-15.549607192152488,27.860814094469838],[-15.549720251059837,27.860517694790286],[-15.549608199205037,27.860018970717043],[-15.549619120828856,27.859276418165837],[-15.54968164589396,27.858917507507478],[-15.549495102766162,27.858652226720803],[-15.54930751140883,27.858150607454853],[-15.549131804912227,27.85728604515381],[-15.549421114495408,27.856753738945727],[-15.549659540855616,27.85653266875959],[-15.549719795642593,27.856364305177117],[-15.549693554267902,27.856155690680414],[-15.549757209153144,27.85588823042438],[-15.549695056189915,27.8556802013436],[-15.549778437327012,27.85552185609718],[-15.549525374738593,27.85513004344155],[-15.54942250479836,27.854644100891743],[-15.549459211317178,27.854414436810377],[-15.549580256405784,27.854248719857786],[-15.549612885917835,27.8540807551889],[-15.549575293332106,27.85394124430036],[-15.549657267697903,27.85374987398225],[-15.550039807344957,27.853375343347196],[-15.550104014870735,27.853258094152782],[-15.550088406305083,27.852660822969167],[-15.549913721988434,27.852340419845504],[-15.549889853469288,27.851796713096626],[-15.550006564795353,27.851376661044593],[-15.550225169011851,27.851042051805884],[-15.550601871686617,27.850917661061033],[-15.550684272301948,27.850827538100802],[-15.550601337652665,27.85043994979013],[-15.550622849824101,27.850249136056078],[-15.550726052833273,27.85003089646126],[-15.55090123520814,27.84980704334471],[-15.5510677183817,27.849759057673634],[-15.551099547092253,27.849590084727787],[-15.55116826330698,27.84955370123186],[-15.551532073496643,27.849580268146283],[-15.552042411630776,27.849707741402092],[-15.55223288563959,27.849826626485214],[-15.552332446032162,27.84981625287351],[-15.552479611272718,27.849563857417422],[-15.552658723275304,27.849414822323705],[-15.553445374026131,27.849224353811422],[-15.554114527919888,27.848856696324937],[-15.554333182743921,27.848795154936425],[-15.554704906985595,27.848451302430227],[-15.554987755896681,27.848102119241187],[-15.555232516364487,27.848027878420872],[-15.555273350784836,27.84795942291442],[-15.555465669173126,27.84785219948119],[-15.555869699884786,27.847764633023637],[-15.556180493000456,27.847640447526587],[-15.556528562948145,27.847763891111086],[-15.556765781617013,27.84753969015375],[-15.556967693645689,27.847446066117925],[-15.557200158829458,27.847400930190943],[-15.55760354883908,27.847440889301332],[-15.557867792443684,27.84726086497619],[-15.558166372100473,27.84727512125378],[-15.558355009054498,27.84704874895412],[-15.558409990850903,27.8468697146077],[-15.558597203969867,27.846714545698763],[-15.558826642413518,27.846301260757564],[-15.559023420062,27.846237047274833],[-15.559235649306407,27.846239076084263],[-15.559527276382209,27.846070636955638],[-15.559730159589096,27.846024750124727],[-15.559921523339495,27.845923012975966],[-15.560130739494543,27.845718220178114],[-15.560449085962476,27.845054263922222],[-15.560646670332012,27.84492635758309],[-15.56083321700602,27.844688300112203],[-15.560849902316722,27.844569704434136],[-15.561058039134746,27.844347437855415],[-15.561219382529199,27.843605264919123],[-15.56115193716958,27.843168890757454],[-15.561240479861958,27.84294898779874],[-15.561422493597137,27.842835406748588],[-15.561703421243802,27.842859539942115],[-15.561983217017856,27.842742851960733],[-15.562037670781326,27.84262843540221],[-15.562015383933584,27.84240275445536],[-15.562078196544949,27.842294442372314],[-15.562384584132863,27.842135668534116],[-15.562565728231121,27.84181464315046],[-15.562984657839495,27.841423860029145],[-15.563488091042414,27.841169258902838],[-15.563990891272805,27.840993015139464],[-15.564062902995982,27.840645370014784],[-15.564169338564158,27.840469986707586],[-15.564347515972674,27.84041713485557],[-15.56454435763421,27.840434673206204],[-15.564623185754924,27.840344800339746],[-15.564550381371735,27.83988373304764],[-15.564697822418209,27.839567085537084],[-15.564759162540813,27.83907719601139],[-15.564931287310921,27.83882092986788],[-15.565091327314112,27.838721606762473],[-15.565314373485354,27.83847207361037],[-15.565395182514479,27.83824559168872],[-15.565537002298145,27.838048243473114],[-15.565564623791175,27.837583993698086],[-15.565658342824134,27.83729758088362],[-15.565640054796699,27.837006075294088],[-15.565736950185064,27.836754611977398],[-15.565736361783873,27.836414060935176],[-15.566098745362396,27.8360562330057],[-15.566388101606655,27.835133100659313],[-15.566595569850117,27.83489132959383],[-15.566402213808487,27.834643584525903],[-15.566466245453848,27.834517481706936],[-15.566902368000422,27.834121199815453],[-15.566974468013766,27.833984591997737],[-15.567171016186789,27.83381894670072],[-15.567497338069089,27.833398830714707],[-15.567718767385127,27.83331198064128],[-15.568042466318985,27.833336602338996],[-15.568266515666078,27.833242085490404],[-15.56829322828045,27.833118419355987],[-15.568236423552799,27.832958717165102],[-15.568626505633345,27.832171486061185],[-15.568788054792293,27.83200575696361],[-15.56914550661272,27.83194912706379],[-15.569261854254313,27.83168760589422],[-15.569156927583826,27.831607939628025],[-15.569158464138368,27.83153264589988],[-15.569604203248119,27.831037467326833],[-15.569862482905345,27.83056102555191],[-15.570221357421088,27.83009761843092],[-15.570408494493124,27.829979310308005],[-15.570514943462818,27.829713288248616],[-15.57065227921946,27.829606018323307],[-15.570725293996677,27.8294710296669],[-15.570896928077069,27.82935937488467],[-15.571095182660565,27.829056863622263],[-15.571689690093057,27.828702429838437],[-15.572474311357325,27.827985934076047],[-15.57251606196835,27.827776238071834],[-15.572352243993617,27.82731747453928],[-15.57251492074338,27.82714072316111],[-15.572805856694432,27.826633718528548],[-15.573202433973497,27.82627382541902],[-15.573407434603647,27.825796514897117],[-15.573792801360165,27.825294577444566],[-15.57399304052046,27.82510200590464],[-15.574510165456129,27.825067943624898],[-15.574718704820981,27.82487460529683],[-15.574680353966448,27.82474939421966],[-15.574540721881732,27.8246770350145],[-15.574479267158381,27.82457228553668],[-15.574577192553715,27.82402091667899],[-15.574668157275095,27.823975844078717],[-15.57481678360668,27.82372025013463],[-15.574927122358568,27.823694613663566],[-15.575252761943945,27.823063912105347],[-15.575328217542857,27.822970075182933],[-15.575784271522588,27.822713596037385],[-15.576075544886203,27.822464085985946],[-15.576237833402251,27.822062453509442],[-15.576523691098794,27.821983824284075],[-15.576641413061745,27.821664850560683],[-15.576791796897352,27.821589566899284],[-15.577220217200217,27.8215199817615],[-15.577331532264061,27.821449103654174],[-15.577365327026447,27.82131156727812],[-15.577168801074908,27.820917445772885],[-15.577123987741455,27.82060339374149],[-15.577133082150764,27.820441496733732],[-15.577242548877884,27.82023250915204],[-15.577502010940515,27.820067308412163],[-15.577861982518826,27.820053796141266],[-15.578253937190023,27.81995014709421],[-15.57884280323244,27.81948189061059],[-15.578859511859221,27.819381590762013],[-15.578800401975652,27.81929415664707],[-15.57823196489774,27.8191393914133],[-15.577915323994675,27.818798691650386],[-15.57772736350115,27.818430163355014],[-15.577768892853193,27.817958684600168],[-15.577806437295699,27.817808602517914],[-15.577917222952127,27.8178072722906],[-15.578250485953552,27.81825031695262],[-15.578589389655578,27.818408490522256],[-15.579262253311132,27.818374335873738],[-15.579452885512433,27.818265921927843],[-15.579496398882386,27.818112203459954],[-15.579333032277097,27.817756419958553],[-15.579311575190559,27.817046027360263],[-15.57924015741041,27.816506423661416],[-15.579427436253512,27.815893083135123],[-15.57957057475832,27.815193121284914],[-15.57981643009175,27.814808754948007],[-15.580048282099009,27.814567583503653],[-15.580248915081757,27.814477767803016],[-15.580716041234458,27.81455943298681],[-15.581339109863062,27.814753967239522],[-15.58166776779607,27.81470159727081],[-15.581766666409665,27.814596482329545],[-15.581824093834406,27.814250152680714],[-15.581673284203422,27.81378181191372],[-15.581670392727652,27.81311712759261],[-15.581780728258423,27.81236154905167],[-15.58190875179065,27.81202951897361],[-15.581959086526028,27.811632828770687],[-15.58204094715182,27.811535566928804],[-15.582715279689134,27.811179865099106],[-15.58302591132282,27.81106589367996],[-15.583338540115482,27.81074435792429],[-15.583380238551275,27.810643942884557],[-15.583318280451847,27.80984445977439],[-15.582740238775262,27.808882497322745],[-15.582649142677427,27.808645003716105],[-15.582314260413636,27.807682735407827],[-15.582248714759931,27.80705396343815],[-15.582266687914855,27.806928968097658],[-15.582424330073245,27.806700093683723],[-15.583215056588534,27.806211161465903],[-15.583338636925964,27.805931299287515],[-15.583482183533896,27.805341247318964],[-15.58349021029242,27.804932024563424],[-15.583227293479684,27.804244172339224],[-15.583448688117484,27.803875357338566],[-15.583489979806902,27.80361187497532],[-15.58351580395408,27.803033730523023],[-15.583450140663858,27.802383609705586],[-15.583551038555695,27.802149629455826],[-15.583818428543175,27.8017566430195],[-15.583859020466633,27.801544871764758],[-15.583691252280163,27.80082292799635],[-15.583596907242274,27.8006984340077],[-15.583456633568943,27.800630464243802],[-15.582244957113106,27.800354015189104],[-15.582002156094186,27.80023327817169],[-15.582019382246518,27.800173986546486],[-15.58278037124617,27.7997822436109],[-15.582815330354284,27.799671313174656],[-15.582760693105282,27.79959874756479],[-15.581894089801144,27.7992514192678],[-15.581865356144394,27.79916285613942],[-15.582511019050495,27.798954168414824],[-15.582789945076222,27.798775768173908],[-15.583150416006502,27.79826814075524],[-15.58318571635772,27.797974072015002],[-15.583099289037127,27.7977576282461],[-15.582949409489629,27.79758565883999],[-15.582777275041705,27.79725316946612],[-15.582051574081182,27.79655585483037],[-15.581782239342216,27.7960868474984],[-15.581589133536882,27.795509335546708],[-15.581400388291867,27.794503260823614],[-15.58146764647493,27.793922774989035],[-15.581735194847539,27.79295926600575],[-15.58161095927769,27.792835717750073],[-15.58089699318872,27.79277690228109],[-15.580663863503428,27.792703795117312],[-15.580545983374382,27.792595430183805],[-15.58048739654807,27.792351668258426],[-15.580546498905484,27.791771505791907],[-15.580486130825268,27.791563048086584],[-15.580320756832764,27.791189073380053],[-15.580129459198389,27.79092223505048],[-15.579756515355497,27.79063449315547],[-15.57969133431467,27.79053250526763],[-15.579691213562779,27.79029924010598],[-15.579804564693351,27.789929583677957],[-15.579662536910572,27.789397694640755],[-15.579636597891644,27.789081125391142],[-15.579750278752153,27.788754681310902],[-15.580009255436925,27.788252533613118],[-15.580015123764568,27.787552720775015],[-15.580737645752459,27.786293950930855],[-15.581488453026893,27.78525704893772],[-15.582226292764062,27.78400827225387],[-15.585329201239512,27.783970330868897],[-15.585491144608373,27.784055223797207],[-15.585572615548177,27.784238223318958],[-15.585655575984278,27.784301333775502],[-15.585767812435483,27.784277838449835],[-15.586068737624432,27.78406451107278],[-15.586166515661901,27.784430153853936],[-15.586081386579679,27.7847577549216],[-15.585721216964643,27.785223827312095],[-15.585634333183574,27.785489508178937],[-15.585456592202517,27.78569617423334],[-15.585334902289187,27.785982765170427],[-15.585174045969156,27.786802945550217],[-15.585210862540857,27.78693016496877],[-15.585199643565497,27.787375168507022],[-15.585112804989553,27.787896321611377],[-15.584929938576146,27.78811348035025],[-15.585068152968038,27.788656700194363],[-15.585066114668265,27.789072326004142],[-15.585147540450647,27.789303170522466],[-15.58534231206166,27.78956494990967],[-15.585318437718763,27.78990231115167],[-15.585197612984711,27.790067029575603],[-15.585189799590038,27.79037083145813],[-15.585128029871157,27.790512550897756],[-15.58522488548304,27.7911223864399],[-15.585395019534475,27.791483660596118],[-15.585493959233414,27.792027316887403],[-15.585840584329306,27.792703797965522],[-15.586101567138298,27.79298804411276],[-15.58662542154668,27.793245807198982],[-15.58675984769337,27.793439864961663],[-15.5871527352656,27.794826955371466],[-15.587254197222308,27.795780980148034],[-15.58744302935659,27.79610552109069],[-15.587641523566434,27.79671636641426],[-15.587900965613848,27.797070035277315],[-15.588005389915807,27.797309084954076],[-15.5880663317492,27.79754163943618],[-15.588039865279619,27.797735568053376],[-15.58809986817832,27.79818965623402],[-15.588284446413438,27.798495888548256],[-15.588631139612486,27.79885757969013],[-15.588786365147245,27.799518456043867],[-15.589178749894158,27.799922361156867],[-15.589221518740342,27.800022128879554],[-15.589168714707817,27.80035051405667],[-15.589247887597129,27.800634716470945],[-15.589632643130425,27.800993317676387],[-15.589752493679422,27.801361751248383],[-15.590039935424992,27.801426603537713],[-15.59002495323163,27.801603602322256],[-15.590101933737754,27.80168433852334],[-15.590126419804411,27.80183841994924],[-15.59025328425014,27.801926255050578],[-15.590374968187247,27.80240791841397],[-15.590451069211289,27.802543652372574],[-15.590319542642222,27.803118611514137],[-15.590425262683613,27.803538930352367],[-15.590319665197047,27.803625908166225],[-15.590286431210917,27.803788107959203],[-15.59073430932222,27.803922026824907],[-15.590850276227439,27.804002866643252],[-15.590861945408026,27.804452212833908],[-15.59092543820991,27.80453889199413],[-15.591106108868669,27.804487277323886],[-15.591195452921351,27.804627196955526],[-15.591452587381122,27.804582819410314],[-15.591736121660103,27.804745432148486],[-15.591785145376377,27.80485961581282],[-15.591777304230416,27.805025679126413],[-15.5919752220701,27.805400817221596],[-15.592399693437805,27.80590073351752],[-15.592382536375537,27.80599059240099],[-15.592306858612988,27.80605360235324],[-15.592411069437352,27.806160038403732],[-15.592454406344215,27.806363507896176],[-15.592164231700814,27.806770907462173],[-15.592257610740488,27.8069166767555],[-15.592107181481596,27.806888001103083],[-15.592265085947314,27.80707075836118],[-15.592254387144264,27.80725452735704],[-15.592087002619053,27.80760026746297],[-15.592062710417258,27.807838511120124],[-15.591834550133429,27.808277519430106],[-15.591658876463095,27.80836806637762],[-15.591563770933597,27.808484654776972],[-15.590976900851805,27.808435892182384],[-15.591012991694521,27.80814120483073],[-15.590880488612786,27.80802968908835],[-15.5906597343411,27.80799943503771],[-15.590484454316439,27.807877494782357],[-15.590273408941021,27.807941678081058],[-15.5904032448088,27.80805197810707],[-15.590396901046686,27.80814801933626],[-15.590316099717503,27.808251582579416],[-15.590300670915187,27.808530067772498],[-15.590404331074376,27.808647232051975],[-15.590505737479672,27.808991541160122],[-15.590473010491966,27.809155724721307],[-15.590366721191,27.809265950752156],[-15.59060019757483,27.80957562622991],[-15.590638604471726,27.80998291703304],[-15.59074096590646,27.81012617539047],[-15.59082478769465,27.810374265455334],[-15.590833487617784,27.810995160164477],[-15.590913030196445,27.81124404478691],[-15.590861477701774,27.811330854941435],[-15.590733731226262,27.811348598363665],[-15.590866154376226,27.811564686406836],[-15.590883197729115,27.811682320082003],[-15.591072818417713,27.81178145862123],[-15.591163547700386,27.811947325535968],[-15.591364530858831,27.812151591752883],[-15.591320023506382,27.812408842870315],[-15.591459158820705,27.812510363547165],[-15.591431071071899,27.812794301191754],[-15.591502453427275,27.812979451697874],[-15.592129993493447,27.813375190009534],[-15.592151015478816,27.81356340868194],[-15.592516121238797,27.81395777864068],[-15.592617416085215,27.81431114063319],[-15.593096799685226,27.81521603394348],[-15.593089255879823,27.81585329190589],[-15.59324305058764,27.816009434870228],[-15.59318692742438,27.81621929804707],[-15.5935944833497,27.816542194214914],[-15.593675896082587,27.816740958560594],[-15.593660560908182,27.816837327321224],[-15.593773354919762,27.816966546066958],[-15.593850218653504,27.817239777676257],[-15.593975175558397,27.817361288818134],[-15.593867459852307,27.817661746043264],[-15.593876172030695,27.817829832279475],[-15.594109007054993,27.817986555017526],[-15.594389011332499,27.818000894978653],[-15.594629317668709,27.818127316261563],[-15.594655836216555,27.81819406697584],[-15.594678516780801,27.818659631437544],[-15.594773588422399,27.818833989694923],[-15.594797242143851,27.818991702339982],[-15.594700400919741,27.819277146100912],[-15.594699360227704,27.819477483490015],[-15.594619045286848,27.819611432785702],[-15.594397880019168,27.819663082088674],[-15.594331751775037,27.81977703796418],[-15.594501516866934,27.82007890082038],[-15.594638634597231,27.820225201919715],[-15.594645106182789,27.820298583701998],[-15.59403346397541,27.820459924618845],[-15.593982388875071,27.82056760480933],[-15.594052406126863,27.820738956882266],[-15.594086796192727,27.82103555289755],[-15.594225785871643,27.821201056326075],[-15.594183549493778,27.82149993192828],[-15.594247279996312,27.82162791690655],[-15.594532046310963,27.821892164550565],[-15.594596999036899,27.822175412867004],[-15.594711960656745,27.822244662316137],[-15.594783081889119,27.822375964298942],[-15.594840126341518,27.822558710014626],[-15.59484834043447,27.82292192227596],[-15.594580997105155,27.82301227209798],[-15.594465339709243,27.823160275430332],[-15.594112219536397,27.823314626749777],[-15.594030299684698,27.823486406766015],[-15.593923248999785,27.82357425111225],[-15.593737035193902,27.82361287620438],[-15.59346282007329,27.823788163777365],[-15.59299314148238,27.82388851568895],[-15.592825012356515,27.82400406435886],[-15.592640876952593,27.8240516702032],[-15.592452495366164,27.82430843743836],[-15.59217041811872,27.82441651219367],[-15.591932389595389,27.824678393453762],[-15.591831327545593,27.82468211262451],[-15.591640335761946,27.824538522217996],[-15.591453860159994,27.824566773059306],[-15.590748036904456,27.825342374412216],[-15.59058068215286,27.825369215266118],[-15.59000581876893,27.825202854428124],[-15.589852250535124,27.824894841675746],[-15.589570923083373,27.824834242711564],[-15.589418036427318,27.8245768965183],[-15.588984126403876,27.824307298642747],[-15.588971145161036,27.824219906982204],[-15.589049388337425,27.82405765127889],[-15.589113742097165,27.823970868501025],[-15.589221732089895,27.823962165795837],[-15.58927407207563,27.82390705669545],[-15.589318347695993,27.823652235876732],[-15.589266954036331,27.8229837069447],[-15.589063826164146,27.82278959395929],[-15.588886698245885,27.822720731318412],[-15.588690939351755,27.82254850452042],[-15.588592523074448,27.822562374713964],[-15.588373016431085,27.822738764097398],[-15.588442880123312,27.82291123907929],[-15.588337404387852,27.82311304157792],[-15.588128747250824,27.82330575979164],[-15.58786346499153,27.823463295836056],[-15.587861966955264,27.82357727135722],[-15.588018175801222,27.823743574345016],[-15.588024032985782,27.82389592049275],[-15.587703025555909,27.824536272711082],[-15.587752720804383,27.824902387269855],[-15.587882673040983,27.825144035292737],[-15.587922618337402,27.825426662062263],[-15.587880343228631,27.825565383380884],[-15.58781541858124,27.826822650974506],[-15.587877809312733,27.82691005801284],[-15.588180113585697,27.82702227007647],[-15.588193716763515,27.827550956422506],[-15.588484185602217,27.828079663430465],[-15.58852261830221,27.82886071797116],[-15.588660948085913,27.829242341998224],[-15.588615017514222,27.829424454998062],[-15.588667388584609,27.829871423607855],[-15.588477525983144,27.83039936128516],[-15.588492477905874,27.830505629515287],[-15.588694460350379,27.830985514444624],[-15.589401000326975,27.832081232900133],[-15.589409527631855,27.832471688074367],[-15.589484692867126,27.832821326336955],[-15.589754058541375,27.83307353442058],[-15.58996734187698,27.83358690512383],[-15.590373374350659,27.833951855760994],[-15.59052729041279,27.834227611549572],[-15.59090620505877,27.834534721658187],[-15.591022442853092,27.834959316803427],[-15.590871734033476,27.8352573193463],[-15.590745549130057,27.835321050139168],[-15.590564645926044,27.835537936402815],[-15.590115700790859,27.835876572589914],[-15.589988002937064,27.83618648201833],[-15.589596703633745,27.83655709736674],[-15.589264173925237,27.83731770830864],[-15.588920963512555,27.837605697740223],[-15.588676555301372,27.838061984065128],[-15.588411668502678,27.838750989199855],[-15.588454037443196,27.83958311991124],[-15.588152343163895,27.83998223625916],[-15.58786178018715,27.84016717847113],[-15.587767402785968,27.840330431792417],[-15.587683295306741,27.84175871820128],[-15.587748169737855,27.842056611508806],[-15.587457650009876,27.842420382222155],[-15.587396520358753,27.842930681168205],[-15.587275035265442,27.84326565721635],[-15.586980748332081,27.843421004119676],[-15.586480360840094,27.84381419132431],[-15.586159760850288,27.844100452934384],[-15.585874577162901,27.844438650590902],[-15.585859278867435,27.844577825206592],[-15.58601567314509,27.844765920613956],[-15.58608162944542,27.845076628683202],[-15.585916359666397,27.845504860216227],[-15.58596489775854,27.84573033492102],[-15.585736333030134,27.845908690378934],[-15.585522217119207,27.846451594037156],[-15.585229897012756,27.846786209725053],[-15.585210696713744,27.847144672219976],[-15.585150896731426,27.847356343554306],[-15.58487432776879,27.84795836851886],[-15.584834667012451,27.848933116297626],[-15.584677523376435,27.849155220161006],[-15.584662653510247,27.84963977450878],[-15.584344499053083,27.849855789707888],[-15.584248440295816,27.850276323655372],[-15.583952445482952,27.850989283256705],[-15.583972857351933,27.851216321892004],[-15.583890380026453,27.851309741646133],[-15.583632013184998,27.851937956164107],[-15.583607523943035,27.85212537468602],[-15.583673127598242,27.852446466405794],[-15.583480840657845,27.852783453569245],[-15.583415797580859,27.853003451270826],[-15.583212709974301,27.8532393788087],[-15.583304057983403,27.853759321848976],[-15.582855491678613,27.854452793166224],[-15.582834409306834,27.854593887456563],[-15.582885229129252,27.854828561104647],[-15.582743123614224,27.85501611518849],[-15.58267244756423,27.85524687868755],[-15.583027362798864,27.855576678353497],[-15.583084343832255,27.85567185527635],[-15.583069537487447,27.855733032142382],[-15.582959435716278,27.855903570269867],[-15.582454127152696,27.85628250074308],[-15.582065090246532,27.856885626406875],[-15.581783150344295,27.85702186287639],[-15.581658127128723,27.857232814571447],[-15.581670936840371,27.857824946224945],[-15.58179436816793,27.85803864166932],[-15.58202286894939,27.85827978785896],[-15.58199209729289,27.85835664904153],[-15.581850665602124,27.858500327051285],[-15.581118375859786,27.85898312012246],[-15.580625107729087,27.859528725967635],[-15.580390205179594,27.859897212529546],[-15.58031900439586,27.860164446919953],[-15.580322361538519,27.860375218340547],[-15.580618748334127,27.860984842977356],[-15.580479592378484,27.861289736097078],[-15.580214689275483,27.861537744942545],[-15.580232180076406,27.86236167565228],[-15.579893478232032,27.862580746104452],[-15.579795327008503,27.862765945790112],[-15.580043410996376,27.86290672036334],[-15.580452477262988,27.86334977046772],[-15.580555572506864,27.863692190176298],[-15.58048327505113,27.8641924215132],[-15.579939744160223,27.864841688165438],[-15.57977050159466,27.86518227418797],[-15.579788179109613,27.865755427837335],[-15.580004080605583,27.866241628438498],[-15.579977093101462,27.86647662993906],[-15.580018196457344,27.86690867991573],[-15.580364651283976,27.867360659269],[-15.58048740251046,27.8676547907895],[-15.580633104715966,27.867718992846804],[-15.580825168228268,27.86767656873684],[-15.580902310925264,27.86791338860387],[-15.581210393512084,27.86815934589623],[-15.581251870645994,27.86854616746059],[-15.581190915207287,27.86886842478785],[-15.581279108173144,27.86927211085316],[-15.581150232824958,27.869601515051148],[-15.581094366145857,27.86994478424117],[-15.5812634706754,27.870282050177007],[-15.581092380504908,27.870924424813598],[-15.581082383143839,27.871506721546545],[-15.580989847166663,27.871907738664923],[-15.581051263336505,27.872642474697148],[-15.580958753998152,27.87283920606722],[-15.580789236485195,27.87301558942042],[-15.580741021920009,27.873327501716822],[-15.580233446604137,27.87365967272056],[-15.580112830888371,27.873824836300198],[-15.580123452389195,27.873968956013478],[-15.580272367005138,27.87431037010694],[-15.580481458529444,27.87465875247767],[-15.580536990350458,27.87497600530353],[-15.58048785061156,27.87520992634019],[-15.580540220134337,27.875543712220686],[-15.580616620490021,27.875735579606143],[-15.580747490280602,27.875835681774372],[-15.580671952042579,27.87609128902216],[-15.580673121656913,27.87655826099806],[-15.581006634594521,27.87718668364901],[-15.580977426552842,27.877424402496786],[-15.580753179895037,27.877873818181058],[-15.58071035082547,27.878395860677692],[-15.580622627052858,27.87872897246733],[-15.580700319728855,27.87902934111731],[-15.580709015475039,27.87963114745811],[-15.580916255208356,27.880201424952407],[-15.58092404633647,27.880443050046487],[-15.580999407861878,27.88055367669613],[-15.581054032832215,27.88079528495809],[-15.580890516163695,27.881736787728034],[-15.581076699183356,27.8823391097158],[-15.580911922489543,27.882549866747606],[-15.580517867089007,27.882687837008156],[-15.580380513733184,27.88284043312011],[-15.580579300441798,27.88397738295477],[-15.580606847902523,27.88447547738976],[-15.580542557401117,27.884821940715224],[-15.580606351187662,27.88518230814851],[-15.58034990934896,27.885389207706403],[-15.579954679579991,27.88607152064209],[-15.579684603679798,27.886733085347657],[-15.579633918793458,27.887155048503118],[-15.579676935440581,27.887773139429253],[-15.579878974851246,27.888013676601368],[-15.579670065467326,27.888638784846986],[-15.579969797173543,27.88942325003156],[-15.579975222664352,27.889545274687023],[-15.579901897232489,27.890084686363995],[-15.579600270813623,27.890489921189403],[-15.579547368193504,27.89062934272075],[-15.579632087549586,27.890855297901787],[-15.580112900317094,27.891414946360115],[-15.580080919241729,27.891686167094164],[-15.580333827772524,27.892109379904184],[-15.581012092896994,27.892655465271158],[-15.580723409570131,27.89295439802719],[-15.580659908023963,27.89308772610698],[-15.580698006433527,27.893296634987312],[-15.580855392024004,27.893639636399453],[-15.581253198340866,27.893740056812835],[-15.58148361626713,27.893888574969797],[-15.581543909035233,27.894048462662518],[-15.581580693414207,27.894514876894927],[-15.581701809552266,27.894772136717798],[-15.582083822654008,27.89511021646855],[-15.582612297028495,27.895904631470177],[-15.582752208944235,27.896227284883633],[-15.583113063834773,27.896494840562596],[-15.583151658092872,27.896715517927646],[-15.583324815699692,27.89693533696621],[-15.583520246075222,27.89714755087552],[-15.583764220085417,27.89720356945039],[-15.583889771668934,27.897299375551892],[-15.583959555443307,27.89749247792399],[-15.584281855688628,27.8977615839465],[-15.584282110214549,27.897941404010638],[-15.584818550230104,27.898140434629475],[-15.585096372274437,27.89829650870487],[-15.585212583323244,27.89844234564745],[-15.585475717133304,27.899002988500044],[-15.585980330444102,27.899479283566745],[-15.585949995132827,27.899846186131832],[-15.586270650165128,27.900331928084157],[-15.586293658674958,27.900566446109725],[-15.586444113276213,27.900900171983505],[-15.5864394245443,27.900953993808024],[-15.586292349609648,27.901058792993158],[-15.586304205933553,27.901335605539856],[-15.58637476972094,27.901513772261787],[-15.58653964471821,27.901638367615377],[-15.586638736679339,27.90179303242709],[-15.586430640507109,27.902057511117125],[-15.586387142132272,27.90250824167165],[-15.585728334206328,27.903327549767297],[-15.585603047439028,27.903573169540564],[-15.585576324807382,27.904158513671966],[-15.585650819101524,27.904858884947828],[-15.585511355825002,27.90511404336647],[-15.585559572102486,27.90527452185243],[-15.585658845055828,27.90536807266001],[-15.585720675722412,27.906358269215044],[-15.585956360917645,27.90670499315405],[-15.586244037966484,27.907365279270195],[-15.586538581310924,27.90760234262574],[-15.586676522676033,27.90779954026778],[-15.58663483157471,27.907963831366484],[-15.586991480323578,27.9082224749886],[-15.586956421641744,27.90874944878328],[-15.587122024331256,27.9093265710441],[-15.587146216776732,27.910043042954573],[-15.587377531351509,27.910255549092312],[-15.58769912690692,27.910419464814613],[-15.58774051251089,27.91053718281572],[-15.587905348856223,27.910726952363675],[-15.587817731162424,27.910948491258964],[-15.587878093110195,27.910986057466744],[-15.587883732162041,27.911314802037946],[-15.588018539287944,27.911419663834646],[-15.588041306760138,27.911495665497114],[-15.587805044315605,27.911928803057563],[-15.587805113034332,27.9121294761804],[-15.587606529101803,27.912464778937316],[-15.587574917199133,27.912613771354877],[-15.587616083449795,27.91276597397201],[-15.588000851212614,27.912996871616535],[-15.588251961465843,27.913072620687363],[-15.588570100531873,27.913309578539653],[-15.588699127875314,27.913622630178875],[-15.589246799825755,27.914415670270603],[-15.589459421677219,27.914608031786457],[-15.589631092051032,27.914632121815593],[-15.589732255804245,27.914697316120886],[-15.589580393576927,27.915027727470953],[-15.58944942073782,27.915481179440413],[-15.589588871748369,27.91586017386963],[-15.589572686822784,27.916061367757134],[-15.58951149882692,27.916171941215932],[-15.589145643659185,27.916339425035577],[-15.589085004102484,27.916645072396292],[-15.589412581282264,27.916952309080415],[-15.58977277173548,27.917782076469187],[-15.589871178273992,27.918200062831882],[-15.588827690535894,27.919459208388524],[-15.588705110664637,27.91951236048298],[-15.587670925874177,27.9194707378525],[-15.587438627128957,27.919531217470162],[-15.587020765287038,27.919950955095196],[-15.586885830259263,27.920219455391607],[-15.58681062202297,27.920557661425395],[-15.586538138919098,27.92083703818049],[-15.585923312557977,27.92091773942099],[-15.585829507879733,27.920955239909343],[-15.58563394207829,27.921194568368612],[-15.58506344662425,27.921279590886662],[-15.58495769767636,27.92138276878571],[-15.584881928489281,27.921693533678194],[-15.584767570148463,27.921821121249444],[-15.584589499889061,27.921931737302447],[-15.584266059203213,27.92195946880947],[-15.58402892354993,27.922142461466727],[-15.58380133945767,27.922173937919496],[-15.583719804770292,27.922452680287897],[-15.583542164920715,27.922605991521564],[-15.58348235717656,27.923032235337654],[-15.583076812555653,27.923214766117766],[-15.58286034590131,27.92338674645468],[-15.582667081995396,27.923621457158124],[-15.582068042703078,27.923560258296508],[-15.581887550923408,27.923599295945433],[-15.581664602764885,27.92373808194784],[-15.581298261689742,27.923745766918255],[-15.581190545837547,27.923995370380755],[-15.580869359371835,27.924122924579528],[-15.580819107553173,27.92422848315161],[-15.58063804472759,27.92431310861505],[-15.580776319550225,27.92451355993983],[-15.580821039522755,27.924704024446797],[-15.580442040870919,27.925120599456413],[-15.579908940303644,27.925247238884204],[-15.579589646653535,27.92498751808782],[-15.579214276024238,27.924943699641123]]]}},{"id":"26","type":"Feature","properties":{"categoria":"Paisaje Protegido","nombre":"Lomo Magullo","codigo":"C-26"},"geometry":{"type":"Polygon","coordinates":[[[-15.474544228678422,27.98297933591007],[-15.474236744535064,27.983170047665812],[-15.474186933249753,27.98339686392766],[-15.473965483778702,27.983775413186642],[-15.473614414392339,27.984022431604913],[-15.473123735106778,27.984225425597085],[-15.471956209109226,27.984428575419386],[-15.471521981374858,27.9846125032836],[-15.471165038338835,27.984843647852088],[-15.470285310735434,27.98505274830121],[-15.469374008452595,27.985063082866226],[-15.468945773470699,27.985223511608968],[-15.467518625522043,27.985335341636446],[-15.467081429668074,27.985517460213487],[-15.466632262517889,27.985635615546556],[-15.466142255733264,27.985857900576526],[-15.464968700500773,27.98670148787992],[-15.463587045087667,27.986874959455605],[-15.46328894521487,27.986960548282692],[-15.462454407192553,27.987615297492336],[-15.46114951394668,27.98762148430855],[-15.460895898692774,27.987527278543173],[-15.46084250884478,27.98743131830397],[-15.460763507086329,27.987075642473332],[-15.460812382961858,27.986420920049998],[-15.461652947571316,27.985865359820178],[-15.46210915163578,27.985733719519683],[-15.462221810172238,27.98563007036447],[-15.462252801667306,27.985495642206367],[-15.462207040905808,27.98534541267898],[-15.462326399368843,27.9850937227203],[-15.462028740140779,27.984372857660745],[-15.462141926628219,27.983837618604284],[-15.462252535061095,27.983568454415334],[-15.462420469745972,27.98337911411394],[-15.462805225932609,27.98311401958546],[-15.462930301737792,27.982854266623892],[-15.463511704951758,27.982426506870308],[-15.463545647082494,27.98204573544728],[-15.463785707625652,27.9816124533307],[-15.464280526889857,27.981491445118966],[-15.46436341803538,27.981433544991265],[-15.464429653735433,27.980913014211477],[-15.464387031353773,27.980489152602452],[-15.46424033752996,27.98016105022837],[-15.464259192678119,27.97918334547183],[-15.464358224778756,27.979195540911913],[-15.464876298599536,27.979558488285488],[-15.465002751550571,27.9793255574413],[-15.465292207420982,27.979031737720817],[-15.465617015759126,27.97884883177507],[-15.46583183308206,27.978626126717554],[-15.466508918275519,27.978335685419413],[-15.46696312633096,27.977907520932547],[-15.467346218550421,27.977447459879205],[-15.467870518352335,27.97709912516532],[-15.468235539007075,27.976647066997756],[-15.468561331934845,27.976083024158875],[-15.46881798927844,27.975991878187948],[-15.469450793091433,27.97593041187013],[-15.469813186694438,27.97578970519027],[-15.470084744165618,27.975547391354276],[-15.470219694908154,27.97505485073228],[-15.470547503461423,27.974968143447388],[-15.470944338590462,27.97474710067455],[-15.47122059151407,27.974673937487132],[-15.471117098778024,27.97501039108692],[-15.471188342576944,27.975189679223575],[-15.4714163137714,27.97527916983196],[-15.4717854138091,27.975306791492393],[-15.472434988406075,27.975707245804973],[-15.472604314481273,27.975718020395558],[-15.472597589875454,27.97559357706411],[-15.47270972847488,27.975216759370976],[-15.472639570693898,27.973892165711778],[-15.47320888783419,27.973387134209958],[-15.47332008584121,27.97321978537396],[-15.473438666764364,27.972694077950575],[-15.473614675138796,27.972503820585718],[-15.473844034761314,27.972348774759116],[-15.474099519664142,27.97180641850234],[-15.474230316925507,27.97169459966339],[-15.474194463069718,27.97138245569948],[-15.474326116940409,27.970983073602106],[-15.4742155699087,27.970628723316672],[-15.47420440605437,27.970419485099203],[-15.474375438788755,27.96998543829196],[-15.474624683776932,27.969640770245018],[-15.47472883599287,27.969579387319314],[-15.474734984226599,27.969381219882152],[-15.47552041347344,27.969227465255184],[-15.475737794497507,27.96933162751431],[-15.476075123918601,27.96937126355579],[-15.476498513070181,27.969596370723355],[-15.476541140540109,27.97022695985828],[-15.47662921427434,27.97035231286692],[-15.476947201664128,27.9705245324419],[-15.477117580153623,27.970683839816505],[-15.477229858789608,27.970985896371758],[-15.477197264285003,27.971268523385643],[-15.477248247118782,27.971467666214373],[-15.477800210343876,27.97076091000546],[-15.478349573288797,27.970314567077057],[-15.478945669138861,27.970394821105945],[-15.479807524418273,27.970092838894608],[-15.480102224520676,27.97003823473398],[-15.480164812206695,27.97006488115614],[-15.480009603259466,27.970466797229562],[-15.480027234696182,27.97055426303856],[-15.480122679283912,27.97061647919414],[-15.480556852326927,27.97053710424208],[-15.480988920742405,27.970313454231132],[-15.48186576253453,27.970200471560652],[-15.482145713132832,27.97026809724577],[-15.482228080296329,27.970498903790304],[-15.48232116869493,27.970579749690618],[-15.48310804569459,27.970831482634356],[-15.483202091934343,27.970910302480437],[-15.482168545090966,27.970868575865527],[-15.481860272322768,27.971234939669078],[-15.481506230463287,27.971408480439468],[-15.481334569578543,27.971658374996604],[-15.481123654714393,27.971824499203162],[-15.480784634829526,27.97197445180565],[-15.480311789924587,27.972359567828633],[-15.479492066973222,27.97277493192385],[-15.479488284232012,27.97287604924254],[-15.47955387745269,27.972993390294945],[-15.479757412291738,27.97307025105459],[-15.4798426222372,27.9731720600416],[-15.479801925647115,27.973497332979193],[-15.479757865183267,27.97361390080339],[-15.479521817998478,27.97380046643071],[-15.479558371418328,27.974009615523375],[-15.479442941625232,27.97432170737076],[-15.479094448012127,27.97465410956658],[-15.47902605990548,27.97482030287723],[-15.478882486303235,27.974949060490196],[-15.478868576834904,27.975041258079543],[-15.478917621383362,27.975095105840612],[-15.479646477481138,27.97480283122662],[-15.479517697885361,27.97511294756611],[-15.479623592007195,27.97570230419003],[-15.479508481025194,27.97604544831773],[-15.47949917358458,27.976221690738715],[-15.47960465744016,27.976458285739692],[-15.479103718297436,27.9765497069097],[-15.478681226984053,27.976848622220423],[-15.47837692785744,27.97729471920335],[-15.478106757359138,27.97784830052226],[-15.477919351416743,27.97798128069262],[-15.47896547701564,27.978120840064893],[-15.479257504920488,27.97806858491353],[-15.479216813593268,27.978533841442992],[-15.479817184076035,27.979045754464753],[-15.480287087125065,27.9796400236457],[-15.480222373607294,27.979761420945536],[-15.480263959109985,27.98018523563451],[-15.479585285905992,27.980798082132676],[-15.479058925256604,27.980680035747003],[-15.478043223777048,27.980938071564335],[-15.477711438234287,27.98085414333849],[-15.47743701641144,27.980865359938328],[-15.477213655492523,27.980944553814826],[-15.477105261660144,27.981047053912974],[-15.476747829921315,27.981124689901886],[-15.476480992419866,27.981119557234248],[-15.475383129934565,27.981609955023625],[-15.474921836331724,27.981711785883036],[-15.474621530737434,27.982054689458018],[-15.474169653554712,27.98226409793563],[-15.474121274165642,27.982325351399226],[-15.474163208754936,27.982427330960256],[-15.474515575185167,27.982677855879448],[-15.474588065573696,27.982846747417966],[-15.474544228678422,27.98297933591007]]]}},{"id":"27","type":"Feature","properties":{"categoria":"Paisaje Protegido","nombre":"Las Cumbres","codigo":"C-25"},"geometry":{"type":"Polygon","coordinates":[[[-15.628263001485127,28.061713307171857],[-15.62747382676165,28.06234053134264],[-15.627223268166114,28.06245938717074],[-15.62672046016022,28.063037419759258],[-15.62641610539162,28.063513895117346],[-15.626210437549243,28.063618191501263],[-15.625459911534866,28.06364860323479],[-15.624950969343866,28.06355586752195],[-15.624262902111866,28.063089147060964],[-15.623543918104,28.06301252619199],[-15.622640039224358,28.063042806451556],[-15.622514405057652,28.06301476084219],[-15.622412843186487,28.062925854844202],[-15.622148395980078,28.063019759885453],[-15.621801967044155,28.062855234054442],[-15.621508674791558,28.062905758767297],[-15.62140698566449,28.062971483674467],[-15.620305256340671,28.063015191341446],[-15.619619509009047,28.063161815936088],[-15.619392292414542,28.063165007674705],[-15.619376290758243,28.06296540442697],[-15.619451284654367,28.062591893255455],[-15.619402473184495,28.06224286196777],[-15.619454858192448,28.061871637273843],[-15.619640489837211,28.061598285920894],[-15.620070007243744,28.061140099148226],[-15.620199084043653,28.060917453904207],[-15.620215320995051,28.06064377459137],[-15.620152961259052,28.060398885093537],[-15.619896978954188,28.060349923597226],[-15.619319208829399,28.059565247891843],[-15.619068962873255,28.059366195367016],[-15.618919586532144,28.058841276129098],[-15.618809241358935,28.058734894690144],[-15.618604003311587,28.058718487807322],[-15.618412563722595,28.05880876185973],[-15.618014641568935,28.059234448867667],[-15.61780651133339,28.05970898312299],[-15.617679429981822,28.059750862085615],[-15.617588875003193,28.05966012457524],[-15.617648135216497,28.05926065128316],[-15.617503826224443,28.05907989527337],[-15.61706587724674,28.05894422160624],[-15.616757775152246,28.058616448056554],[-15.616050073968287,28.05853874384484],[-15.615668083924028,28.058393859869067],[-15.615437956252357,28.05806645577187],[-15.615316407046308,28.057446381077533],[-15.615205872957684,28.057166536022315],[-15.614717966368367,28.056539724609696],[-15.614601533060274,28.056449543196223],[-15.61438866670715,28.056382757704956],[-15.61419849942354,28.05646405646823],[-15.613840702607774,28.05699022949562],[-15.613656301104605,28.05708724471094],[-15.613530444104184,28.05705776549067],[-15.613439777196614,28.05697497837035],[-15.613197376157634,28.056491350907873],[-15.613098877305264,28.056405421041646],[-15.612962027498131,28.056389566876444],[-15.612765969385512,28.0564407038987],[-15.612597396342824,28.05660509631023],[-15.611975423796284,28.058233150947714],[-15.611965359709362,28.05855830977378],[-15.612092446947546,28.058919687125435],[-15.612077367784021,28.059042087312207],[-15.611894284464746,28.05943026698645],[-15.611577829873408,28.05972776022351],[-15.611454038813553,28.059948713091337],[-15.611489978788674,28.061120753969586],[-15.611431511174562,28.06126169001081],[-15.611258438699505,28.061290769097678],[-15.61112148028108,28.061227982656824],[-15.610860214809026,28.060431444579887],[-15.610238553362558,28.060051042856198],[-15.610048411508185,28.060055643015215],[-15.609884123034407,28.06014072051833],[-15.609320919542112,28.06080009282656],[-15.609170187396806,28.06083527163629],[-15.609010283151502,28.060774164582025],[-15.608852762104805,28.06052919525253],[-15.608899701649545,28.06027781271121],[-15.609135095108398,28.059809101287687],[-15.609616978991504,28.05919472895024],[-15.609890667533271,28.05798302884428],[-15.610631941519921,28.05703082297006],[-15.610653160902002,28.056867521623495],[-15.610516351387268,28.056657125365003],[-15.610322289991961,28.056572042606607],[-15.609135551800806,28.056395482654274],[-15.608851351648294,28.056262557676657],[-15.60870350239775,28.0562556666428],[-15.60859119544036,28.056001063184162],[-15.60822003926273,28.05586495660059],[-15.608161742850502,28.055703903411136],[-15.608232941903232,28.055427453996863],[-15.608059431129174,28.055261404601204],[-15.608014180216227,28.05512204848561],[-15.608151229700123,28.05483023251467],[-15.60822462817327,28.054340800732195],[-15.608048016655188,28.054375668602898],[-15.607297647505002,28.0548691881652],[-15.607211027159021,28.05478102595877],[-15.607123062933432,28.05456954356698],[-15.607177121776786,28.054052810037334],[-15.606942260188974,28.053745921244545],[-15.607040280230654,28.053631965147773],[-15.607290853285008,28.053489892516225],[-15.607261821508622,28.05336465472388],[-15.607077472574867,28.053181175749447],[-15.607061621545828,28.05305111340988],[-15.60714514673063,28.05284940720598],[-15.6074147723868,28.052679519347095],[-15.60710919333955,28.052104157236847],[-15.607275108021046,28.05192996188191],[-15.607487314363196,28.051830954599776],[-15.607838991910056,28.05155296634676],[-15.60805014226586,28.051512457476875],[-15.608113441227047,28.05136225770257],[-15.60841151500036,28.051127961063106],[-15.608532505403828,28.050963206814917],[-15.608750325224406,28.050441422849698],[-15.609226234289679,28.050041115883378],[-15.609738990758167,28.04910639295176],[-15.609771080540028,28.04809956540695],[-15.60957857933676,28.04667157139556],[-15.609341612041181,28.04648037598289],[-15.609215735350638,28.046185003885764],[-15.609132223300124,28.04612744834853],[-15.609097019813243,28.046235927874875],[-15.609154065507983,28.04634365525552],[-15.607959901680488,28.04664824399229],[-15.607024032218714,28.04694306934376],[-15.606805040589515,28.046264849197716],[-15.606467285138224,28.045953214072796],[-15.606160714387942,28.045512318909584],[-15.60583143129809,28.045408192485702],[-15.605704714197971,28.04513158774886],[-15.605634451390497,28.045084812989515],[-15.605108384183943,28.04513147204482],[-15.605021605779992,28.045067871268454],[-15.604962510682224,28.044896691625222],[-15.60493384289404,28.044311871127466],[-15.604836039358823,28.044256118065398],[-15.60443867336693,28.044202838974343],[-15.604320858996214,28.044036394777503],[-15.604303692341068,28.043877595851058],[-15.604420723888799,28.043496359931186],[-15.604348452265663,28.04333746044795],[-15.60420071079751,28.04341947941844],[-15.603900714165183,28.04345315134257],[-15.603520891131344,28.043592897126913],[-15.60317416344372,28.043858305265005],[-15.6029100059125,28.044305469009917],[-15.60252620740836,28.044612616416774],[-15.602426779767612,28.044820320537188],[-15.602174837703119,28.04506493656487],[-15.602057223755791,28.045138669820677],[-15.601834703222341,28.04506860287201],[-15.601747501013351,28.04471279920304],[-15.601596654547393,28.04449349104771],[-15.601661891577493,28.04398856213875],[-15.601609685656053,28.043876856505097],[-15.601466045942194,28.043899294708744],[-15.601257702113223,28.04404709358065],[-15.600735271142893,28.044011538486913],[-15.599588510115574,28.043266526003748],[-15.59963577323186,28.043158862714463],[-15.599909699666837,28.043003413857917],[-15.600206657919074,28.042422368884193],[-15.600405317523894,28.04228615940801],[-15.60052754798971,28.041959498936496],[-15.600548577598186,28.041525246133435],[-15.600310064695025,28.041288987866285],[-15.600347673253365,28.04073276244763],[-15.600268571154478,28.040383006297734],[-15.60019563401464,28.04026402461988],[-15.600188984866975,28.0399715799586],[-15.600134600154623,28.03991028976348],[-15.599685124956823,28.040110990428694],[-15.599424681812444,28.04032256382988],[-15.59934409692307,28.040464638837292],[-15.599430645728361,28.040689980482874],[-15.59926889249365,28.040611962072568],[-15.599172058927621,28.04061629316381],[-15.599232052307904,28.040779085561898],[-15.599239041111467,28.041129599254653],[-15.599133127561199,28.041316802103534],[-15.599053421186676,28.041621322374855],[-15.59888856838525,28.041659882265808],[-15.598538145669705,28.041876323652616],[-15.598653870665544,28.042020250787726],[-15.598514202734181,28.04216804410214],[-15.59817084662067,28.04224984366174],[-15.597863347540178,28.042398502495534],[-15.59782550165517,28.0423842240723],[-15.597841573365704,28.04217010670867],[-15.597677091815864,28.04218771195237],[-15.59664354396138,28.04262925485875],[-15.596196000151966,28.042770141206933],[-15.595957768257406,28.04299346409677],[-15.59549026111848,28.0432047638779],[-15.595278709415059,28.043218390841513],[-15.59442115152447,28.04310338200322],[-15.593871725657877,28.04324961235896],[-15.593228868259613,28.043694639554705],[-15.592935404852353,28.044000232881626],[-15.592712508027203,28.044142160050516],[-15.59226025605889,28.04461437982318],[-15.592252386932552,28.04499064874086],[-15.592160834998658,28.045356328739185],[-15.59165885295619,28.045616726499603],[-15.591297977603011,28.04595105069979],[-15.590937365894417,28.046065972390224],[-15.590823418233393,28.046424941522957],[-15.590548370669735,28.046591498462398],[-15.590229105226157,28.04694109512758],[-15.589878006120797,28.047159250715755],[-15.589474763863542,28.047249374076706],[-15.589092544828384,28.047164508595205],[-15.588824016600432,28.047180103251243],[-15.58865679525607,28.047114805851475],[-15.588586200250761,28.047035824544206],[-15.588534053688694,28.046882372900324],[-15.58857387560688,28.04662972697161],[-15.5885264629812,28.046173950858545],[-15.58814616900787,28.046232639357022],[-15.587849681497442,28.04613194903419],[-15.587607604852257,28.04613167600855],[-15.586785079838444,28.046235428022438],[-15.586393165628422,28.046192905787933],[-15.58519426169563,28.046297388117924],[-15.584945461482956,28.04622796536088],[-15.584577736292372,28.045995985131064],[-15.584477596330686,28.045901664199395],[-15.584438570898595,28.04573497568768],[-15.584024690661263,28.04578631233382],[-15.583549996145491,28.045758450704188],[-15.583159771691403,28.045828713103084],[-15.582603929088284,28.046111359581637],[-15.582079330474793,28.046207013038288],[-15.58235777317815,28.04553891977313],[-15.582421531071452,28.045173237441187],[-15.582293082957893,28.04454144234101],[-15.582240555760382,28.04368626861233],[-15.582152811651438,28.043489762128363],[-15.582013549354711,28.043324346153195],[-15.58197254217389,28.043134501996345],[-15.581960518155018,28.042582914220542],[-15.58202538054603,28.042346854677795],[-15.582421088220789,28.041672306284454],[-15.582805853853616,28.041139346228054],[-15.58371383310124,28.04063702096762],[-15.584744584787463,28.03994279520103],[-15.585107081532982,28.039791403762106],[-15.58526942803096,28.039672819793623],[-15.585677580760922,28.03869047926263],[-15.585742294371782,28.037527212074597],[-15.585198423095704,28.03717405638334],[-15.585094971295431,28.036793341645083],[-15.585022107879547,28.036684461547463],[-15.584521241557812,28.036475145474125],[-15.584369734567137,28.036271852365964],[-15.584347048016594,28.03604981279205],[-15.584544626483758,28.035173571185144],[-15.584519398316894,28.034989527983587],[-15.584422031706035,28.03486428654524],[-15.584199386959172,28.034870721896258],[-15.583409619030816,28.03535879115603],[-15.583192038560554,28.035580117910825],[-15.582405733139577,28.03583636272672],[-15.582213387514122,28.03581709296948],[-15.58210412174448,28.03574895990567],[-15.58188915357731,28.03530675375237],[-15.581759309781246,28.03516531813326],[-15.581418318569927,28.03499272130482],[-15.581138131587972,28.035040847152228],[-15.58097077192635,28.03518787348382],[-15.58069824596516,28.035575371853966],[-15.580017600562282,28.035957236376714],[-15.579678713590724,28.03608230040489],[-15.579525510538137,28.036198645705262],[-15.579132942028865,28.036817025156658],[-15.57895619158944,28.037248177036894],[-15.578744882277803,28.037457473527567],[-15.578226541009078,28.037783914763626],[-15.577678762100279,28.03787201186843],[-15.577104849201191,28.038065651834213],[-15.576042687454553,28.038828377093242],[-15.57541327785301,28.039087083628868],[-15.575210859397902,28.039225430487868],[-15.574917566629086,28.03975427684315],[-15.574949417314649,28.040019455790144],[-15.575156552396956,28.0403084723697],[-15.57514066518594,28.04036292649765],[-15.574646119324377,28.04016717879382],[-15.574053209782043,28.040281448089143],[-15.573978066899443,28.04020535764767],[-15.573571196009903,28.03932905587968],[-15.573316397739651,28.039045011014334],[-15.573084866344937,28.038946752420735],[-15.572351625457548,28.038900269284394],[-15.572231031672015,28.038848054042923],[-15.572210889752668,28.038794698143256],[-15.572273431312992,28.03870474540701],[-15.572741251918126,28.03851676743683],[-15.574277069321703,28.038206326482147],[-15.574389293341579,28.03809247826523],[-15.57452070908908,28.037826174059127],[-15.574836186402766,28.037739206209533],[-15.574929692934953,28.037656633162587],[-15.574993488775862,28.03719462644191],[-15.575051117239282,28.037103528536385],[-15.576043210000487,28.036603835322627],[-15.576223323591648,28.036190871349955],[-15.576226805899262,28.036053926280015],[-15.576167762707646,28.035936461922073],[-15.575838267067294,28.035888673389337],[-15.575712257351979,28.0356825645837],[-15.575645031081676,28.035457261691242],[-15.575397507098955,28.03515147105743],[-15.57534591443249,28.03482400718891],[-15.575646221321906,28.034361921064352],[-15.575713785663833,28.033924550781233],[-15.575867658128473,28.03351335807644],[-15.576176085291813,28.033048889712965],[-15.576370225735811,28.032214702954292],[-15.576271661021273,28.03160642587166],[-15.576748686412135,28.031014870928086],[-15.576988239870023,28.030514040162952],[-15.577259968161977,28.030163707349015],[-15.577324375129235,28.030001808295705],[-15.577339102023366,28.029482585547385],[-15.577283650769418,28.029290453138316],[-15.577175505099737,28.029155863521027],[-15.577296078736243,28.028759793760372],[-15.577607804446743,28.028143167115836],[-15.577548360072008,28.02780896653284],[-15.577015404366716,28.02710016658371],[-15.57717635485373,28.02669883604],[-15.57721741191846,28.026279232811966],[-15.577343462878519,28.025987528167153],[-15.577206739944918,28.025464825059377],[-15.577444618895846,28.025144630691106],[-15.577729277836088,28.0250506726793],[-15.5777714432383,28.02475531227955],[-15.578304522142254,28.02434261189215],[-15.578053095284899,28.02398827648546],[-15.577938732566743,28.023450657557724],[-15.577944655633274,28.022921649934545],[-15.57813902071098,28.02245889322518],[-15.577932381432618,28.022120482234456],[-15.577964085540488,28.020986556336602],[-15.577319427121944,28.02086838527141],[-15.576926239725703,28.020996559052552],[-15.576275812829747,28.02086467720888],[-15.575935726757551,28.020970518332863],[-15.575901096172295,28.020916221540894],[-15.576063590570259,28.020530619612543],[-15.57611977237479,28.020230696264303],[-15.576613952144832,28.01996589248713],[-15.576810457414126,28.019671735052167],[-15.576987349462666,28.01924014213803],[-15.577394802311675,28.018980474953562],[-15.577511576268867,28.01872087287543],[-15.577826144864156,28.01837926832226],[-15.578005451174906,28.018248525326317],[-15.578315351084573,28.01819118194744],[-15.57835619685857,28.018068396123518],[-15.578362160529693,28.01747879859644],[-15.57859589722261,28.017209595081635],[-15.57870457234641,28.01695811427551],[-15.578649092140395,28.016717877178877],[-15.578475827764874,28.016669057244272],[-15.577831777001101,28.016873393927913],[-15.577397121197903,28.01712697511446],[-15.577126483367405,28.017221703935252],[-15.57684785644413,28.017226042124605],[-15.576692317623984,28.01714017991049],[-15.576668952109976,28.017065606457905],[-15.576966867717765,28.01701987100441],[-15.577108371938905,28.016942150067017],[-15.577441841539914,28.01660537768012],[-15.577521201691031,28.016288737529877],[-15.577985876720305,28.015801925033994],[-15.578229119293606,28.015610395733653],[-15.578511018055323,28.01551865045392],[-15.579292095006105,28.015740386147897],[-15.579948307790055,28.01574224065132],[-15.580478257132794,28.0156282129344],[-15.580923552826722,28.01584342227397],[-15.58240207460918,28.01610609798365],[-15.582509572472201,28.01624256417511],[-15.582415716895252,28.01655449318643],[-15.582316277244937,28.01676636329011],[-15.582018236166865,28.01709086500934],[-15.582076748468026,28.017227692405193],[-15.582232897224289,28.017210565733002],[-15.582700303182198,28.016816722263613],[-15.582646167855408,28.01664466219857],[-15.583004030998394,28.01573364599713],[-15.58344335260404,28.015382987022374],[-15.583660926919663,28.015077446681946],[-15.583669397386073,28.014927932383276],[-15.583332657728326,28.013414980767415],[-15.583349407615726,28.013170972607565],[-15.583697326058502,28.01271264730265],[-15.584081432725602,28.01241666269033],[-15.584352307334335,28.012282489285354],[-15.58498508226779,28.012227513290014],[-15.585117425057904,28.012143179286806],[-15.585245355589315,28.01193133025106],[-15.585248853610091,28.011735465198047],[-15.585170057429028,28.01154948302793],[-15.584200704984406,28.010124737413946],[-15.584174534180248,28.00995692800395],[-15.583340622479106,28.009271310402553],[-15.582859521594045,28.00847698717147],[-15.582578233525746,28.008258461775924],[-15.582599304620215,28.007770100732607],[-15.582485247916278,28.00738652025398],[-15.58271776692348,28.007420469428702],[-15.582890296343717,28.007577033902447],[-15.583407954923556,28.007877992546465],[-15.583905110078215,28.0078769018242],[-15.584265007230055,28.00822461014],[-15.584501523256822,28.008145033500632],[-15.584735975128005,28.008195589762508],[-15.584971895011634,28.008035863924604],[-15.58514183342002,28.00801332236962],[-15.58533310556454,28.008053815733188],[-15.585844470594127,28.007851607660886],[-15.586311408612625,28.007860151487773],[-15.586595875317354,28.00798083882604],[-15.586862916608196,28.007708744021983],[-15.587220743279529,28.007703036477388],[-15.587456371966297,28.007640501588494],[-15.587619374208384,28.007693235862384],[-15.587833349132607,28.007505281199478],[-15.587809407155312,28.00723182874784],[-15.587854600954271,28.00713703232218],[-15.58843266181345,28.00684193932602],[-15.5885203149258,28.00686062917923],[-15.58863406831701,28.00703678288662],[-15.588697587046031,28.007285801076254],[-15.588871713803762,28.007558754526794],[-15.58887154332607,28.007673290075793],[-15.58905392645848,28.007695040132703],[-15.589203657731632,28.00779102366708],[-15.589305311712117,28.00757133970601],[-15.589730878120145,28.007483721957726],[-15.589689889233254,28.00721482041382],[-15.589776504721728,28.007076515997436],[-15.589765842146651,28.00679203009585],[-15.589831036047364,28.006597488937064],[-15.590144212749689,28.006432069791533],[-15.5908289693114,28.006281085479195],[-15.59090517915132,28.006290281434094],[-15.591018042111672,28.006421960853352],[-15.591187281970722,28.00651064578577],[-15.591352039740187,28.006702320981375],[-15.592129209191524,28.006901027459122],[-15.592343088899302,28.00699675832905],[-15.59236627969105,28.006954177261402],[-15.592372749351988,28.00682791557969],[-15.592281701160527,28.006694410132273],[-15.59177305856323,28.006319496920916],[-15.59163768091675,28.005935447367747],[-15.591274162497156,28.005463851065468],[-15.591121710467482,28.005320074339743],[-15.590826739567637,28.005152798828473],[-15.5909183136246,28.004756949525916],[-15.590727052944493,28.004151002166598],[-15.590615565682473,28.004058466720814],[-15.590094630161492,28.003873095032827],[-15.590008775868704,28.003766005822712],[-15.589887091188729,28.003444290324556],[-15.589804146201665,28.00336333977944],[-15.58931052473055,28.00329222027019],[-15.588810450915277,28.00356069620176],[-15.588727792405695,28.003532317165085],[-15.588543696697675,28.003283950455817],[-15.588437453687092,28.003227652312567],[-15.587796452575718,28.003166112866413],[-15.587757331911941,28.003094063907707],[-15.587781574998552,28.00264361997709],[-15.587508035712355,28.002345100867917],[-15.587365892497973,28.00197003038956],[-15.587259538619392,28.001892933505612],[-15.586596233403553,28.002233529417186],[-15.585451555044138,28.002499470137064],[-15.585461255270712,28.002412462434123],[-15.585666501562756,28.002390790007826],[-15.585794220963392,28.00229636479223],[-15.586667389851653,28.001475587295044],[-15.58666065486782,28.001347504434346],[-15.586559131381097,28.001230658421708],[-15.58606924349187,28.00109553663198],[-15.586016125897602,28.001022680202958],[-15.586010319659312,28.000878128031268],[-15.586111271142565,28.00070900057941],[-15.586505527255841,28.0004932704145],[-15.58661822022269,28.00026891929582],[-15.587021392702468,27.999991188085964],[-15.587003654299153,27.999900849076617],[-15.586860514418056,27.999791402540797],[-15.586849825531617,27.9996468712305],[-15.587027551834094,27.99941242077235],[-15.587097287799466,27.998982436316577],[-15.587205678421364,27.99874539300697],[-15.587366610100515,27.998591327332782],[-15.587572390892962,27.998579606665324],[-15.587414133564444,27.998352810661444],[-15.587487234736509,27.998089920022828],[-15.586814733514213,27.998635993416734],[-15.58639838142411,27.99912726052687],[-15.586165435253518,27.999291309082178],[-15.586080829429353,27.99941357078511],[-15.58571928796655,27.99920872632926],[-15.585549387480757,27.998964781265837],[-15.585459136268174,27.99939744311777],[-15.585389775332144,27.999510395808127],[-15.584974543770995,27.99966859247894],[-15.584151910323717,27.99974777254458],[-15.583937880035066,27.9996521917209],[-15.583847547554456,27.999497454772772],[-15.58360846942637,27.999641746843256],[-15.583186924222867,27.99971214092533],[-15.582766765681734,27.99992696039892],[-15.582645850768962,27.999921262237116],[-15.582505504601137,27.999759370261376],[-15.582240679036383,27.999863183500924],[-15.581836888614939,27.99981982984235],[-15.581460882871824,27.999893781181093],[-15.581400739231722,27.999992971825222],[-15.581447546283444,28.00001631640211],[-15.5814265672021,28.00007547803982],[-15.581361598122207,28.00015865705576],[-15.581274320528578,28.000208710863756],[-15.581087243303894,28.000219323042558],[-15.581003482354378,28.000352410546693],[-15.580887464817161,28.00032314763865],[-15.580459206525772,28.000694125947803],[-15.579889392263789,28.000973696489023],[-15.579608064372966,28.000921587113943],[-15.57922880174521,28.001144456115203],[-15.57849778517653,28.001344973170987],[-15.578270495167116,28.001474338912033],[-15.577562994023161,28.00172544796462],[-15.577426161569454,28.001821059344845],[-15.57727412420528,28.002025483145744],[-15.576652776262565,28.002290822515587],[-15.576396468955952,28.002686487126482],[-15.575956612017041,28.002747683240774],[-15.575309294258547,28.00324146428602],[-15.574911041483357,28.003354207903843],[-15.574755589273932,28.003345749580916],[-15.57445273530114,28.003189872658442],[-15.573802468005473,28.003144094877555],[-15.574066457718075,28.003013833982607],[-15.57444653218374,28.002572593591072],[-15.574463564348621,28.00216348923837],[-15.574419188130657,28.00201924201782],[-15.574219957051758,28.00191739167172],[-15.573661184702873,28.00198558552058],[-15.573279918115212,28.001802148544343],[-15.572826185072262,28.001423892927065],[-15.572121064601735,28.000957422642852],[-15.57206321831093,28.000823196503468],[-15.572071810515924,28.00053978381212],[-15.571987206859951,28.00044611011209],[-15.571420888227951,28.000501616118804],[-15.570889202126917,28.00037051337163],[-15.570628052261469,28.0002208096833],[-15.570481502067864,28.00020235269584],[-15.570006064211812,28.000520343329228],[-15.569821908413575,28.000750249176384],[-15.569706501364886,28.0007669760991],[-15.568605311355087,28.000453069337603],[-15.568059075620667,28.000056403930888],[-15.56811472644496,27.99937358473769],[-15.568059158767316,27.99926548973942],[-15.567927878731734,27.999241767340862],[-15.567328754616689,27.999402096696716],[-15.566793005980294,27.99926622845775],[-15.56628845356626,27.99894995943754],[-15.565669201644392,27.99826308541947],[-15.565446423698313,27.998292229323436],[-15.565164721098311,27.998099423204664],[-15.56496014711821,27.998249318596372],[-15.564650381577849,27.998728799115515],[-15.564551932045905,27.99879088521816],[-15.563397588141736,27.998575061939857],[-15.56330358622725,27.99864766350366],[-15.563314501971627,27.998841880974684],[-15.563222729343087,27.998932527456947],[-15.56278858074127,27.99880691534729],[-15.562610868367393,27.999054045075734],[-15.562347902315432,27.99896311708396],[-15.562039921329303,27.999005106400126],[-15.56187413270687,27.999131873872503],[-15.56173685977314,27.999332907577028],[-15.561691525560715,27.99984771608828],[-15.56162816656242,27.99999327435623],[-15.561453115325842,28.000158200404467],[-15.560654391751193,28.000491208873093],[-15.559931901337121,28.000966006180352],[-15.559599347659343,28.001009110212365],[-15.559534556705232,28.001067147043134],[-15.55950329748085,28.00128463667546],[-15.55944374630292,28.00134900718629],[-15.559248222794512,28.0013950191326],[-15.558870603087263,28.001377200588024],[-15.558757899096113,28.00142156624889],[-15.558588766267208,28.001599463590644],[-15.558280014855981,28.001588449856474],[-15.558207134256882,28.00165576261897],[-15.55816500157902,28.00193475228623],[-15.557818504966349,28.00218609959001],[-15.55779184928414,28.002354219257896],[-15.556784294669166,28.002239868283013],[-15.556567864260558,28.00126783563707],[-15.55668892239059,28.00128350396854],[-15.556839508651843,28.00123254126021],[-15.556611224645257,28.00111814497655],[-15.556849220685317,28.001099849339408],[-15.556848353268633,28.000950906426674],[-15.556765094340593,28.000878936881183],[-15.55652240947083,28.000875315599753],[-15.556506468151301,28.00082103724275],[-15.556637965630303,28.000740705759746],[-15.556628471501217,28.00067439532933],[-15.556058590760918,28.000727388180437],[-15.55574085664518,28.000636127419476],[-15.55637420067705,28.000533699688596],[-15.556909389306503,28.000538122737012],[-15.557731507262258,28.000191401128415],[-15.558053058856016,28.000125372424577],[-15.55810972791752,27.99941868495602],[-15.558174903392436,27.999218200261307],[-15.558286878735325,27.999099942552906],[-15.558406788472784,27.999041231109818],[-15.558663980473048,27.99901888251133],[-15.559547102456781,27.999065933293647],[-15.560163118263421,27.998614329011495],[-15.560567188365344,27.998478269405382],[-15.560593934256952,27.998379675180427],[-15.560542715775238,27.99785658551329],[-15.560464298403605,27.9976392628172],[-15.560155246244447,27.99760333069231],[-15.559810744791138,27.997438184454918],[-15.559625036227002,27.997221117471398],[-15.559397099722469,27.996802647786737],[-15.559296269992561,27.996478805957857],[-15.559334984565423,27.99613751588346],[-15.559244316321468,27.995772469246134],[-15.559461564787266,27.995126150664614],[-15.559211230638768,27.994603509044484],[-15.559120517171158,27.994568311284343],[-15.558561795775649,27.995043473587355],[-15.55825633512101,27.995383264957237],[-15.558066991564296,27.996090021972115],[-15.557957060916387,27.99610317817648],[-15.55779927787584,27.995671385934347],[-15.557682829815848,27.99558795170465],[-15.556985354869726,27.99684185721682],[-15.556793110014553,27.99698620218198],[-15.556441823346441,27.997118327005595],[-15.556177808028549,27.99735597637539],[-15.556021184678688,27.99743446820348],[-15.55569784151703,27.99736802721965],[-15.55558294873696,27.99739753154827],[-15.555441231287965,27.99771743639499],[-15.555019974704665,27.998263360901323],[-15.554875227944963,27.998250512824228],[-15.554463282076236,27.99800952715692],[-15.553829761456667,27.998224107950193],[-15.553525374227286,27.998205401873932],[-15.553491563309429,27.99830389685303],[-15.553554510559017,27.99871267769643],[-15.552974341221082,27.999282697004304],[-15.552976332988598,27.998995493019905],[-15.553109215167858,27.998696271113477],[-15.553027838014916,27.997960143565702],[-15.55315376518596,27.997287003436092],[-15.55341283805945,27.99665392205464],[-15.554036582096318,27.995929245124064],[-15.554561211509224,27.994888512303284],[-15.554639260356561,27.994496206199443],[-15.554613079865902,27.993859795247687],[-15.554540043927725,27.993741221364562],[-15.55475655033776,27.993088232741208],[-15.55505284126145,27.992644927468607],[-15.555067619968641,27.992508378540503],[-15.5544543407694,27.993078916954133],[-15.55400591511001,27.99311407923614],[-15.553856738145027,27.993184161480833],[-15.55377223400761,27.99330076141824],[-15.553554222566072,27.993879371553664],[-15.553344791127305,27.994035624447463],[-15.553257160167677,27.99420929674599],[-15.553081837078581,27.99435356849773],[-15.552252547923192,27.994688384388198],[-15.551824867491339,27.99496437071347],[-15.551001811306703,27.995086683989552],[-15.550488243414861,27.995273037515773],[-15.550276582638418,27.995280104330973],[-15.550167747694275,27.995124552052598],[-15.549802671185631,27.994880475894686],[-15.54980583090498,27.99470150159355],[-15.549931157357701,27.994515837186317],[-15.549903262869748,27.994470019001607],[-15.549723228735472,27.994488513125127],[-15.549411875764461,27.994249131827587],[-15.549164736835852,27.994190459086045],[-15.548545892293898,27.993738109037057],[-15.548397740427427,27.993750399016],[-15.54816149582869,27.994140155007653],[-15.548073479007193,27.99417488092492],[-15.548005001988928,27.994148000393327],[-15.547895492833819,27.99398696047249],[-15.547651130937835,27.993930160587603],[-15.547364357442605,27.993953111766096],[-15.54728964364787,27.993915567643747],[-15.547246232248206,27.993761196906213],[-15.547166856053849,27.993767001222874],[-15.546638505628367,27.994248620650197],[-15.546367943994495,27.994574526123333],[-15.54635210675264,27.99470909244043],[-15.54628832028248,27.994757270587918],[-15.54617526830789,27.994732299417603],[-15.546135923448604,27.994609687482512],[-15.546169168039318,27.99436141924392],[-15.546102703241447,27.9942494495971],[-15.546026304299266,27.994200356824628],[-15.545873655632944,27.994196340997316],[-15.545741914381868,27.994111224034555],[-15.545670727337873,27.994127683047267],[-15.545500177820214,27.994349477890506],[-15.545320962295905,27.994336765438554],[-15.545616896587267,27.9950057525175],[-15.545630768300267,27.9951551858128],[-15.545540300258727,27.995386096201674],[-15.545336223581701,27.99571603275908],[-15.545061023595514,27.99603316169459],[-15.544921314059712,27.995951379477635],[-15.544846271332574,27.995977963673617],[-15.544659054543333,27.996316236630197],[-15.544544423078914,27.996430503962465],[-15.544170795494828,27.99658812434065],[-15.543864200291639,27.996614604099165],[-15.543569943331434,27.99657056906909],[-15.54322730987108,27.996411340473195],[-15.542862682823472,27.99694888031225],[-15.542695890901731,27.997074184523314],[-15.542505639473724,27.99713718596086],[-15.542301470969917,27.997142468754227],[-15.541901128353167,27.997039333011585],[-15.541525738915524,27.997008458854076],[-15.541391412812901,27.99722014911633],[-15.541027146650627,27.99755536794185],[-15.54058844805199,27.99772246936355],[-15.540157789262157,27.997797100569933],[-15.540110662671891,27.997874990748084],[-15.540129446226556,27.998182848520553],[-15.5399605003095,27.998407527932905],[-15.539713444941201,27.998464537962512],[-15.539155633931294,27.99833471439378],[-15.538841607899538,27.99876187885029],[-15.53827396640898,27.998749658862106],[-15.538222544160499,27.998814855095077],[-15.538287162333814,27.99930943025216],[-15.538023833842415,27.999600338300812],[-15.537937346096724,27.999616853215155],[-15.537478560269795,27.999468743783922],[-15.537821785570818,28.000025455395367],[-15.538169377646893,28.000919942023625],[-15.538279851248829,28.0010063499998],[-15.538489001472252,28.00134287268485],[-15.538941066295395,28.00146287660383],[-15.539028542551335,28.0017714400357],[-15.539031509591904,28.001875113331636],[-15.538865196432928,28.00190076122259],[-15.538767920417117,28.001973359005376],[-15.538822377146413,28.002321644662075],[-15.538768614754174,28.002538225180256],[-15.53872329850377,28.002588087742595],[-15.538626360324848,28.002532427497606],[-15.538504521252463,28.002807472111193],[-15.538343841956706,28.00298676511841],[-15.537339188111941,28.00299531715023],[-15.536918286720528,28.003044624452006],[-15.536669611509161,28.002945503208274],[-15.536592918608125,28.002866219896585],[-15.536556774429693,28.002731171542937],[-15.536136774240646,28.00276516301704],[-15.535727731312823,28.002551118797744],[-15.534782931007314,28.003141782395996],[-15.534116508212742,28.00306738108494],[-15.533845291874504,28.00317762593253],[-15.533734167623079,28.003280893786574],[-15.533507130564436,28.00373775950083],[-15.533400941553431,28.00362073834147],[-15.533282348454925,28.00309965925829],[-15.533175017720787,28.002981929194746],[-15.53293494177178,28.002905868092594],[-15.532430480697439,28.00293946248907],[-15.532313961324773,28.002872318940156],[-15.532278658418775,28.002675584150634],[-15.532467464619696,28.002154026951057],[-15.532306564913721,28.002162025109882],[-15.532096704430383,28.002273608694587],[-15.531967955328954,28.002201177164995],[-15.531890216064637,28.002077843100736],[-15.53175378515966,28.002064794106754],[-15.531608569988016,28.002284451823282],[-15.531050215079864,28.00251048109108],[-15.530606398998446,28.002753046042795],[-15.530163212834399,28.002480594384277],[-15.5296690903648,28.001995126958096],[-15.529462801339122,28.001614437195766],[-15.529236370039515,28.00108677350266],[-15.529159064454786,28.000585075146763],[-15.529051652084746,28.000318016104167],[-15.529169031777561,28.00030617222642],[-15.529690388711588,28.000473007222368],[-15.52981161190619,28.00046719613167],[-15.52988032017376,28.000379260361903],[-15.529992459812846,28.000017744958384],[-15.530153284468255,27.999791375731185],[-15.53045645924718,27.999628730021726],[-15.530760420613024,27.99931960720907],[-15.530637319931675,27.999211775426712],[-15.530651298351149,27.99894278669169],[-15.530597671909353,27.99879149214086],[-15.53026222694461,27.998415517355607],[-15.53028418380351,27.998076736558808],[-15.530397454192903,27.997984295656515],[-15.530812336868811,27.997934598383033],[-15.531032574057672,27.997849976687156],[-15.531155440705962,27.997657261385854],[-15.53112555273015,27.997336157136054],[-15.531169473409141,27.997200509024648],[-15.53129531374063,27.997112496263473],[-15.531626599358706,27.997072074407516],[-15.53178674116104,27.99694435384913],[-15.531851212770214,27.996657115485274],[-15.531872917441527,27.996106451674446],[-15.531983136536937,27.995915228871734],[-15.53223131737515,27.995793666670767],[-15.532583444728639,27.995756917142135],[-15.533277861582869,27.995941122589873],[-15.533506680918187,27.995948323274263],[-15.533844049102571,27.995896606714215],[-15.534156571013812,27.9957725525405],[-15.534576119187104,27.995429698463937],[-15.534782051315464,27.99495400099465],[-15.534907284450842,27.994781204954396],[-15.5360937040449,27.994062362063506],[-15.536143626570611,27.99392856660938],[-15.536071309300713,27.99381142424424],[-15.535652931870608,27.993771746614094],[-15.53473549496851,27.993998177810486],[-15.534484514441434,27.994012585833875],[-15.53384165742158,27.99398706287179],[-15.533381469794612,27.993887023053666],[-15.532587152754841,27.993863092633294],[-15.532466666756452,27.9937524899458],[-15.532485601191993,27.99328033611733],[-15.532433170103278,27.993156985389135],[-15.532319830455258,27.993072497327958],[-15.531740509966218,27.99289577658593],[-15.531592957816592,27.99290198897266],[-15.531194232226959,27.99331847786399],[-15.530270029439981,27.993722125263687],[-15.530113109344814,27.993742815537587],[-15.529965609980907,27.99369354550174],[-15.529409623197793,27.993030580157715],[-15.52922832027336,27.9929561726192],[-15.52907397358445,27.99300385182297],[-15.528944849560313,27.993118586363313],[-15.528866289201789,27.993325004053872],[-15.52881355462693,27.993688736771],[-15.528751721099137,27.99378849819405],[-15.528348760716375,27.99397347744967],[-15.527901952897306,27.99427661694877],[-15.527757244574588,27.994232398027684],[-15.527733386015392,27.994144674064284],[-15.527851937486624,27.99362945828806],[-15.527829685607731,27.993437311812517],[-15.52772291501544,27.993197519732632],[-15.527562597270538,27.9931260625618],[-15.527380087597997,27.993167059539328],[-15.526967898856647,27.99336579133418],[-15.526815076142912,27.993325646631124],[-15.526538710537364,27.993138797139938],[-15.526272404809696,27.99315527091271],[-15.5254061701734,27.993638102353003],[-15.525266025437675,27.9940943253282],[-15.525103941400133,27.994224934464338],[-15.524912257695538,27.994291527941577],[-15.524371960223874,27.994313665524995],[-15.524078320866545,27.993957167624345],[-15.523867866316602,27.993872898191373],[-15.522947977559587,27.99423315017596],[-15.522061179632788,27.994172165524034],[-15.522353257437103,27.99394865585533],[-15.522722597015171,27.9939429194174],[-15.522967038253098,27.993850184490125],[-15.523416687355125,27.99360636710926],[-15.523859599394873,27.99329469018852],[-15.524150909441243,27.993262707504194],[-15.52464592041119,27.99302097000218],[-15.524956471504124,27.992657527609005],[-15.525241129230382,27.992596320242644],[-15.52560017367958,27.992377034410854],[-15.525910857186524,27.992272396145758],[-15.526380624935113,27.992006827182266],[-15.526899932753938,27.99178647310832],[-15.527880013519303,27.99110514096737],[-15.528278857116518,27.990686828554654],[-15.528519366499747,27.989852974518918],[-15.528624371205494,27.98967690368954],[-15.529795565606491,27.989382627244847],[-15.530111373884655,27.989226415120083],[-15.530694306464135,27.988733183341648],[-15.5308747808139,27.987979536878036],[-15.531107383268894,27.987550303190922],[-15.531236139646044,27.987200547603518],[-15.53141202706767,27.98704740048236],[-15.531748558347443,27.986930011347862],[-15.532437189543371,27.98696679565002],[-15.533086699319758,27.986678752729624],[-15.533715136487364,27.986655282406247],[-15.535043408103077,27.986178004687872],[-15.535779026080842,27.985620155392276],[-15.535962696706505,27.985294825501278],[-15.53632661295469,27.98500074856141],[-15.536719439279912,27.984856949249057],[-15.537223878990375,27.98458191033507],[-15.537824213386454,27.98457423826156],[-15.538180597232353,27.984259694409612],[-15.538848333063818,27.98402372976657],[-15.53903636151524,27.983861408054874],[-15.539132819006694,27.983709284570736],[-15.539444219879073,27.983633860947407],[-15.539706766235703,27.983508798768128],[-15.54036499369059,27.983427317686978],[-15.541001415318318,27.983153732427684],[-15.541191318135834,27.982960437496292],[-15.541288192832923,27.982648260516065],[-15.54191649152578,27.98245982851315],[-15.542183966379095,27.98232508323493],[-15.542473278176384,27.982083731626716],[-15.54321552809781,27.981279738172347],[-15.543291874253608,27.981113428407973],[-15.543687634350936,27.98080909603694],[-15.543844999830565,27.980597691333877],[-15.544331785467234,27.980176006083155],[-15.544894720696698,27.980096595714997],[-15.545370322957364,27.980121250618332],[-15.546219916741874,27.97968060732376],[-15.546588841422254,27.97958246176287],[-15.546939751546372,27.979581969714513],[-15.546881446149259,27.9793119303665],[-15.546942164230954,27.97913304279814],[-15.547071078120647,27.979048217135453],[-15.547473305794234,27.97898117051903],[-15.547635056324582,27.9788145184554],[-15.547880247076566,27.978418336017054],[-15.548018695886439,27.978309098347115],[-15.548154578213598,27.978295648224254],[-15.548748545763125,27.978403320433685],[-15.548980862609566,27.978518030576545],[-15.549195296149913,27.97871549987668],[-15.549358282833063,27.978773344644992],[-15.54945384890906,27.9787500341595],[-15.549226900100479,27.978571120774955],[-15.549036823005958,27.978243744722842],[-15.549013183003117,27.97767170192616],[-15.5493201787978,27.976932330978],[-15.549467083673909,27.976847070165444],[-15.54950210695019,27.97659507435192],[-15.549619205089677,27.97648709388441],[-15.549625856140992,27.976254619632094],[-15.549559071451872,27.976057915225926],[-15.548981016719368,27.975295086508947],[-15.548911222082962,27.975126106940476],[-15.54891866797835,27.974728975241355],[-15.54885288781974,27.97440886599549],[-15.548947706715694,27.973957493887617],[-15.549013995474853,27.973835814907694],[-15.54895686796429,27.97345735608168],[-15.549015804991035,27.973048464137705],[-15.549236774144102,27.972751764154125],[-15.549691308494364,27.972497731741427],[-15.549986764246212,27.972393642059107],[-15.55013868538381,27.972276314287363],[-15.550268231624134,27.97199758103012],[-15.550238020367406,27.971694391303867],[-15.55000114178347,27.971299048717142],[-15.549551069902787,27.97076716488262],[-15.548814663507336,27.970191015566353],[-15.548277963605345,27.969998801718646],[-15.547975708727797,27.969822803754727],[-15.547459196133673,27.969097094616068],[-15.547150939765686,27.96660187415131],[-15.547250988129875,27.966318304902963],[-15.546283892297355,27.966014873816086],[-15.546192207757874,27.965962952740817],[-15.546203939987853,27.96590224398709],[-15.545693489234399,27.965490177527766],[-15.54555000122374,27.965257774757177],[-15.545391932510446,27.964749994343116],[-15.545151165385375,27.964359243860585],[-15.545018839517915,27.963960119612846],[-15.544910887609344,27.96348261555101],[-15.544882059299306,27.962924926177063],[-15.544561038574187,27.962683547982227],[-15.544153264787475,27.962658874014284],[-15.543894485048991,27.96256702603902],[-15.543824234143917,27.962344306788665],[-15.54369689334849,27.962317656373852],[-15.543656623889985,27.962202268356126],[-15.543440468867898,27.962046266897467],[-15.543387573180617,27.9616183736955],[-15.5433145181403,27.9614200564857],[-15.54320921117908,27.961310413550102],[-15.543177460425238,27.96110935145762],[-15.54319906612183,27.960713652649474],[-15.543297690547531,27.960560894579938],[-15.543519892175631,27.96039838662333],[-15.54420590495359,27.960434600570665],[-15.543955690299983,27.960310203072083],[-15.544015013434684,27.96019682266263],[-15.54490933268689,27.95993417016345],[-15.545551581232813,27.95968435490987],[-15.545820731283664,27.95963995755882],[-15.546296633180068,27.95943499525332],[-15.547502484916842,27.95914043295425],[-15.547554340947663,27.959375482386367],[-15.547740709684517,27.959783479652458],[-15.547704618386744,27.960013092613842],[-15.547971239991671,27.96093961263538],[-15.547939574076093,27.96128249829794],[-15.547983156438372,27.961592027035273],[-15.548137758742637,27.961961631368126],[-15.548322738468244,27.962196041760095],[-15.549043356326624,27.962422078188],[-15.549569148268583,27.962651795706897],[-15.54994823501707,27.96305007402866],[-15.550600765283379,27.96331443255947],[-15.550854843642627,27.963476084271253],[-15.551029403448167,27.963494883971],[-15.551422770848895,27.96333668794206],[-15.5517434162981,27.963313015503175],[-15.553157516761463,27.963968303454042],[-15.553760081072804,27.96404179798265],[-15.55463600775321,27.96399042673736],[-15.554940116385142,27.963814435938037],[-15.555388664083031,27.963433596253047],[-15.555321909063327,27.96296105288658],[-15.555396551516651,27.962575249050392],[-15.555521381936007,27.962396956319747],[-15.5557424463227,27.962269386369414],[-15.55585150687659,27.96209302563473],[-15.555794902807456,27.961998659190233],[-15.5555641423675,27.96194801909372],[-15.555332711023862,27.961702702694467],[-15.555124162648111,27.961605753418326],[-15.55484886280958,27.961306594899213],[-15.554823483858078,27.961115178059845],[-15.55491531841139,27.961005615876246],[-15.55517695610102,27.960987364012716],[-15.555365211018982,27.96102877910339],[-15.555805283691218,27.96124661401162],[-15.556149713677788,27.961005101451647],[-15.556095971273988,27.96078664593522],[-15.55642093114125,27.960555258546595],[-15.556325540063055,27.96041496571628],[-15.55604394418975,27.960379128703053],[-15.55615640609396,27.959914753043964],[-15.556358945497736,27.959760256891045],[-15.557029840990193,27.95974121308257],[-15.557093462276281,27.95968160231947],[-15.556882221436583,27.959313131080908],[-15.556820616905705,27.95862458470087],[-15.5568847477198,27.95822062377271],[-15.556850645750586,27.958207997416803],[-15.556941193412328,27.95805061345004],[-15.55703315062851,27.958003489890743],[-15.557612548787551,27.957913436265677],[-15.558042900031642,27.957999986203355],[-15.558561523036516,27.958391924798047],[-15.558937979398044,27.95855049225111],[-15.559729587137022,27.95912347544734],[-15.560325972635589,27.959361341235923],[-15.560558020105324,27.959838878089617],[-15.560773002510697,27.96007496381775],[-15.561296602873993,27.960448492313837],[-15.561861584831101,27.96072772420524],[-15.563172590845502,27.961635818099655],[-15.563286848289135,27.96165023617327],[-15.563387396293813,27.961599137409753],[-15.563691066991904,27.96123724314019],[-15.563857085153616,27.9608158729974],[-15.56395728567137,27.960717680853186],[-15.564744570102084,27.96081136738187],[-15.565202127596232,27.960802989479568],[-15.565353745186261,27.960618069418697],[-15.565943018535748,27.960172669521057],[-15.56608824185325,27.95994733353674],[-15.566194968866075,27.959915841269318],[-15.566396813114943,27.960039945805363],[-15.566697366851322,27.96036873933979],[-15.56661223138434,27.96057505220039],[-15.566633341730272,27.960976923989982],[-15.566597606615458,27.96111139436085],[-15.566895525816312,27.96149566071561],[-15.567128611041843,27.961710195266456],[-15.56740779627256,27.961843656544787],[-15.567804466969237,27.962143742182874],[-15.568165512411126,27.962280186089433],[-15.56846047499319,27.96231969825159],[-15.568956296403046,27.962666167357757],[-15.56944220285642,27.962664879747045],[-15.569502157405216,27.962955547830173],[-15.569350546966545,27.96334449368877],[-15.568704056193777,27.963903308133336],[-15.56831605944832,27.964121480064417],[-15.567454593654267,27.964430764747604],[-15.566602874245211,27.964450234196107],[-15.566489640137286,27.964537026496565],[-15.566454510997492,27.965204462977653],[-15.566118832284673,27.965909154303528],[-15.565398286994455,27.96675754925969],[-15.565016157776894,27.96690498766935],[-15.5649202359316,27.967005690567518],[-15.565007372294595,27.96745328423884],[-15.565353841265484,27.968414708811775],[-15.565432002306029,27.968518939412967],[-15.565891965830483,27.968614730647555],[-15.56629164199011,27.96850300998877],[-15.566661088287091,27.968544755849504],[-15.5677271460213,27.968532724492526],[-15.567880451760695,27.968604967552626],[-15.568245713368364,27.969120883240766],[-15.568521582587662,27.969383984566438],[-15.56948731976894,27.970085313195966],[-15.56975485450051,27.970156313976116],[-15.570212558927745,27.970033129992856],[-15.570512623901976,27.970014048610246],[-15.571519037953314,27.97024234641151],[-15.571768527446931,27.970440727160398],[-15.572091062042098,27.97056785990387],[-15.572269319616721,27.970876142704714],[-15.57257704396443,27.971184698969434],[-15.572905548761188,27.97136739367337],[-15.573372544695015,27.97181288458628],[-15.573449719872324,27.971961419487663],[-15.57360973209232,27.97276363890653],[-15.57381425524493,27.973038148041688],[-15.574025023830256,27.973195739171206],[-15.57485511158736,27.973300896148864],[-15.57567003064553,27.973218375477032],[-15.57604974890437,27.973582337543544],[-15.577131583959675,27.973996380027344],[-15.577507386869431,27.97396356938376],[-15.577810192997898,27.973646169882503],[-15.577941594408278,27.97360273033502],[-15.578614224167664,27.97365163729179],[-15.579050946520972,27.973777921132196],[-15.579164694149766,27.97389401794563],[-15.579113974716545,27.97399453124241],[-15.578666635687282,27.974087280012483],[-15.578157193977981,27.974413367329994],[-15.57797448640841,27.9749512728715],[-15.57805009363399,27.97502723396789],[-15.578406629600387,27.97513322078777],[-15.578662598644069,27.97535999666763],[-15.578760922511806,27.975817056914245],[-15.578776274871956,27.976209209462706],[-15.579019084162434,27.976528242449888],[-15.580137134311194,27.97722472765599],[-15.580646384975097,27.977239504915673],[-15.580860239416529,27.97735667613847],[-15.581027600515991,27.977772748985654],[-15.581109375298825,27.97815632463922],[-15.581134894877767,27.97885770997768],[-15.581066344989322,27.979291208316432],[-15.581090917714244,27.97936061290298],[-15.58138716851083,27.97944502798015],[-15.581603852520377,27.979652727428054],[-15.582278697527725,27.9799686180774],[-15.582570280336553,27.979959710522067],[-15.582670599279066,27.98004621622558],[-15.58290443168147,27.98003845527133],[-15.583129003676083,27.98025622913601],[-15.58325765992627,27.980260919380814],[-15.58376668165551,27.980107737452684],[-15.583985034513201,27.980114483646062],[-15.584537655379833,27.980296739826905],[-15.585437841841644,27.980479952291834],[-15.585648023769576,27.98066808418935],[-15.585884838327532,27.98100495848315],[-15.586089479316568,27.981409220989725],[-15.58617028770586,27.981760661010355],[-15.585773876897605,27.982299188670694],[-15.585549712182724,27.982478607982163],[-15.585795222028713,27.98248568699045],[-15.586268859617336,27.98236938657377],[-15.586591169797723,27.982343910223687],[-15.586784880981972,27.982381178172663],[-15.587237769056745,27.98258325684932],[-15.588015672840216,27.982602049879592],[-15.589258260667956,27.982878195799827],[-15.589784704805334,27.98312310017015],[-15.590367895775824,27.983648590438477],[-15.5905093749418,27.984065032765148],[-15.59088466889787,27.984841733080952],[-15.590995527691854,27.984975579245035],[-15.591150866761565,27.985042524275666],[-15.591640779272483,27.98501929450778],[-15.592351780998209,27.985241188271626],[-15.592512098069268,27.985827887529393],[-15.59250027216619,27.98613864932551],[-15.592630044014328,27.986773774608146],[-15.593280983504101,27.987761595801256],[-15.593350567856849,27.98797090350327],[-15.593242328217718,27.98900397353398],[-15.592918537796237,27.989524244051395],[-15.592671651134639,27.990198093411795],[-15.592396798444277,27.990705062567223],[-15.592393876096475,27.990933188398984],[-15.593498782781872,27.99223210900946],[-15.593603251114656,27.992404074475434],[-15.593687144285445,27.992737080700415],[-15.593957463573693,27.993072982860905],[-15.594041813548989,27.99315512559892],[-15.594306873936722,27.993180790631737],[-15.594582770754348,27.993309406740423],[-15.595567205763304,27.99403290604552],[-15.595649176498082,27.994791814509256],[-15.595709332814497,27.995004862625933],[-15.595881121058015,27.995248841071938],[-15.595776264326497,27.995506746272202],[-15.595784647078178,27.99564410132546],[-15.595821178250837,27.99572193656633],[-15.596102391298885,27.995909563213413],[-15.596327278458697,27.996192217334386],[-15.596407290599302,27.996446251940508],[-15.596484247093827,27.997216555358275],[-15.596749564828196,27.99765628407605],[-15.596717003903038,27.998004056103063],[-15.59660832690539,27.998362449200528],[-15.59638252071181,27.998504972518838],[-15.596240273721937,27.99878822554036],[-15.596179163709369,27.99916013308385],[-15.596219486019882,27.999649313163587],[-15.596112290589287,28.000332943004643],[-15.596307188066952,28.000800961372754],[-15.59675957798016,28.001467629998725],[-15.597005009831891,28.001950864099964],[-15.597138787809474,28.002418604867206],[-15.597259394164238,28.003153421854933],[-15.598170270703822,28.003852846901452],[-15.598994357975371,28.004305123152065],[-15.599330480868797,28.004559032495273],[-15.599758978250831,28.00533123016713],[-15.599716546549681,28.00633783678118],[-15.5997506962525,28.006682339065854],[-15.59984079600355,28.006991843215904],[-15.600331787903377,28.007560459693043],[-15.600544750474993,28.007692876491078],[-15.600802578525785,28.008186520208085],[-15.600825774345548,28.00857250392429],[-15.600682510712199,28.009222713403783],[-15.600232494402745,28.010223878393795],[-15.600118555557005,28.01060549602179],[-15.600020333236538,28.01130876737302],[-15.600043767059901,28.01164627502321],[-15.600407291479996,28.012306366954714],[-15.600603397846564,28.012966557560222],[-15.600930524940322,28.013774849733053],[-15.601743307351104,28.01486753256744],[-15.602212779190367,28.015040780703416],[-15.602540978751795,28.01505161904129],[-15.602681226489754,28.015102819108947],[-15.60286998222762,28.015316382476527],[-15.602915612511023,28.015656048720647],[-15.603282425392512,28.016170512471344],[-15.603493819915888,28.016412049495553],[-15.604224034481634,28.016973118599072],[-15.604442731918557,28.0170098898008],[-15.604799444562198,28.01698891253014],[-15.605324765872314,28.016851465803246],[-15.605678950878035,28.017233281743536],[-15.605869853940776,28.017374434888854],[-15.606137809378701,28.017415589988087],[-15.60676185117077,28.017360118775],[-15.60704391968163,28.017396606032523],[-15.60716713372725,28.017456723130426],[-15.607599213985466,28.017887477204],[-15.607936609270146,28.01788589492073],[-15.608876078290999,28.018010009568936],[-15.60976724901989,28.01786623057093],[-15.610072024778693,28.01801481627294],[-15.610493791626249,28.01800328455691],[-15.610746611508993,28.018390050847092],[-15.610906673097714,28.01852609827585],[-15.611612105540768,28.018796568651364],[-15.612052783258942,28.019214632341125],[-15.612424516260079,28.019312453679238],[-15.61275427300069,28.01930845627152],[-15.61317486734293,28.01914301146878],[-15.613658956880696,28.01889188664592],[-15.61374231767611,28.018775427423417],[-15.61379906316218,28.018557623746485],[-15.613732657059355,28.018058367118012],[-15.613624028053755,28.017808533935966],[-15.613271976151477,28.01743142335643],[-15.613797622230182,28.017388726221572],[-15.614580723378205,28.0168989431156],[-15.615544806607447,28.01684416788652],[-15.615924578997555,28.01658600993982],[-15.616457792435392,28.016676326481264],[-15.616629600683959,28.016659487742487],[-15.617160336430564,28.01636860325022],[-15.617271465707754,28.016360070183968],[-15.618256783975491,28.017050177275458],[-15.618441998736966,28.016816086835245],[-15.618539591461984,28.01678829591374],[-15.6196300153066,28.017001746830132],[-15.61986444246442,28.016995724906774],[-15.62012850331891,28.016906791493664],[-15.620405693572494,28.01692576096353],[-15.621135579868785,28.017183524475346],[-15.621438731085572,28.017578348068653],[-15.621910599922446,28.01777191847801],[-15.622089888651645,28.018100772182414],[-15.622263046908296,28.018283145595717],[-15.622412998465084,28.018356758576942],[-15.622663582206314,28.018365011565],[-15.623158078036958,28.01870678824862],[-15.623457366707834,28.01862328543147],[-15.624423807335758,28.018516983366563],[-15.624902280685355,28.018143890375633],[-15.625245912974274,28.018024615791568],[-15.625799165390585,28.017989329835707],[-15.626134443932548,28.018043950536434],[-15.626404815687174,28.01795624013073],[-15.626843242286567,28.01818722727328],[-15.626963349993408,28.01820076148339],[-15.627454377974583,28.0180298968191],[-15.628596465394393,28.017833757586498],[-15.630186808021543,28.01745997975605],[-15.630435084404539,28.017456584383005],[-15.631053906283295,28.017589871078624],[-15.631343552954933,28.017598831583395],[-15.631892361585571,28.01750008198717],[-15.632045729185554,28.01742616807959],[-15.632600441996088,28.01739806965579],[-15.633087324650443,28.017633688284704],[-15.633334638914258,28.017674433955424],[-15.63398788590521,28.017571313105574],[-15.634357661135919,28.017662584587335],[-15.635698999785195,28.017553208769375],[-15.635788952506218,28.017662741069447],[-15.635934025235224,28.017700976086296],[-15.63611349464898,28.017672613316634],[-15.636455680043897,28.017413489922628],[-15.636629981484385,28.017388580661738],[-15.63693939317384,28.017437517523426],[-15.637084863394481,28.017543271147993],[-15.637382652223103,28.01760480835416],[-15.637551530999414,28.01772995114537],[-15.637714421350026,28.018098939679845],[-15.637584910735331,28.018647838044032],[-15.637749730398077,28.018739780175512],[-15.638718376353214,28.018768320509057],[-15.639414245352134,28.01899238348475],[-15.639982075146175,28.019048505935608],[-15.640997533661439,28.018994215526806],[-15.641422219991655,28.01921799822613],[-15.642041701405182,28.019235687047047],[-15.642227148726327,28.01916892380922],[-15.64245425002157,28.019162085118015],[-15.643032017821225,28.019229793245852],[-15.643376818698604,28.019327114916983],[-15.643773389274486,28.01961141218802],[-15.644262241645844,28.020274768679744],[-15.644871150422583,28.019899821926735],[-15.645777298100057,28.01972343207808],[-15.645804947876197,28.019855032416395],[-15.645695063149162,28.02015076606952],[-15.645750977344905,28.02068403209588],[-15.645630065597526,28.020877560225244],[-15.645659621324643,28.02110865565682],[-15.646179603842652,28.0215683913374],[-15.64629825885342,28.02186911670963],[-15.646570421524475,28.022256067328613],[-15.646557398906474,28.02233745234598],[-15.646483495906109,28.022390084097268],[-15.646874772918615,28.022718123480193],[-15.646738793864612,28.022732628886885],[-15.646422153926585,28.022665504907955],[-15.645424979215703,28.022236185423182],[-15.64467505587472,28.02216473670902],[-15.644426762958007,28.02209528346381],[-15.644322856905061,28.022002025828815],[-15.644010375984527,28.021436634332577],[-15.643094040218058,28.02093711334787],[-15.642772648524966,28.02097299156547],[-15.64256066798156,28.021149177934433],[-15.642573019663883,28.021365478124626],[-15.642862490118903,28.02159983602386],[-15.643133563595441,28.022000808540106],[-15.64320949808043,28.022970886168796],[-15.643005821238498,28.023315874366652],[-15.643039503926175,28.023560960850382],[-15.643347999850702,28.023849390217332],[-15.64401286198446,28.024062778173406],[-15.644107581771003,28.024147115297247],[-15.644094835857148,28.024247987960944],[-15.64373997290112,28.024767039184013],[-15.643774897608601,28.025295746172656],[-15.643450698611021,28.025487769280716],[-15.64318395320549,28.025604418546628],[-15.642932440976729,28.025624371615834],[-15.641610377470604,28.02541087128279],[-15.64051948779313,28.025566168966964],[-15.6399911820523,28.025322095589875],[-15.639515801372342,28.02544027802473],[-15.6389771157863,28.02514685355338],[-15.638799049166119,28.02473243276499],[-15.638335765161596,28.024500607106447],[-15.637529643687776,28.02428525628899],[-15.636651249211637,28.024206425187106],[-15.636520220754841,28.02423302980387],[-15.636205091528064,28.024450269413695],[-15.635952893746872,28.024464146754607],[-15.635685825562996,28.02430173284442],[-15.635166950822782,28.023834875005228],[-15.63491020244398,28.023738714822194],[-15.634685890442015,28.02381355540778],[-15.63456654658394,28.023976591750394],[-15.634533533680997,28.024730675405486],[-15.634348935498112,28.025170309851433],[-15.634452775943348,28.02555863936386],[-15.634406942505203,28.025705159824607],[-15.634174755599739,28.02583260893572],[-15.633250501129845,28.026095981081557],[-15.632576284801894,28.02594468951054],[-15.632218568315018,28.02561674364244],[-15.631768395714625,28.025398700826013],[-15.631313723813852,28.025054299789044],[-15.631094048361893,28.025063397012197],[-15.630836825501058,28.02527660326798],[-15.630673583151482,28.02533035887551],[-15.629474015015203,28.024936939879563],[-15.629170503926735,28.024859759236445],[-15.629006481536578,28.024866865116874],[-15.628822184208955,28.02500334769004],[-15.629407857345614,28.025651311404165],[-15.629732903418992,28.02593248326632],[-15.630026779323352,28.026394896039637],[-15.630296901117289,28.026491789290443],[-15.630434990475996,28.026649678165462],[-15.630770698405154,28.02730342219279],[-15.630747476381822,28.027340503196257],[-15.63101636872967,28.027651673422117],[-15.63108727372155,28.027920278767805],[-15.63103140080383,28.02807666555277],[-15.630793947918933,28.028164414604678],[-15.630056389762947,28.028213005597074],[-15.62940114964079,28.027967731251056],[-15.62912132614137,28.027598979800512],[-15.628743411401782,28.027407613981524],[-15.628340727460511,28.027070909018757],[-15.627800545741731,28.026712299822005],[-15.62742605960072,28.026156929605364],[-15.627104996492857,28.026056580158524],[-15.627126910940358,28.02652385996776],[-15.626832973640008,28.02666687928437],[-15.627087080422799,28.026812750957433],[-15.62719669192946,28.02716192794964],[-15.627607473865242,28.02780088500809],[-15.62769836938299,28.028065799128896],[-15.62765805589357,28.02813097736906],[-15.627265913808522,28.028208738971266],[-15.62728319935072,28.02835467107486],[-15.627214174893746,28.02854925529295],[-15.627289603980493,28.028757469737233],[-15.62717606404485,28.028966393363028],[-15.626807477733832,28.029458275089155],[-15.626631002670674,28.0295964341926],[-15.626236921386338,28.029677668106434],[-15.62595470899539,28.029594750642456],[-15.62565885492346,28.029605052898315],[-15.625362847175492,28.02984572313718],[-15.624588024761026,28.030173387478207],[-15.624289262607943,28.030526236908553],[-15.624574443815225,28.030499394545036],[-15.624957984938433,28.03067790075794],[-15.625328206948398,28.030607620436594],[-15.625668071318916,28.030748328973306],[-15.625792928157402,28.030978994806016],[-15.626297068613418,28.0309260022963],[-15.62661735928773,28.031175130139015],[-15.626868304786571,28.031223092037845],[-15.627332165356941,28.03104823510095],[-15.628116536125717,28.03050122897133],[-15.628155594773883,28.030563237081235],[-15.62811125789769,28.03083265959844],[-15.628130045778342,28.031096882856666],[-15.628550156810135,28.03123679303532],[-15.628753499107065,28.031355875944],[-15.62898669613782,28.03176643749689],[-15.62921027462794,28.031922266040468],[-15.629571315183217,28.032036157062763],[-15.629899514941865,28.03201689674462],[-15.630504309140504,28.03211695759887],[-15.63085423661264,28.03194376706859],[-15.631083657388523,28.031639200387666],[-15.631182976814927,28.03159180401908],[-15.631271151940778,28.031639512545933],[-15.631403429446967,28.03207960028869],[-15.631530787973958,28.03216486119854],[-15.632648824197823,28.032302704302914],[-15.63287836698725,28.032290995327145],[-15.633222890419212,28.032149309683835],[-15.633296939865017,28.032607735772626],[-15.63359352147096,28.032887142429843],[-15.633699395618402,28.033149374300127],[-15.63376175298844,28.033200540240745],[-15.634107464179037,28.033273327066926],[-15.634761359425992,28.033594194156294],[-15.634977822655827,28.033624246546193],[-15.635866715354103,28.03394275819827],[-15.636379465230508,28.03404789490572],[-15.636802034988712,28.034288951100347],[-15.636350340152354,28.034537524632754],[-15.635953832869632,28.034983052777207],[-15.635628789085295,28.035066314042453],[-15.635388341965719,28.035422148921853],[-15.634892985684875,28.035861622758464],[-15.634212385180911,28.036107121719358],[-15.633873969590896,28.036468316876345],[-15.633325266286368,28.036917292903045],[-15.633145671726849,28.037131436345454],[-15.632857502094035,28.037178693252564],[-15.632746161119156,28.037262263000624],[-15.63280102956263,28.037740645641108],[-15.632596737332648,28.03823770708286],[-15.632603849951865,28.03834050920618],[-15.632686923044503,28.038436750964642],[-15.633120570524433,28.038627279548223],[-15.633281611573267,28.039083950165804],[-15.63336346269774,28.03916243211422],[-15.63367966401705,28.039286628786726],[-15.633753083853044,28.039395046599026],[-15.633421325014933,28.040040107004863],[-15.632916744408465,28.040208736034995],[-15.63265136346179,28.040507621725535],[-15.632069304601872,28.040406599819036],[-15.631596544382147,28.040484609659],[-15.631382632004774,28.040398781009305],[-15.63124173989763,28.04041242732335],[-15.6310059718406,28.040653997183874],[-15.63099945607015,28.04090431697772],[-15.631373930388,28.04138977093391],[-15.631949156006927,28.041629905133853],[-15.632034299253469,28.041714438788077],[-15.632027714290148,28.041790638356566],[-15.632296708742059,28.041853112479018],[-15.632534911025667,28.04197902472673],[-15.633151394279285,28.04250507242065],[-15.633821324316155,28.0426363034721],[-15.634497384299182,28.042702238211596],[-15.63553102505324,28.043106560017],[-15.635812235486172,28.04317449513721],[-15.636387635586875,28.043579305942476],[-15.636869727353046,28.043688192942064],[-15.636995205728189,28.043693027233402],[-15.637063989642193,28.043434899194512],[-15.63697417177551,28.043086244474104],[-15.636995661186862,28.043003566484707],[-15.637451757891796,28.04271419567367],[-15.637635886780002,28.042468350225924],[-15.637877072753696,28.042426157870704],[-15.638300911167276,28.042250330332653],[-15.639444711991645,28.042166746902996],[-15.639927174232117,28.042184088479434],[-15.64022777546739,28.042382363293008],[-15.640436881388034,28.04260995022224],[-15.640897045363293,28.042864439355007],[-15.641279035815531,28.043198458021816],[-15.641507835578842,28.0434693707981],[-15.64167952293958,28.043734321419052],[-15.642256720523996,28.044989073724192],[-15.642533285740912,28.04525656575398],[-15.642800738585855,28.045625463114586],[-15.64256229740206,28.046292936912057],[-15.642618366654242,28.04675629706105],[-15.642718363219975,28.046941151753607],[-15.642871163146667,28.04709118612347],[-15.642850548747038,28.047169807759033],[-15.642947643875779,28.04740044230891],[-15.64318935094663,28.047283612595674],[-15.643364101779698,28.04729565746],[-15.64366934743159,28.047433169509326],[-15.643851840153877,28.047651695223298],[-15.64401627473107,28.048124909470666],[-15.6439996231582,28.048479203646956],[-15.644186504308843,28.049321016591872],[-15.64435558598215,28.049608714468253],[-15.644345026770162,28.049815642768955],[-15.64445823980044,28.050216114016663],[-15.644564303458585,28.05036281808336],[-15.645032469737618,28.05060409377328],[-15.645142822892222,28.050575989174746],[-15.645160685035297,28.05045920537409],[-15.644811950238381,28.050036686761224],[-15.644735872941963,28.049746828755197],[-15.64476021423394,28.049530673412846],[-15.645062759316929,28.04905060974042],[-15.645398203169828,28.04884596436479],[-15.645859410270562,28.048873548903515],[-15.646492943502032,28.04882707644633],[-15.6477934952686,28.04901796043199],[-15.648186916690793,28.048923036734877],[-15.648797202430062,28.049129633444444],[-15.6492879461026,28.04898563690374],[-15.650024182759903,28.049104920143016],[-15.650495914296918,28.04903131986354],[-15.650588837813347,28.04917445263942],[-15.650907694815848,28.0494612250299],[-15.65157011977958,28.049943803493882],[-15.651719341245261,28.04999205736652],[-15.651840558212585,28.050552702706256],[-15.651861516642157,28.050957279272186],[-15.651988605807906,28.05136261574548],[-15.652561908717763,28.051857906828545],[-15.652907274032447,28.051962602143977],[-15.652999692944208,28.052422083253113],[-15.653361047837436,28.052730799538143],[-15.65344522191368,28.052903264133562],[-15.653498059131898,28.05319394962503],[-15.653703714230389,28.053461981361984],[-15.653553057330923,28.053428008095086],[-15.65307988464598,28.053148042292772],[-15.652754985140128,28.053234945416232],[-15.652204888136763,28.052833154074293],[-15.651455826863296,28.052673936542643],[-15.651323432197302,28.052556564900442],[-15.651076325663318,28.052159253154386],[-15.650832186956514,28.052301807810867],[-15.650336185223761,28.052230209247725],[-15.65024688136657,28.052137763363618],[-15.650187437970224,28.05189077989912],[-15.650112277593893,28.05186932673448],[-15.649944047350436,28.051670520154843],[-15.649876598541546,28.051963599886555],[-15.649716142680163,28.052160928965737],[-15.64955113100287,28.052118380432297],[-15.649202529890852,28.051898039250194],[-15.649169349412851,28.051926937766037],[-15.649193005550257,28.05215545935344],[-15.649098739539838,28.052236208286086],[-15.64856566685544,28.052196119938003],[-15.648261146958422,28.052345743451642],[-15.647974810725943,28.052409055507173],[-15.648794623564376,28.052530983674085],[-15.649930043541818,28.05286127099725],[-15.649977673085601,28.052984678013107],[-15.649815944137565,28.05338002733166],[-15.64982594575625,28.05347299319352],[-15.650512076468612,28.05340403780995],[-15.650598039143796,28.053485513581403],[-15.650648249374575,28.053712898003614],[-15.650748655453638,28.05381367696412],[-15.651539916638379,28.05416969203689],[-15.652079061257062,28.054644330824186],[-15.652540593711219,28.054829320115545],[-15.652626400391313,28.05499572937816],[-15.652836671687071,28.055198954357856],[-15.652857551216508,28.05525951582989],[-15.652817156008602,28.055310258495822],[-15.652117347778542,28.055299718371376],[-15.651939386628937,28.055324538834906],[-15.651892023872566,28.055377480768733],[-15.652217019924613,28.05584490280246],[-15.652299527524963,28.05637500346356],[-15.65266078666997,28.05675357184224],[-15.652668433501598,28.056995311821886],[-15.652541086914589,28.057152190654588],[-15.652382789420534,28.057168108024193],[-15.652012247904041,28.05679261605507],[-15.651784560204314,28.05670169491003],[-15.65156595301126,28.056736240245407],[-15.651347180967166,28.056885265102306],[-15.651355236680933,28.05753969481497],[-15.651258883266545,28.057784473775804],[-15.651121709004967,28.057891524332923],[-15.650186792776008,28.057327576104438],[-15.649998572266897,28.057325578627673],[-15.649862359617227,28.05752495950803],[-15.649816308186784,28.058314055898684],[-15.649782507127536,28.058463412379183],[-15.649706221899159,28.058548409532936],[-15.649565734761254,28.058170811208814],[-15.649236058920982,28.057801094199814],[-15.648982661567134,28.057631232418988],[-15.648471338723152,28.05739793786599],[-15.648324149083155,28.057420153043196],[-15.648173460591325,28.057541030516923],[-15.647957451417007,28.057551149140917],[-15.647809575389482,28.05778481306138],[-15.647564873869465,28.057734405685135],[-15.647519365290298,28.0574758010791],[-15.647412045505652,28.057389648907773],[-15.646929873139143,28.057534185421968],[-15.646720939882302,28.057499062053036],[-15.646494568859781,28.05729779011463],[-15.646668901271743,28.05683247201981],[-15.646717482509583,28.056407906692634],[-15.646676568081666,28.056178599463312],[-15.646500221645011,28.056177841117687],[-15.64637545119991,28.05628362801104],[-15.646239935021956,28.056181810532486],[-15.64611674130257,28.056163325449646],[-15.645486625391802,28.05631895192496],[-15.645019026643215,28.056108926760167],[-15.644940924258066,28.055915386718755],[-15.645209568443702,28.055562716380734],[-15.645051032219625,28.05543276067653],[-15.644923504960024,28.05539725207147],[-15.644718990538262,28.05555621937156],[-15.644561698654952,28.055471012642073],[-15.644462027270672,28.055328936622875],[-15.644400917071364,28.055100869816886],[-15.644211667241452,28.05492555261662],[-15.644105042588157,28.054627370555053],[-15.643949201967104,28.054457538069133],[-15.643795211332684,28.054379536465596],[-15.643460312399853,28.05437828977236],[-15.643042227855377,28.054091116395984],[-15.642449532115576,28.054094071127277],[-15.641925855493675,28.053742394518665],[-15.641560785285392,28.053574304438346],[-15.641551252479632,28.053134016325206],[-15.64124928254516,28.053139308317164],[-15.640944475200126,28.053215203328158],[-15.640598015403008,28.052787319540155],[-15.640504439671984,28.05292564209477],[-15.640546818730785,28.053100629686693],[-15.640505382496363,28.053948341523895],[-15.640207057315715,28.054053993490314],[-15.639907860341433,28.054012510239115],[-15.639790788281513,28.0539343410804],[-15.639653521839353,28.053916926728082],[-15.639379857201016,28.053977237209207],[-15.639108368477581,28.054130243397495],[-15.63901655044219,28.0541240810565],[-15.63896201298774,28.0541072739725],[-15.638875174962337,28.053945193604907],[-15.638878589919045,28.053421255756074],[-15.638690894035177,28.0534621180853],[-15.638192012922936,28.053395381610045],[-15.637388728388206,28.053387196915363],[-15.637087452264646,28.05348965127228],[-15.637058998506577,28.0536961746317],[-15.63672083111313,28.054134636626028],[-15.636114903610903,28.054614210300194],[-15.635858469137746,28.054718954719476],[-15.635512554199076,28.054754930545627],[-15.635236459642162,28.054870019372203],[-15.635173548365664,28.054858467076205],[-15.635018991979964,28.054672839311056],[-15.629765945227883,28.054670121907506],[-15.6301032270859,28.056109487450623],[-15.629845566681423,28.05697969084836],[-15.629505733672818,28.057858665487455],[-15.629493885211081,28.05797327136518],[-15.629613541111496,28.058233420054947],[-15.629733029472687,28.058779000423336],[-15.62966942835156,28.05925004566637],[-15.629440398915683,28.059813923847237],[-15.629431259363287,28.06018046743445],[-15.629513697205192,28.060524989753773],[-15.62999811252098,28.06090876763287],[-15.629991012159257,28.060965037868936],[-15.629632339526868,28.061441859762414],[-15.629520058264758,28.061801826211454],[-15.629337085202964,28.06179360202833],[-15.628772185185145,28.061638760925984],[-15.628459176442428,28.06165044861901],[-15.628263001485127,28.061713307171857]]]}},{"id":"28","type":"Feature","properties":{"categoria":"Paisaje Protegido","nombre":"Tafira","codigo":"C-24"},"geometry":{"type":"Polygon","coordinates":[[[-15.455235808437319,28.063803399156086],[-15.455222626252752,28.063954664068103],[-15.454421010206648,28.06418758176929],[-15.454201915879336,28.064353357431315],[-15.453900397001963,28.064355807981023],[-15.453782319679277,28.063767201062753],[-15.453148971374691,28.062304734338255],[-15.453194799775689,28.061895837914395],[-15.453584939181003,28.061280709654078],[-15.453886715190373,28.06090548664806],[-15.45420934182315,28.060344308805494],[-15.454446440897714,28.060164282976096],[-15.454873098009864,28.060182224181077],[-15.455086948398474,28.060029987342425],[-15.455085091496995,28.05968575562871],[-15.45501880326316,28.059409927840488],[-15.454873326339358,28.059226077297243],[-15.454916612212129,28.05906588411691],[-15.45481508530703,28.058903643094567],[-15.454836439953054,28.05873088469],[-15.454686942909886,28.05853449962271],[-15.454497826003376,28.05850855909642],[-15.454597736966184,28.058432030927698],[-15.45464405320817,28.058218116765804],[-15.454825186239386,28.058083194226306],[-15.4551907510456,28.05760392772019],[-15.453941282571359,28.057350377503287],[-15.453520052777376,28.057175425713204],[-15.453459262849512,28.057076085045907],[-15.45328079726006,28.055726676748325],[-15.453186627023124,28.055410137553398],[-15.453194967151724,28.055215089288797],[-15.451886410988266,28.054384867306066],[-15.450999594666488,28.053917373080814],[-15.449553721541678,28.05341457597857],[-15.448752857330172,28.052783558100895],[-15.448575954655155,28.052525311826216],[-15.448323032507826,28.05175919756017],[-15.448336595888147,28.051575145396086],[-15.44853451454894,28.051170375042137],[-15.44849362194399,28.050932915976038],[-15.447861676936434,28.050588483001434],[-15.447331952913997,28.05047943820722],[-15.447164845862043,28.050383501015446],[-15.446749206352198,28.04963408971685],[-15.446602183420485,28.0491580735499],[-15.446401373109818,28.048902944113234],[-15.445505242258482,28.048173288286364],[-15.443762157740611,28.047030388536825],[-15.443389872296471,28.046681195582693],[-15.442741041636806,28.045860740619464],[-15.44239450830182,28.045198907983266],[-15.442244843071403,28.044190089331604],[-15.442268082228816,28.04350366688878],[-15.44214871684044,28.043295200431768],[-15.441955567011323,28.0431167245732],[-15.441653808961565,28.04297152851249],[-15.441330887595994,28.04298556544079],[-15.440551402939985,28.043260902490974],[-15.439891525129578,28.043360943230926],[-15.439752288222612,28.043468847562455],[-15.43969230610678,28.04364568169906],[-15.438953977061368,28.04278779742687],[-15.438356524004622,28.042303831118584],[-15.43708667261819,28.042086749981042],[-15.436016330310986,28.04143687878195],[-15.435420867826139,28.041199585633553],[-15.4352240270131,28.041071085844127],[-15.434720808006968,28.04122852311858],[-15.43462124065625,28.041197784970212],[-15.434638640859772,28.040504737662832],[-15.434842785895272,28.040264042981892],[-15.43487922886992,28.04013726839503],[-15.434637028158416,28.03918712930884],[-15.434496124210032,28.03821664716905],[-15.434268354208308,28.037559463162562],[-15.434134922936543,28.03749113448152],[-15.43381860198796,28.03719893344171],[-15.43360555640907,28.036842854909153],[-15.4335472217295,28.036630288229773],[-15.434013370805147,28.036326516687627],[-15.434808409480317,28.036061404241796],[-15.435003654923188,28.035947423783753],[-15.43502419129366,28.03590834361222],[-15.434506982646761,28.034889727950613],[-15.43486018979762,28.034511638471603],[-15.436613915319388,28.033409093419923],[-15.437427836443947,28.033140890865834],[-15.43783314067802,28.033128297912967],[-15.43763316314037,28.03294070183457],[-15.43757677449443,28.03283336860166],[-15.437589587623389,28.03260566416559],[-15.437270963038152,28.032129866800688],[-15.43716963249932,28.032053639386014],[-15.43672246669129,28.03191712726865],[-15.43580699943439,28.031750505019236],[-15.435644797639862,28.031665442420554],[-15.435560251121688,28.031184023900792],[-15.4355982083783,28.031060322432108],[-15.435592840234731,28.030409304242525],[-15.435559907723768,28.03032806534634],[-15.435248906176339,28.03034478513101],[-15.435284209237807,28.030021574923037],[-15.435209320616167,28.029649028535314],[-15.434800720749273,28.028747321964712],[-15.434704562679867,28.028635545567287],[-15.434370855036091,28.028466205096393],[-15.434152967908254,28.028238227875807],[-15.433955201248773,28.028156660721233],[-15.433344353092316,28.02751283380525],[-15.432930470504877,28.027318863852237],[-15.432726283304344,28.026974310067473],[-15.432507119216426,28.02630309363304],[-15.43202479041789,28.02596417118467],[-15.431994706802394,28.02580814173617],[-15.431882131043938,28.02561884484467],[-15.431576549012288,28.025356222043005],[-15.431792071295549,28.025035190546426],[-15.431776123813002,28.024872896918904],[-15.431994744171211,28.024599509531548],[-15.43203172649643,28.024404407452906],[-15.43230146455498,28.024210306548333],[-15.432449472428381,28.024020632395846],[-15.432854973009858,28.02375013085513],[-15.432919133907713,28.02367684516762],[-15.432879777075284,28.02355763060055],[-15.433226086130228,28.023179322950384],[-15.433748990818136,28.021380183779478],[-15.433842437893547,28.021304783140682],[-15.43396641246364,28.021292836996405],[-15.434075358954578,28.02134853331137],[-15.434127779389593,28.0214732399302],[-15.43514216403417,28.020589490070186],[-15.435418726967303,28.020689708881203],[-15.435526787711277,28.02076793855593],[-15.43582330148981,28.021164191978915],[-15.436141660000478,28.022174373134053],[-15.436270348211888,28.022241406284664],[-15.436704305532,28.022210428032732],[-15.437005798149196,28.02230595149966],[-15.437362463465233,28.022586815065004],[-15.437449103431142,28.022720248998766],[-15.437508760088416,28.022957923685567],[-15.437502111151515,28.023205486516034],[-15.438256962991769,28.023261378407074],[-15.438439697856573,28.023320103688487],[-15.43923699811656,28.023412793713124],[-15.439562204527412,28.023509788375474],[-15.44027736031932,28.023289313571944],[-15.440938032106278,28.02325442687075],[-15.441202031302966,28.023284181464927],[-15.441636100599192,28.023210209160684],[-15.442324886049045,28.022910911491163],[-15.442865954545878,28.022783782249025],[-15.443037146158321,28.02285517656806],[-15.443374096365897,28.02316146314372],[-15.443921202665898,28.02316709912946],[-15.444425803027428,28.023399450974253],[-15.44491080169443,28.023510287239056],[-15.445901959013662,28.023292012787817],[-15.446788773143629,28.022997665009786],[-15.447300318866654,28.02271868801966],[-15.447860136121157,28.02254181096469],[-15.448435796439862,28.02226088760426],[-15.449380603957339,28.021982510518264],[-15.449764216649934,28.0217836701438],[-15.450167712179502,28.02171374295786],[-15.450607059497967,28.02145434433649],[-15.451489321672515,28.021324058089288],[-15.452205791862228,28.021359399641074],[-15.452738566082513,28.021301749651084],[-15.453198481417521,28.021092682423053],[-15.453643377569838,28.020683911328323],[-15.453947098301418,28.020532119578917],[-15.45451971639916,28.02035185126367],[-15.45526092550332,28.020233706455002],[-15.455360215181022,28.020124330012425],[-15.455396921886335,28.019927272935693],[-15.456509872727674,28.019912675810716],[-15.45656992354003,28.019988313079175],[-15.45654936255975,28.020091353627777],[-15.45628534217843,28.0202583292726],[-15.456218761628145,28.020390427357608],[-15.456312129893906,28.020570506110428],[-15.45654015324957,28.02064760763144],[-15.457390764869373,28.020387244905596],[-15.45784532688315,28.02034413439104],[-15.458259578913582,28.020390705708664],[-15.458647342300619,28.02025479994247],[-15.459233347026547,28.020170235970888],[-15.459290752894924,28.020070375836514],[-15.459664695121354,28.020019584867395],[-15.460293391415693,28.0197772873781],[-15.460725344589267,28.019470795976407],[-15.461398709908309,28.019213755900918],[-15.461564818859298,28.019356043085345],[-15.462017113428482,28.019426595762347],[-15.462227948068136,28.01951818899775],[-15.462991383764768,28.01969598984129],[-15.463261716271619,28.019708890340237],[-15.463649261210664,28.01963329037669],[-15.464034813732953,28.01935408968834],[-15.46424723698478,28.01928446840126],[-15.464652939626294,28.01927342933141],[-15.465241163274166,28.019099283431437],[-15.465905134592505,28.019035559594155],[-15.466584608343297,28.01906641105922],[-15.46726278315102,28.019173298870463],[-15.4673382644665,28.019240059437838],[-15.467423104799632,28.01945296401239],[-15.46745145260623,28.019963530792914],[-15.467656330543853,28.02008307478552],[-15.468002320556145,28.019882975792832],[-15.468465499082493,28.019839205069264],[-15.468604427158573,28.019786374247495],[-15.469129308170354,28.019413623851648],[-15.469359628514336,28.019080640116385],[-15.469749041600512,28.018987016579263],[-15.470410620848126,28.018710763150317],[-15.470586166605997,28.018496562906517],[-15.471136649354966,28.01816620779527],[-15.471897587157184,28.01805701421696],[-15.472448374671806,28.017914443630453],[-15.472924078820846,28.017685333647233],[-15.473464724488055,28.017531816950353],[-15.47369118813897,28.01740002630765],[-15.47439509968592,28.01718782669849],[-15.474720709228592,28.017142108556133],[-15.475454440733122,28.017323454329564],[-15.47602230475649,28.0176240861197],[-15.47619210530688,28.01782021645007],[-15.47596222555387,28.018062929951117],[-15.476028684126737,28.01837149876245],[-15.47629145565468,28.018391097942477],[-15.47648268712295,28.018463960805235],[-15.477035189752295,28.01895152049522],[-15.477529310875234,28.019105260150326],[-15.477911177768984,28.01901593666333],[-15.478318270011282,28.019062183523037],[-15.478699543262564,28.019195314625467],[-15.479038920733403,28.01922103286313],[-15.47941937541836,28.019407876016782],[-15.479696932834631,28.019311003669557],[-15.480176920349882,28.01924244576006],[-15.480922181271668,28.019179177838485],[-15.481055567544049,28.019208500426853],[-15.481284557521379,28.019957272380218],[-15.481191764663308,28.020140016784318],[-15.48085054397602,28.020439709933783],[-15.481650871535903,28.02053098771843],[-15.481886695110324,28.02038210770816],[-15.48207055380929,28.02033279785714],[-15.482342745290193,28.02045619099102],[-15.482575829567457,28.020496256427194],[-15.482909147824707,28.02038487385912],[-15.483125521563842,28.020400443394543],[-15.483416107463986,28.02030553982353],[-15.483885020482889,28.02023498583982],[-15.484202346712292,28.020307998653255],[-15.484332078264318,28.020718057424034],[-15.484524830592196,28.020987649020725],[-15.484646480472328,28.02128032962467],[-15.484732736154623,28.02171043694864],[-15.484684756348063,28.022217747922742],[-15.484730684133774,28.022342430539332],[-15.484846846781988,28.022454317709716],[-15.485170431508921,28.02251265515865],[-15.485361530447484,28.022661902197555],[-15.486074034750475,28.022974384008375],[-15.486330510509116,28.023183771551373],[-15.486718233520754,28.023261837206732],[-15.487271555229938,28.023463816210146],[-15.487588733515683,28.02345850261762],[-15.488058024449716,28.023358838699295],[-15.488008501924385,28.02510196347603],[-15.48768488802346,28.025052741243993],[-15.487543174202852,28.024947257152174],[-15.48714383014906,28.02492405656566],[-15.486788189278196,28.02496889960938],[-15.486706064867143,28.02486264386087],[-15.486172531249998,28.024587798276126],[-15.485689815851401,28.024578781064488],[-15.485422725985826,28.024543589396743],[-15.48533357093649,28.024488839097412],[-15.484543287105899,28.024614486567433],[-15.483909482849874,28.02465470591377],[-15.483505916905095,28.024674325064865],[-15.483241095180794,28.024595673813867],[-15.482518569234102,28.024815007217498],[-15.482386343594275,28.0247601534675],[-15.482324252671026,28.024815698420976],[-15.48230387008037,28.02498995659221],[-15.481979151378084,28.025176250446847],[-15.481342418119397,28.0251764602182],[-15.480732088069976,28.025399877689846],[-15.480745035301773,28.025680890694723],[-15.480653507450594,28.025888617181376],[-15.480679318085093,28.025982986312236],[-15.480740725420693,28.02604113159419],[-15.481185981939769,28.02615569754816],[-15.48129078621053,28.026334852126926],[-15.481090812914655,28.02650991052097],[-15.480722662502027,28.026703773740042],[-15.480667810590006,28.026859592548234],[-15.480416830751352,28.027083348954424],[-15.48043304239399,28.027254265232905],[-15.48046155855423,28.02742179846071],[-15.48072767042574,28.027372988070056],[-15.480836546459205,28.027406115652425],[-15.48122497002556,28.027607106961987],[-15.481209958581193,28.027713200667908],[-15.481824418687244,28.027889106597392],[-15.481879819527055,28.02797557230086],[-15.481969639558802,28.02848077380397],[-15.482131044104735,28.0286493479608],[-15.48227960739339,28.028675691185004],[-15.483425788758122,28.028593380557318],[-15.483596197131694,28.028663688616323],[-15.48356832410467,28.028873368405073],[-15.483149064555597,28.029063608525338],[-15.48248333639727,28.02964801385946],[-15.482190376696053,28.0303117020444],[-15.482153712330069,28.030558233826646],[-15.482182489183307,28.030806269146993],[-15.482495451644343,28.03141554529912],[-15.482599457747769,28.03196142643391],[-15.48269655323973,28.03208920662957],[-15.482797777194195,28.032120761678506],[-15.483889547347676,28.032093233834576],[-15.484678133797447,28.032225797142335],[-15.484871149678785,28.032181632695565],[-15.48512174982113,28.032020138388162],[-15.48521828987493,28.03202341733826],[-15.485294082876583,28.032118899814286],[-15.485279246557518,28.032476433338275],[-15.485373899337926,28.032639443864678],[-15.485576968516893,28.032767849558716],[-15.48597903668312,28.03287923927132],[-15.486184128907608,28.03298668506405],[-15.486206147341118,28.03310504232229],[-15.48604069856347,28.03327101269902],[-15.485609311258722,28.03348196619035],[-15.48513418869615,28.033632257397176],[-15.48500793523965,28.033863796181976],[-15.485008201873702,28.03395956343871],[-15.485095575432293,28.03413257472437],[-15.48541015760552,28.034407755157442],[-15.485499399898062,28.034597956131577],[-15.485526815474712,28.035229745082],[-15.485336673924468,28.035697955909843],[-15.48549118613421,28.0361406660975],[-15.485706162560236,28.036417948927298],[-15.48609118260771,28.03671714333804],[-15.486366082787075,28.036817273517624],[-15.486898186570999,28.03691909158871],[-15.486941700055871,28.03703881679276],[-15.486870204485232,28.03717585731907],[-15.486503404890643,28.037454025912766],[-15.48651849248529,28.037700465524413],[-15.485460151261353,28.03830189159896],[-15.483607614390522,28.039049692289943],[-15.483146022797335,28.039533867339433],[-15.482892326301096,28.03988139869141],[-15.482584955140837,28.04013451450787],[-15.481577470941168,28.04071563794068],[-15.480623366805137,28.040970870764152],[-15.480505707968849,28.04113031219581],[-15.478588432532696,28.040097114457446],[-15.478556264390742,28.039748249100683],[-15.478101209826283,28.039406371717458],[-15.478055855125968,28.039310048246158],[-15.478037047404163,28.03895885236689],[-15.478119044423465,28.038395990967818],[-15.477875023843058,28.0382102324436],[-15.47775396784873,28.037706870707346],[-15.477618176465125,28.03744202821571],[-15.47747623665872,28.037259226924096],[-15.47725597745558,28.03714531236456],[-15.477184924713747,28.03701658939755],[-15.477138320275293,28.03634138174738],[-15.477182774821767,28.036012786282107],[-15.47699742687737,28.035509493504595],[-15.477051013328168,28.035221461093347],[-15.477010293140165,28.034994264613644],[-15.477111778509029,28.03446210008276],[-15.477149654408851,28.033601724226607],[-15.477340892625259,28.033148839446433],[-15.477685204372623,28.032572653996365],[-15.477899172614613,28.031665302325315],[-15.478285576436095,28.031342774274737],[-15.477917153630052,28.03046659699603],[-15.477924992619709,28.030177703133248],[-15.477884009331492,28.030111984095893],[-15.477504722062157,28.029921052992464],[-15.476907799717626,28.02994912416455],[-15.476831792705097,28.030024646744746],[-15.476838104781047,28.030090332971106],[-15.477039480763871,28.03031799205183],[-15.47597372680298,28.029706826433888],[-15.475896582026905,28.02970882685087],[-15.4756976308173,28.029846727454515],[-15.475524827932466,28.029675314531662],[-15.475976727891883,28.029205054617737],[-15.475891691068517,28.029040984018494],[-15.475881078274938,28.028880898351897],[-15.475622797097381,28.02897675756464],[-15.47493637639011,28.029667663751834],[-15.474286092640652,28.030073167874967],[-15.473753438762438,28.0303232864197],[-15.473005850950154,28.03058959737728],[-15.47134049810554,28.030793771855702],[-15.469845315988303,28.031831302660727],[-15.469681008883597,28.031886026951774],[-15.469257112954354,28.03187423264845],[-15.468624956211272,28.03298237971522],[-15.469188143011781,28.035579011572167],[-15.46931135561912,28.035527009982673],[-15.469603066167403,28.035229058318627],[-15.469939175636027,28.03443525908437],[-15.470307374753025,28.034134444464456],[-15.470727751444109,28.03397138390687],[-15.471168044297594,28.033662953863807],[-15.47168778372952,28.033096436223943],[-15.472877250432502,28.033512648291403],[-15.473190574462265,28.033965821208113],[-15.473226772486807,28.034351911102334],[-15.472873758624436,28.03495959286533],[-15.472580364869435,28.035615173928335],[-15.472586548139265,28.035838157593123],[-15.472797966466667,28.036058557451796],[-15.473419295400126,28.0364617063958],[-15.473935618184028,28.037460117067422],[-15.474038473762398,28.037529090119552],[-15.474229797337989,28.037504165016802],[-15.474413111133755,28.03758297033892],[-15.47457185870621,28.03770201270588],[-15.474847863644094,28.038092626320086],[-15.474960787361221,28.038341085262825],[-15.47498214691006,28.038571391333438],[-15.475252201087416,28.03890352017636],[-15.475294804902223,28.039337538811715],[-15.475413652622862,28.039525892635844],[-15.475434360012839,28.040014871547623],[-15.475480488306257,28.04013950210695],[-15.47593490393831,28.040952260370204],[-15.476112746648397,28.0409884654878],[-15.476213257382616,28.04107837873335],[-15.47620812781933,28.041322876604102],[-15.476048889997292,28.041496224688334],[-15.47572236366957,28.041724693597374],[-15.47568103968484,28.04180427490393],[-15.475797079617525,28.042241640646857],[-15.47579983571284,28.042461033963257],[-15.475439946387512,28.042692352962714],[-15.475266394310498,28.042873648362537],[-15.475169358766516,28.043204293466868],[-15.475104588366726,28.04328308910079],[-15.474934679844582,28.04333062646284],[-15.474804297450387,28.043296702149473],[-15.47431238455866,28.042898457458357],[-15.474141346252537,28.042873916606837],[-15.473683789673114,28.0431824245861],[-15.473618460275699,28.043356836153787],[-15.473468405428036,28.0435144966596],[-15.47271884131982,28.044047833812648],[-15.472826101917601,28.044266632779678],[-15.47322130241527,28.04478261293542],[-15.473803956940017,28.045306069730213],[-15.47415763002034,28.045549997231717],[-15.474422134976471,28.04589165189519],[-15.474022103130505,28.046090707712814],[-15.473600055011726,28.04610472932449],[-15.473156461443027,28.046482515236608],[-15.473044543886694,28.046613892461814],[-15.472548878234345,28.047523937927348],[-15.47212623067181,28.0478493546749],[-15.47114701485696,28.048264351379643],[-15.47004503940619,28.049427924275683],[-15.46987009935938,28.049917112622076],[-15.468699585702577,28.049058359819877],[-15.467618841132488,28.048158985311368],[-15.467426624088203,28.048391454671332],[-15.46689816496268,28.04880330665221],[-15.466336006867973,28.049376656904006],[-15.46626339487298,28.049479811978664],[-15.46615878741452,28.05002541079545],[-15.466080029990891,28.050185421022075],[-15.465778217677133,28.050455225787612],[-15.464668469725325,28.05104133903675],[-15.46363647059072,28.051727417423763],[-15.463322517143308,28.05228165543804],[-15.463245149192723,28.052539296060697],[-15.463262031976313,28.05272252458954],[-15.46337253515443,28.053011739929776],[-15.463384588298263,28.053468685234197],[-15.463002855889922,28.05394125763142],[-15.462695479131314,28.054170497752672],[-15.462561572021816,28.054199654928563],[-15.46198482485362,28.054776006403525],[-15.46155771813069,28.055524783961577],[-15.461331239693854,28.056037478614115],[-15.460785750687233,28.056703151093703],[-15.460473509910454,28.057651723739507],[-15.460534075345265,28.05784722723599],[-15.460405305557082,28.05792261975111],[-15.460081298410744,28.058303275495007],[-15.45980017729766,28.058551630749395],[-15.459185977486818,28.058877071433216],[-15.458895860461961,28.059313073285548],[-15.45881108643078,28.0597761196247],[-15.458935607997656,28.060463059621448],[-15.458915949121131,28.061234830208893],[-15.4588176436654,28.06155031127482],[-15.458837792799592,28.0618474867729],[-15.458665798312403,28.062294358984296],[-15.458405925556777,28.06275221243279],[-15.45831573489044,28.062755113325885],[-15.458094308096808,28.063141488006433],[-15.45783080273449,28.06332912765601],[-15.457893751147218,28.063407723896113],[-15.457867334040376,28.063448731627094],[-15.45767144045994,28.063636569743142],[-15.457146901154708,28.063962135743346],[-15.456841606914992,28.06400041563123],[-15.456415624333218,28.063798913322398],[-15.45611928722929,28.063953285835435],[-15.455763743999343,28.063982549747802],[-15.455235808437319,28.063803399156086]]]}},{"id":"29","type":"Feature","properties":{"categoria":"Paisaje Protegido","nombre":"Pino Santo","codigo":"C-23"},"geometry":{"type":"Polygon","coordinates":[[[-15.496016027006515,28.09335852142029],[-15.495787975651087,28.093385767704476],[-15.495638648746157,28.09349694197857],[-15.494713508113037,28.094657044066555],[-15.49328431406229,28.09543647990366],[-15.492749861289477,28.09559814207664],[-15.492362658980014,28.09558956646832],[-15.491595369636658,28.095051836299607],[-15.491014504890275,28.094065298859515],[-15.490803560072468,28.093338008966686],[-15.490737129528249,28.09323927468602],[-15.490524820416292,28.093111200728185],[-15.49010670774439,28.093139559296738],[-15.48930466052711,28.093550297609607],[-15.48847295107169,28.093566693505064],[-15.487344376640714,28.094219007477566],[-15.487346925731275,28.093931497791502],[-15.487786444431258,28.093305412469565],[-15.487956455863172,28.092976505253556],[-15.488737106684518,28.09224421025069],[-15.488369425161062,28.092351532515302],[-15.48817263713878,28.092341256025883],[-15.48775637590404,28.092073867509367],[-15.487790606447225,28.092028466416284],[-15.48774370659311,28.09195757266006],[-15.487304069849946,28.091546637326825],[-15.487027710529976,28.091492743496687],[-15.486887228101494,28.090314740772936],[-15.4857234323299,28.09032355968237],[-15.485481598939813,28.09052878679209],[-15.48521203723453,28.090487277333658],[-15.484703759449937,28.090640582975393],[-15.484292943647198,28.090582960968067],[-15.483544532112237,28.09060668764785],[-15.483140741670416,28.09055842550282],[-15.483088374364998,28.09057507513821],[-15.483080600054299,28.090730222452766],[-15.482944073713929,28.090646932527786],[-15.482747377001528,28.090729084366703],[-15.482651223374203,28.090714690580572],[-15.481962571291657,28.09037610740882],[-15.481694718220519,28.090165166284187],[-15.481402968680351,28.089822442038372],[-15.48116652727855,28.08946479112874],[-15.48115347900424,28.08931433871545],[-15.480977132450587,28.088960665219332],[-15.480886982677942,28.088522918815436],[-15.478816443429935,28.089523067012067],[-15.478613610126663,28.089963786919082],[-15.478235358097695,28.090458774551358],[-15.47810545155008,28.090729161730106],[-15.478097058059786,28.090415349188913],[-15.477761291305816,28.09017054195727],[-15.47691104750286,28.09014279003867],[-15.476628098606518,28.089876375316212],[-15.476250208634292,28.08971736789058],[-15.475793529010993,28.08938142350443],[-15.47563396845282,28.08902176306581],[-15.475103814253439,28.086496461771368],[-15.474839581826942,28.086085293368882],[-15.474965063281244,28.08609008573266],[-15.475077924273863,28.08601645890156],[-15.47529617612905,28.086022058123365],[-15.475496054609895,28.08584949137566],[-15.475575959413325,28.085725580533353],[-15.47569469981227,28.085064689655706],[-15.476582963387736,28.08437619563481],[-15.476424865599144,28.084014734357872],[-15.476330036887841,28.083625547965493],[-15.475796690948902,28.08348147654684],[-15.475459296365724,28.08323070198837],[-15.47538812134545,28.083108542260725],[-15.475427093041816,28.0829211869773],[-15.475406073750394,28.082581176051615],[-15.47561471035715,28.082101642198122],[-15.475914434356122,28.08178264454887],[-15.475716446052418,28.0815046399536],[-15.47569306324048,28.081372132195572],[-15.47575769067897,28.08114505924834],[-15.476013567178592,28.080821997746956],[-15.476132188267522,28.080800390818307],[-15.476437868133093,28.080953403062],[-15.476436044998486,28.080722498315794],[-15.476294503396291,28.08045810084375],[-15.476489149437768,28.079397869980827],[-15.476433863193371,28.079077295848258],[-15.479455885123373,28.08023101300584],[-15.479665715312656,28.07974340773399],[-15.479931176169615,28.079455059506127],[-15.480343588294772,28.078856678204023],[-15.480779607051518,28.07857798597942],[-15.481043222281983,28.078607681895242],[-15.48124123867306,28.078501985455485],[-15.481503969150976,28.0785113186424],[-15.481657007139537,28.078690310924376],[-15.481937086887648,28.078833182209447],[-15.482430275195561,28.07888590042001],[-15.482836685982848,28.0790611118341],[-15.483321763509212,28.07919329307782],[-15.484045907241532,28.079295309889545],[-15.484353633177802,28.07950133997927],[-15.484514796593563,28.07953913590586],[-15.484451932016274,28.079320073648883],[-15.484613987352585,28.079098610520877],[-15.484623829262977,28.07897842623129],[-15.4844286672465,28.078739809124208],[-15.484500197168853,28.078531213163398],[-15.484308476678212,28.078174690910643],[-15.484289353558392,28.078043288958717],[-15.484550117529812,28.07807047869451],[-15.484922513224278,28.07799161236301],[-15.485053018385921,28.07786158646895],[-15.485081213732187,28.077685568373226],[-15.485226528225075,28.07740227505555],[-15.485919894654234,28.076789297338387],[-15.486424560035177,28.076540241718064],[-15.487169151674903,28.076377416460097],[-15.487737563469615,28.076398506878252],[-15.48812925470705,28.07651930405225],[-15.488463653396934,28.076830521220607],[-15.488920367907944,28.07742915521818],[-15.489328941844098,28.077640447734876],[-15.490374431456733,28.0779037713175],[-15.490613945677756,28.077892949517622],[-15.491476019393527,28.077673794672386],[-15.491780187555243,28.07723969754458],[-15.491780888997974,28.077107684043256],[-15.491608779556271,28.07678910555274],[-15.49159916912586,28.076645438998497],[-15.491615809151973,28.07640171330111],[-15.491747531072757,28.076219256890905],[-15.492064622424822,28.076120773162042],[-15.492977955300555,28.076075899255734],[-15.493434857798983,28.075998286093082],[-15.493613437234474,28.075914604504835],[-15.49387123276588,28.07563390301583],[-15.494345744340261,28.075277180545402],[-15.494681793224188,28.07508807258551],[-15.49593391575654,28.074744562817763],[-15.496335115154764,28.07441800487373],[-15.49666177291683,28.074312678652664],[-15.495832786108876,28.072506671747895],[-15.496214036357019,28.072130483452902],[-15.496437947926571,28.07170837410853],[-15.496491471900809,28.07148531259232],[-15.496462576875066,28.070938018985938],[-15.496390755303562,28.070829087961343],[-15.49606728445588,28.070633405202894],[-15.496029888892833,28.07053922608653],[-15.495819254736267,28.07055471012123],[-15.495667560127186,28.070639895253613],[-15.49503718498167,28.071059723654308],[-15.494741233552805,28.071343661185388],[-15.49451909904981,28.071461722551927],[-15.493759142179924,28.071543896012056],[-15.493163319044466,28.071732626357672],[-15.49301567165296,28.071693076789103],[-15.492404589911528,28.071883844603178],[-15.492224073174729,28.072001211358984],[-15.491696000613757,28.071938741349467],[-15.491019982878763,28.07221865173197],[-15.49085523815081,28.072201548001782],[-15.490788077511253,28.07224827728679],[-15.49066011158698,28.072634016863937],[-15.490832815882053,28.07244967254423],[-15.490842409688584,28.0726974839973],[-15.490968122174506,28.072769828258092],[-15.490977638138656,28.07282136556243],[-15.489874281271918,28.073220609825622],[-15.489206258073542,28.07334951498344],[-15.488941688516062,28.07328648320245],[-15.489028798791184,28.07317698208171],[-15.488692466094774,28.073164865089545],[-15.488641911081874,28.0729007340032],[-15.488660897207946,28.072674801404105],[-15.488179258111886,28.072631741198684],[-15.487750879897476,28.072533028050316],[-15.487637520259385,28.07256331927341],[-15.487246663288733,28.072985005254413],[-15.486608823831816,28.073271953035196],[-15.485191033558896,28.073681662267564],[-15.48464492012856,28.07372302162217],[-15.484290712940343,28.073606126185304],[-15.483834739239791,28.07316346038422],[-15.483156472685302,28.07278787911742],[-15.482754788661607,28.07239902717516],[-15.482289470011295,28.072153827982333],[-15.482029105530472,28.072192294961145],[-15.481451823820443,28.072441011475334],[-15.481157457983551,28.07249129508581],[-15.48072470928078,28.07246551361796],[-15.479847556739978,28.072145343066367],[-15.479455055695192,28.072056588779247],[-15.479019353126622,28.072066487037457],[-15.478412454937875,28.072174039276156],[-15.47815269898586,28.072350285320475],[-15.477395659393455,28.073193517006974],[-15.477075272315654,28.073431788955446],[-15.476414673989476,28.0737711886446],[-15.476359124352804,28.073950766489546],[-15.476344113576731,28.074387004432946],[-15.476031444854788,28.075121516858534],[-15.475882739437495,28.075298817758384],[-15.475134638519808,28.075855307691537],[-15.474941752822927,28.07608419648932],[-15.473841561860691,28.075118117510492],[-15.473429846242873,28.07451090001966],[-15.473364639376252,28.07416030756647],[-15.472794891432732,28.073421757080332],[-15.472301471645045,28.073155831443636],[-15.47186806789708,28.073134059394537],[-15.471609080256517,28.073265516435846],[-15.471444313192977,28.073270993155216],[-15.470828454614761,28.072970087671763],[-15.4704538722591,28.07299405695682],[-15.470338374348934,28.07294592344799],[-15.46982312936032,28.072564652993265],[-15.469760199212192,28.072472431567146],[-15.469641723067467,28.07188904073146],[-15.469051942852674,28.071215979646414],[-15.468844889441037,28.07108236472985],[-15.468630508708946,28.07102372597929],[-15.468131416661073,28.071097220964823],[-15.467888464796683,28.07091307631638],[-15.467849500906448,28.070986869730266],[-15.467878690902682,28.07114709038566],[-15.467688543168908,28.071467024602505],[-15.467664693057445,28.071653866183112],[-15.466880619830386,28.071721096620283],[-15.466325496730677,28.071565687527002],[-15.466232983367899,28.071484830677452],[-15.465973702808355,28.071435890875854],[-15.465076291691654,28.071088251998443],[-15.464715237403349,28.0708112976103],[-15.464430598203148,28.070393252901436],[-15.463960010003792,28.070155952681596],[-15.463695104223564,28.069895695517317],[-15.463333422223215,28.069707890552834],[-15.463135109855477,28.069659551964875],[-15.462977052388489,28.06988060670312],[-15.46226454477737,28.0698506911138],[-15.462344551031734,28.0701276059793],[-15.462200959904614,28.070557198919598],[-15.462222046910293,28.071256326288854],[-15.462636826264522,28.071455979181746],[-15.46273715350057,28.071579708623908],[-15.462884229747937,28.07193018397504],[-15.46233809093412,28.072464980871626],[-15.462222610277797,28.072757556932068],[-15.462217872630578,28.07294417979401],[-15.46227658601833,28.073117878905077],[-15.462688507841785,28.07363702600159],[-15.462680775747904,28.073732666425958],[-15.462540717053523,28.073714154613036],[-15.46253851497661,28.07397463714148],[-15.46217523358131,28.0745858085891],[-15.462129041660585,28.074864854353155],[-15.462210145269712,28.07532358788867],[-15.462117206105031,28.07571402214188],[-15.462187792914762,28.075846084664384],[-15.462433061535297,28.07608126127034],[-15.462535382834455,28.07639866802767],[-15.462347706744945,28.07683577541387],[-15.462264171780932,28.077483114392834],[-15.462115563155846,28.077803234918854],[-15.461693728299785,28.07855581185516],[-15.461244754833025,28.078798920908575],[-15.461187051677573,28.078919264590688],[-15.4614283457376,28.07939020609576],[-15.46143546099617,28.07953091355344],[-15.461356063458368,28.079742954575725],[-15.461379896534659,28.080175539920628],[-15.461658422520172,28.080569625997974],[-15.461669827850356,28.08083281574124],[-15.461506631348284,28.081394213808785],[-15.461646896915402,28.08182532415087],[-15.46157235083483,28.08195827217532],[-15.461472957993482,28.082017011292763],[-15.46142958559745,28.082156714947153],[-15.461454813342057,28.082296278200456],[-15.461357096356306,28.082461440224964],[-15.461340840778965,28.08258742187129],[-15.461326946151694,28.082980053881986],[-15.461424478657605,28.083747835427836],[-15.461233624955435,28.08405503474276],[-15.461054635758277,28.084090029184328],[-15.46090460845246,28.084390690705902],[-15.460413284909206,28.084492440706782],[-15.460255033294784,28.084688587162926],[-15.459918871027659,28.084743425032094],[-15.459779605789693,28.084857090588145],[-15.459534151180724,28.084940239230967],[-15.45933073529026,28.08516740828452],[-15.458855133805953,28.0852958291249],[-15.458759005104959,28.08550097368474],[-15.458455386426987,28.085598035924832],[-15.45822825103124,28.085537492075265],[-15.45821923782163,28.08583114415115],[-15.458059759283834,28.086029792670082],[-15.45803605334876,28.08620244139237],[-15.45782686579206,28.086318035436225],[-15.457032642222506,28.086440273022568],[-15.456675770376147,28.08636539948278],[-15.456502063795035,28.0862548548206],[-15.456050302328132,28.086197771606216],[-15.45601954846606,28.086266569464566],[-15.456157389059785,28.08677776299961],[-15.456279297855348,28.086842713328192],[-15.456345281475288,28.087161869963776],[-15.456195593690373,28.087267622782846],[-15.456000022966553,28.08752337649604],[-15.455603382909059,28.087649266956387],[-15.45544257321619,28.08786951852807],[-15.455304352032607,28.08791908424161],[-15.455226032749083,28.088077316984307],[-15.45490973208125,28.088234984821714],[-15.454530794124128,28.08857719122834],[-15.453935504170351,28.088544498128734],[-15.453466353343732,28.088323713827844],[-15.453356140965628,28.088149982848105],[-15.452959925112143,28.088150280348813],[-15.45249395664337,28.087949612437757],[-15.452325838500121,28.087938323283275],[-15.451921972872311,28.088065942095664],[-15.45176536850995,28.088052646442655],[-15.451452662875349,28.08814629291231],[-15.451176843107735,28.088395443294853],[-15.451077117533549,28.088377356040393],[-15.45089654658515,28.08849918247278],[-15.45075559493751,28.088529344493306],[-15.450607375958374,28.088671736150648],[-15.450419832320286,28.088659623813342],[-15.44982998102804,28.088788722517624],[-15.44939456834885,28.088728909925265],[-15.449071203772311,28.088590735778514],[-15.448863058190573,28.088554053981746],[-15.448471253460067,28.08891569400151],[-15.448333749022051,28.089163393590592],[-15.448332535024194,28.089410196427185],[-15.447753129576334,28.089232360325035],[-15.44725106660441,28.08885359887633],[-15.44692295488129,28.08849764906718],[-15.446768349918926,28.088485424442407],[-15.446725607236305,28.088339849329017],[-15.446280366613365,28.088221274810692],[-15.4460719584751,28.088098516903184],[-15.443912916139217,28.088790941116407],[-15.44309804161656,28.088924575253685],[-15.442578270826461,28.088909643030945],[-15.441269994124765,28.089219620228075],[-15.440786456504492,28.089498195939083],[-15.440799212476765,28.089750334068793],[-15.441064741795364,28.090015019868115],[-15.440656838652066,28.089852110768952],[-15.440418356627362,28.089305748160527],[-15.440384524371623,28.08879745436597],[-15.440670771288158,28.08825373995081],[-15.440719619179005,28.087952170465698],[-15.440701855785635,28.08771499710815],[-15.44082505922708,28.08767276105916],[-15.440944054826037,28.087452678799096],[-15.441087255151404,28.087344760754352],[-15.441375342746001,28.087228026584928],[-15.441694968650117,28.086988287247014],[-15.44185011118861,28.086968379646066],[-15.442428805593009,28.08705254261318],[-15.442856071877218,28.08682133608411],[-15.44315398197947,28.08723841613195],[-15.4432163425302,28.08723000012067],[-15.443356354315245,28.08707004016046],[-15.443612502952494,28.08689999156151],[-15.44371646664972,28.086721570137748],[-15.443619172162403,28.086652900141235],[-15.443612731284139,28.086281973131133],[-15.443743579031539,28.085982999010785],[-15.443949236380995,28.085743009113475],[-15.444128246109663,28.08586924160789],[-15.444258775770134,28.086166061196266],[-15.444662412966123,28.08673843970983],[-15.444712103631813,28.086738134243866],[-15.444760886422504,28.086843556289146],[-15.444872476543464,28.086846516498163],[-15.445180066143731,28.086365858609785],[-15.445582585243448,28.086084217682032],[-15.445664242881966,28.085888327702254],[-15.446103613007711,28.085569202679732],[-15.44665453596963,28.085328672649688],[-15.446760889528717,28.085094770043195],[-15.44692707689942,28.08495069005289],[-15.44696120872604,28.084811445241133],[-15.447312242726031,28.08443340478181],[-15.447699006841168,28.084209094573882],[-15.44784874744605,28.084169022430725],[-15.44809208007906,28.08419567928791],[-15.448268582584063,28.08414901983562],[-15.448714861504719,28.084143851175348],[-15.44915379708324,28.083822018776626],[-15.449521885755477,28.08379265819953],[-15.449892196833481,28.083827688192137],[-15.450185584671589,28.083966247818292],[-15.450094951246575,28.08416751390601],[-15.450264836133043,28.084303670966747],[-15.450452404461767,28.084338152486467],[-15.450643933853776,28.084680180675058],[-15.45088903516233,28.08496167783747],[-15.45109966915214,28.085093574578973],[-15.451386639935652,28.085098408210705],[-15.451434243526363,28.0846041571884],[-15.451204933053528,28.084216667848676],[-15.451298003018296,28.084075251269248],[-15.451346905802708,28.08369696619295],[-15.451418980296323,28.083563562365708],[-15.451357450669862,28.083224781693602],[-15.45170297776519,28.082435621070854],[-15.452377220185038,28.082012668241102],[-15.452543405392886,28.08199724377916],[-15.452904849741971,28.081853640948975],[-15.453288666831709,28.08181236592288],[-15.45344031195752,28.081979839950638],[-15.453650737269621,28.08201915231546],[-15.454225318398311,28.081841188523107],[-15.454760324357542,28.0818128411109],[-15.455115363370382,28.081698284639685],[-15.455227965111447,28.08144515431453],[-15.455251331928109,28.08127089121577],[-15.45519552987682,28.08088330213698],[-15.455320775721201,28.080592514134427],[-15.455287513941338,28.08030773135613],[-15.455581117315504,28.0798468477821],[-15.455537503862905,28.079583701089827],[-15.455281501111523,28.0790026228738],[-15.45529654700331,28.078631670184716],[-15.45526056122803,28.078516532384185],[-15.455316167266396,28.07822561421507],[-15.455279818307599,28.077869852967293],[-15.455316533881483,28.07765610637467],[-15.455748731334095,28.07694480385027],[-15.455873886507122,28.076498949094322],[-15.45606846953105,28.076404268017388],[-15.456155113300602,28.076252903597943],[-15.456267647988685,28.076216999127904],[-15.456295774161903,28.07605211706692],[-15.456544022624758,28.075839553363423],[-15.456568687462191,28.075626424213656],[-15.456822431180623,28.075327471031652],[-15.456933561304636,28.07477233547712],[-15.456775306986618,28.074470420322346],[-15.456767399917416,28.074217978412136],[-15.456705242385793,28.074031722722967],[-15.456715568379655,28.07374441185897],[-15.456836699696574,28.073277780198232],[-15.457033522171102,28.073030867330647],[-15.457119436420994,28.07237390915872],[-15.457523876042021,28.07200549511939],[-15.457620578121574,28.0718465857009],[-15.458018490411941,28.071506943095635],[-15.458013786429769,28.0711080899144],[-15.457604795829432,28.070581408053876],[-15.457517448119821,28.07022393942039],[-15.457178149145133,28.07015740314253],[-15.456997721210673,28.070304251074248],[-15.456976253816045,28.070233550515482],[-15.457128625618141,28.069767383104402],[-15.45713668483208,28.069594037007672],[-15.457208469489784,28.06958354321461],[-15.45724596950514,28.06948448189898],[-15.4572485283981,28.068935051292694],[-15.457299219399804,28.06880520892654],[-15.45751519034627,28.06872516865518],[-15.457618928946204,28.06857995684527],[-15.457587326718857,28.06825735431983],[-15.457759844920702,28.068206994997286],[-15.457997806547214,28.068261374601256],[-15.458175437459559,28.068219185231072],[-15.458277238955418,28.067771248367855],[-15.458404930293007,28.067505787953127],[-15.458486443019085,28.067418711661258],[-15.458608740518201,28.067378737614263],[-15.458639708578614,28.06723736990189],[-15.458897598416899,28.067187256512714],[-15.459029590280688,28.067211079933617],[-15.459270999127206,28.067004311422433],[-15.459500689124205,28.066688823852292],[-15.459743169353507,28.06646168590844],[-15.46016460090728,28.065399848623358],[-15.460277359985795,28.065343141845293],[-15.460577470985324,28.065310649002036],[-15.460649632679383,28.065246134309753],[-15.461092369399802,28.064710968968495],[-15.461044015458786,28.064521346689975],[-15.461120181156902,28.064322215978674],[-15.461591347544717,28.064087797983987],[-15.461435889210946,28.06389176560102],[-15.461652956781906,28.063456970198082],[-15.461578900725733,28.06323250884233],[-15.461653210411146,28.063171019487314],[-15.461778402135053,28.06289533663148],[-15.461948416135646,28.06270921368082],[-15.46191904474071,28.062620558541045],[-15.462055702672448,28.062442157478586],[-15.462337377988106,28.06225561308106],[-15.462469836564209,28.06200934232475],[-15.462663822443492,28.061830169811103],[-15.462796456891628,28.061363926953327],[-15.463206030707493,28.06101556398479],[-15.463352287013874,28.0610095007972],[-15.46336658368511,28.060926259240794],[-15.463443878535607,28.060916023470643],[-15.463572397422194,28.06077708755581],[-15.46381386981235,28.060742185911266],[-15.463731965122276,28.06047497296438],[-15.46386313055018,28.06038382607865],[-15.464284352010136,28.060197239491263],[-15.464684415749236,28.060164399757113],[-15.465025411396125,28.059988328101813],[-15.465624540557364,28.059979653736864],[-15.465728053655667,28.05993294875655],[-15.465684958284774,28.059529260744608],[-15.465642689177004,28.05948723873814],[-15.465742156016432,28.05909920754502],[-15.465625998984516,28.058957930934568],[-15.465958086720283,28.05805772795404],[-15.466071207406932,28.057908036568563],[-15.46626361821994,28.057786691629584],[-15.466691511720091,28.057385881120002],[-15.467178392064012,28.05730776632396],[-15.46795290542743,28.05665734764879],[-15.468178619906402,28.056670534079277],[-15.469161743993867,28.056235613198034],[-15.469604262769277,28.056160150928747],[-15.470064019587006,28.05615511146071],[-15.470818624343028,28.05599523884209],[-15.471235000971799,28.05609043614805],[-15.471628847138225,28.056087206377263],[-15.471705968584722,28.056042889459263],[-15.47178065488403,28.055878990477364],[-15.472300476225215,28.055489536788848],[-15.472071884129171,28.05377815253328],[-15.472183247532417,28.053252485325704],[-15.472143494727707,28.052957256746968],[-15.472276674902654,28.05244135389383],[-15.472388247901666,28.05222025861455],[-15.472949901262039,28.05170306108642],[-15.47312575309373,28.05147587623343],[-15.47360905023967,28.051242043480848],[-15.4738873279279,28.051029769143085],[-15.474240058122778,28.050845717530006],[-15.47537319879192,28.051576945251774],[-15.475848986058274,28.05177852356619],[-15.475834944961994,28.05180643873548],[-15.476114616994032,28.05198529736431],[-15.476246849284896,28.05217793656917],[-15.47799910713803,28.052423450691332],[-15.478911967970674,28.05155324898203],[-15.47928189364961,28.051707945911662],[-15.479492630903252,28.05173254921401],[-15.480070967706382,28.0512456677059],[-15.480566212120737,28.05094491448854],[-15.480758880067004,28.05091301558091],[-15.48088324746189,28.050745155417616],[-15.480851746055528,28.050658452556036],[-15.481102098353508,28.050393805289314],[-15.481300127931274,28.049941542136704],[-15.481478934723034,28.049729032395902],[-15.481545305784293,28.04954379926559],[-15.482060560979441,28.049135404157553],[-15.48225357449894,28.04874160738416],[-15.482534896702962,28.048487229864083],[-15.4831218381425,28.04824786325337],[-15.483119258420162,28.04815329588396],[-15.483467897845506,28.04802257596572],[-15.483600519738205,28.047831963186212],[-15.484356249563428,28.047545633956936],[-15.484731445845085,28.04745663953262],[-15.484937838990593,28.047308309595298],[-15.485412081280996,28.046803565638985],[-15.486161498717212,28.046310863314496],[-15.486397600409619,28.04606809331928],[-15.486722179297562,28.045879334225205],[-15.48675809184218,28.045801565263766],[-15.487056163687276,28.04571431827738],[-15.487402201536554,28.045704469917844],[-15.487501598743698,28.045652699059236],[-15.487698460040322,28.045301127625752],[-15.487725047240097,28.04513891634939],[-15.48793195116175,28.045094382224743],[-15.488063245186279,28.045008835761895],[-15.488242746013535,28.044995307176368],[-15.489133730020901,28.044525655080314],[-15.489733309562752,28.04438443876964],[-15.490049125844273,28.044168396269512],[-15.490347509518765,28.044057273540954],[-15.490520733261866,28.04388058234861],[-15.490732830365314,28.04380861934703],[-15.490888818189736,28.043688110465915],[-15.491071313757685,28.04366918737717],[-15.49119173521738,28.04354065387598],[-15.49118847925054,28.043379370117798],[-15.49200894985843,28.04267745984828],[-15.492255133747237,28.04270289168128],[-15.49256997011263,28.042631279800922],[-15.492785180637428,28.042667329241365],[-15.493040624959264,28.042530221420858],[-15.493731444757792,28.042431899820564],[-15.493880944864031,28.042351202136892],[-15.494252077135648,28.041988712871508],[-15.494704832382272,28.041854620046088],[-15.494761877813163,28.04176300664324],[-15.495081223101824,28.04164829569739],[-15.495347352144394,28.042123495246344],[-15.496554101464964,28.043304281660713],[-15.49673387153685,28.04359827456995],[-15.49714179493291,28.04384334551995],[-15.497475855240358,28.04419946270978],[-15.498114093709354,28.04460343898105],[-15.498173884438101,28.044759065076672],[-15.498278405428318,28.0448622442235],[-15.498770503572972,28.04507685448904],[-15.49908989091473,28.045466005710995],[-15.4992160255945,28.045534170914895],[-15.499276795159338,28.04565012809673],[-15.499633434843739,28.04589599169981],[-15.499838189678341,28.045944200371693],[-15.499853516356161,28.0457359087362],[-15.500034913412065,28.04548789841533],[-15.500241256336968,28.045329715393905],[-15.500942773974904,28.045197033780003],[-15.50147086015709,28.04498250180283],[-15.501946535672607,28.044945658115136],[-15.502211602953741,28.045024127165533],[-15.502343182096524,28.045131627489898],[-15.503185241563285,28.045126559242533],[-15.50313578885414,28.044749644711814],[-15.503167871513266,28.04439812244123],[-15.502652054358242,28.041997805914967],[-15.50223722066984,28.041823548637005],[-15.502004591780834,28.04188202767636],[-15.501790129448327,28.04183209733156],[-15.501691973304254,28.04179824335378],[-15.501495117114045,28.041613221649417],[-15.501214207619162,28.041065113479128],[-15.501016896069725,28.040961408376052],[-15.500849148922477,28.040797899310153],[-15.500906564218894,28.0405084361841],[-15.500886502915789,28.040394696283247],[-15.50074828264507,28.040180726512364],[-15.500692756919042,28.039966437147672],[-15.500448851990955,28.039462966501684],[-15.499975435096534,28.03900178311603],[-15.499960872272087,28.038879934791463],[-15.500096665705948,28.038605018083622],[-15.500374558666042,28.038363092143328],[-15.50077417165807,28.03811234488098],[-15.500786553150334,28.037864019657306],[-15.500722214877,28.037433708826004],[-15.500830824879152,28.03719499866674],[-15.501050049987205,28.03704527994615],[-15.501614092642644,28.037081062991238],[-15.501721556432484,28.037051937445643],[-15.501903992085689,28.03693745794271],[-15.50207479890974,28.036632369309135],[-15.502248542351392,28.03715702752831],[-15.502657171971409,28.037013808233226],[-15.503316532421016,28.03690279863104],[-15.50357078512276,28.036751566443368],[-15.503921243340038,28.03641745391055],[-15.503946117975213,28.03627545738432],[-15.503899579531293,28.0360476047135],[-15.504282061964359,28.035491037446537],[-15.504240254973132,28.035230670104273],[-15.504619142205609,28.034820353363937],[-15.504996621967756,28.03404381311478],[-15.505182216046919,28.033862445249543],[-15.505391869643008,28.03383342852264],[-15.5057930115468,28.03352626911906],[-15.50641544865832,28.033374109045088],[-15.506635579534029,28.033481901967793],[-15.507027888804656,28.033507418536455],[-15.507282857563203,28.033620146016297],[-15.507437157246043,28.033630462831134],[-15.507636498308296,28.033539546156835],[-15.508285964361821,28.033653792496494],[-15.508413005963408,28.033583326656277],[-15.50856450352498,28.0333308750418],[-15.508725049051636,28.03339735167518],[-15.509014275086429,28.033404467958263],[-15.509323445758342,28.033140300905867],[-15.509506507874129,28.033092825901182],[-15.510028408660965,28.03313610596228],[-15.510525957258142,28.033365350564125],[-15.510812132457037,28.03323054205828],[-15.511092712902336,28.03298406205605],[-15.511396612159102,28.032471277882184],[-15.511504734231648,28.0322085492355],[-15.511548753331411,28.031836109674607],[-15.511688247920672,28.031581749489355],[-15.511859582997962,28.031434602212283],[-15.512106616461338,28.031392581502615],[-15.51223354658333,28.03128247477819],[-15.51231339579594,28.031097483545853],[-15.512343760800466,28.030562129200277],[-15.51264062507724,28.03030421123015],[-15.512673023084483,28.030035084117618],[-15.512803693556394,28.029697219336796],[-15.513257696982766,28.029181559750224],[-15.51364599306189,28.028621920763324],[-15.51397455641631,28.02860772025101],[-15.514016135078212,28.028657249629646],[-15.514231741031393,28.02857974903413],[-15.514298819694899,28.028519296544243],[-15.51433408197017,28.028299400883892],[-15.514438688707957,28.0281790397088],[-15.515313470523623,28.027679932709493],[-15.516057907607316,28.027530395042017],[-15.516267981858812,28.027586359007525],[-15.516530187146262,28.027754071199684],[-15.516716284644513,28.02776536846452],[-15.517264969934475,28.02747071013222],[-15.517673062125175,28.027499188237577],[-15.517920104528335,28.027423152211828],[-15.51838563474991,28.027398874239672],[-15.51870998235417,28.0272234732225],[-15.51916080954664,28.02717120108047],[-15.519496646209843,28.026944038821433],[-15.519791236524057,28.026872730396857],[-15.520012178362242,28.026461398216494],[-15.520498035075493,28.026006924180784],[-15.520688982315843,28.02574128381701],[-15.520997135572825,28.02548333223308],[-15.521073078485614,28.024962219346023],[-15.521355358739683,28.024634441498424],[-15.521411663594487,28.0244970166315],[-15.52141269620286,28.02406530281616],[-15.521592234619785,28.02339661932778],[-15.521792610755886,28.023163899395914],[-15.522458182505279,28.022764035684325],[-15.522513735817723,28.022673698336295],[-15.522610627447436,28.02214889400252],[-15.522766703426454,28.021746686593627],[-15.523039910451475,28.021552287474677],[-15.523517462705513,28.021375434459692],[-15.524282494110237,28.021284594473418],[-15.525966898451879,28.02177906948943],[-15.526189965853666,28.02192480590897],[-15.526441087890891,28.021831831389207],[-15.526684653996705,28.02147602656868],[-15.526746337000002,28.021776499397],[-15.526699731404737,28.02207002117862],[-15.526803578571547,28.0221696519147],[-15.52691298601474,28.02201143054137],[-15.527456843111043,28.021489241487032],[-15.527982105182412,28.021130764172963],[-15.528233744201819,28.021004772476477],[-15.52844608832726,28.020993647229172],[-15.528662354001858,28.020848238169105],[-15.529139215742005,28.020645063540297],[-15.529417201159529,28.020677654826166],[-15.52965156880546,28.020810207731483],[-15.530065201583552,28.020936029817612],[-15.530176616916535,28.02089404851751],[-15.530981626796462,28.020844785250862],[-15.531495707998971,28.020605034524102],[-15.531653026520472,28.02048572931416],[-15.532991250986264,28.020411181967823],[-15.533796855386093,28.020675292049262],[-15.534403244280158,28.0209467258086],[-15.534783565872576,28.021395208627542],[-15.535025206968267,28.021548811153384],[-15.535221815233173,28.021613906922227],[-15.5355052372001,28.021630116688804],[-15.53598492628025,28.021597211672358],[-15.536113702395692,28.021542547082966],[-15.536458638491148,28.021126119350424],[-15.53665707099174,28.02097648860574],[-15.536863094263639,28.020737189343983],[-15.536941789873682,28.020549092231615],[-15.53758163614133,28.02010042903121],[-15.537749344956131,28.01985250402334],[-15.537883026791159,28.01979898308543],[-15.53790226563598,28.019740268084657],[-15.538788965255076,28.01960298681169],[-15.538926603956282,28.019625195304982],[-15.539066131771063,28.019740753968872],[-15.539290674074694,28.01976543763381],[-15.539432368238275,28.019588962461604],[-15.539593888174917,28.019479949668405],[-15.539794333482352,28.019490626877086],[-15.539978213766911,28.019284232301388],[-15.540411549473644,28.01907671237997],[-15.540676327979579,28.01887666071146],[-15.540800342693304,28.018936960906277],[-15.541443674220323,28.018998989349654],[-15.542116223607804,28.018907223106662],[-15.542754027106659,28.019063581778344],[-15.543096623126557,28.01906728352063],[-15.543383169932971,28.018892542766554],[-15.543621704760524,28.018491231980462],[-15.543873484055306,28.01829279633155],[-15.54420132784149,28.01823979166657],[-15.544461023455764,28.018454699042135],[-15.54472105526647,28.0184774910353],[-15.546707296107602,28.017510571310073],[-15.549668450995481,28.017231424685146],[-15.551208146797759,28.016988966511764],[-15.553452753684509,28.01685082340967],[-15.554198489314343,28.016717964497033],[-15.554492516637541,28.0167771514211],[-15.55508684145155,28.01721353860652],[-15.555669426494722,28.017426822288716],[-15.555757404020113,28.01753580202193],[-15.55577135749479,28.017654180303477],[-15.55571999213556,28.017983694248894],[-15.555636628983999,28.018103910321784],[-15.554203490075851,28.018751555146387],[-15.553685175220211,28.019084539273216],[-15.553137228288188,28.01912545364077],[-15.553001087236268,28.019237503452644],[-15.552861636244543,28.019543981710687],[-15.552667374924006,28.019603113802027],[-15.552334775473948,28.019617160972455],[-15.551663665346577,28.01979475532193],[-15.550235280839802,28.01997813365177],[-15.5501233846474,28.020025820091696],[-15.549948974257248,28.020294585022643],[-15.549869791035777,28.0206945378077],[-15.549398786316768,28.021723048320787],[-15.54907006461347,28.022053668346],[-15.548440590362338,28.022518366145942],[-15.547750205724563,28.022590736160254],[-15.546742967311763,28.02319053158545],[-15.545525370352854,28.02338298845123],[-15.545036671049596,28.02333654267929],[-15.544398010832202,28.023144956824044],[-15.543827079326494,28.02308655570057],[-15.54293298165078,28.023266154435706],[-15.542608036639473,28.023218773100474],[-15.542439515065324,28.02310851414397],[-15.542179252660587,28.023139294347136],[-15.542038051834018,28.023349278688464],[-15.541681752176231,28.023703676965866],[-15.541624743665903,28.024085492675308],[-15.54156814967428,28.024159954094028],[-15.541171345427433,28.024324572746675],[-15.54071112824867,28.024306895004212],[-15.540523622746136,28.024403960213238],[-15.540482172419425,28.024479959408737],[-15.54049740173559,28.024628800522965],[-15.54091200017883,28.025223251602096],[-15.540924884042065,28.02532603690377],[-15.540884694949092,28.025426431330004],[-15.540702006997801,28.02551076775243],[-15.540462905112484,28.025705979259282],[-15.540457375445836,28.026032707555935],[-15.539960782268013,28.026163629106236],[-15.53964620602522,28.026728152024788],[-15.539388418563691,28.026865508558007],[-15.539064309716933,28.026955173187904],[-15.53887497475627,28.027121191859557],[-15.538475263094416,28.0271563664885],[-15.538216158089933,28.02712343996074],[-15.537345176049666,28.02664039065165],[-15.53696907627341,28.026638556986754],[-15.536308483143092,28.02652197089642],[-15.536086853616254,28.02653352374606],[-15.535111218884536,28.02633252106363],[-15.534959226992816,28.026330549191883],[-15.534589342071992,28.026433362384108],[-15.533881669168624,28.026443876981524],[-15.533555931009971,28.026566916989317],[-15.533129389589375,28.026588883407204],[-15.532924620052533,28.02648767213996],[-15.532588146820478,28.026145407403394],[-15.532192346433218,28.0259641432514],[-15.531812949705289,28.025994769469825],[-15.531022480279189,28.026172680336987],[-15.530562199612922,28.02608946867008],[-15.530313899881563,28.026105737026963],[-15.529732555140214,28.026448840639215],[-15.52896397553728,28.026648518834307],[-15.527677538870067,28.027429493107135],[-15.526820867262767,28.027724534404445],[-15.52632545729427,28.027974135088204],[-15.525768640795414,28.02841216484688],[-15.52513067704767,28.02872816798522],[-15.524527730729393,28.029225730903097],[-15.523529261078641,28.029621240524143],[-15.52246829399126,28.030655806638144],[-15.521738473273773,28.031104741695437],[-15.521065195041391,28.031229486812368],[-15.520614015705082,28.031370430315487],[-15.520146771022459,28.031589562257476],[-15.519402128485279,28.032073782699634],[-15.518940013402942,28.032209697910623],[-15.518648898607697,28.03260163218916],[-15.518121805612505,28.033003699662782],[-15.51740723160227,28.03338033801156],[-15.51646696106769,28.033671432453495],[-15.515959947753613,28.034054351089047],[-15.515560235002686,28.03447846187785],[-15.515204055248017,28.03471738991306],[-15.513866425535987,28.035214337612974],[-15.513828450469239,28.035337103057763],[-15.513952684481978,28.035549685682092],[-15.514091490839233,28.035643047613664],[-15.515073297403237,28.035694543417577],[-15.51568430386,28.036021557857072],[-15.515819071490647,28.036052673650822],[-15.516351187678035,28.03591794103448],[-15.51707860977359,28.035943225003404],[-15.517480161640496,28.03559319693994],[-15.517716644569552,28.035521967243653],[-15.518231375385756,28.03548839578217],[-15.518565263376669,28.035090957008244],[-15.518737285813808,28.03507947513431],[-15.518961325058871,28.03515893359179],[-15.519059834826678,28.03533448045181],[-15.519059334133585,28.035878849115942],[-15.518940892370736,28.036027484492365],[-15.51846832102569,28.036328822143748],[-15.51836921609952,28.036436654038063],[-15.518041986761927,28.037545542481055],[-15.518104315175378,28.037847749393766],[-15.518240514879036,28.03804121771759],[-15.518534234020322,28.038189163831433],[-15.518799956895736,28.038201737234225],[-15.519978283972607,28.038087224489704],[-15.521219057401442,28.03772388720001],[-15.521618509997214,28.037653043389888],[-15.521684287788375,28.037588376671426],[-15.52169058110098,28.03747569533936],[-15.521362471878135,28.03678323109021],[-15.521350986631228,28.036658918184997],[-15.52141463100755,28.036556996068455],[-15.521772446974218,28.036329889328304],[-15.521976760215384,28.036263107474156],[-15.522283462611954,28.036305993758308],[-15.523542419342217,28.036779273650282],[-15.525154990783236,28.037089281628642],[-15.525333620723938,28.037067800367364],[-15.525490975000801,28.03698935842202],[-15.525847289700513,28.036551230907403],[-15.526006442964038,28.03644127713567],[-15.526151501516033,28.036412123998534],[-15.526574688178385,28.036537025498287],[-15.526768614069532,28.0366483617058],[-15.527010972817953,28.03687765767112],[-15.527457551641742,28.036992067532093],[-15.527699470126867,28.037230761081666],[-15.527830931966433,28.037250611998093],[-15.52803415112142,28.03703102477358],[-15.528388875304922,28.036969134608164],[-15.528456917114456,28.036835706090148],[-15.528293986417316,28.036538512853518],[-15.527894463013796,28.036259560644034],[-15.52785810997431,28.036119456319355],[-15.52790716124017,28.035963858408508],[-15.528378971577569,28.035608329257112],[-15.529069204842607,28.03535204927193],[-15.529168572667473,28.035233809597496],[-15.529067387625018,28.035017983760152],[-15.528926099395155,28.034914680778048],[-15.528468767005117,28.03474675052242],[-15.528485677211211,28.034692947528157],[-15.531168320846596,28.0340468007222],[-15.53184128074592,28.034054885260108],[-15.532160871039045,28.03389731753596],[-15.53233770610454,28.03390940571373],[-15.534321867387247,28.033529202784955],[-15.534651248687718,28.033381755666166],[-15.53525194034416,28.03296389341086],[-15.535474619354671,28.032898608798515],[-15.536470472820998,28.032963184881133],[-15.537196134164168,28.033128893147648],[-15.537436544306724,28.033225300425226],[-15.53796797058708,28.033283457941998],[-15.538627077745044,28.033485238438757],[-15.539552371744424,28.03408764628768],[-15.54001044353323,28.03467801952174],[-15.540334110099904,28.034918969110663],[-15.540605507949405,28.034993430549186],[-15.540982457967038,28.034919441658534],[-15.54186138280772,28.034940567470716],[-15.541620626221734,28.03545508232245],[-15.541796435657504,28.03588320882839],[-15.541801099209847,28.036127714444987],[-15.541709899340873,28.036184113851437],[-15.541248847319936,28.036172354439827],[-15.540922682450569,28.036246721865314],[-15.540775083430013,28.036418022022648],[-15.54070848172442,28.036771276903437],[-15.540836709393437,28.037189770442765],[-15.540843105569518,28.037455645234502],[-15.541550727698853,28.0381400665936],[-15.54175871427951,28.038747460054623],[-15.542365663987038,28.039999026243304],[-15.54223066304228,28.040865286260527],[-15.542378341695747,28.041260871899354],[-15.54237894469309,28.04141354343874],[-15.542093666171258,28.04175595395859],[-15.541782421028115,28.04195216546753],[-15.541680615736746,28.04216719329518],[-15.541630971122347,28.042428387153397],[-15.541268153701738,28.043086830557538],[-15.540899829154272,28.043296128493512],[-15.54042437027142,28.043469585491412],[-15.54012511768872,28.044047624913098],[-15.539979284424362,28.044183675734494],[-15.539321339917414,28.044424420465642],[-15.538856280668394,28.04498750940253],[-15.538793465385021,28.045486191421276],[-15.538631117773125,28.04573510715989],[-15.537995768156485,28.046139263293824],[-15.53800652258426,28.04666466553904],[-15.538323011598832,28.047059747373336],[-15.538583623764351,28.0472834621324],[-15.53858605513269,28.047538664257928],[-15.538474995584304,28.047765136083832],[-15.537962559704253,28.0481965410821],[-15.537418678894479,28.04840275304451],[-15.537078335022445,28.048412317038565],[-15.536918715285436,28.048462336955335],[-15.536530053445466,28.048909149281215],[-15.535984175230976,28.049169372014166],[-15.53571654411802,28.049401661173427],[-15.535626776190625,28.0495527984965],[-15.535578534916839,28.0498379422806],[-15.535221858736211,28.05017081363131],[-15.535035149959839,28.050636170391076],[-15.534818526639901,28.050912744179687],[-15.534795420994602,28.05137588363594],[-15.534532895096941,28.05162157377512],[-15.533954999753723,28.051797853630994],[-15.533786863333903,28.05190480932731],[-15.533378661140015,28.0525538937131],[-15.533353883314899,28.052844433950277],[-15.533263039826874,28.052976797713928],[-15.532728233789813,28.05311507293944],[-15.53211001035452,28.0530056793529],[-15.531431791257434,28.053040514017763],[-15.531265035598397,28.053098065509683],[-15.531029082168951,28.053320248196975],[-15.530892513053969,28.05368994482109],[-15.530320865944145,28.054379939518444],[-15.529948960303267,28.054701148045385],[-15.52986633438147,28.054898147358823],[-15.528924099043566,28.05520339030314],[-15.528851232725229,28.05531792580316],[-15.528692040251425,28.055158643393668],[-15.528012197838983,28.05529328822307],[-15.527445345011216,28.055465806377377],[-15.526940086445638,28.055499160171294],[-15.526586105625203,28.05575963840632],[-15.526429161337646,28.055760529035215],[-15.526311694565619,28.055677055199446],[-15.526154915350492,28.05567838720456],[-15.525236268063608,28.05591416006541],[-15.525048028038237,28.056127556337348],[-15.524960840879396,28.056376367184033],[-15.52481784082394,28.056541611615355],[-15.524714269794309,28.056608076117495],[-15.524320062654587,28.05669179993862],[-15.524172039516303,28.05698816215854],[-15.523530457656488,28.0574371940814],[-15.523121167602683,28.057912202626337],[-15.522485320259,28.058433857229897],[-15.522208905496381,28.058750204170803],[-15.521774111767465,28.059138357552296],[-15.521405716637013,28.059752871478345],[-15.521060858125132,28.05995665644783],[-15.521083681476236,28.060025987532182],[-15.520921218483851,28.0600697170003],[-15.520597512498588,28.06036399757031],[-15.51949849089786,28.060700931929272],[-15.519026438855402,28.060928897949914],[-15.517936755012864,28.061555948783905],[-15.517684257722653,28.061800991399007],[-15.517082339123192,28.062209836146483],[-15.516606894647454,28.062411808898887],[-15.515807553578586,28.06263839526433],[-15.514920503769533,28.062637392019656],[-15.514389215233415,28.062738752910146],[-15.514238438530253,28.062844608784133],[-15.514093662788309,28.0630397011058],[-15.513452764264164,28.064128518211586],[-15.51322954051975,28.06436968797604],[-15.513004338270056,28.064507306917655],[-15.512791548980985,28.064545943102562],[-15.512448372623984,28.0644374018769],[-15.512000597485981,28.0642416879062],[-15.511923185780287,28.064020571080306],[-15.511809477509656,28.064008284992113],[-15.511688999887381,28.064113727239473],[-15.5116434644023,28.06422844069017],[-15.511599058085686,28.064547223551205],[-15.511110146317845,28.064763517336065],[-15.51077844653406,28.06506748165764],[-15.51057666023521,28.065091919133916],[-15.50983002606799,28.06544030201803],[-15.509618389488685,28.06568508790179],[-15.509454559162345,28.066227136054533],[-15.509495200575303,28.066364376323097],[-15.509622401202284,28.06651384282037],[-15.50957731826486,28.06662161212579],[-15.509238368989607,28.06670673077302],[-15.50867599946571,28.067024986718856],[-15.50859377529223,28.067142434870593],[-15.508084667734297,28.067240259118844],[-15.507584379681735,28.06726169842389],[-15.507418489341196,28.067337569877953],[-15.507351123953306,28.06745118908233],[-15.507380847080038,28.067496024713684],[-15.507476996359506,28.06738328303831],[-15.507607384318742,28.0673754259089],[-15.507960103701643,28.067560294286096],[-15.508196276277683,28.067783290028988],[-15.508193945541686,28.06818770865616],[-15.508336110472957,28.068740212922997],[-15.508333953686959,28.069112278053534],[-15.508426172541197,28.069677821538665],[-15.508416125907907,28.070003842000602],[-15.508781276951746,28.07032818345623],[-15.508407320085652,28.071069061252846],[-15.508060887099282,28.07126258301487],[-15.507933952853264,28.071555672153988],[-15.507729993057003,28.071635719933262],[-15.507577590187646,28.072023217082645],[-15.507570589789912,28.072296363999854],[-15.507460705503233,28.072475866036502],[-15.507479021217279,28.07273938682262],[-15.50757826656704,28.073028894983075],[-15.507477234307135,28.073221074306307],[-15.50744222748779,28.07342962818917],[-15.507520082904964,28.073953475157328],[-15.507475845345825,28.07455405165693],[-15.507539975867518,28.074998511662237],[-15.507507824864279,28.075676170073134],[-15.50740548003399,28.07597074739926],[-15.507040047084505,28.076382862442674],[-15.506989368159406,28.07651405848774],[-15.507114974065235,28.07673384419086],[-15.507221346556255,28.07708832949434],[-15.50704414577566,28.07729032240821],[-15.506509065325675,28.07760700637275],[-15.505804514049547,28.078351984997045],[-15.505447723709356,28.078530499414768],[-15.50572562902507,28.079349867152764],[-15.505740797676438,28.079667850371816],[-15.50561582806242,28.079810088829152],[-15.50573207107855,28.079990687884038],[-15.505996376512956,28.080135156596292],[-15.506257009900944,28.08069230737099],[-15.506397976863001,28.080651499809775],[-15.506954228820792,28.080158467959194],[-15.50727914239649,28.07994046604699],[-15.507960918059124,28.07926955859349],[-15.508085963222547,28.07904468463683],[-15.510072658938023,28.080204776208323],[-15.51020588227979,28.080203558835606],[-15.510488489570102,28.079830505593527],[-15.510692586499127,28.07975942600266],[-15.511208397180942,28.079259793416128],[-15.511536479974193,28.078630445774127],[-15.511522079463731,28.07794325642825],[-15.511293938331386,28.07741724603758],[-15.511258100596523,28.0770707429553],[-15.511198090202868,28.077014204740966],[-15.511355104756747,28.076471422406936],[-15.511527887084362,28.076163716286878],[-15.511605108173358,28.075792969587045],[-15.511701880528461,28.075697292786415],[-15.51174843538488,28.07592768674353],[-15.511981330628823,28.07629963309757],[-15.512267215962252,28.07662092035439],[-15.512926229510395,28.077116749141222],[-15.513099760506604,28.077502726614924],[-15.513481464892655,28.077532893553574],[-15.514090940507828,28.078053545591114],[-15.514521397264511,28.07861738320084],[-15.514737536449044,28.079164691536157],[-15.515172788116873,28.079481837473548],[-15.515320088677221,28.07990966920237],[-15.515576488383788,28.080175670332718],[-15.51541280196326,28.080607359907525],[-15.51505908430093,28.08111232152529],[-15.514872590011944,28.081314503665418],[-15.514652242448433,28.08144401889577],[-15.514587127447644,28.081555908837633],[-15.51461698365328,28.08183642782157],[-15.514997422597775,28.082933548606416],[-15.514929477633665,28.08371113518298],[-15.514682988803244,28.083862268881035],[-15.514359219918623,28.08392674392434],[-15.51422909404633,28.08386122630354],[-15.513996922790074,28.083560955940268],[-15.513733078646801,28.0834575197794],[-15.513058812478613,28.083581942734483],[-15.512880972254225,28.083679232362048],[-15.51281815875108,28.084169090746794],[-15.512746351005886,28.084342677170262],[-15.51258724120394,28.084415054172894],[-15.512206056889374,28.084460962487054],[-15.512010557794673,28.08458243700947],[-15.51199802879181,28.084649066792377],[-15.512056945552047,28.084710086015452],[-15.512516532428258,28.084850202248322],[-15.512681761525487,28.084977407118767],[-15.51281157967188,28.08552648475104],[-15.513181325993616,28.086263870646498],[-15.513230599927493,28.08676255342408],[-15.51315018173621,28.087141987355924],[-15.513021832302247,28.087378044381275],[-15.5124923373828,28.087917354009274],[-15.511377146687915,28.088863155064477],[-15.510623993730311,28.08928755600133],[-15.510290029622306,28.08958069483904],[-15.510098646472558,28.0898194840201],[-15.509894529903969,28.08962983664119],[-15.509871153800194,28.089508023179523],[-15.509942449433478,28.08922438328093],[-15.509722621296829,28.088921162379886],[-15.509766254139597,28.088332161302443],[-15.508828338026529,28.087639147725234],[-15.508726298655914,28.08734362157203],[-15.508667110582653,28.086810310159084],[-15.508485985930385,28.086635894084647],[-15.508000473198031,28.086506891368405],[-15.507605824125582,28.086479375218687],[-15.507259363006865,28.08650439739824],[-15.506729266107616,28.08663462946419],[-15.506578839799497,28.08685414345137],[-15.50647035466884,28.086920946419156],[-15.505613478973236,28.086835515636768],[-15.504500262191549,28.08749353700133],[-15.504313544496302,28.087837465504045],[-15.503857753162778,28.088308082847153],[-15.503663646534271,28.08867473143124],[-15.50365594374655,28.08907438433924],[-15.503734137175323,28.089514884949978],[-15.503849441944135,28.08983735680115],[-15.503831194040131,28.08990989243451],[-15.503177272575176,28.090413813265116],[-15.502587738197013,28.09062950730527],[-15.50223535481925,28.09089426821963],[-15.501910390556626,28.090957418578057],[-15.501799514461,28.090859610545873],[-15.501690699079147,28.090644516305748],[-15.501473538198919,28.090486001955703],[-15.501133724952128,28.090367509586486],[-15.500893779889164,28.090392072563652],[-15.500823235506106,28.090351600321043],[-15.500773404720059,28.090243025079698],[-15.500778198971036,28.089841631681743],[-15.500603486078095,28.08975756902015],[-15.50012585231308,28.09015248122845],[-15.499834324795312,28.090327313036603],[-15.49937310881628,28.0904350595325],[-15.49910103039615,28.090633921059023],[-15.498753983405678,28.09071173189011],[-15.498609832470503,28.090862194063362],[-15.498144366178366,28.091051059373168],[-15.498442338538613,28.091230327365995],[-15.498597063986878,28.091403227742948],[-15.498671881365123,28.091663510746553],[-15.498672969704709,28.09200913199844],[-15.49858906900062,28.092038900998247],[-15.498311441385143,28.091945451243514],[-15.498209477293301,28.091973985730586],[-15.49811529661684,28.092175954433003],[-15.498258132870516,28.092463288275486],[-15.49824339507128,28.092531955906967],[-15.497548452346415,28.09254848772973],[-15.497000545203814,28.09286084843517],[-15.496795283234507,28.093132834689392],[-15.496709889815007,28.093510841941733],[-15.496459059194216,28.094109254943042],[-15.496585474634653,28.09362032926746],[-15.496558920432884,28.09351267929152],[-15.49641076452879,28.093418043936236],[-15.496016027006515,28.09335852142029]],[[-15.48615953886188,28.054711649331818],[-15.486661902234225,28.054367419981574],[-15.48680101197159,28.05434714866136],[-15.486844621113246,28.054016667465195],[-15.487049235614695,28.05386444103156],[-15.487105015391041,28.05374205312185],[-15.487105392805917,28.053523263321402],[-15.486970297964087,28.053192269384528],[-15.486953651323374,28.052930363576795],[-15.487128564179047,28.05265902215452],[-15.487329833103013,28.052456011983768],[-15.487438401806264,28.052252482041002],[-15.48790633372128,28.051754260639562],[-15.488248421656547,28.051437892626595],[-15.489128236632101,28.050939357577004],[-15.489519582096293,28.05064447588143],[-15.490207309206792,28.05040847506545],[-15.490449778163985,28.050241511732814],[-15.490898890888822,28.050080886696318],[-15.490941328045071,28.050051054074306],[-15.490918106318768,28.04968763600088],[-15.491018621085766,28.04959474944575],[-15.491340004583895,28.049472547346383],[-15.4921785228296,28.048883138970005],[-15.491979369986352,28.048727152023737],[-15.491527749137656,28.048569550024418],[-15.49111912242614,28.048625517164073],[-15.490181867974496,28.04863960771171],[-15.490066267203943,28.048470636721614],[-15.48999389511186,28.048154650350455],[-15.490053862448825,28.04803263442174],[-15.490053265818805,28.047901022175896],[-15.489976568334459,28.047479190987897],[-15.489842525837336,28.04729082323671],[-15.489712815740901,28.046890755562714],[-15.48958750559142,28.046788023113745],[-15.489522721716561,28.046808041324475],[-15.489508621421308,28.046898362088257],[-15.48937994330814,28.04702707698302],[-15.48897838252981,28.04729224153006],[-15.488790257814633,28.047379570856805],[-15.48853237785995,28.047409230506318],[-15.488423448909819,28.04748197876321],[-15.488122401818469,28.047902626342395],[-15.487930911423426,28.048335738599103],[-15.487716462340092,28.04843679985866],[-15.487179351916865,28.048855620480868],[-15.48660290807239,28.049147251842193],[-15.486452115179844,28.04935548040002],[-15.486252116846645,28.049530166984283],[-15.486106181475646,28.04957438354952],[-15.485375190744067,28.050230653752095],[-15.484908612425336,28.050482892861055],[-15.484422781447252,28.05066269304409],[-15.483764334846912,28.051083002552076],[-15.4836135702535,28.051258441664295],[-15.483282484527253,28.052072186050566],[-15.483112438984813,28.052243837908573],[-15.482521610983968,28.052636280828217],[-15.482382527067717,28.05266203616037],[-15.482210140711176,28.052813582865674],[-15.481900571371927,28.052942772388473],[-15.481650951786781,28.053116967452226],[-15.481219466899221,28.053204489867653],[-15.481187084166303,28.053146324712642],[-15.480909839348909,28.05325937573444],[-15.48052192549066,28.053276187958364],[-15.480212705567892,28.053480197685545],[-15.4800341022999,28.053706101168892],[-15.479706960838282,28.05390544223612],[-15.47909838062931,28.05416134425643],[-15.478400145296723,28.054356163001735],[-15.47727526900148,28.055138894962305],[-15.477080033399323,28.055354065111544],[-15.477354153671861,28.055740932537347],[-15.477273371356114,28.056315125968815],[-15.47735472560998,28.056819491229593],[-15.477357247360436,28.057279780598495],[-15.477205381510341,28.05791523477542],[-15.476846169129606,28.05893108647778],[-15.476929959795097,28.058966091204628],[-15.477208674854502,28.05889597565902],[-15.47759076225385,28.05898365384553],[-15.477828486057321,28.05894067047849],[-15.478819596454127,28.05851195382941],[-15.479366532519256,28.058094747312364],[-15.479566629527735,28.05801648824296],[-15.479802336141738,28.057973634901824],[-15.480439522303326,28.058045555041318],[-15.480674049143229,28.05797088400784],[-15.481101006697841,28.05769178909747],[-15.481609373660513,28.057450384125865],[-15.481923888272439,28.057368398330695],[-15.482150398100428,28.05719428394221],[-15.482314434424397,28.056994255345575],[-15.482555191708803,28.056839001902897],[-15.483119367388134,28.056657253561095],[-15.483460993323293,28.056403898792958],[-15.484015039735391,28.056165212788766],[-15.484000814980224,28.05613359606134],[-15.48437813472483,28.055853293866154],[-15.484663502778494,28.05572666662161],[-15.484961832106622,28.055522540984867],[-15.484949676205147,28.055337484395785],[-15.485548707624814,28.055080091824216],[-15.48591679011665,28.05499660762786],[-15.48615953886188,28.054711649331818]]]}},{"id":"30","type":"Feature","properties":{"categoria":"Paisaje Protegido","nombre":"La Isleta","codigo":"C-22"},"geometry":{"type":"Polygon","coordinates":[[[-15.420021694475194,28.180171615795544],[-15.420113005962856,28.180325768288974],[-15.420110544399757,28.18058482149812],[-15.419947240879896,28.180640088813192],[-15.41992047545367,28.180714986052653],[-15.41992855098785,28.180779377417878],[-15.420029259117628,28.180806627712084],[-15.420039984458697,28.18088169881863],[-15.41989476827207,28.181011265356897],[-15.419756954990776,28.1809495826862],[-15.419618814523236,28.18102065985347],[-15.41956781934688,28.180901516298096],[-15.419651404380419,28.18080143138245],[-15.419528842608324,28.180604108294933],[-15.41954798524802,28.18049717084933],[-15.419384643308568,28.180526963630637],[-15.419345097969332,28.180668626934512],[-15.419118191703067,28.180582374349605],[-15.419098989156979,28.18064008809844],[-15.419011515016345,28.180646828125212],[-15.418954244596389,28.180506616634478],[-15.418836419806306,28.18043695524714],[-15.418821455618007,28.180311752428892],[-15.418864988433109,28.18023899764464],[-15.418791824277902,28.18015325803131],[-15.418780261762967,28.18019777808682],[-15.418729430559122,28.18017008548024],[-15.418765329031169,28.180096315976485],[-15.418747097428986,28.179600396295815],[-15.41890730824468,28.179002657670292],[-15.418887741629053,28.178917214474417],[-15.41873086412368,28.178730800798963],[-15.418387371568295,28.178674078454318],[-15.41827904718014,28.17881739594378],[-15.418121379323642,28.178896330525088],[-15.417799034877584,28.17886305727529],[-15.417618384529497,28.178900176457102],[-15.417352899856425,28.17878399692395],[-15.417227327840413,28.17893545428844],[-15.416987061588248,28.17905155936873],[-15.416867138049062,28.179028409377725],[-15.416820492269569,28.179139302768494],[-15.416596745647114,28.179109942085578],[-15.416341268814705,28.178968310308594],[-15.416129435046715,28.178950349753663],[-15.416175935544187,28.178751760413494],[-15.416130372383035,28.178721396896705],[-15.416053908861784,28.178758892419122],[-15.415972918697186,28.17863752769026],[-15.415989907809038,28.17856294974581],[-15.415860627135451,28.178480321770817],[-15.415627700819655,28.17843712200363],[-15.415748429574107,28.17850013356742],[-15.415716837775426,28.178592087524503],[-15.415798473049126,28.17867751424194],[-15.41566751413849,28.178735223833385],[-15.415536238245485,28.178676694486693],[-15.415397115670693,28.17827473217344],[-15.41530027399308,28.178150409149396],[-15.415383305220764,28.178040967537758],[-15.415331730187425,28.177854519267385],[-15.415024357266486,28.17756064068603],[-15.414859790162973,28.177491234816934],[-15.414258881888156,28.177598082435455],[-15.414168251310699,28.177715751845394],[-15.413987337865866,28.17776904329557],[-15.41374926025704,28.177742032147705],[-15.413147807193905,28.177861532310594],[-15.41314696056696,28.177980545942056],[-15.413239564138655,28.178121402588303],[-15.413456134094192,28.17818470463754],[-15.41363618559864,28.178346672702023],[-15.414081476906048,28.178512000081728],[-15.414136485755046,28.178574805588752],[-15.414082536044488,28.178956266302894],[-15.413940164809953,28.179182992897935],[-15.413855592639106,28.17923148845881],[-15.413707939104958,28.17920293113518],[-15.41362694456059,28.179079831851446],[-15.41331828629108,28.179129698896958],[-15.413355290919696,28.178969151549648],[-15.4132894459335,28.17892036115423],[-15.41329688279594,28.178734889433805],[-15.413209012479937,28.178654155977167],[-15.413183696192965,28.178428631298758],[-15.413118624479415,28.178376832512576],[-15.412937370173843,28.17849564108234],[-15.412896745344504,28.178323773456295],[-15.413006658771835,28.178202526220304],[-15.4129074392815,28.178086991858283],[-15.412781038674604,28.17803202883778],[-15.41191755781517,28.17801900351854],[-15.414086900368128,28.177230159352657],[-15.415122072201276,28.17629660102062],[-15.41568592784651,28.17571171450483],[-15.41206180531592,28.172510080046298],[-15.411856017963146,28.172011337761784],[-15.411601507310875,28.17211609330096],[-15.411455625645765,28.172119275867285],[-15.41123271728166,28.171963959863234],[-15.411129001074347,28.171815940562816],[-15.411138890387532,28.17172217511078],[-15.411353824051435,28.17144927711459],[-15.41133007811437,28.171377132901128],[-15.411155921612888,28.17135425803711],[-15.411113286251213,28.171286503425414],[-15.411318719319594,28.170159757381718],[-15.411234051332714,28.169835339546957],[-15.411434211630672,28.16945617541308],[-15.411746880000274,28.169345910432426],[-15.411878467801511,28.169021257881774],[-15.412285012973458,28.168868670844432],[-15.412400515978845,28.168770263394155],[-15.412366925065166,28.168595891743614],[-15.412455002357795,28.168443396120633],[-15.41248379985828,28.16826030612937],[-15.412456263804033,28.16770981757366],[-15.412306997018245,28.167503306204235],[-15.412156124771688,28.167388061926257],[-15.411901160556267,28.167328899042488],[-15.411702701125451,28.167427131206136],[-15.411640306399509,28.167391499821502],[-15.411788296406495,28.16717974314986],[-15.411605819644636,28.167025172589334],[-15.411167880255713,28.167234757734754],[-15.41099800712251,28.167094167372802],[-15.410872265596664,28.166608091417686],[-15.41080361120436,28.166554857815733],[-15.410605075841184,28.166585061537873],[-15.41049630690849,28.166440667524096],[-15.410575402317745,28.166203130003733],[-15.410870009691084,28.165932160233133],[-15.410826148584412,28.165665527379343],[-15.410419220305087,28.165506861985776],[-15.410018557930497,28.165185258201944],[-15.409789152867697,28.16494590004344],[-15.40984508728842,28.164855788141022],[-15.409674253419242,28.16473161894765],[-15.409611495813197,28.164471695013294],[-15.409834054180944,28.16415486026865],[-15.40998851051025,28.16403105375504],[-15.410716268801096,28.163181062089958],[-15.410876359370596,28.163108944070224],[-15.411023609200171,28.1629178530428],[-15.411457756634084,28.162706691004068],[-15.411978743020411,28.162265909607985],[-15.412188194338295,28.161939298144322],[-15.412603349325218,28.16152627473021],[-15.412789501722326,28.161159580619728],[-15.413760048545063,28.160321695291703],[-15.414212680779622,28.16012736718693],[-15.414892997361054,28.159520574601736],[-15.415322184949591,28.159333535417925],[-15.415462159552828,28.15920312281102],[-15.415634490573757,28.158842677277203],[-15.41587678480173,28.158622117498116],[-15.41620411736726,28.158430907370597],[-15.417528963145728,28.158544009597886],[-15.417969394877023,28.158484893999855],[-15.418989265686704,28.158612199926335],[-15.41953223126603,28.158565620048616],[-15.421234184134153,28.15854797616378],[-15.421320510552178,28.158572697294485],[-15.421401769706163,28.158681926232788],[-15.421583458490256,28.1592177847993],[-15.421981382449234,28.15995489196359],[-15.421997916533313,28.160560729907886],[-15.42209265868703,28.16060638518132],[-15.422148271303126,28.160704842256973],[-15.423342367250575,28.161806723547617],[-15.426947289086959,28.163012005901155],[-15.43105209943246,28.162256052141068],[-15.430509327818156,28.161295487038593],[-15.430479327861791,28.16101975404425],[-15.430519328974844,28.160900653217123],[-15.431184942122357,28.160027188794082],[-15.431042140956375,28.159353442789353],[-15.430772244855069,28.15894092987858],[-15.430130984448434,28.158292273522495],[-15.430013208786187,28.15761121704235],[-15.42982525249205,28.15706128940819],[-15.429000246753876,28.156514558420803],[-15.428777497270383,28.15623361491408],[-15.428832450413418,28.156119631114027],[-15.429443886910608,28.156160602865416],[-15.429635210413515,28.15608538622275],[-15.429765326300954,28.156251263558048],[-15.430964608493937,28.15680258126705],[-15.431113702093075,28.156592118258008],[-15.431254598535585,28.156534768914195],[-15.431488274299118,28.15677523318328],[-15.431691880430607,28.15679640085132],[-15.431925544662974,28.156906731911302],[-15.432267359668959,28.1573373585212],[-15.432285770551143,28.157435215720053],[-15.432639031865806,28.157411108909745],[-15.432707736814914,28.15770874503994],[-15.432999349411572,28.158171158707553],[-15.432945247016775,28.158779249317718],[-15.433012640078397,28.159165533960106],[-15.433117454852704,28.159374627704466],[-15.433260683689118,28.15949116396779],[-15.433441220697398,28.159766591638295],[-15.433492560582948,28.160050958420644],[-15.433806606588172,28.160173597259003],[-15.433880332982646,28.160270421443013],[-15.434187531950291,28.16039221449605],[-15.43449806863275,28.160613942559554],[-15.434890194639111,28.16074023986186],[-15.43550679827834,28.161084473080734],[-15.435989208023141,28.16120961354938],[-15.43644350567185,28.161555514426844],[-15.43740387462601,28.161591158670667],[-15.437755069739149,28.16167452892642],[-15.438508494847202,28.16195693700722],[-15.438818601177234,28.16222720335855],[-15.439024366285704,28.162028258342392],[-15.4393107351909,28.161865487250054],[-15.439417949928199,28.16171835634443],[-15.439663015855766,28.161974648092944],[-15.440162152095347,28.16208310150106],[-15.44051607420433,28.162229572208837],[-15.4407595254263,28.162254903987286],[-15.440980803240734,28.162404688849605],[-15.441129294620918,28.162291265717645],[-15.441501615803737,28.162234604690802],[-15.441662203007125,28.16211275597547],[-15.441843125652607,28.16218312420822],[-15.441886334179012,28.16238663245873],[-15.441971445766692,28.16242864904998],[-15.441982103115672,28.162531043279778],[-15.442151012401839,28.16270670390037],[-15.442141537277683,28.162892012289227],[-15.44181220286498,28.162939870564134],[-15.44161656112845,28.162810107406862],[-15.441505906630146,28.16264477474696],[-15.44146121840622,28.1626365417846],[-15.441423908661537,28.16272609185819],[-15.441248930443791,28.162612672538984],[-15.441203706464716,28.162632749683446],[-15.441122870404236,28.16279130634778],[-15.441130078788714,28.162879963731676],[-15.44129196969993,28.163140167189464],[-15.441277159606123,28.163217169508535],[-15.441526017557823,28.1633034864964],[-15.441545729180918,28.163452881883728],[-15.44143488526156,28.16357415491539],[-15.441289295235183,28.16360062160634],[-15.441222644357563,28.16383290973038],[-15.441139086830285,28.163852126394406],[-15.441068053755114,28.163778406514812],[-15.44094648527504,28.16389272684054],[-15.440896463500275,28.164014787559566],[-15.440917538711751,28.164226166582157],[-15.441202861984662,28.164301967714337],[-15.441259565630714,28.16445805929549],[-15.441099087221062,28.164590008315294],[-15.44106918044285,28.164689184223846],[-15.440943105197263,28.164658510424786],[-15.440922229137545,28.16521145911308],[-15.440984056875271,28.165345291934663],[-15.44107294706974,28.165401622623236],[-15.44107028310706,28.165626365660607],[-15.440983913580155,28.16594641373632],[-15.441055045412957,28.16596438298902],[-15.44109369063548,28.16577043230065],[-15.441154065003166,28.165708710300578],[-15.441530288134741,28.165726274031762],[-15.441536206328236,28.165818112990536],[-15.44169678728578,28.165869590350585],[-15.441697614731995,28.165912339220128],[-15.441551769435556,28.16611559041437],[-15.441427514150703,28.166404735315858],[-15.441333588338065,28.166484303462354],[-15.4413015668119,28.166465341765665],[-15.4413253732784,28.166229842747736],[-15.441248836039343,28.166483421081416],[-15.441159342981637,28.166486480632067],[-15.441217152562713,28.1663084729403],[-15.44110759891635,28.16626826781646],[-15.441096770222092,28.166123989169222],[-15.440987330572,28.16674758784879],[-15.440805827207916,28.16692004484542],[-15.440953819259112,28.167001316330182],[-15.440892022515092,28.167066626506504],[-15.440602264260777,28.167038844288708],[-15.440504903516029,28.166904259033096],[-15.440261936132352,28.16695241357795],[-15.440150663356007,28.16668384093598],[-15.440046013800751,28.166759281252972],[-15.439984338260139,28.166981325209274],[-15.440008497005808,28.167149942849353],[-15.440207257983763,28.167360913425036],[-15.44022464030471,28.167476528616987],[-15.440302492467692,28.167575764137556],[-15.44026770100742,28.167803381648643],[-15.440423464147832,28.167904099791752],[-15.440298755246816,28.167936853270426],[-15.440196616816378,28.168068613653574],[-15.439998413870892,28.168143776860624],[-15.439808606183894,28.168406266704974],[-15.439797131583614,28.168549578943274],[-15.439601187037216,28.168651715813056],[-15.439598420553898,28.168819724833984],[-15.439427513080133,28.16882703446498],[-15.439558989834126,28.16898190278365],[-15.439385795832024,28.169195060715502],[-15.439287243890629,28.16920040485446],[-15.439116128535998,28.16904467944032],[-15.438708811244796,28.16899861147626],[-15.43867269999933,28.168936044160873],[-15.438561499755497,28.169004571646134],[-15.438246963667961,28.1689293190023],[-15.438083576726497,28.168947435206544],[-15.438063721309371,28.1689969211466],[-15.438330643977602,28.169114094199003],[-15.43828362693492,28.169174905622192],[-15.43792068812517,28.169220551306644],[-15.437807534196159,28.169129632778432],[-15.437831724874485,28.1690665835974],[-15.437897640560076,28.16908399342136],[-15.437883919626602,28.169028982058038],[-15.437645515536085,28.169078561712585],[-15.437574236240518,28.16931265008868],[-15.437448201807701,28.169373253292214],[-15.437314059217412,28.169170900778944],[-15.437040313108259,28.169106491855448],[-15.43704857878711,28.168974744538488],[-15.436882349804986,28.168977874652462],[-15.43690954186609,28.169219736673387],[-15.43704638418355,28.169444901045715],[-15.437064850855563,28.16957742963057],[-15.436999362898815,28.169697922418493],[-15.436852998462701,28.16974420102254],[-15.43680777634766,28.16968541747868],[-15.436833831251791,28.16955199762454],[-15.436758128384215,28.169532596471],[-15.436724885349637,28.169774768578982],[-15.436798074265823,28.169945135076265],[-15.436366519528704,28.169871117887133],[-15.436240789342442,28.169894049645823],[-15.436212212149371,28.170001019495576],[-15.436364247360842,28.170066801838725],[-15.436262484781258,28.170260257153284],[-15.436074861924808,28.170165358828868],[-15.435884153675726,28.170208888974418],[-15.435815986853662,28.170118692204646],[-15.43592702023534,28.17041037798914],[-15.435803253621241,28.170468083851407],[-15.435554101700014,28.170359975609035],[-15.435540435426544,28.17052698112519],[-15.435271682340531,28.170622139873583],[-15.435197064213703,28.17078533110653],[-15.435130036886559,28.17076775201219],[-15.4351912046938,28.170578353250605],[-15.43512851309497,28.170552266037248],[-15.43500966558907,28.170632540929805],[-15.43499370733536,28.17079724277853],[-15.434807518122883,28.170734401817494],[-15.434791916310646,28.170664835683606],[-15.434641642635796,28.17074503851467],[-15.434632845976578,28.170826814290397],[-15.434344976555549,28.170978802244115],[-15.434541291493048,28.170595437741106],[-15.434312387423956,28.17070581394718],[-15.434235490397924,28.170827208189802],[-15.434167904294682,28.17084781430098],[-15.43419085645752,28.170671653248238],[-15.433899059371475,28.170658134963755],[-15.433845593209373,28.170623523592617],[-15.43381209281672,28.170480354301866],[-15.433734909962967,28.170530978055087],[-15.433613261598412,28.17083900099508],[-15.433499338946099,28.170880380011265],[-15.433456540100238,28.170848785824745],[-15.433503663720126,28.17074026839114],[-15.433449340811363,28.170654819914365],[-15.433477871606746,28.170487596024408],[-15.433437542035005,28.170234563440598],[-15.433320790583622,28.1703347075429],[-15.433173861220205,28.170274222523712],[-15.433075926318304,28.170448309668537],[-15.433070600724351,28.17066381736163],[-15.43299108645089,28.170783197161317],[-15.432809321596263,28.170895561204066],[-15.432587744431984,28.170835022593483],[-15.432561151335321,28.170754974540333],[-15.432480472671026,28.17082813984748],[-15.432396599607259,28.170803562576655],[-15.43231704647784,28.17084760336079],[-15.43232422196159,28.170962665029656],[-15.432252591847828,28.170983400314817],[-15.432240340073443,28.171098117090814],[-15.432315159325928,28.1711890438818],[-15.432305204463153,28.17130750861137],[-15.432407916637302,28.171315272472256],[-15.432350599380822,28.171490792494353],[-15.43228946491412,28.171527670920288],[-15.43242423103566,28.171676415443347],[-15.432400416713179,28.17171999140306],[-15.432198479985654,28.17176135834851],[-15.432136836717657,28.171590546746668],[-15.431654598808743,28.17164059635009],[-15.431598604358653,28.171691729842372],[-15.431654491035326,28.171727950277845],[-15.431638015808948,28.17181338792261],[-15.43152684514369,28.171891153207774],[-15.43141567698036,28.171888325978106],[-15.431317489033699,28.171822603273707],[-15.431389228019881,28.171747562128616],[-15.431374442273384,28.17168538608332],[-15.43124820564769,28.1716641190289],[-15.431259470662052,28.17187206399357],[-15.431111594255656,28.171900838036258],[-15.430928783070488,28.171834397483966],[-15.430965600665209,28.171944455292433],[-15.430795402298354,28.17201576191169],[-15.430860767087776,28.172220936956666],[-15.43101761586682,28.172283009030572],[-15.431011793935088,28.172538381095364],[-15.430959254049156,28.17260527349595],[-15.430879410792732,28.17261043538321],[-15.430829979305956,28.172476847937787],[-15.430706889268777,28.17246059849314],[-15.430629917603397,28.172531611671083],[-15.430494163256045,28.172298520876065],[-15.430437140358531,28.172418695077596],[-15.430217283753317,28.172429667606597],[-15.430478133420543,28.172805929766938],[-15.430631414185774,28.172823935000533],[-15.430648842474325,28.172943180071503],[-15.430517838659819,28.172952835549932],[-15.430421611103144,28.172903625331625],[-15.430377518243667,28.173045017275324],[-15.430299139203433,28.17300886700378],[-15.430322797638311,28.172892959125686],[-15.430188637906923,28.17296166934143],[-15.430019059832151,28.17291095606773],[-15.429990851281957,28.172981933108268],[-15.430240677911025,28.17314394909294],[-15.43022021644992,28.173277295961018],[-15.430289340326913,28.173166905134728],[-15.430387906682958,28.17319721473321],[-15.430444093168411,28.173422756454666],[-15.430263091106855,28.173401660641716],[-15.430206226048718,28.17357677211694],[-15.430160197845186,28.173430581190377],[-15.430191722179101,28.173862501862683],[-15.43015007444301,28.17399649298485],[-15.429945030152417,28.17404410400155],[-15.429778305867762,28.173876916079603],[-15.429735165820855,28.17397919114197],[-15.429549014267563,28.17397486452912],[-15.42924053254187,28.174226681083436],[-15.429357992554758,28.17438362510537],[-15.429365117873353,28.174486843723077],[-15.429264354179388,28.174608075303283],[-15.429030973266311,28.17456501706443],[-15.428836849490464,28.174899142968407],[-15.42881797858897,28.175235148142676],[-15.428705606073102,28.175291367634294],[-15.428713198525696,28.175608974295773],[-15.428674672210844,28.175708869512693],[-15.428560170104996,28.175688429875255],[-15.428434370863618,28.175744745327133],[-15.428317716114606,28.17567491688548],[-15.4283372358667,28.17578011880693],[-15.428181677414903,28.175764140196428],[-15.428128628672717,28.175916418784563],[-15.42771425930504,28.175905870359838],[-15.42757641366227,28.1757868294852],[-15.426912572618631,28.175883529964487],[-15.426796700458612,28.175797638879992],[-15.426737516013246,28.17566985762112],[-15.426532837037726,28.17564640244782],[-15.426443376207487,28.175775224511103],[-15.426356772941189,28.17580264717821],[-15.426252215490038,28.175577082865242],[-15.426138959181415,28.17557524181698],[-15.426074820601885,28.17564436198671],[-15.42600986523577,28.175574199181906],[-15.425818360372126,28.17561812407241],[-15.425525908271222,28.17593649215109],[-15.42546866819973,28.17610149267248],[-15.42550227888997,28.17630833053177],[-15.425360489274922,28.17636093765806],[-15.42527640862601,28.17661424161739],[-15.42503606234093,28.17683798904472],[-15.424658351939728,28.1768993615045],[-15.424594654578057,28.177114183228813],[-15.424503880043888,28.177125324063145],[-15.424419478964118,28.17733166138628],[-15.424436781424331,28.177552180687538],[-15.424335020423053,28.17765515929985],[-15.42410697979541,28.177742984650788],[-15.424022471352528,28.177888832625555],[-15.424055357065383,28.178044138332535],[-15.42396244459652,28.178125596154665],[-15.423806151577965,28.178453766393705],[-15.423593042878652,28.178525946151677],[-15.423520459346058,28.17863738238935],[-15.423433009903135,28.178616277088626],[-15.423416698416654,28.1786960533298],[-15.423335879042527,28.178736572334934],[-15.423250259366371,28.179146614261082],[-15.423070574746358,28.179213896593463],[-15.423035579528714,28.17943353951468],[-15.422783540987302,28.179422474647218],[-15.422833155561035,28.17960430423237],[-15.422738331222313,28.179648332473253],[-15.422732392923828,28.179713344659596],[-15.422387235557837,28.179781308387312],[-15.422394736544408,28.179865055102315],[-15.42249501730458,28.17999877747244],[-15.422512773618653,28.180237150812598],[-15.422345449289981,28.180430220342313],[-15.422074260018274,28.18055769528992],[-15.42198814885611,28.180511914375195],[-15.422016479811463,28.180337932403216],[-15.421962799624906,28.1803165505783],[-15.421689666070675,28.180413294084346],[-15.421658467143354,28.180521135527737],[-15.42115695759303,28.18053931567041],[-15.421091602861368,28.180450375806792],[-15.42110923412078,28.180207677860352],[-15.420948712473114,28.180390325764073],[-15.42092736670615,28.18013457737802],[-15.420714719577946,28.180193292115334],[-15.420705344002926,28.180379925505843],[-15.420656892061036,28.180460549401722],[-15.420462519006819,28.180141205139897],[-15.420447746882287,28.17999785779916],[-15.42034481765281,28.180053752603154],[-15.42025732459778,28.17998775451771],[-15.42008712083151,28.180013236268678],[-15.420021694475194,28.180171615795544]]]}},{"id":"59","type":"Feature","properties":{"categoria":"Paisaje Protegido","nombre":"Orone","codigo":"G-13"},"geometry":{"type":"Polygon","coordinates":[[[-17.276086497763274,28.09614696864353],[-17.27593779995657,28.096198162039425],[-17.275738477875166,28.0964396642648],[-17.27484162849857,28.09640503612422],[-17.274731402488914,28.096345795860383],[-17.274310572034057,28.096380766552425],[-17.274030801588953,28.096441386549383],[-17.273475041077063,28.096700950839075],[-17.27252752436895,28.096837586760905],[-17.272193522449694,28.096960730308467],[-17.271354007460936,28.096880275020382],[-17.27059689645822,28.09702366130147],[-17.27073913034733,28.097789241891633],[-17.270696043157237,28.097980344922384],[-17.270586099380186,28.098122927518766],[-17.27053470961948,28.098523776878974],[-17.270278538903817,28.098784421371704],[-17.270540198275754,28.098861330871685],[-17.27089890014062,28.09910072513215],[-17.27106933221548,28.099342412745873],[-17.271235133569668,28.099887356125375],[-17.27141004059475,28.100080054350485],[-17.27204521124402,28.100552397134052],[-17.272475312720786,28.101239782421352],[-17.27261038439399,28.101562235244483],[-17.272671535557244,28.101993044211948],[-17.272636226209134,28.102237300663315],[-17.272018613834582,28.1023862326004],[-17.270842667294374,28.10322364075165],[-17.27049591559352,28.10365412356411],[-17.27020852034211,28.103831081572146],[-17.270090614813164,28.10396553956501],[-17.269820684443523,28.104783007740885],[-17.269213200021547,28.10561354361138],[-17.26908940057211,28.10575047150696],[-17.268860060263396,28.105889137064242],[-17.26871461412855,28.106090785362444],[-17.26829295172765,28.106250633988704],[-17.268115836439282,28.10638606112646],[-17.268022715068884,28.106509893199387],[-17.26785549755249,28.10693390762104],[-17.267621394685495,28.1070906603461],[-17.267597333412358,28.107767094391],[-17.267524718605436,28.10825285931008],[-17.267450876262323,28.10841766230389],[-17.267176866195843,28.108680745175906],[-17.267131638295652,28.108792298073542],[-17.267047668026603,28.10904168942514],[-17.26706724193996,28.109547918994302],[-17.267019280404313,28.109812541476874],[-17.266713783479183,28.110573160089285],[-17.26655591577788,28.110737727964253],[-17.265706324526693,28.111320506035202],[-17.264704535452655,28.11173253940449],[-17.263980906058354,28.111489560896267],[-17.263863923249335,28.111407595271384],[-17.26382950313808,28.111316397740207],[-17.263716127752264,28.110843703608843],[-17.263791789532156,28.110375196270123],[-17.26399050659756,28.109826831347906],[-17.26384927245423,28.10865134644573],[-17.26403081165223,28.108282827046732],[-17.26407044967257,28.108012576927518],[-17.263794342933295,28.107482917707316],[-17.263695846187737,28.107377754543595],[-17.263150410611193,28.10706916131739],[-17.262912964353205,28.106748597328586],[-17.262801184016336,28.10623214897223],[-17.2627951823419,28.105755289853214],[-17.262857257309,28.105350097313078],[-17.262767916782856,28.105116228423412],[-17.262498857978198,28.104937642186226],[-17.261401116208358,28.104594681217097],[-17.260447519917296,28.104225810938466],[-17.25953090889024,28.104112755324884],[-17.259373105242403,28.103997467589696],[-17.259254435161,28.103743154491003],[-17.2591997658072,28.10322828748952],[-17.259052677214374,28.103013368663674],[-17.257997368647132,28.102652472521246],[-17.257941703230337,28.102394332179184],[-17.258316469313122,28.101608912833473],[-17.258354638279492,28.101163952869427],[-17.258263804514538,28.101052451041852],[-17.257882054713765,28.10089656371151],[-17.257390695981677,28.100898239170444],[-17.25719594543257,28.100829313760745],[-17.257018344316993,28.10063027934199],[-17.257012888244713,28.100542212082008],[-17.257227110007936,28.10002382826605],[-17.25726468498263,28.099469606666545],[-17.257448991415618,28.098877525967854],[-17.25737899004902,28.098745134484382],[-17.25702631384784,28.098602995321983],[-17.256879807891387,28.09835266581411],[-17.25659261939214,28.098309064143255],[-17.25627125826512,28.098379067437765],[-17.255755566577413,28.098789556277666],[-17.25548710366596,28.098856052726102],[-17.254952796914782,28.09922622228044],[-17.25439094781786,28.099787955233783],[-17.253938218318616,28.100369241291023],[-17.253658348065464,28.100489023727956],[-17.253359989202362,28.100966204789508],[-17.252921142430257,28.101399612131463],[-17.252103283774574,28.10186804679478],[-17.251593879027318,28.101976968801118],[-17.251345968886817,28.102123291665563],[-17.250859649155053,28.10270339660558],[-17.250596641168574,28.10312830664242],[-17.2504070699623,28.103564372677276],[-17.250256525345783,28.103699819569307],[-17.250145540972234,28.103726382978795],[-17.24994441675687,28.103609078931473],[-17.249697925231885,28.10332242147469],[-17.249857879341747,28.102636347491504],[-17.250056510249347,28.102479259122155],[-17.250253738071073,28.102231094642377],[-17.249948516341426,28.101708062470134],[-17.250021263297853,28.101149339083694],[-17.249931249762657,28.101044071029825],[-17.249833600648383,28.100621670137322],[-17.249822007662456,28.100402594975275],[-17.24989134381448,28.10017533411997],[-17.24975906446852,28.099931710901554],[-17.249125468889655,28.099076133566495],[-17.249190210459325,28.098549565244898],[-17.24917171555516,28.097999539269477],[-17.249111106512647,28.09772812086065],[-17.249032095916807,28.09770233801321],[-17.248855136986464,28.097859998636654],[-17.248742616143193,28.098490297040847],[-17.24831074770144,28.099146107619514],[-17.247737562046144,28.09960652481813],[-17.247096056861473,28.099773260019735],[-17.247038844131716,28.099640202000117],[-17.24711242577541,28.098737570581886],[-17.246878269332637,28.09826308388476],[-17.246809089395338,28.09778029898323],[-17.246622565634592,28.097506430779365],[-17.24623982178345,28.096629863377572],[-17.245838754968876,28.095273826502932],[-17.245602092134003,28.094834658984],[-17.24550200041287,28.09474823078939],[-17.24525870020394,28.094679216349626],[-17.24479623838162,28.0947324186132],[-17.24441514046156,28.094691943242644],[-17.24399049702985,28.09477829798779],[-17.243499047117425,28.094553809150312],[-17.243178090001088,28.094713629001095],[-17.243042205973644,28.094711430394632],[-17.242999452965222,28.094642108938046],[-17.243008961135565,28.09448774525497],[-17.243245156565465,28.09387778666088],[-17.243232112574134,28.093666493947616],[-17.24268388589761,28.092697966977166],[-17.241610121919404,28.09251195763183],[-17.24153310724961,28.09254669297977],[-17.241323313335563,28.092826415680516],[-17.241157778087405,28.09282208297164],[-17.240993847164745,28.093154473633284],[-17.240813585237557,28.09338652112498],[-17.240584538420787,28.09354781069882],[-17.24034302128785,28.093569261912908],[-17.240028401286747,28.09351845714014],[-17.239582412358615,28.09362350027069],[-17.23902481589983,28.09352387486935],[-17.23868575762579,28.093591274383353],[-17.238503758312728,28.09367617716786],[-17.237636500464376,28.09430211251171],[-17.237476477525956,28.09469597468731],[-17.237479040098385,28.095099004410066],[-17.237436847430576,28.095174225459722],[-17.237054325257287,28.095353984890913],[-17.2365882254689,28.095453445513996],[-17.236313068823286,28.09564638529222],[-17.23579937392422,28.09564704717281],[-17.23514180774943,28.095826250783855],[-17.234937471526894,28.095940829951147],[-17.234804390051895,28.095775435839638],[-17.23443940366986,28.09502859483713],[-17.23374455486052,28.094515100732554],[-17.233511232477355,28.094257396142837],[-17.233591541314812,28.09383915604574],[-17.233697558450366,28.093588258913645],[-17.233467407546893,28.093233014395366],[-17.233418151660775,28.092685757463954],[-17.233282813644262,28.092298550620285],[-17.233246586526427,28.091813360383433],[-17.23314498427484,28.09168335546526],[-17.232858323395302,28.09160800427805],[-17.232681534604197,28.091499877574524],[-17.231834780290985,28.090859694233238],[-17.23192785988729,28.09045062218935],[-17.23186629500726,28.088913162479574],[-17.2316081254579,28.08847605899649],[-17.231608106168313,28.08815250927218],[-17.231320618883256,28.08753056968135],[-17.231955966675997,28.0879273918328],[-17.232553527816208,28.088031089135175],[-17.232897632179192,28.088193321304292],[-17.232980820780885,28.088569864313335],[-17.23345064964313,28.088479740518792],[-17.233664061229675,28.08852147180665],[-17.234153968858895,28.08898324668666],[-17.234241258465847,28.08914000370384],[-17.234312805188836,28.089027941327533],[-17.23427458654388,28.088833299024845],[-17.23429483244861,28.08850903149328],[-17.234373365340474,28.088179212458137],[-17.234120635924707,28.087678474036082],[-17.23390283768003,28.08741502122742],[-17.23377936961073,28.08702929942445],[-17.23375132200177,28.086780351173903],[-17.23351313924343,28.086539607480603],[-17.23350059240098,28.08628742900205],[-17.233687524714522,28.08624459179701],[-17.23408382953787,28.086530132149367],[-17.234459399878507,28.086516975716524],[-17.234765503353863,28.08661304972674],[-17.23507336359809,28.086960845404928],[-17.235533937622183,28.08723955895622],[-17.236019902449012,28.087304906311264],[-17.236224065743254,28.087474825486034],[-17.23642540714885,28.087562587823736],[-17.236824943580025,28.08754217623026],[-17.23719548714403,28.087772182528838],[-17.23755616019518,28.08785490768097],[-17.238112051895616,28.08822544833458],[-17.238949379283717,28.088287306456923],[-17.23928651345021,28.08861322866106],[-17.239285836052666,28.088825648601258],[-17.239341501318492,28.088943757233658],[-17.239693216598095,28.089261228970468],[-17.240007327092314,28.089742274969012],[-17.24013434564712,28.089719627087636],[-17.240199639268663,28.089786867009042],[-17.240239854796094,28.089773396978355],[-17.240248035399617,28.08874171820611],[-17.24045775437767,28.088487985591048],[-17.24050111122027,28.088199614067054],[-17.240688310867498,28.08808638108368],[-17.2410707883519,28.08809502012271],[-17.24150205665303,28.08832564618722],[-17.24173570351785,28.088238424827928],[-17.24185342961221,28.088406165738842],[-17.241842056488185,28.088603059771003],[-17.24209057196474,28.08878668196564],[-17.242327390123464,28.08886275664862],[-17.24240768033953,28.089083597654362],[-17.24282292018261,28.089182109456498],[-17.243077087544403,28.08909917914737],[-17.243219112206013,28.089103443164458],[-17.24377837519159,28.08927975017789],[-17.24359226635011,28.08867053687465],[-17.243475367717117,28.088563267249864],[-17.24340592350478,28.088360115653526],[-17.243075544380222,28.087943680072677],[-17.242848900689424,28.087422230317102],[-17.242248989592508,28.08677983488509],[-17.24208302124907,28.08667589265454],[-17.241905135266972,28.08640972543122],[-17.24198199574148,28.08622940438639],[-17.24184768065587,28.08595588971408],[-17.241751808049923,28.085288558668026],[-17.24167714134142,28.085063925533316],[-17.242043249254436,28.084933600144236],[-17.24214547458328,28.084800188722113],[-17.241598055044825,28.084171188196844],[-17.24160112587847,28.084034976200943],[-17.241730345680207,28.08378075290587],[-17.24154715194573,28.0835575323835],[-17.241616008040342,28.08343892353004],[-17.241943858727367,28.083205906890253],[-17.241973471468423,28.083118077182053],[-17.241837149403597,28.08280521121342],[-17.241832857360663,28.082672097237854],[-17.24208116897414,28.082562646244064],[-17.24211833953328,28.08247622693284],[-17.24226946691531,28.082390200602077],[-17.24229401786607,28.08228891861176],[-17.242119852874836,28.082162281092877],[-17.242063511122016,28.082001774950648],[-17.242084913656228,28.081876271734473],[-17.24189274480023,28.08170571392054],[-17.24179910631892,28.08130724073382],[-17.2416234439466,28.08132878981845],[-17.241038320408112,28.08119445589697],[-17.24076913273479,28.081019713607308],[-17.240483724339395,28.080910411144902],[-17.24030236953599,28.080731282579727],[-17.2401603714017,28.080468045271026],[-17.23978955268204,28.080253209694078],[-17.239625217715066,28.079791101429272],[-17.239587011236345,28.079337490987953],[-17.239626035863516,28.079041339906503],[-17.239512278911334,28.078795506812128],[-17.239508954809303,28.07836081716527],[-17.239426577533532,28.078293584708288],[-17.23903666206088,28.078217025126015],[-17.23880962716615,28.078071845679364],[-17.238561570208358,28.07798728473325],[-17.238416521995383,28.07784636112474],[-17.23819123303072,28.077481163230008],[-17.23823073120441,28.07740878328681],[-17.23832275065439,28.07740141670624],[-17.238570942181905,28.077649478730535],[-17.2390742999997,28.07781965498933],[-17.239581787888923,28.077747575778353],[-17.239914378592097,28.077821911734883],[-17.240088760488785,28.077974175227624],[-17.240205268070202,28.07815156612295],[-17.240204429493314,28.078297396756245],[-17.24010082925716,28.078550658895463],[-17.2401305798206,28.078621367101473],[-17.240182832866257,28.07862926641099],[-17.240371217993175,28.078137757266706],[-17.24031280198218,28.077867289669904],[-17.240195675468993,28.077669877178018],[-17.2400647641067,28.077543522776256],[-17.239818976091357,28.077435917557334],[-17.239331113194783,28.07734074563357],[-17.238979332467324,28.077184789543015],[-17.238799834601984,28.077045691828424],[-17.238801100707807,28.076900756459178],[-17.239132858463808,28.07673896748244],[-17.239755918687795,28.076628005732868],[-17.240437657383893,28.07628571736357],[-17.241073934614253,28.07603737938211],[-17.241605316415253,28.075921049370155],[-17.241999936631643,28.075945280004838],[-17.242334128852157,28.07608074415372],[-17.242458613277325,28.07677072578269],[-17.242626058885584,28.07703462758609],[-17.243201765607115,28.077694835083946],[-17.243207393030623,28.07783830401289],[-17.243031439055372,28.078667807116325],[-17.24304940280893,28.07894958220686],[-17.243176290859715,28.079136635981246],[-17.243949458066417,28.07976617949666],[-17.24397830141313,28.07995456554785],[-17.24378791741022,28.08031013040266],[-17.24380709958911,28.08060145002198],[-17.2439996143474,28.08099406311259],[-17.2445517456726,28.081820407213517],[-17.244755082650947,28.082028766457466],[-17.244942940820984,28.082104375189815],[-17.245437284229315,28.082079500181813],[-17.24606463346058,28.081919351819884],[-17.24618391431621,28.081945821962204],[-17.246259242094364,28.082030851147067],[-17.246259202278836,28.08219020327993],[-17.245872264405126,28.083044458950845],[-17.245769051509992,28.083139900999118],[-17.24544515612311,28.08328389194591],[-17.24531509377694,28.083521619526586],[-17.245214987050083,28.084005914653815],[-17.245219971707304,28.08418187767101],[-17.245300723267217,28.08473278179587],[-17.24544985474968,28.085010333380232],[-17.245665988098505,28.08513898610881],[-17.246359799269733,28.085243032446463],[-17.246615147169866,28.085354167773403],[-17.246801372952703,28.085551344147003],[-17.247127626689515,28.086130889058143],[-17.24741954001925,28.086317038834327],[-17.247622737197755,28.08635196776852],[-17.247962151227995,28.08628351274185],[-17.248232629504894,28.086393043380422],[-17.24841872223907,28.08639811371558],[-17.249181669129275,28.08602106332749],[-17.249418011972487,28.08598172579546],[-17.249765324292397,28.086072578274496],[-17.249935048050787,28.086357754145816],[-17.250109418717514,28.086303749562102],[-17.250166327713167,28.08619516814587],[-17.250195801497878,28.085905867369593],[-17.250158231654265,28.085523147637424],[-17.249971181161307,28.084669608856426],[-17.2497659538764,28.084414746951037],[-17.25017649181064,28.083351863974894],[-17.25035772041094,28.0831113076449],[-17.250466481237687,28.082744540363635],[-17.250634198598128,28.082600619194274],[-17.250846680832705,28.08214652777444],[-17.251034562772347,28.08159060598212],[-17.25151411414347,28.08141827689281],[-17.252298352295497,28.081332313282715],[-17.252784134482063,28.08093567505952],[-17.25337666412822,28.080717803543756],[-17.253774347406072,28.080483522454603],[-17.253706405213514,28.08008012528481],[-17.253768196188933,28.079721427368387],[-17.25324207997743,28.07926236404138],[-17.25260714037072,28.078863532252637],[-17.25239134370458,28.07846661635297],[-17.25233064870942,28.07815140702938],[-17.252395978384865,28.07786932522622],[-17.25268803960901,28.077213328114418],[-17.252865762035203,28.076939070416753],[-17.25327214023668,28.076487412903624],[-17.253347299099435,28.07598692017337],[-17.25321757203088,28.07563088979611],[-17.25318723441603,28.075349202931463],[-17.25322096191327,28.075207551891207],[-17.25369321046185,28.074396650311524],[-17.253727820159774,28.074258801526053],[-17.253979115921684,28.073994188943068],[-17.253932906849364,28.07295302060031],[-17.25401168665721,28.07262613015218],[-17.25389509221609,28.072313295456603],[-17.25392905487749,28.072182495415035],[-17.253870861290196,28.07173846813299],[-17.253744083480846,28.071523477578793],[-17.253559568299355,28.07085110640984],[-17.253608691339082,28.070275073985343],[-17.253689509339512,28.070045827268366],[-17.254056018007187,28.069442870992983],[-17.254025454573643,28.069150332812736],[-17.254262476257768,28.068788277477214],[-17.25422102783408,28.067974949612612],[-17.25425204409588,28.067703109763315],[-17.254415486331087,28.067331408062476],[-17.25458186289459,28.06710075513713],[-17.25572176830149,28.066094178143278],[-17.256030570136172,28.065648656776464],[-17.256300595759125,28.065382415379087],[-17.256418140106128,28.06507737238032],[-17.256788630496242,28.06473937615521],[-17.256996605893146,28.064697687790964],[-17.257250153903144,28.064570899828023],[-17.257463930263082,28.064282211312907],[-17.257712325745285,28.064054536808666],[-17.257923076615892,28.06393356801889],[-17.25854719208029,28.063359766331846],[-17.25932226988263,28.062937891966847],[-17.25966748036769,28.062847497382418],[-17.25977319513054,28.06239382583814],[-17.260729738627212,28.061661433446794],[-17.26129576876075,28.061512364068424],[-17.262180359285026,28.061141275497487],[-17.262943671040677,28.06093069308563],[-17.263281469155622,28.060910756263986],[-17.263863427517606,28.06106624020642],[-17.2641921879887,28.060822668739483],[-17.26441725998513,28.060404068672085],[-17.26451641683671,28.060304057370736],[-17.264780942782878,28.060189396546757],[-17.265603675920737,28.05958657068456],[-17.265895263646282,28.05949951864198],[-17.266195906379473,28.059292379351767],[-17.266585952970818,28.059114604383982],[-17.26689588540343,28.05884957041804],[-17.267160656661364,28.058465940313873],[-17.26750309849417,28.058227266358926],[-17.268011008963413,28.058146922242052],[-17.268352876976635,28.058213948180057],[-17.268884083022908,28.058206856679316],[-17.269158613484706,28.058129670024286],[-17.269564481908226,28.057933232678867],[-17.27001406007298,28.057833281911048],[-17.270173028252913,28.05749826319461],[-17.270199087635056,28.056901594187046],[-17.270356728408245,28.05661673942767],[-17.271692484454153,28.05606693023488],[-17.27294651253777,28.055359083471995],[-17.27323210286725,28.055110534222916],[-17.27388801794024,28.05438805672124],[-17.274598390746,28.053747626806942],[-17.274962111531263,28.053611438564886],[-17.27542398696539,28.053686940396172],[-17.27586443009945,28.05364599032928],[-17.276382340216948,28.05309506063454],[-17.276517241709165,28.052731262528486],[-17.276744460020005,28.052496093103272],[-17.278096734494028,28.051997635715658],[-17.279527358457617,28.05180552898668],[-17.279816616035838,28.051667479033007],[-17.28041377781367,28.051209511480543],[-17.281892001859244,28.0508019637575],[-17.28216726451779,28.050686347836276],[-17.28271687011142,28.049890836300612],[-17.282843023457193,28.049572572353036],[-17.282895731467015,28.04927753193014],[-17.283109695435147,28.049232375581834],[-17.28323696731255,28.04912874835891],[-17.28346494112554,28.04834183203887],[-17.283902859552043,28.04782085554052],[-17.284551530889605,28.04752709389317],[-17.285000339709914,28.04738202007794],[-17.285571334990273,28.04667628410991],[-17.286665348567446,28.045540438235246],[-17.287436349884555,28.044876510847377],[-17.288288822611545,28.044483672885352],[-17.28900144644502,28.044382643583422],[-17.289360688470172,28.04351033662939],[-17.289616647142275,28.043317212665784],[-17.289634114402205,28.04324401396483],[-17.28955047380162,28.043016400264563],[-17.28965669130651,28.042667957797523],[-17.289579577646343,28.042311564500913],[-17.289494761210566,28.042110011250283],[-17.28930039812309,28.041957142087057],[-17.289159411487763,28.041616719815778],[-17.288969734668857,28.041504502685484],[-17.28895600683954,28.04103639158845],[-17.288776792978254,28.040876483537218],[-17.28868385318733,28.040609114505937],[-17.288253796274663,28.0399748686426],[-17.288216459134695,28.039836344142977],[-17.288538690853695,28.039144786170947],[-17.289132992955054,28.038454917816562],[-17.289196617571587,28.03796335596114],[-17.289404168150604,28.038087663903244],[-17.28953182909441,28.038286030665635],[-17.28931289788312,28.03896885727728],[-17.289336211155195,28.03912366754784],[-17.289225107423682,28.039342167011824],[-17.2892067994329,28.039558126677488],[-17.289346472956478,28.03976179737896],[-17.28943540464887,28.040076126333506],[-17.28970328819417,28.040311856539354],[-17.289703119083036,28.040625505594633],[-17.289809828036777,28.040919596462683],[-17.290159337376103,28.04139813180406],[-17.290384639878877,28.041510321383416],[-17.290493743842365,28.041802115818793],[-17.290482003393972,28.041977542039426],[-17.29062379639365,28.04215618154995],[-17.29073209893363,28.0426835845375],[-17.290951839816916,28.043027400810562],[-17.29094185642617,28.043328851618273],[-17.29080543889087,28.044065976330945],[-17.290808360379348,28.044434073580113],[-17.290461114537255,28.045339298809463],[-17.290467869293114,28.0457971127983],[-17.29106292954633,28.046530693335228],[-17.291433014765722,28.04688002966433],[-17.29168327761789,28.047022388424914],[-17.291815382560397,28.04703633447191],[-17.292225461213473,28.046931134901072],[-17.292584051925363,28.046724110270834],[-17.29282633835565,28.04664536339831],[-17.29283744240335,28.046853698598085],[-17.29254611324843,28.04811376184419],[-17.292568464909785,28.048666564147425],[-17.292315643837043,28.049165102981767],[-17.292383166930392,28.0493180190025],[-17.292327623865344,28.049729735636593],[-17.291856392327336,28.05005621366786],[-17.29172440701463,28.050226851988178],[-17.291321864688555,28.050351829895042],[-17.291116642109575,28.05037212882919],[-17.29091407842222,28.050325007004037],[-17.290331424972873,28.050514188863684],[-17.29012473652498,28.0505096482454],[-17.289977309831755,28.05070260617926],[-17.289649665215507,28.05088483730953],[-17.289455989657927,28.051390934878373],[-17.289375411016323,28.051479137726936],[-17.289023724166345,28.05166176848704],[-17.288867652279247,28.05183504119309],[-17.28876512207026,28.052265307525218],[-17.288694803112612,28.053106529514782],[-17.288595033113285,28.053530993362124],[-17.288472785133084,28.053883308079836],[-17.28821226071861,28.054302419396528],[-17.287323863721483,28.055227693585362],[-17.286962029051114,28.055911514666096],[-17.286663849898954,28.056101105248054],[-17.28625102513246,28.056275732701195],[-17.285991223119787,28.056648473773816],[-17.285558124746764,28.056861806424187],[-17.285250729417413,28.056952913734115],[-17.284530586349835,28.057006632752326],[-17.284035328096003,28.057179265725313],[-17.283676969358105,28.05715235120729],[-17.28351833651485,28.05720051407395],[-17.282811652790404,28.057560072084495],[-17.28221878012184,28.058287349278817],[-17.281563216967406,28.058629737211074],[-17.281148578716497,28.059079420215003],[-17.28066356509697,28.059490347923926],[-17.2800327380919,28.059648426784744],[-17.279165199044954,28.059653116485965],[-17.278897757600042,28.05978834472076],[-17.278553036758314,28.060321800413536],[-17.278297046392844,28.061555239857427],[-17.278220879568885,28.06173573002273],[-17.277979234894616,28.062043710841454],[-17.277712553843383,28.06250529283998],[-17.277094592428746,28.063082836861536],[-17.276836224258588,28.063716751688304],[-17.27652690130865,28.064156181420742],[-17.276420497331777,28.064442629820757],[-17.27613837318026,28.064727837091166],[-17.276087972062,28.064892833497773],[-17.275471754353713,28.06541413721031],[-17.275019128006857,28.06566220139259],[-17.274190945877343,28.065973425622435],[-17.27327044783831,28.06605048788723],[-17.27293809040467,28.065916305182757],[-17.272879009477883,28.065761191053827],[-17.27289982349915,28.06558054418881],[-17.273243454270318,28.065236110856855],[-17.273288013677515,28.065102036452853],[-17.272721045432874,28.063967914626293],[-17.272500140308416,28.063616689573756],[-17.27223694597184,28.06344067362532],[-17.271933477851636,28.063347164637413],[-17.271401512578198,28.063296092882478],[-17.2710679691695,28.06355188190177],[-17.270644314194417,28.06437964631879],[-17.27013685712327,28.064550550986787],[-17.270037368455043,28.064656776186425],[-17.26998799421259,28.064819424734367],[-17.269565466579742,28.064873921231662],[-17.26926555578533,28.06499816857779],[-17.269021603093236,28.06518104337124],[-17.268648669957496,28.065238281197214],[-17.268512604680243,28.065520973065386],[-17.268238409861514,28.065784833843807],[-17.268182690857188,28.06594582720317],[-17.267928843246366,28.066122727954507],[-17.26758137286244,28.066787077142752],[-17.267307795067282,28.066998230306513],[-17.267073988943903,28.06726259461037],[-17.266538438117912,28.067433589936453],[-17.26619776826657,28.067700439923442],[-17.265724983172266,28.068215805470047],[-17.265745097767045,28.068374462940977],[-17.26601273512116,28.068679630710264],[-17.266160930989027,28.06930384753146],[-17.266105138349833,28.0699461412819],[-17.26579315118091,28.070237420970926],[-17.265594175464937,28.0706010952141],[-17.265583606147654,28.070713067758856],[-17.265744286098677,28.071345560558914],[-17.265702249172964,28.071766106322293],[-17.265929026174646,28.072140344738436],[-17.266075951114157,28.072248272296076],[-17.265983419972756,28.07272712110733],[-17.266014155199063,28.073127976273444],[-17.2661329176956,28.073348076576984],[-17.266144865778273,28.07346653483316],[-17.266025843451743,28.074440574503612],[-17.266032456226043,28.07491057606262],[-17.266002462313878,28.075095506507747],[-17.26584087024678,28.075442412135875],[-17.265572807388256,28.075757509537866],[-17.26548547340419,28.076254417929068],[-17.26517569399782,28.07675355581726],[-17.264833327723633,28.077610010047678],[-17.26436305723528,28.07825228784159],[-17.264127627238526,28.078969190450398],[-17.263922268655797,28.07933991602955],[-17.263954896643146,28.079644002163736],[-17.264086780754774,28.080009251780442],[-17.2640021625976,28.080262667541557],[-17.264085863437117,28.0804256623919],[-17.264244886404427,28.080579717033086],[-17.26436977491476,28.081130229552464],[-17.264686294605557,28.08107220908386],[-17.2652620485714,28.081106590963838],[-17.266257902104897,28.080930439030922],[-17.26676388752151,28.08105361894901],[-17.26717870901087,28.081242269458155],[-17.267778944431146,28.08138905343029],[-17.268690108823627,28.08141079176552],[-17.26900801614575,28.081288231405317],[-17.269549992864132,28.081271739577797],[-17.27012320808711,28.081147668130157],[-17.270729112623297,28.080507899709247],[-17.270858161904368,28.08042842534282],[-17.271486180933014,28.08023593846334],[-17.27186724057725,28.080219251004557],[-17.27221957802969,28.079998121132668],[-17.273257390643455,28.079587604210253],[-17.274077669850904,28.07943225321107],[-17.274644110365912,28.079450382190885],[-17.275243206605698,28.07958905853963],[-17.275457647472475,28.079539934302606],[-17.275852059806745,28.07927379359373],[-17.275855254332114,28.07915995803763],[-17.275685664233652,28.078769360062545],[-17.276011997126936,28.07816002307081],[-17.27700201427012,28.077149327020095],[-17.277236445845794,28.076828089676578],[-17.277420619030934,28.076685172652798],[-17.27750864956437,28.0765083002171],[-17.277570965702438,28.076174950279835],[-17.277355619294834,28.075813925023937],[-17.27728958970675,28.07552826388516],[-17.277592510911244,28.07478993768025],[-17.277631660086232,28.07445745956701],[-17.27758438726272,28.074404989473898],[-17.277450144431697,28.074386735437074],[-17.277280444981486,28.074438710903205],[-17.27697072454752,28.074636397931],[-17.276537240406096,28.075094219790426],[-17.276336881761868,28.075224537070547],[-17.27617537798377,28.07522721683421],[-17.27599101170365,28.075021343417653],[-17.275961592678172,28.074939900795222],[-17.27605951536714,28.07423493543532],[-17.276011156710304,28.073872364228215],[-17.27572951361587,28.073406196515265],[-17.27519954323309,28.072905400912944],[-17.27480736338495,28.071840018910144],[-17.274792387358982,28.0715194288617],[-17.274841742648007,28.071132146326185],[-17.274990108310956,28.07076509432173],[-17.275279488776448,28.07046132954526],[-17.276023898498426,28.070020334955416],[-17.27628922276534,28.069929166092386],[-17.276540672874326,28.069914779839927],[-17.277104516413043,28.070042693086897],[-17.277556929902204,28.069994164255064],[-17.27848727636043,28.06921455138407],[-17.27864743823356,28.069125602681208],[-17.279080148094287,28.069007466430023],[-17.279129763495213,28.068945004791022],[-17.27909493701554,28.068830537489227],[-17.278926236672174,28.06873471604835],[-17.278335018828844,28.068220954232007],[-17.27828766060828,28.068059232705107],[-17.278309720699013,28.067889852768207],[-17.27817735167568,28.067690544446542],[-17.27814374580328,28.06748633883041],[-17.27817271632387,28.067297345016428],[-17.278366274811525,28.067099121632385],[-17.27863056337962,28.066954981528408],[-17.278726553568557,28.06661344722972],[-17.27897343523655,28.066415799265666],[-17.279107009781942,28.066228424534398],[-17.279655340415886,28.06595583824324],[-17.279926607924843,28.065723314910894],[-17.280249278450402,28.065689890990882],[-17.28047522060284,28.065599152455203],[-17.280726458642178,28.065617624969033],[-17.280924030439735,28.065508137857503],[-17.281278605312412,28.064953091597182],[-17.28150555118625,28.064375623545505],[-17.28238234447415,28.063672934778808],[-17.282486461703265,28.06298117124742],[-17.2830858515778,28.06258786780406],[-17.283528892757705,28.062210116608288],[-17.283790221936126,28.061918040582782],[-17.28376242563519,28.061687825280348],[-17.28382450174911,28.061551101432844],[-17.284307784981024,28.06145146314013],[-17.284744389007855,28.061252803886152],[-17.285434394286685,28.060750525019614],[-17.285920001264316,28.060489417754333],[-17.286210093258894,28.060240715665955],[-17.28668564699198,28.060153532766677],[-17.287332384995743,28.05977126136952],[-17.287653948013254,28.05971103141661],[-17.288017546709558,28.059792269105287],[-17.28856334404108,28.059702771761724],[-17.288722674321825,28.059556447604216],[-17.28884484910983,28.05926911519322],[-17.28902758630495,28.059065346787097],[-17.289550513815197,28.058697600538437],[-17.29026181256367,28.058299341523856],[-17.290540924707212,28.058005825424235],[-17.290789135693966,28.057205089782876],[-17.29106031890237,28.05653797655037],[-17.291135834081672,28.05519218638396],[-17.291626541871043,28.054667325381214],[-17.29196322571052,28.054551520538222],[-17.293327134785798,28.05348082111127],[-17.293660365556427,28.052901307630435],[-17.29375700189124,28.05219092666187],[-17.29421712233476,28.051646275283105],[-17.294303987391057,28.051330566713286],[-17.294767681912724,28.05064952608378],[-17.294980795870817,28.049956730620202],[-17.295050757472826,28.049394985932462],[-17.295058235083378,28.048840990415005],[-17.295222777006195,28.048350190951762],[-17.295432241190056,28.04814202018522],[-17.295420568495828,28.048032834098017],[-17.295300647660696,28.04779118309878],[-17.29512340588574,28.047733043961788],[-17.2948159629599,28.0475096146989],[-17.294682668815437,28.04727874757855],[-17.294416490365297,28.047076754365207],[-17.294077033315524,28.046928346204066],[-17.293913612946394,28.046802837253985],[-17.29369241018243,28.0465644357329],[-17.29359214159328,28.046300037697364],[-17.29370247287271,28.046297370230672],[-17.293950354546723,28.046513693623726],[-17.294284545134023,28.046609078015198],[-17.294929796393046,28.046907877359796],[-17.29506546472833,28.04717098059183],[-17.29579811062175,28.047557102357498],[-17.295947403929084,28.047805539637178],[-17.295957374831172,28.048045028102678],[-17.296137897112192,28.048293664634947],[-17.29682333085579,28.048764395258782],[-17.29705558714128,28.04903039156036],[-17.297509825319572,28.049342119060192],[-17.297792346314235,28.049656809770717],[-17.29825983121502,28.04994079219046],[-17.29883130719908,28.050069096383837],[-17.299023447096022,28.04999333225834],[-17.299158026933043,28.05000867327792],[-17.29941270105589,28.04989396394179],[-17.299524539460123,28.04970098011738],[-17.299627868177648,28.049633831245053],[-17.299820208986784,28.04970135028501],[-17.300233936741886,28.04943788977162],[-17.30109169131566,28.04915913517597],[-17.301755126822837,28.049073480846253],[-17.301608005505692,28.049956065044153],[-17.301402965823755,28.05006213215281],[-17.30120402078349,28.050267170903005],[-17.300696731865855,28.050594155497542],[-17.30061320077198,28.051589536075365],[-17.300497477270316,28.051874215882673],[-17.300483130573504,28.052080274239188],[-17.30041648354031,28.05223181607302],[-17.299949844976098,28.052865409219844],[-17.299942611425045,28.053075508020406],[-17.30000323133374,28.053282385447265],[-17.29993796393201,28.05360196904125],[-17.299839195414354,28.053803206981215],[-17.299948229868164,28.054084120116073],[-17.299964534669723,28.05430005944098],[-17.29984320983226,28.054506250110343],[-17.299792378233956,28.054758658068035],[-17.29954111724169,28.05505807823576],[-17.299372589613384,28.055173167703142],[-17.29925296257061,28.055385149401257],[-17.29906354367402,28.055508898817823],[-17.299025044399624,28.055643122358617],[-17.299039324830705,28.055983831677025],[-17.298935921383574,28.056407594285236],[-17.29866941131594,28.056738732196646],[-17.298519443200362,28.05706556281638],[-17.298150797610678,28.057462591985566],[-17.298023245663135,28.057822919658904],[-17.29807309086107,28.058073641281787],[-17.297985846737898,28.05837655642862],[-17.297523589393883,28.058844494469803],[-17.297362393761365,28.059084194984933],[-17.297178041518094,28.059226571294964],[-17.29717396676313,28.05959352968147],[-17.297041398208464,28.059967881327644],[-17.297174551795592,28.06039185178342],[-17.296602837711447,28.06134824668474],[-17.296361164688353,28.061940816788237],[-17.295949164811063,28.062282424304748],[-17.295165026752496,28.06263857477849],[-17.29443466328587,28.063796097379612],[-17.293695298603282,28.06441808949582],[-17.293353737301885,28.064623886938527],[-17.292311582166043,28.065756905920026],[-17.291891054579263,28.06596067157815],[-17.291698958238165,28.066193402135315],[-17.291239053039305,28.066572701440904],[-17.29089040470847,28.066682352432288],[-17.290411226264325,28.066734078224464],[-17.29020137436027,28.06671024986761],[-17.28990302538361,28.06657860955583],[-17.28976284697568,28.06664652925785],[-17.2888332383434,28.06752549324435],[-17.28822161242769,28.068341373411272],[-17.287037613900463,28.069686175957514],[-17.2869355327269,28.069993050208996],[-17.287004091870816,28.070666479669946],[-17.286834578416762,28.071207365922255],[-17.286972781068478,28.07175114449305],[-17.286949729118938,28.07196622604591],[-17.287032317187244,28.072233884133592],[-17.28689045332131,28.072731142681896],[-17.286901819239763,28.072976618004503],[-17.286641824163972,28.073587615452762],[-17.286622449817887,28.074326836598757],[-17.28674572819557,28.074671632301232],[-17.286718470152316,28.075012801441932],[-17.28677517142072,28.075317019771212],[-17.286770889565226,28.075628661069143],[-17.286638220419523,28.075973843071914],[-17.28625072893874,28.07635349966555],[-17.286314275446372,28.07697603161093],[-17.286067113467656,28.07761899093677],[-17.28588464302931,28.07858378392111],[-17.28567975916437,28.079143773936273],[-17.285182273205205,28.07960633393165],[-17.285024375797565,28.079969827852082],[-17.28503302234588,28.08013167673247],[-17.285220574986443,28.080614539976843],[-17.285218297625008,28.080753435415005],[-17.285146347551713,28.08129615937585],[-17.284975035207637,28.081826651930843],[-17.284107320556,28.08292840497403],[-17.28404731683155,28.083060646162412],[-17.283476724610367,28.083573549339704],[-17.283329958848487,28.08391742038235],[-17.28318594984596,28.084057484198883],[-17.282838757474586,28.084628438599925],[-17.2826323206872,28.08529125160841],[-17.282387189907094,28.08583099160628],[-17.282154446832894,28.085955116382124],[-17.281907242885406,28.086176263919718],[-17.280965752870166,28.08722853455263],[-17.280553948679948,28.087464363999864],[-17.280350422516193,28.087467297061416],[-17.280132477557054,28.08759192149203],[-17.279884108432057,28.087900603074093],[-17.279663397196867,28.08807326434101],[-17.279112215501243,28.088169647079347],[-17.278718780833085,28.08816800772897],[-17.278383887422216,28.088546245204792],[-17.278377129037068,28.08860277914704],[-17.27859040874289,28.088816988052557],[-17.278658760828314,28.089048123094656],[-17.278625723555734,28.089569192166977],[-17.278256394551928,28.09011523922714],[-17.277861894856933,28.09127148850939],[-17.277172179630217,28.092473544592586],[-17.277193702030477,28.093065396576307],[-17.277158256076376,28.093376833755006],[-17.27707193122566,28.093610975070114],[-17.276556356032078,28.09425142895571],[-17.276211145641263,28.094859900117253],[-17.276164790801882,28.095254943555812],[-17.276078539844203,28.09543160813704],[-17.276049849472397,28.095660512930827],[-17.276086497763274,28.09614696864353]]]}},{"id":"69","type":"Feature","properties":{"categoria":"Paisaje Protegido","nombre":"Tablado","codigo":"P-13"},"geometry":{"type":"Polygon","coordinates":[[[-17.879250063559724,28.82948308734212],[-17.87916278190509,28.8299606693314],[-17.878903045263165,28.830320776616766],[-17.878910078930065,28.830894572864153],[-17.87880612464754,28.831198288260808],[-17.878766405215526,28.83156148127014],[-17.878452796496173,28.832074590993987],[-17.878444669593772,28.83270051318708],[-17.878350339838445,28.83295952686164],[-17.87847059049962,28.83401264899013],[-17.878308876067965,28.83457628373486],[-17.878309033280825,28.834879949681117],[-17.8782261812611,28.835149244652158],[-17.87824214274732,28.835430897940064],[-17.877946193355562,28.836008411960954],[-17.878041143040214,28.836476365884366],[-17.877957095383525,28.836702299785447],[-17.8777921601203,28.836723951433207],[-17.87728012867344,28.83650667434868],[-17.876491868706744,28.836339488327184],[-17.876043104341438,28.83618760470566],[-17.875012218025375,28.835988603907985],[-17.874912595578515,28.83594202024493],[-17.874827557926082,28.835755314332477],[-17.874584323095142,28.835627004411258],[-17.87420831954562,28.835513251070843],[-17.873943866712203,28.835358332097826],[-17.87346414263832,28.835346910734742],[-17.87311385021188,28.835162249522266],[-17.873082937159445,28.8350438433231],[-17.872974662383246,28.834938821033077],[-17.873342258825428,28.83484264346147],[-17.873620421202798,28.834673613019547],[-17.87406727055261,28.83401188099043],[-17.874149611513733,28.833768703066188],[-17.8745076034986,28.833421437019055],[-17.874651104232967,28.833105506693453],[-17.874974508611277,28.832875128617047],[-17.875111996902618,28.83265351372881],[-17.87546661631788,28.83246019980856],[-17.875755821764614,28.832232714290825],[-17.875899624336608,28.83192794326721],[-17.876673690161535,28.831338653637516],[-17.876965682869084,28.83103362390889],[-17.877352904963786,28.829896778105308],[-17.877542863036528,28.829603423141425],[-17.877528791442806,28.8294196780282],[-17.877697487150062,28.829182277184614],[-17.87779966928089,28.828893005391944],[-17.877858101747936,28.82853002636625],[-17.877970699003534,28.828315876775786],[-17.87796519771965,28.8280553774158],[-17.878054229637844,28.82784859139493],[-17.87886347157931,28.826960898869068],[-17.878730332351275,28.826372684672936],[-17.878493965357958,28.82597042107051],[-17.878488156377557,28.825702116913376],[-17.878385456339366,28.825399791945934],[-17.878426277154368,28.82496308884352],[-17.878397121919342,28.824739854007422],[-17.878315575180952,28.824656534859635],[-17.877888550735214,28.82443882336076],[-17.87774263375476,28.824446299801235],[-17.877549911998987,28.824552921155405],[-17.877383833259653,28.824547741341537],[-17.877290571192187,28.82448866282188],[-17.877112225088457,28.824217659204933],[-17.877548406806138,28.823508241724216],[-17.877769815103868,28.82323085180049],[-17.877967701555026,28.822861649057515],[-17.878029420134627,28.822576091212724],[-17.878084781629042,28.822519174525095],[-17.878830744494156,28.822274735706582],[-17.879409121045324,28.822147641805522],[-17.879884875681242,28.82192045878491],[-17.880117640362002,28.82166036411715],[-17.880468187293456,28.820805743858553],[-17.88051169122606,28.82051795889164],[-17.880556447015394,28.819621809889195],[-17.88050790061674,28.819011620251676],[-17.880793424534453,28.818423095315364],[-17.880885946947362,28.818100906454802],[-17.88116229336673,28.817737086352462],[-17.88126311019141,28.817500410686677],[-17.881320809944537,28.817100220458318],[-17.881306027777775,28.816998609574597],[-17.881256060901514,28.816969369742097],[-17.88117286122724,28.81699784671901],[-17.881039939462024,28.817329467890577],[-17.880899312692314,28.81744459160254],[-17.880372479814234,28.81749724751027],[-17.8800296893238,28.81765754920336],[-17.879497095929004,28.817750283694355],[-17.8791539288629,28.817238415499048],[-17.8793045826138,28.816635454321553],[-17.879248695048148,28.81640970252383],[-17.879118123691512,28.816183199938024],[-17.878974263388397,28.816061794156308],[-17.878785527693,28.81604399461534],[-17.878748207939626,28.81612443853659],[-17.87876648979326,28.81640168620153],[-17.878525484376297,28.816622202194175],[-17.878248512008668,28.81635234378193],[-17.878153131550302,28.815987388733294],[-17.878163716585522,28.815730370214325],[-17.87837440064075,28.814722029123622],[-17.878361297578447,28.814566676344658],[-17.87791097753938,28.813284511887144],[-17.87811616029236,28.813038900275778],[-17.878257838458573,28.812732396102977],[-17.878359944100886,28.812271094873935],[-17.878380693129255,28.81142050936975],[-17.878620570839974,28.81083176345944],[-17.878657216298894,28.810558619965686],[-17.878564309786995,28.810070352375618],[-17.878435410583446,28.809878558176276],[-17.878239666526202,28.809714353562107],[-17.87840928297995,28.809715192394474],[-17.878494374981795,28.809667250833307],[-17.878546431529582,28.809465493573487],[-17.878508984266087,28.809247080934437],[-17.878671675229473,28.808685110839626],[-17.879029665962456,28.80860995462749],[-17.879393330652228,28.808602191662715],[-17.879594364750687,28.80853038457365],[-17.879827663754778,28.80810007982447],[-17.87996088573468,28.80798940934021],[-17.880490927154984,28.8072923847488],[-17.88072994384869,28.806285817231363],[-17.88069891504896,28.806090554802033],[-17.88055410183268,28.80579974620165],[-17.880286535165936,28.805398527989453],[-17.880288033393654,28.805142280627965],[-17.88022427251316,28.805000457333747],[-17.87982935854998,28.804632102204145],[-17.879739131862983,28.80446070754796],[-17.87975489947303,28.804384765173314],[-17.881090609719234,28.803105067716746],[-17.88142197568046,28.803057507715543],[-17.881609906312047,28.80296509658106],[-17.881762577166356,28.802633504424318],[-17.881627247385364,28.80221876578891],[-17.881705952024493,28.802064645221797],[-17.881911491216666,28.80205394029691],[-17.882262646526648,28.80212491259813],[-17.88267950461095,28.8023505272145],[-17.882788164069527,28.802354519244766],[-17.883496476591002,28.802082308695454],[-17.883800137366773,28.801916162324986],[-17.88387216615041,28.801817205782026],[-17.883882659374795,28.80156622356433],[-17.884056793393768,28.801382099486393],[-17.88456700277815,28.801464999400167],[-17.884952474374995,28.801183448412402],[-17.88502009105226,28.801221690650962],[-17.885311196272532,28.801826122928535],[-17.885403376117903,28.801863839570284],[-17.88593136417316,28.801922901705375],[-17.886495612189922,28.801848591037256],[-17.88698136184129,28.801935612973693],[-17.88764445227298,28.80191781249279],[-17.888117735548935,28.801809091432975],[-17.888304516982185,28.801419304911594],[-17.888567218651936,28.801105194387926],[-17.889048144973838,28.800943358943645],[-17.888925811378048,28.801185912030643],[-17.888919598167252,28.801443116425816],[-17.88876820943295,28.801671859546335],[-17.88873770738457,28.801877186612582],[-17.888953804461284,28.80220006777712],[-17.889241292133327,28.80248706213512],[-17.889254127233087,28.80272942642142],[-17.889183596200713,28.802885062555518],[-17.889265047931698,28.803297121535692],[-17.88940109302632,28.803528909079073],[-17.889388474352717,28.803906681848083],[-17.889680175443367,28.804151414001822],[-17.88979455682985,28.804497021719765],[-17.889829713897498,28.804894049157046],[-17.889981407258265,28.805129790115902],[-17.890148718494917,28.805859068156103],[-17.8900141897105,28.80619334674015],[-17.88988062329765,28.80635929069713],[-17.889521700139237,28.806467553466437],[-17.889416675968917,28.80663134314829],[-17.88914948400377,28.80672123249505],[-17.888545133127973,28.80785148865625],[-17.888149290470263,28.808763232359656],[-17.887358310435012,28.80982622194763],[-17.886501403982194,28.811235996131227],[-17.88629280281386,28.811767411631724],[-17.886078820386942,28.812601294046747],[-17.886003345141123,28.813782009770456],[-17.885583110815265,28.814419879646092],[-17.88520983980616,28.814577237864196],[-17.88526483078538,28.814885178470725],[-17.8855270444288,28.81547642486351],[-17.885730547804954,28.816044392354417],[-17.885724132261355,28.816157099809384],[-17.885939882541642,28.81664173014507],[-17.885617401600726,28.81717765660202],[-17.885550711751257,28.817451849795326],[-17.885540349437434,28.817748199608136],[-17.88559847595509,28.81785411394725],[-17.885635313228928,28.818517381340754],[-17.885972055268,28.818943588049144],[-17.886115286162966,28.819260734070102],[-17.886402353641838,28.820273132562306],[-17.88645494155734,28.820363830879426],[-17.88667258666767,28.820460196250167],[-17.88666884028263,28.820599058746737],[-17.886274111158837,28.820786050994755],[-17.88613372908244,28.820915913589733],[-17.88583372629083,28.82163765067839],[-17.885615469219857,28.822036984456403],[-17.88556319440035,28.82226833066191],[-17.88556394023117,28.82268176628414],[-17.885403387542173,28.823046977849103],[-17.88492467227725,28.82328274927779],[-17.884581644321734,28.823604878706874],[-17.88405767543021,28.823940276634545],[-17.88395353934242,28.824224407515818],[-17.88392773898375,28.82469125961636],[-17.88376433923392,28.82495316977458],[-17.883451189680184,28.825199484592734],[-17.883059688627082,28.825311217315363],[-17.88242691472248,28.825761695681493],[-17.88219942053279,28.826020274960683],[-17.881769937572507,28.826301960093673],[-17.88104425470924,28.82662664017683],[-17.880665520617082,28.826660755518876],[-17.880129682558763,28.827170534250154],[-17.879875210809065,28.82770804531673],[-17.87966229462977,28.827976005936822],[-17.879444377114417,28.82858234338595],[-17.87926058927729,28.828830576878822],[-17.8791690704957,28.82906540227153],[-17.879154638034912,28.829267741810643],[-17.879250063559724,28.82948308734212]]]}},{"id":"73","type":"Feature","properties":{"categoria":"Paisaje Protegido","nombre":"Barranco de las Angustias","codigo":"P-14"},"geometry":{"type":"Polygon","coordinates":[[[-17.907835055280216,28.719054276768645],[-17.90693353901807,28.718591278812717],[-17.90400555373126,28.717474122525793],[-17.902369127825704,28.716723022266535],[-17.901076220656446,28.71626489639591],[-17.895627889829438,28.714074699042424],[-17.892086373516296,28.712513552992625],[-17.887830729957987,28.710799954762166],[-17.883364819115187,28.7088748836752],[-17.880686571619517,28.707919892407357],[-17.880573957803108,28.70776727392278],[-17.880559481750325,28.70766682054133],[-17.8806299497483,28.707244186067342],[-17.880570816111423,28.706904406010043],[-17.8806249810497,28.70652826581592],[-17.880548211810815,28.706410149780027],[-17.88007284819477,28.70599597570539],[-17.879776952015263,28.70558609168873],[-17.879659405195156,28.705329985964838],[-17.879724138027044,28.70505500554149],[-17.87985143034657,28.704891131434373],[-17.88040382462929,28.704572029896962],[-17.880638394962055,28.704289682484006],[-17.880656762742042,28.704184348088443],[-17.880517061249826,28.703553852632055],[-17.880211546339694,28.70268321721366],[-17.88001498061207,28.70230690813278],[-17.879952644455184,28.701855645343148],[-17.879782000081025,28.70170730687736],[-17.879719572136047,28.70135962478899],[-17.879591663218697,28.701039802690765],[-17.879365765127833,28.70078023443945],[-17.879035633348245,28.699957046489185],[-17.8786895687505,28.69965160387975],[-17.878268316785036,28.699430508012824],[-17.878208254543175,28.699275692049277],[-17.87822772961023,28.698845239197173],[-17.878717432240204,28.699161737360008],[-17.87888235716473,28.699206934847815],[-17.879303887176242,28.6991708982226],[-17.879467449103384,28.699091645394457],[-17.879533038776398,28.69898381030243],[-17.879500350213537,28.69887355814199],[-17.879320997903303,28.698787175759648],[-17.879121963294192,28.698542456871447],[-17.87904610152453,28.698275270524924],[-17.87888803313151,28.69833095333195],[-17.878719815789562,28.69820284009682],[-17.87845650609535,28.69774029778988],[-17.88083628020012,28.696814656851224],[-17.88099507469068,28.696636281926303],[-17.880940751284047,28.696483194203584],[-17.88074498458108,28.69643234200568],[-17.880207617081822,28.696533991394233],[-17.880085909381638,28.69649779701906],[-17.879945773195185,28.696274375086702],[-17.8797540181294,28.69577242640016],[-17.879876317475546,28.695456821073115],[-17.87985465423955,28.695338215929],[-17.879734913952937,28.6952244056037],[-17.87994723399527,28.695095405047688],[-17.880672663671444,28.695099797044108],[-17.88101194853759,28.695012288916796],[-17.881056360373503,28.69491572868251],[-17.88087716056402,28.694648039037872],[-17.880844535345105,28.694390756738542],[-17.880964654007943,28.694294387642998],[-17.881342901251262,28.69424754155563],[-17.8815058023187,28.694181831031308],[-17.881711816828048,28.693822947548217],[-17.88194627812684,28.69368084397982],[-17.882348046539853,28.693596511156716],[-17.883019145693645,28.693634521754113],[-17.883828793702616,28.693875234313303],[-17.884016311747875,28.69388656936818],[-17.884165366728517,28.6938382893779],[-17.884168813798198,28.69370291323803],[-17.884034395983416,28.693427056751215],[-17.88394002584592,28.69304480993386],[-17.884268715380223,28.692683306703916],[-17.88454862570483,28.692221817343988],[-17.884848140195697,28.69206479114762],[-17.885239601488635,28.69197796394984],[-17.88571710362145,28.69159704609492],[-17.886341527287225,28.690717783688584],[-17.886801845330115,28.690307462643283],[-17.887235588899102,28.68960004209829],[-17.88772936364941,28.689179081785998],[-17.887837986789133,28.68914879978317],[-17.888220045075386,28.689390499243892],[-17.88840765403439,28.6894054346962],[-17.88855768020863,28.689318342814378],[-17.888787080298993,28.689067192422943],[-17.88918112520859,28.68881432838338],[-17.889205216057405,28.688388062254145],[-17.88917106737885,28.688187642261834],[-17.888487219339723,28.688242840591993],[-17.8886244381198,28.68809919524156],[-17.88880837184572,28.687757010402986],[-17.889262010847553,28.687301723829133],[-17.889487191866575,28.686856278217405],[-17.889812653813294,28.686512692020834],[-17.889988864696498,28.68602743076682],[-17.89076520302049,28.68521805803812],[-17.89121110547122,28.684898774617555],[-17.891240519862947,28.684818624155927],[-17.8918366220244,28.6845953585863],[-17.892704562377517,28.68393945241291],[-17.893113880445345,28.683781008153993],[-17.89339439261699,28.683757057471624],[-17.893555424547817,28.683569258779865],[-17.89366264540542,28.683323953191252],[-17.893984222340563,28.682844988356027],[-17.894492072258917,28.68231350113484],[-17.894787065082088,28.682080639970096],[-17.89583106113459,28.681538750420444],[-17.897583289621274,28.680799936599147],[-17.898337292827023,28.680419260731377],[-17.89861740794506,28.68033155394661],[-17.899336945672836,28.68025783554331],[-17.89994517213004,28.6801223938516],[-17.900503424100272,28.679875792822514],[-17.90082330015951,28.67968038571956],[-17.9013998664007,28.679460106007454],[-17.90302364410002,28.679421883954912],[-17.903564073905386,28.67951572928357],[-17.90372727484824,28.679493373913964],[-17.903931161663976,28.67939682046748],[-17.904621177678877,28.678739629564024],[-17.90517994140024,28.678425961696128],[-17.905469993145537,28.67835478714262],[-17.906058418783655,28.678353052099528],[-17.906545781021837,28.678192955519055],[-17.906816522955328,28.678162603073968],[-17.907177147143607,28.678203561510852],[-17.907784509046856,28.6783618703431],[-17.90815143129422,28.678335364809485],[-17.908902281645595,28.67846349619658],[-17.909616781917585,28.67847475631418],[-17.910438637827394,28.67826345056184],[-17.911007618764135,28.67797677130406],[-17.911448551545693,28.67785941956478],[-17.91210438136364,28.67786340551012],[-17.9126766154806,28.677428125071973],[-17.913473706249608,28.6772985243676],[-17.91386021952003,28.677159759885267],[-17.91496932871732,28.676260629714275],[-17.916103539575165,28.675485147317072],[-17.916478500643684,28.67529345163115],[-17.916795365367115,28.674923544686266],[-17.91715210818131,28.674725240534872],[-17.917526886097377,28.6744293645326],[-17.918039142160687,28.67426618369534],[-17.918148012109793,28.674258991499784],[-17.91822225599514,28.674313205984518],[-17.918837850462236,28.674888807570575],[-17.919583978008554,28.675267865402706],[-17.91992960223742,28.675506409024607],[-17.92112154972704,28.675986239186603],[-17.921121610405432,28.675846968578913],[-17.92118851751815,28.67572231012203],[-17.92164079504084,28.67557859516959],[-17.92201503198028,28.675567445121445],[-17.92244293650826,28.67576881905825],[-17.922822608342376,28.675673482691035],[-17.922992070748432,28.675551478347472],[-17.923047578033604,28.675219063648424],[-17.92326611746884,28.675144345863682],[-17.923615778648905,28.674856176447523],[-17.92387086304522,28.674723751585137],[-17.924339819622812,28.674716771764203],[-17.925034747770592,28.674483102210942],[-17.92589160357985,28.674592385733582],[-17.92629419438731,28.674453518789583],[-17.926466875243364,28.67425991206404],[-17.92647671238102,28.673734734631807],[-17.926551840357803,28.673508781714695],[-17.926675106551777,28.673329413006584],[-17.92699997367663,28.67324246713807],[-17.927596598472597,28.673273484423014],[-17.927789238303202,28.67316143612434],[-17.927836511146356,28.673026195341293],[-17.92783504498892,28.672598588589192],[-17.927883032444992,28.672386121078937],[-17.92802086401456,28.672160614440504],[-17.928141349679382,28.672057884599884],[-17.928541508364557,28.6719423358048],[-17.929268419152788,28.67196213705641],[-17.929472331700644,28.67190982546521],[-17.929563294617868,28.671275734141027],[-17.92950878961575,28.6709490373944],[-17.92937844782508,28.670771098916884],[-17.929055912092387,28.67054094647799],[-17.92894207691738,28.67031664811407],[-17.928472283280787,28.669815022914634],[-17.928365225309417,28.66942623271994],[-17.9283719333526,28.66929241102196],[-17.92844142050656,28.66922415892597],[-17.928953086491124,28.669154182231818],[-17.929603668458718,28.668916310019757],[-17.929744854688703,28.66878219213017],[-17.929706091715836,28.668646198093654],[-17.929367107962804,28.668383389003537],[-17.929265974474372,28.6682038255851],[-17.929215801726112,28.667911400904472],[-17.929177796262476,28.66685453788798],[-17.92926339833783,28.666703944727164],[-17.92936663855515,28.666643259898624],[-17.929905234285503,28.666585956597014],[-17.93004732822562,28.666524971100188],[-17.93027148316568,28.666344226638472],[-17.93049002015723,28.66602785250362],[-17.931313409839902,28.665672307658983],[-17.93198283398148,28.665069158232203],[-17.932200538583103,28.66473052032965],[-17.932470954834237,28.664074137948315],[-17.932604731013466,28.663487194003775],[-17.932637771362604,28.662705616982084],[-17.93277099687366,28.662333901932048],[-17.933045250073747,28.66191096320915],[-17.93418180616828,28.66119476017921],[-17.934511480100916,28.66089662637266],[-17.935006596566026,28.660557470619253],[-17.935763870101916,28.660246090087345],[-17.93683583006826,28.659961340426634],[-17.93725648268229,28.659735658795473],[-17.938460818202365,28.658188907208558],[-17.940003027470688,28.65716842797093],[-17.94082726790535,28.656091701279504],[-17.941374546803594,28.655554953891148],[-17.941853922882967,28.655303773318508],[-17.942676994590943,28.6549800664341],[-17.944235240742454,28.653902143067924],[-17.945664739801504,28.653268549878963],[-17.947465210041788,28.652662194995557],[-17.947734687484388,28.652484036204076],[-17.94810372102285,28.65213826467997],[-17.948304237783983,28.65183783540294],[-17.948845106681098,28.65189270043844],[-17.94908695576696,28.65177278750332],[-17.94916384774457,28.651604694272677],[-17.949248320078585,28.651586798109694],[-17.94923238715094,28.65198546552782],[-17.949327204981625,28.65221647438736],[-17.94994581497608,28.652616826842497],[-17.950320792909427,28.653049592309088],[-17.950183711852283,28.653278195951618],[-17.94960124052564,28.65395722088482],[-17.948945816321704,28.654281870723153],[-17.948556561584617,28.654698819589466],[-17.94842977392153,28.654918357917346],[-17.948062515479776,28.655083828614156],[-17.947186970036686,28.655785211522762],[-17.94673334687541,28.656275446398396],[-17.94636112376409,28.656450140081844],[-17.94607438121733,28.65666404876166],[-17.944855176504536,28.65813733020901],[-17.94439140984945,28.658429412215497],[-17.943680810738137,28.65940028275206],[-17.94353969702986,28.660519038968374],[-17.943154657926605,28.661262801626094],[-17.942910927834628,28.662050980214474],[-17.94294300030902,28.66242746090836],[-17.9428639098519,28.663551975372563],[-17.94196579331995,28.664120514168125],[-17.941851979501486,28.66427089924592],[-17.941747646143064,28.66476785011345],[-17.941746604476783,28.66540792859221],[-17.941651984965507,28.665860807688365],[-17.941596183877905,28.66702525268394],[-17.94124703009785,28.667628373570246],[-17.94087377667489,28.668949993270957],[-17.940711162261355,28.66927051802423],[-17.940268340936413,28.66992891174281],[-17.940213786164325,28.670129050511775],[-17.940221125990934,28.670499728373876],[-17.93965755782117,28.671280231952036],[-17.93925820883523,28.67199242045712],[-17.939176678399626,28.67224004877999],[-17.938878182689123,28.672649969264263],[-17.93841773265156,28.673065084790693],[-17.937847709524398,28.673773210716398],[-17.937150710162847,28.67430468448585],[-17.937015155818486,28.674491319160882],[-17.936857462976963,28.67494158279708],[-17.936652185691308,28.67527190354272],[-17.93597979253284,28.675832820178737],[-17.935400131663553,28.67645615116144],[-17.93527726106235,28.67678856045214],[-17.93531646523689,28.677395619571584],[-17.93514385545578,28.67799750631521],[-17.934697746628615,28.67864314775298],[-17.934470944917045,28.679153448215622],[-17.934171205853076,28.679479023090042],[-17.933789502770207,28.680064869579937],[-17.932942341684733,28.68088504556729],[-17.931853948533867,28.681663352791045],[-17.931626878528387,28.681904165201228],[-17.93131866184869,28.682115147992615],[-17.931089821393734,28.682473825998045],[-17.930720127368392,28.683272474824943],[-17.93025983485594,28.684027886631668],[-17.929440694736414,28.68449336560143],[-17.928973183958757,28.684858617042668],[-17.928360642087544,28.68545627748544],[-17.92824238617744,28.68581592138335],[-17.927648825504164,28.68678709186146],[-17.927609254559595,28.687033815449375],[-17.927651002022973,28.687330057328314],[-17.927493044208845,28.687852514165176],[-17.9272384598497,28.688139773464595],[-17.92682606791856,28.688181865735228],[-17.92677436667241,28.688240920091918],[-17.926733634464806,28.68859558387172],[-17.926513007193833,28.689225020250035],[-17.926467629222447,28.689581128492353],[-17.92589400962085,28.690864322926924],[-17.92547347150455,28.691256329288354],[-17.925350350285594,28.69151848012938],[-17.924971669385034,28.691885577401987],[-17.92488549614179,28.692007659894806],[-17.92481625171358,28.69232864602338],[-17.92460578406085,28.692633690461093],[-17.9241797235874,28.692792257837894],[-17.923897347961997,28.693274547913166],[-17.92352651933105,28.693553977800946],[-17.92334507976281,28.69385321545273],[-17.92290330495852,28.694215447840893],[-17.922372145953453,28.69456761414877],[-17.92214283383082,28.694853516170273],[-17.92210146239234,28.695020892545504],[-17.92222769819034,28.695704641196865],[-17.922036040332873,28.696078152498778],[-17.92201690424894,28.696206740359468],[-17.92209265998301,28.696525548011095],[-17.92190307840202,28.696951366446246],[-17.921801976728496,28.697027605493652],[-17.921582771555023,28.697087364259193],[-17.92134387388945,28.69726309448984],[-17.921124660547274,28.697505544026026],[-17.92103371549046,28.697745573980555],[-17.92087971140693,28.697906444524428],[-17.920277860065816,28.698235867047813],[-17.920159468393923,28.69848817025222],[-17.920039121731392,28.699214012220683],[-17.919940518909254,28.699338344899317],[-17.919508682133245,28.69956568424156],[-17.918940916234398,28.700065348857727],[-17.9183816026332,28.700306270007914],[-17.91728063401485,28.70123218637603],[-17.917159231932832,28.701433526079278],[-17.91711614650971,28.70178497387407],[-17.916886999796215,28.70203511832317],[-17.916359119050817,28.702371137280096],[-17.915414040963906,28.703481952301843],[-17.915317349539,28.703651178590185],[-17.915324394098416,28.703805539791052],[-17.915829315041915,28.70449262013289],[-17.915949062202735,28.705095281047967],[-17.915914483662903,28.705312868322288],[-17.9157480531365,28.70556450880753],[-17.915019923545533,28.706143602613263],[-17.914319317808477,28.70657552397048],[-17.91380221444438,28.706829039262182],[-17.913559514648902,28.707060763454415],[-17.913323856156538,28.707446848708077],[-17.91292615304633,28.70759739461737],[-17.912726770434972,28.707727340021513],[-17.912570805693033,28.707891888621187],[-17.912432108503054,28.70815158723433],[-17.912295631942044,28.708255191222648],[-17.912272433894227,28.708403800041722],[-17.91192690756335,28.708687347116534],[-17.91178746993097,28.709156686858517],[-17.911630552337392,28.70933866372918],[-17.911692749913158,28.709463875147932],[-17.912049559537525,28.709712808937788],[-17.9118446981452,28.710099311000914],[-17.911882064365617,28.710376954645792],[-17.911841988696754,28.710474061770995],[-17.911655812248117,28.710648821599555],[-17.911397971889155,28.71116905889763],[-17.9113072664895,28.711244616102476],[-17.911185684245066,28.71184526340279],[-17.91055091599094,28.71250242324778],[-17.910412855695377,28.71285564433475],[-17.909917769057987,28.7131038918781],[-17.90972335920068,28.713343680762655],[-17.90947825503075,28.71352268314678],[-17.908958264863077,28.714061548217302],[-17.90892242718532,28.71413817812323],[-17.90895675611276,28.714443038484475],[-17.90887872096456,28.714514442941336],[-17.908628504844806,28.71511127240772],[-17.908615105578964,28.715272907867384],[-17.908690468957534,28.715475915904868],[-17.90866893870431,28.71565935504392],[-17.908403848762628,28.716080274103692],[-17.908306946910166,28.716328672905785],[-17.90834014119773,28.7164730016478],[-17.908701848136122,28.71706364353596],[-17.909467281373963,28.717650383098146],[-17.90957870033635,28.717781932051636],[-17.909453484120718,28.718481281601452],[-17.909293372404857,28.718802315050972],[-17.909252588105137,28.719009210755946],[-17.90926729370021,28.71963757299399],[-17.907835055280216,28.719054276768645]]]}},{"id":"75","type":"Feature","properties":{"categoria":"Paisaje Protegido","nombre":"El Remo","codigo":"P-16"},"geometry":{"type":"Polygon","coordinates":[[[-17.885860120632664,28.55873675083108],[-17.885885425654227,28.558578357134387],[-17.885985023234156,28.55840936235621],[-17.885954931096663,28.55813037330887],[-17.88543830411256,28.55788067814398],[-17.885031461963706,28.55783521073837],[-17.88476544471365,28.557446681419876],[-17.884551812486833,28.556956009954185],[-17.88446684703409,28.55657535574642],[-17.88433622686255,28.556431102383655],[-17.884266148802535,28.55599691155556],[-17.883374853735912,28.554370555679654],[-17.883371145508264,28.554084690467267],[-17.88330195120233,28.55398242764003],[-17.883323457228556,28.55387192263572],[-17.883260758042056,28.553783052190745],[-17.88303768273738,28.55369488434007],[-17.88302000771593,28.553608664943614],[-17.88323920113465,28.55347952568561],[-17.883246728785597,28.55304368431661],[-17.883319692673744,28.552909534758236],[-17.883335392247304,28.552732204368702],[-17.883895469611524,28.552706966340736],[-17.884287581798596,28.552587679667017],[-17.884433421839155,28.552203921394323],[-17.885230953106465,28.551629505474523],[-17.885567304676677,28.55153321243266],[-17.88601866644563,28.551312210547096],[-17.886205620511156,28.55135229719932],[-17.886409931493684,28.551277835232593],[-17.886657119398915,28.551465393456226],[-17.886757388622375,28.5518066807606],[-17.886918159480185,28.551802961704357],[-17.887366786431404,28.55165211939852],[-17.887786016798252,28.55159317788171],[-17.888000033781452,28.55149932074934],[-17.888180034200214,28.551244724196447],[-17.888479422236745,28.551209484709833],[-17.88850442047149,28.55130186148334],[-17.888254721305064,28.551548020111053],[-17.888469847351487,28.551569598451472],[-17.888684513449274,28.551387327542816],[-17.888824883997206,28.5514023789311],[-17.88874715837977,28.551661112559785],[-17.889254718851646,28.552327727056312],[-17.889319858354103,28.55284230034889],[-17.889639154426206,28.553535473521826],[-17.889940995610548,28.553814084291897],[-17.890064677197117,28.553853844551426],[-17.89061016098745,28.553739390150184],[-17.890793347480663,28.553825689186255],[-17.890917321556532,28.55380139839698],[-17.891064501221432,28.55387854211688],[-17.891167699146308,28.553879048670122],[-17.89135168821418,28.553770491707358],[-17.891328427436722,28.554040693963486],[-17.891572870549936,28.554237537646515],[-17.89147900309703,28.554354096185328],[-17.8916669164078,28.554463745910905],[-17.89166495648867,28.554616230430614],[-17.891536866609016,28.554751559133813],[-17.891773001639432,28.554831315808197],[-17.891782392415415,28.554913200149265],[-17.891682447741506,28.555031692456712],[-17.891929740985535,28.555108504857156],[-17.891873134056123,28.555205326678838],[-17.892039494267916,28.55527394201017],[-17.89196345711372,28.555482127564332],[-17.89208573913858,28.55573208813435],[-17.892245056224642,28.555879329737508],[-17.89221655460969,28.556107248443258],[-17.89228661250769,28.556091322144734],[-17.89246204530738,28.556230101552647],[-17.892609964486844,28.556259420115335],[-17.892618902323555,28.556362060636516],[-17.892730650898024,28.556525650478072],[-17.892919284254315,28.55647472196028],[-17.8929897569872,28.556585972287575],[-17.89337078816256,28.5566590272314],[-17.893186422300946,28.556865916053848],[-17.89340870695717,28.55688733322607],[-17.893463564557837,28.557099943389183],[-17.89359004855641,28.55720458630348],[-17.893529851453064,28.557319525906586],[-17.89340629354028,28.557359144842493],[-17.893196168414377,28.55759544809175],[-17.89336422998801,28.557651396870593],[-17.893531629488358,28.557571153490823],[-17.893656442120285,28.557689362364236],[-17.893480365470815,28.557713865342837],[-17.893326007936782,28.557822695325537],[-17.893277466832547,28.558027588894326],[-17.893308288045606,28.55825785032589],[-17.893394399322023,28.558380493085618],[-17.893537990723658,28.558400882514594],[-17.893713064835385,28.558601005456364],[-17.89386372067841,28.55865552081293],[-17.893840794147607,28.558713739685878],[-17.893530254830242,28.55875283801213],[-17.893689371897416,28.558929848679515],[-17.89377968492157,28.55928061423389],[-17.893995863630366,28.55934004556186],[-17.893707169475086,28.559356127590053],[-17.893660063407793,28.559501456882053],[-17.89381403992658,28.559527938552407],[-17.893839326171033,28.559593246975155],[-17.89363651615892,28.559648989614274],[-17.893557830304932,28.559797698714096],[-17.893622155033952,28.559908177662862],[-17.893789091257155,28.559948995663728],[-17.893812551733877,28.559996122102888],[-17.89374411678405,28.560183399728523],[-17.893713587830117,28.560561098200907],[-17.89390323332879,28.560472261283387],[-17.894171533326546,28.560457515912585],[-17.894167282466576,28.560526160626782],[-17.89390086710897,28.560572436710864],[-17.89386613137162,28.560647144051266],[-17.89409693834609,28.560681006197083],[-17.894139284575957,28.560846977438167],[-17.89424701774641,28.560863620987522],[-17.894469197972853,28.561142115656658],[-17.894699449478633,28.561017592784463],[-17.89479789449441,28.56101964089675],[-17.894856103700455,28.561093266605784],[-17.894729194213046,28.561279267096605],[-17.89473717581502,28.56137299764704],[-17.895007805509753,28.561372362589236],[-17.895109933004623,28.56154616777576],[-17.89521652579527,28.561606943912167],[-17.895218303486224,28.561671851819312],[-17.895124147002022,28.561740611726883],[-17.895096905219486,28.561827787736345],[-17.89560773539993,28.561901672523494],[-17.895525437157154,28.561955747113203],[-17.8956593733455,28.56207105283667],[-17.89563435566725,28.562127512576733],[-17.895361232447897,28.56230202256782],[-17.895108902590977,28.562377767360896],[-17.895058801251754,28.562450998941635],[-17.895093995105924,28.562542254282985],[-17.895171812853246,28.562585694351448],[-17.895504151357535,28.562558754669695],[-17.895831136129623,28.56263475939515],[-17.89582696048621,28.562706108564857],[-17.895517423170112,28.56278217365005],[-17.89543583896941,28.56297424288413],[-17.895397978176963,28.563419749805472],[-17.895466746158164,28.563505778070777],[-17.895618385921594,28.563968887541698],[-17.89587213372031,28.56413124602902],[-17.89588796000461,28.56429868477253],[-17.89594773645549,28.56439212094186],[-17.896729689462752,28.56496354070418],[-17.896867986932357,28.564976822976504],[-17.89723063827863,28.56519818994771],[-17.897343153567174,28.565351836329068],[-17.89740589844364,28.565665302291563],[-17.897532026343587,28.565756417941472],[-17.897712243661797,28.56599430966227],[-17.897877750308247,28.566552734034484],[-17.898024901820214,28.56651621447417],[-17.898182483356894,28.56674827500332],[-17.898576658296168,28.566926569020087],[-17.898536168267107,28.567014930802063],[-17.89817343000786,28.56705154855027],[-17.898125396004588,28.56712563907508],[-17.898006586485135,28.567525068767324],[-17.898042075804604,28.567775975001382],[-17.898002862883622,28.56794819758899],[-17.898032094373747,28.56871609723523],[-17.898148694221437,28.569018489267012],[-17.898307684963637,28.569078232736697],[-17.898541809868785,28.569306852430614],[-17.89872373740913,28.569405613706053],[-17.898903783302625,28.56965180556912],[-17.89889946152793,28.569717745671024],[-17.898755016071217,28.56977856316602],[-17.89874102929069,28.569976405305145],[-17.898958789502085,28.57035330576875],[-17.898878178903242,28.570543552038],[-17.89903315463994,28.570643069366078],[-17.899059762752184,28.57074515071841],[-17.899000094497623,28.57084213110692],[-17.898840866783075,28.570934023801524],[-17.89882184543564,28.571022828739892],[-17.898956715600473,28.571283336083436],[-17.89943823799986,28.571963087858204],[-17.899760701017474,28.572282724214585],[-17.899852411029357,28.57227354665489],[-17.900030232520315,28.57208843690395],[-17.900269532359673,28.57213292971726],[-17.90030505627372,28.572235902444316],[-17.90011779684087,28.572412194185457],[-17.900092865168666,28.5725462267934],[-17.90015788696448,28.57260707558447],[-17.900655062353707,28.572739861896004],[-17.901083869303076,28.57257824591083],[-17.90116760850023,28.572427620523804],[-17.90142056851999,28.572560217105544],[-17.90153420655456,28.57249374178141],[-17.901800065060968,28.57250068056013],[-17.90199084953872,28.57237843248601],[-17.90212499066149,28.57212840745264],[-17.902241457242653,28.572276552198048],[-17.90230325677033,28.572554856090612],[-17.902433493901793,28.572571912735864],[-17.902467534267064,28.572620795239136],[-17.902501179639764,28.572804087394324],[-17.90257831459438,28.57282228062501],[-17.90268709954976,28.572727945583534],[-17.902927582839876,28.572703854599748],[-17.903073254368948,28.572613239630037],[-17.9031424503337,28.572751571348928],[-17.903358336793797,28.57265043243727],[-17.90337216535717,28.57278183141056],[-17.903553567507938,28.572764416550893],[-17.903662029607915,28.572993011206044],[-17.90383368532356,28.573029925934655],[-17.904013271721,28.573169500952496],[-17.904530817571786,28.57337399796145],[-17.904752864638056,28.573571293635613],[-17.90479647357586,28.57378233415596],[-17.905017441476996,28.57368018169244],[-17.90513869268212,28.57385347767399],[-17.905525919785074,28.57392636185763],[-17.905674125013157,28.574076529173258],[-17.905647455373863,28.57422142392823],[-17.90544971504584,28.574443300926756],[-17.899894563012424,28.5765214867893],[-17.899952086237292,28.576784440663527],[-17.899541633574085,28.57716587074708],[-17.89939298623072,28.577128135443754],[-17.89847058084993,28.57725159149921],[-17.89815477205361,28.57710048886641],[-17.897586486266214,28.576983646509895],[-17.897377976775466,28.576869937680353],[-17.89725177586095,28.57670215223712],[-17.897308862725136,28.576473622382927],[-17.897294133597992,28.576271883900045],[-17.897048454755733,28.57595781751583],[-17.89704858738156,28.575440955158278],[-17.896896940041863,28.575239436074536],[-17.896662385034197,28.575107339907706],[-17.89624178096225,28.574115078697652],[-17.896119242163685,28.573968862239887],[-17.89583601023651,28.573887415506675],[-17.895833465203278,28.573682710343512],[-17.895469632008446,28.57371754135938],[-17.895412428182656,28.573457175845803],[-17.895233024493333,28.573323899121565],[-17.894813550261357,28.57270775248097],[-17.89446787638624,28.572323653329565],[-17.894061590783444,28.572002184586495],[-17.89389930905081,28.57163581786162],[-17.89317613889333,28.57089896094609],[-17.892870643719636,28.570153189355736],[-17.892860969687323,28.56979980155887],[-17.89292609459457,28.569528706382197],[-17.89264086275709,28.56933634563537],[-17.89235385697789,28.569265795616616],[-17.892207151631617,28.569094833710963],[-17.89223880677261,28.568907439077396],[-17.892399298164946,28.568835461828957],[-17.89243456483017,28.56874270289205],[-17.892158141495905,28.56849873755984],[-17.892226675512244,28.568053478816207],[-17.89220618248228,28.56793935854324],[-17.891719402127777,28.567139719969646],[-17.891610907950017,28.567058145019605],[-17.891515141548048,28.56688158575854],[-17.89119353350526,28.56659167609841],[-17.89116957598923,28.566126740906586],[-17.890857511088306,28.565924123443843],[-17.890867310959568,28.56561000904417],[-17.890981641314,28.565382064946757],[-17.890489487016275,28.564198271465912],[-17.890297524261356,28.56390379166657],[-17.89013612963608,28.563755690622756],[-17.889914943645003,28.563326528762662],[-17.889672829410664,28.563103474754925],[-17.889417099733524,28.56294295028501],[-17.88914421178868,28.56286487539602],[-17.88901032755796,28.5626764975124],[-17.88876640390362,28.562686203589962],[-17.888597460220307,28.562560811998903],[-17.888559736902224,28.562451567984585],[-17.888689635158407,28.562307182744167],[-17.88863506539075,28.562067503426018],[-17.888651225824216,28.561911108270127],[-17.888062498196916,28.561828031454425],[-17.887817350774622,28.561531071926673],[-17.88758700256318,28.561139985751698],[-17.887085682585457,28.56070325191796],[-17.886828828025607,28.560351515696617],[-17.886675773935963,28.560321398294263],[-17.886680838300794,28.559983029388505],[-17.886465618944044,28.55973413955844],[-17.886108764702282,28.559499087669877],[-17.885860120632664,28.55873675083108]]]}},{"id":"78","type":"Feature","properties":{"categoria":"Paisaje Protegido","nombre":"Tamanca","codigo":"P-15"},"geometry":{"type":"Polygon","coordinates":[[[-17.901615541883427,28.581221765720628],[-17.90151574040352,28.581346574191898],[-17.901457990598743,28.581734735955326],[-17.901518139166456,28.58195404818437],[-17.901488634848537,28.582106601881243],[-17.90156857129521,28.582228659982178],[-17.901560750945634,28.582542110990264],[-17.90120348352895,28.582580323921963],[-17.900637447335438,28.58274379623045],[-17.899978957105272,28.583110079275443],[-17.899576540249353,28.58348820989531],[-17.899437027475475,28.58374684507235],[-17.89963449605644,28.583817371709053],[-17.899825056551308,28.583969399150536],[-17.89986326544896,28.58407359511132],[-17.89983819025827,28.58456235971434],[-17.899701310137534,28.58474903871535],[-17.899525022921438,28.58487909275376],[-17.89921395205994,28.584975948595325],[-17.898710705313274,28.585033616470106],[-17.898471034050587,28.585012032696866],[-17.898191125412964,28.584854742650815],[-17.89752276842483,28.584867786240206],[-17.89652361170473,28.58502714993572],[-17.895847246857137,28.585032580980155],[-17.895665466584738,28.584962498429487],[-17.895432592610963,28.58511315873012],[-17.894790817794437,28.585190873484393],[-17.893198256235554,28.58484018833129],[-17.89274799448052,28.584668490998855],[-17.89146263960532,28.58441538522073],[-17.891191476153377,28.58447709467669],[-17.890717794878682,28.584719017505854],[-17.890569332243857,28.584708653087507],[-17.89003891768584,28.58452061514857],[-17.889193084100434,28.584463886116296],[-17.888521918297357,28.58463060518756],[-17.887894024683835,28.584921997328085],[-17.887381798196753,28.585003267323284],[-17.88627388996669,28.58493690318425],[-17.8854836237585,28.584796684839173],[-17.885042746430738,28.584875335754557],[-17.88478409642331,28.58481098748141],[-17.884520129499986,28.584956798108948],[-17.884407888892934,28.584771880375918],[-17.883993555348834,28.58471300811067],[-17.883611248234924,28.584500640601043],[-17.881744630466947,28.584170720596095],[-17.88064190955383,28.583863700169452],[-17.87986759286813,28.58261952928771],[-17.87850712402245,28.582289885479153],[-17.87821904729886,28.583664960615774],[-17.878123079768557,28.584546992576442],[-17.877967869841953,28.585005651235694],[-17.87799101286031,28.585329891003273],[-17.877869539157427,28.585484913281427],[-17.877877045704746,28.585985381064024],[-17.877511267354485,28.586213242073505],[-17.87714372095515,28.586563815931754],[-17.876687700943908,28.586817945183295],[-17.876496344542094,28.587108852157193],[-17.876272845563246,28.587624090646646],[-17.876358385566135,28.587778741806787],[-17.87665091093816,28.587901767858792],[-17.87749115187105,28.587966071664457],[-17.87759582572274,28.588077243759155],[-17.87755454614616,28.588344543942597],[-17.877637208644458,28.588512163672164],[-17.877656282113794,28.58867996977071],[-17.87758804728013,28.58898858643345],[-17.877514732812795,28.589110816061112],[-17.877105684718316,28.589557292011367],[-17.877025384479577,28.590047846719933],[-17.87695196741681,28.59019318458043],[-17.876254079759814,28.590736386125183],[-17.87615624024461,28.590882241901046],[-17.876083154873015,28.59118932427403],[-17.876073521323733,28.59150541934654],[-17.876146846648204,28.5918458228174],[-17.876133789150103,28.592436197443636],[-17.8762042978824,28.592613636953548],[-17.876455653180027,28.592930890929463],[-17.876531830375185,28.593211539021368],[-17.876454669127433,28.593313985622547],[-17.876167698757946,28.593471289403862],[-17.876051507521225,28.593715755324915],[-17.875466725723367,28.594027676073846],[-17.87533740081637,28.59426751882473],[-17.875317320302866,28.59459931502182],[-17.875254567807264,28.594789188941704],[-17.87503553895704,28.594942382195338],[-17.87455448250405,28.595149310749715],[-17.874468451528866,28.5954561033347],[-17.874589196263663,28.595662957814806],[-17.874926304354066,28.595952638208658],[-17.87528965361897,28.596022188518774],[-17.876035627920228,28.596369814415542],[-17.876959200277053,28.596660852109252],[-17.877306249535632,28.596952757668166],[-17.877486418704947,28.59724724496484],[-17.877474591082184,28.597334549384996],[-17.87722316551604,28.597483375228414],[-17.87687983112511,28.59783913384811],[-17.876374454039034,28.598214729869834],[-17.875785912265098,28.598414740399942],[-17.87569710603525,28.598502182591446],[-17.87569140329612,28.598711150747512],[-17.875929747261655,28.59898790495575],[-17.87595249592371,28.599090587376466],[-17.875730394083398,28.599306315593076],[-17.8755839888844,28.59977198058642],[-17.875320008236447,28.60002253014755],[-17.875226568297805,28.600266364227213],[-17.875026141209304,28.60054488827949],[-17.874674786565404,28.600826605016792],[-17.874763539653294,28.601051185959786],[-17.874700982029715,28.60138794228017],[-17.874808443584676,28.60171996401155],[-17.87392160504193,28.60158424938681],[-17.87349201939646,28.60142287607139],[-17.873369238935336,28.601305509558088],[-17.873032949006227,28.600628900380276],[-17.872198896601844,28.599613755182727],[-17.871907965037312,28.599401629616242],[-17.87117590670535,28.599175569215326],[-17.87035884203503,28.598700197398866],[-17.869971799768308,28.598373740812296],[-17.86963417573974,28.59791002949089],[-17.869580520753598,28.597778566786424],[-17.869594814347547,28.597627624552707],[-17.86965792661268,28.597392661481248],[-17.869806964397295,28.59716038894442],[-17.869939675813903,28.596665970358803],[-17.870153505228373,28.596448561957345],[-17.870582395434685,28.59620945933822],[-17.871025270741377,28.59531969346837],[-17.87114203919407,28.594577552700304],[-17.87133047327738,28.594366092930056],[-17.8714854765884,28.5940903948984],[-17.871634532926826,28.593950407279124],[-17.87153116214469,28.59392886506941],[-17.871498140603514,28.593842067543985],[-17.87128996437092,28.593853694452765],[-17.87116954904402,28.59371011621004],[-17.8711900819173,28.59318740409273],[-17.871338956158233,28.593024590232634],[-17.871045904859873,28.592921652573054],[-17.87102035276962,28.592846423083042],[-17.871254527657367,28.592625876255095],[-17.871140945160846,28.592470426707226],[-17.871105015353212,28.592314234088843],[-17.871303701632293,28.59229198426926],[-17.871404224711082,28.59211756627001],[-17.871041882950973,28.591871771139765],[-17.87106133848856,28.591534900598646],[-17.871152440009382,28.591427432828855],[-17.87148514105381,28.591259822541893],[-17.871635260846322,28.590804723374085],[-17.872088685954648,28.590341393150297],[-17.872430325098417,28.589826308720415],[-17.87222663141813,28.589514011845736],[-17.87212512382685,28.58886309094891],[-17.872189665139068,28.58864343129555],[-17.872430529782207,28.588481373305367],[-17.872497955461764,28.58833020691938],[-17.872200732135845,28.588110997255825],[-17.87177377970502,28.588044273041337],[-17.87210110891187,28.587829869849507],[-17.87208465111676,28.587638085507166],[-17.871845600293863,28.58752859236726],[-17.871761316304838,28.587435664596793],[-17.87184934145213,28.587290376300082],[-17.87202969019416,28.58719544971118],[-17.87213426888671,28.587020043409794],[-17.87195867314882,28.58659491935111],[-17.872158229027143,28.586285280617407],[-17.872182242063694,28.586116091569654],[-17.87245737751119,28.58589918560938],[-17.872398112427476,28.58567403114276],[-17.872628550913028,28.585354338229383],[-17.872677252114006,28.58489056309954],[-17.872806609750636,28.584724553644552],[-17.872797741210338,28.58443609096872],[-17.872677235575804,28.584063398936728],[-17.872789181773417,28.584008708606852],[-17.87295814377268,28.584021364335996],[-17.873665428091478,28.58425082324099],[-17.873766411149738,28.583905909951557],[-17.8740098723662,28.583877295531256],[-17.874012746620696,28.58379514961075],[-17.8739083719364,28.583677392121547],[-17.873653877373176,28.583525833645655],[-17.873645532944884,28.58340694218736],[-17.873746597994238,28.583102618662846],[-17.873635900162785,28.58297777868676],[-17.873451276579505,28.582952827241314],[-17.873284956274592,28.582999650239778],[-17.87285795448733,28.583268485852024],[-17.872725859655368,28.58325865678889],[-17.872659676885387,28.583192406805065],[-17.87264779527975,28.58301856614111],[-17.872829450688418,28.582821681383656],[-17.872907617039868,28.582652246621958],[-17.87282398254759,28.582620643821592],[-17.872547817623648,28.58276180113921],[-17.872437824821525,28.582737972906127],[-17.872424628856972,28.582666089836685],[-17.872737444258817,28.582219268786314],[-17.872012037777594,28.582450225353817],[-17.87201475008379,28.58228689977779],[-17.872398870133093,28.581756483722437],[-17.872293421148722,28.58171181226135],[-17.871706760929246,28.581896529609654],[-17.871619597713426,28.58184786211854],[-17.871647001931002,28.581728213124784],[-17.871897019979357,28.5813395523051],[-17.871943992050124,28.58084965481171],[-17.87188683493205,28.58063419710748],[-17.871772347593495,28.580550207547297],[-17.87144544805247,28.580629294783048],[-17.871281075519704,28.5805597115119],[-17.870764852420987,28.57972633977797],[-17.870781839256395,28.57967456409811],[-17.870915204852245,28.57961851987012],[-17.870906757211753,28.579570890933912],[-17.87065421382284,28.579377791111074],[-17.87029486538889,28.578901909073096],[-17.869992991889607,28.578736011275165],[-17.86951144620474,28.578576621902524],[-17.869394389942656,28.57859353201902],[-17.869388210295735,28.57870461314989],[-17.869676029712544,28.5788798301901],[-17.869753209209478,28.57912535410046],[-17.86998634586849,28.579318866563188],[-17.869990681169934,28.579478434969772],[-17.869871351285862,28.579562144264724],[-17.86961528772761,28.57938986372952],[-17.8686126105467,28.578968184298766],[-17.8686029437345,28.57876272472881],[-17.868426813863195,28.578598672760236],[-17.86818170142885,28.578039184179623],[-17.86806013539202,28.57826636289312],[-17.8678891778621,28.57833041580785],[-17.867837446132313,28.578269269638948],[-17.86782566502501,28.578061148534644],[-17.867506693293254,28.577980397930205],[-17.867234688238668,28.57782288222118],[-17.86723771485746,28.577746145127918],[-17.867466935646625,28.577607435036573],[-17.86751400784249,28.577383997309862],[-17.86749764802538,28.57727068676529],[-17.86731760223419,28.577075144664267],[-17.867326809666988,28.57673668631133],[-17.86726561853019,28.57666581751231],[-17.86721632838762,28.57665693751117],[-17.867179452946765,28.576728978226566],[-17.8671633099862,28.57703781606434],[-17.867069965835892,28.57736362113118],[-17.866996477134926,28.577479733824468],[-17.86691737380667,28.57746426789187],[-17.86690117287493,28.57713085698302],[-17.866852402086938,28.577028154078715],[-17.866917194272688,28.57681751152837],[-17.866614994211844,28.576410949100488],[-17.866537006323156,28.5764393074261],[-17.866515676239118,28.576501006492933],[-17.86660382638314,28.576815417033654],[-17.86644834427364,28.576953864363073],[-17.866420469346743,28.577168006454308],[-17.86620405096175,28.577205020282022],[-17.86609696789301,28.57743435283753],[-17.865973373502584,28.577393714387213],[-17.865922244112795,28.577089333620233],[-17.865955288339606,28.576839940707156],[-17.865927432840472,28.5767161823336],[-17.865764604031362,28.57647092977047],[-17.86571428202551,28.576196266980926],[-17.865754235172844,28.576082742443262],[-17.865923685232914,28.575907820081376],[-17.865933469135488,28.57569694824952],[-17.865848766479772,28.57550951464106],[-17.86561717811677,28.575438719994295],[-17.86556942185149,28.575258614881893],[-17.865393728807195,28.575216373657398],[-17.865308238371462,28.575112755523964],[-17.865530214893987,28.57473661146119],[-17.865479384558373,28.574568971362986],[-17.865202391126747,28.5741759761547],[-17.86540854997275,28.57388612757753],[-17.865371793632605,28.57367068623773],[-17.865076041942828,28.573278265334032],[-17.86473829075582,28.572968037835622],[-17.86468495882929,28.57276276706152],[-17.864449733938088,28.572565716912376],[-17.864421947660304,28.57245026757337],[-17.864517507169214,28.57228137177767],[-17.86446384469769,28.57211111821574],[-17.86431014582249,28.571906896335236],[-17.863957225203276,28.57162840494514],[-17.863994608969445,28.57134888549933],[-17.86391638976489,28.571177346235892],[-17.863907589317982,28.571003438702586],[-17.863994568463276,28.57085727545745],[-17.864009861781984,28.5706675243809],[-17.86363052255419,28.5698664074599],[-17.8635455975394,28.56933419400549],[-17.86340497482351,28.569235233144163],[-17.86313228462324,28.569202203423508],[-17.862538430887287,28.569006369902876],[-17.862017979255086,28.56876658860661],[-17.861953586494522,28.568690372265092],[-17.861973542412546,28.56863492667944],[-17.86215409063976,28.568548128373532],[-17.862220333555054,28.568428563024188],[-17.86225095159662,28.56784926751099],[-17.862198679326113,28.567500713266504],[-17.862065444287474,28.567274091586423],[-17.86160682448563,28.566934870268547],[-17.861534373273578,28.566810790068917],[-17.86149164749553,28.56634222498515],[-17.861326850773505,28.565770155620196],[-17.86138802594584,28.565312441619408],[-17.860882580245658,28.56502606352237],[-17.860875908657235,28.564549295550357],[-17.860484591323548,28.56356801151878],[-17.860474804711192,28.56324411474252],[-17.860391834492784,28.563009800667473],[-17.860379128875767,28.562313693192262],[-17.859885553421595,28.561744089791883],[-17.8595710559091,28.561297896497727],[-17.85930310891544,28.56102391288563],[-17.85932745771724,28.56086644436059],[-17.859761681091978,28.560617075674024],[-17.859803444464983,28.560521751358124],[-17.859340434926743,28.560175207059004],[-17.858978550690836,28.5596010189954],[-17.85860663514643,28.559449196732306],[-17.858518396615167,28.559289924705737],[-17.858217565745353,28.558981785642615],[-17.858147654370114,28.558495488641398],[-17.85803115837489,28.55823003692074],[-17.85801909041545,28.558085964457398],[-17.858253092218614,28.557709392175408],[-17.858337698651876,28.557362127115024],[-17.859318549458905,28.556948163588363],[-17.859250347511793,28.556844062402423],[-17.858975398815943,28.556726278245566],[-17.85873125912585,28.556689930000697],[-17.858669211410746,28.556624486584727],[-17.858893219272442,28.556294128180443],[-17.858918762637035,28.556180834551814],[-17.858685534074546,28.55605675809742],[-17.858644285461097,28.555815880118907],[-17.85866295596388,28.55544835547315],[-17.858753943006374,28.555299405035058],[-17.858918433133113,28.555299546406523],[-17.859045281735277,28.555192235928452],[-17.859039006557087,28.554809000309604],[-17.859086552570883,28.554715989867923],[-17.859328073767642,28.554580102878955],[-17.859685530118234,28.555029000636168],[-17.859809597394673,28.555121099355684],[-17.859880051198285,28.555119613951163],[-17.860134958691862,28.554874296264916],[-17.860139390276995,28.554660418956672],[-17.860246163155427,28.554641930823443],[-17.860358922358493,28.554693675615255],[-17.860649415375484,28.554970790685687],[-17.860712373534025,28.554881062876404],[-17.860739772968923,28.55460987261605],[-17.860814495819543,28.55450185582859],[-17.86123755722313,28.554505561274322],[-17.861299814154503,28.554465460281275],[-17.86130190164622,28.554165036536492],[-17.861421605814108,28.553869348105895],[-17.86156887117372,28.553761604777666],[-17.861731649972185,28.553434338043086],[-17.861685782318453,28.55324948521481],[-17.86171264923343,28.55320712686076],[-17.861236886615103,28.553008186928775],[-17.861317483437798,28.55281525414575],[-17.86127968423863,28.552588737025932],[-17.861397672449677,28.55241846859069],[-17.861426387254824,28.55219596072451],[-17.860982192053843,28.55171281502103],[-17.860931183010244,28.55156629875371],[-17.861652196740035,28.551555258289838],[-17.862753900139815,28.551381372518627],[-17.864118494146002,28.551031442162216],[-17.864476421297688,28.550893990992318],[-17.864718827615853,28.550790613002807],[-17.865033689215252,28.55045731690118],[-17.86551883972913,28.550129308355853],[-17.865902830704908,28.549985737514035],[-17.865942436057985,28.54967651151055],[-17.86609842371173,28.54954306076149],[-17.86632402145811,28.549442750366055],[-17.867433214753778,28.549396714125578],[-17.867600662192224,28.549543598750887],[-17.8678111985099,28.54983167946397],[-17.86801797329784,28.549957643725282],[-17.86871196116577,28.55019403450483],[-17.86946194496196,28.550581005037238],[-17.86964729414613,28.55062241176664],[-17.86976378051979,28.55056492329453],[-17.86991124577771,28.550310306490918],[-17.870064240568873,28.550593403589055],[-17.870210956530347,28.550708349159155],[-17.871085351443277,28.550979832991477],[-17.87157300589313,28.551260932307674],[-17.871751667197913,28.551290742116823],[-17.87271129841285,28.55121301821187],[-17.873431496690372,28.551003042423275],[-17.874455229360475,28.55101253748253],[-17.87508081307445,28.55108934859735],[-17.87624745176284,28.55103098999981],[-17.877166509225116,28.550861329779334],[-17.87813340625086,28.550828740915122],[-17.87832509130527,28.550769505503364],[-17.87852359781221,28.55063623045007],[-17.8783969219134,28.550222286796664],[-17.87811948038795,28.55005047251534],[-17.878179887744654,28.549942750853365],[-17.87816769273328,28.54968232165776],[-17.877901716785214,28.549368644156978],[-17.877682478166204,28.549308348412637],[-17.87730810628499,28.549291032224918],[-17.877058046242958,28.54903654960856],[-17.877082692566827,28.54881593039873],[-17.8771571155941,28.548660104071523],[-17.877612226789616,28.548415922214236],[-17.87779122180971,28.54823622860278],[-17.877910989856517,28.548019905746877],[-17.877941913486197,28.547729696626984],[-17.877909291019762,28.547431815178278],[-17.877836022781842,28.547329635411252],[-17.87761796299724,28.547199857643314],[-17.877580129697797,28.546860592963313],[-17.87740996738431,28.546467378835132],[-17.87741275239629,28.546236651371512],[-17.877292484806404,28.546060148092586],[-17.877232838509933,28.545822869859222],[-17.876905118861693,28.54555523096183],[-17.87673176671148,28.54523949601029],[-17.876751749944916,28.54502093306842],[-17.876844277498886,28.544798405436936],[-17.876841795324992,28.54442164178252],[-17.8771467432747,28.54403468785324],[-17.877132300987533,28.543916827478714],[-17.87695628849429,28.543830356286552],[-17.87701186257942,28.54343228225622],[-17.87695098629872,28.543184611293515],[-17.87683675348373,28.543040903673454],[-17.87652155208671,28.542944754480512],[-17.876344334002944,28.543076871214556],[-17.87585689223018,28.543099056606877],[-17.874239475640522,28.54370401209003],[-17.873263409528747,28.543921780900806],[-17.872394486478658,28.54421586010027],[-17.871856449354464,28.544323028101207],[-17.870204493383156,28.5442537363326],[-17.869037704243286,28.544128513590646],[-17.86805371618586,28.544207309580077],[-17.867567651181307,28.544173960917885],[-17.867580675251066,28.54330449840226],[-17.86752576699943,28.543163136614076],[-17.867161978455304,28.54270627409555],[-17.86713478833772,28.542607624280198],[-17.86720161652469,28.541756490563674],[-17.867415675698176,28.54124953085248],[-17.867415274303863,28.541159335349832],[-17.867279176933085,28.540999844193923],[-17.866969161295422,28.540868382826662],[-17.866895663950213,28.540757180734055],[-17.866560316581822,28.539709510006197],[-17.86635114160855,28.539586109668676],[-17.86619824539509,28.539183421118793],[-17.865992843547414,28.538954131075425],[-17.86589997262072,28.5386178273005],[-17.86574890928474,28.538471278934505],[-17.86558202214776,28.538117595124685],[-17.865574513778267,28.537727169942894],[-17.865530748359042,28.53761984922725],[-17.86528990851259,28.53736424495393],[-17.865308656081986,28.537000326507123],[-17.865202555344982,28.536778860569637],[-17.864937200316568,28.536372230167995],[-17.864740803866617,28.536173417027786],[-17.864624707968282,28.535884508398226],[-17.864319644989514,28.53552020864373],[-17.864177387115806,28.5351326271099],[-17.863774763602112,28.534786621716236],[-17.863606639600793,28.53457548346103],[-17.86351670831806,28.53434736034624],[-17.86345349715379,28.533936460813546],[-17.863411450240587,28.53396801743403],[-17.863332060602758,28.53443153816879],[-17.863251659531315,28.534480140752954],[-17.86305009612029,28.534052315017217],[-17.862635452836088,28.53375256355269],[-17.862495112237294,28.533511070225014],[-17.86207882098569,28.53322578429715],[-17.861757164183945,28.532738247871134],[-17.861337799346256,28.532565779613865],[-17.861083325995867,28.532371793014935],[-17.86080712850928,28.53224321096291],[-17.86068592732708,28.532067161142937],[-17.8603947522399,28.531837864980375],[-17.860108790627507,28.531385653392654],[-17.86010268005099,28.530819298530695],[-17.860144522857357,28.53062898749315],[-17.8605716891607,28.53018339548996],[-17.860639736247514,28.530055675107256],[-17.8605803967801,28.529900872216786],[-17.86035583010971,28.529754963837526],[-17.860071292300354,28.52943081204297],[-17.859925760275903,28.529147930711076],[-17.859886542266818,28.52890610717549],[-17.85996042500767,28.528389483049928],[-17.86042273362664,28.52761931745523],[-17.860356686379497,28.527027164226038],[-17.860235455202552,28.526622896964234],[-17.859997812487336,28.526332935986222],[-17.8595402669038,28.526107142417942],[-17.859010306235003,28.52611199194929],[-17.85818828264684,28.526387289086703],[-17.858060345980245,28.526335860335376],[-17.8580241732316,28.526130955656136],[-17.858165828617903,28.525703109494618],[-17.857998721022298,28.525301609767098],[-17.858020579456706,28.524862755407856],[-17.857524998566806,28.524324745416912],[-17.857307195948533,28.523861168522124],[-17.85707450697335,28.523792098611615],[-17.856959668043462,28.523699800862556],[-17.856799517834542,28.5232151644912],[-17.856798727542234,28.522754325700582],[-17.85689392430352,28.52258805958031],[-17.85688461161665,28.522394315632663],[-17.85699254073448,28.52223057783787],[-17.857010473834848,28.522100305746513],[-17.856942073988595,28.52168499994391],[-17.857012788150573,28.521277590834544],[-17.85693991699121,28.520847946328708],[-17.856786046465064,28.52055801945028],[-17.85645126389734,28.520300764676257],[-17.856311758262716,28.519975355047947],[-17.856170845798044,28.51978708593853],[-17.856316771119296,28.518722306557883],[-17.8563129764067,28.5184680091774],[-17.856052225641708,28.517963838532467],[-17.856031005980284,28.51748979013361],[-17.85559950726529,28.516779051322317],[-17.85536598328698,28.516261677533457],[-17.85534432909127,28.515913040558313],[-17.855434688992723,28.515620121537854],[-17.85538639506025,28.515351984291556],[-17.855319758444573,28.51526678917807],[-17.854805526275456,28.514981731363942],[-17.854527755505362,28.514679071385604],[-17.854073561514372,28.513741469342236],[-17.853777715062083,28.513487898100188],[-17.853660778374156,28.513279276567676],[-17.852640517103225,28.512443769911005],[-17.852244756801603,28.511968585844386],[-17.851982186303452,28.511774748446634],[-17.85187519220611,28.51163176582943],[-17.851687264867937,28.511099895458475],[-17.850739423268312,28.50995615441297],[-17.850633944046574,28.50971752148252],[-17.850605862204716,28.509508835372742],[-17.850693121430865,28.50910829726049],[-17.850693473721172,28.508855715792084],[-17.850511424434753,28.50861778810229],[-17.85047515213632,28.508446257916678],[-17.850554961142485,28.50784471901581],[-17.850494688757816,28.50745446729738],[-17.848976055597348,28.508648359848863],[-17.8478263531577,28.50917810399232],[-17.847495243910572,28.50893905844114],[-17.847454279054407,28.508858732834135],[-17.847479346429772,28.50868952350808],[-17.847695549987055,28.508374683770917],[-17.847637860841857,28.50805205705031],[-17.84746591991833,28.50792396316084],[-17.846921603043764,28.50773331657152],[-17.84670778362158,28.506882653824814],[-17.84629433356403,28.506393387679378],[-17.845944465448202,28.506066059068825],[-17.845735320519903,28.50599737581088],[-17.84547022849781,28.506012853400808],[-17.845258739568795,28.505818833148695],[-17.845030466282793,28.505798358345544],[-17.84486601942747,28.505873065716205],[-17.84442994017162,28.50621415626161],[-17.844302484655348,28.506221336211556],[-17.843921238940393,28.505790021037054],[-17.843771581209122,28.50573091346965],[-17.84343937549841,28.505718926784116],[-17.843358248507556,28.50562590983029],[-17.843555012445417,28.505575785050954],[-17.844297932816243,28.50563329279648],[-17.844171337704857,28.505558367708545],[-17.844129041639164,28.50546634205925],[-17.84433753967025,28.505434913537282],[-17.844511009966112,28.50550615043851],[-17.84425733598635,28.50533826959544],[-17.84418806156599,28.50507812502228],[-17.84364584515135,28.504964996794715],[-17.84288375106096,28.50495389136047],[-17.842314270744478,28.504661819647538],[-17.84193017933275,28.504352335018037],[-17.841360812549343,28.504330873025765],[-17.84108095975417,28.504100389709855],[-17.84065512442411,28.504138163607042],[-17.840242809480777,28.50410890132053],[-17.840091163031005,28.504051635155108],[-17.84004007815147,28.503936338369872],[-17.840046164969866,28.50385863431767],[-17.84031406509055,28.503567079942428],[-17.840341335381055,28.50336535126535],[-17.84064334046093,28.502974759009863],[-17.840731613586705,28.50261073742962],[-17.84168548452666,28.501853351695868],[-17.841913857965075,28.501611332580776],[-17.842115012070934,28.501572845055712],[-17.84256791229497,28.501668906738566],[-17.84267590417272,28.501621543640358],[-17.84301110024987,28.500755771391184],[-17.84313337884655,28.500708108909677],[-17.84349394633246,28.500750173179785],[-17.84389481487634,28.50088610824723],[-17.84389916659766,28.50127660648764],[-17.844451262063387,28.50153024814845],[-17.844642125893937,28.502021477895234],[-17.845216570741574,28.502384698493163],[-17.845285179399376,28.502505940332114],[-17.84558678670199,28.502709799383343],[-17.84633313606491,28.50278165793057],[-17.846739190964648,28.502920181433048],[-17.847067180775312,28.502965624771807],[-17.847580725408363,28.502962074068883],[-17.84842779746334,28.502716090754525],[-17.84934897330021,28.50290965074834],[-17.849553665430143,28.503002777454945],[-17.850239926957773,28.50304249913214],[-17.85158532097797,28.502834747523753],[-17.852323073779328,28.502814744192136],[-17.853558963360932,28.503092456082975],[-17.85341142166758,28.50349006761626],[-17.853374016195623,28.50380747297724],[-17.853590235635345,28.50470768538729],[-17.853530152619484,28.50528265136091],[-17.85356682852192,28.505999911968637],[-17.853629102685474,28.50630259394713],[-17.85398768776358,28.50691476575269],[-17.85487286887093,28.507248859768584],[-17.855215282784098,28.50748791966321],[-17.855258245107862,28.507604282600745],[-17.855197441713216,28.50822797451722],[-17.855299551026373,28.508530719780374],[-17.855541316865317,28.508824213730094],[-17.855619783415484,28.509007483452166],[-17.855802890843407,28.510534407948192],[-17.85613684096753,28.511519636248437],[-17.856268506785106,28.511744182543843],[-17.856405761672825,28.511872994061065],[-17.85720151499268,28.5122594661503],[-17.857355060489326,28.512764989454038],[-17.85783562966762,28.51305164845912],[-17.858154321758057,28.513665259478405],[-17.858548191331337,28.513409572208325],[-17.859257230959134,28.513183969336914],[-17.86022435858935,28.513105467953977],[-17.860907341952565,28.51290424989884],[-17.861587056339413,28.51282432907644],[-17.86228352853747,28.512409185483097],[-17.86278145779947,28.512223817276038],[-17.865011110103865,28.511934994578894],[-17.865777750313054,28.511952434691352],[-17.866572590092144,28.51176922898084],[-17.866873983614035,28.511745014058956],[-17.867614544981098,28.511541570042823],[-17.867375900670577,28.511422570098624],[-17.867253207477816,28.511228515752578],[-17.867248333789647,28.510444743349726],[-17.867326307571513,28.5101562471065],[-17.867745246289676,28.509674729188724],[-17.867756959733285,28.509466109899773],[-17.86593699592156,28.506212977638466],[-17.865873474594352,28.505412401096084],[-17.865693291525357,28.504866858698986],[-17.86519218539541,28.50400876362943],[-17.865097488670376,28.503112325140417],[-17.864792047815826,28.502503574261233],[-17.863954253888803,28.501530618770293],[-17.86388409858804,28.500910769363863],[-17.86380460230455,28.500689640492606],[-17.8636463761404,28.500426873447452],[-17.863489641578642,28.500294871336514],[-17.86351724233096,28.500258207568233],[-17.863282331303434,28.49999164456779],[-17.863051096535255,28.499823326592576],[-17.862949419145433,28.49961258715947],[-17.862801165277737,28.499454246028467],[-17.862490866143816,28.498853709330128],[-17.862311438411083,28.49867527751714],[-17.86197118074791,28.49798606807446],[-17.861758924984734,28.497726240895233],[-17.861630447956966,28.49743037042414],[-17.861521112054028,28.496973533261155],[-17.861445502313213,28.49699631780177],[-17.86155015760186,28.496649986017935],[-17.8615131901099,28.496415332100742],[-17.86156563617407,28.49612647422099],[-17.861703878472365,28.49587640082361],[-17.86180792552524,28.495385822435523],[-17.8615150718348,28.495539404916173],[-17.860582511302407,28.495603248680542],[-17.860042937068645,28.495726735864938],[-17.860041033845196,28.495364784246902],[-17.859911707513312,28.49481004187469],[-17.859921543479494,28.49464476004424],[-17.85965892588149,28.494145142467662],[-17.859566588259156,28.49378807134632],[-17.85938423144582,28.49346266270025],[-17.8594822894844,28.493236890558734],[-17.859520833076836,28.492508126366708],[-17.85936672997469,28.49186730792813],[-17.85931448142447,28.491292900933924],[-17.859377067441326,28.49119055412648],[-17.85917802387037,28.490814079339444],[-17.8585964549965,28.489996434105432],[-17.858403052985278,28.489563912129398],[-17.857934498564035,28.488847620930912],[-17.85794902620535,28.488401703009725],[-17.857839183959374,28.488190228124747],[-17.85770776744674,28.48767070607707],[-17.857298217332932,28.486832296032006],[-17.857127884683212,28.486270293212325],[-17.8569412243104,28.486087494357285],[-17.85661612893387,28.48595812091404],[-17.8565531122962,28.48551383320458],[-17.856295803257414,28.485361384373185],[-17.85617656578586,28.48514198681473],[-17.85575317290209,28.485062594492423],[-17.85579083526774,28.484921876758232],[-17.856041956276215,28.48457923107907],[-17.856162660008007,28.484246543177264],[-17.85619201581294,28.48382015825732],[-17.85608636548421,28.4833848847813],[-17.855794308456804,28.482700053176142],[-17.855743690974066,28.48221815913891],[-17.856040162393906,28.481896570513985],[-17.856226162815982,28.481789826785004],[-17.856402908720405,28.48156691285872],[-17.856410028991757,28.481452202749505],[-17.856227275441906,28.481326519219216],[-17.858172388056463,28.481189691787],[-17.858545724308733,28.48108740221181],[-17.859362884387963,28.480497451574585],[-17.86002183742008,28.48019539012053],[-17.860624526414217,28.479737396792316],[-17.861222094486113,28.47901916171826],[-17.861208510599756,28.47925938841981],[-17.86143722387767,28.479676730851804],[-17.862086638871702,28.4801348243117],[-17.862734710946814,28.48088340206613],[-17.863205232328493,28.481256857883142],[-17.863359395320664,28.481597289223746],[-17.863502245598315,28.482085894527817],[-17.863673045422875,28.482286157399027],[-17.863968277797692,28.48240622106566],[-17.864215451308908,28.482863760750163],[-17.86428859467911,28.48315267790573],[-17.864253481343916,28.48344026910001],[-17.864401812877105,28.484055946070114],[-17.864844186089222,28.485011808554585],[-17.865298998907676,28.486541108134375],[-17.865737230498695,28.48772076124196],[-17.86576112234066,28.48879369179164],[-17.865955401598047,28.489219869019053],[-17.866007711372312,28.489530873205716],[-17.86598870381015,28.489734234480515],[-17.865885508713625,28.489920428923135],[-17.865835893746763,28.4902002077381],[-17.865824356910334,28.491473237402737],[-17.8657449136157,28.491858282755338],[-17.865742771975597,28.49211901907911],[-17.865839517518125,28.4923740609475],[-17.866019009094686,28.492517307335696],[-17.866120358948404,28.492904852440375],[-17.86638123739145,28.493225887943563],[-17.86645161746434,28.493412028117767],[-17.866425862968168,28.493970035423388],[-17.866516293548315,28.49448229264931],[-17.86672719113103,28.494993811356082],[-17.86676852949561,28.49535195267486],[-17.86689744608042,28.49581468671292],[-17.86689405090548,28.496142200557987],[-17.86708021734088,28.49638092090758],[-17.86713926847827,28.496714332870887],[-17.867153610770465,28.497282318062535],[-17.867300137782667,28.49764094456908],[-17.867292911705952,28.49778903237365],[-17.867467243027946,28.497967564851713],[-17.86746914785288,28.498302183003304],[-17.867839889418125,28.49947513060139],[-17.867936737695896,28.499658004497412],[-17.86827538263058,28.500965130451565],[-17.86849245478231,28.501288889532617],[-17.868596127425434,28.50183694616479],[-17.868756652918258,28.50210867851608],[-17.86868225210981,28.502755210998114],[-17.868889939334906,28.503599646176568],[-17.86899443048348,28.503838284147328],[-17.86910408437412,28.503965861664355],[-17.8693496717837,28.504701249863185],[-17.86949924634254,28.50498313478744],[-17.86970368406891,28.50521695390815],[-17.869889385699263,28.505249111149528],[-17.870021343007558,28.505144391543233],[-17.870087753892477,28.505145694077335],[-17.870645526831026,28.50568144378042],[-17.871189193771393,28.506600856839764],[-17.87122160582711,28.50674179205227],[-17.871137347179598,28.506835581870938],[-17.87120510819755,28.50692435329353],[-17.871351072189228,28.506884283201938],[-17.87150641606271,28.50734103946277],[-17.871573279304396,28.50743433985617],[-17.871679647217125,28.507478094532722],[-17.87168240652731,28.507730607757562],[-17.87163116029101,28.507912099785493],[-17.87139980973353,28.50815513111221],[-17.871410197988524,28.508236997206765],[-17.871713967467677,28.508668965269294],[-17.871650266767627,28.50876773290997],[-17.871676146960535,28.508931357085057],[-17.871590424980617,28.50915958232435],[-17.87147612723217,28.50923777093865],[-17.871501878002263,28.50999945121431],[-17.87137423227284,28.51003733021133],[-17.871284377571573,28.51026383862019],[-17.871179801637993,28.510361666372244],[-17.871232279685923,28.510941471235267],[-17.87114303492637,28.511190517714684],[-17.871155453025082,28.51168637778236],[-17.871401279998807,28.512316216138885],[-17.87134382887639,28.51245724748111],[-17.871083755032924,28.512771245329052],[-17.870964920964795,28.513096688893],[-17.87096894703366,28.513207554816308],[-17.87105311068123,28.51326079960684],[-17.871161473369487,28.513603989805357],[-17.87111210770019,28.51370425825091],[-17.871127934645518,28.513911392984284],[-17.871020662822637,28.513977706339297],[-17.87121623137219,28.514456162523583],[-17.871540659535185,28.51493369699335],[-17.871475646186962,28.515210194463457],[-17.87151663634311,28.51547903766064],[-17.871690915078794,28.515541200393553],[-17.87206318656787,28.516088080421945],[-17.872143826581222,28.516124260150033],[-17.872415916093843,28.5165920747395],[-17.872535649272038,28.516864663612424],[-17.872423985154487,28.517040217953323],[-17.872849918897145,28.51783311876755],[-17.872776136244276,28.517974496288286],[-17.872707279463945,28.51893752782163],[-17.872779208028533,28.519894873919267],[-17.872859761425275,28.520115972999044],[-17.87290952393,28.520482049976422],[-17.872905370941726,28.520780712951797],[-17.87296278454573,28.52097704451472],[-17.873151877202066,28.521057834130584],[-17.87328771233646,28.52177298232676],[-17.8734184888683,28.521774724343665],[-17.873514113127086,28.522400519390114],[-17.873564202878438,28.522402165161427],[-17.873611166736026,28.522589697129632],[-17.873694556515275,28.522614090911446],[-17.87379053677909,28.523177637363162],[-17.873852627575413,28.523282763401376],[-17.87383674629458,28.523487862453056],[-17.873922444004105,28.52363488446723],[-17.873907062763887,28.52378314448478],[-17.87404187949981,28.523933636620242],[-17.874032902542883,28.52401681425357],[-17.873743398997746,28.52403737632122],[-17.873540229968594,28.524121553048392],[-17.87350542547686,28.524225528200407],[-17.87326823134236,28.524291887936798],[-17.87320748852197,28.52438698577555],[-17.87320574314912,28.524548487704834],[-17.873382516057507,28.524739586159797],[-17.873565619489042,28.525389688074426],[-17.87422953706204,28.526293906088146],[-17.874407688330674,28.526422733094584],[-17.874495039470983,28.526555286910494],[-17.874528810730226,28.526745803804676],[-17.874709205588424,28.5270324395063],[-17.87472147258806,28.527371346015858],[-17.874844704850954,28.52765919213683],[-17.87492818736641,28.52776206026513],[-17.87516751618745,28.527886884104625],[-17.87533964135957,28.52829759782683],[-17.875860618901413,28.528100965691518],[-17.876743435076218,28.52813647848145],[-17.87745609733856,28.52807797452563],[-17.877978107639226,28.527983026240268],[-17.87822672137764,28.527863926335336],[-17.878745473590048,28.527817880512046],[-17.87852063941894,28.52799712091813],[-17.878441852881288,28.52814221561479],[-17.87836829780673,28.528629973156367],[-17.87830030695189,28.528796487717322],[-17.87826868459311,28.529211193029628],[-17.878404409769814,28.529657528693377],[-17.878350555753354,28.529893200263157],[-17.878331883090244,28.531122169577007],[-17.878508152598542,28.53208270755986],[-17.878737636296844,28.5328590029968],[-17.87927358254726,28.53337352001452],[-17.879361194580618,28.53362783923745],[-17.879509961074987,28.53496600925305],[-17.879421808802437,28.535780613482242],[-17.879691095195664,28.53644240524318],[-17.879644597729737,28.53799940227479],[-17.87995511048877,28.54006298192148],[-17.88027538056129,28.540608228948553],[-17.88059183976361,28.54097585518928],[-17.880838250634294,28.541359400380518],[-17.881125533222203,28.541593241555375],[-17.88143122221329,28.541752724397732],[-17.881654382698684,28.54180751930726],[-17.882216306940563,28.541810918517573],[-17.882317834172603,28.541788015047352],[-17.88259084709127,28.541572943453627],[-17.88282132332531,28.54154757066421],[-17.882879917362803,28.541497345329667],[-17.883126365214174,28.541469558006824],[-17.883326473222635,28.5415780599245],[-17.88335494085407,28.541681820184266],[-17.883293686593166,28.541761869334337],[-17.88303357311914,28.541775514836143],[-17.882770364493986,28.54167556942305],[-17.88270097727001,28.5417158310517],[-17.88267880557677,28.5418768640136],[-17.8828163191203,28.541926260296716],[-17.882958103041236,28.542304807757628],[-17.88290765717783,28.542365413800134],[-17.882741183318707,28.54240413015961],[-17.882617557481435,28.542590771469627],[-17.882597049735665,28.543562696821557],[-17.882803668583406,28.54398496844877],[-17.88290394979417,28.544441070368723],[-17.88302071172425,28.544639742604087],[-17.883029280692064,28.54476674713606],[-17.88323331549488,28.54498160524933],[-17.88374513814642,28.545170076571733],[-17.88385176671334,28.545371669436054],[-17.883822083255904,28.54544446297213],[-17.88349402262988,28.545596572799724],[-17.883445551640246,28.545722173653772],[-17.8835975393546,28.54698810285894],[-17.883725604196325,28.547413846091015],[-17.8839148569846,28.547760713673416],[-17.883988422547624,28.548023445208205],[-17.883995608055734,28.548474308449652],[-17.88411770656189,28.548531246862883],[-17.884151664605564,28.548765053216762],[-17.884338207160912,28.548900000116635],[-17.884464707166774,28.549118308273027],[-17.885344314807572,28.549643527783967],[-17.885573090657694,28.54971623642072],[-17.88578100299856,28.549997757644142],[-17.886199500756575,28.550171966781352],[-17.8865834214808,28.55046417428853],[-17.886907325645232,28.550616039037326],[-17.887031667499937,28.550755011628784],[-17.887406513015225,28.550939166067888],[-17.88767404705215,28.551383584384883],[-17.887649254750727,28.551620867974034],[-17.887366786431404,28.55165211939852],[-17.886875464540864,28.551807379217873],[-17.886757388622375,28.5518066807606],[-17.886657119398915,28.551465393456226],[-17.886409931493684,28.551277835232593],[-17.886205620511156,28.55135229719932],[-17.88601866644563,28.551312210547096],[-17.885567304676677,28.55153321243266],[-17.885230953106465,28.551629505474523],[-17.884433421839155,28.552203921394323],[-17.884287581798596,28.552587679667017],[-17.883895469611524,28.552706966340736],[-17.883335392247304,28.552732204368702],[-17.883319692673744,28.552909534758236],[-17.883246728785597,28.55304368431661],[-17.88323920113465,28.55347952568561],[-17.883031866876753,28.553593980380846],[-17.883024865019337,28.553674410033988],[-17.883260758042056,28.553783052190745],[-17.8833137025419,28.553851383252983],[-17.883374853735912,28.554370555679654],[-17.884266148802535,28.55599691155556],[-17.88433622686255,28.556431102383655],[-17.88447886570283,28.556603965148373],[-17.884671643265825,28.55726646618665],[-17.885003204208587,28.557810554940247],[-17.88543830411256,28.55788067814398],[-17.885954931096663,28.55813037330887],[-17.885985023234156,28.55840936235621],[-17.885855691804267,28.558724216642243],[-17.886108764702282,28.559499087669877],[-17.886465618944044,28.55973413955844],[-17.886680838300794,28.559983029388505],[-17.886675773935963,28.560321398294263],[-17.886828828025607,28.560351515696617],[-17.887085682585457,28.56070325191796],[-17.88758700256318,28.561139985751698],[-17.887817350774622,28.561531071926673],[-17.888062498196916,28.561828031454425],[-17.888651225824216,28.561911108270127],[-17.88863506539075,28.562067503426018],[-17.888689635158407,28.562307182744167],[-17.888559736902224,28.562451567984585],[-17.888597460220307,28.562560811998903],[-17.88876640390362,28.562686203589962],[-17.88901032755796,28.5626764975124],[-17.88914421178868,28.56286487539602],[-17.889417099733524,28.56294295028501],[-17.889672829410664,28.563103474754925],[-17.889914943645003,28.563326528762662],[-17.89013612963608,28.563755690622756],[-17.890297524261356,28.56390379166657],[-17.8905482377145,28.56429173213244],[-17.89073806926151,28.564732385365396],[-17.890804435013262,28.565029541752697],[-17.890981641314,28.565382064946757],[-17.890867310959568,28.56561000904417],[-17.890857511088306,28.565924123443843],[-17.89116957598923,28.566126740906586],[-17.89119353350526,28.56659167609841],[-17.891515141548048,28.56688158575854],[-17.891610907950017,28.567058145019605],[-17.891719402127777,28.567139719969646],[-17.89220618248228,28.56793935854324],[-17.892226675512244,28.568053478816207],[-17.892158141495905,28.56849873755984],[-17.89243456483017,28.56874270289205],[-17.892399298164946,28.568835461828957],[-17.89223880677261,28.568907439077396],[-17.892207151631617,28.569094833710963],[-17.89235385697789,28.569265795616616],[-17.89264086275709,28.56933634563537],[-17.89292609459457,28.569528706382197],[-17.892860969687323,28.56979980155887],[-17.892870643719636,28.570153189355736],[-17.89317613889333,28.57089896094609],[-17.89389930905081,28.57163581786162],[-17.894061590783444,28.572002184586495],[-17.89446787638624,28.572323653329565],[-17.894813550261357,28.57270775248097],[-17.895233024493333,28.573323899121565],[-17.895412428182656,28.573457175845803],[-17.895469632008446,28.57371754135938],[-17.895833465203278,28.573682710343512],[-17.89583601023651,28.573887415506675],[-17.896119242163685,28.573968862239887],[-17.89624178096225,28.574115078697652],[-17.896662385034197,28.575107339907706],[-17.896896940041863,28.575239436074536],[-17.89704858738156,28.575440955158278],[-17.897048454755733,28.57595781751583],[-17.897294133597992,28.576271883900045],[-17.897308862725136,28.576473622382927],[-17.89724987219805,28.57663273711516],[-17.897296069764575,28.576789603962197],[-17.897575128922373,28.576979379129046],[-17.89815477205361,28.57710048886641],[-17.89847058084993,28.57725159149921],[-17.89939298623072,28.577128135443754],[-17.899541633574085,28.57716587074708],[-17.899952086237292,28.576784440663527],[-17.899994814946172,28.57697969847961],[-17.900100873074415,28.57689560738474],[-17.900319033568785,28.577100209626288],[-17.900552224003036,28.577107849127987],[-17.90074343164062,28.577186744199576],[-17.901216559211765,28.577670928176406],[-17.901786326306187,28.578410613972533],[-17.901687297548726,28.57847718300107],[-17.901789304621307,28.57859938837491],[-17.90190808320537,28.57918070620055],[-17.90206789474553,28.579640887987626],[-17.901749855517423,28.579638549378767],[-17.90167647965515,28.57975738269698],[-17.902019843405412,28.58042745063016],[-17.90194155241261,28.580555220098397],[-17.901982676813237,28.58087870985584],[-17.901523914435497,28.58091092833157],[-17.901449978220498,28.580987449922798],[-17.901454796857465,28.581098929130228],[-17.901615541883427,28.581221765720628]]]}},{"id":"89","type":"Feature","properties":{"categoria":"Paisaje Protegido","nombre":"Tenegüime","codigo":"L-09"},"geometry":{"type":"Polygon","coordinates":[[[-13.504858254716678,29.10894555978573],[-13.498288656897053,29.106173957998053],[-13.497573605831146,29.104790635952625],[-13.49635699095835,29.101895614567336],[-13.49608642604251,29.10140792785891],[-13.495862148516395,29.100795459028436],[-13.49560827327691,29.100372905640704],[-13.495018955341513,29.099991871210005],[-13.494899616646428,29.09929025541664],[-13.494762298786066,29.09912529534447],[-13.494049966104589,29.099013466177322],[-13.493485093336249,29.09863820450964],[-13.493422292877643,29.098007493947556],[-13.493510085553858,29.09719288364635],[-13.493240744864455,29.096926207484163],[-13.49293714554377,29.096768455760905],[-13.49265123596691,29.09635287377943],[-13.492541952567333,29.09558017728011],[-13.492629467290318,29.09381588626994],[-13.492884100997127,29.092916193804886],[-13.49277325987524,29.09227165019178],[-13.492843223197378,29.09150160833442],[-13.492658478561562,29.090913032377603],[-13.492420285376404,29.08970559026538],[-13.49261772908369,29.088790085164213],[-13.492370483885217,29.087761427570204],[-13.492410858546382,29.087396157918597],[-13.492295951001193,29.086956507345235],[-13.492283169474533,29.08636697563619],[-13.492063438597874,29.085653255090264],[-13.492036480403293,29.08531479748785],[-13.491793484552513,29.084694801959753],[-13.491922238917267,29.084265551684098],[-13.491895258534143,29.08386096445839],[-13.491759983185155,29.083180959584247],[-13.491735653525218,29.081263224733767],[-13.491802232498902,29.081070783163067],[-13.492556783039788,29.08081590103767],[-13.49560534332184,29.077605600352495],[-13.495731016019585,29.077304662186815],[-13.496065427401541,29.075371435675557],[-13.496318639407187,29.075118581387642],[-13.4964221190973,29.075123206276015],[-13.496510610943314,29.075186573230788],[-13.496707507666986,29.075587541368666],[-13.496724307652526,29.076302618922412],[-13.496806516393503,29.07688095432625],[-13.497234299552721,29.077711353540636],[-13.497389632149622,29.07817513298356],[-13.497859683430278,29.07912902176004],[-13.497911682291258,29.07937419621795],[-13.498109858361317,29.07965810559628],[-13.498421348679893,29.08028043660287],[-13.498859124805488,29.080845712089324],[-13.49950976021282,29.081099450680004],[-13.499763269827605,29.081336924322503],[-13.499955626275664,29.08144736573627],[-13.500252294136379,29.081823202024076],[-13.500536406327155,29.08205320138994],[-13.50079380619545,29.082181270950507],[-13.501197886352116,29.082495352562898],[-13.50178716479165,29.082742041914376],[-13.502558105945297,29.08326235845964],[-13.50352946918776,29.084018525540614],[-13.503712522588023,29.084218820429644],[-13.503985613766702,29.084657916400506],[-13.504296308889273,29.0848609243278],[-13.50504070635539,29.085172435578716],[-13.50701709741483,29.085529226139464],[-13.507107886294282,29.08577487425185],[-13.507399150757973,29.086094901705085],[-13.507952214602307,29.08644456136387],[-13.508617905062332,29.087003659921336],[-13.509248819968885,29.087367021380267],[-13.509456707851417,29.087784455002474],[-13.51003412446672,29.0883476285435],[-13.51047136284033,29.08892843776175],[-13.510526201621113,29.089252763840012],[-13.510439893633947,29.089835709147387],[-13.510532286156785,29.090200591973893],[-13.510473580508474,29.09028195227603],[-13.510232337709143,29.090413842466845],[-13.510193800815827,29.090592897306486],[-13.510223803976418,29.090709742326606],[-13.51042862771685,29.090892501563836],[-13.510430626717719,29.091270395201526],[-13.51033008742866,29.091471421337424],[-13.510351130748932,29.0917910404346],[-13.510119522011207,29.091984257637147],[-13.510206983218325,29.09224352946887],[-13.510182830311724,29.09242823073142],[-13.509910412203597,29.09256424088751],[-13.509772375603767,29.092811920287772],[-13.509546425860147,29.09343374151405],[-13.509270209133913,29.093793238000742],[-13.509166826252237,29.09378053793495],[-13.509050052097201,29.093465052680024],[-13.508869806130338,29.093205019445012],[-13.508633351782382,29.093086745169387],[-13.508660503762217,29.092671346349693],[-13.50845932873755,29.092386552060418],[-13.508335680646995,29.092054953737108],[-13.508212738955308,29.0919623335511],[-13.507822138058621,29.091909339265417],[-13.5075598463804,29.09127471671582],[-13.507456050076453,29.09121393877468],[-13.50707793010076,29.091284523564298],[-13.506777618318537,29.09124883795734],[-13.506542617742404,29.091016068012372],[-13.50639896402109,29.090991944056462],[-13.50585515427507,29.091206935817514],[-13.505756313964758,29.091326696115164],[-13.505690633081619,29.091594813858443],[-13.505462167875043,29.09176047080696],[-13.505268671493354,29.091772753440555],[-13.504737900716417,29.091613940435806],[-13.504237671162025,29.091329695489918],[-13.503871871335393,29.091738987949128],[-13.50352684576399,29.091862488740585],[-13.50302674470607,29.092151900741754],[-13.502915253342723,29.09232203515178],[-13.50288845623184,29.09246987746474],[-13.50285101862799,29.092921391935768],[-13.502907638385492,29.093203443825956],[-13.502803223111705,29.09381605977845],[-13.502740472747952,29.09396336532009],[-13.502490201335133,29.094272005660393],[-13.502456921659888,29.09466321239107],[-13.502571240448471,29.095078880223063],[-13.502929138505626,29.09598949222791],[-13.502984515783108,29.096570547131474],[-13.502868867227729,29.097436581375796],[-13.502966037321663,29.097915741189176],[-13.503364117266631,29.098444598515915],[-13.504080102394775,29.099022049903027],[-13.504448218182777,29.099563122609077],[-13.505170264613389,29.10022264798376],[-13.505288847071398,29.100426842821566],[-13.505415341945044,29.101101810140825],[-13.505504977253068,29.10123868650252],[-13.506898802289864,29.10227054531709],[-13.50705187727793,29.102431806533044],[-13.507637122438698,29.10273176984915],[-13.508066989661483,29.103278086577173],[-13.508477950949803,29.103569564706504],[-13.508822673058932,29.10390638265854],[-13.50917836116303,29.103954492892857],[-13.512149291411239,29.10584860650182],[-13.513567997244293,29.111673793731978],[-13.51330250189621,29.112985929573362],[-13.510797573790027,29.11301848346762],[-13.509761176155246,29.112759776889845],[-13.507841788490719,29.11261916515368],[-13.507537519773916,29.11255715731377],[-13.506904298992458,29.112138603843917],[-13.505598919910097,29.111030337548698],[-13.504939560499153,29.110700850351137],[-13.50461784899303,29.110640374193352],[-13.504858254716678,29.10894555978573]]]}},{"id":"90","type":"Feature","properties":{"categoria":"Paisaje Protegido","nombre":"La Geria","codigo":"L-10"},"geometry":{"type":"Polygon","coordinates":[[[-13.661449246817764,29.039799832895206],[-13.65831185266149,29.038930905894325],[-13.653785576161797,29.039439059547938],[-13.653742603912363,29.039433141810964],[-13.653747922669647,29.039023406588147],[-13.653558157260909,29.038062253389036],[-13.6534606653525,29.038039806399425],[-13.653059868196692,29.038325304960196],[-13.652545085471926,29.03852502603472],[-13.651247915294945,29.038736680480753],[-13.650283317768924,29.038969109745093],[-13.646342913556277,29.037834496758727],[-13.645497456808053,29.037529144854737],[-13.645442458646356,29.037428245887043],[-13.645499121340213,29.03600827693433],[-13.645417742922689,29.035420642058078],[-13.645315406140776,29.035038258270802],[-13.64494581294124,29.03411663095465],[-13.644413355618777,29.032953648098662],[-13.644175977229366,29.031797703279207],[-13.64419859558612,29.030771006555604],[-13.64413323184945,29.03019546287767],[-13.64399145618392,29.029809701795575],[-13.643770472321927,29.029496158714174],[-13.643392578049705,29.02913642210949],[-13.643027209808674,29.028943422842048],[-13.64011786092072,29.02796086918482],[-13.639146993085566,29.027687798879455],[-13.635566668085977,29.027196640372416],[-13.635160321809016,29.027013753604756],[-13.63425851528952,29.026269780392067],[-13.633807766090335,29.026100146501005],[-13.633367009269923,29.026051343422825],[-13.632331347779639,29.026085122482687],[-13.631440289189145,29.026172655156103],[-13.630786639641949,29.026305766476018],[-13.630432233051906,29.026280629954698],[-13.629994469613756,29.02601452594936],[-13.629411072472166,29.025480674154814],[-13.628642058227541,29.025094516200536],[-13.626225813392773,29.024319851216735],[-13.625212250962415,29.024091160185367],[-13.62487585471925,29.023928749600255],[-13.62430683993147,29.023552122943663],[-13.62386681729231,29.02334386883418],[-13.622352018893388,29.022906715993752],[-13.621757700442634,29.022828423516135],[-13.620901624654229,29.022980067195906],[-13.619668509518549,29.023055193220447],[-13.618183366347598,29.02293422959577],[-13.616920621419043,29.022899711360044],[-13.61620500949287,29.02278883944967],[-13.615895239965136,29.020742186515886],[-13.61591724911881,29.02006188193148],[-13.615784267382903,29.019750798727703],[-13.615406419101374,29.01941609264561],[-13.615285244125134,29.019189880087037],[-13.614915519273712,29.01634153428238],[-13.614896033864545,29.01588129841911],[-13.615186044937902,29.015691090456762],[-13.615312294968552,29.01551190079387],[-13.615249869719877,29.014920980153857],[-13.615280451012012,29.014712656915087],[-13.61610610865977,29.014167273056838],[-13.616705412504446,29.013867331710927],[-13.617638245826738,29.013497314445704],[-13.6191400914345,29.012599328019643],[-13.620776927783025,29.011272283419057],[-13.62301236407977,29.009983101432226],[-13.625368004310037,29.00825184148109],[-13.625429899687234,29.00814244703649],[-13.625377607668897,29.008055294293825],[-13.625243442077114,29.00801707448351],[-13.623518728151625,29.007719585314288],[-13.622295096848958,29.007406284314673],[-13.620511268916257,29.006465890713983],[-13.6193638270912,29.005736239313993],[-13.620287129667977,28.999052559884586],[-13.617274287357457,28.996815091790126],[-13.61779756684458,28.996368460091343],[-13.618205961379145,28.995842736119336],[-13.618714394056406,28.994586542834277],[-13.61928074153367,28.993717049546248],[-13.61968880651441,28.993262656367044],[-13.621990523730053,28.990997636578754],[-13.622309991274685,28.990753276276756],[-13.622690337760863,28.990605560538086],[-13.623021536701373,28.990399005342443],[-13.625911013204673,28.98792405565471],[-13.626725859657606,28.987346585740248],[-13.628232290085068,28.986573133286132],[-13.628748017989249,28.98635993575994],[-13.629395706604821,28.98621146135928],[-13.629753424360876,28.986149462642242],[-13.63049163658191,28.98626912416648],[-13.630837502642056,28.986393071249008],[-13.630877099004437,28.98647895559714],[-13.634417130631668,28.98926290950413],[-13.63448931102126,28.989184668281606],[-13.635596645795342,28.98980236543361],[-13.636436694237128,28.990514953126123],[-13.636691086965154,28.990361723196457],[-13.636869464729047,28.990150271292872],[-13.637389256005303,28.98972591483682],[-13.637875947860834,28.990294759384906],[-13.638042017823913,28.9904395273058],[-13.638257178041167,28.99052907429555],[-13.638920965890529,28.990707336523204],[-13.640682380166517,28.99087777408977],[-13.641641430480618,28.991104185546142],[-13.642022115370617,28.99052181891307],[-13.642192647725276,28.989939034308666],[-13.64233937592891,28.98961938379367],[-13.642326284737297,28.988745225195437],[-13.642400114111135,28.98846484449178],[-13.64263833946468,28.987954650852053],[-13.642924060478736,28.98692598359832],[-13.643043880041253,28.986732874577736],[-13.643331869757926,28.985460590895457],[-13.633814521659376,28.984497430145595],[-13.633392928296393,28.98383817485184],[-13.632949041017618,28.98331051423442],[-13.632183871455993,28.98259506685108],[-13.63183622882043,28.982407283250893],[-13.631549077031462,28.98216524476861],[-13.631191596331998,28.981702144701018],[-13.630332552698441,28.980903120157887],[-13.629901222168963,28.97992941881709],[-13.629554272284501,28.978677877918923],[-13.62946641785599,28.97810957770549],[-13.63420158223732,28.974144981307155],[-13.635456290514222,28.973496257719027],[-13.635797707508642,28.973265071928875],[-13.636781335630856,28.972375334836215],[-13.637735220359511,28.971141323509425],[-13.63898780049483,28.971604380200834],[-13.639729327907357,28.9710776232384],[-13.640072168445254,28.970927743566588],[-13.640669141203642,28.970555465332584],[-13.641030004992873,28.970417741010515],[-13.64170264755538,28.97036129126845],[-13.642765310318605,28.96915621781139],[-13.642900932926134,28.968904895964172],[-13.643326865458356,28.968517459721895],[-13.643699531697083,28.96827026056328],[-13.644030489846324,28.96784676726231],[-13.644243218347084,28.96773555297195],[-13.644710335943273,28.96762358987296],[-13.645087616222193,28.96765193808945],[-13.645181105455862,28.96758414800548],[-13.645340067989054,28.967279921339795],[-13.645491775861636,28.967145005318613],[-13.646233775494528,28.96682932040017],[-13.646389168148007,28.966859032270417],[-13.646598115688352,28.967044380779818],[-13.646942697591825,28.966970298668247],[-13.646990605240115,28.967044160169156],[-13.647046968605947,28.967462045799696],[-13.647047366894002,28.9678511573347],[-13.647004249012634,28.967934472501224],[-13.646942876005859,28.968622752960414],[-13.646993511969951,28.969391017667956],[-13.64688109710115,28.96973656920357],[-13.646885687895075,28.96995480468208],[-13.647047196847517,28.97031308420158],[-13.647494535898002,28.971975233682137],[-13.648352513943449,28.973385488826356],[-13.648669185258173,28.9743045751384],[-13.649040272084388,28.97504860552346],[-13.649118103524764,28.975356920769467],[-13.666785705364864,28.967939232574096],[-13.66686676879199,28.968096849360805],[-13.667118972537718,28.96821559615232],[-13.668405186290988,28.968352227513343],[-13.669024347118983,28.96831590380687],[-13.671541318207108,28.968005059311547],[-13.672618981798353,28.96792806007234],[-13.673762958473805,28.967949299361113],[-13.675032152346624,28.968227071865527],[-13.676441171318068,28.96845134727985],[-13.676740575627942,28.968615122891357],[-13.676938250207211,28.968857116199345],[-13.677063600248864,28.96888254450224],[-13.679198323206073,28.968163506245038],[-13.679736756129229,28.968018909911336],[-13.680320822364783,28.96792703037825],[-13.680437804806738,28.96776587734345],[-13.680844813789172,28.966357390671828],[-13.681200000525012,28.9656003321193],[-13.681517774251205,28.96514224723601],[-13.682595365878711,28.963966097456165],[-13.683029809815721,28.96382386205923],[-13.683658340166083,28.963537757034178],[-13.6842985263093,28.963378100397957],[-13.68502121938061,28.9633740577619],[-13.685458225897367,28.9635450974345],[-13.68591001419082,28.963618397705723],[-13.687145657605095,28.962962451243193],[-13.687188261482214,28.96305704934941],[-13.687157742679606,28.963611656345496],[-13.687192451231343,28.96387003978009],[-13.68734923207545,28.964171047140503],[-13.687714389693657,28.964561880177534],[-13.687889173727676,28.964867683246794],[-13.68820456964096,28.965715476117],[-13.688213466470922,28.96621761872099],[-13.688259121122798,28.966347153978248],[-13.688433665525151,28.966428138501747],[-13.688795195401136,28.966466164928757],[-13.688855492930532,28.966528292487865],[-13.688552093605722,28.967046577062764],[-13.688454447963082,28.96746250515105],[-13.688521454351244,28.96799207191595],[-13.688716332097727,28.968518282730088],[-13.689050841251074,28.968450211965624],[-13.690428698877875,28.96854578702842],[-13.69069056624942,28.96862964046662],[-13.691072220138071,28.968843731201687],[-13.6918078394736,28.969025896189756],[-13.692152367797728,28.96925139109821],[-13.692199694897512,28.96921901924657],[-13.692242310719216,28.968781047201144],[-13.692244279279125,28.96804984466541],[-13.692189319737826,28.967912269382136],[-13.691996558169778,28.96782362192823],[-13.69193320655879,28.96772668462609],[-13.692032819507437,28.96715975260053],[-13.692177508914343,28.96667396712339],[-13.692283164892778,28.965923268253285],[-13.693017357872861,28.96546933838448],[-13.69362365481193,28.96500753807586],[-13.694108702029608,28.964561154330926],[-13.695241200538982,28.963348377129652],[-13.69539778240033,28.962960025917575],[-13.69574276670834,28.962725848444993],[-13.696091781703437,28.96237299730277],[-13.696352427725586,28.962212797928913],[-13.696835136623665,28.962029759885382],[-13.697152177044453,28.961843518245473],[-13.69757200713137,28.96176803037187],[-13.698306957112175,28.9613445541824],[-13.69891158258916,28.961180015737114],[-13.699008400975577,28.961115242734436],[-13.699254725188801,28.961128174743028],[-13.700161955435776,28.960959471828087],[-13.700196554105224,28.96083491222363],[-13.700250983990195,28.960798608011466],[-13.70042602215638,28.96084997149741],[-13.700868674810142,28.96081339191461],[-13.700960895014868,28.960748573061675],[-13.701005395052709,28.960804026864437],[-13.701274295790565,28.960728071503592],[-13.701536591489747,28.960760349221914],[-13.702005845021805,28.960391179622373],[-13.70204794200692,28.96030696943586],[-13.70263536499493,28.96018627087592],[-13.70317036957983,28.959891093613198],[-13.704115799419423,28.95956073690572],[-13.706336939421227,28.958526863754013],[-13.707055591744624,28.958089030654854],[-13.707423534968532,28.957688390869265],[-13.70766452776913,28.95753186967508],[-13.707840899539832,28.95721127022934],[-13.708245086199408,28.956833231269265],[-13.708278135187797,28.95672018808418],[-13.708177178845293,28.956669410853095],[-13.70817230600967,28.956569288060848],[-13.708373070859874,28.95650537075041],[-13.708375932202697,28.956450103270793],[-13.7085708447377,28.956302090526272],[-13.708693373534826,28.956069767965246],[-13.709355032480314,28.955290751642895],[-13.709385738335873,28.95510173289749],[-13.707107206562082,28.95501820757727],[-13.706199458074527,28.954820899076022],[-13.706032197654173,28.95440862610434],[-13.706047215025977,28.954257153921468],[-13.706139290376107,28.95409760557605],[-13.70646418141992,28.953794897176603],[-13.707168370865446,28.952975580392835],[-13.707990956764634,28.952239107133064],[-13.709204651861615,28.951371821274066],[-13.7098754953331,28.95103443710903],[-13.710298695264731,28.950762271850213],[-13.711659561611203,28.949322232719446],[-13.712444571232256,28.94863577433315],[-13.713936958769075,28.947607652418732],[-13.714747561510706,28.947212817934947],[-13.715528670882119,28.946902737819435],[-13.717098612128934,28.94648741063839],[-13.717461414554899,28.946450879981903],[-13.717954785530946,28.946539620627178],[-13.718492363295294,28.946718018021716],[-13.719103251693905,28.947022448033966],[-13.719597943545292,28.947351183669756],[-13.720225411795624,28.947946718081553],[-13.721003393031637,28.948334746460723],[-13.721671629575647,28.94891695312535],[-13.721843916153047,28.949245216604886],[-13.722105358584047,28.9492650274788],[-13.722187833654495,28.94931346185598],[-13.72221677581678,28.949550259584004],[-13.722402050050944,28.949532823051243],[-13.722547561581932,28.949608424841838],[-13.722650262878707,28.949774590427424],[-13.723025566518396,28.95010491495048],[-13.723376020482577,28.950085579078614],[-13.723788162751488,28.95035570341631],[-13.724187613492502,28.950239154339613],[-13.725433659862217,28.95004640628879],[-13.726230751722897,28.950379904582242],[-13.726516604395531,28.950429386096907],[-13.726908915500013,28.950398055094904],[-13.727321041353973,28.95030029799149],[-13.728111569742222,28.94997247280644],[-13.729294926821137,28.94986189913769],[-13.729640084413965,28.949684525926983],[-13.730103523597549,28.949268414712442],[-13.731139242965737,28.948814289974298],[-13.73182355278143,28.948643068846543],[-13.73281431973499,28.948768706194464],[-13.733010661082048,28.948915765004184],[-13.73309649430389,28.949309190513688],[-13.7328233768482,28.949880734881418],[-13.733081375991274,28.950507539888612],[-13.733502446702273,28.95114664610977],[-13.733863079169394,28.951124987164242],[-13.734031183244106,28.951216808452344],[-13.735042198047198,28.952795802728804],[-13.736391982862308,28.952586384372715],[-13.737695252145476,28.95266359675805],[-13.73785602769344,28.952620702723415],[-13.748469998065485,28.955245281809074],[-13.740616025536502,28.958809913737717],[-13.730512841840081,28.964501678734056],[-13.730470279068989,28.965821555610372],[-13.73025101884086,28.966361111107567],[-13.730256484421558,28.966602748339024],[-13.730121763334552,28.967264972811222],[-13.73011024364507,28.96814468538622],[-13.730193689950603,28.968706889588525],[-13.730068404113304,28.969312174954915],[-13.729999316120633,28.9700047644681],[-13.73004584377119,28.970406781372716],[-13.729818760012709,28.97091362792903],[-13.729651347528003,28.971784647692356],[-13.72928460393896,28.972620554462218],[-13.729504195282017,28.97330216185656],[-13.72943381066501,28.973542504683703],[-13.729268151847112,28.973822513813815],[-13.728947736635964,28.974000848585323],[-13.728366433065348,28.97419937725936],[-13.728245197316015,28.974284002682108],[-13.727064241629865,28.975595794915023],[-13.726648287755133,28.97597523995825],[-13.726488980669766,28.976496583731258],[-13.726275246510228,28.976678521169834],[-13.72594751197557,28.976702563180886],[-13.72540867357213,28.97661341805876],[-13.724936771142794,28.976609810847638],[-13.723350693827152,28.97674277862859],[-13.72274473125309,28.97683448339327],[-13.721780535641138,28.97712335696274],[-13.72099741151512,28.97721612224487],[-13.720783553981192,28.977487286709515],[-13.720646060988035,28.977584457283136],[-13.720474062576969,28.97762989415367],[-13.72031102797716,28.977630806537984],[-13.720186760462493,28.977480606490687],[-13.720088449645306,28.977465447735376],[-13.719851138373985,28.977697355173152],[-13.719569935976631,28.978116253111974],[-13.719430699941174,28.978804773401215],[-13.71942267612353,28.9794562238084],[-13.719681280503146,28.980282667849615],[-13.719791303883511,28.980480428768903],[-13.719783528200946,28.98060511344941],[-13.719711544877503,28.98060962636898],[-13.719576358346414,28.98051910201167],[-13.71925304745816,28.98011966317846],[-13.71895373050672,28.97991552303069],[-13.718509181675657,28.980009765644645],[-13.71819678315568,28.9798811630068],[-13.717659966765648,28.980195702722817],[-13.717275523451693,28.980598241554244],[-13.716675905605896,28.981056764128567],[-13.716067933607528,28.981312038199327],[-13.715981087224376,28.981429614059],[-13.715878169048226,28.981768098411358],[-13.715296156106053,28.982080030646504],[-13.715137160037562,28.982418808804823],[-13.71507878367211,28.982950730996414],[-13.714843513038305,28.983287949511006],[-13.714599856197292,28.983433346970937],[-13.71437590492112,28.98343936421392],[-13.71407118374603,28.983609076157013],[-13.713705240742204,28.98367646541199],[-13.713494158563055,28.983790405225072],[-13.713067661483032,28.983910504598327],[-13.712741737727109,28.98423718594512],[-13.712627714132001,28.984294430369694],[-13.712417128582148,28.98429847853121],[-13.712240859193026,28.984405800610322],[-13.711626692303524,28.984919111922647],[-13.711420929486003,28.98499437404057],[-13.7106632717622,28.98498067588995],[-13.71002904906447,28.984800820570324],[-13.708596669352644,28.984091982910435],[-13.707657698230907,28.983770956889042],[-13.706823228935653,28.98355067121865],[-13.706320806373775,28.983561667482693],[-13.705997965087592,28.983679555816792],[-13.689711356281839,28.986108133255364],[-13.688025315317244,28.986050565346492],[-13.687827077908,28.985986829446535],[-13.68777998224047,28.985866810265076],[-13.687896438006263,28.985409924043477],[-13.687786820996875,28.985107220885617],[-13.687972948530328,28.98478688172526],[-13.687975412023324,28.98456569170095],[-13.68781680610581,28.984371095987203],[-13.687328540387433,28.98412634442651],[-13.687255349578313,28.983975882587814],[-13.68733390952656,28.983762944099993],[-13.687693261488832,28.983239985514338],[-13.688034243632856,28.98287106115408],[-13.688243133423947,28.982506623070652],[-13.688643630242726,28.982236177896237],[-13.689068455222943,28.982266465117455],[-13.689377893279064,28.982532994798362],[-13.689581215326445,28.982626099221786],[-13.690427218921815,28.9826831474165],[-13.69069954017351,28.982480892892397],[-13.690836871050486,28.982164559468256],[-13.690825200277498,28.981787284147043],[-13.690778910921098,28.98170741578026],[-13.69032059037835,28.981526943026626],[-13.690022644886366,28.981462663434513],[-13.689724728652862,28.981308145171294],[-13.6894708885813,28.98094006139567],[-13.689285639158665,28.980553468222848],[-13.688723615827941,28.980624211496743],[-13.686404243484086,28.98125495441131],[-13.686171945605915,28.981382505509],[-13.685167954429163,28.982210186054658],[-13.683406539867475,28.982904856130848],[-13.68353384911163,28.983110954766026],[-13.684263733159844,28.986182324805274],[-13.684921220737511,28.992168018348238],[-13.68491065406351,28.992691492519327],[-13.684733348731257,28.994233208499008],[-13.684174152291712,28.998610266997506],[-13.683764620203888,28.99899150358526],[-13.682913639813108,28.999472378265533],[-13.682210511344232,28.99979499604011],[-13.681965309209856,29.000013516261813],[-13.681568752421303,29.000458406853184],[-13.68154390319167,29.00056892314854],[-13.681600306090575,29.00087110872097],[-13.6815396543036,29.001058958355788],[-13.680758655545365,29.00184720017599],[-13.680176453058053,29.00280658430101],[-13.67944712504344,29.002850707449824],[-13.678456310280614,29.003051072049423],[-13.676888575113953,29.003610763032913],[-13.67675142614584,29.003742698238934],[-13.676512743018387,29.004256839345697],[-13.6761001169123,29.00473991829356],[-13.675957323713234,29.005074419038806],[-13.675894356921537,29.00552013204899],[-13.675748396514209,29.005743796335267],[-13.675626255035022,29.00607354557689],[-13.675648507502665,29.006492509735253],[-13.675545027477474,29.006894793547463],[-13.675564703549712,29.007052088969218],[-13.675813618491647,29.0077910905728],[-13.675857877670948,29.00812349924915],[-13.676332035781236,29.00863095308466],[-13.67675027649932,29.008895984454078],[-13.677012384636614,29.009457815133015],[-13.677119512717384,29.009584493229145],[-13.677335575692746,29.009705736727117],[-13.677243899655416,29.010058466130538],[-13.677269322610703,29.01015170660315],[-13.677391605968868,29.010261386795122],[-13.677085842374785,29.010509289896863],[-13.676908243774529,29.010756477863183],[-13.676545369036253,29.010796222835697],[-13.67610293314369,29.010943479014554],[-13.67574799792149,29.011278307400463],[-13.675768784713288,29.01165769268197],[-13.675655796505543,29.011990419619988],[-13.675550930485112,29.012149952900213],[-13.67519510197601,29.01243523444417],[-13.674871290075753,29.013104478223806],[-13.674572982578992,29.013310041824127],[-13.674525602916091,29.013392745745804],[-13.674558721020711,29.013542529874062],[-13.674735551607172,29.01375204888271],[-13.675059440399526,29.013978052932934],[-13.675083360110873,29.014095672586084],[-13.675024194521749,29.014149381538864],[-13.674809142951638,29.014189712755314],[-13.67474044807566,29.014285355444617],[-13.674462369989017,29.01442440791287],[-13.674083852950309,29.014710328715964],[-13.67403384896673,29.014930894304825],[-13.674107742125939,29.015164676314185],[-13.67408446092594,29.015305817862448],[-13.673925124318002,29.015546386018666],[-13.673658975198448,29.01572858400032],[-13.673554398282796,29.015983860929698],[-13.673049789712634,29.01649494425654],[-13.673014480452476,29.016670892178542],[-13.673223068253577,29.016998570736494],[-13.673194805411748,29.017188738939122],[-13.673092078330587,29.01736013144999],[-13.673416008086768,29.017875930621052],[-13.673624583534748,29.01797344366139],[-13.674040068581007,29.017983898142074],[-13.67442938080696,29.01806282489826],[-13.674878642836326,29.018242398206702],[-13.67547636099964,29.018561204114043],[-13.676515678952875,29.019799801662415],[-13.676737342933567,29.02000515725305],[-13.677176753891644,29.020252933715316],[-13.677981028112256,29.020539820713303],[-13.680023708835366,29.022330607927245],[-13.681499741409217,29.022864923270117],[-13.681718598771464,29.023033855920612],[-13.68185890700465,29.023275640733694],[-13.682681271634717,29.025401687761054],[-13.684574296466701,29.028271165900204],[-13.6855639826578,29.02988318323925],[-13.68518658703948,29.029868100443686],[-13.685009847818483,29.030246326592795],[-13.684851732169745,29.030216459150264],[-13.68483492497246,29.03010124820443],[-13.684450569086058,29.030161694755716],[-13.68424311121121,29.029956319064468],[-13.684110096382366,29.030051625008998],[-13.683631634203536,29.029656069774386],[-13.683294524942674,29.02947859871677],[-13.683303129423043,29.02941633169307],[-13.683189649250556,29.02927991253035],[-13.683127340522933,29.029088989664444],[-13.683068230298177,29.02903440658335],[-13.682999450341448,29.029042684690378],[-13.682944339447035,29.02928459178908],[-13.682795053018873,29.029540529218977],[-13.682698740817786,29.029451125009995],[-13.682562450612908,29.029600536209518],[-13.682318239676269,29.029563910203986],[-13.68210344701107,29.029659124820753],[-13.68204780757283,29.02960617271753],[-13.681761731972525,29.029906593877648],[-13.681751386608212,29.030074278741143],[-13.681900779637584,29.030248287235686],[-13.682318134200276,29.030545656428846],[-13.682270143648315,29.03085736651116],[-13.682184451655742,29.030964957025827],[-13.681807302891269,29.031062332319483],[-13.681180270732714,29.03089531266265],[-13.680242790743632,29.031084376121697],[-13.678030409524563,29.03191583674464],[-13.677719802360073,29.032273629696437],[-13.677565504711655,29.03272637507093],[-13.675280468516545,29.03429751799404],[-13.674979156839917,29.034265540517534],[-13.674500659672745,29.034346589129395],[-13.674062987398742,29.034345969036387],[-13.67390876716772,29.03446422136481],[-13.673851087513178,29.034941280609598],[-13.673628564070091,29.035321592269057],[-13.673494304110283,29.03595300128377],[-13.672816760442268,29.03597489747118],[-13.67222420556326,29.03640091410466],[-13.67177170810051,29.036421825956268],[-13.668895150310439,29.037348782753824],[-13.665401009450639,29.039308544250268],[-13.665264368882488,29.039317853329987],[-13.66513140304476,29.039435800969166],[-13.664884008147308,29.03949210085333],[-13.664784907007911,29.03970121751132],[-13.664666198000575,29.040227209738187],[-13.66440635348478,29.040542734091378],[-13.66336007405627,29.040376613441143],[-13.661449246817764,29.039799832895206]]]}},{"id":"99","type":"Feature","properties":{"categoria":"Paisaje Protegido","nombre":"Siete Lomas","codigo":"T-31"},"geometry":{"type":"Polygon","coordinates":[[[-16.429480356173528,28.35424563408227],[-16.43024370302038,28.35418312309946],[-16.43046675901858,28.353645133058908],[-16.430750220587463,28.35347996572668],[-16.431013882642784,28.353234464066443],[-16.43106878717308,28.35308884263731],[-16.430990206127223,28.352907564368024],[-16.430717959382655,28.352560682769436],[-16.430500910722365,28.352385965303018],[-16.430574437246758,28.352197161289112],[-16.430233669172058,28.352048452517995],[-16.430045646211646,28.35209821340774],[-16.429785540520335,28.351665696945656],[-16.429347129742787,28.351104110286656],[-16.427960216528,28.350107123361717],[-16.427830394519553,28.34997206557694],[-16.427722779211503,28.349653733317304],[-16.427312377016033,28.34941216271596],[-16.4272818144761,28.34920104718407],[-16.427231612117602,28.34914546240719],[-16.42641750416469,28.348543708547332],[-16.42571682344297,28.34819048455237],[-16.42553024985535,28.34817351802177],[-16.425328613388828,28.347804776360125],[-16.42494838228307,28.34749306322196],[-16.424848754222964,28.34729762352249],[-16.424341321924334,28.34696916891353],[-16.423980656497303,28.346882501932],[-16.42367230464535,28.346733013294173],[-16.422534091046256,28.346349673041686],[-16.42220739744141,28.34627808016811],[-16.42183913452816,28.346019013081335],[-16.42119766315363,28.345728496213265],[-16.420166622269058,28.345390101958085],[-16.42023185208255,28.345180847793642],[-16.42060214188077,28.345243182712196],[-16.42127278350373,28.345171167862127],[-16.422143359769674,28.3455337091848],[-16.422406100889837,28.345563478191206],[-16.422510597031543,28.345529879114103],[-16.42265532325056,28.34536578762575],[-16.422643898650573,28.345296222439234],[-16.422569529033144,28.34522732287783],[-16.422269439084044,28.345151490437964],[-16.42210902887047,28.344925545064633],[-16.422380521431364,28.344825168270482],[-16.422434578095874,28.344665073190114],[-16.422408533028406,28.344564739768735],[-16.422508959013182,28.344558024419182],[-16.423001036829454,28.344977982675122],[-16.423385398979057,28.345028358079446],[-16.423515871001875,28.344975904040144],[-16.424078701576825,28.345081508559478],[-16.42441656662601,28.34523591381509],[-16.42473339586506,28.34530692760264],[-16.425052299342433,28.345219985279684],[-16.425456813770683,28.34525756294904],[-16.425929123378317,28.345656760099494],[-16.426255255498962,28.345718376963056],[-16.426598244302344,28.34586343605038],[-16.42771294302246,28.34596701476671],[-16.4281616427139,28.346250746799992],[-16.428529888820606,28.34628100547863],[-16.429018664681706,28.34667907131007],[-16.428877164172928,28.34631458758178],[-16.428488086852948,28.345852940657554],[-16.42856854320072,28.34559197097747],[-16.429003231776843,28.3455316766421],[-16.42943416963505,28.34558290060429],[-16.429800845986566,28.345537251638284],[-16.43004254471144,28.34556258748096],[-16.430087199730263,28.345371667618824],[-16.429859062661777,28.345183608126458],[-16.42983714782459,28.34511416267168],[-16.429954206358655,28.344843512444665],[-16.429927474051276,28.344806635625428],[-16.42942148149423,28.344635423413266],[-16.429345543043283,28.34445040666109],[-16.429228947921725,28.344363370292953],[-16.428923364831675,28.34426902704859],[-16.428270452867594,28.34448954016299],[-16.42826952072369,28.344419874671118],[-16.428615295811706,28.34398889643948],[-16.428864751191256,28.343809766473385],[-16.42898515815642,28.34378992184609],[-16.42933746107847,28.343572556261098],[-16.42971064522899,28.343229546439133],[-16.430541278037467,28.343545999449297],[-16.430845926498233,28.343570673678283],[-16.431446222805913,28.34373160390973],[-16.431907490209667,28.344089081777007],[-16.432416306004004,28.34407909057097],[-16.432496502160497,28.34379953846353],[-16.432096611439686,28.34371547991327],[-16.431975021482643,28.343647081433364],[-16.431766620420213,28.343365911566508],[-16.43091752184406,28.343040372794338],[-16.43081184838226,28.342985741282153],[-16.430815223521268,28.342846346396044],[-16.4307725141998,28.34279105427249],[-16.430462438539887,28.3427525016953],[-16.430028338763904,28.34246440898762],[-16.42971702015818,28.342332961364185],[-16.429806401379867,28.341955759961333],[-16.4298738610351,28.34189931253517],[-16.429929135204812,28.341717577380667],[-16.430089334101687,28.341534733041104],[-16.430059439732915,28.341260975454038],[-16.429851857329208,28.34104019099287],[-16.42976568452763,28.34087386470678],[-16.429846632097902,28.340650046253224],[-16.42994499709714,28.340551469649153],[-16.42991184126734,28.340426392753148],[-16.429717679544634,28.340423789173396],[-16.429494247109353,28.340193865148116],[-16.42943885748584,28.33997612377736],[-16.42932732341939,28.33987509921896],[-16.429219736748504,28.3396764878026],[-16.428909261433073,28.338746055755262],[-16.428901905560593,28.33858819912994],[-16.428977921796314,28.338387663897212],[-16.429195691661718,28.33819493042792],[-16.42945668512937,28.338094641038452],[-16.429549857649235,28.33800075815562],[-16.429559109263284,28.33790776380841],[-16.42942197644071,28.337853460741727],[-16.429378202704008,28.337719207871583],[-16.429547667619328,28.33705316996695],[-16.42964658939416,28.336996392953974],[-16.42968737810817,28.336907707047498],[-16.43000031532407,28.336769715092395],[-16.43033218874145,28.336478229198658],[-16.430450233166503,28.33628190051164],[-16.43000004981967,28.335966096294815],[-16.430098935808928,28.335514480578492],[-16.430077476043245,28.33508734860972],[-16.43019144872661,28.334979312203306],[-16.430231915111317,28.334867407424387],[-16.430295077914124,28.334490489438025],[-16.430281908095957,28.334290879584387],[-16.43037128797197,28.333977342101942],[-16.430305324123847,28.333260865293028],[-16.4302257169289,28.33321188028651],[-16.429720101036786,28.333441820215302],[-16.429584640910793,28.333556236662414],[-16.42934433481837,28.33363366482384],[-16.429165656478617,28.333636168677867],[-16.428986219162827,28.333574329831844],[-16.42892959695183,28.33342113177823],[-16.42872822596611,28.33345816891023],[-16.428518416724252,28.333428687361998],[-16.428413750829826,28.33344323108172],[-16.42819124200358,28.333646373880597],[-16.427872130775857,28.333658559271885],[-16.426778103961684,28.33384351789778],[-16.42652555125118,28.333939796761943],[-16.426736331947307,28.334279398841147],[-16.42649983567026,28.33438956214764],[-16.426071544720664,28.33439404027028],[-16.425673858109388,28.334313918850032],[-16.42551404414692,28.33422662653196],[-16.425292396367425,28.334261722522623],[-16.425157841940727,28.33408520335486],[-16.424975489002268,28.333259694782058],[-16.42476260112174,28.333129336568796],[-16.424807757682895,28.332974080802657],[-16.42503095918282,28.332715430464678],[-16.425237641674183,28.332373197456285],[-16.425260203745527,28.332145343324274],[-16.425218159548475,28.331906972775556],[-16.42525460898926,28.331657312790313],[-16.425187022491187,28.331446375259773],[-16.425220395647756,28.331325448399276],[-16.425394670934246,28.3311614426868],[-16.425433090618142,28.331021239128773],[-16.425403218498584,28.330915323294672],[-16.425261660881848,28.330970412657745],[-16.42516238952202,28.330945727606927],[-16.424985180448058,28.330714003569607],[-16.42499043100687,28.330266563790353],[-16.424893347582245,28.329970013117805],[-16.424766047420775,28.32980157642341],[-16.424855444353057,28.329613728443054],[-16.4247024036938,28.329312527309497],[-16.424751690407618,28.329222300935378],[-16.425443383131803,28.328651173789957],[-16.425704780594888,28.328671998472046],[-16.4257226253007,28.328618111353794],[-16.425707498290702,28.32841709511158],[-16.425645355589037,28.328346444487394],[-16.425365422931524,28.328128971124475],[-16.424932964750713,28.327985112314014],[-16.424759944273447,28.327761105779167],[-16.424963304418387,28.327598601997085],[-16.425297409085783,28.327534191134216],[-16.425518032437314,28.32730489934846],[-16.42566931265075,28.32721441922565],[-16.425720069885895,28.32691352620598],[-16.42595001693476,28.32663404580566],[-16.425887968722545,28.32653983818112],[-16.425655304784527,28.32640174532216],[-16.425680066668566,28.32621655776726],[-16.425506974555752,28.326117012015164],[-16.42554878951782,28.325810977758202],[-16.42548827163007,28.325686158091226],[-16.42510965919618,28.325456808677774],[-16.424977917779316,28.325283815421482],[-16.42531621944081,28.32535104029517],[-16.425431697027403,28.325321765155707],[-16.425185351119698,28.325121178588688],[-16.425162688875627,28.324974483050262],[-16.425247947181294,28.324843718079176],[-16.425400305225043,28.324803678602457],[-16.425519796746826,28.324700714837384],[-16.42592123968815,28.324707350411767],[-16.42603267953312,28.324322158296575],[-16.425972966218904,28.32420409939462],[-16.42600527944015,28.324080385530017],[-16.42641655048068,28.32369269094508],[-16.42650427029735,28.323387440026664],[-16.426741416716723,28.323319346422732],[-16.427360154309575,28.323268741380495],[-16.42745137670122,28.323126631064365],[-16.427495208594127,28.32274607113639],[-16.427596659189277,28.322679440781922],[-16.427815301903415,28.322631214154992],[-16.428156042200563,28.322705897673256],[-16.42868938857775,28.322394626717205],[-16.428973360945196,28.322365750412356],[-16.429038564900146,28.322268857652666],[-16.429057841085523,28.322040044466974],[-16.429439571701096,28.321675628976333],[-16.42966683153824,28.3215436805856],[-16.429719365979924,28.321178417065813],[-16.429004137387757,28.321168842342455],[-16.428622446460057,28.321298976964183],[-16.42821124148352,28.321349265586914],[-16.427531023400476,28.321102862288164],[-16.427625766571307,28.320819829746963],[-16.427956799549623,28.320595967587725],[-16.428348249713867,28.3201385286896],[-16.428600360252425,28.320068921601916],[-16.42959918114028,28.320112188675548],[-16.430523641920892,28.32004814078313],[-16.430961091607937,28.31979743372323],[-16.43116262569551,28.319614633336222],[-16.431582483574676,28.319429000874255],[-16.43160441304833,28.319391044989256],[-16.43153307053859,28.319288273064384],[-16.43156509530156,28.319234958494604],[-16.431853432385847,28.318999711910376],[-16.43214134121691,28.31887719542487],[-16.432392965132504,28.318885836039414],[-16.432616279797042,28.31897383514839],[-16.433171857509336,28.318755996669662],[-16.433652754904163,28.318977480508742],[-16.43398315861288,28.318928521279354],[-16.43392257546208,28.318814446197862],[-16.433705836910782,28.318745333309383],[-16.433317842954196,28.318485057779274],[-16.43309710602671,28.318399108552942],[-16.432747503833067,28.318347273910273],[-16.432517847544627,28.31807522511675],[-16.432332301282248,28.318027533540494],[-16.43211956068642,28.318096734192135],[-16.43162066869845,28.318145471015658],[-16.431408281196948,28.31822585826404],[-16.43096305812929,28.318245870739958],[-16.43078386750629,28.318330060564612],[-16.43043101353801,28.318667606325782],[-16.430041639987667,28.318783781824678],[-16.429639735410603,28.318611367500697],[-16.42944874433158,28.318438728333717],[-16.42953039538361,28.318275417211506],[-16.4301793249336,28.31770913803015],[-16.43004316081246,28.317319046561337],[-16.430046913100174,28.317211515656876],[-16.430134074487963,28.31705617898574],[-16.430905114182792,28.316531035801813],[-16.43128325090903,28.316368495491783],[-16.431276253723038,28.316264867948167],[-16.431040568166843,28.316196942122083],[-16.430296254939826,28.31622694747902],[-16.430275542792693,28.316144763362264],[-16.43042002915231,28.315919240464204],[-16.43081256730309,28.31558317409247],[-16.430855981496563,28.31540555183378],[-16.430736834499456,28.315319796898436],[-16.430754769281997,28.315212027023804],[-16.430987518820427,28.315060849372202],[-16.431377566227997,28.31469908541062],[-16.431372257185927,28.314645350173762],[-16.4313002281408,28.314612892435],[-16.430126173391383,28.31481951590906],[-16.43000919551723,28.31455277979838],[-16.429480722904046,28.3144246512086],[-16.429100055717345,28.314206975909023],[-16.429066950072865,28.31413367589904],[-16.429128827752763,28.31396380304589],[-16.429240083449155,28.313825723735945],[-16.429190595044915,28.313579760284714],[-16.429242371037933,28.313501058728463],[-16.429760185247673,28.313130109191817],[-16.429919451171685,28.312898836271312],[-16.430475621373997,28.31270428840411],[-16.430466219793068,28.312664765760942],[-16.430159850256967,28.31258792189725],[-16.42984938034507,28.312189277081657],[-16.429258392787467,28.31176288327438],[-16.429190912789306,28.311681459411634],[-16.42918296680229,28.311464727097494],[-16.429255956536576,28.311245847590424],[-16.42942651287936,28.31120236438453],[-16.42960233328216,28.31099888794847],[-16.430068862538292,28.310635162397208],[-16.430280463470087,28.3103293330186],[-16.430227692503166,28.31018105831818],[-16.430032068758504,28.31004980396438],[-16.429920116096145,28.309899080571554],[-16.430019447159804,28.30958657570474],[-16.430367635250555,28.3094739914716],[-16.430343472070856,28.309398251407387],[-16.43003799975064,28.30910569215783],[-16.430014103458642,28.30900413677706],[-16.430802497909003,28.308895964041763],[-16.431299789827506,28.308942645766443],[-16.431378581337473,28.308781258890164],[-16.431200357941808,28.308548017955843],[-16.431237859252068,28.308477407657314],[-16.431341166818672,28.30845466355409],[-16.431625777622614,28.30848389907014],[-16.432088195356545,28.308623814372044],[-16.433045733340254,28.308733530444524],[-16.433259522725596,28.308591844378853],[-16.43368639632939,28.308621025683472],[-16.434038729504547,28.308513894152497],[-16.434588583593435,28.308504505910843],[-16.435429000641165,28.308033393197938],[-16.43597218406061,28.307838870020255],[-16.436097464633338,28.307812190805667],[-16.436270452788744,28.307852428617593],[-16.436355843068778,28.307748641414626],[-16.435645283037214,28.307538516449984],[-16.435238071357052,28.307583503088654],[-16.4347529641392,28.307819741661753],[-16.43460861685853,28.30784671030446],[-16.434353961723243,28.307754620702717],[-16.43409604089963,28.307586300928442],[-16.43374033189853,28.307471896251993],[-16.433359342925858,28.30764728857967],[-16.433073909366385,28.307602180694804],[-16.43259445726254,28.307294305550272],[-16.432528386516914,28.30696792106011],[-16.43232941217035,28.30688318547734],[-16.432029150528276,28.30686984666757],[-16.432063348021938,28.30677649990768],[-16.432375017051697,28.3066563516432],[-16.432645014965644,28.306485827453088],[-16.432670443322635,28.30638194977819],[-16.431792921972278,28.30629837691705],[-16.431446959675565,28.306142166790675],[-16.431260115881305,28.30597309600635],[-16.43111978642152,28.30591157052443],[-16.430299532647492,28.305999681143255],[-16.430212610205942,28.305798695168594],[-16.43040624314394,28.305606412125783],[-16.43048424634369,28.305285556300532],[-16.430684907605034,28.30519184614824],[-16.43122457938658,28.30522292186318],[-16.43138315428814,28.305192468295623],[-16.43142601733157,28.305042559290158],[-16.43136079049124,28.304717879969317],[-16.431420222292715,28.30462492758919],[-16.431555065335658,28.304581455459513],[-16.43178142537729,28.304579352129856],[-16.432229685101507,28.304759849450782],[-16.432594467014304,28.30482154548137],[-16.432749729784824,28.30483318315378],[-16.43292590204562,28.304759149320834],[-16.4331045172397,28.304531108448284],[-16.43314543352351,28.304394405405024],[-16.433229204217305,28.30394684419045],[-16.433264984054336,28.303124937686608],[-16.433393287938053,28.30268361457691],[-16.43381436284582,28.301999187890132],[-16.440540390076144,28.30150875409001],[-16.440504042476174,28.30179117883751],[-16.440628313448443,28.30216893079113],[-16.440810448013682,28.302300131992556],[-16.441277022270395,28.302374178220575],[-16.441409603169028,28.30246980050744],[-16.441201538187247,28.302921006752943],[-16.4412012033389,28.303439965895713],[-16.44178708772729,28.303097586116092],[-16.44211491127667,28.303161813125506],[-16.44227724791834,28.303266145472737],[-16.442583839326314,28.302795845923118],[-16.442648147377778,28.302578558824717],[-16.44282121356622,28.30239171083395],[-16.443115446853138,28.30185610726139],[-16.443736744188065,28.3015178577103],[-16.44379121924947,28.301634610626703],[-16.443771914747895,28.30183337163773],[-16.44381165843474,28.301968330958005],[-16.444061401593128,28.30231542008568],[-16.444123296121546,28.30269834097334],[-16.444209330094615,28.302792196540913],[-16.444375120533763,28.302774648155257],[-16.44443123417588,28.30313055408608],[-16.44500628751855,28.303025189689137],[-16.44538260455518,28.303093408117395],[-16.445160013022825,28.303199555815606],[-16.445003545927573,28.303341104439397],[-16.444899017590625,28.30352948599804],[-16.44489426369692,28.303696504482847],[-16.445072103613338,28.303933792560347],[-16.445854180385172,28.30450313052241],[-16.44583625558033,28.30548707835115],[-16.445610144382886,28.30566321024023],[-16.44537743987569,28.305728851629983],[-16.44488155111335,28.305679949806283],[-16.444526094363667,28.30571755682275],[-16.444079939801725,28.305882476748753],[-16.44383577437391,28.30587829067301],[-16.443497164057145,28.304803347729127],[-16.4429936308822,28.304707136866757],[-16.442458503729064,28.304489416293066],[-16.4422606932118,28.304850262549376],[-16.44202157238443,28.30498365585392],[-16.44183255472629,28.30519323467918],[-16.44132523466449,28.30533622844253],[-16.440834984341993,28.30553996103426],[-16.44083583560184,28.30560312923804],[-16.441182878392656,28.305768690167003],[-16.44101016766505,28.305935225504857],[-16.44082342656493,28.306314003565454],[-16.44074063193196,28.30653148497562],[-16.440789450074192,28.306772396770825],[-16.44016932588272,28.307058725766655],[-16.44059050791895,28.310337237520677],[-16.44005432283681,28.311556799744448],[-16.439686696660203,28.313744802341684],[-16.439594579550324,28.314075197700337],[-16.439454871279796,28.315107812392352],[-16.43968468866451,28.315157283643437],[-16.439727172659595,28.315732198518493],[-16.440085636550933,28.317594397211106],[-16.440348069747152,28.31762772871058],[-16.440843912895097,28.317881971552126],[-16.441115391446772,28.317924231339397],[-16.441329552594244,28.317899406265163],[-16.440449657785056,28.31906393509341],[-16.440315059504034,28.31978963590486],[-16.440362729813124,28.319992201889853],[-16.440284173553522,28.32019384390771],[-16.43999945013707,28.320517246892575],[-16.440188973795408,28.321147017382025],[-16.43954072794814,28.323231931966596],[-16.439228257273314,28.323767720621873],[-16.439215123041254,28.32421235486704],[-16.43891059835567,28.32462847388599],[-16.43885499696029,28.324807309792675],[-16.438842149554276,28.325249684634027],[-16.439257122560576,28.32548447806061],[-16.439545349269142,28.325774759265194],[-16.439822647243616,28.32591623786076],[-16.44022415902296,28.325979689770847],[-16.440543867923743,28.325886061671206],[-16.440734625193354,28.325755437111145],[-16.440876929350896,28.325742652741393],[-16.441501462177165,28.326460334986972],[-16.442102564422736,28.326693152759333],[-16.442719777780823,28.327056664029584],[-16.442724162917084,28.327334145074353],[-16.44387548013785,28.32750021470316],[-16.44407769248368,28.32781621557261],[-16.444187331488347,28.32790982045035],[-16.444869695444407,28.327857469188157],[-16.44497630383881,28.32779767581506],[-16.44509999274942,28.32763391076883],[-16.445364977098016,28.327547619961265],[-16.445503967746674,28.32764316912316],[-16.445795463170075,28.32810262569072],[-16.446070844185247,28.3283840032069],[-16.446716676767842,28.32845838365662],[-16.44696666093053,28.32862946900959],[-16.447132464542683,28.328657042512535],[-16.447231725137225,28.32873721702051],[-16.447601084328532,28.32887319001407],[-16.447842110396863,28.328830018617765],[-16.448058581597873,28.328644959456554],[-16.448239476912555,28.32858663137449],[-16.448999486116005,28.328689120971443],[-16.4496398205296,28.328569502671677],[-16.449962027552615,28.328566078629336],[-16.450211549334565,28.329007920698828],[-16.450076992617813,28.330225505103154],[-16.449393626735496,28.33011092601333],[-16.449075581467483,28.3301865067413],[-16.44881966779671,28.330119278992527],[-16.44837949631507,28.330191642405367],[-16.44784708933097,28.33004386429282],[-16.447631071342208,28.33054480270416],[-16.447522002399417,28.331058143925844],[-16.446413061803714,28.330729202181296],[-16.44373104413341,28.330114561076876],[-16.44371315609695,28.333790293110948],[-16.44179185678887,28.335293014952672],[-16.44187167730986,28.335680258004015],[-16.441908824038045,28.336471833012606],[-16.441372136565736,28.33721306494824],[-16.441360504848948,28.33812248399738],[-16.44150167507823,28.339181461401914],[-16.441334007237074,28.339560038316716],[-16.44090929868532,28.339907485992697],[-16.44099472263929,28.341064074280965],[-16.441146873252755,28.34118882043411],[-16.440279838604045,28.342044098132163],[-16.437945957926875,28.342183796821196],[-16.437093273985937,28.342355239120643],[-16.43699114093555,28.342701532038127],[-16.436631825272066,28.343456671607278],[-16.436770177617728,28.343669564424303],[-16.436571370337923,28.344010106497567],[-16.436973344250926,28.344150276070597],[-16.436743177454613,28.344387358152183],[-16.43664989055574,28.344656842778456],[-16.436688232227443,28.344805355880535],[-16.436897607809428,28.345060370301752],[-16.437155161498882,28.345294569806324],[-16.437622396030992,28.34556942860651],[-16.438482005945335,28.345910093347285],[-16.439279272061665,28.346449966338547],[-16.43940112956845,28.346502831791533],[-16.43976493775527,28.34653057977123],[-16.440010620291883,28.346451270994553],[-16.44008990601029,28.34663319535279],[-16.43938694117817,28.347152800612303],[-16.439369740755165,28.347579425892178],[-16.439682294153688,28.348108617063822],[-16.438424960416263,28.349412498203993],[-16.439950211396486,28.350409486055767],[-16.439564792351955,28.351853084306352],[-16.4393208753212,28.352489683611687],[-16.439482956526195,28.352711347746485],[-16.439494044577415,28.352918811603285],[-16.43908263819431,28.35331124033261],[-16.438811652116637,28.35404514596747],[-16.438631122202636,28.354252375475845],[-16.437621685770598,28.35439163237056],[-16.437076848822706,28.354749361054218],[-16.438030523865386,28.356386415526394],[-16.43872752201263,28.356767148274173],[-16.43903603249667,28.356781942895005],[-16.43945568148502,28.357330309661187],[-16.439652436136477,28.357781751058265],[-16.440734087074254,28.358029800994668],[-16.44051388570444,28.358117161217784],[-16.440751466092923,28.359457440442835],[-16.440458165285623,28.359467099117435],[-16.44036408357268,28.359519176029647],[-16.44018458283963,28.359743544698084],[-16.440189981008654,28.359969570106497],[-16.43995012123056,28.359917501013005],[-16.439785729958835,28.359938551271487],[-16.439139548898265,28.360367484920115],[-16.439055845247818,28.360629288432822],[-16.438830642638088,28.360763795076814],[-16.438763129430917,28.360864417108985],[-16.4387402681943,28.36103036194307],[-16.438802605394724,28.361211653056127],[-16.43871216867926,28.361314773311523],[-16.438493053931865,28.36141663403773],[-16.438414747346616,28.36167025750799],[-16.438185438800872,28.361788019503997],[-16.438159802977694,28.361967711896973],[-16.438066956721467,28.36202085728714],[-16.437776328029344,28.362047929939695],[-16.43749043795716,28.36226764109416],[-16.437451788462894,28.36242815656593],[-16.437607020716342,28.36259023766201],[-16.437617848365548,28.36267441930344],[-16.436999001105338,28.362756034166487],[-16.43694662835986,28.36284467267045],[-16.436945948083544,28.363013813028765],[-16.43673503286511,28.363080927644873],[-16.436536268417008,28.363269935287004],[-16.436534711122412,28.36348764073923],[-16.43636258734913,28.36357140373996],[-16.436322314391752,28.36388428225141],[-16.43569733213309,28.36445153398478],[-16.436629349425548,28.367121423781942],[-16.433641527330696,28.370615102412323],[-16.43353628237248,28.371499479048474],[-16.432716186563262,28.37538475054806],[-16.432613082096534,28.375533667921477],[-16.432164992782067,28.37576825051316],[-16.431926390861005,28.37595658752682],[-16.431864618158016,28.376060304863966],[-16.43245259225787,28.376758275403727],[-16.43250051636003,28.376876995110912],[-16.43247581962427,28.3769983734641],[-16.432295659952146,28.377101079038408],[-16.431853277437508,28.377069717087505],[-16.43170117388312,28.37711120671116],[-16.43135055458116,28.377811187374864],[-16.431244675907873,28.37790580094178],[-16.430719954467325,28.377791997123644],[-16.430494451440627,28.377899959801972],[-16.430420199827893,28.378016894118794],[-16.43054467679261,28.378327138944357],[-16.430646191688982,28.378964158023823],[-16.430613521456497,28.37912271353253],[-16.430446755476737,28.37925812804583],[-16.431011551876498,28.380060859886374],[-16.431346355088987,28.380413551780833],[-16.4314389316385,28.38045591853573],[-16.431659136639265,28.380735734180572],[-16.432191785663587,28.380921923277988],[-16.432451512381142,28.381128461415347],[-16.43294142140636,28.380987913907468],[-16.43310026111427,28.38099090051285],[-16.433000151859208,28.381341672193486],[-16.4329944091932,28.381544529632563],[-16.433340812663637,28.382716423056806],[-16.43347100336739,28.382820648728853],[-16.43413247101538,28.382939770895007],[-16.434517487217406,28.383097179431005],[-16.434636845346844,28.383238070166378],[-16.434623641623013,28.383523243992617],[-16.43454462052102,28.38350564644313],[-16.43440689307299,28.383326862541796],[-16.43428911164164,28.383265196530502],[-16.434029278368733,28.38324175817506],[-16.433230830628055,28.38335602492915],[-16.43298001650319,28.38334304922651],[-16.432688399557353,28.38346804665319],[-16.431513535689025,28.383670195436327],[-16.431016341262122,28.383640129346766],[-16.430943961318146,28.383600275913434],[-16.43078382887478,28.383356110004904],[-16.43074069209041,28.383130390481345],[-16.430658732632793,28.38300787602766],[-16.43049344138174,28.382896254398148],[-16.429988775950026,28.383244600958395],[-16.429276518713053,28.3830364158323],[-16.428820035394995,28.38299792724843],[-16.428651281246797,28.38289657427051],[-16.428659602504172,28.382776595690093],[-16.428545093313932,28.38235731012571],[-16.428123508867184,28.38210210908653],[-16.428029448701878,28.381653520289188],[-16.42794529331646,28.381584628020764],[-16.427725741213838,28.38117014266474],[-16.427538525556486,28.381013584637987],[-16.42707358227118,28.380848653608208],[-16.426782236255864,28.3805296835409],[-16.426137194110648,28.380056978407872],[-16.425712474142717,28.379978227912748],[-16.42569100038573,28.379883425685627],[-16.425816188584797,28.379741899536715],[-16.42516317345342,28.379600292215176],[-16.42345969669014,28.379421481854315],[-16.422834191126864,28.379260207657126],[-16.42254326359188,28.379067667558676],[-16.422363032898296,28.3787018596922],[-16.422282444074934,28.378651256824604],[-16.420386743073973,28.378457455107498],[-16.419221154183486,28.37797144028684],[-16.417796876395602,28.37750635138771],[-16.417534294088696,28.377327113018694],[-16.417806430426946,28.376605174600627],[-16.418038048142492,28.37556022668355],[-16.418397240091423,28.375457003185595],[-16.418504993828517,28.375111477189705],[-16.41855923411442,28.37506190538147],[-16.418743739532406,28.37504725914161],[-16.41895163320023,28.37495745936885],[-16.419194623958514,28.375012871475867],[-16.419321496604248,28.374963887767258],[-16.418529764300988,28.374511309316485],[-16.418357449880563,28.37425335528264],[-16.41834975393548,28.374012370238564],[-16.41887752293976,28.373391352904225],[-16.41897293239708,28.373322309006586],[-16.419203719279146,28.373266115350315],[-16.419298933611234,28.373052127334617],[-16.419415533302452,28.372995858864403],[-16.41965728603162,28.37298160803824],[-16.41985809243105,28.372858036020745],[-16.42015032885608,28.372420424278715],[-16.420341880866083,28.372383590643476],[-16.42044560942499,28.37227276228888],[-16.42053580981354,28.372257110996145],[-16.420754803963664,28.37230401606636],[-16.420980622716424,28.372281084265335],[-16.421220056799278,28.372391584151533],[-16.421112917531648,28.372146943142905],[-16.420751206319913,28.371635822277963],[-16.420733232160284,28.371558121521144],[-16.4207758349794,28.371508399427327],[-16.421264064862815,28.37152867015795],[-16.421791093829224,28.371872090405603],[-16.422168302063564,28.371961024979417],[-16.422328813271918,28.371952626197018],[-16.422346299034132,28.371893418449197],[-16.422060527886394,28.37163065129097],[-16.42194305094621,28.37126129928262],[-16.42201886376703,28.371123324188538],[-16.42229272089266,28.37103770495146],[-16.422295353574388,28.370921431976008],[-16.422178900106765,28.37073591425906],[-16.422197496381163,28.370668933201554],[-16.422283788088507,28.370620469582146],[-16.4226559849025,28.370601783727686],[-16.4226863179343,28.370489102482168],[-16.422617439578474,28.370316148108135],[-16.42280376747853,28.370393634608437],[-16.423158970459966,28.37069850581374],[-16.423414312046,28.37068330677624],[-16.42365288116261,28.370805544320117],[-16.42401301797467,28.37086180019068],[-16.42419384292313,28.370969477596468],[-16.424252215446643,28.370954607716197],[-16.42417667014635,28.37075332136195],[-16.423800524591364,28.370407522005635],[-16.423674303257563,28.370216602227938],[-16.423756216554004,28.370077208712047],[-16.42408427741503,28.37001638076284],[-16.424136985759063,28.36996709359459],[-16.42396088001169,28.369341587007362],[-16.42399040065017,28.368992451893252],[-16.42407672585168,28.368893174558377],[-16.424317469672918,28.368857626608445],[-16.424456532846662,28.368680812389115],[-16.424881118495264,28.368727006330946],[-16.425140969736123,28.368685842035745],[-16.425211373706002,28.368708571601086],[-16.42528866253095,28.36897157202688],[-16.425401173988813,28.369068048874194],[-16.42553871503611,28.368876718830915],[-16.425725827204566,28.36873739721361],[-16.425776633025393,28.36856881530351],[-16.426034597555756,28.368523968697154],[-16.425903168343677,28.368203141613517],[-16.42608173497124,28.367959035323832],[-16.426148989651676,28.367708151251737],[-16.4259804307291,28.367197369746556],[-16.426027561084027,28.367005811751017],[-16.425912023277302,28.366362345424488],[-16.426325458580965,28.36652913907765],[-16.426452372994543,28.36653539224188],[-16.42647393008926,28.36644590674636],[-16.42639917556596,28.366265642126788],[-16.426485804025887,28.3660596814894],[-16.42649169641626,28.36592045017727],[-16.426336731971308,28.365525772172372],[-16.42637327268912,28.36545038982649],[-16.426781454901466,28.365117959262857],[-16.42688881663574,28.364890752490304],[-16.4270091587192,28.36483299456958],[-16.42715377976449,28.364843484153415],[-16.427506446386197,28.36496813078978],[-16.42827795581947,28.36512250411071],[-16.428476817348535,28.36510697269699],[-16.428710589676747,28.364947844138445],[-16.428850621183447,28.364920383647842],[-16.429220490706733,28.36492760728222],[-16.429370443394063,28.365055728046578],[-16.429338827098444,28.36483448932763],[-16.42945223194303,28.364639888765],[-16.429847612559186,28.364510381217496],[-16.429989958642523,28.36432838278795],[-16.430223467122893,28.364213492992487],[-16.43151039520404,28.36413530399584],[-16.431059635663917,28.363973665113956],[-16.430276586179733,28.363796856309893],[-16.42995381510527,28.363497083842525],[-16.429640369121813,28.363382862470143],[-16.428933714140022,28.363331426827187],[-16.428861823677956,28.363250835640045],[-16.428706784478678,28.36265284887651],[-16.42840190945948,28.362526937245768],[-16.428004979587495,28.3625083159352],[-16.427734518844936,28.362370796791634],[-16.427080379294843,28.361744523218974],[-16.426854643885665,28.361398149487684],[-16.426664720002886,28.361327880099736],[-16.42653421926742,28.361181015346084],[-16.42626046503627,28.361127200909642],[-16.426043705194665,28.36046737419403],[-16.426072262355518,28.360413104320312],[-16.426175600880423,28.36039228766341],[-16.426452662348574,28.360468871964088],[-16.42665499231685,28.36038525654608],[-16.428632758046703,28.358902974794916],[-16.42885835526745,28.358852821784293],[-16.42950516531611,28.358944931244817],[-16.429783949307087,28.358888659455044],[-16.429865436565912,28.358693562972],[-16.429699979157014,28.35841355627127],[-16.429705119563575,28.358254305599843],[-16.43080081638971,28.357517616336544],[-16.43059268338973,28.356858253333858],[-16.43027213725188,28.356821814921812],[-16.430161174063088,28.356741209956066],[-16.430470090786734,28.35660277062737],[-16.43075115023927,28.35633474928821],[-16.430935282364942,28.35583841253216],[-16.431323421780576,28.355468273433875],[-16.43135708044046,28.35538389480912],[-16.431272932234748,28.355332341343026],[-16.430279771340825,28.3555342796373],[-16.429462194997214,28.355766861023277],[-16.429453613510972,28.355712709088046],[-16.429645268840424,28.35555663816745],[-16.4299407169545,28.355471590432128],[-16.430131328453886,28.355283399822234],[-16.430144102834635,28.35519364485528],[-16.429908018848927,28.355079604651465],[-16.42981402954762,28.354864615470568],[-16.429480077426103,28.354744655011658],[-16.429393873349188,28.354340183628693],[-16.429480356173528,28.35424563408227]]]}},{"id":"103","type":"Feature","properties":{"categoria":"Paisaje Protegido","nombre":"Barranco de Erques","codigo":"T-30"},"geometry":{"type":"Polygon","coordinates":[[[-16.74148344368015,28.17198106992084],[-16.74125614677345,28.172099950749466],[-16.74080223687633,28.172088727067454],[-16.740628875738945,28.172165461685136],[-16.740058258289267,28.172704354135625],[-16.739797632142917,28.172757194245893],[-16.73960390856213,28.172891363130688],[-16.73949574958968,28.173290927358327],[-16.739390122160412,28.173503953906188],[-16.73925983778254,28.17363891369852],[-16.73799199014102,28.1738917884203],[-16.73766770310662,28.173791885631175],[-16.737602242578966,28.173830611426563],[-16.737446374269737,28.174000350791836],[-16.73730383954871,28.17403476609066],[-16.737268182791958,28.174127334228384],[-16.73733825256832,28.17445823101954],[-16.737044746411172,28.174779635786184],[-16.736839880743474,28.174900991800527],[-16.73627405351094,28.175122489182193],[-16.735907663973144,28.17513563692791],[-16.735729271330808,28.175056757310138],[-16.735592948008172,28.175155564984532],[-16.734855940749203,28.175423493179892],[-16.73454145686601,28.175665524231707],[-16.734129140643383,28.1757845951955],[-16.733386670608812,28.17636289226673],[-16.732787296857747,28.17640538815612],[-16.732526230014308,28.1762396045085],[-16.73223171739376,28.176742908673607],[-16.73157859587927,28.176965392911974],[-16.73094464182819,28.17725797305998],[-16.730756126005502,28.177255114538525],[-16.730204528725444,28.177516335456005],[-16.729852733466597,28.1775477655181],[-16.72954516261236,28.177719855518887],[-16.729157633486363,28.17773516581922],[-16.729006459238747,28.1778199136961],[-16.728461253846135,28.178306745280747],[-16.728245986893036,28.178310537196367],[-16.728080399215088,28.178243867942996],[-16.72751215319813,28.17830575751358],[-16.72746825103962,28.177902389739764],[-16.72716343199729,28.17708362776297],[-16.727175577729607,28.17674931413421],[-16.726848392286957,28.176434749867493],[-16.726918874356627,28.176152910404255],[-16.727200902973372,28.175666481638117],[-16.727759785938304,28.17527700426566],[-16.72852142326655,28.17500058122915],[-16.729207965319077,28.174637363783283],[-16.730236628725752,28.17437853189933],[-16.730467734232594,28.174419001939075],[-16.731145112062002,28.17435315776378],[-16.731455531184743,28.17413512487712],[-16.731976267664084,28.17420354575691],[-16.73219875408179,28.17429449067111],[-16.73235934968868,28.174435987230286],[-16.732582869138856,28.174428799849856],[-16.732707036296645,28.174098862296173],[-16.732954780482807,28.173911720548162],[-16.733314210753218,28.173810154063936],[-16.73341041403628,28.173714870894095],[-16.733305132997064,28.173586337534775],[-16.73339137151227,28.173473735675003],[-16.73340230213328,28.1733551653018],[-16.73356778771322,28.173191589814397],[-16.734103213793865,28.17315738276981],[-16.734261226715272,28.173017753701888],[-16.73483909684929,28.17287970827124],[-16.73527566670348,28.172846216722867],[-16.735508742970207,28.17271426237122],[-16.735726727175717,28.17250986772227],[-16.735689540643907,28.172399244394963],[-16.735450624420608,28.172231199804028],[-16.735496646048123,28.172197703121736],[-16.735908955311363,28.172204659305063],[-16.73651622060733,28.172031236541645],[-16.736954688605117,28.17161624825681],[-16.737201566951622,28.171588740037667],[-16.737893337138686,28.17172228999434],[-16.73797389837339,28.171682867012954],[-16.738064284610154,28.171580913086405],[-16.738078342276523,28.171446319942593],[-16.738225623433237,28.17120745106341],[-16.738543341370224,28.17102945088087],[-16.738666900873902,28.1710497223975],[-16.73891143004294,28.170930133758574],[-16.73905586323303,28.17071717366315],[-16.739331244308318,28.170473429163458],[-16.73945079947448,28.170246224346545],[-16.739838325722012,28.169992710023774],[-16.740394632758285,28.169732272059175],[-16.740771588488286,28.169713926471122],[-16.7409239583805,28.16964825412476],[-16.741015092176028,28.16954799223052],[-16.74202286589372,28.1692593711465],[-16.74319422984523,28.168515436887258],[-16.743615960932154,28.168364040028802],[-16.74379027141793,28.168192154163478],[-16.744393962782997,28.167934207019673],[-16.744914404062047,28.16785546747463],[-16.745398868448277,28.16762448528335],[-16.745844083565398,28.167334618835273],[-16.745971231523352,28.167018639072637],[-16.74625504855534,28.16689804104667],[-16.746379267950815,28.166883961865807],[-16.746766070721492,28.167031781527935],[-16.74698573227509,28.167028979064405],[-16.74745724125176,28.166869249594008],[-16.748047690679925,28.16691295039465],[-16.74824256392195,28.166807987256394],[-16.748826548517933,28.16632966662051],[-16.749566331380578,28.166198364114187],[-16.750985429859007,28.166073894894335],[-16.751964813571426,28.1661442321883],[-16.753467504087748,28.166360390827574],[-16.753672281052623,28.166295511092887],[-16.753914191315694,28.166300350033403],[-16.754426386888166,28.16640226641222],[-16.754579807519022,28.166501047582376],[-16.755188086668543,28.16667810642747],[-16.756698299788766,28.166609996614895],[-16.757085464676408,28.16676100287262],[-16.757581277959215,28.16656239529584],[-16.75774949654231,28.16659512363605],[-16.75820139240968,28.16647819781329],[-16.759049074528033,28.16664722518741],[-16.759083687889824,28.16641914703635],[-16.759146217905677,28.16632311013247],[-16.759385161066536,28.16611701379286],[-16.759661066247563,28.166015859552456],[-16.7597899977378,28.16602299894174],[-16.75999883372846,28.1661196673796],[-16.760625085340827,28.166124744846456],[-16.76072589783033,28.16621225595783],[-16.761070261220514,28.16616862118454],[-16.761216233304825,28.16606624762438],[-16.761476548248428,28.16612418894846],[-16.76166077896796,28.166027724044753],[-16.761862591237808,28.165798922236075],[-16.762220773704012,28.165644139191034],[-16.762577782506987,28.16529250642786],[-16.76291565743984,28.16510875315675],[-16.763891627945426,28.164861662867036],[-16.76402872799374,28.164779588782988],[-16.764135729734452,28.16455067115812],[-16.764306277641932,28.164512781391945],[-16.76445183352843,28.16437663906539],[-16.764903923175964,28.16432827014196],[-16.765660339822816,28.16443888985615],[-16.76703193511901,28.16446440699955],[-16.768056332609508,28.164364519678568],[-16.768174630142024,28.164295586815157],[-16.768124954775555,28.16391585597917],[-16.768268178568555,28.16371178146818],[-16.769177650108986,28.16338356560621],[-16.769785020611387,28.163014603564857],[-16.77016494870385,28.16300969272672],[-16.77057667993398,28.163115670395964],[-16.77084509557599,28.162998849114228],[-16.77105990363777,28.162980614167676],[-16.772202103880467,28.16332134444224],[-16.772481697951402,28.16312348088831],[-16.772496287406625,28.162952284588922],[-16.772772617195532,28.162817526125426],[-16.772860672270713,28.16272803871559],[-16.772675703825637,28.162597662363154],[-16.77265160865469,28.16250612117727],[-16.773135633463518,28.16194321290454],[-16.772834310288037,28.161399957427296],[-16.77325613378867,28.161189256733],[-16.773965049198296,28.161052800145445],[-16.774540594901687,28.161061984646793],[-16.775191500825258,28.16119181525439],[-16.77611978993442,28.161483955283966],[-16.77674859548086,28.161547010794532],[-16.776948775308803,28.16150435624632],[-16.777215131844894,28.161211598310043],[-16.777665292165484,28.161073130096096],[-16.777697648469825,28.161081638215848],[-16.777720811770738,28.161347601056356],[-16.777922374029103,28.161433741779287],[-16.77820384548264,28.16143562819987],[-16.778328423942792,28.161343772900384],[-16.7792198115096,28.16112225367543],[-16.780086633545707,28.160672453621935],[-16.780330229161105,28.160596638479582],[-16.780634652071797,28.160573385740655],[-16.781118589937332,28.16029733647498],[-16.78144782504722,28.159963437623034],[-16.78156921433041,28.159895716802016],[-16.78205013109829,28.15983408423085],[-16.782260110131453,28.15971344458594],[-16.782737459941853,28.159295978115352],[-16.782770964701577,28.15920216392372],[-16.783053390119292,28.158933938500127],[-16.78343904149459,28.158778358587163],[-16.783698805610598,28.15857266097434],[-16.783869506673543,28.15826544062714],[-16.783896650774558,28.15805770971669],[-16.785028803710237,28.158075753229586],[-16.785200063511983,28.158043613220105],[-16.786161144250546,28.15747038083318],[-16.787259467592662,28.157266182406914],[-16.78726247785797,28.157216922748706],[-16.78746653005096,28.157173522446413],[-16.7879655732712,28.157146648567],[-16.788060449154905,28.15709788616106],[-16.788155639281783,28.157183198595202],[-16.78850456678671,28.15722107610521],[-16.788657800244398,28.156779205201047],[-16.788791218748408,28.15662768981818],[-16.789015292699293,28.156563747396493],[-16.789523601607097,28.15666804627213],[-16.78951442131694,28.156867863283445],[-16.789577660327126,28.1569240790925],[-16.795164690528885,28.15640448093737],[-16.795262934314533,28.156345693158197],[-16.79607811958031,28.15626630118258],[-16.798087568441012,28.156212417679875],[-16.798930925907094,28.156156968591713],[-16.799610600010514,28.156037099770217],[-16.799973612786818,28.156054511724964],[-16.79994550923561,28.15657120573636],[-16.800296705468497,28.156644201180857],[-16.80053262932372,28.15662557736248],[-16.80073214488166,28.156522068156125],[-16.801107507610734,28.156470565251645],[-16.801214425425457,28.156585567426085],[-16.801071307282832,28.156921152284266],[-16.800906921345728,28.15703196120262],[-16.800977810500424,28.157085357089645],[-16.801213085511655,28.157027934825972],[-16.801432289559333,28.157056096264473],[-16.801478373403054,28.157195181841637],[-16.801661360442942,28.157235632496864],[-16.802094564091977,28.157065098542255],[-16.80245884958864,28.157078642546466],[-16.802434555024327,28.157494996154316],[-16.80235670254639,28.157701258118344],[-16.80191982534864,28.15812858203472],[-16.800014319861845,28.159233948084626],[-16.796643027413932,28.15942111497503],[-16.79656929240096,28.15948842684297],[-16.796551897705598,28.159578988351726],[-16.79632969407131,28.159767671347122],[-16.79626670672357,28.15996773158081],[-16.795778039652102,28.160051062804165],[-16.795584470566894,28.16002023812387],[-16.794672497531668,28.16047033747693],[-16.794546567928872,28.160471987778255],[-16.794330712004925,28.160374728623598],[-16.79418587846244,28.16039031951669],[-16.7938317936377,28.160662750174104],[-16.793241720068167,28.160851934334154],[-16.792873379220524,28.160817994126436],[-16.79249856723018,28.16084508330406],[-16.79206269131321,28.160584534697378],[-16.791493752213796,28.160758383868814],[-16.791075819392717,28.160824875241257],[-16.790945252292644,28.16078468754226],[-16.79090468596075,28.16068149601713],[-16.790784090064665,28.160605642883695],[-16.79075441335967,28.16048705280824],[-16.790586978724654,28.160413700521836],[-16.78965744019809,28.160904434713512],[-16.789299508808195,28.160985920619364],[-16.789022630226487,28.160884148509684],[-16.78870382935614,28.160893854155756],[-16.788169656828188,28.160739966390686],[-16.787888372539317,28.160749189253536],[-16.78735744320575,28.161166605423862],[-16.786745515822382,28.16128219152417],[-16.78630533121443,28.161211972124832],[-16.78625813064623,28.16136742080652],[-16.786120468219043,28.161547881383996],[-16.78580624409918,28.161751298067887],[-16.785429963198645,28.16168963890955],[-16.785092303801605,28.161694040978304],[-16.784875193763565,28.16180226073561],[-16.784760982976852,28.1619508113447],[-16.78438554210006,28.16194676268678],[-16.783906772014678,28.16217008905614],[-16.78322386426793,28.162610765657657],[-16.782861316953547,28.162783401604756],[-16.78235548088704,28.162752934271566],[-16.78176850651284,28.162873405576953],[-16.78054485433927,28.163486266506254],[-16.78000418846893,28.163695763784197],[-16.779776040185336,28.163704279498916],[-16.779614844794118,28.163789581826748],[-16.77947369594988,28.163937407957842],[-16.779285123130688,28.164258816655668],[-16.77904873710767,28.16452537180516],[-16.778650496323156,28.164710126913363],[-16.77826504014435,28.16469323948771],[-16.777910022672405,28.16459384042301],[-16.77792805222794,28.164454933482677],[-16.777864671203563,28.164404442236513],[-16.777523967985523,28.16441441559035],[-16.777424074176025,28.16429827445544],[-16.77720016366772,28.164307597279215],[-16.776524090776103,28.164609853198165],[-16.77590107826094,28.16481982374782],[-16.774704907912746,28.16481009618512],[-16.77424250633025,28.16469282540288],[-16.77407826305548,28.16480019076332],[-16.773931952886237,28.165053661555884],[-16.77315820438198,28.165325876183463],[-16.77276142234568,28.16525121600705],[-16.772416130517197,28.165010338614547],[-16.772235635791585,28.16501940724825],[-16.771923431617015,28.16514177917145],[-16.77169643016697,28.16547544361357],[-16.771088454378205,28.165344310876982],[-16.770916783207102,28.165421111150664],[-16.770741371973177,28.165396955443295],[-16.770501614732286,28.165579592633737],[-16.770026400706662,28.166093681253273],[-16.769676167172314,28.166315793187295],[-16.76933800919835,28.16640293762064],[-16.76872103477919,28.166900614860253],[-16.768214693089725,28.16693771225583],[-16.76791104587878,28.166756753650798],[-16.76760003812239,28.166784025549365],[-16.767410590868206,28.166837857613125],[-16.766897974851243,28.167155653599814],[-16.766305677074442,28.167199340183366],[-16.766078651668504,28.167410107113],[-16.76477134413128,28.167232273666748],[-16.764656540746714,28.167171293451236],[-16.764491750875845,28.167181367927256],[-16.763890064365217,28.16746295661344],[-16.762913984038697,28.167819341226977],[-16.762459425837058,28.168048806983077],[-16.762297139810507,28.168178820897204],[-16.76217504638056,28.16855600003313],[-16.761932488796575,28.168782248130192],[-16.761991178464456,28.16902835429999],[-16.76187937721394,28.16925502229386],[-16.762019765635813,28.16956968451557],[-16.76193968911288,28.169837502975394],[-16.76195830744082,28.169609561379776],[-16.761757612744578,28.16933048333812],[-16.76169658574123,28.169079687226084],[-16.761720769049028,28.16860400033559],[-16.761648598093476,28.16835610008224],[-16.76151113851834,28.16817342192223],[-16.761317642451598,28.16803638939901],[-16.760824530446918,28.16800879901335],[-16.760718447435167,28.167956015051924],[-16.76071441961727,28.16781887340102],[-16.76083815917264,28.167586096455608],[-16.76080103351695,28.167472546846163],[-16.76056567144548,28.167516328935196],[-16.76051871531319,28.16767375488094],[-16.76008792766563,28.167980763335386],[-16.759599538157893,28.168092999682123],[-16.759390453452536,28.168247256396977],[-16.759150685499765,28.168268377562317],[-16.758965592153533,28.16814805570598],[-16.75850353050761,28.16800092294477],[-16.758117854016042,28.167992410925446],[-16.757942478599407,28.16813501493196],[-16.7576750642052,28.16823168231235],[-16.757586778125145,28.16850377339015],[-16.757143598522333,28.168646483796714],[-16.756649192082975,28.168639770402226],[-16.755911121171085,28.168359629852148],[-16.755619638612437,28.168299010323707],[-16.754966166855443,28.168307387822964],[-16.754743131708175,28.168239866907463],[-16.75397057987641,28.168387221543306],[-16.75305497122467,28.16869471413482],[-16.752558953723245,28.168573325257935],[-16.752334770156654,28.168652359273455],[-16.75183969992418,28.168669081973484],[-16.75162482630187,28.16861692468115],[-16.751804415797835,28.16837860351133],[-16.75171208029481,28.168214903216082],[-16.751548218575277,28.168119622785007],[-16.751233739869587,28.16816009626713],[-16.75077839160429,28.168384660789457],[-16.750027990146165,28.16844876347074],[-16.749570551936625,28.16854575018975],[-16.749422270323958,28.168809027397852],[-16.749030901744092,28.169063020322383],[-16.748840688278808,28.16916266442893],[-16.74839178926991,28.169190706648568],[-16.74828901748631,28.169311096475287],[-16.747893046964812,28.169438050581903],[-16.74758877265711,28.169444528268475],[-16.7473589919342,28.16929502312175],[-16.747261089307944,28.16945130401871],[-16.746828903522793,28.169609840287773],[-16.746416372397487,28.169890345475345],[-16.746143572038942,28.16996673575702],[-16.7459419281844,28.17020626072015],[-16.744859838491863,28.170479444465936],[-16.744807208009952,28.1706137805755],[-16.74456328276618,28.170780940624553],[-16.7444204536852,28.171140131095388],[-16.74378085078565,28.171668411492533],[-16.74360944227911,28.171742827499124],[-16.742701560948696,28.171826619844932],[-16.74236161121701,28.171966914522162],[-16.742079390707485,28.17200874689623],[-16.741702915103094,28.17194889917494],[-16.74148344368015,28.17198106992084]]]}},{"id":"106","type":"Feature","properties":{"categoria":"Paisaje Protegido","nombre":"Ifonche","codigo":"T-32"},"geometry":{"type":"Polygon","coordinates":[[[-16.695288589599148,28.143239251569042],[-16.695340131558734,28.14353882553328],[-16.695318726160647,28.144293644210915],[-16.69512706313271,28.1440006218791],[-16.694935296429957,28.143906563475753],[-16.69476591507334,28.143896285800576],[-16.69452368416614,28.144027020597115],[-16.694171407183063,28.144307728959916],[-16.69405376743846,28.14450826400988],[-16.694005149894608,28.144765759023294],[-16.693962406059722,28.144769590673214],[-16.693629360881314,28.144613669781585],[-16.69347995769884,28.14434017592348],[-16.693513570629484,28.143542455262573],[-16.693397506371173,28.143496274532758],[-16.693144793559025,28.1435199476785],[-16.692749942021422,28.143788823527984],[-16.69244227821446,28.144115571914444],[-16.692334120521394,28.144374767662324],[-16.69213038210916,28.14460779847405],[-16.692088379183655,28.144862774520583],[-16.69199876337453,28.144955014879802],[-16.691700102251158,28.144419356695117],[-16.691704418782308,28.14428975985863],[-16.69194733309371,28.14367497956468],[-16.69189215947934,28.143552606317634],[-16.69173656888086,28.143534167511003],[-16.69154016849452,28.14373654850366],[-16.691000487674764,28.144556960003474],[-16.690437995786063,28.145078132286844],[-16.690216811631185,28.14520814873297],[-16.690151725705505,28.14530646590141],[-16.69006705251863,28.14566626878952],[-16.68994718672441,28.145804077811757],[-16.689869580499828,28.14546686268012],[-16.68992606763959,28.144770281988496],[-16.68980707891237,28.144432755948763],[-16.689666658625853,28.144315115371747],[-16.689475309588346,28.14427012152314],[-16.689048261724995,28.1442723548928],[-16.689432223833013,28.143379668135243],[-16.689419419122878,28.14270459085843],[-16.68931069740293,28.142588932473107],[-16.689176815799797,28.142613326017614],[-16.68898365919691,28.14282474253569],[-16.68874167485789,28.143594536665113],[-16.688506501279633,28.143899761053863],[-16.688354912426068,28.144205254589327],[-16.687697833035433,28.14498892522352],[-16.687509549487586,28.145364831114293],[-16.68730363109845,28.14605387494981],[-16.687485287580248,28.147237782186544],[-16.687395489388592,28.147517487483416],[-16.687211441302242,28.1477170391035],[-16.68690608033371,28.14825484016732],[-16.68685777006632,28.14823884727939],[-16.686855788882184,28.148145581116243],[-16.687093455643623,28.147328886587214],[-16.686924695570568,28.147226699996338],[-16.686808563021906,28.147062567927907],[-16.686799584250426,28.146910012976196],[-16.68663842267086,28.14659223542732],[-16.6862471985454,28.146263878674848],[-16.68604011313438,28.14601655457229],[-16.68596852674851,28.145843823194035],[-16.685977995936803,28.14508332991612],[-16.686050587561006,28.144445394320577],[-16.686496012604803,28.143437098407848],[-16.68640465355719,28.143405967943213],[-16.686195815678325,28.143521539532884],[-16.685598829347697,28.144110966489805],[-16.68534418649275,28.144509066131448],[-16.685267984039868,28.144793106416156],[-16.685079501875347,28.145080116161193],[-16.684774419916902,28.145416797896964],[-16.68415398909054,28.145677106513787],[-16.683683694564596,28.14579858691712],[-16.683546527747914,28.14578319750084],[-16.68317581704043,28.14602290629564],[-16.682911203512127,28.146279739698027],[-16.68279004307998,28.14664992349066],[-16.682881719097438,28.14710883400216],[-16.68263214759629,28.147508048931577],[-16.68261132270383,28.147756661715803],[-16.6826523587677,28.14795738647449],[-16.682578726106918,28.148323665096527],[-16.68192599965954,28.149323664937093],[-16.681741600723583,28.149998096535654],[-16.681407608472,28.150343302820126],[-16.681264263193754,28.15069272057282],[-16.68074522356599,28.151182709130545],[-16.68041905865114,28.151359285589525],[-16.680215270208755,28.152021986163252],[-16.680001431960747,28.152380299594228],[-16.67979688047819,28.152931126910175],[-16.67965260270282,28.153634232482972],[-16.67934128804098,28.154496645406038],[-16.679546490144986,28.15354426460096],[-16.679508760678395,28.152921104634686],[-16.679700023063095,28.15169696428026],[-16.679644879872182,28.151536816214175],[-16.679495071803036,28.151593975966033],[-16.679312807630307,28.15178329747457],[-16.67900562157791,28.151915036780334],[-16.678892589128953,28.152045117800952],[-16.67864743998759,28.152557128580856],[-16.678289052668003,28.152781548157616],[-16.677892090540322,28.153340181421168],[-16.677608762652735,28.152710191779857],[-16.67735234595585,28.15232354512309],[-16.677036518820696,28.152175522650474],[-16.676794539290277,28.15198327571733],[-16.67662116255464,28.151926465186577],[-16.6763942031211,28.151940073002557],[-16.67531719803331,28.152371556004447],[-16.675230912060314,28.152355915200918],[-16.674947125215944,28.1521531657999],[-16.67479208040046,28.15235821309555],[-16.67449212475638,28.15212407312051],[-16.67420074487793,28.15155752915747],[-16.67397066342529,28.151311523412936],[-16.673718516333455,28.1511066698709],[-16.67352261499947,28.15102865116508],[-16.67231610091342,28.151729093140425],[-16.67139887083184,28.1521472144936],[-16.67106699837802,28.152391553057864],[-16.670289552648068,28.153142778545934],[-16.670165569049885,28.15318748080969],[-16.6699444761473,28.15345783237925],[-16.668985469724213,28.15389753058417],[-16.668077317640346,28.154023826876152],[-16.66682142844372,28.15448358750223],[-16.666572388800304,28.154613519364172],[-16.666408974268442,28.15492004025143],[-16.66618378904109,28.155136851900096],[-16.665965122594084,28.155255852600032],[-16.665801242558306,28.155269831008304],[-16.665365766206932,28.155096360247306],[-16.66506899495774,28.155152096585898],[-16.664749778352896,28.155513049633697],[-16.66444224264776,28.155703080622875],[-16.66396500890706,28.15573320166427],[-16.6626748938586,28.155275031257716],[-16.661593933520393,28.15517879369446],[-16.661223639904577,28.155294563357966],[-16.660965114918785,28.155216564214395],[-16.660553871640023,28.15535123962957],[-16.660279522992372,28.155805092347105],[-16.66004904055989,28.155855086715878],[-16.65973823840549,28.156038630963394],[-16.65954569062232,28.156204406500787],[-16.65942417794726,28.156420312255165],[-16.659366782753303,28.15643589885854],[-16.659192528828992,28.156315541000733],[-16.659092801451635,28.156128307555505],[-16.659043080887265,28.155915198352496],[-16.659030115724143,28.155378188661963],[-16.658682697238884,28.155181410153556],[-16.658491897201237,28.15468770770679],[-16.658401175269002,28.154562636963345],[-16.658215380776902,28.154439800194094],[-16.65805045473084,28.1542240239627],[-16.657884544158573,28.154168994381067],[-16.657899267374173,28.15455616844848],[-16.657765237183412,28.15527491587901],[-16.657831950341908,28.155632761180744],[-16.657805229764687,28.15578867529651],[-16.657407575312767,28.156440308435513],[-16.657185240601784,28.155957093724506],[-16.65675739080481,28.15550984738201],[-16.656660890146068,28.15546570922582],[-16.65649346631954,28.15574236451838],[-16.656357041675534,28.156398867350976],[-16.656083688637796,28.156548287424183],[-16.655783917018805,28.156483141447325],[-16.655679687280273,28.156512469198315],[-16.655609415902436,28.156631004494315],[-16.655540771706903,28.15714643897742],[-16.65538293606971,28.157470809538722],[-16.655132098740946,28.15776020395302],[-16.654875701694454,28.157847144417598],[-16.654620994052912,28.15807043155916],[-16.65464471512544,28.15842094621061],[-16.654581437449288,28.15870301953029],[-16.654698468281417,28.158943023969154],[-16.65472764369571,28.159098623214273],[-16.654677123133467,28.159176640921434],[-16.654806744998645,28.159566488351434],[-16.654902735936563,28.160656187270774],[-16.654672142919438,28.160635635002784],[-16.654568359235395,28.160304309234224],[-16.65444042068093,28.16011329780628],[-16.653916187428216,28.159707621206035],[-16.65343558843372,28.158860391529007],[-16.65306120285359,28.157725921032693],[-16.652900616126484,28.1573455605442],[-16.652786529673797,28.157272959501913],[-16.65262248903281,28.157417362429037],[-16.65260387031734,28.15775847912133],[-16.652287254603724,28.158128280754948],[-16.65241863472619,28.15875522320505],[-16.652206564550085,28.158931269206594],[-16.652183795821536,28.159079183733976],[-16.65233724471476,28.159308408338656],[-16.652350804731224,28.15942945939323],[-16.652268494665343,28.159593299401255],[-16.65195240249631,28.159931289980396],[-16.65180097917563,28.160666884347126],[-16.6516913748055,28.160716589280664],[-16.651452024844573,28.16069805950897],[-16.651337104898477,28.16076039105399],[-16.65137018475507,28.16128532791345],[-16.651299924708066,28.161509904670975],[-16.650874208665506,28.161565243379496],[-16.65065694498051,28.161727875450445],[-16.65057418189784,28.161717140518473],[-16.650489945635773,28.161612391886475],[-16.65038579944398,28.161293846387675],[-16.65037006005349,28.160999442208684],[-16.64992738188586,28.16084313862109],[-16.649816297269762,28.160854169759258],[-16.649657214436992,28.16099045029814],[-16.649514681271405,28.160944912293484],[-16.64944600062679,28.160633889785238],[-16.64917157210296,28.16031400061573],[-16.64908732219177,28.15972264130277],[-16.648987614147558,28.159563666206164],[-16.648799304525724,28.159548379829033],[-16.648565770297072,28.159715112305737],[-16.648357839501532,28.1597750683018],[-16.64822110582651,28.15994106827624],[-16.64811164451032,28.159978909800948],[-16.647868986071845,28.159905812244265],[-16.647434889101447,28.15988108991591],[-16.64714421877277,28.159979023846322],[-16.646610606786744,28.159900208588954],[-16.646128238938303,28.16003039911076],[-16.6459019821431,28.160006900869345],[-16.645736648549384,28.160076999522552],[-16.645479828002507,28.160023318215295],[-16.645148575736822,28.159845669570206],[-16.64505632114962,28.159617695956022],[-16.64479331613727,28.15944983097113],[-16.644488458663695,28.159349244070306],[-16.644154206499053,28.159309540123],[-16.64237961069451,28.15849684038665],[-16.642325536391258,28.158165909683365],[-16.64212302588858,28.158005301001083],[-16.642064704615876,28.15770694723259],[-16.64166607816721,28.157456227692254],[-16.641532490153416,28.157310360050875],[-16.641356860069667,28.15727752008586],[-16.641300408165872,28.157208315867145],[-16.641364829415654,28.157127085767186],[-16.641320737013782,28.156739989477078],[-16.641268808646775,28.156560111319045],[-16.641109704086087,28.156316807968018],[-16.641155038784127,28.156084502147852],[-16.64137028044315,28.155655580745524],[-16.641634242272648,28.155470021470535],[-16.641846430558772,28.155134815714113],[-16.641936858083323,28.154687985816576],[-16.6420849088771,28.15440724746628],[-16.642258636828064,28.154287749014184],[-16.64296696297463,28.15446841875039],[-16.643044315628106,28.15443933279652],[-16.643068203609687,28.15437659309418],[-16.64274313355398,28.153907490849978],[-16.642692138512132,28.15372209673667],[-16.64289589661204,28.153402062367256],[-16.642827144885644,28.152987374938338],[-16.64289966924561,28.152722162146553],[-16.643148814064016,28.152547156667005],[-16.643319312215322,28.15250314489716],[-16.643357646714474,28.152439600074292],[-16.642926283095914,28.152124386371046],[-16.642884842346376,28.15188445677579],[-16.643029656128405,28.151572168727533],[-16.643045012122204,28.151250783911888],[-16.64324580112223,28.150589972692426],[-16.643550171208187,28.15030103101142],[-16.644206893256616,28.150156808809797],[-16.64459183211493,28.149946444361223],[-16.644750604495446,28.14991168698446],[-16.645015335920803,28.149700490367024],[-16.645321341379383,28.1495716020901],[-16.645789522782767,28.14926044488115],[-16.647307294597443,28.14925207463979],[-16.64776961485094,28.149188366037023],[-16.648095625887358,28.14925111187682],[-16.648668512805237,28.149212495186475],[-16.648910756779554,28.149264099551353],[-16.649463950333775,28.149513248930496],[-16.64956837185919,28.149527384986158],[-16.64979679677252,28.149416879768207],[-16.649885623698907,28.14954665443821],[-16.650458264711826,28.149231886704502],[-16.650705409653103,28.149209666908032],[-16.65102976166251,28.149342634490345],[-16.651488823745698,28.14896060459097],[-16.65215845465687,28.148522407188782],[-16.652352821971675,28.148322695008044],[-16.652518294986773,28.14804827919352],[-16.65391037759814,28.146871793412593],[-16.653707639189406,28.14626459294526],[-16.653481893061464,28.14589672408386],[-16.65343338181211,28.145647235728685],[-16.653462265553877,28.1455450038371],[-16.65356070190411,28.145396365196444],[-16.65384369811972,28.14518361412185],[-16.654643162289634,28.144894853307363],[-16.654846139677854,28.144937328078335],[-16.65506598164776,28.14521905014638],[-16.65538723244072,28.145475982203426],[-16.65544931242176,28.145453517895525],[-16.655525060608294,28.145314150010766],[-16.655726831390286,28.14479228672076],[-16.655815480332542,28.144776098424725],[-16.65599366450595,28.145001194186637],[-16.656832828604244,28.145504073926052],[-16.65717133253362,28.145818534889525],[-16.65727135311073,28.145955614941194],[-16.657393855663607,28.14634328166032],[-16.657784201523274,28.146140857041033],[-16.658121196612772,28.146037187790565],[-16.658427711826345,28.14618300356818],[-16.658951728806194,28.14663221329597],[-16.65911185235432,28.146709540611493],[-16.65916656289861,28.146693183542258],[-16.659163939285953,28.146576495130734],[-16.65892378927034,28.146339573381994],[-16.658804165343625,28.146003604592156],[-16.65877951443117,28.145744606054546],[-16.65886687718468,28.14552868121486],[-16.659126690200193,28.145314702099153],[-16.65942540032139,28.1451537695585],[-16.659666876433825,28.14514400342725],[-16.65990581321085,28.14526602345604],[-16.66008251215396,28.145279360235353],[-16.66015265952052,28.144967391756424],[-16.660279712087615,28.144851415198946],[-16.66045294557498,28.144778758305055],[-16.661133132359506,28.144741000842483],[-16.66155615464297,28.144872039915988],[-16.66193293818937,28.144916448212797],[-16.661938084071373,28.14485802121327],[-16.661704907652748,28.144592139808907],[-16.661633506683277,28.14442159428879],[-16.661542148573183,28.14415204299099],[-16.661541110409274,28.144049170737624],[-16.661584247633353,28.144031166162296],[-16.66222120979921,28.144128724850827],[-16.66284622871214,28.144691518953664],[-16.66294597212266,28.144730532601155],[-16.66386217970588,28.144436366739235],[-16.66400923589088,28.144462720534257],[-16.664172600769742,28.14457187879474],[-16.664374605368582,28.145003634568194],[-16.664464346832606,28.145012092695772],[-16.664533471789408,28.144924540848162],[-16.66450482518946,28.144590405171737],[-16.66419027389581,28.14412522546121],[-16.66383100642254,28.143868803320075],[-16.66363313516364,28.14380761624893],[-16.663135744332507,28.14353074915321],[-16.663113832393982,28.14343777805229],[-16.663225298025306,28.143202280727458],[-16.6632531786215,28.1429606503005],[-16.662844651484257,28.142598978334096],[-16.66293340110471,28.14218087463757],[-16.663089693877165,28.141988108112105],[-16.663105006581723,28.141847710067157],[-16.66296685118097,28.141662407394154],[-16.662806135251596,28.141117949259524],[-16.662870198742763,28.141052128662494],[-16.663125094745073,28.141033150801437],[-16.66386634466497,28.141403100988576],[-16.664060423004067,28.141277823637974],[-16.664642176449203,28.14111859542753],[-16.664718573040034,28.14097800560304],[-16.664743675374904,28.140733403358055],[-16.66498875726917,28.140287975536175],[-16.66532520635731,28.140030880210134],[-16.665407427091793,28.14007733418166],[-16.665345859942242,28.140374156062546],[-16.665409383107953,28.140601950600903],[-16.665529856081523,28.14062142411461],[-16.665898418100106,28.140499275620275],[-16.666073363896874,28.140530071490105],[-16.66596920599391,28.14087799649914],[-16.66599600108947,28.141100858405263],[-16.66657346348917,28.140928443659714],[-16.666931674607188,28.140918328006904],[-16.667160695053024,28.14142312410415],[-16.66708926095956,28.14173932595324],[-16.667388820296267,28.1416307111384],[-16.66751057513269,28.14152382664698],[-16.667668396504588,28.141227249349033],[-16.66800377437906,28.141043858549278],[-16.66812412951516,28.141089837529595],[-16.66818816803215,28.14131894193535],[-16.668289866692906,28.141454648563723],[-16.66843006316174,28.14153787538605],[-16.668647111544303,28.14148063099953],[-16.66876401187798,28.141507960753014],[-16.66916832501266,28.141937037359252],[-16.669693161563224,28.141239067879486],[-16.669588075111673,28.14093425764376],[-16.669423097943408,28.140764432514494],[-16.66929714334848,28.138942986081975],[-16.669347458728712,28.138789959329607],[-16.6696333561087,28.138629585665377],[-16.669250747084124,28.1383677399925],[-16.669340551117127,28.13806473346587],[-16.66978076238261,28.137956845838186],[-16.669843389465754,28.137822440825122],[-16.669864107208333,28.137568992727353],[-16.66982675816011,28.137392765996303],[-16.669698590292775,28.13725833957367],[-16.66955613009266,28.13694280250648],[-16.669557336755116,28.1363830769171],[-16.66934258921373,28.135294366109736],[-16.669347346221517,28.134946476511253],[-16.669423810737765,28.134881846672986],[-16.66997845382348,28.134800307371396],[-16.670188383290434,28.134836375684735],[-16.6703586368864,28.134968853777618],[-16.670670199095024,28.134952844730133],[-16.670996160566837,28.134452893732025],[-16.67112483922263,28.13437304189505],[-16.671323703708573,28.13435677223041],[-16.67174309258344,28.134480659357305],[-16.67240988433599,28.134847528528557],[-16.673186358286216,28.135129790706035],[-16.673407650636207,28.135121276343998],[-16.674528202096738,28.13485415737158],[-16.674647303371785,28.134927816642314],[-16.67471929987143,28.135106343991072],[-16.67484547894882,28.135081273724754],[-16.675091873685304,28.13489453171417],[-16.675213481191662,28.134914614739913],[-16.675340692357686,28.135148935889323],[-16.675388944682187,28.135158417790503],[-16.675610256404706,28.134984986519218],[-16.675701933915477,28.13499012875838],[-16.67599519723865,28.135149902962098],[-16.6762639271597,28.135460206097783],[-16.676506745297704,28.13556958716228],[-16.67688464450849,28.13601496547433],[-16.676991573107472,28.136270407841188],[-16.67700240035023,28.136433482634256],[-16.677051460119635,28.136479071916344],[-16.678193427533706,28.136982833896766],[-16.6783630099755,28.13660312573915],[-16.67857278367744,28.13643095018713],[-16.679257971947077,28.136290961935668],[-16.67934211024655,28.13661750035563],[-16.679380279453138,28.137163872274865],[-16.679520660059737,28.137124301011696],[-16.679709612700577,28.13683662497638],[-16.680014096434387,28.136576863323434],[-16.68023467103012,28.136721211209107],[-16.6806139196717,28.136484095584006],[-16.680834426615064,28.136446680905337],[-16.681302002233952,28.13649442627983],[-16.681535094199283,28.136425819274674],[-16.681783103376585,28.13625242066992],[-16.681979891368613,28.136341680593272],[-16.682310952474914,28.136614402329162],[-16.682489263227556,28.136680874736967],[-16.68255477745167,28.136732297611267],[-16.682568936770874,28.136820089843372],[-16.68253220106982,28.136911142320557],[-16.682453685340537,28.136947664686073],[-16.68207328567682,28.13691412338642],[-16.681883411049718,28.13694879954409],[-16.68176895082951,28.137195529469842],[-16.68176428007957,28.137311701709706],[-16.681800392679943,28.137332575379375],[-16.681930153880526,28.13724283600673],[-16.682006231957825,28.137249672601165],[-16.682442834527556,28.13756937267316],[-16.682527092344205,28.137580377328348],[-16.682867276539113,28.137484136216997],[-16.68326954033637,28.137228085159613],[-16.6837198790945,28.137158357720235],[-16.68388447361551,28.137205042660288],[-16.683999668694955,28.137582990161455],[-16.684103477159766,28.13767813671046],[-16.684451223760117,28.13749398612711],[-16.68455371254117,28.13749045185966],[-16.684608434854564,28.137551545734116],[-16.684601318050706,28.137912666721224],[-16.68432142100878,28.13829747436691],[-16.683945532868766,28.13864123358794],[-16.683892937874585,28.138899081608475],[-16.684441921124787,28.139355285614766],[-16.68460447298474,28.139361635175156],[-16.684942046725574,28.139163430152184],[-16.68522153153621,28.13889279173809],[-16.6853043986785,28.138691951475774],[-16.68539431999011,28.138636722893473],[-16.68589998690517,28.13851493766536],[-16.68618818293714,28.138359375375405],[-16.686448142555676,28.13794037038063],[-16.6864921815159,28.137721686757068],[-16.68660347579274,28.137612784813754],[-16.68672884815342,28.137577831228466],[-16.686843566292172,28.13767774186095],[-16.687142570660413,28.137619613094152],[-16.687321645270377,28.13769751325698],[-16.687372082245233,28.137931359755722],[-16.687272561524537,28.138281516078422],[-16.687302988196684,28.138365010037834],[-16.687380619286106,28.138400713274738],[-16.687390560080917,28.138568562785668],[-16.687478962612474,28.138693877172397],[-16.68741137914196,28.139149195759135],[-16.687686720830538,28.139206993479633],[-16.68775763666357,28.13900068558219],[-16.687798963141407,28.138614324863983],[-16.687736769923184,28.138193058357764],[-16.688009544943736,28.138000932787655],[-16.68811520489538,28.13776847564078],[-16.68815261523209,28.13708634402615],[-16.688090799135015,28.13687940595157],[-16.687848327034988,28.136476054629703],[-16.687500595993708,28.135695935823676],[-16.687518990470572,28.13499549204351],[-16.687595316333745,28.134845433131055],[-16.68780758953182,28.134720891870007],[-16.688068052613993,28.13464469883892],[-16.688702207012494,28.134575957876006],[-16.68898795623082,28.134483414207143],[-16.68903883377734,28.13442201323353],[-16.689048720313874,28.134268251008795],[-16.688810854919392,28.133700798271732],[-16.688821196473306,28.13352279849898],[-16.689084780691587,28.13315708156319],[-16.689443938298947,28.132860751816356],[-16.689509136570717,28.132708347255836],[-16.689402854211572,28.132454829696307],[-16.689043055389128,28.132109142750764],[-16.68894751674145,28.1318745439723],[-16.688949128444744,28.131556666049736],[-16.688905160621903,28.131428900485453],[-16.688515054989168,28.131055644261327],[-16.688406486830797,28.13089243031941],[-16.688427460148475,28.130751617607874],[-16.688507550864593,28.13064974109181],[-16.68893407415125,28.13039028892682],[-16.688974196975135,28.130274203106527],[-16.68893404711197,28.13017823042236],[-16.688801169354626,28.13008388779974],[-16.6877788872107,28.129880045704258],[-16.68747967366733,28.129668738332622],[-16.68743849462796,28.12950762680461],[-16.687499087045,28.129218425669706],[-16.68785258798302,28.12873899072002],[-16.687435678660282,28.128063400627212],[-16.687324465999,28.127731713531364],[-16.68741638538537,28.12732379168555],[-16.687675404033623,28.12681410468103],[-16.687750871165147,28.126408172154285],[-16.687635360936817,28.126184178605627],[-16.686962478386757,28.125852456812254],[-16.686840273994527,28.12575080580989],[-16.686782320985763,28.12562544059778],[-16.686892293099234,28.125222910320165],[-16.687195764527036,28.124820416819368],[-16.68724273815676,28.124246736591534],[-16.687556254942773,28.123912590954657],[-16.687597701766517,28.12380892553731],[-16.68735895527022,28.123418341227644],[-16.68714722118886,28.123375109962677],[-16.6869813592388,28.12323579375389],[-16.686825831241894,28.12293206002251],[-16.686814459399493,28.12275644815572],[-16.68696109373134,28.122494833347705],[-16.687265591698075,28.12214080917092],[-16.68782654784314,28.121931374047485],[-16.688582950198462,28.121956415812154],[-16.690384478745273,28.122418398486108],[-16.69093537422729,28.12266374213436],[-16.691461717236013,28.122827945460845],[-16.69164571477426,28.12302434962045],[-16.6919239878102,28.12318901333124],[-16.692114246845033,28.123236319827743],[-16.692864113633668,28.123261409280698],[-16.693135132640375,28.123225391451122],[-16.692909271031397,28.12343891341873],[-16.692796572972174,28.12369169477062],[-16.69256867131492,28.12454711515386],[-16.692613759092687,28.124718896076494],[-16.69259420134915,28.12497739320618],[-16.692211596978776,28.1254475437223],[-16.692140089437746,28.125670241311205],[-16.692243950960833,28.125912947933113],[-16.692212988445167,28.126044164623508],[-16.69170581830442,28.126655249393014],[-16.691581858149462,28.126934792383874],[-16.69155869415886,28.127650818346222],[-16.691711281351516,28.12845887709717],[-16.691659377316668,28.128850685211706],[-16.69186821860452,28.12910753772131],[-16.692118904091483,28.12961204963801],[-16.692108673867992,28.13033265373075],[-16.69321379619161,28.130368848568505],[-16.69349324534913,28.13042304675766],[-16.69414168732144,28.13083470886294],[-16.69420587250265,28.131303725513643],[-16.694082890680427,28.131462189196384],[-16.694250544765342,28.13137169039779],[-16.694318189716917,28.131395997485406],[-16.694323546509743,28.13150482590382],[-16.69437027766542,28.13153605192477],[-16.69447859119664,28.13146248626231],[-16.694728391447775,28.13146256500241],[-16.695267350749308,28.131596660323922],[-16.695216721466597,28.13191087533702],[-16.695155298542577,28.132004420299445],[-16.69517562652447,28.13211485038522],[-16.69508137168088,28.132231715710198],[-16.695152486795447,28.1324473256575],[-16.69509169419458,28.13257576213996],[-16.69517720898054,28.13272436445186],[-16.69512022660837,28.132875613917008],[-16.69516330032419,28.132893040661976],[-16.69523883015789,28.132791487552186],[-16.695314017998754,28.132785541432455],[-16.69546574951071,28.13300651143671],[-16.69556295698648,28.133039592876674],[-16.695627312224513,28.133033082539818],[-16.695690318074643,28.132940878404085],[-16.696031607304935,28.132919512684765],[-16.69610096726265,28.132821515697756],[-16.696218048173698,28.13288863487473],[-16.69634697336455,28.133298449120524],[-16.69618864962666,28.133477543873102],[-16.696506718123896,28.134027867264177],[-16.69684714744532,28.134360779811963],[-16.69726784696516,28.134469850142725],[-16.697352617330687,28.134531654431285],[-16.6988530922062,28.134530527196677],[-16.69878376229963,28.135048793339287],[-16.698517983061308,28.13547485957901],[-16.69822049309424,28.13565852142809],[-16.697935105714667,28.136082257535552],[-16.697611457671982,28.136164504539096],[-16.697337557074075,28.136294787821402],[-16.69697327961886,28.13668089072815],[-16.69676991440642,28.13722033683615],[-16.696805363950656,28.13748837969958],[-16.696600706533644,28.13758156912349],[-16.696573231089697,28.137796927658123],[-16.696351813299348,28.137892607559383],[-16.696247138285035,28.13825558550469],[-16.696222742723823,28.139007030229635],[-16.69635359053973,28.139147173454745],[-16.696223086696534,28.13958588322684],[-16.695905042415514,28.139841705307298],[-16.695544176380025,28.14047648886551],[-16.695215601448638,28.140898543114286],[-16.694803051778855,28.141593772387242],[-16.694704678337704,28.141884640011604],[-16.694738573023066,28.142229126044267],[-16.694884477395618,28.142454453874027],[-16.69523030582708,28.142719369480897],[-16.695348938188154,28.143020745100362],[-16.695288589599148,28.143239251569042]]]}},{"id":"118","type":"Feature","properties":{"categoria":"Paisaje Protegido","nombre":"Rambla de Castro","codigo":"T-28"},"geometry":{"type":"MultiPolygon","coordinates":[[[[-16.595934206601072,28.40050372987597],[-16.596183213851134,28.40071966415412],[-16.59604210287538,28.400838369986772],[-16.5957866193248,28.400823674974685],[-16.59575621536266,28.400688207392783],[-16.595813834733647,28.400630585557263],[-16.595775106535672,28.400538985974805],[-16.595814853031285,28.400507835826808],[-16.595934206601072,28.40050372987597]]],[[[-16.59516391926543,28.400428190958934],[-16.595115702082104,28.400438953741258],[-16.594888841515164,28.400250013105016],[-16.594862217152137,28.40016919155311],[-16.595019515966932,28.40018404548667],[-16.595203922641506,28.400305165106026],[-16.59516391926543,28.400428190958934]]],[[[-16.59446276915656,28.40000760374097],[-16.59431319048755,28.399935739102546],[-16.594295563644472,28.399760502492562],[-16.594407163206586,28.399736182771342],[-16.594477675742848,28.399783008480235],[-16.594509221976423,28.399906279508656],[-16.59446276915656,28.40000760374097]]],[[[-16.574744756258127,28.40426177626427],[-16.574832469492314,28.404374656039728],[-16.57470045081823,28.404488993655555],[-16.57467223407338,28.404617022026837],[-16.57449450574767,28.404525488861953],[-16.57450602820864,28.40436597618445],[-16.57458361785447,28.404263639420346],[-16.57464072318336,28.404294566259978],[-16.574744756258127,28.40426177626427]]],[[[-16.57395291359076,28.404337984982263],[-16.573945006832798,28.4044521509219],[-16.573665777220114,28.404723507131717],[-16.573604997891355,28.40473404656437],[-16.573572100624688,28.404593818948637],[-16.573612599931216,28.404371338779185],[-16.573833295397915,28.404214101963557],[-16.57395291359076,28.404337984982263]]],[[[-16.573239447623603,28.404144071330723],[-16.57322016461001,28.404317301188218],[-16.57314441170716,28.404357524766116],[-16.573122931327827,28.404167889244313],[-16.573239447623603,28.404144071330723]]],[[[-16.596513059492064,28.399546269463958],[-16.59656896917542,28.399525127713627],[-16.5971164023601,28.399672582992437],[-16.59732620488977,28.39992850368729],[-16.59744536071715,28.3999725011204],[-16.59798679004361,28.399406068595543],[-16.598075194422183,28.39898012410946],[-16.598208674533026,28.39876266582659],[-16.59834194440864,28.398323821669855],[-16.598772641908962,28.397408431791078],[-16.599317601735777,28.397586113629455],[-16.598915605018853,28.398097487379847],[-16.598350964578945,28.399196841458263],[-16.598199405412714,28.399666377075043],[-16.59795698975159,28.399957835586285],[-16.59770721979539,28.400126551971574],[-16.597432377442956,28.400218751617658],[-16.59736865393225,28.400349736383916],[-16.59720401845291,28.40038334433594],[-16.597174954565183,28.400330528886506],[-16.597232396218743,28.4000841992545],[-16.597107288942333,28.399840732304817],[-16.596983923299444,28.39975351886254],[-16.59675028833023,28.399740482671152],[-16.59633245055079,28.40038047642351],[-16.596206066413888,28.400480689385454],[-16.596131580247462,28.400454830752622],[-16.596053493801122,28.400331762615643],[-16.596060530605268,28.40012573335123],[-16.595621165023054,28.40015630434055],[-16.595526935843427,28.399970079640347],[-16.595400055615368,28.399907760312093],[-16.595233061057705,28.399695313187078],[-16.594912400421183,28.399717271605443],[-16.59478626260529,28.399534100357783],[-16.594568533075517,28.399498113507626],[-16.594509324093035,28.399360961231356],[-16.594573495228765,28.399059267558744],[-16.59422275726256,28.39883775221528],[-16.594154017716402,28.398486587837546],[-16.593846796573917,28.398382020465768],[-16.593671868371494,28.39845883818084],[-16.593425867217285,28.398067258306366],[-16.593234793087632,28.397875964649025],[-16.593075016151012,28.397818016803164],[-16.592771689344517,28.397757316276557],[-16.591992735054717,28.397734826948277],[-16.59193134883729,28.397793122967656],[-16.59191279345019,28.397960371774627],[-16.591681503485276,28.39820570790469],[-16.591454797188426,28.398188917445516],[-16.59132336989652,28.39801597554011],[-16.591237545818274,28.39799478609985],[-16.589767659556745,28.398213538392564],[-16.588319302282507,28.39809972860875],[-16.587472208132155,28.398299721785953],[-16.58691795608315,28.398498861260762],[-16.586853512369874,28.398586440276226],[-16.586692871650463,28.39865807391449],[-16.58671233128415,28.398825655512066],[-16.586500176910278,28.398787533012825],[-16.585889408131585,28.399363627426638],[-16.58569701283584,28.399479761253424],[-16.585061935111632,28.399586878265804],[-16.58497680076227,28.399640844959784],[-16.584800076454467,28.400048839840917],[-16.58463594154336,28.400212384928228],[-16.58437208109829,28.40032736293516],[-16.584111063478996,28.400262983279976],[-16.58406549858842,28.40046585074105],[-16.58381044567671,28.40050744333226],[-16.583538065777496,28.400708525821784],[-16.583072539641588,28.400904281067437],[-16.582510314594064,28.401398058521686],[-16.582520429979105,28.40157735538448],[-16.582357144742577,28.401729787393105],[-16.581953393252814,28.40187544617315],[-16.581703260062234,28.401856872143156],[-16.58133194684834,28.402076968570082],[-16.58117219311678,28.402274933812638],[-16.58113300331483,28.402625734291657],[-16.58105044386848,28.402805294943715],[-16.581091103535424,28.40297963466709],[-16.58096599494508,28.403105088763407],[-16.58085658581941,28.40310554655136],[-16.580778139410725,28.403025955254687],[-16.58069333119059,28.403170976550335],[-16.580414621427927,28.40314587300155],[-16.58032875140203,28.403233147224125],[-16.580179380898183,28.40328505869914],[-16.57999907257989,28.403508169780856],[-16.579743146109227,28.40360156788862],[-16.579427635069127,28.403558929720738],[-16.57927982115978,28.40375025648474],[-16.57933392194366,28.40392949484429],[-16.579292415932436,28.404062641813788],[-16.579004525948008,28.40427896703045],[-16.578906992526786,28.404509058889957],[-16.578193885852023,28.405069917683285],[-16.57777562495019,28.404988486284566],[-16.577685921525426,28.405120386220947],[-16.57761506249058,28.405105052567443],[-16.57754860055293,28.405014490718855],[-16.57712512466682,28.405152873479768],[-16.576920011579478,28.405059494737035],[-16.576783578553286,28.405109989300502],[-16.576521161040997,28.405110139422344],[-16.576029660577987,28.404990382468313],[-16.575827864032505,28.404996869091065],[-16.575893724051742,28.405191676156637],[-16.57587614070453,28.405320845165807],[-16.57577444832965,28.40544286502473],[-16.575672397318968,28.405464803036526],[-16.575605289509948,28.405358093138894],[-16.575504323914434,28.405391299567047],[-16.575427776384537,28.405350219420303],[-16.57543307325132,28.40521153596593],[-16.57529912723478,28.40515424320576],[-16.574990668191262,28.4048640509778],[-16.5749843042392,28.404702940165098],[-16.575199914667806,28.404450457221756],[-16.57520572091286,28.404325485682843],[-16.574702644605807,28.40391958832872],[-16.574456116771028,28.403841395149513],[-16.57417225353642,28.40384747425982],[-16.573614581252507,28.40399434635208],[-16.57330802969641,28.403977762610836],[-16.572739065442974,28.404148045828585],[-16.57249227090301,28.40433509365713],[-16.572026813470355,28.40484495864713],[-16.571614289474372,28.406389546630766],[-16.571515369432184,28.406443935039608],[-16.571306061752125,28.407034412064395],[-16.571334519368072,28.407226674831975],[-16.571472636630254,28.40724150635499],[-16.571513788928918,28.407304927668935],[-16.57139215390425,28.40736255635185],[-16.571225612756503,28.407296069349183],[-16.57105389651371,28.40734922162412],[-16.57112105682748,28.407777851009072],[-16.57101994908427,28.407746347389274],[-16.570907509491136,28.407521029543037],[-16.57081578063683,28.40757172456294],[-16.570661398121835,28.407499140192336],[-16.570608274059424,28.407537476950456],[-16.57054948666556,28.40800835173147],[-16.57048158169831,28.408158045557993],[-16.570376914170946,28.407650663958236],[-16.57047406572601,28.40739601636336],[-16.570642972370177,28.40708736646744],[-16.571241822029446,28.406637697147378],[-16.571391076887828,28.406134732599284],[-16.57153050206683,28.40594784272722],[-16.571438353137957,28.40575559293495],[-16.57194802398676,28.404827511483127],[-16.572062374780163,28.404436442614116],[-16.57206483924415,28.40421623390985],[-16.571850271639345,28.403798674069513],[-16.571717852666616,28.403777513761714],[-16.57122799584898,28.403470282133107],[-16.57114845059951,28.403378712711362],[-16.571206974147632,28.403254071605478],[-16.57079778960479,28.40294162075483],[-16.5709424297149,28.402935439993847],[-16.571060761599334,28.402836191003033],[-16.57205133715196,28.40289662572404],[-16.572855530760016,28.402792055825305],[-16.574276652594804,28.403031762475017],[-16.57444688364128,28.403000238115595],[-16.574476820444016,28.40256963094012],[-16.574525686190384,28.402499195539644],[-16.57463568887019,28.402485052880518],[-16.575048198435784,28.402818603041116],[-16.575232315299623,28.402753957951425],[-16.57539771569255,28.402805351629098],[-16.575698860762273,28.403094111592786],[-16.576001902928777,28.403510930008714],[-16.576171845189418,28.403597786202027],[-16.576374722485888,28.40362173658284],[-16.576580152807878,28.40410761365559],[-16.576480228919635,28.404260018355057],[-16.576388567723303,28.40459480139434],[-16.57685769964641,28.40466674959461],[-16.57701124626989,28.404510637194118],[-16.577644618954906,28.404360386348262],[-16.57788925247207,28.404371303401163],[-16.577994499874247,28.404490094594674],[-16.578072861075828,28.40450762690492],[-16.578353627619663,28.40419298743055],[-16.578696111511643,28.404014982077232],[-16.578761286871966,28.403905864873124],[-16.578772035690513,28.403629903979713],[-16.579039050670065,28.403367397348884],[-16.57989341047978,28.402924033269237],[-16.580232915574232,28.40254576072581],[-16.58045031014409,28.40244143757595],[-16.580613519785548,28.402186702682258],[-16.580973431058368,28.401818597244144],[-16.58104900826728,28.40162251192214],[-16.581178703298175,28.401579221115746],[-16.581451108888274,28.40119385500138],[-16.581662647641746,28.401019204002804],[-16.58176550773991,28.40079581710911],[-16.582017900570403,28.400674677894227],[-16.582164063720114,28.400521921761378],[-16.582276955316868,28.40050255153502],[-16.582414967358215,28.400300641120637],[-16.582645505890547,28.400144449403097],[-16.58274295566467,28.39986625348123],[-16.58284648203014,28.39974765488486],[-16.583275007559262,28.39954310721411],[-16.584030339756648,28.399598708189423],[-16.584394083318866,28.399492306834798],[-16.584455094676702,28.399420815064392],[-16.584523192891478,28.399010023143273],[-16.58465304289371,28.39889377933655],[-16.58474695011112,28.398627599327465],[-16.584727594445386,28.398453761912734],[-16.585211684684015,28.39801818408879],[-16.585260556375474,28.397762039314788],[-16.585344369530983,28.39773101521806],[-16.585431813079943,28.397761247965605],[-16.585682915438795,28.398010733191946],[-16.58588876183095,28.398143428169238],[-16.586142125275245,28.398423994059048],[-16.58621309518793,28.398408628523345],[-16.586312049396543,28.398249974167417],[-16.586507591089457,28.3981410769251],[-16.58674986563146,28.397493680938517],[-16.587032613925455,28.39717293721447],[-16.587320767557145,28.39703146300131],[-16.587618290419833,28.396967411585614],[-16.58826744026441,28.39661090652086],[-16.588834007716635,28.396226283667694],[-16.588916274036364,28.39605084643022],[-16.588842846617187,28.395717295750313],[-16.58880523052036,28.39558203670093],[-16.58865903025234,28.395423343304596],[-16.58856226261134,28.3950194558743],[-16.58846481603265,28.394918781614923],[-16.58826267063736,28.39487447553578],[-16.588107588841954,28.394705699523684],[-16.5878137622745,28.394098475396348],[-16.58804890101134,28.393554702687727],[-16.588849714710403,28.39246454674514],[-16.589033970362973,28.392289571390254],[-16.589387722229915,28.392113340313227],[-16.589813743544642,28.39204068261239],[-16.589997271283163,28.3920564098543],[-16.5899874695818,28.39223389890668],[-16.589711490882237,28.39282354636233],[-16.589559462169635,28.39330980674607],[-16.589516251051176,28.393601497487534],[-16.58964778498051,28.393861851260567],[-16.58982096966165,28.39465421621522],[-16.590047513235046,28.39515560133047],[-16.59036641815954,28.39560744415325],[-16.590453812246214,28.396141949735632],[-16.590571760409397,28.396339272743752],[-16.590839797183087,28.39650092738787],[-16.591095761919004,28.396588177195884],[-16.59156108242241,28.396512085352033],[-16.592073731374825,28.396255311726637],[-16.59230316663234,28.395996838458164],[-16.592446548211285,28.395524299635355],[-16.592457772492878,28.395212188283093],[-16.59226140140894,28.394911862484058],[-16.5923521875597,28.394779056419576],[-16.59263564233363,28.39454471535722],[-16.593008084752967,28.39449081384787],[-16.593158477835857,28.394752129406292],[-16.59351978868718,28.394979462727434],[-16.593814963168438,28.39547869342467],[-16.59400903222665,28.39568757690412],[-16.593938236396767,28.39661048311644],[-16.594063090808927,28.397365601991364],[-16.59392674429796,28.39762727563162],[-16.593945481035437,28.397837876775558],[-16.594094438114396,28.39797207478787],[-16.594433225164817,28.398145438533223],[-16.594499558074048,28.398262878454524],[-16.594529172821577,28.39855916033387],[-16.594573048114395,28.39866813608619],[-16.594732390736446,28.398829168948524],[-16.594932866934716,28.399419654387614],[-16.595125334401782,28.39956252891389],[-16.595437251476685,28.399604180229794],[-16.596189867397182,28.399930409255997],[-16.59644933289278,28.399694121290324],[-16.596513059492064,28.399546269463958]]]]}},{"id":"119","type":"Feature","properties":{"categoria":"Paisaje Protegido","nombre":"Costa de Acentejo","codigo":"T-36"},"geometry":{"type":"MultiPolygon","coordinates":[[[[-16.47261797917196,28.45484274531946],[-16.472676614782824,28.4548883188567],[-16.47265289537022,28.454942319849465],[-16.472570607922815,28.454961522469432],[-16.47246005691536,28.45490726917404],[-16.47248467178357,28.454844188336594],[-16.47261797917196,28.45484274531946]]],[[[-16.4715283340697,28.450442797189158],[-16.471567422043126,28.45050461125276],[-16.47148135657701,28.450578175873083],[-16.471354705776328,28.45049948428924],[-16.4715283340697,28.450442797189158]]],[[[-16.456537415383263,28.459772453926227],[-16.45668774936138,28.45986824277729],[-16.456584642156333,28.459927685103583],[-16.45651825355615,28.45990405535348],[-16.45649352851457,28.45981313965464],[-16.456537415383263,28.459772453926227]]],[[[-16.45542642635422,28.462906394544312],[-16.45518049833342,28.462774886080247],[-16.45514807244509,28.462675713370608],[-16.45538601222783,28.462631949961864],[-16.455480022325133,28.46266784756077],[-16.455568222412065,28.46283051044396],[-16.455533627732464,28.462906980183522],[-16.45542642635422,28.462906394544312]]],[[[-16.468697652981884,28.447993514037215],[-16.46879101806425,28.447848671410004],[-16.468878584139546,28.447319830478346],[-16.468944653763653,28.447263850133083],[-16.469272251840884,28.447196952694366],[-16.469852488939416,28.446909562788044],[-16.47002725794512,28.446521847907594],[-16.470331227314556,28.44644111123553],[-16.470581047784,28.44608270494051],[-16.471234682304605,28.445400228364296],[-16.47118713999394,28.445122860434644],[-16.47125569643801,28.444970858945222],[-16.47149822713866,28.444736201685537],[-16.471794047706986,28.44432380543898],[-16.471963138503405,28.444291173777806],[-16.47226440488415,28.444466818385465],[-16.472376364494277,28.444455498847997],[-16.472481184257532,28.444363662602516],[-16.472712869859187,28.4443854065567],[-16.472837118638783,28.444332123746364],[-16.47280553199521,28.444273932382096],[-16.47268333078887,28.444249493829577],[-16.47251619118886,28.444133956714992],[-16.47190052549596,28.443453494047784],[-16.471631305830304,28.443285335696803],[-16.47126476945476,28.44325970612343],[-16.471006982368454,28.443120700223798],[-16.470812847508174,28.442934264940416],[-16.470659582779128,28.442476635334376],[-16.470653478866993,28.442286362423594],[-16.470682748775054,28.44216574179776],[-16.47075647183239,28.44209942292542],[-16.470769112333212,28.441596047967717],[-16.470898269292082,28.441396190466325],[-16.470876706476588,28.441225127560095],[-16.470731917230143,28.44105521602726],[-16.470719022040377,28.440971873418118],[-16.470842168838633,28.440544287932227],[-16.470915620478177,28.44044367662396],[-16.471140574511683,28.440348828064135],[-16.471566070058955,28.44037247594157],[-16.472232192876103,28.440630202007238],[-16.472957491134114,28.44070970683712],[-16.47343896629369,28.441117436587483],[-16.47387388240573,28.44129670275117],[-16.47412210072269,28.441500480583215],[-16.47422196308877,28.441364401731363],[-16.474664330914322,28.441217996157683],[-16.474876822843257,28.440988965436407],[-16.474570235012088,28.440255481245913],[-16.474553513901547,28.439641768037063],[-16.474667265563518,28.43942877112072],[-16.47508944570116,28.439056198223536],[-16.47509158693795,28.438908795593775],[-16.475305727764216,28.438851962814894],[-16.47566805424084,28.43879749393369],[-16.476050978414133,28.43883669751019],[-16.476695545762187,28.43920237679329],[-16.477455119572436,28.439723190640294],[-16.47797158241705,28.4399976631622],[-16.478229346511743,28.44031425696029],[-16.47831623228158,28.440354400180567],[-16.478513266767035,28.440262293569358],[-16.478741317015874,28.440241599612424],[-16.479288465735635,28.43982305412063],[-16.480266561497466,28.43955620573061],[-16.48081039150845,28.43957525233167],[-16.4812521621814,28.43969355519796],[-16.481649635467672,28.4397374851011],[-16.481831793257424,28.439851960976775],[-16.48211647413993,28.439765676776375],[-16.48227611687797,28.439614203274267],[-16.482637603580763,28.439640210431325],[-16.4828760924979,28.439477895476042],[-16.48318009689237,28.439427995116333],[-16.48335110998656,28.439148303896598],[-16.483778253696894,28.438757663805532],[-16.483968581572352,28.438649110900812],[-16.48560764158271,28.438170381507696],[-16.485742343068157,28.438118993409827],[-16.48586473083738,28.437994546484614],[-16.485820436088126,28.437785405296527],[-16.485876231508158,28.437337252938708],[-16.48602030705545,28.436879824539492],[-16.486079417556166,28.436802646657593],[-16.486559192890496,28.436546185522385],[-16.48660330188805,28.4364725015312],[-16.486805378487617,28.436397082797892],[-16.486923494649286,28.436236085071275],[-16.48637130116524,28.43534870933973],[-16.48631925055603,28.435123010746317],[-16.48650092445493,28.434530418168595],[-16.486427326345368,28.43437815712976],[-16.48644867792871,28.43429141880931],[-16.48670080086615,28.43402912249286],[-16.486832891853112,28.43379143073862],[-16.486820489856076,28.433576950489947],[-16.48686515568441,28.433543187168322],[-16.48700453782603,28.43355829755523],[-16.487407763569315,28.43387998453813],[-16.487666541416516,28.434362956523387],[-16.487914074056125,28.434579857067632],[-16.48828813566813,28.434833639729664],[-16.48895305554986,28.435155492227594],[-16.48919425340504,28.43544246687475],[-16.489357887002217,28.43614789671048],[-16.489361475090405,28.43640406938862],[-16.489190070104286,28.436923350809053],[-16.48882641785719,28.437486602536538],[-16.488885483603053,28.43759958162208],[-16.489287811268536,28.4378578080305],[-16.48961285265609,28.438604592342358],[-16.490276626602796,28.43869190733105],[-16.49046079744764,28.43857364785199],[-16.49033817733296,28.438297290359777],[-16.49049044947714,28.437848287631585],[-16.49057188524819,28.437754230215287],[-16.490497293150206,28.43751343789162],[-16.490644506432915,28.437228078253522],[-16.49060304351272,28.436972492047193],[-16.49066987135809,28.436762162548977],[-16.491050326801552,28.436431865899028],[-16.49103467360944,28.436385919448274],[-16.491313618121982,28.43616048607234],[-16.491438476647147,28.436123288402893],[-16.4914355420975,28.435644722755708],[-16.492249132648734,28.435139156492752],[-16.492369083786034,28.434810593340718],[-16.492470581412356,28.434673112008397],[-16.49248567712506,28.43446834885239],[-16.492174941783674,28.43428313279163],[-16.492145889743295,28.434223217820666],[-16.492531772338538,28.434173536854715],[-16.492685386471198,28.434097576088874],[-16.492828702178155,28.434175334259294],[-16.49289519695517,28.434322795996287],[-16.492846438105804,28.43480598982662],[-16.492939984386865,28.4350912378437],[-16.49287143580025,28.435873142758],[-16.492715098691814,28.43644479762206],[-16.4925544238627,28.436708267857885],[-16.49278226448799,28.43718758837568],[-16.492722136331977,28.43786467420306],[-16.492841854217104,28.439286518322877],[-16.493056789872583,28.439323328923663],[-16.49325213866131,28.439215953623485],[-16.49359933608316,28.438666670531752],[-16.49387870295171,28.43862389392117],[-16.493986799125423,28.43843273037095],[-16.494169367223897,28.438375131780294],[-16.494284323412884,28.438221707561002],[-16.495240276311737,28.437826921756205],[-16.495806246571743,28.437363494203026],[-16.495967388086015,28.43717652938545],[-16.49647512304038,28.43692420293041],[-16.49660432355226,28.43665441398018],[-16.49647295426138,28.436326833200837],[-16.496510985348692,28.436076430783224],[-16.49663701287835,28.435876521375786],[-16.496998696772568,28.435589473453327],[-16.49711317098264,28.435012877794797],[-16.497337576296403,28.434716301485548],[-16.497421326861545,28.43450880619698],[-16.497541676366406,28.43384721100876],[-16.497636554543583,28.433609982036284],[-16.497724090522492,28.433453156544477],[-16.497900298293743,28.43332892822791],[-16.497988448302337,28.433179496341],[-16.49797089903314,28.432926627723],[-16.497560843226527,28.432450277701943],[-16.4975751901701,28.432228573421828],[-16.49768809436763,28.431970108714953],[-16.4975743851256,28.431645736831513],[-16.497765156740357,28.431417650894826],[-16.497958839955132,28.431338355401564],[-16.49815657327078,28.431111726579612],[-16.498187184075046,28.430979985209888],[-16.497964192793624,28.4308847887362],[-16.49783679863864,28.43063258737118],[-16.497660250125627,28.430420546618798],[-16.49757875083866,28.430200208329893],[-16.497377808071477,28.429967584658595],[-16.49734441036444,28.429831058060287],[-16.497395818789578,28.429816024042946],[-16.49769294592507,28.42995637183159],[-16.497899936412463,28.42996142298906],[-16.498161799197835,28.429815674710223],[-16.498771565675376,28.429660229253248],[-16.499006205233204,28.429691037977655],[-16.49909507789214,28.429658381340715],[-16.499259778937486,28.42952958512418],[-16.499184058880683,28.429235029938525],[-16.4992835164736,28.429120399587024],[-16.499195858934765,28.42904365959339],[-16.499418238092847,28.428682826155857],[-16.499470873504414,28.428382705589794],[-16.499734146574106,28.428257759620582],[-16.50046308487941,28.428293353207266],[-16.5006455205831,28.428182265547562],[-16.500735095201083,28.427808733876862],[-16.50105849080864,28.427335288955735],[-16.5008230128538,28.426913312053063],[-16.500834725194498,28.426668180460894],[-16.50095986280597,28.426394939732226],[-16.500430377354586,28.42570603024538],[-16.500331432125833,28.425415124965518],[-16.50034103410657,28.425154917720917],[-16.500519186450486,28.42460588371083],[-16.500671061492017,28.424345777738083],[-16.500723412943753,28.4242914926445],[-16.501035190398227,28.42420582810318],[-16.501292749975953,28.423907634698065],[-16.50131423232858,28.423548282755167],[-16.50118930603096,28.42329793424473],[-16.50121067598396,28.42306661263361],[-16.501617921793734,28.422603333603714],[-16.50189982982364,28.422513836141782],[-16.502099922981035,28.42216176410425],[-16.50222586320854,28.422091269773414],[-16.502399038237407,28.422080721761294],[-16.502653845389816,28.422147014117527],[-16.50306749514702,28.42205174610459],[-16.503770680553846,28.42171571310588],[-16.50410847653752,28.421435544781712],[-16.50432027217561,28.421221558683254],[-16.50464688907423,28.420669399008187],[-16.504820607402152,28.420524937644508],[-16.50533894796151,28.420238456684874],[-16.5055598855277,28.419981173891742],[-16.50650825472707,28.418515072608926],[-16.50655242308343,28.41835909168998],[-16.50728926492344,28.418679203282576],[-16.50839868178401,28.41876194071799],[-16.50902890113594,28.41930783859829],[-16.50944940652638,28.420041775477628],[-16.509563203044074,28.419975723130275],[-16.50967083500258,28.41999180352951],[-16.510184893119522,28.41974854571919],[-16.510698151583817,28.419449132224656],[-16.510880390859715,28.419218190401416],[-16.511414581246516,28.419017889365648],[-16.51180185682965,28.41895744485611],[-16.512255814568018,28.4189524031899],[-16.512711501334575,28.419068275949343],[-16.512940807211326,28.419057090987202],[-16.513591961829874,28.41884253079561],[-16.51369061614111,28.418742086670076],[-16.51396688658181,28.418600796754664],[-16.514828788090398,28.4184443546141],[-16.5151730002292,28.418617612983756],[-16.515412369845972,28.418627908725927],[-16.516012731873758,28.418789667563864],[-16.516418740828605,28.41884561346325],[-16.516982935093207,28.419038022586964],[-16.517672307628683,28.419108080889178],[-16.51804044368352,28.41907589980992],[-16.518268695543775,28.41916189881605],[-16.51840987858321,28.419305022070397],[-16.518540888536553,28.419590799442528],[-16.518579216518944,28.419861564056962],[-16.51848972364874,28.41984974677038],[-16.51838464136665,28.419732691325148],[-16.51821790783193,28.41973779978945],[-16.518101611866918,28.419636121410388],[-16.51809231128791,28.419549494886684],[-16.518210430562053,28.419385457003745],[-16.517974531093866,28.419300815708578],[-16.51754784499193,28.419331293756294],[-16.517003090704232,28.41927175310925],[-16.515598081118625,28.418947609982748],[-16.515324922420515,28.418841357764965],[-16.51500862780328,28.41890317936539],[-16.514947079679697,28.418839245208385],[-16.514607440457553,28.418953580436412],[-16.514381191709955,28.41891557497616],[-16.51395887201469,28.418965938453482],[-16.513891564824736,28.419099896032694],[-16.51365622783214,28.419133468498618],[-16.513462970640195,28.419240307108577],[-16.513411916893336,28.4193112697176],[-16.513469093039074,28.41946261527196],[-16.51322952012648,28.419507064124197],[-16.51319569338643,28.419554731153564],[-16.51278848498506,28.419483446477074],[-16.512242011174674,28.419468038127825],[-16.51206831544835,28.419514821691024],[-16.511300309783312,28.41982947780966],[-16.507982112593055,28.4216140576786],[-16.507229930664337,28.422125261615477],[-16.50702289237271,28.42235552570636],[-16.507383546640554,28.422707118504096],[-16.50770053538802,28.423219017915017],[-16.507445629882998,28.423298914483116],[-16.50730482452621,28.42328991433822],[-16.507193864821623,28.423362711280316],[-16.50704566798926,28.423350814447964],[-16.50673324153276,28.423103205786763],[-16.5065422727998,28.422774281571947],[-16.506454493337834,28.42276821345341],[-16.505197672279024,28.423596885733584],[-16.503925829731553,28.424274281898665],[-16.503464705403704,28.42455698532389],[-16.503306475238386,28.424752680607945],[-16.502913120548342,28.42494041254266],[-16.502759508816283,28.425145171509023],[-16.502651050751496,28.425503850080972],[-16.502656748909622,28.42577715521843],[-16.502768546350076,28.42588611661747],[-16.502779164063618,28.426030670556884],[-16.50268128929942,28.42602561402487],[-16.502563983778842,28.42590254406655],[-16.502540694455213,28.425959478299905],[-16.50257627786714,28.426042928012805],[-16.502797179495925,28.426193012370796],[-16.502880408571336,28.426454902214626],[-16.502757458527594,28.426546600108434],[-16.502576527312222,28.426508706821135],[-16.502377314659185,28.426383562563796],[-16.502244328080987,28.426451364207757],[-16.5025533997108,28.427003533475474],[-16.502826775855887,28.42734852047778],[-16.50283897104254,28.427807037515837],[-16.502748129735796,28.427945852540205],[-16.502773274510094,28.428099722327214],[-16.502274820224947,28.428082752191205],[-16.501989680528506,28.428133821755214],[-16.502029333841055,28.428259644282715],[-16.5021886979453,28.42842566081797],[-16.502319911986945,28.428441811460573],[-16.502364450600425,28.428544836893778],[-16.50232517032938,28.42874905546123],[-16.502141879835655,28.428862447133724],[-16.502265172085696,28.429018843841906],[-16.50216370717817,28.429193514841387],[-16.50205730361481,28.429314902385038],[-16.501864952510783,28.429422978682343],[-16.501473422775568,28.429365296326363],[-16.501592839808445,28.42956541750619],[-16.501572017472302,28.429601927811404],[-16.501422770997944,28.429487331885053],[-16.501214127752217,28.42947555417282],[-16.501041357084322,28.429524299462557],[-16.500622052192213,28.429451758910073],[-16.50053028754052,28.429330030212167],[-16.50046666444018,28.42937215645751],[-16.50047726658874,28.429754610440106],[-16.500574701797504,28.43000325875107],[-16.500421466543,28.43020656709671],[-16.50049162960771,28.430280611092375],[-16.500681190425748,28.430300181286555],[-16.50066742894646,28.430337877115736],[-16.500472988624825,28.430435595772167],[-16.499869913178507,28.43055884606797],[-16.499865325832076,28.430595538225152],[-16.500241041436812,28.430639230122882],[-16.500286722836393,28.430729247602457],[-16.500258834697426,28.430800491699344],[-16.50010090586936,28.430758009752886],[-16.49996487544883,28.430827647865023],[-16.49958863120964,28.430840638211556],[-16.49929947442419,28.430694279010023],[-16.499206501858026,28.430769308336068],[-16.49911157067238,28.430980637089867],[-16.499264024372447,28.43113445907866],[-16.499382902815288,28.431173401167673],[-16.499869088551534,28.431065068861475],[-16.499899109287853,28.431159500806746],[-16.499790989285174,28.43120292936023],[-16.499551958105936,28.431201231060232],[-16.499385319808805,28.431286909375658],[-16.49931592707735,28.431339928706045],[-16.499198400504007,28.43159970005686],[-16.49915173448241,28.431425309052514],[-16.49907794684076,28.431369354347556],[-16.498709701435093,28.431529903671347],[-16.498547536549186,28.431723019812402],[-16.49822154455669,28.431853681043464],[-16.498252921867728,28.432138707035907],[-16.49834956350059,28.43230947968894],[-16.49870940618191,28.432559482011175],[-16.4990945593525,28.433062176002466],[-16.499045142192895,28.43321416021785],[-16.49909524988814,28.433371907246002],[-16.498611726772374,28.433648253709507],[-16.498402963007845,28.43394007508981],[-16.49836662431797,28.434208789164312],[-16.49844461508097,28.434606385350342],[-16.498360543734776,28.4349148837946],[-16.49811762664898,28.435145259364592],[-16.497748839819867,28.43526113847647],[-16.49774418175942,28.435314617888608],[-16.497904316917406,28.435513301283965],[-16.497935971097505,28.435694716874792],[-16.49779321537846,28.43593256320265],[-16.49773811331444,28.436304549373354],[-16.497524670798203,28.43652566480441],[-16.49742196505451,28.436765506814968],[-16.497513993674733,28.436992737032835],[-16.497545088255194,28.437228669982687],[-16.497466540950303,28.437596221001648],[-16.497578368464882,28.437786501423666],[-16.497336782853044,28.437807480544123],[-16.49712165542258,28.437996214105027],[-16.497133864767218,28.438188944531813],[-16.497066270369295,28.438333817765212],[-16.497149301684008,28.43854562410509],[-16.497113995432752,28.438576156100428],[-16.49690593391752,28.438447401556513],[-16.496168781698376,28.438406231420768],[-16.496028128945152,28.43827159009801],[-16.495910116832768,28.438243917052322],[-16.495810788861913,28.438274249951757],[-16.495721753277834,28.438397517675167],[-16.49572530323584,28.438606317755664],[-16.495822606806158,28.438867515482226],[-16.495814885714328,28.438964619371735],[-16.495751346458704,28.43901324065574],[-16.495644193867047,28.438959185216174],[-16.495533780217084,28.438796684716447],[-16.495351010647106,28.43873831576077],[-16.495114739939226,28.438788924936],[-16.494973637905723,28.439043446613194],[-16.49459083864985,28.439071657967173],[-16.494528431367094,28.438946624726363],[-16.494435546453296,28.438934197502352],[-16.494220420344085,28.43909449778772],[-16.49426600563169,28.439235870690975],[-16.49421362037965,28.43945340757834],[-16.494262284424703,28.4397193822995],[-16.494140770770397,28.43995121575277],[-16.494130089316535,28.440331828189308],[-16.493868345416544,28.440582709598253],[-16.493741716956887,28.440559641836142],[-16.493384308442177,28.439924412094808],[-16.493408933819676,28.43978759315275],[-16.49363251215445,28.439567365381514],[-16.493634938506183,28.43950750280565],[-16.493578069747137,28.439456864816353],[-16.49329385405517,28.43959075662767],[-16.493102298888285,28.43983743684209],[-16.49301114095,28.44013707525721],[-16.49294493956618,28.440192583505276],[-16.492836820120928,28.44018600812265],[-16.492424627771705,28.439851819932752],[-16.492193795912463,28.439337216946345],[-16.49190682666186,28.43920950037255],[-16.491822837962157,28.43903064245581],[-16.491770580630877,28.438602706685145],[-16.49169011769947,28.438602325194708],[-16.49143361304597,28.438884732208752],[-16.491289611848575,28.43888224906751],[-16.491195797468034,28.438788965484566],[-16.491143924935216,28.438803251941376],[-16.490989848025833,28.43901423073594],[-16.490946101829643,28.439316777979332],[-16.49087600718156,28.439451477459574],[-16.490467108728247,28.43937346777073],[-16.490049495858443,28.439409448229565],[-16.48972273508408,28.439524123954797],[-16.48946519128301,28.439492377200832],[-16.489332714362558,28.43968578971656],[-16.4893628431381,28.439744664226144],[-16.489579605332175,28.439817109238437],[-16.489602846585296,28.43987993984788],[-16.489326764805043,28.43994622719658],[-16.489201362869665,28.43985752970145],[-16.489099206523015,28.439686179107813],[-16.488869720688534,28.439623800066105],[-16.488384215728725,28.439230114020962],[-16.488377991388468,28.43912828937863],[-16.488232561663274,28.439038365973413],[-16.48820013250425,28.438691075986476],[-16.488342628588295,28.43836723333343],[-16.488316462193314,28.43819017741503],[-16.488392942099704,28.43798627750163],[-16.488353607493487,28.437882378201536],[-16.488016528534125,28.4376389586214],[-16.487747846674644,28.437591626678774],[-16.48762965196972,28.4374631386061],[-16.487285906284825,28.437523934057364],[-16.48704664554136,28.437645589045825],[-16.48668063947482,28.437998406001025],[-16.486082677589724,28.438762138613384],[-16.48550526267876,28.439053183190993],[-16.485240439259275,28.439318792937232],[-16.485136221771004,28.439372185381224],[-16.484495159151763,28.439346599652275],[-16.484259125171253,28.43945124760354],[-16.483929934319256,28.43950203871863],[-16.48378472357115,28.439595858135945],[-16.48371594753033,28.439657436870984],[-16.48371007229787,28.43982175686461],[-16.48377844685728,28.439943571547214],[-16.483767275382185,28.440021038043138],[-16.483910518110704,28.440173894726698],[-16.48389672793696,28.440224675635825],[-16.48373649907689,28.44019357158185],[-16.483530760795027,28.4399889604903],[-16.483404553985785,28.440003242138552],[-16.48330377076309,28.4400467584719],[-16.48315458819234,28.440236556840823],[-16.482812722018277,28.44024993925363],[-16.482042264832057,28.440684224742846],[-16.48145300111946,28.440800656584198],[-16.481083508546373,28.440758741115406],[-16.481017191448778,28.440689157707126],[-16.48090076065421,28.440489075818427],[-16.48088594305096,28.440341587140736],[-16.48077666684562,28.44017130020056],[-16.480748580621494,28.440016826082985],[-16.48063369786543,28.439964467271025],[-16.48034487555377,28.439952176647],[-16.479961882758985,28.43998910341498],[-16.47958035051457,28.44012366438264],[-16.47936778006923,28.440278679477505],[-16.479095453869068,28.440725582479192],[-16.47909963966495,28.44093103760718],[-16.479049625471415,28.441020387819087],[-16.478909498872266,28.441091133014062],[-16.478374026918576,28.441228717426444],[-16.47778830460636,28.44123318430953],[-16.477503145688566,28.44116146303143],[-16.47706111699982,28.440962295304754],[-16.476699142950345,28.44093969017277],[-16.476238489156177,28.44136236839703],[-16.475466034975078,28.441831927153913],[-16.474594693915783,28.442791802266957],[-16.474327267133653,28.44345398128789],[-16.474431265851404,28.443869993033164],[-16.47435177413242,28.44449945027678],[-16.47467407582176,28.444627723574204],[-16.474861334913573,28.44482568940285],[-16.474894767566393,28.444990666199306],[-16.474727294652517,28.445136972716316],[-16.474895105492887,28.445221072432624],[-16.474901175513914,28.44530530073618],[-16.474445993558685,28.445159966660885],[-16.474267541614033,28.445214155431945],[-16.473594107791573,28.444933099511417],[-16.473020643305684,28.44496891113286],[-16.472938269328395,28.44505942180394],[-16.472896430488387,28.445378188887087],[-16.472614600339746,28.445797926827066],[-16.47251956302446,28.44626429694478],[-16.472114494695038,28.446751431089936],[-16.472021060412487,28.44695036173085],[-16.47156952311966,28.44728240488425],[-16.47155591882694,28.44732496984824],[-16.471630904704696,28.447386522039004],[-16.471614714433553,28.447456190184973],[-16.471450309107166,28.44745589253371],[-16.471207137897764,28.44767422133575],[-16.47051617672012,28.448131446385137],[-16.4704406999538,28.4482595156216],[-16.47032150445691,28.448241165232705],[-16.470180023868014,28.448312584250445],[-16.470020144092455,28.448461655082486],[-16.46995438224535,28.448595972748958],[-16.469971138501343,28.448848421498077],[-16.470151307426256,28.44907128928162],[-16.47025627154062,28.449525307344494],[-16.47024215504409,28.449638670363743],[-16.47033293107066,28.449800763334746],[-16.470632820697887,28.45019472430547],[-16.470730257138644,28.450396762122732],[-16.471174683071048,28.450578171228862],[-16.471144586908828,28.450622972197756],[-16.470848266937253,28.45070185127175],[-16.47124178840593,28.450751882034865],[-16.471373986579096,28.450835161628856],[-16.471366516973667,28.450933633673785],[-16.471419392217392,28.45097638212628],[-16.471989933425405,28.451171676756587],[-16.472297986271705,28.451370622095293],[-16.472702711151026,28.451463260964037],[-16.47283056322548,28.451711726693038],[-16.473011888838034,28.451596598302913],[-16.47319983229546,28.451644336455036],[-16.47341797706418,28.451873629279767],[-16.473423718110475,28.452080728311962],[-16.473369392068086,28.45213155918247],[-16.47319397847842,28.45215755572263],[-16.473030075176975,28.451993621373596],[-16.472982221100583,28.452075978753445],[-16.4730265016289,28.452158674263604],[-16.473190347824815,28.45223891984932],[-16.473230715881293,28.45232223525624],[-16.473472275255528,28.452398173278695],[-16.47362427044395,28.452566342442584],[-16.47370525253705,28.45270351249926],[-16.473649227882916,28.4528196401253],[-16.4736846367063,28.45290096943253],[-16.47410849224023,28.452844699843528],[-16.47418799646752,28.452922392427766],[-16.47419745193,28.453085751784077],[-16.474436556323603,28.453228924212706],[-16.474426240184567,28.453515780077304],[-16.474130884228536,28.453776411568914],[-16.474006262110876,28.453767085287325],[-16.47380865606173,28.453668687112636],[-16.47363673733424,28.453767189825026],[-16.473320401959274,28.453671990318977],[-16.47316189279208,28.453776520354253],[-16.47319289883465,28.45383712177564],[-16.47328102801373,28.453829813737713],[-16.473440527029002,28.453926278911975],[-16.473450254758564,28.453973843899842],[-16.47326748825574,28.454112715410396],[-16.47308458919911,28.454037288134394],[-16.47301088111792,28.454068320202303],[-16.473106758509477,28.45427073388071],[-16.472966753335974,28.454213280154327],[-16.47286484486646,28.45459386916112],[-16.473547958376884,28.45450965011509],[-16.47366385852874,28.454617507558417],[-16.473574446587225,28.454723076510316],[-16.4735252221867,28.45491948049091],[-16.47329754481721,28.454973867628777],[-16.473215114130557,28.454887722708552],[-16.47318988673176,28.454748242913517],[-16.47310085633479,28.454693549506985],[-16.472923332608485,28.45475843054666],[-16.472883975194755,28.45484973900486],[-16.47249761031195,28.45481765901724],[-16.472318198333344,28.454904761362585],[-16.471989878119413,28.455332636540273],[-16.47185979484699,28.455435648182167],[-16.47175003124166,28.455482484504213],[-16.471515255137504,28.455452137028292],[-16.471383214040664,28.455584897952082],[-16.471243311817513,28.455623440927745],[-16.470682245661557,28.455462887198156],[-16.47069234010586,28.455346679679593],[-16.47058205146875,28.455177063671933],[-16.470504147707825,28.455105750446016],[-16.47043735820711,28.45517784259707],[-16.47023243286873,28.454982192065692],[-16.469986670049334,28.45455915378619],[-16.469699228863988,28.454497468578506],[-16.469044382594102,28.454612273958944],[-16.468502047957752,28.454794154391507],[-16.467849301967306,28.45506048938444],[-16.467474616599088,28.45526921133042],[-16.467223257736347,28.45549178233409],[-16.466958811789333,28.455935924087186],[-16.466872351650633,28.456215920585006],[-16.466981697533342,28.456385640122605],[-16.466784073974246,28.456439746550867],[-16.46668557648399,28.456879787913028],[-16.466698231046724,28.4571802403823],[-16.466750058710023,28.457289769327204],[-16.467260199759824,28.457648411057683],[-16.46733121198255,28.457818940811414],[-16.467255400016313,28.45786654451992],[-16.466925693318778,28.457862582629755],[-16.466865758001504,28.457835251258704],[-16.466846306469314,28.457683090814793],[-16.46677361914927,28.457631565328807],[-16.466437461618746,28.457636669785927],[-16.466448850784076,28.45772267322594],[-16.466644742849052,28.45786548578655],[-16.46661040503553,28.457921405301423],[-16.466503337254174,28.457938254234122],[-16.46662480473638,28.45810119182943],[-16.466551332938515,28.45832871170631],[-16.466396694944148,28.458395070521668],[-16.466343442988727,28.458277813309362],[-16.466276054989137,28.458269153659817],[-16.466040710119138,28.45829785400931],[-16.465958434765827,28.458358179820852],[-16.46593754778964,28.458437166688174],[-16.466005530355606,28.458506667101624],[-16.46640411474964,28.4586573853235],[-16.46646129424644,28.45873732663292],[-16.46633073642499,28.458853262195383],[-16.466334248830943,28.459032263598296],[-16.46645071557246,28.45927822263647],[-16.466179520056578,28.459510933321102],[-16.46617693910249,28.459691679060754],[-16.466009392044835,28.459915781354933],[-16.46581178627509,28.45991469805542],[-16.465661009287285,28.459809583342118],[-16.465500272583057,28.45949032065915],[-16.46541422764463,28.459458847688037],[-16.465177072675218,28.459483134804554],[-16.465178091567136,28.459651784303052],[-16.46503987585937,28.459724318386332],[-16.4649308474944,28.459697641291246],[-16.464492815074337,28.458996110317482],[-16.46440630229222,28.458480212018817],[-16.46425483338682,28.458383180523658],[-16.463973074719885,28.458383875752705],[-16.46388248906669,28.458463747834895],[-16.46401711076851,28.45873665214918],[-16.464405660676338,28.459281193952176],[-16.464404130967424,28.459345802848162],[-16.464212491253914,28.459432963280022],[-16.463966892088834,28.459347702625237],[-16.463926514382898,28.459561291320753],[-16.463792690296664,28.45957312841274],[-16.463677883328447,28.459494654424894],[-16.463689814140235,28.459138333534483],[-16.463544960048566,28.459144901091086],[-16.4635387465714,28.45902598139091],[-16.463320286325082,28.458946140392943],[-16.46337068672782,28.45901970305719],[-16.463118902203,28.45912142566079],[-16.46310295348494,28.458989659663047],[-16.462953057132477,28.45890297058194],[-16.46293184772053,28.458762190933673],[-16.46281511058148,28.458937991321488],[-16.462731857590832,28.4589400959694],[-16.46285140434927,28.458662769447635],[-16.462684012178375,28.458563272095006],[-16.46260379020801,28.458452458424066],[-16.46249176102953,28.4584613703813],[-16.46244423412068,28.458379861477713],[-16.46235183769305,28.458391332937975],[-16.462104652060187,28.458305535330094],[-16.461671889366013,28.45829624255498],[-16.461594660089297,28.458244013973545],[-16.461627050582045,28.458175508547626],[-16.46136318123645,28.458054230744082],[-16.46053813961428,28.45805719848093],[-16.46009617565105,28.457900710125955],[-16.459623991671794,28.457856229969394],[-16.459406203269577,28.45790743757532],[-16.45926207611992,28.458011445581125],[-16.459217931381712,28.45811873100818],[-16.459252695002487,28.458280132689715],[-16.459146313488084,28.458492803778462],[-16.459099381621975,28.458490870437878],[-16.45899338219278,28.458339519613236],[-16.45887887867048,28.45838765107487],[-16.458714697653114,28.458335044719025],[-16.458611251935316,28.458403111112744],[-16.458595402911044,28.458486456237154],[-16.458408735025888,28.45848225751284],[-16.45812027899053,28.458608145226837],[-16.4576197224979,28.458972284266906],[-16.457511772538684,28.4591126078299],[-16.457151180103832,28.459299310383663],[-16.457106426145863,28.45943235929732],[-16.456868750013577,28.45944934527744],[-16.4566775692892,28.459402151912595],[-16.456454037895174,28.45956815233565],[-16.456375235161243,28.45972433589872],[-16.456179850147365,28.459680381738824],[-16.456041913082792,28.459782659564357],[-16.455629356563588,28.460191606708356],[-16.455498987963956,28.460527336200848],[-16.455269052911824,28.46080766992823],[-16.455205145042633,28.460961419170125],[-16.455210534477427,28.46118262057465],[-16.455371084833455,28.46124209288797],[-16.45551816859307,28.46152989941786],[-16.455659624495997,28.461582102928055],[-16.4555921252062,28.461632499375927],[-16.45514253201685,28.461571273458162],[-16.455105774178506,28.461714976070116],[-16.45520551762006,28.461763907952708],[-16.455388314366154,28.461736338918534],[-16.455414028175277,28.461943424169775],[-16.455462562472455,28.46195561214557],[-16.45549486836285,28.462071365155968],[-16.45531667492749,28.46210176409489],[-16.455201325247256,28.462018478317777],[-16.455105361124712,28.462027013864926],[-16.45498484154687,28.462199274408132],[-16.454923392912114,28.46241633527562],[-16.4549726071797,28.462833038591473],[-16.45511137845046,28.463134219318313],[-16.45525209291082,28.463294659948634],[-16.455242518328284,28.463380004323696],[-16.455168091168378,28.463457071634664],[-16.455175133037276,28.463646793837086],[-16.455610531044865,28.463843051204464],[-16.45564519629465,28.46402358800535],[-16.455410994503794,28.464408920388554],[-16.455736368427836,28.46466973772395],[-16.455762961631063,28.465036232429757],[-16.455699266935504,28.465110270054666],[-16.455702263524604,28.465281209136176],[-16.455568805293662,28.465463427966778],[-16.45545454846008,28.46551159922068],[-16.455576370343106,28.465591394864887],[-16.455533618318636,28.46570986438247],[-16.455483707348755,28.465740434003827],[-16.455327735289025,28.4657100008873],[-16.455229945700804,28.46576443965701],[-16.455137712911093,28.46591510750968],[-16.455096271891676,28.46611216231542],[-16.45531018934706,28.466271223834596],[-16.455229513720163,28.46646111743243],[-16.45523590537514,28.466545957007103],[-16.4553323255815,28.466665058109832],[-16.45541478352819,28.466697631679928],[-16.455621766538595,28.466603992412132],[-16.455917571734137,28.466587757748016],[-16.456045525173202,28.46664833606006],[-16.456081135679096,28.466754658315363],[-16.456072883145218,28.466821676658817],[-16.455861971560896,28.46674645430022],[-16.45603066417085,28.46697007679172],[-16.456103257389998,28.46690587132105],[-16.456214960681955,28.466920162337313],[-16.45638993102349,28.46701983890799],[-16.456564587451794,28.467043735026937],[-16.456795555857163,28.467217764567117],[-16.45677013099121,28.46741326738019],[-16.456637967411822,28.46745164973212],[-16.45672638355712,28.467498580732645],[-16.456720211768697,28.46763386956826],[-16.45649458759217,28.467536053624944],[-16.456262197757596,28.467889960734233],[-16.45630833156953,28.46796596327644],[-16.45656919754371,28.46806118188587],[-16.456680274809518,28.468151849384952],[-16.45672422856585,28.468262477265206],[-16.456668502268094,28.468556389139916],[-16.45651126711747,28.468678431648733],[-16.45632632306371,28.4685480324756],[-16.456292894639287,28.46876101222449],[-16.45595669861956,28.468698936491087],[-16.455703646319623,28.468788602069917],[-16.455642776240015,28.468860235858646],[-16.45566908242371,28.4689210811308],[-16.455804913424288,28.46890271413461],[-16.45591849463982,28.468990503510884],[-16.455704279626673,28.468998708119717],[-16.455638696341882,28.469046900082525],[-16.45578535104817,28.469195218720515],[-16.45584298898417,28.469446545738972],[-16.456078446665728,28.469691429270867],[-16.4560623445086,28.469776663016734],[-16.455935986722338,28.46982603831076],[-16.455645743728045,28.469829217593077],[-16.455562136298717,28.46975618810139],[-16.45544296241181,28.469363239217124],[-16.455251824908444,28.46931898606941],[-16.455103313544164,28.469341468267007],[-16.454895721118984,28.469424590137805],[-16.454740677100823,28.46957187744806],[-16.45454452230386,28.469599029256432],[-16.45419215876729,28.469742948103036],[-16.4542280521351,28.469916955891314],[-16.454400903740055,28.470029482196693],[-16.45440151344745,28.470073996390155],[-16.454291773126137,28.47024278377988],[-16.45406152047727,28.470237583655106],[-16.453891092998756,28.47051543790131],[-16.453511297785376,28.47066574929817],[-16.453405812308663,28.470562023358713],[-16.45328374432554,28.470676493420697],[-16.45313144672435,28.470704591481763],[-16.45289025192001,28.470629047510716],[-16.45284002640694,28.47045695234558],[-16.452796930420117,28.470449109681446],[-16.45273311744537,28.47063880368659],[-16.45276031004228,28.470754070336838],[-16.452823267236774,28.47082355873165],[-16.45311891195323,28.470949927843805],[-16.453155605136182,28.471241424894338],[-16.45304415834152,28.471614133201285],[-16.45305969405986,28.47171643795272],[-16.452811527436666,28.47167569691673],[-16.452789961912,28.471761954379307],[-16.45263741659696,28.471796706056885],[-16.45237169613464,28.471563574548043],[-16.452126241715888,28.47150527656679],[-16.451930699121554,28.47136912734742],[-16.451878604721514,28.471578650317788],[-16.45161769699711,28.471544983402353],[-16.451447349612508,28.471710516736593],[-16.45131059685954,28.471587800186118],[-16.45104008317239,28.471526094464192],[-16.45087581143153,28.47154508514922],[-16.45064353316371,28.47188971321203],[-16.450639592588214,28.472013200358884],[-16.450903209973717,28.472080657207453],[-16.45103228193628,28.472201109593048],[-16.451033018295803,28.47225499050974],[-16.450679902522047,28.472523517908893],[-16.45048451976241,28.47239907948258],[-16.45017208218493,28.472439441722663],[-16.449961349751387,28.47254616328527],[-16.44981665351772,28.47266745092434],[-16.44957947732275,28.472988158860066],[-16.449708005253957,28.47354303174608],[-16.449618557013643,28.4735957171342],[-16.449411412186343,28.473446213577915],[-16.44915169037489,28.473818495811347],[-16.449118941622558,28.474015068231225],[-16.449170221161037,28.47403795085571],[-16.449413633252874,28.473946324031328],[-16.449584289537977,28.47393982084876],[-16.449733746336868,28.47406005710399],[-16.449748787987357,28.47420192448319],[-16.449939674905497,28.47413384360653],[-16.450183844731093,28.47463983929503],[-16.450776540837154,28.47521105888539],[-16.450801535660464,28.475305320891888],[-16.451241578236267,28.475484908140107],[-16.451379724852654,28.47561581348514],[-16.45159649097368,28.47562658590302],[-16.451651675445117,28.475677990236065],[-16.451664752752716,28.47574994294331],[-16.451515443650674,28.475853745921683],[-16.45137652263784,28.475832088546497],[-16.451088016755712,28.475681876806885],[-16.451070457846924,28.475707957145264],[-16.45156250597716,28.476029746965068],[-16.451521885132102,28.47622699047554],[-16.451548560153597,28.47650083340921],[-16.451434972780604,28.47672297083091],[-16.451424583946054,28.47684540762313],[-16.451277706398308,28.476938173820024],[-16.45122789378735,28.477085489347694],[-16.451464913705188,28.476999612776098],[-16.451695142355703,28.47705725286988],[-16.451755808978064,28.477113616540752],[-16.451759487270547,28.477195858883704],[-16.451636966565335,28.477341378699336],[-16.451659349658378,28.477445478628884],[-16.45157434901379,28.477462793703964],[-16.45150805080566,28.477391237698484],[-16.45142140005391,28.4773797532244],[-16.451314759846483,28.477502721051334],[-16.451101800579618,28.47750246699628],[-16.450783332024045,28.476730430759375],[-16.450493332576773,28.47630358798986],[-16.450638003086627,28.476005967851265],[-16.45058347990055,28.47597602671095],[-16.450580526203108,28.475824897156503],[-16.450659534952646,28.475784018995984],[-16.45060831837652,28.47576582933905],[-16.45047415371718,28.47583286390593],[-16.45022907670084,28.47617520011579],[-16.450157945480175,28.47619236635938],[-16.4499810999796,28.475746743683466],[-16.450097109503666,28.475376498025142],[-16.449868385243224,28.475423448780937],[-16.44976990933429,28.47567754403814],[-16.449689545807413,28.4757650867826],[-16.449623329053928,28.475768139267817],[-16.449183876656072,28.474941062888128],[-16.449074608487766,28.474870775800685],[-16.44874993592122,28.47489684325845],[-16.44845631913906,28.474757871310786],[-16.448278605867827,28.47462153603015],[-16.448081287104,28.47426165030143],[-16.447983792250177,28.474213483755136],[-16.447815901945614,28.47423636310059],[-16.447707353358535,28.474319096601466],[-16.447784793627388,28.47445754725295],[-16.447754619016408,28.47456145848772],[-16.4476978063854,28.4745919634835],[-16.447720379717186,28.474698363587734],[-16.447820277024302,28.474837288085546],[-16.447699623533087,28.474960411393322],[-16.447648218474217,28.475115594533232],[-16.447410261675056,28.475420368889708],[-16.447161715897995,28.47552690217051],[-16.447024909901923,28.47547298921054],[-16.446923849677507,28.475259204367116],[-16.44699007278279,28.47450874940368],[-16.446428226050447,28.474235905966374],[-16.446265929574004,28.474065126662392],[-16.445953917657565,28.474027750737804],[-16.445540741801672,28.474087458515093],[-16.44511959054165,28.474304151067287],[-16.44467095132344,28.47466716945346],[-16.444217501932776,28.475181371748274],[-16.443937543876725,28.475677548362853],[-16.443499817102452,28.47619179802876],[-16.443243300325868,28.47672520565541],[-16.443170101765727,28.47715240930827],[-16.4431932971322,28.477640673414616],[-16.443317342864738,28.478310309210876],[-16.44360896836228,28.47867811739042],[-16.443660777798904,28.479303132466416],[-16.443985802638707,28.47940471491658],[-16.444033117063817,28.479516683073072],[-16.4440082302476,28.479841453516787],[-16.444420322600173,28.479970629389417],[-16.44443999015804,28.480058045024553],[-16.444351319567662,28.480137694833243],[-16.444074164580165,28.48032495827561],[-16.443925512784244,28.48027087033952],[-16.443830679761664,28.48034958348261],[-16.443755962852972,28.480342227273383],[-16.443507828420817,28.480146652981443],[-16.44319459624645,28.480258938196947],[-16.442857317713166,28.480571789798674],[-16.442611299156074,28.481128513985638],[-16.442246942796057,28.48132450578124],[-16.44107253235719,28.481489383929784],[-16.44075259668301,28.48149360505939],[-16.440659725811628,28.481413110649726],[-16.440282980604,28.48134987439569],[-16.43982874816787,28.481456822693602],[-16.43964543167502,28.48139017323913],[-16.438512054651728,28.48161358290712],[-16.437897501623144,28.48183974590677],[-16.43728079969358,28.482557607383665],[-16.436684957111893,28.483063345415033],[-16.4360793496721,28.483281933137935],[-16.435350910458748,28.48394565166977],[-16.434784508649248,28.4843734188626],[-16.434314263802506,28.484643087354033],[-16.433748626952678,28.484867217889036],[-16.433125588212263,28.48526066660614],[-16.43202469894204,28.486018427622447],[-16.431633769207636,28.486511390155435],[-16.431189267690474,28.486693838205046],[-16.430788047032916,28.48694680276047],[-16.430123712362725,28.487612861128095],[-16.429893406113052,28.487731572419424],[-16.42950318935044,28.48832489889431],[-16.429468487909134,28.48854023291695],[-16.429264120892103,28.488729860489034],[-16.429356565499106,28.488857703849988],[-16.429361773044487,28.489038764997378],[-16.42927743222706,28.489044624670985],[-16.429195417101198,28.488927375386947],[-16.429125132346428,28.48891955853742],[-16.42873135517092,28.489586691603552],[-16.428767835258377,28.48971116154233],[-16.42887348424264,28.489818189888872],[-16.42903186851802,28.48981015316],[-16.429168604491384,28.489927115993552],[-16.42921949373334,28.490065585660346],[-16.428926485203156,28.490699033932437],[-16.428691786923352,28.490806246396133],[-16.428637163774784,28.490916195811455],[-16.42864765356317,28.491020767798165],[-16.428796890408577,28.49105625626429],[-16.428846222853686,28.491126151589526],[-16.428910400563225,28.49145331398877],[-16.428684795986758,28.491777737423824],[-16.428549285678823,28.491864981445772],[-16.428520866007748,28.491954520399904],[-16.42867424360699,28.492103194444752],[-16.42871779627218,28.492181570972058],[-16.428697921023197,28.492252446474218],[-16.42811487734083,28.492643684059214],[-16.428001288473403,28.49263682708451],[-16.42789224231775,28.492439221747123],[-16.427732858566262,28.492462105023613],[-16.427578721396486,28.492422425102713],[-16.427509557315386,28.49248667023101],[-16.427502046272824,28.49259049274807],[-16.427395383441,28.49269446307014],[-16.42729081271448,28.492684397133097],[-16.42704555715927,28.492467454547718],[-16.426976120516215,28.492534247355707],[-16.426894629856434,28.49287602641295],[-16.427002788723744,28.493929718635165],[-16.426988974559908,28.494166483969025],[-16.426929321219767,28.49424524964635],[-16.42653522751265,28.494471918616323],[-16.426370006301347,28.494642891483632],[-16.426034692649406,28.495313365633343],[-16.42594227652253,28.495654401366494],[-16.425909828858785,28.49621664505584],[-16.425836927173883,28.496299493247935],[-16.4258532040428,28.49723292475472],[-16.42615259566559,28.49725700312018],[-16.42615544681643,28.49737863163551],[-16.426301840336443,28.497609266206613],[-16.42623894296024,28.497627777943865],[-16.425985733631304,28.497400511347994],[-16.425802497591363,28.49746064574632],[-16.425704686248668,28.497690052187647],[-16.426124573177873,28.497829164000887],[-16.426608525583493,28.49810943151647],[-16.426689891778757,28.498200109987366],[-16.42676811746895,28.49841805728807],[-16.426717339140346,28.498557540865548],[-16.426598215616988,28.498644764515625],[-16.426406348312234,28.49869754465684],[-16.426256261637235,28.49867330805203],[-16.426095625316247,28.498757997670904],[-16.425889508383648,28.498734222251937],[-16.42584343776335,28.49882957752261],[-16.425818205364486,28.499300871501944],[-16.425942261054196,28.499315192359024],[-16.426012812812807,28.499504204889085],[-16.426086386023872,28.499557005875996],[-16.42633493428034,28.499518567815645],[-16.426447684046646,28.49964023411063],[-16.42658430651527,28.499650009187764],[-16.426672797883004,28.499725730431088],[-16.42670230120394,28.500286827163766],[-16.426541639206473,28.500443429624113],[-16.426446342227567,28.500492966938893],[-16.42636346498435,28.50047160800843],[-16.426196526265226,28.50024662242522],[-16.4261617902882,28.499836371850773],[-16.426117600153276,28.49980111422686],[-16.42534090751915,28.499705302369293],[-16.42486036238056,28.499794545802057],[-16.424639074354335,28.500026464458806],[-16.424446888243292,28.500546375729776],[-16.424459900694938,28.50079180344056],[-16.424733394290868,28.50108136786988],[-16.424665277950577,28.501434792102575],[-16.42467168939833,28.50155080577976],[-16.424783215780195,28.501554771810564],[-16.42476846322235,28.501755536494006],[-16.42441886682015,28.50184797229756],[-16.42382254781168,28.501753158407862],[-16.42328594604826,28.501506121708953],[-16.42306514099396,28.50135505241691],[-16.42295001565089,28.501241223908682],[-16.42283261815726,28.50097858601398],[-16.4227174860282,28.50097767049939],[-16.42164643353606,28.50010104293076],[-16.42163240261403,28.49996281668034],[-16.421809378497976,28.499868069748658],[-16.42202497674576,28.499518419319145],[-16.422046316220367,28.49914868986289],[-16.422000093747997,28.498938112220955],[-16.422104974623764,28.49884134857053],[-16.42234599928572,28.49844377899545],[-16.422526177375996,28.49767929816738],[-16.42245692497334,28.497348178593104],[-16.422318612270406,28.49722507054976],[-16.42236194729047,28.49692476661157],[-16.422335006003763,28.49666716492232],[-16.422194218161216,28.496527765208317],[-16.422276042893067,28.4964282554078],[-16.42204853323851,28.495974299098915],[-16.421681492960108,28.49553845327129],[-16.421625930018624,28.495360228815766],[-16.421638763834558,28.495282668083703],[-16.421814109589874,28.495192631393994],[-16.422054258115278,28.494781254026954],[-16.42196417006584,28.49436866562816],[-16.421776726639855,28.4941878588463],[-16.421795874280708,28.493964765164918],[-16.42204864366794,28.493878539147865],[-16.42246961493621,28.493602505057368],[-16.42260515821282,28.493292684214236],[-16.422833485246635,28.493145828997353],[-16.423024331460883,28.49292758524929],[-16.42321508568876,28.492912781367334],[-16.42351699725724,28.492214306599774],[-16.42317383606519,28.491874180140332],[-16.422519249369675,28.491088819329466],[-16.421945234185205,28.49068777844364],[-16.421330029326242,28.490098753017364],[-16.421291967592072,28.489971490594062],[-16.421400782194212,28.48966033970073],[-16.42139227402976,28.48947514282613],[-16.421362975501932,28.489415612600027],[-16.421229070121722,28.48935600285323],[-16.421395511586983,28.489156350526052],[-16.421620435269,28.48932874288704],[-16.42173034007124,28.48966091838652],[-16.422131301778684,28.490042403710024],[-16.422275304222822,28.490054976234948],[-16.42254575902806,28.4899749813045],[-16.422588436855346,28.49002660962222],[-16.42312630450927,28.49011971426974],[-16.423890104878172,28.490389102498806],[-16.424578039125016,28.490721699171093],[-16.425341650501913,28.490872265339853],[-16.42537842833863,28.490957564130838],[-16.425579456038545,28.491070526151507],[-16.42595411384835,28.490960460917556],[-16.426336949814914,28.490995252181925],[-16.42641687364738,28.49044343026942],[-16.426711013704953,28.489943185840318],[-16.426731170616684,28.4897252975369],[-16.4266207304097,28.489525404191202],[-16.426801888004615,28.488674410921256],[-16.426726356279378,28.48813657574138],[-16.426767558439096,28.487970496302022],[-16.427040364727635,28.48758445331571],[-16.427082277005788,28.48685539616138],[-16.427209323423586,28.48666890330817],[-16.42777124492273,28.48623545354356],[-16.428457532527812,28.48594079730987],[-16.428735997876878,28.48543873694907],[-16.43009313858744,28.48514724252785],[-16.430259890575794,28.48503147399485],[-16.430683335657637,28.484918103260163],[-16.430858815951797,28.48474366918105],[-16.4319297258743,28.484248250383168],[-16.432497222490646,28.483529946942554],[-16.43251131788319,28.48326651790907],[-16.432765524442267,28.483029855532536],[-16.432913577982834,28.482940874406314],[-16.433565909387703,28.482804895211014],[-16.43409918302377,28.482559392623536],[-16.434210985412165,28.482473386238038],[-16.43420096515534,28.482385731799013],[-16.434294683793674,28.48226772355952],[-16.435062620713566,28.481885177078105],[-16.435135877996725,28.48182004575885],[-16.435176373205195,28.48168212981532],[-16.435701564943457,28.48149229207721],[-16.435775009225402,28.481441788147805],[-16.435849968980417,28.48124206513278],[-16.435941465840145,28.481187300138682],[-16.436018622022114,28.481270743590592],[-16.43610197317537,28.481229981239746],[-16.436521732589846,28.4808428912831],[-16.43676555673921,28.480414492354093],[-16.437254102052684,28.48037719029567],[-16.43825591102322,28.479924961899783],[-16.43854363165639,28.47996864991042],[-16.438714680229825,28.47986207279814],[-16.43894681509723,28.47988729230794],[-16.439040092610046,28.479678374431113],[-16.439279336481437,28.479538362658257],[-16.439495685114778,28.479584834841475],[-16.439741546189456,28.479782119441413],[-16.43998831990647,28.47988774403021],[-16.440786571105082,28.480180599063857],[-16.440917125187678,28.480176291361783],[-16.44110634387689,28.480291008912552],[-16.44136288772759,28.48035730704475],[-16.441811701584466,28.480376496578575],[-16.441956865568585,28.480446092851746],[-16.442077382190867,28.480222490470616],[-16.442327816141084,28.47994778156023],[-16.442806837525094,28.479609203816413],[-16.443128558547414,28.47951510523175],[-16.443134542039285,28.479436063142447],[-16.442950950345004,28.479174731719336],[-16.44276476327864,28.47859162882069],[-16.4425747132191,28.478374245338863],[-16.442576418367516,28.478239663088175],[-16.44265659606974,28.478165682045887],[-16.44255077994462,28.477236209135967],[-16.442262505746942,28.477046449030464],[-16.442199454492858,28.4769510345849],[-16.442247879789225,28.476663467801956],[-16.44242311908717,28.47631056872856],[-16.442318820787953,28.47616832949227],[-16.442538109546202,28.475940754825256],[-16.442320954812125,28.4754164891005],[-16.442410418219016,28.475214181126393],[-16.44224567925057,28.474969272609385],[-16.442204743996044,28.47477922303887],[-16.44230405230757,28.4746565294124],[-16.442461811218163,28.4745997306581],[-16.44307002461929,28.474560200268098],[-16.443238911967633,28.474520376057523],[-16.44347684690755,28.47436573241775],[-16.443709146058705,28.47431646207038],[-16.44377808043542,28.47406415557653],[-16.443693600654548,28.47382224131211],[-16.443734002536992,28.473678475755534],[-16.44392946482836,28.473515500890183],[-16.444697486155487,28.473276246701175],[-16.445445304392095,28.473239049250235],[-16.445479642361217,28.473168469004158],[-16.445373416592634,28.472990143103935],[-16.445389714427357,28.472785419235915],[-16.44561710722266,28.47203470146443],[-16.446023004573668,28.471465992243804],[-16.446159369157566,28.47137093383539],[-16.446402887831475,28.47136834388858],[-16.44671724507296,28.471253837807136],[-16.446771293184803,28.471117994682817],[-16.446808956376035,28.47066866772611],[-16.446686624788615,28.47063089954852],[-16.446572938340445,28.47050648863092],[-16.44654446611973,28.470360521774772],[-16.446600652264276,28.470140226193422],[-16.44720159392785,28.469638869026785],[-16.447721419287536,28.469438222607327],[-16.44784387062459,28.469467622348336],[-16.44820417083192,28.469404039797634],[-16.44842528848282,28.4691994054858],[-16.448504650545846,28.46887105380586],[-16.44880790387397,28.468250362150453],[-16.449669961495278,28.468330820729964],[-16.450716758249964,28.468213346562106],[-16.450992651632635,28.468099752394064],[-16.451336651650873,28.467767040715252],[-16.45148819673398,28.467399456032698],[-16.45201980163582,28.46670525729289],[-16.45211779853713,28.46665682927049],[-16.452552256148955,28.466641179128278],[-16.452772338524404,28.46631934028124],[-16.452954600686237,28.466174435850352],[-16.453259767912744,28.465801237003525],[-16.453267220193844,28.46528600540607],[-16.45320919184702,28.465038345292346],[-16.453567586151884,28.46502358513824],[-16.453901733881132,28.4648968668726],[-16.453823264552227,28.46451563537851],[-16.45346789440537,28.464265850087045],[-16.45346615091076,28.463473964057226],[-16.453406133276697,28.463374601483086],[-16.453409081851202,28.46315852133819],[-16.453228925043163,28.462820074234138],[-16.453191757964508,28.462622280912957],[-16.45310613506204,28.462495382850136],[-16.452737039678055,28.46236895648724],[-16.452699431713977,28.462157188803126],[-16.4525227881059,28.461931568407568],[-16.452532294849554,28.461780647682623],[-16.452844668198942,28.461524457971773],[-16.452992423796445,28.461201080820466],[-16.45323374141126,28.46096315733838],[-16.453482240137767,28.460486344762725],[-16.453435882537935,28.460245355308395],[-16.45317090689883,28.459945599437614],[-16.453070137344824,28.459730542381504],[-16.453161753946468,28.45912831248493],[-16.452911846282145,28.4588656226741],[-16.45283692442614,28.45870471952911],[-16.452887830839142,28.458492835617502],[-16.45299120234281,28.45832161750819],[-16.453058342851843,28.45825663358407],[-16.453224787914067,28.45824863612114],[-16.453439715494383,28.458165440794694],[-16.453883283261998,28.45816882314062],[-16.45400818902649,28.458124709110933],[-16.454089196838257,28.458014549287363],[-16.454034942413095,28.45772903373518],[-16.454085804746615,28.457527952433413],[-16.454468960504308,28.457087222041444],[-16.454679996918205,28.456986591884224],[-16.455237171702937,28.45687449731588],[-16.45593745448475,28.456839958014193],[-16.45619082732744,28.456910969637587],[-16.456632223354337,28.457147394222947],[-16.456884865242227,28.457201880634955],[-16.457637898026125,28.45681061728899],[-16.458211432084696,28.456355048085463],[-16.458463616102915,28.456236408260832],[-16.458744379253485,28.456174003683188],[-16.45935707134832,28.456089644878237],[-16.460153233282092,28.456185124432512],[-16.46062540162387,28.45611534557227],[-16.461358187564922,28.456290494781626],[-16.46145455698068,28.455634491564357],[-16.461518351157434,28.455476318520823],[-16.46168588565503,28.45525033545457],[-16.46182680726554,28.455242593883344],[-16.462446050281002,28.45434380894205],[-16.462757452635763,28.454094527483978],[-16.46327261356957,28.453951445019413],[-16.463400049516174,28.453654232125555],[-16.463553906672182,28.453473699905242],[-16.463854025349477,28.453273002104403],[-16.464163110130265,28.453219135442325],[-16.464332752229435,28.453065236973806],[-16.464535278075182,28.452778135156414],[-16.464641310532762,28.45277320311342],[-16.46523924319247,28.45192391248301],[-16.465495582495066,28.451407444006513],[-16.465506666251425,28.45114487535198],[-16.465691669764723,28.450720598977053],[-16.465710122523408,28.450326004262045],[-16.466149511911414,28.4499253397105],[-16.466456809809255,28.44929135535406],[-16.466521207001,28.449232621012335],[-16.466746630649492,28.449387472950104],[-16.46772659696443,28.449078732241333],[-16.467891959108755,28.448948469130517],[-16.468439476345406,28.448155481877116],[-16.468697652981884,28.447993514037215]]]]}},{"id":"124","type":"Feature","properties":{"categoria":"Paisaje Protegido","nombre":"Las Lagunetas","codigo":"T-29"},"geometry":{"type":"Polygon","coordinates":[[[-16.477331028069933,28.402996245474156],[-16.477053511203295,28.402972180113547],[-16.477050225451617,28.402735306558043],[-16.47666249968975,28.402561264903785],[-16.476400855156573,28.402577639098755],[-16.47624541002277,28.40247779152861],[-16.47608574485387,28.4026487429449],[-16.474449707976202,28.402713846163255],[-16.47409192672163,28.402559779410375],[-16.47366699061445,28.40248540812265],[-16.473533722985973,28.402351473217387],[-16.473430881930774,28.402318741619748],[-16.47330030993578,28.402448762097784],[-16.472968106704577,28.40324430963731],[-16.472852532410144,28.403236534418195],[-16.47269683981249,28.40311863517467],[-16.472451617509595,28.403031035348427],[-16.471915890264967,28.402948831240895],[-16.471972403270527,28.403252818377013],[-16.4719505117414,28.4039073763552],[-16.471686618771788,28.404061399009382],[-16.47168212537283,28.404151698788944],[-16.471906493682827,28.40443807799596],[-16.472209929412205,28.404606275532938],[-16.472284179450128,28.404901045567183],[-16.47223457864834,28.405235511208588],[-16.471799156406284,28.405210885884276],[-16.47131833173737,28.405547754540795],[-16.47094105066714,28.405021604048404],[-16.47089154122252,28.40476266648211],[-16.470474594946594,28.404713018220715],[-16.470071096057872,28.404505283823067],[-16.469873738352767,28.404719504447378],[-16.46992203815757,28.40486789772148],[-16.470039389513477,28.405004264237295],[-16.469954594830696,28.405077380489697],[-16.469542654374507,28.404743383889336],[-16.46908034352636,28.40473483390184],[-16.468436073391924,28.404947103757472],[-16.468422927282933,28.405057803326734],[-16.46812322826743,28.405252818399934],[-16.467174243646024,28.405481904602205],[-16.467034131896348,28.40612419824893],[-16.46659476001462,28.406693001243333],[-16.46640908683174,28.407107900390432],[-16.466377245045713,28.40766780132695],[-16.466133396326605,28.40781934147175],[-16.465878458911924,28.407767935115473],[-16.46553238159124,28.407514443651703],[-16.465300640374036,28.407780922468174],[-16.464924270459196,28.407852660153075],[-16.464603250349004,28.40805240969385],[-16.464095275870733,28.408482053245375],[-16.463969766649537,28.408749644019412],[-16.463598947637088,28.408970233186537],[-16.463873640253478,28.40990138188105],[-16.463985764079304,28.410771101731825],[-16.463808563445646,28.4107594690006],[-16.463428835539943,28.411724726977788],[-16.462385306343485,28.412042792458223],[-16.462770935082002,28.41150616760504],[-16.462046512430355,28.411507178749456],[-16.46148721241082,28.41173204230229],[-16.461321274697912,28.412564135653863],[-16.460309047429735,28.412281677995352],[-16.46041054214679,28.412727333778534],[-16.45975609560011,28.4133886737662],[-16.459414266807425,28.413631504087252],[-16.458721896688477,28.413970597082287],[-16.458331083352288,28.414480191154656],[-16.458208100771923,28.414537915406573],[-16.457961517126094,28.414608244509242],[-16.45758393155847,28.414476909931984],[-16.45729857777885,28.41444160745217],[-16.456687888682364,28.414549674991687],[-16.456461881918003,28.414678444694207],[-16.456337612167367,28.414968578490907],[-16.455506268605394,28.415480619658474],[-16.455412832108976,28.415716272198036],[-16.455114170273642,28.415827766064158],[-16.454998607036003,28.415495070674595],[-16.45466133586931,28.41523243255888],[-16.45451791156351,28.414938391205744],[-16.454314855578392,28.41508947511991],[-16.454174805672366,28.415415876226163],[-16.45424415024353,28.4156114325524],[-16.453935648958712,28.41582004928184],[-16.453769705699465,28.4158624343492],[-16.453344654744658,28.4158060522726],[-16.452932103146537,28.415823992959467],[-16.452493061622086,28.41600466769563],[-16.45110277189091,28.41632860344937],[-16.450793649661374,28.416234877224042],[-16.450699447516964,28.416134347970328],[-16.450667938901454,28.415999306368608],[-16.450717941690336,28.41564228001314],[-16.450172762825662,28.41604068189729],[-16.449934112435773,28.4162959278583],[-16.449476478679237,28.416517404223256],[-16.447674052328495,28.416398946831514],[-16.44739389051504,28.416253010209115],[-16.44715566632454,28.415883254496194],[-16.445992940408967,28.415394710995837],[-16.44505790182005,28.414499864738136],[-16.444754723132135,28.41491372716333],[-16.443141679702247,28.41669074146085],[-16.44185374646563,28.417861864827742],[-16.441284041560312,28.418125114273966],[-16.44040746929323,28.418838354360414],[-16.434828293841477,28.421995160214077],[-16.434480409818008,28.42229214469281],[-16.434417268827215,28.422459775856588],[-16.433317128260008,28.423563410288864],[-16.430988308744052,28.42620521385177],[-16.430410595449477,28.426779872368755],[-16.43029236257242,28.427074433240254],[-16.430183931258888,28.42717259326126],[-16.429691950207058,28.426934081374867],[-16.429278741994313,28.426906832473644],[-16.429271868291114,28.427155097293603],[-16.429116227766592,28.427610247058404],[-16.429042917221974,28.42811417086796],[-16.42891693856982,28.428212514139656],[-16.428451797542255,28.42835728656794],[-16.427981771268566,28.428684868742074],[-16.427438347998716,28.429177928763558],[-16.42708346467928,28.429432098910894],[-16.42683170078862,28.429572372388275],[-16.42622905865983,28.429718578702484],[-16.426203697536632,28.429849709697145],[-16.426315894901986,28.430150877913196],[-16.426912925783164,28.430751564303673],[-16.427252690771546,28.431296282079558],[-16.427531025860795,28.431518992809547],[-16.428928757142266,28.431443406102122],[-16.42906955973422,28.431545717426967],[-16.4292279158417,28.43190957453582],[-16.42938816466621,28.43198686205384],[-16.42974741075658,28.4323418397216],[-16.430394584471713,28.432350833950522],[-16.43119532159212,28.432746293002385],[-16.431949625721167,28.432844404953443],[-16.432225731994386,28.43294738932143],[-16.432627412430197,28.43282824716943],[-16.434087745068204,28.43289860716707],[-16.434681271485182,28.433140544227683],[-16.43491644215957,28.43354419759877],[-16.4346772552256,28.434214581458946],[-16.43412348241165,28.435028170268403],[-16.433756248487985,28.435431403113604],[-16.43356383911714,28.435974939995848],[-16.433255272335543,28.436564825795372],[-16.432279293661736,28.436687915308582],[-16.432048469918854,28.436606861541463],[-16.432011325853857,28.43685770083019],[-16.432297190205798,28.437021658190865],[-16.432272473435244,28.43720016538971],[-16.431872957495774,28.437624039773546],[-16.432305503437338,28.438420471631133],[-16.4316748063664,28.43852412871034],[-16.4312958244661,28.43871989998775],[-16.431194720510234,28.43881798387064],[-16.43086232658496,28.439417140309672],[-16.432092193683356,28.439853205327807],[-16.432003714406626,28.440296369507674],[-16.432141402514862,28.440497986733675],[-16.43212923585808,28.44160820989267],[-16.431645750038463,28.441816363572116],[-16.430890742240067,28.441907787543997],[-16.430416311601025,28.44179319203218],[-16.430268942763437,28.4418917615989],[-16.43028681980859,28.442200685643225],[-16.430414325139456,28.442641578499494],[-16.430293433906133,28.44288201613088],[-16.429495302829388,28.442163877060807],[-16.42939677195369,28.441812930535963],[-16.4293575296848,28.441172555742824],[-16.42940528915193,28.44076140886279],[-16.42931620993054,28.44040133772012],[-16.429118771048444,28.440383104710033],[-16.428458515040322,28.439855295560797],[-16.428302242857427,28.439552336239462],[-16.427680774147415,28.439583676790352],[-16.427205292780965,28.439484874767746],[-16.426739828108254,28.439300226857874],[-16.42643778055083,28.43923796068973],[-16.425131943009088,28.439154621389893],[-16.423611205286655,28.43898777850332],[-16.42308879587214,28.439315892837886],[-16.42262825357351,28.439212405852537],[-16.422670389381796,28.43964291799413],[-16.42251937272654,28.439707672986223],[-16.422215571066182,28.440062830618643],[-16.42220253780797,28.440209626103805],[-16.421881271389783,28.440953048551947],[-16.421237009296,28.441523852976374],[-16.42088533598235,28.441640340311466],[-16.420778411375743,28.441781347141],[-16.41965107019018,28.442641480694835],[-16.419799316493144,28.44334841122428],[-16.420174047711356,28.44431245192141],[-16.42103580781238,28.445497035365648],[-16.419611518280433,28.44708679733382],[-16.41889282844633,28.446579858402103],[-16.41777643315861,28.44561000656722],[-16.417179003841138,28.444982210679402],[-16.416945772949415,28.444673270515505],[-16.416593839978518,28.44501086699639],[-16.416121893726732,28.445250434579016],[-16.41580636404614,28.445350738912765],[-16.415696796374345,28.44531803446492],[-16.415564942311388,28.44507346972197],[-16.41533353267211,28.44480512111392],[-16.414144537749888,28.44547406644278],[-16.413801877567025,28.44562203043673],[-16.412727202676578,28.446490586528224],[-16.412139044793985,28.44679903617914],[-16.411928978038766,28.4469839765031],[-16.411620599124213,28.447142860924572],[-16.410898373805697,28.44780919166324],[-16.410229669611137,28.448156825644322],[-16.409856513981943,28.448244175956564],[-16.40964742657038,28.448214754175147],[-16.40855612251148,28.448555476324245],[-16.406607703168863,28.449042688194467],[-16.406400348248923,28.449071907385612],[-16.40620851015136,28.449019739007092],[-16.405366033457515,28.44896977992904],[-16.404844143095815,28.44934520336881],[-16.404956581243127,28.449691512974493],[-16.405602093070065,28.450483576624322],[-16.40575662979308,28.450924215159255],[-16.406475810407972,28.45219384883182],[-16.4065882478439,28.45251533743932],[-16.406337240763854,28.453804023938147],[-16.406575000597986,28.454528094642843],[-16.40677861969233,28.45585494992976],[-16.4067980106389,28.456042022288152],[-16.406677067128854,28.456476482530352],[-16.40668673745017,28.456580172319505],[-16.406893994615388,28.45724138101355],[-16.406911668609105,28.457563849023945],[-16.407026145476657,28.458038744100378],[-16.407602232605495,28.457897406134627],[-16.40751375841439,28.458349581376595],[-16.407292927695675,28.4588324578261],[-16.407163253805347,28.459571608991517],[-16.40690751887585,28.459973619172874],[-16.40681379741395,28.460294982910213],[-16.405789792372264,28.46059437617127],[-16.405544852301702,28.460558550349695],[-16.405544668981936,28.460689417588878],[-16.405406096213476,28.461094726964713],[-16.40519044363742,28.461342891600605],[-16.40527621171505,28.46138487519421],[-16.404927546694086,28.461469703755345],[-16.404670896464452,28.461465585549263],[-16.404364149570505,28.46138978252515],[-16.404077736011804,28.461548424059842],[-16.403722039432097,28.460545785610645],[-16.403380941642794,28.46028531814483],[-16.403142516895933,28.45963119438631],[-16.402827295738945,28.45927569382257],[-16.40255150867528,28.458861122031593],[-16.401952602581186,28.45838670373208],[-16.402027574968695,28.457997847129953],[-16.40182857238249,28.457645658673897],[-16.401689470675375,28.45685061742823],[-16.401914677237222,28.455512565697145],[-16.4020722247271,28.454150391484596],[-16.40183160644644,28.453545925605177],[-16.401331654671072,28.45299828199105],[-16.4010752140002,28.452863288696662],[-16.40108028406758,28.452666938045216],[-16.4008950565125,28.452172458612026],[-16.40087759498698,28.451549898439623],[-16.400775526831474,28.451214760019603],[-16.400466471988082,28.451348807381418],[-16.399239917328448,28.451553213712234],[-16.398205071040127,28.451969988023713],[-16.397211510637995,28.452444994588145],[-16.396779180648778,28.452426870921798],[-16.396372583029805,28.45252129708616],[-16.39471879136286,28.453510729889288],[-16.394602608974484,28.453484845261734],[-16.39451370318195,28.453275920057603],[-16.393397555980396,28.452387089669696],[-16.392247253200505,28.45195888608417],[-16.39149897315723,28.4515491243469],[-16.39132736235581,28.45165241338074],[-16.3913128911351,28.45179019624271],[-16.391533279213117,28.4521218759995],[-16.391190561946125,28.452757147554333],[-16.39090955651173,28.45296308863254],[-16.390626365208256,28.453002084607668],[-16.39009752456956,28.452851803936255],[-16.389714579729556,28.452510500879196],[-16.389449455064447,28.451856622609146],[-16.389001504685087,28.450667608385587],[-16.388783296395783,28.449476247352674],[-16.387987016505207,28.449518217696554],[-16.38703584050296,28.44911050012136],[-16.386147013554183,28.448271184700175],[-16.383779557695426,28.446512424660924],[-16.383868274472455,28.446414410590272],[-16.383867960578804,28.446264811077285],[-16.383802769309977,28.445832478209393],[-16.383563052416125,28.444969817524033],[-16.383639391040305,28.44438847324068],[-16.383996293274315,28.443719564461375],[-16.384083430632046,28.442981424271018],[-16.382312698639012,28.443781064040817],[-16.382234682386144,28.441986532295335],[-16.38103816159285,28.44137819338558],[-16.379669085207343,28.440823488448395],[-16.379166341301044,28.440465317181747],[-16.378596248422042,28.44032668924607],[-16.378147963159364,28.44008303466049],[-16.377954417324485,28.44006920034232],[-16.377130304810695,28.44017456432404],[-16.374931166323673,28.44074283084483],[-16.373326421432516,28.440368691352884],[-16.372981067625886,28.440360894518946],[-16.372687772567694,28.440282625696543],[-16.373009031969115,28.43993191109753],[-16.373549785648173,28.43994901742288],[-16.373302214894718,28.439606298655487],[-16.37322222318238,28.438650425016977],[-16.37351324704449,28.438182685610357],[-16.373524022339918,28.437954688244872],[-16.373151642591868,28.43790429427011],[-16.37256222285259,28.437725221641337],[-16.372622950078092,28.437609536664134],[-16.372541384448418,28.43690187366959],[-16.37282247514773,28.435664829394685],[-16.37330636137908,28.4346897283089],[-16.373441642433598,28.433923469336754],[-16.373463152379756,28.43326666189195],[-16.37364494186692,28.43284063832248],[-16.374131951889684,28.432034727229965],[-16.37444741178123,28.431262135428504],[-16.37446771803226,28.430907687413665],[-16.37441649785118,28.430425351123482],[-16.373518656675625,28.42921374198873],[-16.37249926820882,28.428075554267206],[-16.371273631334574,28.42803826744516],[-16.37138211166018,28.427716776126584],[-16.370324743101214,28.42773870616377],[-16.36958794572886,28.42760622899597],[-16.369017409533622,28.427352490369884],[-16.36685688850164,28.426613818605425],[-16.366857701745367,28.426403971751046],[-16.367085733476223,28.426148972941643],[-16.367091591903893,28.426058660907994],[-16.366700523358695,28.425841467340845],[-16.366167939038565,28.425312062931418],[-16.365863266161462,28.42511430673827],[-16.365840676170876,28.42504458713093],[-16.36589253049688,28.424908686997924],[-16.36584865477756,28.42482113031072],[-16.36504678254969,28.42446364760398],[-16.364898715037565,28.424212423084747],[-16.365133275291917,28.4238197257819],[-16.366127817726987,28.424200094431207],[-16.36694051232368,28.423885075534],[-16.36838176302256,28.422532592439396],[-16.368857588237994,28.422791799568774],[-16.369290767519708,28.421819477733],[-16.369409252040473,28.421432453522122],[-16.369121926435923,28.42124355522847],[-16.36894941057239,28.421200163406066],[-16.36906099319551,28.420747775262395],[-16.369189746884967,28.420638176599475],[-16.36947039675506,28.420556382299583],[-16.36960045693375,28.420573124623903],[-16.36992782924898,28.420775156974322],[-16.369896737656383,28.420540811477835],[-16.369938812888723,28.4204388532487],[-16.370049267919956,28.42037005186796],[-16.370217663879686,28.420366100853418],[-16.370038213185893,28.420081352833478],[-16.36949201450566,28.419608505983565],[-16.369102668531124,28.418730196313966],[-16.369355443132143,28.418441100185383],[-16.3691211617009,28.418084699585417],[-16.369385038174492,28.417592421948754],[-16.36988301935396,28.41746782701037],[-16.37041453654255,28.41677655363285],[-16.37060145644521,28.416774672168458],[-16.37081036338643,28.417018509159895],[-16.371493571256536,28.416686717373693],[-16.37191299683656,28.41672987486019],[-16.372720998839373,28.416254670764516],[-16.372833609279745,28.41652655134254],[-16.373107962823184,28.416650139327135],[-16.373330754339868,28.41668399363623],[-16.373541633994506,28.41683304055055],[-16.3736720529708,28.41712504765754],[-16.374121330659285,28.417355172405905],[-16.37446606063628,28.41739456310029],[-16.3751430499648,28.417866068950882],[-16.375779115351545,28.418157478550537],[-16.375862979627794,28.418179194383548],[-16.376292691413106,28.418030446371677],[-16.376406281078413,28.418081193649954],[-16.37649276568391,28.41823149327625],[-16.376499561896722,28.418362291564442],[-16.37688453265242,28.41791164614007],[-16.37761433065318,28.41795164680286],[-16.378240743496033,28.417915975005638],[-16.378537023360728,28.417982921656744],[-16.378696267251375,28.41813473943726],[-16.379228193746677,28.418266987956397],[-16.37923864829632,28.418409030595516],[-16.379735810947896,28.41804975019733],[-16.380041754460866,28.416647727395326],[-16.381554329906958,28.41663238807848],[-16.381684306002207,28.416249750186655],[-16.381429008243185,28.415309196444234],[-16.382350282416592,28.415527735385577],[-16.382838709282485,28.4157010255147],[-16.383135817918912,28.415709289389135],[-16.38331283251816,28.415608212841157],[-16.383346204825493,28.41518142839254],[-16.383953034098038,28.414818762612406],[-16.38479380489139,28.41444017726887],[-16.38513026608308,28.413771139348647],[-16.38475131020233,28.413797556942743],[-16.3843151816473,28.413695944219413],[-16.383732124729924,28.413972629552127],[-16.383430578185543,28.413720728814173],[-16.383350350715784,28.413365044469522],[-16.38338965054121,28.41302619637909],[-16.383929706057216,28.412975582162563],[-16.384226878461323,28.412498733269185],[-16.38441429949186,28.411849262558928],[-16.38444726368195,28.41144053251007],[-16.384717560921473,28.411031645601845],[-16.385017527078787,28.41103987663433],[-16.38520359463016,28.410311447263172],[-16.385818435693302,28.409856182930113],[-16.385334190389163,28.40921805718336],[-16.38535054284001,28.408489097578293],[-16.385231063367634,28.408009715499023],[-16.385425297348547,28.407615138907712],[-16.385687957372518,28.407747846150116],[-16.386403325365748,28.40739534752288],[-16.386243277814643,28.407083347450914],[-16.386388015636626,28.40670958031103],[-16.38687408835486,28.406386489304747],[-16.387386127673757,28.406171435729064],[-16.388062502183928,28.40640145785586],[-16.388353394628076,28.406179629179633],[-16.38814597116307,28.406050876690024],[-16.38793847282512,28.405353530604838],[-16.388192635217944,28.40517720312578],[-16.388661592915497,28.405181447596302],[-16.389015936403098,28.40459118959306],[-16.388636315504257,28.404294969440123],[-16.3884824949774,28.403800146037522],[-16.388719069018087,28.403400620707426],[-16.38926409268676,28.403074664151006],[-16.389579369578495,28.403060166256044],[-16.390662929003827,28.403475552253674],[-16.390764387985023,28.403379750619358],[-16.390413301938032,28.40282602295213],[-16.390360003681785,28.402506168871426],[-16.390001254576276,28.402171381752126],[-16.389742838025747,28.402045408202664],[-16.389984351559143,28.401897193803585],[-16.390397019045945,28.40250493360381],[-16.391544602125293,28.403115345577294],[-16.392734438448606,28.403516813072972],[-16.39421579312415,28.403928444887413],[-16.39553109474985,28.404458341484812],[-16.396640349846134,28.404823785540696],[-16.397924302242277,28.405320685584407],[-16.399138728032643,28.405713874031285],[-16.399662929839963,28.405821772967744],[-16.400146327565313,28.406004511787955],[-16.401072656315993,28.406182358883523],[-16.402777885164046,28.406712341338114],[-16.40395890273181,28.4068353066273],[-16.404447076033428,28.40696984887269],[-16.405283120166523,28.407040718969508],[-16.405446861285782,28.407103505732493],[-16.405992268274726,28.407414048978602],[-16.406254470853614,28.407900185932373],[-16.406495892313863,28.40814674480012],[-16.40749038732752,28.408738590042482],[-16.408315243344575,28.409390061099053],[-16.408873901570445,28.409902828387086],[-16.409183732967684,28.410081273790674],[-16.409582552344954,28.410215403952588],[-16.4099337815128,28.410239926645136],[-16.410504757142654,28.410064320981405],[-16.411424608828575,28.409940765164738],[-16.41157013490005,28.409993390190184],[-16.411691149385312,28.4102043734207],[-16.411980407823805,28.410399027339608],[-16.412609871426675,28.4105426520617],[-16.413222462505324,28.410533994540156],[-16.4136398386022,28.41042157608524],[-16.414285896649005,28.40979951788344],[-16.41443940432558,28.409728302817474],[-16.414850152928512,28.409597592249735],[-16.415231705092935,28.40953589303859],[-16.416260566772852,28.40914320352778],[-16.416652668812933,28.409102040413206],[-16.4172152265293,28.409148109227818],[-16.417760441521654,28.408846180767597],[-16.41794286871688,28.408822855503217],[-16.418493366895802,28.408825019538714],[-16.420046340628765,28.409062145553253],[-16.42115845277142,28.40868932749035],[-16.42147536251131,28.408425795528675],[-16.421763854005974,28.40800719929684],[-16.42205674767246,28.40742543456508],[-16.422397752282873,28.406994646161177],[-16.422480372608533,28.406772394387676],[-16.422507460773428,28.40650023550337],[-16.422449929613073,28.405479352078483],[-16.4225605706412,28.405054850030073],[-16.422680906852122,28.404863278029257],[-16.423962491623104,28.404038137457178],[-16.424421941842194,28.40393234971406],[-16.42452194169891,28.40386139440706],[-16.424460928204844,28.40307358873837],[-16.424077321595476,28.40145834778222],[-16.424119954894017,28.400952994528637],[-16.42467938944058,28.399354127695545],[-16.424650636215045,28.399252587722852],[-16.42386509297664,28.398283657624372],[-16.42368257960082,28.398157055039796],[-16.42326980798917,28.39802073742881],[-16.423605212352278,28.39756519447387],[-16.42419889205229,28.396380816228884],[-16.424332838942295,28.395975319786636],[-16.42637314844298,28.39571877317495],[-16.427008262756004,28.395683024022084],[-16.427661614747276,28.3953730928495],[-16.42860937690757,28.395363156576753],[-16.428860346821615,28.395282934440495],[-16.429251989667254,28.395070307003515],[-16.430043201658524,28.394826805888684],[-16.43227844756299,28.39480816890145],[-16.43355298625616,28.39465171244855],[-16.43388560761899,28.394531822481543],[-16.434739006346092,28.3940257731948],[-16.43537324855688,28.39351960932317],[-16.4375370863162,28.392272324035886],[-16.437777278174163,28.39220674815816],[-16.43843546617944,28.391853069516692],[-16.438702914569056,28.3917775111678],[-16.439597369688,28.391743685092212],[-16.44103968561688,28.39116845824444],[-16.441603275224743,28.391114003176504],[-16.442244456052812,28.390719268424057],[-16.443336854923857,28.390244841958037],[-16.443802954484855,28.390094164194046],[-16.444427066253766,28.390058451356044],[-16.44539056840106,28.39040465572411],[-16.44580124808776,28.38998325269215],[-16.446612281342617,28.389591550813066],[-16.447053996118374,28.389438954971528],[-16.447442283486467,28.389386337879255],[-16.448237987872083,28.38947971301983],[-16.448524883705403,28.38962699559335],[-16.448803277767798,28.38955129230401],[-16.449587637688598,28.388810699164193],[-16.44963007933201,28.388708407335816],[-16.449519235262652,28.388212524301693],[-16.449515211585553,28.387916757436727],[-16.449615467575697,28.387634429692586],[-16.449787695885878,28.387407102697892],[-16.450238068960356,28.387087104734775],[-16.45092439469654,28.38679368101989],[-16.4515135027424,28.386603138928677],[-16.452016112552357,28.386498361980934],[-16.452561321757482,28.38603227638462],[-16.45339432878422,28.385428226100863],[-16.45364159079323,28.38505360894619],[-16.454104847169866,28.384655430471742],[-16.45416948448566,28.38454846082492],[-16.45430082199526,28.383695320480864],[-16.45471518890957,28.383147770555105],[-16.455100999150176,28.38291572900395],[-16.455438960723118,28.382790884205],[-16.455799501212148,28.3827142986942],[-16.45635244151153,28.38268655802842],[-16.456881585466956,28.382520875969753],[-16.457126226996778,28.38238247620558],[-16.457411310644286,28.38199633544348],[-16.457549619972742,28.381694191167497],[-16.457830909778444,28.381031675921914],[-16.45798607625766,28.380359589171242],[-16.4580583120931,28.380233952868924],[-16.458822259046958,28.379612334942795],[-16.459150428511137,28.379173591019118],[-16.459515068072985,28.37852029722589],[-16.45972259949851,28.378240793716028],[-16.460713138526472,28.37720689298182],[-16.46103635323167,28.37645933160315],[-16.46111969306596,28.37576706537087],[-16.460948246609696,28.375021356542565],[-16.460908960507535,28.374650164757668],[-16.461010727005508,28.374150465786972],[-16.462123772660174,28.373918067835827],[-16.462606832388154,28.37363980768099],[-16.463238998581865,28.372899052482133],[-16.463276947847916,28.372506874349778],[-16.46354312044486,28.371854890998513],[-16.464199052758836,28.371906726142765],[-16.464949053749663,28.37209797879628],[-16.465319364089172,28.3722253594149],[-16.465931325019486,28.372538811324617],[-16.46610283534763,28.372892783940234],[-16.466645798265365,28.373189646336698],[-16.467038463004567,28.373486960163774],[-16.46757924853788,28.37407742182467],[-16.468076840904118,28.374843172930596],[-16.468270022857784,28.375014645738194],[-16.468621470934785,28.375491773832778],[-16.46864646734892,28.37578996664758],[-16.468855018276294,28.37619090916479],[-16.468993883216044,28.376685796317048],[-16.469035116319194,28.377078758655422],[-16.46913907306553,28.377158232673537],[-16.46920409369667,28.377320192177425],[-16.469323166282184,28.377410215941914],[-16.469724696098034,28.377497671926168],[-16.470140607327437,28.377747352214858],[-16.470361830372312,28.37777607517944],[-16.470628776831084,28.378320823117647],[-16.47062964785447,28.378525964551862],[-16.47053255153385,28.378641415253878],[-16.470505406645252,28.378773782317158],[-16.470617891112926,28.37914052405566],[-16.471169201825315,28.37934471492102],[-16.47173589828139,28.37985746071603],[-16.471814838693195,28.38003381697134],[-16.471829194315134,28.380307060837776],[-16.471658249613068,28.380759821752804],[-16.47170577687592,28.381161351854196],[-16.47258103281224,28.38165345951006],[-16.473137072317133,28.382047200095602],[-16.473850901608483,28.38298300559571],[-16.474310049668986,28.38321330580631],[-16.47504360298014,28.384163078523606],[-16.47532316482945,28.38494601500304],[-16.475377443687645,28.38528266055987],[-16.475347431556237,28.386307329553897],[-16.475594802941693,28.38673131396389],[-16.47581101957297,28.387482480548247],[-16.475827937632747,28.387854376468056],[-16.476138188468184,28.387928992516777],[-16.476854493190405,28.387848676702994],[-16.477160093725708,28.387957356528617],[-16.477327721480485,28.38817757522022],[-16.47721225674745,28.38862518303562],[-16.47723210309566,28.388754478448895],[-16.47738542497495,28.388882028678815],[-16.477702658529264,28.388993297592076],[-16.477927785592726,28.38901913131357],[-16.478447384794126,28.38891984897714],[-16.47986081726753,28.38892026116572],[-16.48043243523994,28.38906727041505],[-16.48092573993312,28.389315839831255],[-16.48123878298577,28.389374204567012],[-16.481593118247627,28.389770877335327],[-16.482027944721594,28.38988039679304],[-16.48222289093851,28.390294640665825],[-16.48242102189055,28.390360416919545],[-16.48249775152331,28.390468433887733],[-16.482875095380923,28.39122558644311],[-16.483183153443317,28.391489141581122],[-16.48368189316785,28.39174930172891],[-16.483903796398184,28.39194837039],[-16.484189903286172,28.392063744285675],[-16.484247788833322,28.392232054639233],[-16.484371724395448,28.3923679220244],[-16.48517671723024,28.392389147737617],[-16.48550295756658,28.392448982980547],[-16.485926691203584,28.392428017241265],[-16.486155620799984,28.392553134944073],[-16.486387813192476,28.392756987748545],[-16.486582711773107,28.393180096819194],[-16.486805495416988,28.393429944152356],[-16.486916430203195,28.393453732858568],[-16.487299839001142,28.39329210447006],[-16.487553276074895,28.39326296588232],[-16.487654717628505,28.393397721978708],[-16.48763081062345,28.393561102708425],[-16.48766440487373,28.393607585132596],[-16.488252430088632,28.393694075608565],[-16.488443931016576,28.393905508104126],[-16.488824585010484,28.394680863961398],[-16.489048196102495,28.394974695642183],[-16.48924595767464,28.39556062690056],[-16.490036417371112,28.39610764853313],[-16.49058728235381,28.39635718512053],[-16.490850423895633,28.396624254781926],[-16.4914244384482,28.397375771520707],[-16.492424351226322,28.39811524624788],[-16.492753315118996,28.398646052684224],[-16.493098456553188,28.399402307868808],[-16.493401060521194,28.399836769890353],[-16.49363582009318,28.40035468999769],[-16.49361224019053,28.400596116702783],[-16.49417781046924,28.401073810915218],[-16.49431819476181,28.401271706883914],[-16.4941864919368,28.40132518135285],[-16.49397964922772,28.401710582872422],[-16.49392754853861,28.402023782964637],[-16.49381778482956,28.402157700625533],[-16.49351577478126,28.40225524355657],[-16.493152214006884,28.40247779008687],[-16.492942796425503,28.402698158738062],[-16.492654956666403,28.402854342857957],[-16.492335807522874,28.40314061397082],[-16.49173120754004,28.403479279114933],[-16.491123194997986,28.403653984307823],[-16.49047590718786,28.40358976249656],[-16.48969435065838,28.40373517884631],[-16.488766855821964,28.40367136919176],[-16.4877437828523,28.40396254314561],[-16.48592362208796,28.40364724933583],[-16.485883244376513,28.403599793707674],[-16.485069032487225,28.40363500059305],[-16.48485129695836,28.403428624216517],[-16.484551772408718,28.402992999087424],[-16.484291951526178,28.40289393759828],[-16.484150372116446,28.402549097296003],[-16.48386195784241,28.40234637740201],[-16.483716610927768,28.402133885549308],[-16.483556993586966,28.401642862939212],[-16.48334187949443,28.401299562639057],[-16.48291319351043,28.40095866788742],[-16.482379058038433,28.40139584682285],[-16.482299771943357,28.401268102029007],[-16.481982221238745,28.401163256387083],[-16.480287605085493,28.4017389849953],[-16.47991700051214,28.40224616210982],[-16.47957379095431,28.402475518640593],[-16.479365819598307,28.402498084261993],[-16.479292188366927,28.402731280532016],[-16.478721105747397,28.40322709423726],[-16.478510433537274,28.403583616913657],[-16.4781108076853,28.403655642950294],[-16.477860304719407,28.403371814208217],[-16.477382874192983,28.403399556792458],[-16.47739565295376,28.403194096905377],[-16.477331028069933,28.402996245474156]]]}},{"id":"126","type":"Feature","properties":{"categoria":"Paisaje Protegido","nombre":"Campeches, Tigaiga y Ruiz","codigo":"T-34"},"geometry":{"type":"Polygon","coordinates":[[[-16.626071274476324,28.376096761814914],[-16.62621129493152,28.376789106583935],[-16.626473776799685,28.377336982623582],[-16.626744722418096,28.377686392106106],[-16.62724119004678,28.378085108907964],[-16.627455415007688,28.379353421122914],[-16.627752892414524,28.379673568884773],[-16.628404398858116,28.380595274080445],[-16.628830964083438,28.38161215084861],[-16.629459889385235,28.38258134462407],[-16.629529593916246,28.382818573691903],[-16.629556327217887,28.383242305162074],[-16.629699766532593,28.383986360973463],[-16.62967114769316,28.38409822985948],[-16.629542164215614,28.38420971146519],[-16.629514947140613,28.384305881137767],[-16.629540145958057,28.384703051087474],[-16.629644382333126,28.385019781389456],[-16.629519593630366,28.38541588340618],[-16.629579989180396,28.385720360845347],[-16.629550477265724,28.386523801331467],[-16.629531184105073,28.386628854828974],[-16.62937380268423,28.38681570888575],[-16.629290132788483,28.387038673813464],[-16.62917240473645,28.38754104682201],[-16.629142433742516,28.388087070027037],[-16.629060284136308,28.388410218679386],[-16.629170159903857,28.388976762588587],[-16.629153492794313,28.389143783652894],[-16.629107384905073,28.389291945515804],[-16.628939090661664,28.38936889826222],[-16.628786267610824,28.389626604838885],[-16.628701319838182,28.389994486418228],[-16.62880430307379,28.39012273353575],[-16.62896955561167,28.390218685392906],[-16.629318161743555,28.39023816134674],[-16.630005219300305,28.390147004677416],[-16.63036415277722,28.390299830677595],[-16.630643240989148,28.390782049743052],[-16.630998239163198,28.39121556415075],[-16.631164950876872,28.392093726065465],[-16.63121089537746,28.392136332318582],[-16.631412010341684,28.392075353199406],[-16.63151334660335,28.392095717757538],[-16.631615863169632,28.39219313955944],[-16.632000689857882,28.3922995162193],[-16.632129047686547,28.3924922002206],[-16.632255516781527,28.39256159241116],[-16.632345224249203,28.392505024232324],[-16.632476412979567,28.392199787058694],[-16.633078904307556,28.39196135124671],[-16.63329477098226,28.391499412092465],[-16.633441986958406,28.39133117626261],[-16.633722487669715,28.391222990008853],[-16.63398051297204,28.391238396071778],[-16.634321451633696,28.391556760690946],[-16.634424907273825,28.391594867395558],[-16.634533317594464,28.391550157571825],[-16.634615623660896,28.391447009752582],[-16.634795129754533,28.391430551432432],[-16.63537977811288,28.391619289876616],[-16.63560621223451,28.391619657796287],[-16.63572454029918,28.391612073106394],[-16.635872557070478,28.391496231871734],[-16.63621397105868,28.391498295425677],[-16.636470353256033,28.39140735077337],[-16.636942731857445,28.39154348113296],[-16.63735468968319,28.3913751461793],[-16.63765525708844,28.391439354147593],[-16.638020133001092,28.391381017287433],[-16.638220274832864,28.391483423948088],[-16.63855210369592,28.391541090058876],[-16.639666318104172,28.392185875771048],[-16.640018372267903,28.39220013845979],[-16.640842053380403,28.39207461253367],[-16.64162616065234,28.392546084605556],[-16.641992819276183,28.392603322421543],[-16.642416004914324,28.392485700344253],[-16.642486092868566,28.392512606331984],[-16.642566323972833,28.392745930016478],[-16.642690080796473,28.392864674192197],[-16.642951780040192,28.392892346566292],[-16.643239681395343,28.392811802670227],[-16.64342458467305,28.392829606935294],[-16.644603987713428,28.393178195800672],[-16.645070081049592,28.393650100716524],[-16.645110402406964,28.393895039209713],[-16.644664906191146,28.394015422478393],[-16.64352127078125,28.394140491728695],[-16.64289355263742,28.39415851469057],[-16.64241348735269,28.394110841379504],[-16.64183497083696,28.393976596539467],[-16.63881967684184,28.392883523673913],[-16.638468168930224,28.392812693312163],[-16.638088127722042,28.39279966569692],[-16.637642654952202,28.39285808740616],[-16.636380107485262,28.39315000383298],[-16.63478178576432,28.39339593268911],[-16.633826667362303,28.39386741063393],[-16.633487816617787,28.393973770068595],[-16.6325382901775,28.394050393267378],[-16.6318651558268,28.39403859553367],[-16.63153314518391,28.39398337017026],[-16.63109039372665,28.393808899268954],[-16.630192010129125,28.39320353314513],[-16.629832762585025,28.393016145940052],[-16.629606751397613,28.392952247145953],[-16.62840675128,28.392857127062552],[-16.62789231203344,28.392571595249613],[-16.6271121831393,28.392022733680516],[-16.626605377483216,28.391784828576654],[-16.626494170088144,28.3918932353638],[-16.626346301624846,28.392422598119545],[-16.626172718450373,28.39269021535181],[-16.625864551235054,28.39293498164095],[-16.62532768659216,28.393199948162408],[-16.625105817406673,28.393408748198006],[-16.624883227209775,28.39408749459643],[-16.624646315881414,28.394345387652066],[-16.62463613116152,28.3944538244782],[-16.62478042566332,28.394595353662627],[-16.62484646566694,28.39478324687958],[-16.624807710763527,28.395089432417276],[-16.62467050256418,28.395412522449842],[-16.624460581029926,28.395628164211747],[-16.624415334894135,28.395768461462513],[-16.624451231708548,28.39588641132578],[-16.62151558033254,28.39599196393153],[-16.621528699569463,28.39568390026777],[-16.62205287900385,28.395010060082353],[-16.62247580713046,28.394722565586406],[-16.622725882062916,28.394664445277353],[-16.623144668436357,28.394122111283117],[-16.623163748796824,28.393979842919613],[-16.623044067042265,28.39371599461157],[-16.623233152941545,28.39311425245467],[-16.62328915762098,28.393071809369115],[-16.623459675723126,28.393109468238027],[-16.623600913213597,28.393084807818912],[-16.623816183836727,28.392806516796416],[-16.624117508189865,28.39259927138295],[-16.62426153800253,28.392138012361382],[-16.62414998990898,28.391829332164754],[-16.623176361258068,28.39212787985327],[-16.620995040010975,28.392286915541533],[-16.61798354400156,28.392928119058023],[-16.617546474537175,28.392971601918227],[-16.61533386691117,28.39289054355299],[-16.613483335156833,28.392942112375817],[-16.61302786719797,28.392859875587177],[-16.61173491285076,28.392421998832937],[-16.61132128239923,28.392445781050608],[-16.609791733545062,28.392759535817415],[-16.60933402404156,28.392746235560175],[-16.60820798450277,28.39252178421788],[-16.607810672177138,28.39238943232877],[-16.60751413123852,28.392446467245932],[-16.607078983053686,28.392325976065074],[-16.606793681569194,28.392187020142902],[-16.60674786886268,28.392099748990777],[-16.606898904747098,28.39169065919327],[-16.60657943647221,28.391616624236665],[-16.60639100281244,28.391610624791294],[-16.60604066383513,28.391690284344758],[-16.605039084681202,28.392206648868278],[-16.604691640794336,28.39196855188399],[-16.60445766665844,28.39194679641127],[-16.604161831698985,28.39161025197659],[-16.604153433008133,28.390658809701705],[-16.60410228826751,28.390332293030298],[-16.604646116659453,28.38952148238421],[-16.605243530139887,28.388790606587744],[-16.604928033291973,28.388519800771654],[-16.60461801627424,28.38845936514443],[-16.604517701626307,28.38839585664684],[-16.604219114242376,28.387534902220484],[-16.604064157141153,28.38750629502806],[-16.6032272267489,28.38760356100479],[-16.60285877591343,28.387327900805925],[-16.60243594840933,28.38677025727528],[-16.602197536497087,28.386617509085003],[-16.60209445328458,28.386334366641933],[-16.601850830936108,28.38616823205019],[-16.601784342849125,28.38563856966623],[-16.60154562606967,28.385336300199832],[-16.601500762809074,28.38490294918978],[-16.601410816121962,28.384879819851555],[-16.601234030587637,28.384958879554326],[-16.600980004815295,28.385188117607843],[-16.60089885600105,28.385186814927096],[-16.600562375961605,28.384410750749065],[-16.600326896905543,28.38413214052404],[-16.600192132780816,28.38404986406676],[-16.599985574483387,28.38400824859515],[-16.59953557764707,28.38411262504296],[-16.59940627718421,28.384064686766703],[-16.59929143507182,28.383919381018003],[-16.598970109743426,28.383669373529028],[-16.59883653550464,28.38328891905305],[-16.59872227197844,28.383324915256427],[-16.59853730960739,28.38349151822125],[-16.59835056768903,28.38351230020224],[-16.598187575723987,28.383272707075008],[-16.597978922704346,28.383220553979438],[-16.597628679152987,28.383035680764035],[-16.597430616156423,28.38287302864481],[-16.597018328045515,28.38275611636931],[-16.596902454630186,28.382677875224406],[-16.596919395689824,28.382616668636754],[-16.596857675886334,28.382577050876716],[-16.59661630329411,28.38254089209468],[-16.59615076268552,28.382227317689207],[-16.59614944977751,28.38217372540185],[-16.596020709863073,28.382053939331943],[-16.595690918254583,28.381856133964416],[-16.595643582750604,28.38167926726015],[-16.595444848351885,28.381668744203854],[-16.59522094109405,28.38149970235625],[-16.59475829341341,28.38077193798827],[-16.594625538939102,28.38071780823974],[-16.594267578558217,28.380739234415024],[-16.593972079945736,28.38054983008337],[-16.59387573329574,28.38054193224427],[-16.593780361624287,28.380237565051196],[-16.593774720914816,28.379865815482898],[-16.593619597585885,28.379652512997218],[-16.59335460129509,28.379082027274116],[-16.593331552732916,28.378591434060382],[-16.5932603023223,28.378357710749388],[-16.593183279616614,28.37825663024021],[-16.592975553070875,28.378129100572714],[-16.592791572390027,28.377875242613595],[-16.592516549526753,28.377347442397276],[-16.592474995744602,28.377144435130965],[-16.592537692491305,28.37688162909433],[-16.59279541955838,28.376304616841146],[-16.592858790853818,28.375961382114845],[-16.59299583442113,28.375699367424133],[-16.59318020203414,28.375487771852335],[-16.593211323178995,28.375377773832838],[-16.59385700324402,28.374958770610267],[-16.594315207994157,28.374857476432524],[-16.594663487307372,28.37490302021819],[-16.594890840787492,28.374860659226364],[-16.59530237401046,28.374637503637107],[-16.595667154624522,28.374537289564245],[-16.595607683220692,28.373851942279682],[-16.59567973271112,28.37376263690208],[-16.595772161462314,28.37375460549769],[-16.596076118288554,28.373141856375863],[-16.596353908029464,28.372945972328434],[-16.596637549359272,28.372800007957093],[-16.59741939505774,28.37269613478085],[-16.59821155649639,28.37287470902615],[-16.598963942013103,28.37291819602349],[-16.59961477126269,28.372566088551658],[-16.600035972095988,28.372430347834833],[-16.600212209067376,28.372299718460415],[-16.600997520385103,28.372168659769944],[-16.601584260901934,28.371915838460946],[-16.601965992782144,28.37185466002669],[-16.601899388843364,28.37228748988847],[-16.60181311598476,28.37450751842346],[-16.601723358179786,28.37487770511194],[-16.601654366482492,28.375566850695296],[-16.601775632401786,28.375979828641775],[-16.6016990096837,28.37669013688447],[-16.60161473144679,28.37692427549528],[-16.601150228160012,28.377430333691784],[-16.60064570615378,28.378179421473188],[-16.60042225107237,28.378343067523648],[-16.600328502689557,28.378356550644178],[-16.60032812331599,28.378464492357175],[-16.600600475588596,28.37876210094034],[-16.600919491225145,28.37895422874559],[-16.601100650624016,28.379279729446658],[-16.60135994275751,28.379173717995734],[-16.601466020359144,28.379194311482674],[-16.601912291335307,28.379566620452835],[-16.60218355476449,28.380022110082145],[-16.60238347791224,28.38018825310825],[-16.60247013201295,28.38032452905335],[-16.60257869726951,28.380510472685263],[-16.60265313840173,28.380771696725354],[-16.602649735856836,28.38124913302243],[-16.602552956342894,28.381612230765885],[-16.602554702701358,28.381963168390214],[-16.602826492304857,28.381918366964964],[-16.603201477334146,28.381983897893043],[-16.603411725029037,28.38232518016711],[-16.603515818279792,28.38256293298744],[-16.603653183985415,28.38328246426247],[-16.603413238870058,28.383905005905916],[-16.603565017919475,28.384121530522897],[-16.60367197052248,28.384707120885572],[-16.603408720662618,28.385015385073057],[-16.603400092811555,28.385332234511097],[-16.603481534012467,28.385516518844508],[-16.6037710171142,28.385606152059033],[-16.604138755923305,28.385586583317142],[-16.604558241109288,28.38579055956412],[-16.604974382893676,28.38589304305814],[-16.605728034713792,28.385583104830474],[-16.60642895249371,28.385447068691576],[-16.60669996348007,28.385126830700095],[-16.606974902642733,28.384694998967067],[-16.60710425230279,28.38429935893728],[-16.60736737566428,28.384078937121718],[-16.60749139248828,28.384087581811333],[-16.60767741969392,28.38429007002614],[-16.608095758436917,28.38429966311407],[-16.6083949031238,28.384484931457308],[-16.608495624831573,28.384640413400327],[-16.608515269171203,28.38479252055743],[-16.608787574198413,28.385065465142223],[-16.608996786960837,28.3855316066865],[-16.609220568259225,28.38568904767186],[-16.60928916939418,28.385806959253514],[-16.609125031612393,28.386366415427453],[-16.609172063581926,28.387683854000926],[-16.60885301790685,28.38842374968006],[-16.608884610678608,28.3888716304188],[-16.609038705948812,28.38917339643329],[-16.60899448672944,28.389549802443128],[-16.609041045891804,28.38980808435673],[-16.608995989594906,28.390068260561517],[-16.60912923146416,28.390414900388837],[-16.609114199661686,28.390718997716355],[-16.609173425004865,28.390742177806693],[-16.60972211984777,28.390690110976788],[-16.609949084977455,28.390450798207542],[-16.60999360706305,28.390150693263905],[-16.61044343466523,28.389887041016877],[-16.610705674894767,28.390033734582875],[-16.61085519340521,28.3901882674416],[-16.610953727330365,28.390215322879577],[-16.611096086718085,28.390382971941577],[-16.61119163655931,28.390375325984444],[-16.611699101092324,28.390030667138866],[-16.612320627455187,28.39009061063667],[-16.61258755098336,28.389898589052244],[-16.612927606650544,28.38983812216126],[-16.612903027233564,28.389996879803498],[-16.61252182511688,28.39041820338797],[-16.612647540262827,28.39062078425012],[-16.61279505797293,28.39064291752442],[-16.61301899132271,28.390527374880417],[-16.613616500821625,28.39045951665919],[-16.613800549567795,28.390463852404668],[-16.614199708174887,28.390580687415238],[-16.614380245590485,28.39051560005066],[-16.61472959970932,28.390583098467076],[-16.6149911371824,28.390521382081367],[-16.615349841657196,28.390641499967284],[-16.615451892248604,28.390787303876017],[-16.61592723441271,28.391094002971055],[-16.616216348886972,28.39098270874185],[-16.61625826731171,28.39077338012999],[-16.616476804415022,28.390948792293358],[-16.616766571681232,28.390969233210466],[-16.616924455558088,28.39070468353504],[-16.617150833193858,28.390589114232135],[-16.617314797715924,28.39007917988011],[-16.617460437048575,28.389977591383346],[-16.617594975139834,28.389952114329038],[-16.617720112767927,28.38963151153237],[-16.61796841576144,28.38966763110012],[-16.61815966835154,28.389823834958595],[-16.618214976210744,28.389912189564242],[-16.61824855714286,28.3901853141957],[-16.618313120471104,28.390236647389266],[-16.61836658218666,28.390203450825254],[-16.618429604669224,28.389992126559246],[-16.61852158345602,28.389910713125364],[-16.61855641616742,28.38945876166058],[-16.618922868756318,28.38919823855136],[-16.61933434015044,28.388995804458357],[-16.619309803525255,28.389156737460738],[-16.61937172776973,28.389518536410446],[-16.619785221773174,28.38955919581675],[-16.61996340627188,28.3894786516422],[-16.620017149162326,28.389408972896476],[-16.619894508769207,28.3885690858277],[-16.619781384137568,28.388227425521535],[-16.619585472970073,28.387925835670437],[-16.619482997976217,28.387477682184745],[-16.619071422028153,28.38652109010965],[-16.6189644677019,28.385983400093348],[-16.618700626718045,28.38528666176576],[-16.618837289617236,28.385330252277193],[-16.61922907032416,28.385311066700506],[-16.619335242638506,28.385360794945807],[-16.6194452411788,28.38549440825613],[-16.61965337314472,28.385504659128387],[-16.619709056311695,28.38558287389753],[-16.61981482994855,28.385606344330252],[-16.620409944814195,28.385510012401102],[-16.62049232764292,28.38547166990193],[-16.620513203164062,28.385350642754855],[-16.620587040571355,28.385284542296112],[-16.62031952897582,28.384677828193325],[-16.620186394968638,28.384136750302336],[-16.620001292893367,28.383768393042075],[-16.619146024163538,28.38228351067877],[-16.618921176341573,28.382079333914902],[-16.61861554095937,28.381675684566634],[-16.61878324300352,28.38159778465177],[-16.61912367130192,28.381309277938282],[-16.62015511914511,28.38022694657147],[-16.620291847723237,28.380004754581794],[-16.620502792191413,28.37908658948022],[-16.621242120235035,28.378028390991325],[-16.62151088337368,28.377517602067176],[-16.621267456109273,28.37748088861804],[-16.621142542328826,28.377400727325803],[-16.620959364987403,28.377142197824142],[-16.62077520898661,28.37649913267924],[-16.620449276422935,28.37602557845547],[-16.620420753518744,28.37589853245598],[-16.620262324912428,28.375711138914536],[-16.62016682113094,28.374977681970588],[-16.620054293852075,28.374913986958095],[-16.619708744193858,28.374915684783534],[-16.619048207135485,28.37469882514177],[-16.618914185537797,28.374380758425822],[-16.6187648051061,28.374211007283478],[-16.61866738475459,28.374175776386508],[-16.618549702581472,28.373966670305403],[-16.61826521132054,28.373793324872462],[-16.618103717092445,28.37357615234005],[-16.618117175725622,28.37346595501372],[-16.618270829463462,28.373398702822723],[-16.618311679448063,28.373320894078937],[-16.618278835164276,28.37275622970219],[-16.61831639798191,28.372329577629806],[-16.61834460479239,28.37225387643128],[-16.618623766261415,28.37207643636015],[-16.61865150955052,28.37196955083996],[-16.61842020398728,28.37191512561138],[-16.61814361569177,28.37168191448635],[-16.617883602824815,28.37118602812187],[-16.617910469064668,28.371021980899563],[-16.618132426019255,28.370847820097957],[-16.618472532223247,28.37043057128607],[-16.61806936355082,28.36980277634694],[-16.618013449195075,28.3695364922955],[-16.617936175404967,28.36941644887949],[-16.61721584063253,28.368809462871337],[-16.617048179774994,28.368543864005286],[-16.61675795374725,28.368301668285074],[-16.61659432280961,28.36796576477208],[-16.616488262674782,28.367941031174784],[-16.616309614704637,28.367776822224375],[-16.616058242825186,28.367462742605884],[-16.615832245885986,28.367273111879314],[-16.615248551106706,28.366921392496987],[-16.614487587543717,28.366027975029862],[-16.613791388809332,28.365903861612956],[-16.613687821324877,28.365830484612303],[-16.613422942775728,28.365789126120156],[-16.613263257042608,28.365713050622634],[-16.612915036536098,28.3653845740449],[-16.61207085765915,28.364927789192347],[-16.611710425499883,28.3645619272592],[-16.610834444067606,28.36409929884057],[-16.61060549498181,28.364059982056673],[-16.609954189163233,28.364099909520732],[-16.60926850699606,28.363974647428364],[-16.608571967437065,28.363387937120105],[-16.60811664923285,28.363175007188982],[-16.607833613698517,28.363095181880134],[-16.607530935207837,28.362880449429035],[-16.607070139826934,28.362303734304188],[-16.606871168745705,28.36195783767593],[-16.606791176424885,28.36171448667557],[-16.606739164625477,28.361184934365628],[-16.60684294979682,28.36066913160285],[-16.606795118642783,28.36022269404723],[-16.606210249491205,28.35978777431941],[-16.605916810976932,28.35940660071207],[-16.605777492679533,28.359122370207704],[-16.605640130646293,28.358968056497098],[-16.605446743266736,28.358211469164633],[-16.604536806841093,28.35704749573425],[-16.60445118310685,28.356819804191773],[-16.60441064654616,28.3564668311969],[-16.603959596679147,28.356311244444093],[-16.60321248704769,28.355743867203127],[-16.60286850825767,28.355082902030222],[-16.60253551359076,28.354096336107407],[-16.602347793144435,28.35369693527248],[-16.602994271198764,28.353883371013957],[-16.603850837758543,28.353920678191397],[-16.60409558593936,28.353574853644904],[-16.604521749765727,28.353208844137832],[-16.604724663679118,28.35292217252366],[-16.605016394762657,28.352860076992823],[-16.605856229049245,28.352527548985417],[-16.60642455210496,28.352202727535406],[-16.608334040989128,28.350923504117777],[-16.609612945972557,28.350281184664304],[-16.612037366498488,28.34852653888329],[-16.612405200555255,28.348501883913343],[-16.61329793501372,28.347795038709386],[-16.613436743737577,28.347804442813167],[-16.61364421343085,28.347927595846627],[-16.613895242625084,28.347967727751826],[-16.614259780581047,28.348168935856748],[-16.61444458696427,28.34815333701675],[-16.614581977130275,28.34802578648468],[-16.615121130249165,28.34812906257022],[-16.61556354623507,28.348057218222507],[-16.616979534981933,28.34750660562657],[-16.61718255167139,28.347543023013465],[-16.616585585038752,28.347941879277286],[-16.616103991208128,28.348072609113647],[-16.61597839258087,28.348381186285557],[-16.61554452425905,28.348643734192734],[-16.615456454174964,28.348750792553826],[-16.6154417866675,28.3488526944702],[-16.61560722205427,28.348901147273857],[-16.615874535893177,28.348730415361963],[-16.616218406866214,28.348789829814997],[-16.61642024378363,28.348775822358856],[-16.61663621953659,28.348669539352304],[-16.61686954775093,28.34845891251065],[-16.617407998096674,28.34864343845948],[-16.617704002609194,28.348521692560748],[-16.61803067743926,28.348569880980882],[-16.6184665634072,28.348264577767356],[-16.618602933405068,28.348283301112772],[-16.618610426310674,28.348325340153664],[-16.61842473108122,28.34853656873613],[-16.618387912405133,28.34894813260326],[-16.618132589682443,28.349020013272423],[-16.6180521856438,28.349096279738866],[-16.618030972112724,28.349546763006927],[-16.617940669097027,28.349808535271592],[-16.617706293272843,28.350079976753186],[-16.617296022769114,28.35024652373329],[-16.617236585281265,28.350397763164057],[-16.617303059012333,28.350469137401856],[-16.617891369266182,28.350331622719896],[-16.618163920967437,28.350106043390625],[-16.618418939555976,28.349765731222263],[-16.618753492937902,28.349796361195164],[-16.618946610379723,28.349748150035033],[-16.619573688481026,28.349152094016407],[-16.61999437070794,28.348999251764425],[-16.62008506005997,28.349011937181697],[-16.62007006405445,28.349134916373778],[-16.619791969208805,28.349228757384076],[-16.619667996307612,28.349344710141175],[-16.619193356824987,28.35019342998017],[-16.618671790060993,28.350585317311868],[-16.618505254799505,28.351094833340124],[-16.618266218185447,28.3516227359261],[-16.617999091531885,28.351847050839012],[-16.617995566970183,28.351964460753017],[-16.618127381405664,28.35199528665472],[-16.618365885263874,28.351892920982557],[-16.618779427621472,28.351552396059848],[-16.618995912714134,28.3514767966959],[-16.618687175852987,28.35215306566077],[-16.618437577671337,28.35253424167919],[-16.618432280649646,28.352667935383813],[-16.618500670292597,28.352689929352152],[-16.61867303418956,28.352620314203957],[-16.61908398144404,28.352329175996505],[-16.619426816845806,28.35232419297546],[-16.619436459841467,28.352373417239725],[-16.619220389834407,28.35243276769742],[-16.61913715111005,28.352501839588644],[-16.61895834782658,28.352843594601946],[-16.618696021426487,28.353195456109155],[-16.618709983744083,28.353259077915872],[-16.61888315831991,28.35323880970806],[-16.619071439861916,28.353102780772392],[-16.619321707932887,28.35276312800286],[-16.619411849318876,28.35274151686623],[-16.619706108440745,28.35280395702522],[-16.620108389168678,28.35264834545905],[-16.620224614612027,28.352474120697043],[-16.620154539223893,28.352141566867104],[-16.620173541090917,28.352035822670665],[-16.620857525497158,28.352618143293604],[-16.62121052294854,28.352788432613803],[-16.621614407986353,28.352890249014926],[-16.62204828798432,28.353121646890116],[-16.621912724870416,28.353553085254948],[-16.621535374159443,28.353980378009744],[-16.62130526505038,28.35436672407659],[-16.621908769365398,28.35471295848052],[-16.622749141263057,28.35509165807587],[-16.6235739939756,28.35588482170242],[-16.623589971247906,28.35596532239214],[-16.62339776647833,28.35615655492196],[-16.623405875879648,28.356215471689758],[-16.623880459604802,28.35704004031564],[-16.62403546051172,28.357629067122517],[-16.624312174620485,28.35812616971029],[-16.624473945033486,28.35853571979997],[-16.624391729670375,28.35959395699657],[-16.624419754990036,28.360326835353295],[-16.624746866385248,28.361310044376303],[-16.624834312143786,28.361806287453785],[-16.624864190660094,28.362517871819342],[-16.624837712343624,28.362960403293734],[-16.624719799324975,28.363320066758885],[-16.624719012606516,28.363665177687967],[-16.62462804142277,28.363933608312543],[-16.624716738025352,28.364475867886576],[-16.62468864318618,28.364551663412474],[-16.624492558059202,28.364640241200743],[-16.624598670801102,28.365124388154378],[-16.624575018216415,28.365589736614105],[-16.624651726657934,28.36622211130086],[-16.62457619636592,28.36640112519821],[-16.624637954006225,28.36689527353745],[-16.62460935582685,28.367011881021575],[-16.624460105757436,28.367125829244923],[-16.624363807542988,28.367328049660742],[-16.624130808459036,28.36761880791022],[-16.62413473578681,28.368003939959333],[-16.62424933262999,28.36819245633537],[-16.624260209060914,28.368444299361613],[-16.624247949205127,28.36857052202864],[-16.624030757295515,28.368907840274453],[-16.624011609511506,28.369010590246905],[-16.62418431073723,28.369309329151804],[-16.62493732016908,28.37027626891532],[-16.625143351941553,28.37065474927602],[-16.625175038019474,28.37105600223606],[-16.62508620076173,28.371377640583226],[-16.624561111104825,28.372151415102202],[-16.6245332448039,28.372279971670277],[-16.624619357353,28.372618386026133],[-16.6248935614578,28.37299603579868],[-16.625091713054797,28.373136995947096],[-16.62520044376075,28.37328089934964],[-16.625358925201862,28.37361467769264],[-16.625398998904796,28.373727343646205],[-16.625396804559266,28.374142239800378],[-16.625334068028323,28.374499395370286],[-16.625356462117136,28.37457078517663],[-16.625502747553114,28.374663331460713],[-16.6256059129363,28.375001532505685],[-16.62573118492016,28.375113191002786],[-16.62577298491493,28.375338980066683],[-16.626071274476324,28.376096761814914]],[[-16.621307948561018,28.375546237644805],[-16.621395287340963,28.37570879117808],[-16.621402489307528,28.37593406391782],[-16.621488711593948,28.37602318678679],[-16.621571603243925,28.37646552594591],[-16.622112526940068,28.37656592374959],[-16.62233235192141,28.376511558657274],[-16.622594465961026,28.376137013133018],[-16.62387691718222,28.37567626385677],[-16.623985582138914,28.375533793990122],[-16.624003012645545,28.37543547766917],[-16.623842109910242,28.37445634505296],[-16.623864821596772,28.37390691523188],[-16.62378668403185,28.37374633840656],[-16.62353240639711,28.373456251314987],[-16.623471710205934,28.37313769486941],[-16.623135524448795,28.37238480691843],[-16.62304534050292,28.372058794917823],[-16.622724347324453,28.371531353952655],[-16.622232730356416,28.371047249682352],[-16.622040591492777,28.370761103622556],[-16.62117747443571,28.37002338768898],[-16.62109719674197,28.369738355231892],[-16.621150277437177,28.369415059686013],[-16.621505543226956,28.369261734555142],[-16.621468595178168,28.368829515515095],[-16.62151196006013,28.368775220740527],[-16.62197184227648,28.36923662938012],[-16.622080597225164,28.369306215971672],[-16.622201333160284,28.369255891592697],[-16.622116999394304,28.368794915174703],[-16.622532200646503,28.368261037828837],[-16.622537232148453,28.368167246230094],[-16.622268572575425,28.3677462057632],[-16.622183172394617,28.367221752388858],[-16.622210102440402,28.366956409172126],[-16.62245497949036,28.36659708654162],[-16.62242158597017,28.366437555289757],[-16.622348218727677,28.36636532756263],[-16.622068489000352,28.36630011328339],[-16.62202951754897,28.366113239922036],[-16.62176737900469,28.365846769809437],[-16.62151407493263,28.365822366014644],[-16.62119479923645,28.365871856475707],[-16.62086263048388,28.365752437572013],[-16.620752170135233,28.365616664044868],[-16.620677703911852,28.365471338358617],[-16.620607141678313,28.36507464299579],[-16.620426615266023,28.36474323181434],[-16.620097949816095,28.364345037595363],[-16.620005784209205,28.363937178930218],[-16.619699137628235,28.363516969825266],[-16.619528195365355,28.363195782221972],[-16.619490263000696,28.362907188864533],[-16.61942074294625,28.362797965446113],[-16.61944127733491,28.362511593205376],[-16.619347575845488,28.362150543952602],[-16.61921693174804,28.362038044703105],[-16.618846060850487,28.361918785453803],[-16.618675414734174,28.361527744432134],[-16.61842577225373,28.361260487031473],[-16.618329441291376,28.361045431809803],[-16.618198242523675,28.360917401719803],[-16.61813106043793,28.360480368472587],[-16.617674172720367,28.360043195030816],[-16.61686459625688,28.35875762702878],[-16.616778825014645,28.358421052138482],[-16.616402983079617,28.358113457027756],[-16.616341254425745,28.357624293503406],[-16.61613703904171,28.35728441133275],[-16.616116001423592,28.35682843691737],[-16.61594491988921,28.35647609536652],[-16.61560028543692,28.355995356174713],[-16.615617717862747,28.35585368516022],[-16.615561893033313,28.356094940016657],[-16.615623303334644,28.356302686194066],[-16.615648459433825,28.356904787360982],[-16.615486051674573,28.35704228311916],[-16.61550090804927,28.357270128764373],[-16.615235785339408,28.357511516998308],[-16.615085239100665,28.35774859629575],[-16.61490761655225,28.357780202664518],[-16.61459815730826,28.35762962441179],[-16.61433635092837,28.357635955694697],[-16.61392501759068,28.357532870595616],[-16.61381720091881,28.357388594186077],[-16.613828308738633,28.35765549889095],[-16.613942276309427,28.3578408196604],[-16.61404945360796,28.357916496635998],[-16.614435722784837,28.358016295260484],[-16.614518534241395,28.358160515290994],[-16.614468434062996,28.358353536340992],[-16.614118565466026,28.358804607577152],[-16.613450396208535,28.358705753167122],[-16.61305038850059,28.358517273761464],[-16.612866597292907,28.35839743233402],[-16.612287150214403,28.357818573638696],[-16.612272818209966,28.358024608990704],[-16.612103880167982,28.358054439436028],[-16.612148365104662,28.358530569871068],[-16.61188631548763,28.358929462319658],[-16.611534325242832,28.359259186152414],[-16.61125495486722,28.359302585774696],[-16.610817236033892,28.35897666379038],[-16.61086680410821,28.359134401074378],[-16.6108098883338,28.359352861327135],[-16.610814555328005,28.359648406179016],[-16.61059188171403,28.359721060943272],[-16.61038425271267,28.35965222648949],[-16.61000786433035,28.359308222592173],[-16.609743300073543,28.35925515809881],[-16.609721797294807,28.359308830118643],[-16.61003836755148,28.35960144986358],[-16.610351884427605,28.360362774478904],[-16.610720631449496,28.360911190138893],[-16.61099841311247,28.36119936519014],[-16.611410094398746,28.361494882446827],[-16.61143702789184,28.36164267986785],[-16.611386217876312,28.361931669496883],[-16.61161105463473,28.362185578920133],[-16.61162656439691,28.362399058793514],[-16.611710147584198,28.362561266876494],[-16.6120922253381,28.36289104718676],[-16.612082221949887,28.36335717234986],[-16.6121691038593,28.363505993332687],[-16.61228470376902,28.363594531570868],[-16.612687786921274,28.363664687593463],[-16.61294374532248,28.363800271684223],[-16.61310256641096,28.363948231730273],[-16.613147826407626,28.36414250632528],[-16.613673343974188,28.364473436077617],[-16.613928125422103,28.364530362631008],[-16.61410786915216,28.36466309245807],[-16.614536347861673,28.36473294212141],[-16.614766759940636,28.364875299978014],[-16.615178533389276,28.36494261601918],[-16.615766058556453,28.364960001878433],[-16.615910755699797,28.365064969135855],[-16.616114159270182,28.36531592078623],[-16.616432731933084,28.36540772632026],[-16.61674827688715,28.365628478316346],[-16.6170220276218,28.365903779601783],[-16.61723252561345,28.36637467057001],[-16.617686691402447,28.366817325819977],[-16.618028683552946,28.36693129307437],[-16.618287275267665,28.367236532950077],[-16.61840345933729,28.367435340231438],[-16.618433603427317,28.367685006007218],[-16.61836659451283,28.367735808208945],[-16.618437043465608,28.367911659689078],[-16.6184355821511,28.36835586978514],[-16.618618547141644,28.36850037750581],[-16.6188998923141,28.36892374761873],[-16.61954015722008,28.36954620882963],[-16.619694700737323,28.37017443996714],[-16.619835887036942,28.37041966295851],[-16.61973034606638,28.370785962088384],[-16.619557883882766,28.371084711468747],[-16.61982442707141,28.37143168858283],[-16.619908730337393,28.371650711568556],[-16.619913706796407,28.372040695873984],[-16.619775668878827,28.3722506924371],[-16.61967488466786,28.372805282824288],[-16.619687401472028,28.373133501910477],[-16.619764506144584,28.373374279034323],[-16.620112115562762,28.373943538515977],[-16.620821648011812,28.374226801537464],[-16.621037061066684,28.374399257481954],[-16.621307948561018,28.375546237644805]]]}},{"id":"128","type":"Feature","properties":{"categoria":"Paisaje Protegido","nombre":"La Resbala","codigo":"T-35"},"geometry":{"type":"Polygon","coordinates":[[[-16.467044822534167,28.3700594469588],[-16.46725959903303,28.370172603127408],[-16.46757276984252,28.370251513963957],[-16.467854875170275,28.37055017862778],[-16.468353720478202,28.37074934283253],[-16.468930049103914,28.370927255164354],[-16.469461357155936,28.371005759835136],[-16.469546891676274,28.371069069743513],[-16.470101957241475,28.371117352170963],[-16.470557029761302,28.37133690781077],[-16.47177179471388,28.37142375829968],[-16.472189055485465,28.371396454305586],[-16.47299050371053,28.37148133180675],[-16.473208662844755,28.371438387740803],[-16.47387219829354,28.370989784411876],[-16.474276729253507,28.370935689690658],[-16.474632232735697,28.370946717281956],[-16.47474416373711,28.370884324673337],[-16.47539505404317,28.370164148653064],[-16.475540354598113,28.37004455376259],[-16.47565847574182,28.370022562218775],[-16.478191153958107,28.37007633546666],[-16.479711470981773,28.369711648525627],[-16.480441647073558,28.369936848033337],[-16.48079900231557,28.36997564595561],[-16.48223519013533,28.369853330798225],[-16.4827559911679,28.370161524389584],[-16.483027533244147,28.37021495912718],[-16.483358409089416,28.370180988929423],[-16.483699842299373,28.3700499820565],[-16.484019889974896,28.370019593794762],[-16.484159289666646,28.370105773181606],[-16.4845215998823,28.370169082772666],[-16.484977847734022,28.370324778096588],[-16.485355697965577,28.370742495556694],[-16.485364164214573,28.370844829524607],[-16.48546103663059,28.37095300494046],[-16.485553821482938,28.37094355515894],[-16.48564192792854,28.370870032746105],[-16.485864034593433,28.370478222241463],[-16.486163973788965,28.370464870985536],[-16.48650364788645,28.370538710706047],[-16.487031029461882,28.37073599616975],[-16.487552352111948,28.371025456116485],[-16.487698594234644,28.371171727600455],[-16.488030211537087,28.37123248370108],[-16.488260295801823,28.371458857704035],[-16.488686906999547,28.37160908781869],[-16.488864616557578,28.37150517175297],[-16.489018775181346,28.37148601499669],[-16.489405330516018,28.371601446360412],[-16.489662569125336,28.371826943528855],[-16.48987616972527,28.371827036477168],[-16.489995054099502,28.371768490495626],[-16.490386863433223,28.37141870686149],[-16.490696137883347,28.371411705473022],[-16.4909741358612,28.37149727323041],[-16.491298097008556,28.371717380339195],[-16.49146541069791,28.371920148926247],[-16.491696093495815,28.37237320320284],[-16.49180066170019,28.372459087860666],[-16.492026396886285,28.37243809728525],[-16.49247166189321,28.372249524853423],[-16.492813365304478,28.37234372308468],[-16.49299588466885,28.372301498859358],[-16.493567202719777,28.372387223088698],[-16.49420345625824,28.372359834263197],[-16.49438370678115,28.372441159754644],[-16.49530591946701,28.373180056562756],[-16.495700352894136,28.37394779011445],[-16.49607561078244,28.37435431347789],[-16.496320137107592,28.374763155603823],[-16.496399785486613,28.375075343845978],[-16.49634141004404,28.375419426062376],[-16.496874082771942,28.37575584427519],[-16.49691313406537,28.375855359299802],[-16.496900971640706,28.37641644799837],[-16.49674080782029,28.3770577347802],[-16.49678773186869,28.37729275643462],[-16.49690062977927,28.3774581377333],[-16.496780628454495,28.379080372435695],[-16.496615335327746,28.379320306078117],[-16.496413992131437,28.379492911089194],[-16.496383602531235,28.379592484775557],[-16.496664959950134,28.380146550123733],[-16.496630429230684,28.3803043992564],[-16.496693414348574,28.380550850675643],[-16.49706242564605,28.381170322750535],[-16.497178384535818,28.381492237294488],[-16.497162722020995,28.38159553009814],[-16.49704092884222,28.381702461828517],[-16.49700331841684,28.38189532611638],[-16.496831511132466,28.38207932187229],[-16.496830944337326,28.38220244841701],[-16.497095020350706,28.382612391055275],[-16.49737140336064,28.38276505497104],[-16.49742934010283,28.382842259684576],[-16.497424089704715,28.38294939106089],[-16.497255386311323,28.383290452993943],[-16.497238356204488,28.38430821902709],[-16.497314360624785,28.384515700924023],[-16.49735787345874,28.384566404020795],[-16.49785724059392,28.38469480242573],[-16.498417452541545,28.385084501007864],[-16.498840059265635,28.385549518120193],[-16.49923791158692,28.38570553464502],[-16.499474136149754,28.385877660690607],[-16.499547146938117,28.38614613852424],[-16.499339499792928,28.386402163934267],[-16.499431601830356,28.387220862388702],[-16.499493800317243,28.387295311644486],[-16.49955063482007,28.38767315285111],[-16.499790188974444,28.38804448819485],[-16.500110689247066,28.38837482435042],[-16.500659877108493,28.38934059643535],[-16.501180448346553,28.3895205070908],[-16.5015618075453,28.39004011961179],[-16.5018560447103,28.390270896361262],[-16.502230363215563,28.39047025759579],[-16.502448056597473,28.390746379621074],[-16.502783533218444,28.39097891056124],[-16.502942451965755,28.39119918312364],[-16.503033904563676,28.39122151298636],[-16.503364159912767,28.39113447727092],[-16.503531180964718,28.391202713671365],[-16.503825178813564,28.391627843352516],[-16.5043673462733,28.391904937507572],[-16.504528962701375,28.39213667620436],[-16.504897585349607,28.392421126782214],[-16.505022722890736,28.392624342480378],[-16.505106618761417,28.393017530965942],[-16.505085812729085,28.39319189036288],[-16.5046208187972,28.39344766205061],[-16.50452379116215,28.393551763805263],[-16.50450646677347,28.39368076984378],[-16.505096829366874,28.39398314908346],[-16.505135893305006,28.394106324680976],[-16.505059241557586,28.39428371078069],[-16.505089682375083,28.39447701611587],[-16.505334042959067,28.39491945892671],[-16.505248676568744,28.395258733633792],[-16.504951690182665,28.39562225930099],[-16.504919825442606,28.39576666029198],[-16.505056119644113,28.39594871509179],[-16.50528239580038,28.396027007084196],[-16.50559379752934,28.39631794479186],[-16.505817807712717,28.396659639077185],[-16.50539589786935,28.39660676781472],[-16.504913825335976,28.396655234437922],[-16.504656243755356,28.396620896755522],[-16.504787683383327,28.396872507372308],[-16.50474247532438,28.397335270184115],[-16.504599792874266,28.397552184175503],[-16.50445962717009,28.397593262129615],[-16.50452541258933,28.397698399421916],[-16.504193116605286,28.39806866721456],[-16.50418323982159,28.39825099217564],[-16.504316319624674,28.398510256352036],[-16.504615031863427,28.398789802201854],[-16.504918917683877,28.39918255460412],[-16.505257721286114,28.39935931185855],[-16.505154193991174,28.399544747510323],[-16.50520294900706,28.399751875181515],[-16.505186253986043,28.400116040024717],[-16.50525075096212,28.4001587377509],[-16.50526449645336,28.400585290266203],[-16.505352632445316,28.400773842249485],[-16.505389914131733,28.40115121879621],[-16.505742789894416,28.401997838675314],[-16.505944154579332,28.402999919566057],[-16.505994659788758,28.403835712104122],[-16.50709149338577,28.403897160203112],[-16.50709720263536,28.404687753901182],[-16.5069801127145,28.405340061943733],[-16.50693643683361,28.40627470915003],[-16.506856818519832,28.406418077472157],[-16.50655492538389,28.406640662859058],[-16.50642990214322,28.406790363417066],[-16.50639504761963,28.407160667328988],[-16.50604965432489,28.407146320106595],[-16.505901807194434,28.4071849577553],[-16.50572128488483,28.407318033565353],[-16.50506421953978,28.407411883250994],[-16.504799339996193,28.40738592126321],[-16.504360088536757,28.406788542050002],[-16.50394267373746,28.406583410351264],[-16.503611220600934,28.40624926281935],[-16.503235367673906,28.40607194543015],[-16.502995348341923,28.405680263099473],[-16.50267432187681,28.40548709566366],[-16.502280790514728,28.405379671041405],[-16.501947592507268,28.405371252566564],[-16.50164624535846,28.405264009722416],[-16.501389098137373,28.404936897902548],[-16.5011081969149,28.40471377232493],[-16.500931666198504,28.40470295653979],[-16.50024684453841,28.404903728649536],[-16.499980226084432,28.4048958353688],[-16.499438160643326,28.404543058478595],[-16.499268335680593,28.404102339183066],[-16.499058236539703,28.403947345094068],[-16.49804873017875,28.403810035777745],[-16.497848740408777,28.40357392860327],[-16.49761101996778,28.403462168193656],[-16.497388500771518,28.403439868148983],[-16.49700300623357,28.40329045419255],[-16.496571174054203,28.403226790063727],[-16.49636609961224,28.403118089184414],[-16.496056606336495,28.402839221168872],[-16.49584308807557,28.402738229372215],[-16.49568688474923,28.40233296834533],[-16.495679019948014,28.401725071779516],[-16.495560535573354,28.401560555229597],[-16.49503490259136,28.401065912772317],[-16.49446246409425,28.40099728692188],[-16.494105662714773,28.400708157224013],[-16.493719240571878,28.400586910963554],[-16.493401060521194,28.399836769890353],[-16.49313290380627,28.399462732216204],[-16.492753315118996,28.398646052684224],[-16.492378616161638,28.39806135317131],[-16.4914244384482,28.397375771520707],[-16.490850423895633,28.396624254781926],[-16.49058728235381,28.39635718512053],[-16.490036417371112,28.39610764853313],[-16.48924595767464,28.39556062690056],[-16.489048196102495,28.394974695642183],[-16.488824585010484,28.394680863961398],[-16.488443931016576,28.393905508104126],[-16.488252430088632,28.393694075608565],[-16.48766440487373,28.393607585132596],[-16.48763081062345,28.393561102708425],[-16.487654717628505,28.393397721978708],[-16.487553276074895,28.39326296588232],[-16.487299839001142,28.39329210447006],[-16.486916430203195,28.393453732858568],[-16.486805495416988,28.393429944152356],[-16.486582711773107,28.393180096819194],[-16.486387813192476,28.392756987748545],[-16.486155620799984,28.392553134944073],[-16.485926691203584,28.392428017241265],[-16.48550295756658,28.392448982980547],[-16.48517671723024,28.392389147737617],[-16.484371724395448,28.3923679220244],[-16.484247788833322,28.392232054639233],[-16.484189903286172,28.392063744285675],[-16.483903796398184,28.39194837039],[-16.48368189316785,28.39174930172891],[-16.483183153443317,28.391489141581122],[-16.482875095380923,28.39122558644311],[-16.48249775152331,28.390468433887733],[-16.48242102189055,28.390360416919545],[-16.48222289093851,28.390294640665825],[-16.482027944721594,28.38988039679304],[-16.481593118247627,28.389770877335327],[-16.48123878298577,28.389374204567012],[-16.48092573993312,28.389315839831255],[-16.48043243523994,28.38906727041505],[-16.47986081726753,28.38892026116572],[-16.478447384794126,28.38891984897714],[-16.477927785592726,28.38901913131357],[-16.477702658529264,28.388993297592076],[-16.47738542497495,28.388882028678815],[-16.47723210309566,28.388754478448895],[-16.47721225674745,28.38862518303562],[-16.477327721480485,28.38817757522022],[-16.477160093725708,28.387957356528617],[-16.476854493190405,28.387848676702994],[-16.476138188468184,28.387928992516777],[-16.475827937632747,28.387854376468056],[-16.47581101957297,28.387482480548247],[-16.475594802941693,28.38673131396389],[-16.475347431556237,28.386307329553897],[-16.475377443687645,28.38528266055987],[-16.47532316482945,28.38494601500304],[-16.47504360298014,28.384163078523606],[-16.474310049668986,28.38321330580631],[-16.473850901608483,28.38298300559571],[-16.473137072317133,28.382047200095602],[-16.47258103281224,28.38165345951006],[-16.47170577687592,28.381161351854196],[-16.471658249613068,28.380759821752804],[-16.471829194315134,28.380307060837776],[-16.471814838693195,28.38003381697134],[-16.47173589828139,28.37985746071603],[-16.471169201825315,28.37934471492102],[-16.470617891112926,28.37914052405566],[-16.470505406645252,28.378773782317158],[-16.47053255153385,28.378641415253878],[-16.47062964785447,28.378525964551862],[-16.470628776831084,28.378320823117647],[-16.470361830372312,28.37777607517944],[-16.470140607327437,28.377747352214858],[-16.469724696098034,28.377497671926168],[-16.469323166282184,28.377410215941914],[-16.46920409369667,28.377320192177425],[-16.46913907306553,28.377158232673537],[-16.469035116319194,28.377078758655422],[-16.468993883216044,28.376685796317048],[-16.468855018276294,28.37619090916479],[-16.46864646734892,28.37578996664758],[-16.468621470934785,28.375491773832778],[-16.468270022857784,28.375014645738194],[-16.468076840904118,28.374843172930596],[-16.46757924853788,28.37407742182467],[-16.467038463004567,28.373486960163774],[-16.466645798265365,28.373189646336698],[-16.46610283534763,28.372892783940234],[-16.465931325019486,28.372538811324617],[-16.465319364089172,28.3722253594149],[-16.464949053749663,28.37209797879628],[-16.464199052758836,28.371906726142765],[-16.46354312044486,28.371854890998513],[-16.463352664479952,28.37109669084436],[-16.46350027015811,28.370654018265864],[-16.4641212338225,28.3699848377151],[-16.464929656891623,28.368965331032364],[-16.464985931258898,28.368828725749662],[-16.465372334178785,28.369128558229146],[-16.466372170851784,28.36953751218577],[-16.466676781927056,28.36970497299729],[-16.467044822534167,28.3700594469588]]]}},{"id":"130","type":"Feature","properties":{"categoria":"Paisaje Protegido","nombre":"Acantilados de La Culata","codigo":"T-33"},"geometry":{"type":"Polygon","coordinates":[[[-16.773813888831977,28.368972218969795],[-16.77348812580506,28.36919205881718],[-16.773489891261217,28.369324922906813],[-16.77331185265263,28.36938388097402],[-16.7729480058964,28.36962565784029],[-16.772355181435813,28.36977943547786],[-16.77201992057907,28.369741512532393],[-16.771892526115217,28.369772942899974],[-16.771457084339822,28.37004285628827],[-16.771189192048137,28.370139206981854],[-16.77109937077617,28.37021002592123],[-16.77105776172208,28.370549537894508],[-16.77097069196119,28.370762847262093],[-16.770861144458344,28.370505211746444],[-16.77071627150994,28.370346098350396],[-16.770209140956066,28.370011833780673],[-16.769985313245044,28.370007250628706],[-16.769267474388897,28.37020048953136],[-16.769217120202207,28.370283355807555],[-16.769327403579645,28.370362602501974],[-16.76991168704464,28.37020015645993],[-16.77018268085872,28.370249429728872],[-16.77014444490672,28.370287828972298],[-16.76997984055474,28.370255313050322],[-16.76973256372799,28.370313302613397],[-16.769385213054445,28.370581416386926],[-16.769195472228137,28.370645065339946],[-16.7689894578197,28.370576536849004],[-16.768861676804864,28.37033435524164],[-16.768557191599403,28.37016666215645],[-16.767739815697798,28.369999756100114],[-16.767463554538466,28.370051168697387],[-16.766959111155206,28.370247764513643],[-16.76658723504772,28.37047542317464],[-16.765589374808663,28.370892279893855],[-16.76530701605318,28.370558637670527],[-16.765094194494814,28.370671329051223],[-16.76497802890038,28.370650346873344],[-16.764774626807277,28.370308185327552],[-16.764373489897213,28.36996608495736],[-16.764468534050145,28.369734990678],[-16.764377002017564,28.3696662171488],[-16.764065781800706,28.369699226079558],[-16.76387903499252,28.370146971708404],[-16.76364124689625,28.370140303546584],[-16.763193665779667,28.370259863316097],[-16.762823555001763,28.37027849470409],[-16.7627223923454,28.37024041718633],[-16.762701169859877,28.370206660911073],[-16.763075975673196,28.370050503679156],[-16.76338156907048,28.369765160118693],[-16.763418116529554,28.36959802405213],[-16.76326708205133,28.36946046012348],[-16.762142817551027,28.36978147151385],[-16.7616559851809,28.369772423697825],[-16.76119565033786,28.36964808449425],[-16.761075837855472,28.370423303396645],[-16.76083772759134,28.370656977425917],[-16.760224699662253,28.37042539480749],[-16.759888042778933,28.370431474331028],[-16.7592818329366,28.370262123889624],[-16.758590623611003,28.370350166761245],[-16.758586186584214,28.370125199241052],[-16.758643516980108,28.37004482879217],[-16.75873787211237,28.369645457885543],[-16.758304380423173,28.369576481749075],[-16.757597212090435,28.3693107671277],[-16.757324960474104,28.36934878743362],[-16.756916244919147,28.369473168597658],[-16.756926159284717,28.369510081153287],[-16.756730594527113,28.369532407939705],[-16.755295721938474,28.369568169805362],[-16.755298264602132,28.370053437584346],[-16.754763010798346,28.369957868830106],[-16.75391917318799,28.369908136086334],[-16.75412815450096,28.370083239058832],[-16.754181735279033,28.37024683876813],[-16.754157195011057,28.37045645477186],[-16.754010074138563,28.370722105621123],[-16.752649828509963,28.37034645225215],[-16.75211367166446,28.37006921060355],[-16.751815211333533,28.370008937444954],[-16.751465733394532,28.370026758341687],[-16.750696780701453,28.370188953523247],[-16.749894884218847,28.370204089318563],[-16.749267201164738,28.370539889529812],[-16.748980742224486,28.370752194119287],[-16.747636495391234,28.371446537121624],[-16.74741479252271,28.371648379004665],[-16.747057920637594,28.372153082586713],[-16.746120408151636,28.37287412518108],[-16.745280366260214,28.3732635989025],[-16.74486816212507,28.3733771893345],[-16.744362978820597,28.373390713906133],[-16.744072883650205,28.373299507248447],[-16.74357869989131,28.37300797744313],[-16.74278655730303,28.37293966015369],[-16.742563319714485,28.373044004385317],[-16.742422623157307,28.373355993511197],[-16.742214131615906,28.37356792826552],[-16.74198366302457,28.373638242404162],[-16.741726921552836,28.373551883681497],[-16.741478875330145,28.373227022086635],[-16.741270751921352,28.37305118589585],[-16.74101181450227,28.372976441277352],[-16.74061155695929,28.373128924363936],[-16.74034882187715,28.37348092365307],[-16.740210172115322,28.373591204908532],[-16.73989739330743,28.373757314912606],[-16.73959121586187,28.37382217523467],[-16.738263573467297,28.373284659681786],[-16.738001512958185,28.373262354467364],[-16.737390758504844,28.373310608285344],[-16.73719802718294,28.373262446792154],[-16.736901255158525,28.37290385923678],[-16.73664987690956,28.372740515465825],[-16.735838678723034,28.372638323793296],[-16.7353202480877,28.372468542058886],[-16.734425487980417,28.372784681721036],[-16.733123019849106,28.373364093732693],[-16.732763143301693,28.37336838128493],[-16.732544075095326,28.373272284848433],[-16.73237622641145,28.373079371586506],[-16.73218417931766,28.372953231319386],[-16.731961298051477,28.372908107775604],[-16.731480243981654,28.372962438734703],[-16.731217177293193,28.37283597204776],[-16.730742276285223,28.372196479408604],[-16.730488217175644,28.37203829290429],[-16.729993758031892,28.37186620975116],[-16.72981297351164,28.371749082895356],[-16.729565417455248,28.371456373527387],[-16.72911948194355,28.37075162058172],[-16.72892104339281,28.370533488168387],[-16.728411254591045,28.37009619971848],[-16.727931956869078,28.36978734796936],[-16.727511920899268,28.36956852116645],[-16.72696369116689,28.36940738695618],[-16.725957811810257,28.36939730602189],[-16.725693653023736,28.36935309169349],[-16.72534457637306,28.36918730825264],[-16.72476612592914,28.368699181976734],[-16.724539449632104,28.36868869404389],[-16.724572894739556,28.368334147397015],[-16.724423107142368,28.368024515063514],[-16.724135197812153,28.367684863416994],[-16.723719254022267,28.367320568935416],[-16.723548430457477,28.367230498251782],[-16.723251633730868,28.3669435249852],[-16.72295386740069,28.366773250817936],[-16.722767611124407,28.36658040396042],[-16.72252821800228,28.36614239933578],[-16.722370182210557,28.36600752997867],[-16.722163668148188,28.36556717785171],[-16.721594453224778,28.364637799382056],[-16.721551952117938,28.36425434994879],[-16.721416168922993,28.364066178944007],[-16.720972556336807,28.363654917812408],[-16.720873846273385,28.36342472900507],[-16.720890867143872,28.363143552219995],[-16.72095527722199,28.36304439830378],[-16.720932052335733,28.362915161887653],[-16.72082563662794,28.362693598501664],[-16.720550795397624,28.36244140183972],[-16.720434915918617,28.362252897233304],[-16.720303718893017,28.36192497569927],[-16.720309277427628,28.361743962881164],[-16.720114596851875,28.361401130490478],[-16.720046623389802,28.361045237805207],[-16.71983480253866,28.36079081835978],[-16.719695297804122,28.360782019603214],[-16.719521835911795,28.360647665978945],[-16.71943062725134,28.36045776620362],[-16.718875070509565,28.359909860318037],[-16.718702100845046,28.359806534877432],[-16.718479458700475,28.359748263403343],[-16.718252680477022,28.359538349525874],[-16.71813401370824,28.359329617614407],[-16.718135868271414,28.359235738600887],[-16.718257421257512,28.359010577431878],[-16.718237116574166,28.358820414703253],[-16.7181955629452,28.358723472972642],[-16.717977586390163,28.358555023837944],[-16.71803552746668,28.35840259041448],[-16.718012916062058,28.358329514548085],[-16.71762367608316,28.35824005833171],[-16.717209692450265,28.35795766923758],[-16.717113650167118,28.357716785476285],[-16.717010410775373,28.35761565676161],[-16.71699983502835,28.357433339910884],[-16.71688664897536,28.35718704052102],[-16.716910201322555,28.357070164295543],[-16.717401634169267,28.35636716798999],[-16.717494633143684,28.356289161087393],[-16.7176647467148,28.35626052169531],[-16.71797069384865,28.356118888291913],[-16.718274994871916,28.355883338071894],[-16.718400530204974,28.355713104377084],[-16.718600643143198,28.355982564797284],[-16.718839113707034,28.356835043686758],[-16.719002019727746,28.357016892572073],[-16.719215317292683,28.35702931903547],[-16.719720297595853,28.356886705762978],[-16.71998560037554,28.356866627253183],[-16.72114788569623,28.35711419442057],[-16.722887167033505,28.357291063054515],[-16.723270413220817,28.35744206436624],[-16.724427468993188,28.358323969829573],[-16.725408810954377,28.35882669284915],[-16.725514956530922,28.359166838751218],[-16.72563455236113,28.35924798986288],[-16.72570107153625,28.359511675728378],[-16.726030870572576,28.359887768191957],[-16.726392941375664,28.35994931521989],[-16.726494219186687,28.360052744501743],[-16.726783585648153,28.360669842469353],[-16.72702460309016,28.361713890248346],[-16.727158521124743,28.361910598317266],[-16.72735516385635,28.36255582583303],[-16.727839907003347,28.363191771520853],[-16.72789271327195,28.36364371975553],[-16.728165155506517,28.364311347474455],[-16.728643829835658,28.364347241805763],[-16.729917976647215,28.364658487264187],[-16.730506974965003,28.365274786920875],[-16.73070409315442,28.365287535604118],[-16.731042570165,28.36509606837324],[-16.731225129929012,28.36508562764577],[-16.731824778511875,28.365797987547783],[-16.73246363722243,28.36633594332078],[-16.73273078943995,28.366483076551976],[-16.732998152698464,28.366938213851245],[-16.733864055540984,28.36778471200606],[-16.734084626425414,28.367946874205572],[-16.734318632554476,28.367956440787335],[-16.734443034127214,28.36806999351493],[-16.734582358591982,28.368082283996813],[-16.73511293519895,28.367843992897257],[-16.73526636446108,28.367848898182537],[-16.73560406648866,28.367979695318933],[-16.7357437941528,28.367945156879376],[-16.736011419334346,28.36777614829731],[-16.736465054034174,28.367777047601045],[-16.73697902594074,28.367523497153314],[-16.73706535857739,28.367424300328],[-16.73714414510905,28.367187575682113],[-16.7373168402556,28.3671351079124],[-16.738384681706812,28.367261191800264],[-16.738905024160264,28.367060887924875],[-16.73938140134143,28.36706139720169],[-16.740088588302218,28.366775678759623],[-16.740209434736197,28.366822236522783],[-16.74046199520676,28.367081083485232],[-16.74070918548824,28.3671046392494],[-16.740854542909513,28.36704015261302],[-16.741107243287562,28.366695076238436],[-16.741280070782263,28.36660090859193],[-16.741416492234464,28.366614056093223],[-16.7418152246923,28.36686444490569],[-16.742421357006712,28.367063358618587],[-16.74290439591978,28.367040757911308],[-16.74372909428133,28.366785374615816],[-16.744102652026417,28.366868583830893],[-16.744278154526004,28.366763458575434],[-16.744337970802246,28.366515692405297],[-16.744445089846074,28.36642154955589],[-16.744805025184384,28.36637687353814],[-16.74513740672527,28.366487680550577],[-16.745515915341425,28.36628745319611],[-16.745615649635823,28.366134925275293],[-16.745721625458067,28.36565319382073],[-16.746076542691245,28.365501638485664],[-16.746257786526243,28.36531124596659],[-16.74647677541346,28.365176682459705],[-16.746642242842487,28.364976203679042],[-16.746769318242478,28.36495454081972],[-16.746887786533915,28.364999137726976],[-16.747519864486854,28.365474026363017],[-16.747767997880562,28.365474364339036],[-16.747973959713338,28.365372995171416],[-16.748195654971312,28.36509869508258],[-16.74853789432204,28.36494585217407],[-16.74904628479077,28.364292453712938],[-16.74939704456343,28.364080840212296],[-16.749678027131367,28.364019025677422],[-16.749808403697703,28.364027219286143],[-16.749775367201913,28.364311794064648],[-16.750007451168667,28.364575274107803],[-16.750017544106118,28.36506809291076],[-16.750071730722734,28.365199702557376],[-16.75047301887948,28.3652808356171],[-16.75083726526317,28.365086327790777],[-16.751014282331305,28.365173216120915],[-16.75136389328161,28.365473601813267],[-16.751762690104517,28.3655867500888],[-16.75191820972229,28.36594887108821],[-16.75244882426117,28.366380648617163],[-16.752536483556025,28.36659468318676],[-16.752516192954907,28.367066644685103],[-16.752565777747968,28.367239800546052],[-16.752735648606425,28.367336921499138],[-16.753674257944553,28.36756483570019],[-16.753851442977854,28.367537729422814],[-16.754035783900093,28.3673781237095],[-16.754817576354924,28.367157976189088],[-16.755089470335385,28.36669568475749],[-16.755567525462087,28.366349595167136],[-16.755749493717428,28.366302085312753],[-16.75608839989994,28.36631911354168],[-16.75633366886695,28.36652514257971],[-16.75646823283888,28.366882772168246],[-16.75684262672453,28.366913190277284],[-16.757043364741797,28.366863059590056],[-16.7572106842464,28.366742044932888],[-16.757398974018056,28.366425833292766],[-16.75763446825439,28.366201721588464],[-16.757662206445445,28.36592799150157],[-16.757839096164766,28.36573553817674],[-16.757967911550164,28.365724368183805],[-16.758540303629495,28.365944810551394],[-16.75868203963627,28.36593472415177],[-16.758915478421347,28.365824362750452],[-16.75914259160637,28.365850505153254],[-16.759313371391766,28.365935107184054],[-16.759597358164736,28.365911087081958],[-16.759685256258642,28.365761508736806],[-16.75969658142072,28.365352571785316],[-16.75992645236121,28.36488828692786],[-16.75995746616577,28.36457729685236],[-16.760113192812206,28.364470233623436],[-16.760328458455007,28.364216241487277],[-16.76084858013192,28.363974297309106],[-16.761186767838968,28.363972211743736],[-16.76137422206741,28.3639104121053],[-16.761543393281485,28.363366977992197],[-16.76184095238194,28.36309365009876],[-16.761920740395354,28.36276604303087],[-16.76217359329497,28.36253425243257],[-16.762461008352993,28.362408319215692],[-16.763448119802455,28.36230844977853],[-16.76385439832824,28.36232045727019],[-16.764165298336668,28.36242119142855],[-16.764760179196873,28.36298383771428],[-16.765366749309152,28.363854782525106],[-16.76545602153739,28.364080600928546],[-16.765672800068298,28.36529488165178],[-16.76630612521331,28.3656701065176],[-16.767438048211165,28.365360911391058],[-16.768176071008195,28.365089594320445],[-16.769108748535015,28.365014158303868],[-16.76937599605049,28.36484030791204],[-16.769728702339563,28.364507446868902],[-16.769985629274153,28.36414773568706],[-16.77015014232972,28.364074522808696],[-16.770744392329362,28.364002613262624],[-16.771138539557054,28.36413145997763],[-16.771663599349267,28.364076319456164],[-16.771827752770488,28.364249891397368],[-16.7722829138593,28.36431864203898],[-16.77250967012766,28.364526540223373],[-16.772739139552247,28.364648417945144],[-16.77295195660734,28.364751353859337],[-16.773135239951124,28.364746577329917],[-16.773952371554525,28.3645696246633],[-16.774166395609036,28.364457823926017],[-16.774382981670456,28.363433078582155],[-16.774468572940716,28.36321194883425],[-16.774599482233953,28.363090129440724],[-16.77574731442502,28.362702291538127],[-16.77661705311065,28.362481501383886],[-16.777967027573027,28.362402713765764],[-16.778254642633637,28.36233624218375],[-16.77876192375783,28.362074773819543],[-16.779149157647247,28.36170531416896],[-16.779866209436676,28.361291249794295],[-16.780538363294074,28.361502216234232],[-16.78066763615486,28.36181703975357],[-16.781064508112845,28.361842426875242],[-16.78145299389273,28.361985450892462],[-16.78171694958462,28.36219716984498],[-16.782077175617793,28.362219436234597],[-16.782277605194047,28.36229054860959],[-16.78214400077473,28.361716819044197],[-16.782246872801124,28.361546427832177],[-16.78238604165013,28.36147986704353],[-16.78352485023018,28.361433540133557],[-16.783943270907955,28.361350021728942],[-16.785029344689963,28.36125644975841],[-16.78538950752567,28.36127511156957],[-16.785970421805725,28.36108498304032],[-16.786717523702507,28.360985745624713],[-16.78684152252856,28.36090563342571],[-16.78701359511235,28.36062337798589],[-16.787180982062658,28.36081913388624],[-16.78738079724182,28.36119552420692],[-16.787493779254632,28.361207344611113],[-16.787634792596833,28.361009289689914],[-16.78787343242905,28.36083859682194],[-16.788408257715798,28.360590112155737],[-16.788716654234562,28.36037323491659],[-16.788864600744308,28.360228297801786],[-16.78899208094363,28.359983864715197],[-16.78925481379285,28.359734330805473],[-16.7896944911638,28.359948040661713],[-16.789900823004416,28.359922053194087],[-16.790067225367316,28.359756919619837],[-16.790212116133297,28.359878059614513],[-16.790223260475116,28.360094069426285],[-16.790573962650885,28.360382105351118],[-16.790736226545683,28.3607588864067],[-16.791001224162432,28.3611674951486],[-16.791508914744618,28.361656780807852],[-16.791553807606483,28.3620471080704],[-16.79168674381691,28.36225132205352],[-16.79197502030886,28.362544608433467],[-16.79200410748673,28.36266228215779],[-16.791863864202234,28.363003537211444],[-16.79170007310197,28.363128252738708],[-16.791409272226726,28.363107212268183],[-16.79140228589341,28.36335981538623],[-16.791452656781853,28.363402276472815],[-16.79190446113861,28.363303748417714],[-16.79196245037129,28.363754219681603],[-16.792230974607335,28.363836780686487],[-16.792332860258995,28.363985982941514],[-16.792521494008152,28.364060162213526],[-16.7929796860831,28.364381099410874],[-16.793119933966278,28.364617515982328],[-16.793121019443568,28.364818748482982],[-16.794260544002267,28.364965830246273],[-16.794117943849482,28.364573432590717],[-16.79415705068732,28.364466159506843],[-16.794291486927033,28.364336965702588],[-16.794369020805355,28.36380919244232],[-16.79448639238311,28.363563267258115],[-16.794471803126335,28.36330861106323],[-16.794498583527588,28.363275229289613],[-16.794897751611668,28.363363375749984],[-16.795108716554356,28.36329562206418],[-16.795388424978196,28.362826731783635],[-16.79577098556595,28.36257695134947],[-16.796282747554713,28.363347386725575],[-16.796674922921017,28.363734958287665],[-16.79697357940185,28.363894452470774],[-16.79716705820112,28.364223907912386],[-16.79722677222248,28.364546553740052],[-16.797609710625565,28.36480330060264],[-16.79822487762195,28.36496439273204],[-16.79855785323131,28.365150052300226],[-16.79867388685774,28.365170089318806],[-16.798918439968634,28.3651156937224],[-16.79938692070839,28.36489941904778],[-16.800587257195676,28.363652731212873],[-16.800627590485206,28.36353483100121],[-16.80039867668522,28.363448716419757],[-16.800377278555885,28.363204505041068],[-16.800303422561143,28.363093420784445],[-16.800431064750565,28.36263840215448],[-16.80035905610934,28.362466169995855],[-16.800496489720103,28.362187209599202],[-16.800862318140297,28.362185986595694],[-16.801192035912997,28.361883014125002],[-16.801164496793525,28.361810912450476],[-16.80081839566654,28.3615385062367],[-16.800580739312302,28.36148499876418],[-16.800205258102338,28.361481394142668],[-16.80009124839441,28.361390971797004],[-16.799815976955685,28.361380547138484],[-16.79970052635693,28.36127716540415],[-16.79939858189699,28.361280070123478],[-16.799337937697242,28.361236528909565],[-16.799363881521117,28.361107487218554],[-16.799662158346365,28.36088724830819],[-16.800096499605125,28.36067018405834],[-16.800051252470997,28.36054869446771],[-16.800121790538473,28.36022848493106],[-16.800098169429308,28.36007857073319],[-16.800022171839498,28.359973871804076],[-16.800065017269635,28.359869694873748],[-16.79999508744804,28.35964801310157],[-16.8000135240177,28.359573396362705],[-16.800215838773013,28.35958299662766],[-16.800282182171184,28.359524064017275],[-16.800575799187772,28.35945509381395],[-16.80086502854271,28.35953146998829],[-16.801579640353964,28.359283939452197],[-16.802171209605763,28.359418637167803],[-16.80242324786548,28.35924692092666],[-16.802976404445126,28.359210505511747],[-16.80328146392458,28.35913950963721],[-16.803636320914322,28.358725380045808],[-16.80372459127361,28.358485517980295],[-16.803632460144794,28.35817124561134],[-16.803452713201246,28.358032934026802],[-16.803470497646085,28.357968535589276],[-16.80366724534533,28.358014212837993],[-16.803826922218047,28.358148097043014],[-16.804103631628195,28.358542409173864],[-16.80419656701067,28.358825716984914],[-16.804362402443257,28.359003918780097],[-16.804496096524208,28.359055122007636],[-16.804741979974477,28.359044196209023],[-16.804881098642504,28.35910245646835],[-16.80500488352325,28.359231219293115],[-16.80523859136606,28.35927243404878],[-16.805519964637234,28.35922457847397],[-16.805846662279883,28.35910609297549],[-16.805992458822363,28.35888387718695],[-16.806171688683694,28.358852805137207],[-16.80625014904121,28.358678588347356],[-16.806422732844013,28.358538228978343],[-16.806454332334354,28.358307779673716],[-16.806546262791123,28.35808564544066],[-16.806874895318174,28.357762459826],[-16.807100729548836,28.35730292471362],[-16.806881413703607,28.357942508373675],[-16.8067042184918,28.35824418542021],[-16.80662727604727,28.358480857869317],[-16.806613645540367,28.35890786293561],[-16.806554924730914,28.35899947117534],[-16.806646984063455,28.35930413125555],[-16.806582247119866,28.359421222770067],[-16.806454583131174,28.359485805283995],[-16.80653235129467,28.359775493907946],[-16.80677122147483,28.360025605234792],[-16.80684806809693,28.36022648825786],[-16.80675801472588,28.360866036768964],[-16.8071300396245,28.361177254918562],[-16.807118407419487,28.361286729987626],[-16.806878924427,28.36156553513548],[-16.80674996058308,28.361854038128296],[-16.80659644135662,28.36190354095354],[-16.80657871729058,28.362031650770877],[-16.80634501831198,28.362256385760013],[-16.806137227435443,28.36230615607224],[-16.806041625529218,28.362402088158372],[-16.80544254396626,28.362534019057232],[-16.80510092450353,28.362488819410206],[-16.804985322900233,28.362421855494848],[-16.804604106388656,28.36239396420723],[-16.804271199942818,28.362206423393516],[-16.804117636023918,28.36196389618847],[-16.80412098553031,28.362149843654365],[-16.804219567057977,28.36237468895734],[-16.80462740586575,28.36267359093036],[-16.80466069532732,28.362952724395626],[-16.80444209097021,28.363117244539133],[-16.804250732950862,28.363131419069706],[-16.804166321255888,28.36319543608535],[-16.803954389166506,28.3631634071443],[-16.803926783082666,28.36329254992542],[-16.803865636927753,28.36333875161913],[-16.803132723575633,28.36352979341922],[-16.803175511359882,28.363610013344452],[-16.803533697091357,28.363584319839283],[-16.803865367442455,28.363650338791032],[-16.803653646845177,28.363816057118992],[-16.80356871400259,28.363969963176036],[-16.80381712731183,28.3640415779738],[-16.80383992725969,28.364092715007654],[-16.803713126243753,28.364226238752302],[-16.803689720566723,28.364332313818313],[-16.803771617309536,28.364390971208138],[-16.803961541797303,28.364406506346196],[-16.803986065508273,28.364499222763595],[-16.80373372247867,28.364635671483214],[-16.80352040147265,28.364624235850147],[-16.803376557557247,28.36467306571898],[-16.802973808146188,28.36508278390694],[-16.802317923695234,28.36539538948897],[-16.80217587518313,28.365641105678584],[-16.801985254406816,28.365626750485557],[-16.801835484907947,28.365687298538948],[-16.801332640973715,28.36611827014276],[-16.800547031260283,28.36651011016953],[-16.800393466582268,28.36650311443508],[-16.800260461813565,28.36660801966192],[-16.79997020725391,28.366662931069893],[-16.798761532470735,28.367063596452144],[-16.798160454236164,28.367103474266365],[-16.79662065185158,28.366866045025645],[-16.796217082912953,28.366735547617733],[-16.795958674069993,28.36647643419438],[-16.79591997411628,28.366753179931855],[-16.795685001277825,28.366970875322682],[-16.79466360920209,28.367212915749832],[-16.794364845932243,28.367380912471912],[-16.793738537717097,28.36744962004323],[-16.79328605682376,28.367365150219513],[-16.79259929712857,28.36731552624256],[-16.792359094014618,28.36720434652646],[-16.79198998351535,28.36715099292558],[-16.791633475498912,28.366979343571366],[-16.79109371342783,28.366891772200184],[-16.790781475833747,28.366907787278326],[-16.79044484399808,28.366832073440474],[-16.789947788689037,28.366492697682947],[-16.789833693859784,28.36647876434235],[-16.78940538004022,28.36656335166553],[-16.788454934970826,28.36700917764927],[-16.788412383954334,28.366957114817204],[-16.78820018044136,28.367058183717454],[-16.787631410585806,28.367102464436577],[-16.7874273484428,28.36720540172037],[-16.786799345357828,28.367167160702614],[-16.786707291800955,28.36711692847875],[-16.786753265562087,28.366919684354965],[-16.786736213681895,28.366730124995524],[-16.78658413521496,28.3663612161501],[-16.786496476795016,28.366280965164574],[-16.786459502496495,28.36629679126473],[-16.786450808867134,28.366679178383993],[-16.786217480690343,28.367002331616664],[-16.786003287853653,28.367134006892883],[-16.785773545413075,28.367159668502065],[-16.785586206958136,28.367250020546315],[-16.784715235746358,28.367367735829276],[-16.78460752592257,28.367351277921475],[-16.784366630901026,28.367167807493914],[-16.783272949589197,28.36745727563496],[-16.782898362004993,28.367246439023265],[-16.78283221321604,28.367253477014525],[-16.782690449593442,28.367343874686533],[-16.782520942036705,28.367337251869184],[-16.781528063737642,28.36773097329241],[-16.780780788643945,28.36817535452086],[-16.780497361563274,28.368261269842137],[-16.78021688036224,28.368242553254444],[-16.7799705347395,28.36799507280527],[-16.77966098503661,28.36787295400189],[-16.779260220597955,28.367921864653677],[-16.77881896810589,28.36806966863794],[-16.77853797025428,28.36811168958572],[-16.778042607297987,28.36812898228536],[-16.77736789707538,28.367975975164345],[-16.776794370590892,28.36802325098783],[-16.776102835454736,28.36847707811439],[-16.77571409070306,28.368451550856392],[-16.775158997505827,28.36873601216601],[-16.774561082194914,28.36865463744258],[-16.77439484134718,28.368726019199514],[-16.774146239388774,28.36894313439125],[-16.773813888831977,28.368972218969795]]]}}]}