{"type":"FeatureCollection","features":[{"id":"136","type":"Feature","properties":{"categoria":"Parque Nacional","nombre":"El Teide","codigo":"T-0"},"geometry":{"type":"Polygon","coordinates":[[[-16.61874279035133,28.196362937437932],[-16.619149516201198,28.196477852205255],[-16.62039328559509,28.196994522828643],[-16.62054522791279,28.19711970554709],[-16.62066342648079,28.197310719182454],[-16.62101731017044,28.19756644798015],[-16.621093422614102,28.19773620946632],[-16.620907879775917,28.19836817366332],[-16.620905655157312,28.19858525181643],[-16.620798845960817,28.198784526061242],[-16.620676200977567,28.199264305002657],[-16.62083294973632,28.200038419626516],[-16.620807558795757,28.200178517984547],[-16.620377917839736,28.20014849947147],[-16.620688516957753,28.200336873213704],[-16.62073067151724,28.200699991970968],[-16.620587571583094,28.200742570333006],[-16.620531805385493,28.200807308492266],[-16.62053012298147,28.20101309889405],[-16.6204379889342,28.20114541391423],[-16.62027544627814,28.201155280909298],[-16.62009550738586,28.20107221547816],[-16.61992052990251,28.201108672603663],[-16.61981848790496,28.2013826703409],[-16.620092269936958,28.201615740601667],[-16.620098311908325,28.201805194497833],[-16.619922090423255,28.202089312965693],[-16.6194228661349,28.20255098646497],[-16.619090143882456,28.203012944186067],[-16.618513181485888,28.20364024115289],[-16.618347228434605,28.20395131132279],[-16.61853162371065,28.204610212832534],[-16.61843202580074,28.204909216794714],[-16.618508889058052,28.205361814783778],[-16.618487922740968,28.205702757341303],[-16.618657780318866,28.206136204925937],[-16.618800420194034,28.20636916764445],[-16.618710785730546,28.207096742227073],[-16.618760425632292,28.207242811391055],[-16.618770171342746,28.207741328272185],[-16.619036878998642,28.208875323995713],[-16.61906996687095,28.209675902404957],[-16.61930439127501,28.210273290955577],[-16.619229586447773,28.210569745612247],[-16.619043629523677,28.210842697080267],[-16.61903313013604,28.211012040332495],[-16.618673882865707,28.211722499128967],[-16.61871269148854,28.213662417257545],[-16.620280125476533,28.213050464629543],[-16.620661422994143,28.21285190977544],[-16.62083952170606,28.212648993110427],[-16.620912901874682,28.212363835883597],[-16.62115258776061,28.211959382636348],[-16.62114955533691,28.211758612191797],[-16.621446442227544,28.21084131143137],[-16.621850766565462,28.210249892784933],[-16.62188725017261,28.210093778861356],[-16.62213489633699,28.2097952734672],[-16.622362989484486,28.20904574924323],[-16.62234855201964,28.20893310788545],[-16.62202906288111,28.20875414012328],[-16.621503706655865,28.208245942849466],[-16.621390025211184,28.208012640036],[-16.62137575436807,28.207489358572516],[-16.621520830013946,28.207250732519555],[-16.621858451688706,28.20694439240882],[-16.62291125242494,28.206498706532773],[-16.623103615390967,28.206376843034082],[-16.623402827729645,28.206057417471573],[-16.62366029528574,28.205946061902456],[-16.624236313438512,28.206036243099913],[-16.624572870354665,28.206039015629983],[-16.62562460943518,28.205818947060052],[-16.62583813918919,28.205392234490745],[-16.62601570364795,28.205155474123295],[-16.626451476997335,28.204730631538943],[-16.62687072705269,28.204245065372582],[-16.627136303400153,28.203829013265544],[-16.6273779439967,28.203598257908407],[-16.628897152812804,28.20347187864596],[-16.629347245699172,28.203299556678346],[-16.629725920905447,28.203078446536562],[-16.630028903516678,28.202799574748983],[-16.630367469759253,28.20257894076223],[-16.630939029367784,28.20235552874484],[-16.631210068360296,28.202300403816693],[-16.631734232786346,28.202373122090002],[-16.63195014129397,28.202084003442163],[-16.63208505043207,28.202037269234403],[-16.6329684179452,28.201907147670124],[-16.633366424298874,28.20176476568844],[-16.633826172610895,28.201788607551517],[-16.633987249441493,28.20174607150719],[-16.63455898259426,28.20134665539871],[-16.635519701042295,28.200944843978448],[-16.636039322269497,28.200420479560396],[-16.633741067951973,28.195310036916933],[-16.63384554621143,28.19528215222749],[-16.633949557101154,28.195331323923334],[-16.634249895162256,28.19579947373781],[-16.63493424631415,28.195263002880267],[-16.6351650954468,28.19540336283692],[-16.635334273565846,28.195655385576462],[-16.635609008925968,28.195185690485037],[-16.63576892104684,28.195070046073372],[-16.635962756914846,28.194831499733912],[-16.636330767840168,28.19459124050433],[-16.636518207394317,28.19452204260078],[-16.63667745056642,28.19455850330337],[-16.636895984653506,28.194717581045037],[-16.63701580004271,28.194722248643558],[-16.637064127106985,28.194673558294486],[-16.637332997240456,28.194759986649082],[-16.63779753794561,28.195075852342157],[-16.63795106289334,28.195266310092997],[-16.638422369010325,28.195316225571187],[-16.63864430169445,28.195263127475883],[-16.638818788351237,28.195411240660054],[-16.63883510902163,28.19561630035574],[-16.639212610108736,28.195912030767214],[-16.639440596672355,28.195720262221588],[-16.639751253895607,28.19533072203067],[-16.639855768426898,28.194495290693894],[-16.639910580018334,28.194441070582123],[-16.64010460711383,28.194438555691875],[-16.640620412580276,28.19458697043601],[-16.640903991138078,28.194730372314623],[-16.64096180443787,28.195089014981754],[-16.641175182332173,28.195826567441117],[-16.641148992839774,28.19675798938082],[-16.641097659581487,28.1969257269577],[-16.641235501786245,28.198010365966418],[-16.641447793870572,28.198676306855006],[-16.641866065998904,28.199353568990464],[-16.64212627893956,28.19918481094077],[-16.642707895587893,28.1986227938789],[-16.6435261579536,28.198464055716876],[-16.64467458308548,28.198599168379452],[-16.645278052344086,28.19859191333235],[-16.645823017742867,28.198713965029125],[-16.646437606759573,28.19866370253802],[-16.647810046237804,28.19866748732706],[-16.64859551245808,28.19886135100947],[-16.648581137525724,28.198642080666563],[-16.64848645505876,28.198355287259055],[-16.64806544930135,28.19773727763101],[-16.647619832823548,28.19733224327011],[-16.64711586180604,28.196981175092187],[-16.64686045464665,28.196675424197],[-16.646766954443397,28.196457811518442],[-16.6468360539352,28.196155022776267],[-16.647253764431817,28.195698178357574],[-16.648107747771444,28.19514779673527],[-16.648278676305267,28.19495319157103],[-16.648559451623505,28.194754643401374],[-16.648964935009637,28.19429642516155],[-16.649067389618885,28.193752212969365],[-16.64893538655677,28.19312342832983],[-16.64921675526251,28.192674114434883],[-16.64975784373248,28.192594210457493],[-16.650088453227443,28.192599438868008],[-16.65065063419337,28.19280840052309],[-16.65076789209316,28.192724994379414],[-16.65088097764118,28.19272869318735],[-16.65115778217797,28.192535739314263],[-16.651294320481554,28.192008243829104],[-16.651382573479008,28.19188554957752],[-16.65155231766829,28.1917827736217],[-16.651649772870034,28.191621278174306],[-16.651948137545435,28.19075133544023],[-16.65207968306371,28.190114156047375],[-16.651934760615717,28.189862195902627],[-16.652041312001188,28.18976840392201],[-16.652284779345695,28.189804696183877],[-16.65262338807014,28.18994577404711],[-16.652805055783556,28.190142246446577],[-16.652859785191076,28.190427532061015],[-16.6527703283547,28.190746561531824],[-16.65265449653781,28.190939641353268],[-16.65265384631855,28.191085420234515],[-16.652834295091544,28.191485889176334],[-16.652864074268653,28.191767550202442],[-16.65299269771002,28.192033035882872],[-16.652954896931107,28.1921363588565],[-16.65275501886383,28.192320345972167],[-16.652432658835934,28.192740740339616],[-16.652334431078586,28.193158599367038],[-16.652143003379948,28.193561040846184],[-16.65184474038223,28.193811302458066],[-16.652009615446037,28.193986544107723],[-16.65188411419403,28.194176454990437],[-16.652212450649568,28.194416372286916],[-16.652214863064525,28.194552674041773],[-16.652360468041802,28.19465118310431],[-16.65267285461933,28.19505130411881],[-16.65350613000227,28.19469313650725],[-16.65402974794586,28.19423904475727],[-16.654449746931515,28.19400602448352],[-16.654860860214566,28.193996405568335],[-16.655046214667674,28.194075081544053],[-16.655117450873817,28.19416178896656],[-16.655161457317245,28.194489042584962],[-16.655304825741794,28.194789282919313],[-16.655545398853352,28.19572282739742],[-16.655739578073845,28.19620587523052],[-16.65589474450097,28.196372493173133],[-16.655920610403196,28.196550332419932],[-16.65606766003622,28.196725622052],[-16.656092447740267,28.196906181776868],[-16.65625850529753,28.19690038140063],[-16.656379023918106,28.197126170436512],[-16.65746115625374,28.19595616051264],[-16.65828491874555,28.1948564915505],[-16.658607018033617,28.19470598680434],[-16.65886991094337,28.194704478712076],[-16.659129314182405,28.194817999075212],[-16.659713784087735,28.19528689512825],[-16.65997594608042,28.195167483039814],[-16.66042491566542,28.195121586147337],[-16.660631200562104,28.19514697893358],[-16.661255024857216,28.19535079776614],[-16.661476246939355,28.195519937409276],[-16.661730631107915,28.195851943845664],[-16.662360636315864,28.196250683841324],[-16.662541205630575,28.196609938110246],[-16.662479263540487,28.196853009812568],[-16.662970336165753,28.196831158671955],[-16.663379915266695,28.196743602313433],[-16.663797290839586,28.196449189093094],[-16.664055653175893,28.196345690280065],[-16.6643711121173,28.196304670928548],[-16.664549786252437,28.19635060032458],[-16.66524624356125,28.19708577919539],[-16.665335176645936,28.19726329986785],[-16.665297830323627,28.19755489806854],[-16.665016457443485,28.197908940098618],[-16.664950054318517,28.198218761118],[-16.66502490732698,28.198591932869785],[-16.665010863627543,28.1987374048414],[-16.665235875771433,28.198523393365786],[-16.66570593020222,28.198213279655153],[-16.665854488887902,28.197652621541163],[-16.666278790581035,28.196924388395864],[-16.6664292448841,28.196798039464635],[-16.66661982575995,28.196412840725284],[-16.66691845181755,28.19642702315544],[-16.667209057329057,28.19633109467766],[-16.66847616812944,28.195610028810748],[-16.668720971656136,28.19554366173079],[-16.670723637976998,28.195583048642582],[-16.670874930485283,28.19559682343101],[-16.671059195034918,28.19570015559712],[-16.671153277250074,28.195836870982028],[-16.67118313040246,28.196093246715197],[-16.671041402541668,28.196918824499196],[-16.671122672447865,28.197206213565597],[-16.671336896177966,28.19735122634228],[-16.672555754103122,28.197651157388663],[-16.672806998835917,28.19778107685263],[-16.672962665875016,28.198000256438416],[-16.673268280008447,28.198710144634695],[-16.67339326539983,28.19918749481604],[-16.67322471989195,28.19944693689015],[-16.672760669498945,28.19976859949101],[-16.672107876693588,28.1999284316414],[-16.671890334412097,28.20005486645439],[-16.670177725488962,28.20171528153713],[-16.670030967689822,28.201932055012346],[-16.670034519473226,28.202185963169015],[-16.670197676790377,28.202373133272463],[-16.67044276286758,28.2024504085083],[-16.671816970797572,28.202212377979873],[-16.672343344043718,28.20224225206151],[-16.672677413490455,28.20235199007662],[-16.67280033135035,28.202507493206515],[-16.67295290987177,28.203006580965862],[-16.673163261702236,28.20316566235714],[-16.673528205692904,28.203310894491707],[-16.673655269336038,28.20341066251614],[-16.673700286349344,28.203627566370066],[-16.673571714359202,28.20413690623619],[-16.673618970669402,28.204343214560765],[-16.674253349197606,28.205549461401368],[-16.674483468444823,28.20579257289254],[-16.674855326467625,28.206060319438553],[-16.67515339387826,28.20608563075286],[-16.675529151072734,28.20595876908871],[-16.67671027973015,28.204869823471814],[-16.67741906345695,28.204557989266856],[-16.67791428538006,28.20425997080198],[-16.67848689496021,28.203828795850793],[-16.678954956969818,28.20361780891864],[-16.67925240700467,28.20363335414687],[-16.679423802030694,28.203825636928205],[-16.67948570323711,28.204373507787],[-16.679291418679533,28.204716789065856],[-16.679249762178028,28.20490503568702],[-16.67956373494335,28.205747289709777],[-16.679681266009656,28.205939827164666],[-16.6798575801082,28.206059443773615],[-16.680203153945104,28.206153805550873],[-16.680733297687595,28.206211072012138],[-16.68126042106145,28.20616846830913],[-16.68145422070075,28.206252158866874],[-16.68574626222394,28.203930745672476],[-16.69254944852906,28.210854890055835],[-16.697775622350818,28.21392361921592],[-16.710954022713267,28.243246419438172],[-16.71230954122759,28.253436484324634],[-16.712223878468784,28.253431873707537],[-16.713915800869056,28.254426297652582],[-16.71460167801767,28.25502166339941],[-16.715026723855214,28.25565717433257],[-16.715695230653303,28.257138635707314],[-16.716102567623608,28.257686365077646],[-16.716512841070635,28.2580411620917],[-16.71695901410164,28.258311315188614],[-16.717473238349786,28.25852067832016],[-16.719732555669633,28.259141434186393],[-16.72018704228583,28.259371239563112],[-16.720649682229503,28.259740471475496],[-16.720841530318417,28.259927808532744],[-16.72116062664545,28.260381720129494],[-16.722528557862237,28.26363767161214],[-16.722893795280815,28.264286651713014],[-16.72323673316625,28.264734724712234],[-16.72393536996855,28.26543018741617],[-16.724886315284078,28.266099529024814],[-16.728610873432164,28.267709424662804],[-16.729204176938747,28.26811718553337],[-16.72955767457112,28.26854513596548],[-16.73000689961019,28.269296589275935],[-16.730165582843924,28.269671367975988],[-16.730232865611324,28.270005393691253],[-16.73022722885068,28.270228076284365],[-16.730013813772928,28.270796327485378],[-16.7293613597826,28.2715596272227],[-16.71409084919629,28.271789174055016],[-16.71462225876896,28.272083792479908],[-16.71484923232675,28.27253299006906],[-16.714556150497963,28.272398771933958],[-16.71454490842273,28.27251154123734],[-16.714488391291777,28.2725661280742],[-16.714573858961593,28.27272795099651],[-16.714471339860268,28.273073620173403],[-16.714553416865183,28.273284670225742],[-16.714485850467568,28.27373142845081],[-16.71432282786792,28.273971997302855],[-16.71404130152728,28.274164958810022],[-16.71388240578486,28.274192221861746],[-16.713682661298687,28.27415763660449],[-16.71349340654711,28.274039621517566],[-16.713035359985227,28.27402497115651],[-16.713077470587375,28.2741083726893],[-16.713415768024753,28.274379653284758],[-16.71363028392298,28.27467468677546],[-16.71354201049251,28.27471333697648],[-16.71301828458429,28.27467153406309],[-16.713149124338045,28.27476384012035],[-16.71318283890273,28.274844910242212],[-16.713101926281116,28.275050514951694],[-16.713172729863928,28.275130488148342],[-16.713172873114594,28.27520313514604],[-16.712978557988063,28.275622603475732],[-16.712723956063382,28.27584220858771],[-16.71277136291353,28.276020844544952],[-16.712730565025844,28.276140572379543],[-16.712478872678247,28.2763446181104],[-16.712240258898955,28.276372156884054],[-16.712208267550498,28.27646253416044],[-16.712081439715135,28.276551031883237],[-16.71155493674315,28.276591112441974],[-16.71153448265602,28.276689015989437],[-16.711661060635098,28.27705022253657],[-16.711582392893973,28.27721798481365],[-16.711345559885018,28.277337912669307],[-16.710837628194135,28.27723904826347],[-16.7106744474481,28.277323848742956],[-16.71029270447691,28.27733873733892],[-16.709813413661685,28.277571348688003],[-16.709209674531756,28.277524757419222],[-16.708945887003313,28.277335832201103],[-16.707979893853214,28.276340487973286],[-16.70758783151062,28.276705205383863],[-16.707862282972666,28.27708992639875],[-16.70846101726488,28.277538456431216],[-16.708808149658022,28.277660730231094],[-16.709398264890325,28.278015958076555],[-16.709643576835106,28.278254298223594],[-16.709520330067342,28.278286434715067],[-16.7092202697188,28.278220158609017],[-16.70829108346867,28.277724054308578],[-16.707752509496647,28.27753838299868],[-16.707881735536276,28.27770209970482],[-16.708808777172532,28.278364107726613],[-16.70772450780935,28.278045199631407],[-16.706785702758676,28.277904327357966],[-16.706819659520022,28.27799442081828],[-16.707275769667614,28.278289242644846],[-16.707950582562297,28.279001157229636],[-16.708045491431033,28.279205462779068],[-16.70796436820446,28.279775575127065],[-16.707841251660057,28.279847958712836],[-16.707490567030263,28.279918765508803],[-16.707185305207695,28.28006986496861],[-16.707143135261397,28.28010405425967],[-16.70711826683845,28.28031536271542],[-16.707053509807977,28.28035876877943],[-16.706555123050997,28.280494772823833],[-16.706215666846276,28.280464359401275],[-16.70582812830303,28.280359460151267],[-16.70574841778996,28.280302607390563],[-16.705631224759628,28.280094336867695],[-16.705443233009753,28.280068527512082],[-16.705058781369157,28.280221242930903],[-16.704724088990453,28.280163421404946],[-16.704609940236455,28.280216557822865],[-16.705179690862543,28.280586046276213],[-16.705422183500275,28.280884353306078],[-16.70569161056635,28.28143970809017],[-16.705743204978415,28.281766480020103],[-16.705662589173823,28.281870368582606],[-16.70550793930907,28.28191543816114],[-16.705326179336016,28.28189704142773],[-16.705158773715443,28.2818069895329],[-16.70503358847114,28.281813786897896],[-16.70497904143651,28.28213980865206],[-16.704867686250413,28.282349218398704],[-16.703883636618425,28.282525569211483],[-16.70408759846407,28.28270252568411],[-16.704002110497086,28.282897533441716],[-16.704039582991957,28.283125210504156],[-16.70432506278606,28.283261079617215],[-16.705167574519557,28.283466162244974],[-16.705309158689733,28.283547872768],[-16.705509570038963,28.283770446054024],[-16.705534838365544,28.283871838885737],[-16.70519353845972,28.28443012778753],[-16.70486865446994,28.284201707887625],[-16.704797382698878,28.284201153729125],[-16.705197176156993,28.284709577459278],[-16.705162592933846,28.28487452966618],[-16.705080933751457,28.28486832956758],[-16.7043984583976,28.284335908708815],[-16.70424525062763,28.284324554548057],[-16.704174846066195,28.284429668566588],[-16.704130746223807,28.284803751544683],[-16.703815199451086,28.284956777233866],[-16.7037114802314,28.285379705667175],[-16.70360782183956,28.285545248613506],[-16.70358842113911,28.28574186828553],[-16.70333407332258,28.285800813948143],[-16.70326980258998,28.285862261683604],[-16.703387885519025,28.286094257901027],[-16.703407288837248,28.28630122312911],[-16.703152321731814,28.286282924720417],[-16.702866940869225,28.28605120977064],[-16.70314490208319,28.286470099452615],[-16.702572718043438,28.286167145988895],[-16.702501564211268,28.28637912110668],[-16.70229685938149,28.28636723369122],[-16.70205648820206,28.286446127896763],[-16.701827878470482,28.28689272230916],[-16.70176594615717,28.28723589168546],[-16.70150382374542,28.287299894548656],[-16.70117930900039,28.287671875429908],[-16.700952295513545,28.287667754516985],[-16.700554349017064,28.287570100204935],[-16.700557892179226,28.28800468623731],[-16.700503715144016,28.28818179409017],[-16.700281865473173,28.288438512228392],[-16.699918014784597,28.2885041398645],[-16.699911031956482,28.28868065994414],[-16.69954256280385,28.288474880702818],[-16.69919151510963,28.28843511887826],[-16.69874631532526,28.288694072432016],[-16.69871008127525,28.288781431240217],[-16.698733885375837,28.2891183887267],[-16.698235627775084,28.288893283259597],[-16.698240112214215,28.28932993354096],[-16.69816775930973,28.28953767993382],[-16.698164242880846,28.28984925688255],[-16.698038490148,28.290045754723142],[-16.69796599345927,28.291111663033245],[-16.697907845090068,28.291077460515623],[-16.697769787429596,28.290794267010483],[-16.69749690359188,28.29002658810095],[-16.69725962644191,28.289812854334297],[-16.696982631891437,28.289794728192092],[-16.6967732346618,28.289892360846906],[-16.696704227998847,28.290157010944323],[-16.696790645085734,28.291150731807026],[-16.696760820731143,28.291378796089894],[-16.696536411708177,28.290973667435907],[-16.696250687146915,28.29016724879811],[-16.696134149716443,28.29005137515629],[-16.696052073505992,28.290141288226437],[-16.695990470874616,28.290545097488927],[-16.696074165773627,28.290801623373543],[-16.69588139723004,28.29109298941616],[-16.695687583069216,28.29216103563249],[-16.69558524820668,28.29220156410383],[-16.695479653553104,28.292042867152723],[-16.695383240683956,28.29149851999855],[-16.695143504215686,28.291489854791642],[-16.69504692916017,28.291585001155],[-16.69493099172122,28.292298491039514],[-16.69479096945426,28.292026058180657],[-16.694672792357874,28.291613651286394],[-16.694479796533464,28.291376079243207],[-16.69449375489005,28.291072946019153],[-16.694229908581935,28.290127721627794],[-16.69399285692658,28.289766876137445],[-16.693680999748018,28.289510832722804],[-16.69347574940934,28.289445512598952],[-16.693173388672616,28.2896798442251],[-16.6928477693071,28.289720161145],[-16.692536332382804,28.289593614706735],[-16.692112519538814,28.289220731323862],[-16.691824135591304,28.289294607562198],[-16.691378886268105,28.289197151545395],[-16.69127773236241,28.28935101280406],[-16.691171260651906,28.289252337527717],[-16.691121681770962,28.289263420288627],[-16.69100511681684,28.28944210975777],[-16.69071672257178,28.288999317669177],[-16.690520113644492,28.288970977675465],[-16.69033078700803,28.289119612594153],[-16.690035767734734,28.288915515037985],[-16.689582597481085,28.288819865795386],[-16.689296123149767,28.288943710144753],[-16.688899475848473,28.28894744368457],[-16.68852517064894,28.288874550462317],[-16.68791663877283,28.28902547761101],[-16.687912443044855,28.28865614670579],[-16.68739464650958,28.28900070383428],[-16.687236956713644,28.28919036719664],[-16.68723708684617,28.28934730590823],[-16.68747050214047,28.290047900186977],[-16.68748521511431,28.290237328210882],[-16.687384377664454,28.290566804357073],[-16.687155926981035,28.29076934504858],[-16.6865563960473,28.291045779702966],[-16.686073033876312,28.29136373506744],[-16.685921844489755,28.29139691790491],[-16.68526028767186,28.29129615649825],[-16.68515763084615,28.291316465783837],[-16.68507736601157,28.291586754903765],[-16.684838081148847,28.291846281513354],[-16.684945209815375,28.2921098358336],[-16.68491663046656,28.292159644147183],[-16.66487955310263,28.30378585204153],[-16.664873945643585,28.305100780203485],[-16.664763128200907,28.30494194195439],[-16.664681735198084,28.30501513292907],[-16.664530716996474,28.305037280450396],[-16.66446100433965,28.304837329127338],[-16.6638308968926,28.30532106896191],[-16.663695103283228,28.305318211825085],[-16.663555292080353,28.305180031723342],[-16.663385983738134,28.305112153039005],[-16.66314219088232,28.305069999907996],[-16.66309420607617,28.305201444010162],[-16.662933895813897,28.305343281439544],[-16.662950575220137,28.30555516073665],[-16.66285011763129,28.305754929964714],[-16.66240439493184,28.306006284932284],[-16.66229600886591,28.306188100773426],[-16.662350834855378,28.306496532030387],[-16.66221645735987,28.306482375232143],[-16.66212755521807,28.30656468099286],[-16.66204093905603,28.30650707463832],[-16.66164848980559,28.30651636540445],[-16.661600432458847,28.306643297518285],[-16.661504704922656,28.306676049637755],[-16.66107758076929,28.30634056262408],[-16.660806882954017,28.306289708022177],[-16.660774022159117,28.30634876902052],[-16.660816915371598,28.30664832142225],[-16.66078964276136,28.306738901196518],[-16.66067230743858,28.306632031390407],[-16.66056210801187,28.306840942385097],[-16.660369094978623,28.30668310046461],[-16.660169865613476,28.306658449564615],[-16.66009417955795,28.306873708994615],[-16.660037177630095,28.306917270067466],[-16.65987450942888,28.306722959178693],[-16.659868996028596,28.30688096012138],[-16.65997009827432,28.307317433011686],[-16.659810539878432,28.30736449747439],[-16.65939968095188,28.30715289828294],[-16.65934855354375,28.30720541245112],[-16.6593407671613,28.307401796396977],[-16.659215649348496,28.307471003440035],[-16.65926684706512,28.307628314934917],[-16.659462034364783,28.3077003964168],[-16.659737935718326,28.307983578729523],[-16.659869442013996,28.308243698428246],[-16.65967638642224,28.308329525520552],[-16.659283523668304,28.308230517189887],[-16.659077523716668,28.308242046267225],[-16.659296502934613,28.308512384187534],[-16.659380574404672,28.3087550314576],[-16.65937717518556,28.308967155412233],[-16.658804384042188,28.309574267183535],[-16.658601554133458,28.30946166617488],[-16.65854246356074,28.309493971057737],[-16.658500696583655,28.310252561280475],[-16.658197792700324,28.309707985673676],[-16.657979960742576,28.309552698225776],[-16.657859999847926,28.309666965435955],[-16.657588106252614,28.309724416751713],[-16.657584965380103,28.310241124456137],[-16.657535790757724,28.310440267201407],[-16.657211878239597,28.30999972960015],[-16.656993646762448,28.309900850392314],[-16.65676800632773,28.309673457389607],[-16.65651441381467,28.30955470083784],[-16.656130872496885,28.309214156941156],[-16.65580090661807,28.309863433814094],[-16.655881382439578,28.309997829427747],[-16.655800996887034,28.31011612712595],[-16.6555566107375,28.310159703516764],[-16.65552837966987,28.310065285567767],[-16.655432410874376,28.310041631475933],[-16.655210777632487,28.31013456766633],[-16.655028032170627,28.310145808709194],[-16.654798171229846,28.310304273837854],[-16.654498035086345,28.31030791270828],[-16.654357350652585,28.310463039806386],[-16.653497304321444,28.310043250069644],[-16.653441840832745,28.31007695281975],[-16.653280532959602,28.310031978000996],[-16.653015433437957,28.309869583935246],[-16.65282568253512,28.310108693016883],[-16.652624340828858,28.310211577360935],[-16.652573389410158,28.31033267551984],[-16.652375210486866,28.310297170901695],[-16.652125482436755,28.310423292626194],[-16.651876721972542,28.310367913276785],[-16.65178550587849,28.310503306474683],[-16.651663218315914,28.31056155253763],[-16.65146049647472,28.310502637066588],[-16.651335086780392,28.310761451914065],[-16.65062079535247,28.31029619999018],[-16.650462744459272,28.31027058577044],[-16.650376520773357,28.31030673500298],[-16.65035502867849,28.310559328683222],[-16.650315734983003,28.31058362935021],[-16.65002148069349,28.31060009275195],[-16.649790807829238,28.310414984801326],[-16.6497273192821,28.310411149611276],[-16.64959349892578,28.310515108574204],[-16.648967300536615,28.31074243032509],[-16.648559794335092,28.310755205017333],[-16.648285260143048,28.310701484140484],[-16.64798960160018,28.310461565022564],[-16.647491636277483,28.31059961031508],[-16.647290812618202,28.31098134765985],[-16.647191544946384,28.311468171401977],[-16.64727557371375,28.311785733308245],[-16.64714024421116,28.31284417305585],[-16.64701697192644,28.312845480366317],[-16.64681393371715,28.312686747371067],[-16.646490854016225,28.312765461445256],[-16.64629014235505,28.31293646652274],[-16.645976829018796,28.312709120144874],[-16.645639361061527,28.31254884796223],[-16.64545725958454,28.312385347981785],[-16.64534757016686,28.312050493320537],[-16.64541509533688,28.31162273465064],[-16.645357163082807,28.31151259989042],[-16.644876364904817,28.31129232379149],[-16.644611749619518,28.31130397815059],[-16.64397927867749,28.311700685855993],[-16.643742919230608,28.31195032584778],[-16.643628665560815,28.312269466139462],[-16.643528773669093,28.31325599987368],[-16.64348813585375,28.31330182099047],[-16.64323100156046,28.313368587595548],[-16.642813337951566,28.31336881492163],[-16.642393785932015,28.312971420657682],[-16.64215663508589,28.312811565874416],[-16.64170238022576,28.312840793630667],[-16.64153805102343,28.312940373952124],[-16.641436901772934,28.313082720939352],[-16.641249959098957,28.31364556488543],[-16.641236172438575,28.31387008802332],[-16.641166367550973,28.31397437918109],[-16.640435067370543,28.31401219587657],[-16.640045059794993,28.31415342930653],[-16.63994836075004,28.31419521218981],[-16.63980312163772,28.314527618437364],[-16.63961520227489,28.314390713458437],[-16.63943269385965,28.314423689886503],[-16.639307285750476,28.314586407086246],[-16.639219099165466,28.315097441854387],[-16.63907963399864,28.315307175642555],[-16.63875457959501,28.315309915378563],[-16.638479091119926,28.315157202031816],[-16.63838977367909,28.315159718398526],[-16.638335493565215,28.315207245093237],[-16.63832698411271,28.31547838117844],[-16.63845380445785,28.315863915739666],[-16.638339277424123,28.31632016061933],[-16.63791396583891,28.316256018734762],[-16.63750762330005,28.315858432781628],[-16.63738240064504,28.315829214834007],[-16.637164231042316,28.31590779455423],[-16.63694462506908,28.315814729675928],[-16.636743815653485,28.31579963020401],[-16.63646507849535,28.315974111250505],[-16.636030426151162,28.315865240011174],[-16.635894994475507,28.31590058046124],[-16.635833761252584,28.315999640183712],[-16.63587889517087,28.316338514433347],[-16.635751011221068,28.317429282733574],[-16.635803708300887,28.317608633427],[-16.63600513523281,28.317816389074846],[-16.63601371942124,28.318099963956257],[-16.636115151197846,28.318203092989634],[-16.63572200879608,28.318480031630042],[-16.635528706294313,28.31867519151225],[-16.6354250464855,28.318651705895455],[-16.635201366198704,28.318470622793463],[-16.63471899969648,28.318292155064874],[-16.63444300753039,28.31775644864076],[-16.634521904314184,28.317180530751497],[-16.634690490397862,28.3166610266587],[-16.63465260985541,28.316471417201964],[-16.634562291027606,28.316387214324656],[-16.63436667111887,28.31636874611787],[-16.63422615419033,28.316274368554787],[-16.634099603050387,28.316052212259166],[-16.633827234932976,28.31581314739793],[-16.633744306498148,28.315474490090544],[-16.633452407461164,28.315262534223876],[-16.633302458074823,28.315083317617706],[-16.633379958799424,28.314308969318365],[-16.633451235772903,28.314021568119138],[-16.633359531376957,28.313436122584523],[-16.633250945499764,28.313294125579255],[-16.633255242948376,28.313060158986065],[-16.633073767541504,28.312584094735506],[-16.633245915426453,28.312429081395052],[-16.63348359374043,28.312008458199305],[-16.633408231308266,28.311754859335032],[-16.633425480670688,28.311666425905877],[-16.633503938610204,28.31159142887919],[-16.633950884548984,28.31141776495944],[-16.634014228196378,28.311291362548495],[-16.634027706407167,28.31097496128373],[-16.634216392099212,28.31079333304702],[-16.63383017403588,28.310070824685226],[-16.633784820446795,28.30972234339043],[-16.61255806269887,28.31453373206135],[-16.612484745342197,28.314685162599087],[-16.61250585358293,28.314894561657127],[-16.612319946133336,28.31513826466548],[-16.61230341993548,28.31527988013935],[-16.612227984100574,28.315342772469073],[-16.611980398731745,28.31540544218222],[-16.612233844739425,28.315609569581262],[-16.612266830869878,28.31588299537552],[-16.61219515263929,28.315890791399685],[-16.6120099239629,28.31574695671254],[-16.611815073781838,28.31573599172122],[-16.61197642704377,28.31585204127183],[-16.611747911089413,28.31586737534145],[-16.611664162404516,28.315933614524234],[-16.611656075204284,28.31616826725948],[-16.611217068849538,28.31630557601128],[-16.611419563314545,28.31642438939761],[-16.6114623301663,28.316528212240716],[-16.610859084153294,28.317007607941715],[-16.610930361381847,28.31706786510155],[-16.611115268945483,28.317082107393798],[-16.611218049789663,28.31714849036736],[-16.611101875630645,28.317316642247473],[-16.61109378970393,28.317524400720593],[-16.61083782695953,28.31765413219452],[-16.610632690886842,28.317860877452116],[-16.610257061016117,28.317812153967676],[-16.60997273345335,28.31796144162985],[-16.609987504970018,28.318109275777953],[-16.610131589566194,28.31818916081421],[-16.61016383048885,28.318440484935127],[-16.610089879904752,28.318487113803634],[-16.609927837788852,28.318481174074517],[-16.609660314680724,28.31871031377121],[-16.609635528050084,28.31883190087965],[-16.609733507751148,28.31891124718337],[-16.609754420407146,28.319013162384397],[-16.60968471774723,28.319118402807167],[-16.609410550746322,28.3191435673452],[-16.60913224582608,28.319070047670426],[-16.60904081596978,28.31924277954861],[-16.609167948129265,28.31943621827581],[-16.609151744156915,28.319511496577093],[-16.608973097824748,28.319601776559686],[-16.608770305022222,28.319449841799894],[-16.608662972022,28.319505888413214],[-16.608614120277274,28.31984661303668],[-16.608495246891625,28.320039161905093],[-16.608345918314626,28.320051391049606],[-16.607799187534894,28.319862986651753],[-16.607695267551073,28.31988361467214],[-16.60759391121124,28.32042711556081],[-16.607608370331572,28.320622153947834],[-16.607555916517757,28.320721684930326],[-16.60726996077149,28.320871979153026],[-16.60689486012392,28.321198135145114],[-16.606776468989874,28.321246729646575],[-16.606605437461862,28.321586004449433],[-16.606330976460633,28.321687065935865],[-16.60616710396549,28.321905683162644],[-16.605938755273037,28.32201450397506],[-16.605628357220308,28.32206571832133],[-16.60536589066469,28.32204886168531],[-16.605318798783106,28.32196241561499],[-16.605208333140016,28.321934474547806],[-16.604916781443315,28.32228978557989],[-16.604658276323477,28.322441646855015],[-16.604377826338798,28.322510917007865],[-16.60398236678993,28.322514573827256],[-16.60393658108432,28.322426758166067],[-16.60377233187707,28.322321743672298],[-16.60352351942653,28.322698209287818],[-16.6033799562921,28.322782293923915],[-16.60314202500965,28.322789782737082],[-16.603023383713403,28.322910305584983],[-16.60281544229687,28.32300651740341],[-16.602601592468364,28.323028433003586],[-16.602284509645532,28.32288586315684],[-16.602232974437374,28.322829430875323],[-16.602201689914487,28.322613561222298],[-16.602070763908706,28.322540643032266],[-16.601741734713908,28.322635116249774],[-16.601614377340454,28.322534900462813],[-16.60150762549891,28.32257098972266],[-16.601383999180328,28.322488328510822],[-16.6012598945708,28.322523448004034],[-16.6011614575753,28.32276728332836],[-16.60098054826526,28.322843500830018],[-16.600834238739306,28.323077970252026],[-16.60066818608576,28.323192820203857],[-16.600270879279435,28.32309378439185],[-16.600218430550143,28.32303077384382],[-16.60007883569851,28.323039540691973],[-16.599890276813813,28.322972801460097],[-16.5998111771321,28.32289403888929],[-16.599542981652878,28.323066851900403],[-16.59933178750171,28.323116347527694],[-16.599021115981767,28.32270682777783],[-16.598945814928605,28.32270464177902],[-16.598868954990166,28.322816368569892],[-16.59874705323452,28.32286247040405],[-16.598353502959178,28.32261212711572],[-16.598356652477573,28.322911266551746],[-16.598259130448582,28.323128104718798],[-16.59817160360746,28.323160897732475],[-16.598123989938227,28.32324376278047],[-16.598005402291275,28.323572846866647],[-16.597867324453485,28.32364900991328],[-16.59750753800925,28.323317224953545],[-16.59735667926014,28.323384421955048],[-16.59715791077876,28.323303268307782],[-16.59714340307839,28.32341074454429],[-16.597297326621035,28.323623555433183],[-16.5973098871335,28.323726924314013],[-16.597272926398634,28.323847027570576],[-16.597161507230975,28.32384399995084],[-16.596555352523012,28.323391996193056],[-16.596503562857965,28.32316138347913],[-16.596320581921713,28.32303780716332],[-16.596060946413825,28.322951136789214],[-16.59599279698378,28.322872640570445],[-16.595934568272106,28.322156254638156],[-16.59543204825286,28.321576476465243],[-16.595287572224688,28.321187891400353],[-16.59501906485545,28.320740902693974],[-16.5948344572974,28.320576279719837],[-16.59467653420689,28.320532188544412],[-16.594520411119085,28.320376347399783],[-16.594322329009447,28.32006044265138],[-16.59427568989274,28.31986561568491],[-16.59408546607523,28.3196060065398],[-16.593885887325143,28.319442549802073],[-16.5937960121708,28.319235096214054],[-16.593840567498116,28.318694758369823],[-16.593622292249467,28.31824172860077],[-16.593537210952885,28.318609315448647],[-16.59332858447191,28.318871670077794],[-16.592988469123114,28.31901588875799],[-16.593132643245198,28.31944451487404],[-16.59311259155653,28.319542940374898],[-16.593017871820543,28.319647291591476],[-16.59308047868265,28.3198584663325],[-16.593033552185616,28.319980760690378],[-16.593019314088586,28.320551213070498],[-16.592882107089928,28.320973106477656],[-16.592624356569107,28.32133395422649],[-16.5922452086182,28.32152176608254],[-16.59154377173175,28.321524534782895],[-16.591075311249224,28.321392638621464],[-16.59090046257231,28.32122554990797],[-16.590828177980345,28.321521779216656],[-16.590399821230125,28.32206276446895],[-16.58991483148267,28.322101809047368],[-16.589822271465362,28.322043232674453],[-16.58930356738845,28.322016695531865],[-16.589370657455138,28.322138833855817],[-16.589317195687546,28.32228150931089],[-16.589326431172598,28.322737793417122],[-16.589383435557775,28.322997769907982],[-16.589299520643863,28.32325983916787],[-16.589198554761484,28.323356138183588],[-16.588913913939983,28.323446273315295],[-16.588501740451676,28.323732380414647],[-16.58822508275452,28.32382449694178],[-16.587863008576083,28.324311275386215],[-16.58766826071555,28.32439738355365],[-16.587635131961303,28.324638825500177],[-16.587517914570874,28.324726106995094],[-16.58741063499877,28.324727174733667],[-16.587344951081064,28.324644728896892],[-16.587187329253553,28.324161200727712],[-16.586947273214456,28.32384062906095],[-16.586642518304114,28.323283994506035],[-16.586435510484694,28.32309389933565],[-16.58631798583972,28.322768923380465],[-16.585942067662188,28.322165462566975],[-16.585656915875077,28.321960029444224],[-16.585467364168995,28.32172947846222],[-16.585079027447335,28.321608272654554],[-16.585143462320282,28.32137305561935],[-16.58506336067483,28.320957845212252],[-16.58447807532161,28.320086153140164],[-16.584145880916232,28.319231736060402],[-16.58396897146739,28.31845683040772],[-16.58377565678767,28.31800611114293],[-16.583704065707515,28.317593417987403],[-16.58377938544196,28.316964044968234],[-16.584116573985398,28.316071532579976],[-16.584069984966,28.315425975783437],[-16.583789359268533,28.314368347549014],[-16.583821870833503,28.31352738423939],[-16.583619578598842,28.31282794981621],[-16.5834364828126,28.312873394221196],[-16.58328644947608,28.312831469229806],[-16.58323564737397,28.31306857900808],[-16.582942669615438,28.313257449890045],[-16.582608629448366,28.313343451357312],[-16.582567779164677,28.313615035378973],[-16.582494951778482,28.31367616674696],[-16.582206905899508,28.31372788049973],[-16.58197828721612,28.313901734715532],[-16.581679025010022,28.31390538401469],[-16.58157880910771,28.31386620383382],[-16.581068280645656,28.31396904784349],[-16.580857387972095,28.313879797202947],[-16.58008433867234,28.31410553011755],[-16.57989425226441,28.314050873499976],[-16.579796935813757,28.31407672855288],[-16.579678468651586,28.313885958028226],[-16.579323651718767,28.313684295079486],[-16.579297047817604,28.313457444100255],[-16.579198567155334,28.313266441803556],[-16.578675077709065,28.31270581956507],[-16.578105301159244,28.31307115267523],[-16.577926356824683,28.31337727365729],[-16.57782187877058,28.313187422634837],[-16.5776294159587,28.313123584759683],[-16.577478490060567,28.312985803070703],[-16.577352298429144,28.31278952413742],[-16.577357587345432,28.312726378327344],[-16.577030868804425,28.312327368822565],[-16.576982503044032,28.31193155007264],[-16.57678639424408,28.311482115108237],[-16.576911369763792,28.311333473506405],[-16.57647576330455,28.31107407367447],[-16.57659154653788,28.310945213027075],[-16.576371363211656,28.31066789131733],[-16.5763491106,28.3105419789086],[-16.57650940547078,28.31012606061871],[-16.576483339262705,28.30992826306084],[-16.576356582836272,28.30984543369455],[-16.576206918694215,28.309820448241066],[-16.576068266936495,28.309975203635453],[-16.575802737790287,28.310004351923155],[-16.575520093956403,28.30973027683743],[-16.575223494596653,28.30962323441715],[-16.575027800073702,28.309436419166527],[-16.574945387447997,28.309421576444322],[-16.57495291574857,28.3092265495709],[-16.574832202694278,28.308923890218708],[-16.575035395872657,28.308775340504035],[-16.574755612575533,28.308460644485677],[-16.574712243984752,28.308663910281204],[-16.574586800069415,28.30871499505613],[-16.57443380020274,28.308669378824444],[-16.57425713327679,28.30842322909219],[-16.574160463752115,28.308372450297433],[-16.573666386560927,28.308450347871972],[-16.573515287188574,28.308598746269606],[-16.573853490140305,28.30899420316465],[-16.57384032177185,28.309138755061703],[-16.57375919897639,28.309191584260365],[-16.573555211574494,28.309081123694167],[-16.57318465069145,28.309085395477226],[-16.57309086849958,28.30901427638948],[-16.57303945670881,28.3088772376157],[-16.572736869775916,28.308628024549417],[-16.572629998070685,28.308620230997008],[-16.57248152554633,28.308795673045598],[-16.572453705032572,28.309005824972704],[-16.572169962945882,28.30899781245334],[-16.57210916503174,28.309045894062738],[-16.572114620418635,28.309221818861428],[-16.57205480448983,28.309315014173187],[-16.571715175361565,28.309364050741195],[-16.571692100539934,28.309463591549797],[-16.57182141473501,28.30965388375058],[-16.57161508308164,28.309730716163287],[-16.571667561979336,28.309897074483438],[-16.571623125902782,28.30997429874672],[-16.571396455949326,28.309925014939587],[-16.571344598922206,28.309952687016573],[-16.57132330715808,28.310216913630164],[-16.5712681180721,28.310213036517037],[-16.57113517951268,28.310036323032463],[-16.570975382782333,28.309918581113696],[-16.57078007130895,28.309877960322453],[-16.57059572158501,28.310062838344525],[-16.570600986444912,28.31035609056143],[-16.570559748525604,28.310455840219284],[-16.570512657643803,28.310460894620984],[-16.570319246728005,28.310289388682644],[-16.57023888592387,28.310285800772395],[-16.570166891066318,28.31020089147384],[-16.569977294203582,28.310180510069756],[-16.56981616448383,28.310297432391422],[-16.56979503455031,28.310572938265178],[-16.569503865042112,28.310623668317216],[-16.569098815353307,28.310558381920426],[-16.569055915830674,28.310479906267055],[-16.569102799254253,28.310330454548215],[-16.568959647809386,28.31034789404857],[-16.568857409042472,28.310308456775424],[-16.56884604589903,28.310272487341937],[-16.56900653132075,28.31019844235697],[-16.56899456340608,28.309991004635176],[-16.568951941573978,28.309953138303463],[-16.568724631365658,28.31001215754849],[-16.568564708754153,28.310124552043792],[-16.56838255673262,28.310025113966557],[-16.568153722901556,28.310154093650034],[-16.568051865620458,28.310053732519656],[-16.56788942257228,28.310102980090367],[-16.567694484288776,28.310044300536585],[-16.567536202471192,28.309834030654404],[-16.567269387226897,28.30978520099895],[-16.567259043423114,28.309688300837436],[-16.567357708763662,28.309484104901216],[-16.56734328892656,28.30939176406131],[-16.567086599040774,28.309446605449455],[-16.5668699175591,28.30936109925905],[-16.56670384684753,28.30935849319118],[-16.56666582815634,28.309286729447148],[-16.56674698484947,28.309170728840144],[-16.56673764254946,28.30909863592422],[-16.56665482084508,28.309079280336448],[-16.566373642045747,28.30915922027868],[-16.56622813434469,28.308754764177355],[-16.566068370958217,28.308747572417772],[-16.566044554537275,28.308840352166992],[-16.565988422214307,28.30885904626861],[-16.565794716798315,28.308775530937734],[-16.56564273708639,28.30890813723747],[-16.565470873104204,28.308792783311773],[-16.56536665167772,28.308857153846535],[-16.56525406607074,28.308829113734696],[-16.56512929113302,28.308643275384377],[-16.564859763857733,28.30851775927754],[-16.56483943439502,28.308391642006807],[-16.56460660755699,28.30837851741203],[-16.564652748653227,28.308199744205943],[-16.564468067433676,28.30818832368073],[-16.564516286199424,28.307585350435698],[-16.564439175227545,28.30738993995937],[-16.564310793773846,28.307436536542642],[-16.56429718482022,28.307617193068563],[-16.56424058195861,28.3077126045721],[-16.56391886217711,28.307765928950865],[-16.563715119030242,28.307736675739328],[-16.563104481857845,28.307493225700107],[-16.56277719124432,28.307492460994737],[-16.562587687204193,28.30732541130145],[-16.562551661112217,28.30734613005939],[-16.562550442802298,28.307589819868653],[-16.562474556152154,28.307674170156666],[-16.56218632350676,28.307598500402438],[-16.562176160778645,28.307731735950128],[-16.562113007632345,28.307793377723247],[-16.562106657348778,28.307969438535473],[-16.562045624545537,28.3080671561427],[-16.56180336058096,28.308106028674718],[-16.561573731133524,28.30824628785332],[-16.561355968437326,28.308151760030402],[-16.561292100576452,28.308186334514126],[-16.561304910628007,28.30832156348677],[-16.56139649854466,28.30835210337735],[-16.561801557802294,28.308724264032943],[-16.56220462061906,28.309243102986635],[-16.562569879420572,28.309595410381807],[-16.562640044486436,28.309729982489912],[-16.562659284380672,28.309912519036185],[-16.56249037947212,28.31017392240427],[-16.561526510588486,28.31088213738774],[-16.56107667542801,28.31137237886521],[-16.56101389231441,28.311546828827886],[-16.56102954365811,28.31235664625469],[-16.560926655443467,28.312556373732978],[-16.560312624542675,28.312998853110948],[-16.559859726146716,28.313170993515453],[-16.55951798674532,28.313382474876942],[-16.558247128608958,28.31376024929389],[-16.557754501942853,28.313962167860353],[-16.557444928733002,28.313866425793687],[-16.556947509004274,28.313826976450613],[-16.556704310551698,28.314021532876833],[-16.556600906779654,28.314230288236857],[-16.556525881228108,28.314264987872615],[-16.55619903233428,28.314230359027267],[-16.55511771159899,28.313705695453287],[-16.554749545035342,28.313766296839386],[-16.554243546947642,28.314013480460346],[-16.553550837677555,28.313759641625705],[-16.553018954750698,28.3136731887175],[-16.55289478278071,28.313681370510654],[-16.55271845543817,28.313784908608802],[-16.552244018390596,28.313923425263447],[-16.55191245729355,28.313893352194963],[-16.551789327386086,28.313797733069737],[-16.55176237706785,28.313653638719327],[-16.55179394364233,28.31354497918316],[-16.55199907730766,28.31336214548568],[-16.55204503594735,28.313147277889023],[-16.551789240291566,28.312606427404123],[-16.55178733233494,28.312211603099954],[-16.551314489227074,28.31217410973655],[-16.55098329831788,28.312015423019073],[-16.55069886028543,28.31195999237638],[-16.550447677773953,28.312044071687534],[-16.5503442312405,28.311833158063784],[-16.550244990216484,28.31195612363842],[-16.55019454740217,28.31194992782298],[-16.54995888305563,28.3116976466258],[-16.549950730597605,28.311794758570542],[-16.550075404033706,28.312106963304267],[-16.549978670343435,28.312205081314332],[-16.549885824352543,28.31221967333987],[-16.549783361112922,28.31216443032775],[-16.549590545083618,28.312229795166616],[-16.549312904903445,28.31220361588153],[-16.54921847329471,28.31215279378701],[-16.549232028578906,28.312274478190247],[-16.54918319550682,28.312313389018538],[-16.548627678267977,28.31239866306445],[-16.548513074359434,28.312165311928112],[-16.548478726915242,28.312346202834103],[-16.548180546784657,28.312266103934302],[-16.548014952864698,28.312274751136574],[-16.547590753781115,28.312471344656796],[-16.54718013390386,28.31250533183412],[-16.54712370000196,28.312679704048644],[-16.546791593783578,28.31280981941889],[-16.54664203512948,28.312935609053415],[-16.54652229156108,28.312941478580942],[-16.546498465017763,28.313056818138374],[-16.546278470480946,28.313138280230703],[-16.546194771660232,28.313256554368493],[-16.54596850151832,28.313344855875492],[-16.545779705755844,28.313534264530986],[-16.545353163902817,28.31361355200118],[-16.545149829698225,28.313591035411196],[-16.544752037548403,28.31369707070577],[-16.544434034925427,28.313612675496003],[-16.544060610729943,28.31359659460226],[-16.543938679130452,28.313539311161374],[-16.543804396160077,28.313818351139254],[-16.54366032562199,28.313883156325524],[-16.543594105699412,28.313865855207776],[-16.5433979453256,28.313655984674],[-16.543250171322807,28.31359673660054],[-16.543004452663524,28.313353581850816],[-16.542928221145274,28.313724471639894],[-16.542733857971648,28.313859788756343],[-16.542735600172733,28.314135033720465],[-16.542635608453555,28.314339228144245],[-16.542379188869052,28.314635441264834],[-16.54192862774771,28.314972204212086],[-16.541400395613454,28.31505037222773],[-16.54073918153397,28.31487959387148],[-16.54060572704903,28.31497360754695],[-16.540330233518166,28.314897747969827],[-16.54014009185859,28.314994657297383],[-16.539888834955654,28.314986211361205],[-16.539691595547424,28.315453228299617],[-16.539518041046232,28.31561763772025],[-16.53938653423451,28.315847004422647],[-16.539135982592594,28.31597618162091],[-16.538811453812272,28.315925691036416],[-16.538282741664325,28.315550342348242],[-16.53807004478665,28.315320343966544],[-16.53789125798423,28.31498843092008],[-16.53765537267985,28.31478576837955],[-16.53764248797375,28.314621205813992],[-16.537545259374028,28.314464362354176],[-16.537303709844352,28.31477619268146],[-16.537300248321415,28.315067290582714],[-16.537131417060625,28.315272256721766],[-16.536460068281528,28.3158371159434],[-16.536149239787814,28.31603014198643],[-16.535980543520235,28.316023015783163],[-16.53543136618286,28.31584192546884],[-16.53488346490263,28.315793938568284],[-16.53429686622309,28.315825354062365],[-16.533623162924947,28.315783288983113],[-16.531297235035566,28.316136568208382],[-16.530423406190998,28.315717678774458],[-16.530445861881788,28.316484560178942],[-16.53013772639866,28.316666261278765],[-16.529811973521063,28.31670827019602],[-16.529344990612987,28.316569102946637],[-16.52914105119034,28.31639314264442],[-16.529279897610323,28.31609601471563],[-16.529291146219858,28.315924411762293],[-16.52942311175674,28.315814631628168],[-16.529419419999602,28.315668015131674],[-16.529530091624654,28.315517860600554],[-16.529542452984472,28.315334963778877],[-16.529479718239003,28.315204802955503],[-16.529070159732402,28.315046940733573],[-16.529054595243387,28.315317868167703],[-16.52865076037724,28.31544874381976],[-16.528518616860776,28.31563523858234],[-16.528290047070794,28.315631029724965],[-16.52806296886445,28.31577571798155],[-16.52785822927246,28.315744166257677],[-16.52777105923282,28.315821855563495],[-16.527640848557258,28.316143704434825],[-16.527424602579377,28.316288270410368],[-16.527149970427416,28.316383851392313],[-16.526983633161457,28.31638571276168],[-16.526755781141002,28.31629801111994],[-16.526556504546043,28.31635890367428],[-16.52635307099649,28.31632959137765],[-16.526107585764564,28.316368437357234],[-16.525442319540293,28.316292393352715],[-16.525373624574552,28.31612394044833],[-16.52517387356654,28.315995309004894],[-16.52513511023404,28.31589195347278],[-16.524993737683154,28.315767181845757],[-16.52495947803257,28.315957092002634],[-16.524649377215912,28.316046295507043],[-16.524223667080033,28.315895367924234],[-16.523242064656394,28.315716800872107],[-16.52278686832789,28.31571059967533],[-16.52258967301152,28.315604498603207],[-16.522459708703057,28.315721018823147],[-16.522075748294963,28.315860678645546],[-16.52194691611913,28.315855346690434],[-16.521649311037717,28.31572554496722],[-16.52128238871333,28.315786042813276],[-16.521109211866694,28.31588950582784],[-16.521016883613175,28.31605298707862],[-16.520913199947476,28.316112805960657],[-16.520382487572228,28.316175126798512],[-16.520261815833422,28.316519425753953],[-16.51994807320251,28.316577071360406],[-16.519896303757875,28.316701743379575],[-16.519789782990042,28.31676384931592],[-16.519640425290223,28.31672715587716],[-16.51934723278713,28.316414541270724],[-16.519294654711146,28.316415126651453],[-16.519182786969655,28.31654949262838],[-16.51887963363597,28.316365595858247],[-16.518829702962343,28.316395483244346],[-16.518795267906434,28.316528987072914],[-16.518726696757806,28.316570363290133],[-16.518450607148743,28.316496722120547],[-16.51815868674948,28.316497713781324],[-16.517718030402282,28.316662811379434],[-16.51756683748928,28.316788588326226],[-16.517156834076314,28.316957855835756],[-16.516975018522782,28.31710427914113],[-16.51669551481241,28.31696975276813],[-16.515862147664315,28.316726309000174],[-16.515652860846096,28.31684596035037],[-16.515194250832465,28.31686910351799],[-16.515034669984573,28.316920513541156],[-16.514818501503296,28.317094390837248],[-16.514672214396505,28.31727426101131],[-16.51458589968721,28.3174805408071],[-16.51449518100142,28.317556005014076],[-16.51418213483246,28.31766326801325],[-16.513808507919876,28.317701257589345],[-16.513517895431683,28.317839858191267],[-16.5134026674314,28.31782759847738],[-16.51322073731037,28.317628806804873],[-16.512874155560432,28.317393483554596],[-16.51280922642887,28.317827409904986],[-16.512650062078418,28.318043521313744],[-16.512356929694302,28.318184403718327],[-16.51222127574543,28.318192675948538],[-16.51196679940563,28.31847527505347],[-16.511861164158145,28.318532852574396],[-16.511542216299443,28.318606330769143],[-16.511373550072808,28.318714244365207],[-16.511002306927367,28.318673230006606],[-16.510921405158204,28.319150201886277],[-16.510642320494117,28.319293181465802],[-16.510170730991515,28.319661663329942],[-16.50958824134478,28.3197154906578],[-16.509326233943817,28.31962362501752],[-16.509053581692577,28.320177174225176],[-16.50865668004295,28.320328221636288],[-16.50879494952053,28.320459813650686],[-16.508667704343985,28.32058982886502],[-16.50875801438506,28.320733232586317],[-16.509634482690338,28.320755126470893],[-16.509871668680848,28.320826959520712],[-16.510144642345995,28.320995416309735],[-16.510455891177397,28.321346207855605],[-16.510509461355998,28.321483248166412],[-16.50972840059425,28.322191340640618],[-16.50959401638306,28.322334973411593],[-16.509462914424887,28.32259815281948],[-16.508935443546672,28.32264460025195],[-16.508945990042065,28.323323625270874],[-16.508748566729906,28.324036538084084],[-16.508649871189057,28.32415721249328],[-16.508501461612557,28.32423331080491],[-16.508025544113856,28.324319798066334],[-16.508018339018896,28.32459965699746],[-16.508225128159395,28.32495612047375],[-16.508136529265727,28.325543733774698],[-16.50818916863729,28.326427615252193],[-16.50829544864218,28.326708475820322],[-16.508270267520153,28.32740820214875],[-16.508024203390764,28.327859922691296],[-16.507337921705624,28.32871586959283],[-16.507061609748085,28.328989676291076],[-16.506521128377155,28.329336344729054],[-16.50558406398125,28.329475297706527],[-16.505435356494196,28.329598778147908],[-16.50533387563173,28.32983906412269],[-16.505079357386983,28.33003140024972],[-16.504873507069654,28.330126178827097],[-16.504601880092704,28.330144968892657],[-16.50438724303789,28.330000677453825],[-16.504221721645585,28.329767848984538],[-16.50398022004095,28.329617084217674],[-16.503760577768812,28.329547304331754],[-16.503266472368498,28.32952116185273],[-16.50282883475828,28.329589159555972],[-16.502292296915183,28.329786853317106],[-16.502177216840085,28.32976330138933],[-16.50207654595229,28.32967641469169],[-16.50197837157462,28.329427047797257],[-16.50194377672304,28.329188262289023],[-16.50197489812221,28.32893070297656],[-16.501888061934515,28.328807563201273],[-16.501939160033825,28.32863326657536],[-16.50189943331177,28.32841484410038],[-16.50164665991214,28.328210048197338],[-16.5014449939631,28.328171654603658],[-16.501422975567696,28.328578028622122],[-16.500951101456085,28.328795311981857],[-16.50076050826871,28.32897791174769],[-16.500695038552312,28.329104984036245],[-16.5006844074119,28.32934652372893],[-16.500766653300346,28.329891640487766],[-16.500881029089005,28.329955814525785],[-16.500951251099767,28.33021225865395],[-16.500864272947773,28.33028316048569],[-16.500864372786392,28.330653190436227],[-16.500686270727922,28.330817602424208],[-16.500727242641993,28.330988629503082],[-16.500502604113624,28.331221241807544],[-16.500191286578346,28.331341992655965],[-16.500034241017815,28.331598680041424],[-16.49977981325377,28.331684960109005],[-16.499255678763674,28.33163205803045],[-16.498949189425765,28.331551943444662],[-16.497824197960977,28.330952846065667],[-16.49751702518689,28.330732845775618],[-16.4971730281862,28.330364333819137],[-16.49698873732839,28.33024677290302],[-16.49671211636962,28.33015955649341],[-16.49662904877041,28.330009296432365],[-16.496418391426182,28.329989044411633],[-16.496196077276704,28.32963724531538],[-16.496119023689914,28.329574914249942],[-16.49602054610984,28.32957599419352],[-16.496036756285626,28.32993682280814],[-16.495961429503442,28.330088820256684],[-16.495996125249196,28.33017643508902],[-16.495723720859154,28.330276442468964],[-16.49573315106136,28.330562887883232],[-16.495430779503156,28.330981360140097],[-16.49522436972736,28.33112802521424],[-16.495069098479746,28.33112521440875],[-16.49505092081355,28.331215665223787],[-16.49512484828026,28.331305106604717],[-16.4947620359125,28.331800953732955],[-16.493908867053293,28.332015621967393],[-16.493338135442183,28.331981257710684],[-16.493160814318127,28.332156933112497],[-16.492926600424845,28.332139189929247],[-16.49277651139908,28.332210777437997],[-16.4927599465625,28.332371155360818],[-16.492195422760176,28.33257588529891],[-16.49219358061234,28.332740614703226],[-16.492469147536177,28.33286620864941],[-16.492481209753006,28.332976634932603],[-16.492603888626686,28.333133233012457],[-16.492893000495872,28.333269959299557],[-16.492941238406132,28.333368708157213],[-16.493212493762204,28.333573317870485],[-16.493400468812883,28.33379463280815],[-16.493465545081104,28.334048881119777],[-16.493442404256488,28.334849676603117],[-16.491254672741494,28.3348690343841],[-16.49123150059515,28.335247793768037],[-16.491010680303035,28.3358000025927],[-16.490603293495337,28.336533697330974],[-16.49023866414259,28.33690354362605],[-16.489545624524787,28.337259638442006],[-16.4891136703768,28.337384145923274],[-16.487887726548927,28.33749700887396],[-16.487013913797636,28.337405248453646],[-16.486774530138042,28.337453994661562],[-16.4850843901118,28.338501935716643],[-16.48488972061939,28.338682518935627],[-16.483004522511678,28.34121686595489],[-16.482859845559997,28.341485241241017],[-16.48243317414037,28.344287566170795],[-16.482255290782074,28.344686080779564],[-16.4823517164572,28.34346829802416],[-16.482237257605313,28.342548974275648],[-16.482131320336666,28.342243269618052],[-16.48174068515212,28.341568369661193],[-16.481713307623053,28.341433289435205],[-16.481753726733473,28.341290703769065],[-16.482058555714083,28.340675935913445],[-16.482780431764617,28.33956250566899],[-16.483697453232185,28.33746771747317],[-16.483996246295636,28.336397239705807],[-16.483880143399418,28.336231536993772],[-16.4838905304579,28.336107327784323],[-16.48432806182071,28.335707715756552],[-16.484858664005255,28.334551230599786],[-16.485579596529043,28.333947719325064],[-16.485812778130203,28.333295366844904],[-16.485816163358876,28.33296591095937],[-16.485718736078546,28.332217882222007],[-16.48558182140924,28.331770370586234],[-16.485447736841397,28.331503331566083],[-16.48519256034373,28.33116992190556],[-16.485051881469435,28.330611892064557],[-16.485117386042173,28.330417137535974],[-16.485342381373698,28.330161982863384],[-16.485715858540754,28.329902954576713],[-16.486768456593765,28.32945150960035],[-16.487047440730866,28.329159663132288],[-16.487430952125184,28.32856884556843],[-16.488322085783377,28.328083048640654],[-16.4888398895902,28.32695150781043],[-16.489276113866932,28.326256320553394],[-16.49024746390203,28.32487388707195],[-16.490741219157766,28.324396927589017],[-16.490967038685543,28.324202675068015],[-16.491302507866365,28.324054605939654],[-16.49226748413578,28.32379360667725],[-16.493107549526712,28.32173344529175],[-16.493750361521048,28.320977320152274],[-16.494030695311526,28.319212085391484],[-16.49419786635448,28.31872023840732],[-16.49645827888135,28.3159522161683],[-16.49668483141504,28.315789534788305],[-16.49712408740125,28.315613238256002],[-16.499481413810365,28.31517219878175],[-16.49977649795697,28.31505614152884],[-16.499976405139133,28.31488020992121],[-16.501782238477645,28.312775536102286],[-16.501897319795415,28.312528333888697],[-16.50201914177647,28.312035121585502],[-16.50214230509347,28.311932232910326],[-16.50258296881202,28.31176718533669],[-16.502813612138002,28.311624755759173],[-16.502938342906578,28.311406778263944],[-16.503079669487953,28.31075992248228],[-16.503027112416284,28.310467183356803],[-16.50271907363798,28.30966056644859],[-16.5027259311178,28.309558957795616],[-16.50285454396724,28.309390576063343],[-16.503053507206484,28.30928459568382],[-16.503515950104237,28.309173456532402],[-16.50375894869438,28.309048939721844],[-16.504959576309844,28.308130933599127],[-16.505294760543332,28.30778653740514],[-16.505868336766603,28.30674231655378],[-16.50656086027675,28.306202189864646],[-16.507026071379105,28.30561041870154],[-16.5072112594838,28.305477509099404],[-16.508069606103255,28.30519501738266],[-16.508525465661304,28.30482220485781],[-16.508754683935887,28.30469331921038],[-16.50980479725666,28.304519255283207],[-16.510967472881237,28.304034825807783],[-16.511391935190918,28.303831573268607],[-16.51250061776957,28.303158200642564],[-16.512821174517487,28.30302152741941],[-16.51405853800105,28.30263777752802],[-16.51437195901658,28.302627532005083],[-16.514601172611222,28.30267913987233],[-16.514617484008763,28.302638345713017],[-16.51449831668769,28.302504290631294],[-16.514443985361027,28.30231310895126],[-16.514645485258537,28.300970638338498],[-16.51465406839243,28.30049672259992],[-16.5144523571235,28.299664133773987],[-16.514229921962198,28.299213087158147],[-16.513946514565383,28.29895675713888],[-16.513690448711152,28.29883098810899],[-16.512449324004745,28.298607833365086],[-16.512031250673115,28.298450011511974],[-16.51179962308738,28.298181821856993],[-16.511146163165243,28.297038348104294],[-16.510958475871163,28.29683510291141],[-16.51070162194462,28.296698055263185],[-16.51033332322776,28.296657004287454],[-16.509950623367875,28.29676953944552],[-16.509622815995,28.297023612994952],[-16.509194961699443,28.2974590278851],[-16.50252684913539,28.285337391631582],[-16.502815103001986,28.285244130779592],[-16.503255135719197,28.285246056551053],[-16.50354595183674,28.28480964549236],[-16.503883767739868,28.284634447005416],[-16.504063915630507,28.284621181538753],[-16.50428349318616,28.284738346856287],[-16.50433449638038,28.284717478340088],[-16.504273921821763,28.284465440101616],[-16.504356247633844,28.28431561750527],[-16.50439672618102,28.283976726729446],[-16.504075755795675,28.283808783390423],[-16.5038422348672,28.2835834688273],[-16.503828764885558,28.28350915926712],[-16.503979749913867,28.28321192133855],[-16.504167584298884,28.283020323482145],[-16.504162399633042,28.282900796705917],[-16.50424386542676,28.282735189548553],[-16.504451574451952,28.282574960608663],[-16.504494313907994,28.282238301143256],[-16.504694863057757,28.281931491257982],[-16.505318519794795,28.281511715846758],[-16.50568409291019,28.280864640683856],[-16.506065314320768,28.280628038523854],[-16.506278140871334,28.28056025877647],[-16.506293378308925,28.280329948208056],[-16.50658877087891,28.28028833294513],[-16.50639293173117,28.280182190758985],[-16.50636630374037,28.280123820672845],[-16.506524110405486,28.2801762312485],[-16.50681239813907,28.280150487977533],[-16.506609139141688,28.27999253307932],[-16.506930171454297,28.280007041740255],[-16.50705734117388,28.279874773218417],[-16.507065084310437,28.27981376770658],[-16.50683420633466,28.279685449773442],[-16.5067654693717,28.2795553427602],[-16.506878716141774,28.279475122885383],[-16.506925737745128,28.279375326927006],[-16.506792787367203,28.27911957562912],[-16.50678974146742,28.278835315515128],[-16.506936443096315,28.278551659580412],[-16.50700153431774,28.278241828384317],[-16.50708123999914,28.278087520561638],[-16.507301196724118,28.27800612287919],[-16.507388321880885,28.277903627894432],[-16.507528380979128,28.27800812814931],[-16.50765669712233,28.277799132291747],[-16.50811298922484,28.27737442324247],[-16.50839964632869,28.277278749562647],[-16.508568440156008,28.277297192061315],[-16.50874593798177,28.277006425272166],[-16.508848795992762,28.276935343797874],[-16.508969371156073,28.276584285468637],[-16.50914418485379,28.276577841493136],[-16.509531237680235,28.276711198664863],[-16.50937678243216,28.276512094999237],[-16.509169481440843,28.276360957313184],[-16.50917620496644,28.27625032438418],[-16.50924746655555,28.276017138219697],[-16.509418939736353,28.275751256468446],[-16.50962516136093,28.27564518768878],[-16.50995764858506,28.275614437008482],[-16.50978494456082,28.275273388663162],[-16.5098855404311,28.275087260223177],[-16.510088926574895,28.274893226474983],[-16.510357610046157,28.274788722388603],[-16.51054433604726,28.274542977340413],[-16.51099056805861,28.274332718769376],[-16.511085172163988,28.27424142031239],[-16.511172833583803,28.273793703460214],[-16.511434314772103,28.273495235365477],[-16.511662603987887,28.273327999419397],[-16.511785141568954,28.273274748447424],[-16.512040250341656,28.273269668532688],[-16.5125557888436,28.27345574626005],[-16.51272741148758,28.273426770196036],[-16.512396618478125,28.273193521818836],[-16.51221362221647,28.27275556967342],[-16.5123069488691,28.272506343689315],[-16.51245983985255,28.27234671008468],[-16.512683921296013,28.2722652584284],[-16.512722875387897,28.27211365509099],[-16.51285388294234,28.271983595275593],[-16.513238403754315,28.271916159885738],[-16.513297932064,28.27166505138292],[-16.513546248303854,28.271427645340108],[-16.513760548030167,28.27133050627638],[-16.513921172619465,28.271042176449885],[-16.514108713029565,28.270832518539205],[-16.51440861295803,28.27073481066485],[-16.514736706210844,28.270719145545055],[-16.51494308362115,28.27058254981672],[-16.514966138258185,28.27029162931398],[-16.515106380128813,28.27012168883321],[-16.51513710506205,28.269892825366437],[-16.51541831462784,28.269618308237792],[-16.53609875153627,28.286029014114334],[-16.537727893833242,28.287098205128785],[-16.537900868901104,28.287073694370346],[-16.538245424196777,28.286927667933735],[-16.538676775179535,28.286857376147054],[-16.53984186508335,28.286275661139065],[-16.540862754776477,28.286013698770798],[-16.541343938257,28.2859969870448],[-16.541589412665733,28.285852070669616],[-16.541937872170333,28.28546908198727],[-16.542374569839744,28.285085095890853],[-16.543117870860947,28.284575805321147],[-16.54436838234349,28.28349219431233],[-16.54490462053989,28.28263325683585],[-16.545102050350508,28.28240539570097],[-16.545341361168745,28.282253773782163],[-16.545596587921846,28.282167403332828],[-16.54590796595632,28.2821525976394],[-16.54628063864058,28.28205812761591],[-16.546781184114742,28.28179524401131],[-16.547519125479525,28.281204765267095],[-16.547627402346556,28.28102529260705],[-16.547683946015596,28.280749386307154],[-16.547678269789643,28.280356858774702],[-16.54745560972915,28.279610298381876],[-16.54706211828699,28.2788589037806],[-16.546794288123994,28.27846934523095],[-16.54634388368299,28.27801190868271],[-16.546048632249985,28.277818955029634],[-16.545653882909736,28.277663227145787],[-16.54557812593446,28.27753547663342],[-16.545418420794896,28.276359506915863],[-16.545405512783773,28.275531599013682],[-16.545980939213162,28.275139263845563],[-16.546234938513667,28.274660314191955],[-16.54625815042284,28.27443667993658],[-16.546188410736264,28.274196047654424],[-16.546005591598046,28.27404469006238],[-16.5459470336966,28.2740047398143],[-16.54563255204207,28.274001529842923],[-16.545367305416455,28.27376762173311],[-16.54531289996044,28.27366219214452],[-16.545343124177464,28.27354903628683],[-16.54563133119356,28.2731667206564],[-16.54568682694373,28.272994615532188],[-16.545665435797424,28.27283691808423],[-16.545482201484543,28.272369685344344],[-16.54477818867273,28.271488674596895],[-16.5444110036546,28.27076856059635],[-16.54432914673423,28.27046037565042],[-16.544340678100582,28.270045089738122],[-16.544395751588556,28.269843658183532],[-16.544701977748815,28.269452115675517],[-16.545119334433018,28.267843180578556],[-16.545472038856673,28.267096874770136],[-16.545797618040726,28.265795830004496],[-16.546030309732785,28.264173187410243],[-16.546165836989367,28.264094940190205],[-16.546404610680874,28.26408546899014],[-16.54824251186841,28.26451816651502],[-16.54926819852359,28.264603559482325],[-16.550001360812793,28.264550118155526],[-16.550213544947827,28.26446422846235],[-16.550271372955898,28.264343989545818],[-16.55028275920891,28.263942242769236],[-16.550210781116903,28.263679074873256],[-16.550068662404055,28.263301632472583],[-16.54981430617426,28.262828443048985],[-16.549786313461016,28.262655027070053],[-16.549951547876873,28.26229666061167],[-16.54995014414892,28.262199656525635],[-16.549785128160647,28.262000719496168],[-16.549775270747606,28.261319434871197],[-16.54948632090321,28.260810536429346],[-16.54902080798275,28.260493166574854],[-16.54886436288983,28.260291874817543],[-16.54884432694697,28.260095805523612],[-16.548959256368253,28.259783135987952],[-16.54947584727469,28.258897329495213],[-16.549487375305873,28.258527168742866],[-16.549408225359947,28.25776769959693],[-16.549481617301012,28.257534470453784],[-16.550140357016495,28.256457522088137],[-16.550422427182824,28.25618356832328],[-16.5509865219844,28.255786830459346],[-16.551132626493484,28.25549411190747],[-16.55119906443136,28.254978925759104],[-16.551321886636213,28.25459622006688],[-16.551259313567314,28.253024302452555],[-16.55132276916684,28.252897230386846],[-16.551458678537344,28.252780617182175],[-16.55174751395525,28.252666780072275],[-16.551914688724366,28.252531761171586],[-16.55199301238664,28.25230975616908],[-16.55192286600611,28.251468959833243],[-16.552076286144164,28.251000167310846],[-16.552235659398573,28.25078852310093],[-16.552439118543376,28.250695960857186],[-16.553051422748037,28.250551371047074],[-16.553203699223506,28.250443595338375],[-16.55357261503473,28.249988146037754],[-16.554347283881903,28.249246046743682],[-16.55446038727738,28.248809298223865],[-16.55454353904199,28.24865718166246],[-16.555104778601564,28.24850639497414],[-16.555791093832298,28.248173679914377],[-16.556463368217717,28.248014854953443],[-16.55697708308618,28.247772094466164],[-16.557920915364733,28.24751766124392],[-16.5585854794063,28.247442396225285],[-16.559104494192002,28.247323662807514],[-16.559019918538905,28.24696136670189],[-16.55907651383027,28.24675765606776],[-16.559526457008847,28.245985388246705],[-16.559646886744172,28.24546281375055],[-16.55991115333467,28.24486639677759],[-16.56018260056697,28.244457168498776],[-16.560377202928915,28.244326339238768],[-16.56104889711369,28.24415170517097],[-16.561960751248346,28.244044268333685],[-16.562206529984643,28.24392864567667],[-16.562548891335695,28.24340353231864],[-16.562818037484544,28.24314323973108],[-16.56408457950743,28.2429640450181],[-16.56501934692275,28.242660029891407],[-16.565144819047113,28.242484860005543],[-16.56506233679406,28.24180892147061],[-16.56511173713318,28.241636878844695],[-16.565357660510045,28.24137910365692],[-16.566128167678173,28.240819746772175],[-16.56770065063191,28.2403301605139],[-16.567900867117903,28.24012705573783],[-16.56796028669022,28.239943615900376],[-16.568304165350792,28.239786244463833],[-16.56842969052121,28.239854748851084],[-16.568543259808937,28.2395849490376],[-16.56899688527537,28.239223251866214],[-16.569422857463735,28.239082985663714],[-16.570044594370177,28.239066821313745],[-16.57048670740515,28.23874586453114],[-16.571055235377617,28.238554317536018],[-16.571586327946246,28.238503087562737],[-16.57202141952879,28.23857254200929],[-16.573557372908905,28.237898295578734],[-16.574371053912866,28.23739931626419],[-16.57469850798903,28.237339138025995],[-16.57547566972605,28.237411409758778],[-16.575647911872327,28.23721312904637],[-16.57593742993518,28.236587060943744],[-16.576550174552256,28.236306987331353],[-16.577119295355807,28.23624401632334],[-16.577669026900704,28.23629182398097],[-16.57811444785842,28.236392727765264],[-16.578242791800864,28.23632807061386],[-16.578567049622322,28.235943017239503],[-16.57876445611982,28.23535636374499],[-16.579367586445215,28.234792098855518],[-16.579393288421024,28.234699294866456],[-16.579249553490342,28.23406468703284],[-16.579291781886504,28.23381826576857],[-16.579725474448907,28.233296569472863],[-16.58040751285864,28.232210190157367],[-16.58083308090741,28.23185103593467],[-16.58122015834067,28.231602882821118],[-16.58154559871872,28.23121329663145],[-16.58169488104933,28.230841541530133],[-16.58195836522578,28.230612866286616],[-16.58240253153112,28.230327949145885],[-16.582945470981265,28.22961545222581],[-16.58314332262018,28.229622186646584],[-16.58352526753703,28.22982534057227],[-16.583500171985992,28.2295706727921],[-16.583976883490934,28.2289672398925],[-16.58439338262253,28.228750325133117],[-16.58491642147324,28.228739750993032],[-16.58535138069929,28.228565488512558],[-16.585552129170026,28.22857444217859],[-16.585732473937608,28.228495637714545],[-16.58670134092625,28.227539022132103],[-16.586647122850966,28.227167367045432],[-16.587025784428622,28.22648157987023],[-16.587166024505198,28.22586624728071],[-16.587280300562874,28.22564831911835],[-16.5873378847928,28.2252144472109],[-16.58742631786369,28.225057738157357],[-16.58754794122386,28.224970588050194],[-16.58819152592773,28.224908964502465],[-16.588345119287627,28.224830467473275],[-16.588513194625378,28.22465478254135],[-16.588584477078427,28.224286182851696],[-16.588761850748664,28.224114902155875],[-16.58944022629845,28.223779860337483],[-16.591204247606086,28.222746282305483],[-16.591275800701062,28.22254689826995],[-16.591776891522272,28.222475634942985],[-16.591994001260595,28.222364806914594],[-16.592098042142563,28.222187606951692],[-16.592302055415374,28.2215376832967],[-16.59343184260304,28.22021137756131],[-16.593648376433922,28.220062197241756],[-16.594355296012555,28.219850894012048],[-16.5957808599151,28.21970340430232],[-16.597205394299706,28.21946566129609],[-16.598182262963718,28.219165447695797],[-16.59902324466462,28.21897737295853],[-16.599559127216033,28.218528879035482],[-16.599787429535272,28.218102031344785],[-16.5969966221153,28.21525790934893],[-16.596892953964705,28.21503123691634],[-16.59685710918032,28.214783466192312],[-16.596452795141033,28.214594146988233],[-16.596206056018094,28.21414577341576],[-16.59555732362056,28.213577994455417],[-16.595533043300403,28.213336857134262],[-16.595338735891747,28.212881101321237],[-16.595357799087967,28.212535670113773],[-16.59525929615682,28.212141972156545],[-16.59501102818521,28.21193277816558],[-16.594805954377374,28.211844918557976],[-16.594640873179106,28.21164152275439],[-16.594283436653726,28.21137042445148],[-16.59414694031495,28.2109907058987],[-16.594027952232285,28.210867997754075],[-16.593523329871196,28.209174906575317],[-16.592931328001185,28.20811458579167],[-16.593048004755406,28.20786729370536],[-16.593075637642553,28.207433768066544],[-16.592798286291288,28.207087275664268],[-16.592683227523892,28.206799812616403],[-16.59256565307205,28.20668611157098],[-16.592195587209318,28.20652796756153],[-16.591803648790368,28.206762668197253],[-16.591234176344123,28.206812162328344],[-16.591118649776778,28.206621722941634],[-16.590708459034012,28.206527217115156],[-16.5902325654308,28.206338710352036],[-16.589958619752835,28.20615688008849],[-16.58973809115681,28.205841308448242],[-16.58980979584634,28.20559129199153],[-16.606058407337304,28.201761298647934],[-16.606129251986363,28.201540208727945],[-16.606187830022606,28.20095451694725],[-16.60610367864526,28.199939373619046],[-16.606171486582074,28.19967793398363],[-16.60654557882219,28.199188806266676],[-16.60675144388873,28.199024208697256],[-16.607392800107288,28.198328154328962],[-16.608241241972642,28.19776079738827],[-16.60825455478912,28.197615788782247],[-16.60819471030994,28.197367761617922],[-16.608322017579138,28.196943982972616],[-16.6087070248991,28.196559141326087],[-16.6090246073529,28.196386097284762],[-16.609473331611948,28.196385513145646],[-16.610556824516188,28.196841616178034],[-16.61083450238106,28.197003415768418],[-16.61109220668834,28.197538184442564],[-16.611130298960997,28.197714265873323],[-16.61151455372966,28.198189512413343],[-16.612454139123585,28.198856585068462],[-16.612655904017593,28.199206544888177],[-16.613083528269676,28.1991704580733],[-16.613212825714704,28.199246549054926],[-16.61874279035133,28.196362937437932]]]}},{"id":"137","type":"Feature","properties":{"categoria":"Parque Nacional","nombre":"Timanfaya","codigo":"L-0"},"geometry":{"type":"MultiPolygon","coordinates":[[[[-13.798926313982289,29.043750040705362],[-13.798886724654308,29.043742791611766],[-13.798932051409505,29.043738819979854],[-13.798926313982289,29.043750040705362]]],[[[-13.799070697306679,29.04313670333322],[-13.799141586056287,29.04316020626404],[-13.799137143296916,29.043194433909193],[-13.799082215949936,29.04316811356762],[-13.799070697306679,29.04313670333322]]],[[[-13.799352355370464,29.04324643722265],[-13.799340135668789,29.043150502049723],[-13.799421246200653,29.04318970922825],[-13.799367613441934,29.043186395908307],[-13.799352355370464,29.04324643722265]]],[[[-13.822863962427062,29.017782312548654],[-13.822777906483452,29.017769050027354],[-13.822756372940026,29.017745730461993],[-13.822863962427062,29.017782312548654]]],[[[-13.79676609813246,29.047649317651288],[-13.79677813603023,29.047542156212778],[-13.796882921784896,29.047602650117938],[-13.79676609813246,29.047649317651288]]],[[[-13.796904991476547,29.047320442394533],[-13.796964250421322,29.04717451814278],[-13.79708302292184,29.047187323568536],[-13.796983558343143,29.047344502637017],[-13.796904991476547,29.047320442394533]]],[[[-13.794226785044694,29.050695416835964],[-13.794136188474795,29.050596376864455],[-13.794169883172676,29.050535761834126],[-13.794263623166833,29.050584417272947],[-13.794226785044694,29.050695416835964]]],[[[-13.79365811375451,29.051272654141233],[-13.793733183194565,29.051336195622437],[-13.793602236696742,29.05128710622481],[-13.79365811375451,29.051272654141233]]],[[[-13.781974276220945,29.058158542159426],[-13.763840788033612,29.042682944161616],[-13.737804234342935,29.018827455235936],[-13.729990165799586,29.005104756062142],[-13.716256509809513,29.00308539120172],[-13.729183328628691,28.99399637358726],[-13.781330135942792,28.983930309489423],[-13.794225024569311,28.983939995679457],[-13.806503255392258,28.98963380011847],[-13.832464924639002,28.99432642359562],[-13.832277057651098,28.994447233649645],[-13.831968469077088,28.99447595060015],[-13.831870700059646,28.994443315099304],[-13.83167907573336,28.99423449055665],[-13.831587794923028,28.994236522021104],[-13.831447739282673,28.99434302672096],[-13.831389493102971,28.994428013967443],[-13.83142492952382,28.994578551733074],[-13.831398226654192,28.99482250831289],[-13.831295135794562,28.995000162151616],[-13.831309955783478,28.995077102540698],[-13.831041260432702,28.99517022339299],[-13.83102355512016,28.995228406848508],[-13.831174593024507,28.995334816003027],[-13.830966572278838,28.995406316956686],[-13.830885851428398,28.995543552608744],[-13.830892028991347,28.99562129329086],[-13.830973193233575,28.99569099506921],[-13.830945925173031,28.99574237174081],[-13.83102293290378,28.99572167030233],[-13.831053256982186,28.99578096634132],[-13.831119483313316,28.995790621347325],[-13.830930239448113,28.995923032575057],[-13.830875595905777,28.995906682410855],[-13.83080970516401,28.995984879269827],[-13.8307984778347,28.996078569112907],[-13.830917846033406,28.99618057868699],[-13.83092117494906,28.996252392256217],[-13.830442588779725,28.99627256947399],[-13.830311687855216,28.996576772287437],[-13.83039691752638,28.99688721474005],[-13.830552941738816,28.997103456738078],[-13.830785593874156,28.997217065312988],[-13.83111160528542,28.9971715628956],[-13.831184527238133,28.99731977329681],[-13.83145338281042,28.997340675161666],[-13.831455702833457,28.997420078968084],[-13.83112956290656,28.997483333203913],[-13.831009709428427,28.99758487776554],[-13.831235731738824,28.997550644051316],[-13.831411184895728,28.99760227612166],[-13.831384644325698,28.997686600326613],[-13.83111844348784,28.997832954071196],[-13.831308299508322,28.997885514748894],[-13.831460305628793,28.997991083694906],[-13.831493159283841,28.998235359344356],[-13.83141593178339,28.998287303541996],[-13.831346482793798,28.998597754322997],[-13.83110763052005,28.998544921037233],[-13.830992661524977,28.99863466726173],[-13.830947540763075,28.99876448707457],[-13.830948596201265,28.998887813409496],[-13.831224096938849,28.998919729913602],[-13.831153792655838,28.999079826178424],[-13.831291634786938,28.999151527806198],[-13.831092203601113,28.999228987729172],[-13.831054945399186,28.99919922427228],[-13.831098782498566,28.999114157107677],[-13.830951469722029,28.99902381758376],[-13.830951832488026,28.99910743705963],[-13.830834089311889,28.999183648622918],[-13.83079872999243,28.99942755665102],[-13.830842665818485,28.999463271564835],[-13.830814460287725,28.999512103991396],[-13.83109888028107,28.999506906476324],[-13.831144609637105,28.99956205861948],[-13.831123937251826,28.999632056992816],[-13.830964339091162,28.999647229821857],[-13.830898465030748,28.99972373008853],[-13.830966393071808,29.00003577248049],[-13.831058679080067,29.00016381809291],[-13.830907665476962,29.00059375362915],[-13.830881830643488,29.00098467991727],[-13.83096617542872,29.001013860228003],[-13.831132072401733,29.000923546209336],[-13.831151807780477,29.00085017339223],[-13.831075815841604,29.000726439081813],[-13.831118225337306,29.00070809012035],[-13.831238836045962,29.00077040943553],[-13.831211631031431,29.00081333025578],[-13.831298405043457,29.000906717035715],[-13.831142570593936,29.001068036944805],[-13.831146600529534,29.001177012340914],[-13.83085377777416,29.001146695739962],[-13.830779405286922,29.00120287899352],[-13.830739031293477,29.001476318102597],[-13.830580920688368,29.001688292680143],[-13.830612718792327,29.001810099491788],[-13.83049516361988,29.001859282535452],[-13.830498036485519,29.00199528664596],[-13.830400905111016,29.00214340747459],[-13.830403475341116,29.002457624869816],[-13.830280512917586,29.00259125234019],[-13.83028706986337,29.00274923720425],[-13.830231593536277,29.002850285196743],[-13.830253826618968,29.003101264312683],[-13.830126858794626,29.003256823504515],[-13.82992117139479,29.003673791122957],[-13.829963621786302,29.003918962706738],[-13.830152051188433,29.003863944268584],[-13.830285521041343,29.004015344453183],[-13.83031486399814,29.004143691079953],[-13.830206185629049,29.00428590813423],[-13.829831401128414,29.00426179788572],[-13.82955609454257,29.00434627485312],[-13.829423660493678,29.00426790391933],[-13.829339929023702,29.004281578451394],[-13.829384128121658,29.004370579491457],[-13.829540549320445,29.00441114624516],[-13.829479129903945,29.004725113060193],[-13.829511472086306,29.004800419206305],[-13.82935202451084,29.00495270742919],[-13.829346913899473,29.00502721808189],[-13.829502388099307,29.005240261621807],[-13.829499762570522,29.005474138554785],[-13.829549633385932,29.00552360547604],[-13.82954659773997,29.005606220564236],[-13.829676064497612,29.005708463642698],[-13.829740963743747,29.00585101841414],[-13.829726068285826,29.00594750086615],[-13.829767719396486,29.006017626458657],[-13.82985964193914,29.006039743785017],[-13.829916186516629,29.006207658058067],[-13.82988470591213,29.006406636951],[-13.829918836128575,29.00666684380788],[-13.829971246464376,29.006735185821928],[-13.829850628555572,29.00697730405381],[-13.829913224529701,29.00706467815667],[-13.829894686699166,29.007210161477666],[-13.829587299536183,29.007680888752745],[-13.829546236766209,29.007645054033475],[-13.829488927000874,29.007698957307365],[-13.829472990899832,29.00783306468765],[-13.829399865160699,29.007822771043568],[-13.829407374137649,29.007883429986297],[-13.829343358021955,29.007902907755383],[-13.829356071873907,29.007969054085827],[-13.829260056602838,29.008012042844392],[-13.82921801944665,29.00809450764179],[-13.829242435024868,29.00823551863065],[-13.829196985072246,29.00824732440857],[-13.829189235999053,29.008334546235762],[-13.829044662589613,29.008474653452453],[-13.828948959083101,29.00867293702994],[-13.828556297947621,29.00918554340024],[-13.828114375928632,29.009432241047268],[-13.828087332197512,29.00955333662427],[-13.827964219846214,29.009580962287334],[-13.827802067485191,29.009748251324936],[-13.827820078678227,29.009871653120747],[-13.827654156546593,29.00987081040484],[-13.827571999592639,29.009938295177335],[-13.8275425558747,29.01009092992206],[-13.827801345482387,29.010190557714534],[-13.827877592686374,29.010337381811983],[-13.827854869242367,29.01044041998034],[-13.828003994040497,29.010467793715428],[-13.828071121963813,29.01058484609643],[-13.827936622897868,29.01060606396441],[-13.827513263809378,29.0104501650591],[-13.827453190140865,29.01050311370656],[-13.827425514488692,29.010674616946613],[-13.827461058533595,29.010744608700318],[-13.827595348917258,29.010755536352747],[-13.827718801772981,29.010854299383304],[-13.827795914658516,29.01080351181885],[-13.827841915703754,29.010826673995133],[-13.827713109185282,29.01114390537272],[-13.827642626891505,29.011148452756018],[-13.82738538934821,29.01096483397642],[-13.827070949005712,29.01124718777733],[-13.826875481685981,29.01170752253856],[-13.826884328735472,29.011996767995004],[-13.826599410480574,29.01231739134744],[-13.82647980367292,29.01260591213219],[-13.826357238960613,29.012751857998794],[-13.825580730972812,29.01328921435435],[-13.825281897283485,29.013614911445064],[-13.825176683257384,29.013825093926933],[-13.825027559535947,29.01390795661139],[-13.824781573642086,29.014203186137173],[-13.824715207162653,29.01433554299198],[-13.824687900677542,29.01460452703193],[-13.824530485109985,29.014849214922304],[-13.824465327756938,29.01504881797379],[-13.82436358817182,29.015105127892774],[-13.824312783843844,29.01531109266348],[-13.824018600082438,29.01563420108554],[-13.823877199762054,29.01588058056682],[-13.823675567921146,29.016009370178242],[-13.823605776292354,29.01612753629443],[-13.823327834558475,29.016194883336833],[-13.822790184842999,29.016832099161242],[-13.822667364782687,29.01687652672177],[-13.822641344879232,29.0169600049481],[-13.822538612294522,29.01699679281338],[-13.822535992248987,29.017202438970557],[-13.822442608545254,29.017288503571827],[-13.822436804003125,29.017360309184763],[-13.82252230907166,29.017476415181353],[-13.82251547402746,29.017557606716707],[-13.822663029920175,29.017614529422385],[-13.822729949029846,29.01773897391305],[-13.822679595895421,29.017734543687883],[-13.822657818357458,29.0176648428595],[-13.822452078563348,29.01763758959142],[-13.82254472783359,29.017771997567305],[-13.822537477667222,29.0178128440319],[-13.82245981660447,29.017827993150675],[-13.822487338313628,29.0178837015605],[-13.822434607675778,29.01793769584153],[-13.822484747202953,29.01800531683574],[-13.822486591109577,29.018132413008612],[-13.822400718501832,29.018223344640255],[-13.822307756285895,29.018487555850854],[-13.82222587433583,29.01895972621888],[-13.822282246134701,29.019106126352053],[-13.822507043369063,29.019108232032263],[-13.822536480808667,29.01914986930775],[-13.82256247885274,29.019094629945297],[-13.82263868857199,29.019104322719475],[-13.822636134415053,29.01927971784238],[-13.822542398678921,29.019378549638272],[-13.82253319596512,29.019241217903577],[-13.822436028422867,29.01938098368955],[-13.82211673564695,29.019200736756133],[-13.821558311829165,29.01959281029169],[-13.821512552306565,29.01967116041161],[-13.821577603473653,29.019724978045854],[-13.821548504979814,29.01980906073718],[-13.821482070576968,29.01980562613206],[-13.821519036064249,29.019934808245605],[-13.821455248657774,29.01991798580677],[-13.821477878012978,29.020040138105816],[-13.821191079157373,29.019984943574382],[-13.821143053323125,29.020090122817113],[-13.82091721382112,29.020291671095595],[-13.821009632973166,29.020406584235012],[-13.820924385921805,29.020364429788987],[-13.820851281057402,29.020518818315203],[-13.82108279331287,29.020664932887335],[-13.821103304837775,29.02083610807454],[-13.821028882600297,29.02101064680146],[-13.821012234096418,29.020976675297067],[-13.820965069342003,29.021050283804104],[-13.820867145689226,29.021079116398905],[-13.820681299239286,29.021300337551448],[-13.820326314381486,29.02155357388416],[-13.82029334165132,29.02169471387477],[-13.820373085189546,29.02177035700904],[-13.820397764735404,29.02192886176824],[-13.820266836725487,29.02207260720611],[-13.82023697380114,29.022295143143904],[-13.820109007654251,29.022303838461394],[-13.819921865902671,29.02248873080253],[-13.81989834059385,29.022675773152773],[-13.819779672513434,29.02287355866561],[-13.819695026790908,29.02292015071631],[-13.819687158051703,29.02301073687534],[-13.819498341349853,29.02320097465189],[-13.81937828278237,29.023421580586763],[-13.81902340426393,29.023725904168597],[-13.819033966221733,29.0238417505735],[-13.81888508880983,29.02394276622826],[-13.81884589814487,29.02392176363466],[-13.818842474102045,29.024017812766875],[-13.818743566319956,29.023971331198187],[-13.818671069398775,29.023993310152918],[-13.81880665695595,29.024151490749233],[-13.818820843499836,29.024246575627622],[-13.818652215081261,29.02414953708758],[-13.818553801625406,29.02419582681201],[-13.818709572769084,29.02437057424767],[-13.81835292566924,29.024268840511727],[-13.818393495533225,29.02437793853046],[-13.818289813893706,29.024476553284448],[-13.818309624294272,29.02458990897196],[-13.818257696937177,29.02461434290309],[-13.818272096197532,29.02467447621022],[-13.818163325431142,29.024818694091984],[-13.81830422578378,29.02497833883317],[-13.818668672274228,29.025047299664767],[-13.818764723555798,29.025113881739305],[-13.818888080453455,29.02529936337481],[-13.818785607404271,29.025436994786624],[-13.818808302626538,29.02547378133565],[-13.818164117794987,29.02514944602879],[-13.817916884480804,29.025101135429278],[-13.817763360077809,29.02525918240964],[-13.81774883335357,29.025369790220093],[-13.817667959160996,29.025362679792963],[-13.817574707268037,29.025443372021012],[-13.817586721348539,29.025534376661916],[-13.817726674929226,29.025534678871836],[-13.817752418760813,29.025571528521603],[-13.81764746253606,29.025633147428536],[-13.817564905219971,29.0256025122315],[-13.817501622927661,29.025642946345332],[-13.817561016281926,29.025852792897922],[-13.817512548771882,29.025933076039138],[-13.817558697543268,29.02603916394345],[-13.817449660925828,29.02606502617341],[-13.817455688656528,29.026134390536978],[-13.817379121087956,29.026196241065133],[-13.817595347481227,29.026415662800478],[-13.817513844448627,29.02650151231546],[-13.817432474481599,29.026507194686612],[-13.817216839617979,29.02640075170608],[-13.81715789541028,29.026542501355042],[-13.817189186126319,29.026608911399073],[-13.817483033766049,29.02672185498677],[-13.817603260516666,29.026871093241137],[-13.817399923300114,29.02690276767824],[-13.817332021484244,29.027035810722314],[-13.817366407188935,29.02714872624814],[-13.817659227969074,29.027397900444655],[-13.817599115951928,29.027429463917727],[-13.817610200821733,29.027380348665886],[-13.817521602057287,29.027352611390153],[-13.81731246791776,29.027424323282425],[-13.817136417095577,29.027645697393694],[-13.817022793249134,29.027647738213762],[-13.816959092792489,29.02779947251562],[-13.816850391270528,29.027841699317985],[-13.816872942946471,29.02802704388674],[-13.817070089130253,29.028174739934496],[-13.817025233302846,29.028265947710207],[-13.81698679667815,29.02825976107231],[-13.81701355306198,29.02832762032536],[-13.816903487557603,29.028238161776496],[-13.816788218645993,29.028312369087303],[-13.816687576161568,29.028290770402307],[-13.816636446379318,29.028331509652975],[-13.816571490120676,29.028264640458424],[-13.81651588120439,29.028293851498184],[-13.816546903827353,29.02833695701192],[-13.816353614841526,29.028380468745194],[-13.8163338915963,29.028445942104092],[-13.816325409525247,29.028785312047532],[-13.816420747600453,29.028815555255115],[-13.816419092530708,29.028887730877173],[-13.816444177946503,29.028830192522484],[-13.816555008847729,29.028821052087487],[-13.816682786243685,29.028876453538235],[-13.816679472212652,29.028944643594546],[-13.81681907874971,29.028836202711684],[-13.817107874632761,29.028798296544014],[-13.817173924631527,29.02885215218052],[-13.81723452655167,29.028835348956846],[-13.817257564601954,29.028898825417233],[-13.817361758573169,29.028950345441388],[-13.817258049129448,29.028928386247763],[-13.817185714602799,29.028990734139335],[-13.817063486149692,29.02897908963984],[-13.817085959032886,29.02904079226853],[-13.816989414285269,29.029019978949346],[-13.816864907736587,29.029228828714643],[-13.816900073742007,29.029243605370528],[-13.81700904506988,29.029133712208417],[-13.817308772197727,29.029117922662504],[-13.817186170628606,29.029140795247137],[-13.817114191725903,29.02922867768073],[-13.816925471281754,29.02925594048229],[-13.81684335490632,29.029361106417117],[-13.81679696704777,29.02934616772504],[-13.816753501180662,29.029418074329573],[-13.816853300320338,29.02949031331519],[-13.816783041782127,29.029493024645312],[-13.816812344885957,29.029545582076977],[-13.816703050709352,29.02958558336535],[-13.816811604155975,29.02961504023459],[-13.816831580248069,29.029663364050194],[-13.816903304958991,29.029613131443472],[-13.817191151936711,29.029728910901873],[-13.81707447092975,29.02974580686581],[-13.81711487090691,29.029764474170104],[-13.81709293215871,29.029794613673676],[-13.817154500950164,29.029791230021278],[-13.817069708479146,29.029892419609535],[-13.817007282155329,29.02990075936635],[-13.816951930338098,29.02977046668656],[-13.81682431457676,29.02987187459184],[-13.816940869789372,29.02989664572005],[-13.816979786620147,29.030022876849703],[-13.81709534062139,29.030048117349395],[-13.817050840480293,29.030089140739065],[-13.817066979163313,29.030205658993477],[-13.817121841434899,29.030214995562318],[-13.817019994154071,29.03026377170323],[-13.816930119832012,29.030244136156554],[-13.816995862769687,29.0302133175421],[-13.816808581801928,29.030207841445115],[-13.816828588077597,29.030332768898543],[-13.816915613999608,29.030388776858544],[-13.81689631087007,29.030436312474823],[-13.816832900864641,29.030400313158086],[-13.816777183750904,29.03044161669192],[-13.816812992292851,29.030460415117556],[-13.816799006009779,29.03052976561601],[-13.816863867744134,29.03053301734103],[-13.816874778490153,29.03056947477593],[-13.816811306646962,29.03053168797288],[-13.816649938876443,29.030584244396184],[-13.816599577891484,29.03061779752289],[-13.81662139642699,29.03073597228652],[-13.816511188634475,29.030718214991925],[-13.816434822259279,29.030812484080574],[-13.816425098704942,29.030887106533974],[-13.816358676941686,29.030912567105958],[-13.816266581932611,29.031069528847155],[-13.816388937520742,29.031206152061905],[-13.816267598381513,29.031160445628384],[-13.816126973850372,29.031223680155552],[-13.816172483061496,29.031424578438227],[-13.816148021381201,29.03154617191708],[-13.816064099839119,29.031551930159534],[-13.816134156947879,29.03160389030197],[-13.816046194761375,29.031746854564958],[-13.816039309826666,29.03190564112958],[-13.8160015816348,29.03192094871641],[-13.815953756248968,29.031833030737488],[-13.815918800116357,29.03193026369595],[-13.81585680895337,29.03193635050055],[-13.815901545375066,29.0319782052721],[-13.816000171519937,29.031969824164573],[-13.81601209082945,29.032051063073187],[-13.815821939479276,29.03202148180475],[-13.815853872481624,29.032076661787773],[-13.815759909474151,29.032192895335022],[-13.8158093608738,29.03223822116911],[-13.815803542572812,29.032368299880595],[-13.815726631760862,29.032506496910067],[-13.815526557858961,29.03250047295404],[-13.815333116999165,29.032554766441784],[-13.815168575756132,29.032725699646086],[-13.815180474566278,29.03282126996335],[-13.814901812333622,29.03291943011888],[-13.814908280614231,29.032975270071244],[-13.815072896873371,29.032867069924425],[-13.815173850793297,29.032867148256877],[-13.815262568882979,29.03307901413093],[-13.815295766479771,29.033035148130967],[-13.815366552022022,29.0330476492279],[-13.815317845665586,29.03314569028298],[-13.815374610195104,29.033165720820477],[-13.815420139408772,29.033246091976952],[-13.81539583313997,29.033311687150704],[-13.815366830157577,29.03319235687047],[-13.81534719377532,29.033290546023686],[-13.815470067511898,29.033381003261574],[-13.815214581468544,29.033440489174623],[-13.81510933519416,29.033358535241906],[-13.815001114817289,29.033400313382124],[-13.814847612445499,29.033233135579543],[-13.814836613360177,29.033299732502893],[-13.814775678422121,29.033277110892897],[-13.814803651508658,29.033335523181133],[-13.814888926134932,29.03335437956172],[-13.81487577491393,29.03341789805869],[-13.814807649360421,29.033393669758198],[-13.814810933134698,29.03344600702621],[-13.814892093909737,29.033463617769605],[-13.814933807295478,29.033415043810646],[-13.815053372279042,29.033483189763764],[-13.814944274643242,29.03355949838876],[-13.814777993233577,29.033527508982758],[-13.814863280529982,29.03360729255996],[-13.814700951136304,29.033647338538373],[-13.814789169577638,29.03382920153708],[-13.814755545689561,29.033890562905867],[-13.814618710394686,29.033900374726752],[-13.814586555220895,29.033959907933937],[-13.814452888393573,29.03379130734611],[-13.814156478043493,29.033725949619118],[-13.814068333877186,29.03377394189396],[-13.813969556122839,29.033747818037348],[-13.813960811329729,29.033821077099216],[-13.81387415648362,29.033867232290753],[-13.813758752158108,29.033801667064143],[-13.813807886716907,29.033913305736583],[-13.813715202766513,29.03399277260279],[-13.813617808591589,29.033841169577244],[-13.81354446707412,29.03391923684371],[-13.813582435532101,29.034032067515984],[-13.813696937020259,29.034131693888924],[-13.81368757043617,29.03420183384475],[-13.8134930454586,29.034194330600812],[-13.813504132536888,29.03411473874812],[-13.813594880867281,29.034053692791456],[-13.813546867972976,29.03402087833811],[-13.813348527984301,29.03405156160802],[-13.813299119904782,29.034113784899752],[-13.813205097636951,29.034062441824666],[-13.813149340563866,29.034087191759426],[-13.813149287763368,29.034010127745265],[-13.813082498500979,29.03404053804692],[-13.81307714441105,29.033911633333886],[-13.813021746855158,29.03393189199837],[-13.812723685068912,29.033650180861887],[-13.81262047707524,29.033750076536265],[-13.81254271693437,29.033757466361028],[-13.812521192542137,29.033830161079504],[-13.812729726312668,29.034072526959015],[-13.812655422816182,29.034107166469155],[-13.81250053075829,29.033883116959412],[-13.812426771429562,29.033888168540912],[-13.812426798131138,29.033980024110292],[-13.812324517590183,29.033940556364236],[-13.812103117087618,29.03405876482453],[-13.812079122202064,29.03416422503493],[-13.812136729409653,29.034239794534944],[-13.812090170576429,29.034235177158145],[-13.81212011462493,29.034306991315383],[-13.811905296553705,29.034241312354663],[-13.81177734968835,29.033984306849373],[-13.811613666879902,29.033832188174554],[-13.811265897491229,29.03380042959903],[-13.810822149470214,29.033992955231742],[-13.811132472010202,29.034199971726757],[-13.81089903626046,29.03418720173762],[-13.810930587029882,29.034306907395436],[-13.811060925926851,29.034331760587392],[-13.811118501613269,29.034421670776606],[-13.810865111598632,29.034391946823398],[-13.810911182166967,29.034518892645448],[-13.810964027769195,29.03446779228685],[-13.811108064843546,29.03461191326483],[-13.810775865620617,29.034588720441455],[-13.810894926254917,29.03453589601156],[-13.810768326464565,29.034424933218528],[-13.810760714594041,29.034471723032272],[-13.810840812157727,29.034533711203807],[-13.810749204071952,29.034569252336578],[-13.810638402853941,29.034518805801138],[-13.810702188415988,29.034489823147617],[-13.810682686883288,29.034440591180335],[-13.810604468693002,29.034495040595182],[-13.810462173585435,29.03435759488569],[-13.81031862999105,29.034319195122315],[-13.810386846492126,29.034467978947795],[-13.810244811620112,29.03455051691097],[-13.810053301808502,29.034495889382583],[-13.81016434283618,29.034674916062695],[-13.8098409534559,29.03454979069668],[-13.809593704006359,29.03467313567467],[-13.809403369473708,29.03466912016415],[-13.809099606863198,29.034764816389085],[-13.80856004357723,29.035066913199607],[-13.808493848443675,29.035283239008926],[-13.808439096767634,29.035292725766993],[-13.808116736294913,29.035806476699577],[-13.808117087163605,29.035923406162315],[-13.808031709038897,29.035900979723113],[-13.808000077242562,29.03583951932587],[-13.807906562545329,29.035848661823902],[-13.807980722427983,29.03605284913147],[-13.807895723067075,29.03607251800505],[-13.807883614564554,29.036152127290322],[-13.80799556028293,29.036237052269012],[-13.807899004564046,29.03624627606257],[-13.807851132150972,29.036338915692028],[-13.80765920218749,29.036347473193818],[-13.807617660625576,29.03649236883574],[-13.807670652424779,29.03659762716156],[-13.80764767713993,29.03662734066185],[-13.807593876516385,29.036588868272226],[-13.807573410935218,29.036814759770117],[-13.807397108117774,29.03713698889677],[-13.80725443281254,29.037291662723128],[-13.807026624665058,29.03741585225548],[-13.806842207229849,29.037420179437166],[-13.806704049795117,29.037359685597888],[-13.806453222518451,29.037435178953697],[-13.80631566106643,29.037589725713545],[-13.806240097977438,29.03755584254196],[-13.806173422480466,29.037589381947065],[-13.80617768306726,29.0376403471876],[-13.806126375824885,29.037660946133784],[-13.80615504398027,29.037710386542603],[-13.806111583046956,29.037873693368336],[-13.806055670022925,29.037863494569383],[-13.805749843110197,29.038107966680936],[-13.805637330144807,29.03824887322656],[-13.805571815642859,29.038454418664077],[-13.805504247986148,29.03844586680195],[-13.805508071540267,29.038499084382615],[-13.805485848116454,29.038475015932296],[-13.805293002969819,29.03860724769429],[-13.805277241093512,29.038669487390944],[-13.805190667561563,29.03868739868682],[-13.805133007875831,29.03876192750069],[-13.805058748356757,29.038995471213553],[-13.805070757693413,29.039156446391292],[-13.804599791734391,29.03931065056186],[-13.804547300538413,29.039432975692176],[-13.804461886612119,29.039378733967887],[-13.804342324265342,29.03943155703616],[-13.804329936729188,29.0394878792538],[-13.804420219617212,29.039626655232002],[-13.804558390982118,29.039734189178187],[-13.804462398131772,29.039957981689057],[-13.804284818435796,29.039876566710635],[-13.804150190325482,29.039707568585253],[-13.80408999526302,29.039736453628215],[-13.80401416820682,29.039648805706502],[-13.803899150296411,29.039639686044595],[-13.803858924071625,29.039686870769028],[-13.80390356813699,29.039847892995624],[-13.803772594300927,29.039727183018528],[-13.803690737701013,29.039916553669286],[-13.803531255534608,29.040025497992687],[-13.803535753593382,29.04011452325444],[-13.803499267571262,29.04007515661182],[-13.80343877666367,29.040141221167946],[-13.80318729392047,29.040212217009156],[-13.802876900652436,29.04048720874099],[-13.80253687914071,29.040516567511133],[-13.80225860931354,29.040699781548824],[-13.80217817287254,29.040702755289324],[-13.802140527839832,29.040765539404966],[-13.801908798797756,29.04064922648667],[-13.80127570153113,29.041093177388106],[-13.800705650195246,29.041288069612975],[-13.800488734899893,29.04141734469566],[-13.80045790728374,29.04150147884561],[-13.80033056560797,29.041489547577836],[-13.799995795819173,29.04178360974542],[-13.799608225615572,29.041948215796552],[-13.799510990009855,29.042067999900972],[-13.799433548947443,29.04200907920581],[-13.799459767563269,29.04215815154657],[-13.799424541198057,29.042248680826834],[-13.799086558013451,29.042285034174597],[-13.799227781597587,29.04243920518089],[-13.799426427579395,29.04254169868822],[-13.79932686777902,29.042582747058653],[-13.799059924221604,29.042493766531734],[-13.79899486817576,29.04257854180043],[-13.79897650034681,29.042741258117836],[-13.799245400534087,29.04287062449452],[-13.799333608886922,29.042983321416106],[-13.799370125786933,29.043130843310237],[-13.799230320606584,29.04314498965845],[-13.799053280840935,29.04294148435464],[-13.798966502909652,29.042992610195153],[-13.799048291229845,29.043076135695472],[-13.798759692488101,29.043056741063715],[-13.798814819382143,29.04331141018991],[-13.798772843655204,29.043485358792324],[-13.798882162073804,29.0436446055135],[-13.798757033928641,29.043655931504887],[-13.798739685472983,29.043536449693708],[-13.798557178466385,29.043642636849835],[-13.7986697836414,29.043896692155023],[-13.798493714043294,29.044056165378343],[-13.798472143418559,29.044200929556474],[-13.798098474947613,29.044703356270592],[-13.797904773185403,29.04512204504402],[-13.797939426413489,29.04530883574612],[-13.79785267435301,29.045384084453904],[-13.79785157049049,29.045583821574866],[-13.79769787512151,29.04576459403814],[-13.797672429374137,29.045878503465794],[-13.797455631138796,29.046193993062282],[-13.797304368213334,29.046261434721824],[-13.79724751407368,29.046226703250838],[-13.797040857474766,29.04646193474812],[-13.796818728337977,29.0465417818462],[-13.796732026296594,29.046692207198213],[-13.796716799849445,29.046797128985556],[-13.796898501464774,29.047196455058643],[-13.7968270302444,29.04724419685016],[-13.796652670630179,29.047203385311946],[-13.796481072898368,29.04738473584511],[-13.796641327144519,29.047372824399197],[-13.79670395232675,29.04742271543894],[-13.796685505404508,29.04750688730371],[-13.796574439375632,29.04754063756716],[-13.796647299537016,29.047628100546536],[-13.796611637718588,29.047721251258032],[-13.796708755739479,29.047777841019197],[-13.796653881268433,29.047825568990227],[-13.796562531154754,29.047785257556377],[-13.796400172603398,29.047610344774935],[-13.796262943711508,29.047672730729555],[-13.796246458752476,29.047798416345085],[-13.796456621093387,29.0478773544205],[-13.796507131560425,29.047940150787486],[-13.796495702529938,29.04801252687179],[-13.79631757611682,29.048041289738038],[-13.796253202581832,29.04817823320994],[-13.796329131602171,29.048111958582133],[-13.796319656725155,29.04821239235433],[-13.79622004851718,29.048234918839082],[-13.796192049101736,29.048335926554827],[-13.79610521028858,29.04834048164962],[-13.79613591881947,29.048397117131252],[-13.796003744477206,29.048406211287148],[-13.795811728017615,29.04860327954559],[-13.795679810380753,29.048868753387666],[-13.79545836420765,29.049008619401086],[-13.795237687888358,29.049283693077864],[-13.795139399739524,29.049340994260685],[-13.795056194378075,29.04956659056739],[-13.794648053205934,29.050057398091234],[-13.794681549082249,29.050143696478333],[-13.79452411893061,29.050157020668756],[-13.794434303334208,29.050229297379847],[-13.794195482267419,29.0502934402156],[-13.79392348363821,29.050485834367706],[-13.794007906690238,29.050629943209035],[-13.793966727664609,29.05086420101542],[-13.79403741371401,29.05093902009801],[-13.793910549285805,29.050878090987066],[-13.793606281846417,29.050859202933815],[-13.793333092317079,29.050732800873714],[-13.793275183669184,29.05077798218169],[-13.793331905424523,29.05076770729407],[-13.793434451258303,29.05086808255506],[-13.793445794669648,29.051210081343264],[-13.79324398040515,29.05118124721559],[-13.79305987650701,29.051037442183475],[-13.792949741021127,29.051089644455388],[-13.792954002285166,29.05117177265557],[-13.793245197317537,29.05151167538564],[-13.793327747712537,29.05181928876557],[-13.793439647624501,29.051797326226396],[-13.793488113940397,29.051839844573575],[-13.793460233691963,29.051996472715732],[-13.793438025265477,29.05191288367033],[-13.793364988959848,29.05197024794506],[-13.793203322394717,29.051989028572176],[-13.79314994221909,29.051890430763343],[-13.793047944979115,29.051932535258995],[-13.793037874050237,29.052032683545164],[-13.792752463677022,29.051965923829343],[-13.792414477418905,29.051642574920077],[-13.7923700193122,29.051692452381516],[-13.792440073218657,29.05190612266737],[-13.792089411830847,29.051761883092627],[-13.79235526448593,29.05203061549446],[-13.792348086066918,29.052166302444036],[-13.79211971570126,29.052190726924096],[-13.7920039676782,29.052290772660026],[-13.792140100124257,29.052271222286915],[-13.79216904659219,29.052324729205107],[-13.792122547237701,29.052304708941104],[-13.792088928133081,29.052387768840685],[-13.791887898430334,29.052441273226943],[-13.791845151874485,29.052359231902216],[-13.791495911056014,29.052309809393982],[-13.791686812353616,29.052408842367875],[-13.791708159473579,29.05247633264709],[-13.791665559887923,29.05252707491535],[-13.791726435199202,29.052616111244163],[-13.791668389361428,29.052628855338032],[-13.791594405753493,29.05252154304386],[-13.79144439411056,29.052477902408217],[-13.79138554424448,29.052674122949654],[-13.791101076713758,29.05292365234607],[-13.790993113783871,29.052939033151073],[-13.790898542366586,29.053150923752508],[-13.790531763722997,29.053411614302785],[-13.790191508540342,29.053785353139794],[-13.790056911545829,29.053831547581872],[-13.789878017407135,29.053819502508766],[-13.789819354300871,29.053882400195683],[-13.789477331406257,29.054010510592587],[-13.789290949464897,29.053995825141907],[-13.789165942782768,29.054036933937255],[-13.78908172574137,29.054225460999685],[-13.788933732519816,29.05415136794219],[-13.788851368205586,29.05403889761838],[-13.788663119142083,29.054073244363774],[-13.788682296843403,29.054252397679985],[-13.78844597374342,29.054226529924314],[-13.78815004431077,29.054321300002282],[-13.787683605809402,29.05452477700835],[-13.787581320926412,29.05471487266097],[-13.787415014452305,29.054606561908972],[-13.787222935403257,29.054662630846664],[-13.787146944395325,29.05475435849908],[-13.786543414540779,29.0549252316201],[-13.786330753908295,29.05494158452292],[-13.78605959906185,29.05507719456865],[-13.78587639065198,29.055250935109807],[-13.784682720078537,29.05568492246583],[-13.784450274078134,29.05571188691157],[-13.784091052057379,29.055960191476558],[-13.783864200083832,29.055915638799373],[-13.783848741787935,29.05603118782422],[-13.783652566951096,29.056065663193085],[-13.783318847811644,29.056332138004603],[-13.783260533280263,29.05662822791438],[-13.783195614628177,29.056728293207804],[-13.783097587677197,29.056775308340058],[-13.783087089564587,29.056862853099027],[-13.783272939387677,29.056921457148555],[-13.783316709432798,29.056984125036486],[-13.783174018185788,29.05728082189132],[-13.783224456635647,29.057394044057457],[-13.783130976330781,29.05737045420622],[-13.783100909981416,29.057297143886142],[-13.782944810799291,29.05733342540348],[-13.782771801728648,29.0573078778726],[-13.782707477454597,29.057371253422644],[-13.782701909664775,29.05748149511062],[-13.782979620360795,29.05755298064981],[-13.78305330939444,29.057674400613266],[-13.783000741297908,29.057652445015293],[-13.782847742577621,29.057826112085618],[-13.782688866626412,29.057914206600035],[-13.78264124450945,29.057825331642608],[-13.7825638369675,29.057905067763457],[-13.782447923705565,29.05779141398482],[-13.782268847797049,29.057762886731386],[-13.781934073593883,29.058030088313128],[-13.781974276220945,29.058158542159426]]]]}},{"id":"138","type":"Feature","properties":{"categoria":"Parque Nacional","nombre":"La Caldera de Taburiente","codigo":"P-0"},"geometry":{"type":"Polygon","coordinates":[[[-17.87326364109602,28.761099593342493],[-17.872736988952724,28.760791161868486],[-17.872142084743636,28.760639432697754],[-17.87210826060276,28.760539694513902],[-17.871969606956846,28.760396523567977],[-17.871643511571154,28.76022080900315],[-17.871314058260925,28.76030087538967],[-17.871041503153712,28.760187948484994],[-17.870875776626836,28.76019147223819],[-17.870549933444803,28.760024882054367],[-17.87046382162476,28.759907989997],[-17.870307204130743,28.759865656863564],[-17.87006511096351,28.760108248320623],[-17.86866587215322,28.760892911874766],[-17.868461170574594,28.760905527373726],[-17.86836928558279,28.76097597324629],[-17.868200498388365,28.760960248825405],[-17.86786356952052,28.76108273074751],[-17.867205743900833,28.761076519272635],[-17.866633331851055,28.761322206963975],[-17.86595084055366,28.761371292650928],[-17.86558664749153,28.761214683910133],[-17.86515661984256,28.7611632639871],[-17.8645622305137,28.760844315020552],[-17.86406779142125,28.76071064721031],[-17.863613896141363,28.760504039094336],[-17.86329435252675,28.76018502107394],[-17.863115499206547,28.759865902321767],[-17.862781094170877,28.759841278302165],[-17.862539552399845,28.75974260621679],[-17.861875967833026,28.760004622368577],[-17.861411358650244,28.759884727552695],[-17.860911598748164,28.759915499337982],[-17.860350243312674,28.759452800119313],[-17.85995712387764,28.759331611065658],[-17.85962996096208,28.75905135228937],[-17.859430132306684,28.758988010326032],[-17.85925431546502,28.758867848224416],[-17.859113230904878,28.758380926730304],[-17.859061406903987,28.75788648402759],[-17.85887082462068,28.75769342910193],[-17.858904080528614,28.75750689747649],[-17.858724086169456,28.757702166949162],[-17.858539181554633,28.75771734370524],[-17.858131303094478,28.757523256333315],[-17.857672695188665,28.757578011503018],[-17.857416617809182,28.757560906063798],[-17.8568794763948,28.7573132386612],[-17.85681285065185,28.757213287676315],[-17.85663065316678,28.75709325694001],[-17.85614614145369,28.75690078445315],[-17.855968134697857,28.756465319961272],[-17.855310884101208,28.756265235257544],[-17.854699518457302,28.755872717950055],[-17.85426877035657,28.75530744569091],[-17.853874354736956,28.754668198951496],[-17.85357823558477,28.754353480638724],[-17.853366411791274,28.754318538349253],[-17.853238791855233,28.754090357387444],[-17.85311530631991,28.754014130327064],[-17.85277697969544,28.75402690881002],[-17.852397689587708,28.753708313617096],[-17.85182195460285,28.753450177252752],[-17.851499228684425,28.75309659758227],[-17.850948468001977,28.75211150983824],[-17.85055959207275,28.75167485648742],[-17.850275768105284,28.75110646796807],[-17.849603387438734,28.750112677745843],[-17.848780910617915,28.749944200287473],[-17.848599957491526,28.749869180607025],[-17.847004908738935,28.749722616082735],[-17.846289475594023,28.749495554637562],[-17.846079342698197,28.74952250769158],[-17.845859491250206,28.74966228875149],[-17.84568189966515,28.749711080054002],[-17.844406879314715,28.7491128775484],[-17.844111414549797,28.74882064715223],[-17.843650696970847,28.74879656106458],[-17.843338517536928,28.748594779693413],[-17.84263358281362,28.748283009305492],[-17.84250220024143,28.748150625861],[-17.842066554226424,28.74787260305313],[-17.841835417447975,28.747595907050716],[-17.841375619656517,28.747605580663315],[-17.84117124888811,28.74737336974632],[-17.840671901167067,28.747102313175777],[-17.84027351376625,28.74678408206789],[-17.839890960753973,28.74681465076375],[-17.839486202710027,28.74673306156229],[-17.838785849115375,28.74635359905141],[-17.838672108932293,28.746164528764915],[-17.838529465530822,28.745615668880212],[-17.838222007086017,28.745115321611813],[-17.8381354794977,28.74475111174497],[-17.838122842920566,28.74428398757381],[-17.838165404035006,28.743967745909153],[-17.838308464377267,28.743587449437456],[-17.83814394608077,28.743410707818327],[-17.83800147834464,28.74334049542396],[-17.836854602154222,28.74298729574553],[-17.836470987279085,28.74250543667517],[-17.836177236739015,28.742275093900133],[-17.835555835416823,28.741978422986524],[-17.8353785528892,28.741801945422107],[-17.835394056912435,28.741193449291412],[-17.835271205896095,28.74090320476627],[-17.835501696138937,28.740447870050847],[-17.83563199125595,28.740067843936327],[-17.835494846271157,28.739248565626013],[-17.83537199807033,28.738958321012998],[-17.83529324188985,28.738881136953058],[-17.8351121638591,28.738327447149203],[-17.835093006700692,28.73809133821189],[-17.835364694830293,28.73774213233013],[-17.835444360231055,28.737380062549637],[-17.83555488919051,28.737214437523267],[-17.835311022599946,28.736464973242747],[-17.83530448464881,28.736222968140844],[-17.835585742831956,28.735045772651002],[-17.835606569648846,28.73463425678043],[-17.835711774976826,28.734508161882584],[-17.835427323216518,28.733675080823414],[-17.8353215102613,28.73354215231607],[-17.83526708380127,28.73318289654201],[-17.835080849451817,28.732674363935306],[-17.835101677759102,28.732499359016373],[-17.835206577789315,28.73236200853613],[-17.835748253911763,28.732074711265277],[-17.835617965439372,28.731272181760207],[-17.835726663310854,28.730565998391345],[-17.835690633260523,28.73041471167922],[-17.835585583760345,28.73030992313483],[-17.835574485922997,28.73013558816151],[-17.83559060063074,28.730022625765876],[-17.83571282870069,28.729817336664617],[-17.835398138577364,28.729519855027867],[-17.8353529883478,28.729267397543214],[-17.83544876403762,28.729028876582078],[-17.83568972156101,28.728725365481424],[-17.83572514287916,28.728617628929538],[-17.83562404827305,28.728186146641278],[-17.835495590427414,28.727924174945397],[-17.835606719302273,28.727544551231972],[-17.83549285612297,28.72734984800688],[-17.83555138497604,28.727151527060265],[-17.835536488045733,28.72683649128554],[-17.835841289182085,28.726531640468384],[-17.83594344663004,28.72629298533087],[-17.8361355991263,28.726074966186502],[-17.83668727401183,28.725686094819075],[-17.836853580665963,28.725457354893148],[-17.837066100271052,28.725283956666843],[-17.837992940924135,28.72459438022874],[-17.838357776705728,28.724383993944446],[-17.838432258114942,28.724067081553653],[-17.838244664187386,28.723744411242624],[-17.83806147455273,28.723111931323967],[-17.838083362473657,28.72297632234926],[-17.837609676333614,28.722231686362363],[-17.837622898823387,28.722011791428127],[-17.837472252432363,28.721874173974452],[-17.837351096019308,28.721645837821324],[-17.837514354064837,28.72130453710783],[-17.83749884540646,28.72096698949489],[-17.837656323460735,28.720411823635573],[-17.837641727149585,28.7201080442792],[-17.837713925323584,28.71947020068695],[-17.837700697952897,28.719217073607606],[-17.837382083863595,28.71877326547449],[-17.837340432760023,28.71865025291613],[-17.83748620647284,28.718371262854948],[-17.837499125773217,28.718140111457252],[-17.837661162320778,28.71775378663356],[-17.837690798882793,28.71719567348229],[-17.837847970032577,28.71686576286114],[-17.838266436688144,28.716513471452874],[-17.838501435948704,28.7164634865533],[-17.838803618788805,28.7162994657217],[-17.83914593112964,28.716202176235356],[-17.8396825006632,28.715965655378525],[-17.84021466941723,28.71603894169958],[-17.840334446939863,28.715980112513588],[-17.840813394212063,28.715502656061464],[-17.84099001870133,28.715420106758252],[-17.841257990503756,28.715172331671695],[-17.84143841038115,28.714993971310268],[-17.841591009433156,28.714731727520466],[-17.841734798289604,28.714616080390808],[-17.84204167945568,28.714390010814565],[-17.842269373726467,28.714306386133217],[-17.842986341305565,28.713891491839437],[-17.843216291070746,28.71341926472572],[-17.843493211824107,28.713030517400625],[-17.843405317754474,28.712379146119204],[-17.843142040214175,28.71209186127604],[-17.843142940833914,28.711889118833877],[-17.843454353653577,28.71135886593712],[-17.84377307553391,28.71109875672214],[-17.844095132709093,28.71072595232028],[-17.844283127558054,28.71035596836202],[-17.84435529900327,28.709954634094697],[-17.844340977008248,28.7094256019624],[-17.84431922060194,28.70909381840635],[-17.844196086451486,28.708792324013654],[-17.844197595152366,28.708612093619248],[-17.844351398156824,28.70839487170497],[-17.84443862145432,28.708077688698214],[-17.84475123643853,28.707592457882033],[-17.844786186270284,28.70746783579063],[-17.844693752550317,28.70712064591892],[-17.84474162162537,28.70700138324497],[-17.845006363989,28.706635414732553],[-17.8453280825873,28.706014842282084],[-17.845373664599514,28.705811159484796],[-17.84524689181888,28.705611104084703],[-17.84540827431258,28.7052022605899],[-17.84551504916218,28.704192027186625],[-17.845395728510685,28.704031233495314],[-17.84510999851488,28.70409355881591],[-17.844423606763456,28.703747604477467],[-17.844072949353066,28.70329885329157],[-17.843337162160466,28.702779364282215],[-17.84289075236786,28.702096112416772],[-17.84275501810701,28.70180051204117],[-17.84236790177984,28.701420096961275],[-17.842233700680328,28.701417286881263],[-17.84199387564086,28.70152369022235],[-17.84212396746557,28.70137454404111],[-17.842115444880267,28.701059374923123],[-17.841981084123503,28.700814425451917],[-17.841836696245014,28.700671048626976],[-17.841746714599278,28.70041390379074],[-17.84158667060713,28.70016386271272],[-17.84162907071092,28.700078503237563],[-17.84156280431843,28.699989796286598],[-17.84136811352917,28.699875632264888],[-17.84104286371505,28.699420706710324],[-17.840180056935747,28.698453368933297],[-17.839911811336997,28.698216860563694],[-17.83960861316727,28.69810497268708],[-17.839504051278013,28.698017068875007],[-17.839325475403964,28.697789938348336],[-17.839195076528537,28.69745480288271],[-17.83907577354932,28.697294002250803],[-17.83879811107097,28.69718157620003],[-17.838439749756116,28.696918800210444],[-17.838061177530385,28.69661702883364],[-17.8377845832839,28.696307484771378],[-17.837339907049994,28.695922630009804],[-17.836852375769976,28.69560624731628],[-17.836759977227686,28.69549556100273],[-17.83628857322463,28.694593189112698],[-17.835957586702648,28.6941608944012],[-17.835888444639384,28.693965251017804],[-17.835838935215627,28.692840041202807],[-17.835909608146896,28.692618940777987],[-17.835929985196262,28.692190539244624],[-17.835723779060455,28.691648632971358],[-17.835555855366326,28.691578947961595],[-17.835256019719225,28.6915908656895],[-17.8347206401176,28.691393733322275],[-17.83424956666494,28.690739119762252],[-17.833751743037276,28.69027652754066],[-17.833676073964313,28.690075388150955],[-17.833734768493457,28.68940967107746],[-17.833442864116872,28.689004705930362],[-17.83345109316554,28.688599083593484],[-17.833672081548762,28.68803132854659],[-17.83368091667294,28.68764821844534],[-17.832883196415768,28.686216866025756],[-17.83262726970493,28.686022083745257],[-17.83246896488608,28.685804345974685],[-17.83242932768932,28.685464634761043],[-17.832288772863073,28.68493965759488],[-17.853007944769256,28.682081689287386],[-17.852896733587105,28.68094030440999],[-17.852934926294488,28.680707242034416],[-17.853152985934734,28.680609412723456],[-17.8536353390995,28.68061395809191],[-17.85386330510952,28.6806762085418],[-17.85422515331856,28.680887745600653],[-17.854281330735173,28.68083912748471],[-17.854466898649378,28.68036415564959],[-17.85463466656625,28.68012181609565],[-17.854806213686413,28.68008711913322],[-17.854953362714326,28.68011018317883],[-17.85509328404556,28.680208637733266],[-17.855138511166647,28.68043993987239],[-17.855465324304337,28.681000597685074],[-17.85555635829491,28.681484452002792],[-17.855379751766197,28.681947786577037],[-17.85536984809477,28.682129548323097],[-17.855508304492492,28.68244720493911],[-17.85557221417132,28.682751714562457],[-17.855738723506,28.682941201038084],[-17.85582522639706,28.682916476058605],[-17.855808634747213,28.68264695091004],[-17.855917572143515,28.682423843502818],[-17.855962995720557,28.682184085554205],[-17.856211403205744,28.68197438910201],[-17.856620824604065,28.681820173880766],[-17.856887622102075,28.68180963212407],[-17.857056451774437,28.681879668431023],[-17.857308532339285,28.682283245730805],[-17.858046686288827,28.682964419198964],[-17.85820454525137,28.68338143450398],[-17.858312803469104,28.68333825671549],[-17.858552093184294,28.68299790014861],[-17.858517066474914,28.682596281120567],[-17.858665870811382,28.68247537259132],[-17.85892181377058,28.682474869830187],[-17.859197829779355,28.682666943961898],[-17.859306867539654,28.682788945019297],[-17.85947827174353,28.683158239653082],[-17.859661725395473,28.683288480835007],[-17.859887305000647,28.68305799772034],[-17.860561078379924,28.682803315758196],[-17.860838199050562,28.68276310685452],[-17.860811878082064,28.682681883306834],[-17.86057836098359,28.6824840070896],[-17.860630726539274,28.682363500463378],[-17.861010718717058,28.682286767887714],[-17.861302592451857,28.682311670290137],[-17.861424549580093,28.68236306538201],[-17.861593200669933,28.682835458416168],[-17.861673546501354,28.682925352400535],[-17.86190866904318,28.682977623746652],[-17.86252759616872,28.682820593294323],[-17.86273434998111,28.68292089614891],[-17.862749654362442,28.68307431896926],[-17.86263445838888,28.68347584429652],[-17.86243019442237,28.68387598345479],[-17.86260819554984,28.68407830248298],[-17.86266101891619,28.684042836673243],[-17.862710327456504,28.68387823285382],[-17.862788479858697,28.6838193324697],[-17.86305883943968,28.68373510079841],[-17.863456628495054,28.683494424281093],[-17.863771135092467,28.683464867075372],[-17.8639541461288,28.683374305024685],[-17.864034523056667,28.683397137237698],[-17.864204637732715,28.683650324406848],[-17.86452809734409,28.68340467651383],[-17.864653347473645,28.683372582980702],[-17.86518347118174,28.683768618986708],[-17.86524567910167,28.68366916509323],[-17.865277437434912,28.68340516040109],[-17.865350026842226,28.683346376627206],[-17.865470249895193,28.683334016031928],[-17.86587629461479,28.6836688894404],[-17.865963919225987,28.683549269400938],[-17.86606755161488,28.683200326036967],[-17.866359081647033,28.68307638483775],[-17.866643926616533,28.683047449781565],[-17.866606230818768,28.68268514531409],[-17.866741640446307,28.682345341719586],[-17.866901707685045,28.682297787925442],[-17.867365207187312,28.68242698894466],[-17.867440477078006,28.682330528397063],[-17.867527358199343,28.68191160851081],[-17.867590676737233,28.68185302013797],[-17.86836421712198,28.68178918607899],[-17.868562596752167,28.681922369227305],[-17.868613530362218,28.68208975579585],[-17.8685940430061,28.68232733100591],[-17.86853268618425,28.682457844594506],[-17.86826485001606,28.68270232209074],[-17.86822776875029,28.682838863323763],[-17.86826892487733,28.682919770459257],[-17.86897556148353,28.682850808855736],[-17.86953408804712,28.6831317325995],[-17.86958262136789,28.683075092660378],[-17.869637624860125,28.682643763342227],[-17.869798454520588,28.682488240416138],[-17.870031819612752,28.68240805124657],[-17.870172966461794,28.682414869819514],[-17.870509389040006,28.682644892215574],[-17.870779940858135,28.682500124478885],[-17.87091472371979,28.682477636454763],[-17.871009549238234,28.682554132319687],[-17.871162747641602,28.682866550713666],[-17.871589304602146,28.683408691413906],[-17.8717899342348,28.683080583637878],[-17.871791906890337,28.682745244341824],[-17.871931337288643,28.682621249746052],[-17.87213877017737,28.682610302729234],[-17.872550638956994,28.68288615007681],[-17.872647432007522,28.68289881469824],[-17.872921825832098,28.682487358786837],[-17.873162022102886,28.682385756606163],[-17.873399047505522,28.6821680940867],[-17.873589461807715,28.682077362239642],[-17.873957246378676,28.68209735329202],[-17.87407974410285,28.682168352182707],[-17.874010622236117,28.6825574568703],[-17.87407304394104,28.682873436104135],[-17.874247334365226,28.683007122363716],[-17.874544503540584,28.683022069826112],[-17.874778022976745,28.68315122552422],[-17.874853310155075,28.683259209951043],[-17.874830912108127,28.68359334734823],[-17.874993948497643,28.683722364945698],[-17.87537773025578,28.683784537241312],[-17.875554345535797,28.683867468851844],[-17.87583171226352,28.68417560550629],[-17.8759421795609,28.684416960184926],[-17.876026442708774,28.684310490396296],[-17.876140030708942,28.68425900714027],[-17.87619331417197,28.684037068924933],[-17.876798738350693,28.683319252596743],[-17.876887381544346,28.68337297732734],[-17.877179409272788,28.68394576533322],[-17.877282593898318,28.684056426188008],[-17.877680878836532,28.68430964737117],[-17.878062401924357,28.684221385488147],[-17.87797698865584,28.684556863502603],[-17.87804585976267,28.684972473870765],[-17.87814931350637,28.685111955553747],[-17.87813769735537,28.68521698273428],[-17.877870675311012,28.685414335729256],[-17.878044888897218,28.685638078045677],[-17.87821660457632,28.68619410269014],[-17.878293620380237,28.686149018345642],[-17.878616495152084,28.685556911565637],[-17.878963827338428,28.685646631799713],[-17.879386963651395,28.685223615169225],[-17.87956954896238,28.685329619135736],[-17.88015962397853,28.684864711861863],[-17.880251288447024,28.68471964562362],[-17.880269439240944,28.684218359605836],[-17.880359675616678,28.68412699164975],[-17.880432015292218,28.684122895562545],[-17.880689177647188,28.68430653352207],[-17.881287460599747,28.685093694774462],[-17.88146072779905,28.68517689422291],[-17.88185216362969,28.685183887787854],[-17.882082003408044,28.68532210412529],[-17.882174145363194,28.685511811187478],[-17.882104341369416,28.68581997151145],[-17.882354737852108,28.68596797163695],[-17.882397808148756,28.686059055487007],[-17.882438367088927,28.686587201477288],[-17.88236181678935,28.68675494747663],[-17.882542727003905,28.686799648180447],[-17.8826300146464,28.686917901294073],[-17.882685729375588,28.68673015448351],[-17.882792083837074,28.686592440357153],[-17.883260353510884,28.6864419000776],[-17.88328142413013,28.686364782604407],[-17.88321719334255,28.68613614746065],[-17.883463440745224,28.685921338107967],[-17.88349144999632,28.685780182764272],[-17.883595606317417,28.685668070976647],[-17.883594045989373,28.685399765673665],[-17.8839564974198,28.685195255998327],[-17.88395986375759,28.685000958315047],[-17.884278471385542,28.684677269217616],[-17.884133445887734,28.684355800112197],[-17.88410102951054,28.6840191514659],[-17.884001156847226,28.683653274070327],[-17.88425232475852,28.683512471187264],[-17.884534465581563,28.68323300470847],[-17.884718762865447,28.68266172998093],[-17.88472306298132,28.682395855335052],[-17.8848011939185,28.682391633416287],[-17.884965675953215,28.682577239936183],[-17.885101079106203,28.682653575468397],[-17.885706272616964,28.682001764093375],[-17.885798183827156,28.68197169140633],[-17.885964605174358,28.68201669725087],[-17.88625426105578,28.682222631640837],[-17.886360538419904,28.682399255929177],[-17.88637242885314,28.682621339538134],[-17.886648118661284,28.68274068052777],[-17.886882935611244,28.683060230189106],[-17.887201760489297,28.68263941739792],[-17.887445445680562,28.682437434254663],[-17.88763342624475,28.682423198618647],[-17.887910378804133,28.682588510865497],[-17.8879378973787,28.682746370479066],[-17.887864724455582,28.683036715628553],[-17.88802086813529,28.68397384245841],[-17.88796161557016,28.684243445672717],[-17.888337161791327,28.684199647993548],[-17.888989866398703,28.684011926954117],[-17.889260451832577,28.68426170676028],[-17.88949736580086,28.684762653930463],[-17.889830717181763,28.684448859988763],[-17.890276009296603,28.68388478041863],[-17.890336832848128,28.683883480632467],[-17.89078839898729,28.684180501446185],[-17.891136926871617,28.684735282822267],[-17.89123751005857,28.68480980051651],[-17.879914492952267,28.708230112871824],[-17.909259294133754,28.719637160811335],[-17.908996484091265,28.720227266706253],[-17.908893578653903,28.72071139542302],[-17.908631603531276,28.72091185056582],[-17.90802486818959,28.721683666156004],[-17.90760269467559,28.72197984788418],[-17.907042749267344,28.72221542075603],[-17.90692684332099,28.72239837548023],[-17.90666032252571,28.722518947465822],[-17.906583657716347,28.722774883125577],[-17.906124791034017,28.723678856852146],[-17.905629394704278,28.72393559383043],[-17.905365590468016,28.72415453875857],[-17.905150554126497,28.72445446260349],[-17.905036683988712,28.72471119738438],[-17.905273678699746,28.724935780518976],[-17.905461678967537,28.725272974814693],[-17.905466942097434,28.725463166465058],[-17.90522486474679,28.725593053895558],[-17.905160443852118,28.725686310243418],[-17.90497353105832,28.726733724584015],[-17.904876795598945,28.72699797925237],[-17.904558870599445,28.727352926734202],[-17.904251276651312,28.727536718982513],[-17.90385221501668,28.728181833024614],[-17.9031711429519,28.728590202964078],[-17.902410209070194,28.729341521860103],[-17.90225884864428,28.72979100579143],[-17.901865757265522,28.73038348856735],[-17.90171984712649,28.73049161825548],[-17.901647065660413,28.730821293614213],[-17.901421294647225,28.731272374851457],[-17.901498238314435,28.73136259397398],[-17.901583877078497,28.732036665907675],[-17.90189727733881,28.732600850029606],[-17.90186587610831,28.732811516244045],[-17.902019042121797,28.732965720198816],[-17.902188172242898,28.73342800641183],[-17.902256040306526,28.73372841149833],[-17.902203223937647,28.73397234894298],[-17.902088342448987,28.73412574825984],[-17.902298674490943,28.734462466562007],[-17.902326800378013,28.734671854045096],[-17.902071992835978,28.734880757250213],[-17.902007014100562,28.735223389645853],[-17.901743131995087,28.73537342713045],[-17.900908837352457,28.735627585233846],[-17.900763282053187,28.735748830942512],[-17.900821894277414,28.735983813247643],[-17.900645478207952,28.736335400357415],[-17.90055255233767,28.736475202501648],[-17.90031116901165,28.736631316677357],[-17.899820788536775,28.73666809263086],[-17.89888775224978,28.73685217367098],[-17.898644553864354,28.73694270136703],[-17.898529301477346,28.737082981564377],[-17.8984584995148,28.737484797952646],[-17.89829115886437,28.73762619548214],[-17.89910073620085,28.73776508756799],[-17.899530055869608,28.73814550681301],[-17.899632980125993,28.738502170385207],[-17.899639775983502,28.738748108696022],[-17.89948153142811,28.738915561595245],[-17.89936241375531,28.739235977120686],[-17.899584722544564,28.739702866778355],[-17.899588970087603,28.739856578268768],[-17.900043238986715,28.740718374364455],[-17.900194659028905,28.741145770735717],[-17.900204006178814,28.741483935382593],[-17.89952705386489,28.74224697431188],[-17.899538098483013,28.7426466238629],[-17.89929959042858,28.742856813681],[-17.898862568770962,28.743040502987363],[-17.89811673949881,28.743547239799096],[-17.897526368377733,28.743686151909692],[-17.897461310374904,28.74382782148644],[-17.897234989071215,28.74389346139941],[-17.8971064202716,28.74423287660287],[-17.896772337593035,28.74481516492807],[-17.896233174844195,28.744887512452806],[-17.896049398298178,28.744956914119985],[-17.89574186123906,28.74496350778542],[-17.89552717296647,28.745066302191688],[-17.895741833512552,28.745346923904844],[-17.8959089163964,28.745441533499253],[-17.895903702544256,28.74602144425651],[-17.89605293108158,28.746238007085644],[-17.89622686633783,28.746388578889754],[-17.896267079757372,28.74649993558258],[-17.896246102563826,28.746893152462462],[-17.896170952396357,28.74705374109356],[-17.89607201158564,28.74712132378218],[-17.8959566211555,28.74755397141711],[-17.895199009009065,28.747593592885384],[-17.89467119379743,28.747885454287456],[-17.89438485787963,28.747891590889232],[-17.894196932676504,28.74800316153153],[-17.89371685220263,28.748102288692653],[-17.89323235222205,28.74842594724013],[-17.892957264030503,28.748455218773483],[-17.89268022365497,28.748606102843098],[-17.89267412893588,28.748769886494447],[-17.892569881674728,28.74883758052561],[-17.89253106935149,28.74896933435714],[-17.892329294091734,28.749156012035755],[-17.89197202754998,28.74966864967995],[-17.891702088908353,28.749884840940595],[-17.891280712101718,28.749996730389736],[-17.89096695472274,28.7499707163809],[-17.89073572151613,28.74985877073592],[-17.889978965781314,28.750122784307976],[-17.889515526446495,28.750441304079494],[-17.889372562660665,28.75083713095525],[-17.88923407866059,28.751588223232133],[-17.88907600164114,28.751820719790693],[-17.88878069594799,28.752079530736165],[-17.888504540209947,28.752744726958852],[-17.888113753599296,28.75319728721648],[-17.887726363334032,28.75338792831827],[-17.887529515353034,28.753368758328772],[-17.887559503690575,28.75349436415467],[-17.88751422275668,28.753584172744873],[-17.88704417151243,28.753856068253736],[-17.886641668894303,28.753883375913322],[-17.885676092081678,28.753700614485656],[-17.885553815656028,28.75377628690484],[-17.88550872194277,28.75394528770947],[-17.88539493173196,28.754028084665975],[-17.884847018217574,28.754302805381553],[-17.88489530786378,28.75481501793316],[-17.884810127201717,28.755109076360267],[-17.88450869795961,28.755453416341034],[-17.884200739695398,28.7555604511942],[-17.883865724865473,28.755814182688038],[-17.8837021995962,28.756274298038175],[-17.883554301285617,28.75692586103698],[-17.883272574029803,28.757233248253634],[-17.882709797953098,28.758249834730236],[-17.882509169783138,28.758491561885236],[-17.88236566805012,28.75854941984431],[-17.882286821447764,28.75869722237767],[-17.881456378904396,28.759025450235228],[-17.881289903371787,28.759001605264515],[-17.881083752500423,28.759042533842162],[-17.880926882244193,28.758991086167306],[-17.88076291463652,28.759058511825508],[-17.88061331617974,28.759271750086175],[-17.880257314765835,28.759516788802355],[-17.879806336477643,28.759699924787014],[-17.879156553034157,28.75981423905813],[-17.878755857009054,28.75994150483047],[-17.87860416516145,28.760456157660133],[-17.878444202878008,28.760669614906423],[-17.87827112550909,28.760782894314172],[-17.878104898116554,28.76076817270781],[-17.878066473253323,28.760878581543913],[-17.877800925288096,28.761021228671243],[-17.877402890669142,28.7616233231959],[-17.8768634346704,28.76198185296523],[-17.87634218678258,28.762248667730084],[-17.875624475714115,28.762154365667396],[-17.87427727448872,28.761781221756657],[-17.873940562851907,28.761596606843362],[-17.87375261742615,28.76154581207443],[-17.8734992717173,28.761377686371976],[-17.87326364109602,28.761099593342493]]]}},{"id":"139","type":"Feature","properties":{"categoria":"Parque Nacional","nombre":"Garajonay","codigo":"G-0"},"geometry":{"type":"Polygon","coordinates":[[[-17.19448518120353,28.12865872914729],[-17.19499517566688,28.12794889516893],[-17.195347622599527,28.127259839918658],[-17.195284614191795,28.12723467184014],[-17.19522582813964,28.127052449959006],[-17.194983730408467,28.12670797770341],[-17.194082265376537,28.12591923082769],[-17.193610524772055,28.125774540766297],[-17.193344289483086,28.125792984142965],[-17.192775880997846,28.12602898739624],[-17.192296164582338,28.12616902514149],[-17.19219370564863,28.126182473738925],[-17.192153587896712,28.126132162095452],[-17.1922708023319,28.12597088790902],[-17.192583356156277,28.125772370665306],[-17.192779333893842,28.125563949777753],[-17.193109388906375,28.125047756290915],[-17.193114912451225,28.12487335355069],[-17.19278618509958,28.12453104942123],[-17.19294348620374,28.122063252162068],[-17.193619722231592,28.120720608894857],[-17.19550805374178,28.120959496420134],[-17.195647675969,28.120281081063936],[-17.196088814163907,28.1198451738934],[-17.197735859553962,28.119513081310874],[-17.198433492841122,28.120009799699755],[-17.199964608847946,28.120095477870276],[-17.20041864356455,28.119459679690575],[-17.200584361856762,28.118565922400226],[-17.201135779345268,28.11895875757887],[-17.202107479885825,28.118636370823815],[-17.203264658535183,28.119180135204186],[-17.2046631629186,28.119676433603214],[-17.205547412244766,28.12033726605253],[-17.206012182086674,28.119930038476625],[-17.206714625474604,28.12067743047765],[-17.207571570899454,28.120512030290257],[-17.20836247812255,28.119837171172378],[-17.208442531504566,28.119151973827087],[-17.20833320522443,28.11766349339144],[-17.207540869548865,28.116916927131548],[-17.20760071856386,28.115148408715026],[-17.207403909049734,28.114465633869013],[-17.207271239532986,28.113616755490487],[-17.20734312791868,28.112707086712046],[-17.208146248666104,28.111811084029455],[-17.2086206886083,28.111188275436305],[-17.207799445476756,28.11085140657201],[-17.205277353817877,28.11086698411147],[-17.20603788568682,28.110206996692327],[-17.206708496120424,28.10980786396478],[-17.206848016058753,28.109149375085103],[-17.20728503660172,28.107964864823572],[-17.208507523366382,28.107660508052543],[-17.209882836867852,28.106063092434834],[-17.210764455370086,28.10567040558303],[-17.21139404108385,28.105869290140106],[-17.211994450662203,28.105893107113854],[-17.213750433445227,28.1052945323138],[-17.213569272532425,28.106247274507005],[-17.213743922445378,28.107502577355163],[-17.213858123433013,28.107666414564356],[-17.213740316046774,28.10793550568994],[-17.214235858912932,28.10871297950668],[-17.214541834536227,28.10894341759072],[-17.215654942693178,28.10891006227546],[-17.215974802714076,28.1089409685284],[-17.217277941782534,28.109253138174466],[-17.2179546367179,28.10952244964542],[-17.218466472237484,28.109641065991614],[-17.218776126147798,28.109475522866816],[-17.219104775087583,28.10902839863508],[-17.22006410889737,28.10849515502535],[-17.220396466939803,28.108246379813302],[-17.220559806967128,28.107927670294657],[-17.222068644753026,28.108316540970623],[-17.222537916778574,28.108570273555802],[-17.223655995055474,28.108975372952195],[-17.224616814613217,28.10911035627168],[-17.225158726188734,28.10910253606434],[-17.226116300992953,28.108929144321475],[-17.22825575154161,28.10908017499471],[-17.22850532963016,28.108991399888048],[-17.22959296165013,28.10827958108303],[-17.230444780505973,28.108016656193893],[-17.231295532561976,28.10754611914943],[-17.231791654272314,28.107477517473264],[-17.23218419138568,28.10721899335847],[-17.23279685521085,28.106701102077857],[-17.233132394525107,28.106918534007377],[-17.23376244626898,28.107180657290353],[-17.234151881199633,28.107287223936584],[-17.234421201188937,28.107228031681185],[-17.234813688601694,28.107041530387043],[-17.23560271308842,28.107061930219],[-17.236011493816317,28.10721164316547],[-17.237152312580704,28.10712782425388],[-17.23748537880954,28.106722077869268],[-17.23763317353967,28.106451046871044],[-17.23787484963044,28.106200809746863],[-17.238475816055637,28.105968512503733],[-17.23863049336527,28.10584254779865],[-17.23861278535422,28.104990675480177],[-17.238104946208267,28.10449853765905],[-17.238033228689087,28.104261858085458],[-17.23743133204271,28.103150826457235],[-17.237135354764742,28.103068326672055],[-17.23678171605137,28.102627520208475],[-17.236054851286994,28.102020993836796],[-17.23523093721697,28.100997854166454],[-17.23546299694641,28.10020999057778],[-17.23558030036978,28.099296305930668],[-17.235461909104583,28.09845890556665],[-17.235286597037064,28.097922270950605],[-17.23525357032314,28.097332601156594],[-17.235063461930316,28.096444734236986],[-17.234868023456986,28.096098795835367],[-17.235569090015552,28.095749341157426],[-17.23626963599718,28.095538207155897],[-17.236852453343566,28.095285136422486],[-17.237184564869313,28.095301860784932],[-17.237445890456605,28.09512579898377],[-17.23762185811056,28.094286981771994],[-17.238362463352665,28.093776236373895],[-17.238903299769607,28.093506314924806],[-17.239492396076948,28.093762920675655],[-17.239793662513172,28.093629211688803],[-17.240426968038346,28.093539671955536],[-17.24098282482042,28.092686706896462],[-17.241456715994666,28.09274072262193],[-17.24151915851452,28.092526059594178],[-17.24261309120448,28.09262550062144],[-17.2430297834662,28.093303650840493],[-17.24331276228569,28.09397835974888],[-17.24331133884818,28.094462306737533],[-17.244339111938746,28.0946712558838],[-17.24531164022421,28.094555048087685],[-17.24572939257066,28.094966694525095],[-17.246168022356493,28.09636992691348],[-17.246846384744952,28.097795384256848],[-17.246880236326835,28.09816658952289],[-17.246994667085307,28.09843754717255],[-17.247190317935285,28.09871310444067],[-17.247107953374503,28.0989841383057],[-17.247061036471855,28.099862854077433],[-17.24774985717682,28.09959118908519],[-17.24851328882366,28.098888050439207],[-17.24911024763979,28.097642420795086],[-17.249149742270017,28.098957077838108],[-17.24942837209341,28.099497873336535],[-17.249818530632844,28.09987094801325],[-17.249947178460612,28.1001245725254],[-17.249780283780655,28.100599839607913],[-17.249923638996403,28.10109087276315],[-17.250025334023043,28.101166110043195],[-17.2499532891967,28.101760465217843],[-17.25018309667164,28.10216735818596],[-17.249887045446165,28.102472642645395],[-17.2496440814233,28.102621957494247],[-17.249797119379537,28.102794623753756],[-17.249667730273366,28.103294579873356],[-17.249417882309295,28.103647120194793],[-17.249679552072482,28.103773557845294],[-17.250005555777037,28.10412950575478],[-17.250251562341205,28.103686309264283],[-17.250502788581436,28.103044008073343],[-17.250738200097445,28.10283360841068],[-17.250985496280137,28.102454713325358],[-17.25133282322534,28.10206389315586],[-17.251871972282064,28.101867932259008],[-17.25254420483206,28.10152369662871],[-17.25475707673899,28.099544317726963],[-17.255441379772986,28.099333230768092],[-17.255875414733765,28.098500003862146],[-17.25681972147733,28.09809805724587],[-17.25764371389359,28.098756742988606],[-17.257259366120298,28.09932560873992],[-17.257140314476175,28.099434703049997],[-17.25733643151756,28.09984521483257],[-17.257088799233866,28.100079664485826],[-17.257074160574266,28.10061751421909],[-17.257776240809903,28.10078248646113],[-17.258413115552344,28.10106388462084],[-17.258251566870953,28.10147247474664],[-17.2582629163617,28.101733522875175],[-17.25797111132577,28.102335746557],[-17.258006336676523,28.102500392979948],[-17.259074648317846,28.102885113308393],[-17.259354475196606,28.103147341590688],[-17.25927786302918,28.10357783754385],[-17.259465451959073,28.103968725758342],[-17.260283976653643,28.10404874451059],[-17.261222780211106,28.104317316146886],[-17.261370639151487,28.104599452128625],[-17.26222627128804,28.10476352374734],[-17.26279713997444,28.10511485842024],[-17.262668507690883,28.10559989512163],[-17.262693677940373,28.1061867727176],[-17.262768398913295,28.106592879850695],[-17.262938962003172,28.10684399219894],[-17.26329018586952,28.107216386246456],[-17.263662813966157,28.10737531166116],[-17.263822726430398,28.107605599902225],[-17.263934588805533,28.107916877832025],[-17.26387351566613,28.108211188505337],[-17.26370983761355,28.108536282116535],[-17.26372721296957,28.108796533068425],[-17.26387529401684,28.109245567703024],[-17.263795442150823,28.109940203574403],[-17.26380905291701,28.110547868566556],[-17.26371866590335,28.111172361127636],[-17.26374939457667,28.111488143774533],[-17.26367171748594,28.11177918343279],[-17.263815893985758,28.111982083301424],[-17.26311591658123,28.11255660171748],[-17.262508809128835,28.11266109221639],[-17.26239261483696,28.11289383142702],[-17.261875289093712,28.113181541644757],[-17.261430354953486,28.11356577835226],[-17.26087161059429,28.11389648438599],[-17.260622197681855,28.114325068796745],[-17.26081243170424,28.11453984649011],[-17.261044183321186,28.115161134904813],[-17.260868835063874,28.11556131438431],[-17.26083361237998,28.115942050989602],[-17.26086541691827,28.116436453926447],[-17.260755220708187,28.11664579957172],[-17.260935159583443,28.116959914021432],[-17.260769349326065,28.117273754651958],[-17.260883683543025,28.11783609986656],[-17.261025966090884,28.11781618128733],[-17.261276240206747,28.118264141375075],[-17.261469122343712,28.118370891587976],[-17.261405782445333,28.11873869243023],[-17.26152728288719,28.119184559014553],[-17.261945318940587,28.11939815225736],[-17.261964335877277,28.119948645960864],[-17.26219884358236,28.12009765479194],[-17.262192643889584,28.120208633020894],[-17.262873126787685,28.120383830993962],[-17.263118402141977,28.120561860202933],[-17.263398719898824,28.120860899485564],[-17.263547280005206,28.12117191769185],[-17.264619769085193,28.12226187748833],[-17.26474092700995,28.12224355071385],[-17.26502294059844,28.12254307343234],[-17.26552256256641,28.122877110830842],[-17.265718738746468,28.122807711054428],[-17.265918026122527,28.123479896069252],[-17.26588309170315,28.12367423536634],[-17.265744778946644,28.123967237660697],[-17.265828887343954,28.124222275672587],[-17.266176100727392,28.124239564687407],[-17.266573577679416,28.12435255235547],[-17.26661727195686,28.124198640434614],[-17.26687449353509,28.124250292320408],[-17.26717642391881,28.124423182063946],[-17.26725332463231,28.124593048391095],[-17.26749799895643,28.124717899540702],[-17.26800143628348,28.124779733485052],[-17.268868418529404,28.12471403039812],[-17.26972547014867,28.124307252964385],[-17.270202852882857,28.124259771327303],[-17.27030181888302,28.124527813214808],[-17.270557729649312,28.124349976147393],[-17.270590403607,28.12458461689647],[-17.270965756880834,28.12466428637077],[-17.271222708920845,28.12546221991104],[-17.271930544481933,28.12582032738256],[-17.27204770510449,28.12606078104767],[-17.27223785693658,28.12608883018326],[-17.27237151467444,28.126479960627766],[-17.272672784204573,28.126746174532865],[-17.27269061414931,28.12695547226455],[-17.272952069685985,28.127179203738947],[-17.273458462173206,28.127289630825214],[-17.2743782342903,28.127230114572086],[-17.27478419034402,28.127126552875147],[-17.27533321553369,28.127163259345213],[-17.27582456549042,28.12697074196516],[-17.27637466529947,28.127238683774717],[-17.276431659945995,28.127119837214774],[-17.276559849726368,28.127275067578363],[-17.276420831112482,28.12762595154512],[-17.276929158658813,28.127691150441265],[-17.27752922507454,28.127667994201335],[-17.277846681902602,28.127920888196982],[-17.278478543137716,28.12796171395776],[-17.27862472588406,28.128093397592046],[-17.279510878890235,28.128611857028165],[-17.28012227502406,28.128177621042962],[-17.280296081097113,28.128136945803934],[-17.280471913526224,28.1283971407647],[-17.28128245662876,28.128220401507342],[-17.281478723243097,28.127872209704858],[-17.281724201519754,28.12774994637138],[-17.281969397530084,28.128097059354523],[-17.282570550847183,28.128117311439613],[-17.282640258611742,28.127930055005635],[-17.283037398272445,28.12787124844182],[-17.28348096653742,28.12758737464467],[-17.284173913251493,28.127499350309225],[-17.284193353058157,28.127649383749816],[-17.283740717854123,28.128330384953856],[-17.28409684924008,28.129704011963735],[-17.284319568223882,28.1297529709359],[-17.284865197810078,28.12919472683647],[-17.28542285593636,28.12895187947877],[-17.285687461815243,28.12936000875777],[-17.2858742708104,28.129469469626155],[-17.287600878702854,28.129925361854664],[-17.287982645217102,28.130081773213156],[-17.289239221784435,28.1302992744353],[-17.28939975024305,28.130472634601016],[-17.28944118058229,28.130859887462695],[-17.289524815267722,28.131012344243548],[-17.289700777898123,28.13182446008158],[-17.28981364728119,28.132036701880065],[-17.290124083273753,28.1322649824064],[-17.290409806579934,28.132646103644014],[-17.290624430826963,28.13311548541581],[-17.290870540045418,28.13372899474341],[-17.2908009527784,28.134030904493304],[-17.291300068532315,28.134304110772206],[-17.291699964729098,28.134666518431292],[-17.291917313005598,28.134774388591374],[-17.29265095550204,28.135783675079775],[-17.293146433137398,28.136617036795915],[-17.29333462357173,28.136826961461185],[-17.293569398682486,28.136866381130353],[-17.293741952516307,28.137043950093812],[-17.29404961613038,28.137127649751793],[-17.293870623778048,28.13757685328909],[-17.294555135785203,28.138720378983695],[-17.295249483348783,28.14026357527495],[-17.29551301526946,28.14056821710261],[-17.295997859459323,28.14078792792671],[-17.29604483582672,28.141018888974898],[-17.296216097088166,28.14125252550689],[-17.296184668524575,28.141613937408525],[-17.296615731501184,28.14231829814653],[-17.297012878881166,28.142272781274436],[-17.297540459008857,28.14228287718446],[-17.297952233588102,28.14245093201251],[-17.298472072242337,28.142741465492225],[-17.29896762063153,28.142699606635126],[-17.299238892297765,28.142868026841715],[-17.29926016196221,28.14317179042014],[-17.300185381222466,28.14366717096429],[-17.300708271796672,28.144081369857158],[-17.301231773993855,28.144839198728185],[-17.301487037005828,28.14498831142058],[-17.301939056386953,28.14588052921871],[-17.302311455813424,28.1461219079465],[-17.302962703210756,28.14588848549127],[-17.303553535437413,28.146091713583633],[-17.303747130411303,28.14660931196664],[-17.304566020449073,28.146921121372554],[-17.305296855383766,28.14702820046583],[-17.30555913975296,28.147512982293016],[-17.305012445591174,28.14784504293285],[-17.305806144526372,28.148468664230307],[-17.306570800354077,28.14890538143927],[-17.3068620413693,28.14944026309203],[-17.307485703639205,28.15011756086898],[-17.307641311138,28.150094975855875],[-17.309178637334046,28.15064176677679],[-17.310105288486483,28.15017719203549],[-17.310493110016587,28.150126145474488],[-17.310115951347235,28.150613010645927],[-17.30954521964517,28.151073486321135],[-17.308422850238408,28.152672420466644],[-17.30773592611345,28.153772041404377],[-17.307401409804623,28.154794430074944],[-17.307174118612018,28.156623646129816],[-17.306299761847686,28.156723614412126],[-17.305516239763445,28.156538911453918],[-17.305087554144865,28.15720399262354],[-17.305004149985315,28.158117598096773],[-17.30503305355495,28.158870733733977],[-17.305392182964827,28.159697865400933],[-17.3055003344732,28.160632775747704],[-17.305636106819303,28.161145431929288],[-17.305181011502192,28.16145507751872],[-17.303270393299186,28.16170481332631],[-17.302388415658086,28.16224427303409],[-17.300358020911343,28.16267092050295],[-17.300135695448642,28.162854639663912],[-17.299724302347506,28.163086254958152],[-17.29957219631205,28.16327347664233],[-17.29874720494631,28.163596435630236],[-17.298162423379313,28.16363220827128],[-17.29740109380855,28.163808107011832],[-17.29683971551006,28.163415272194307],[-17.296634386967117,28.163104312090244],[-17.29616441473967,28.163002522025252],[-17.295236369036214,28.16294390131153],[-17.29353159918398,28.162516687084686],[-17.29246592545561,28.161936632392],[-17.291980126645438,28.161435310240375],[-17.291087863806666,28.161674492836134],[-17.29096585925981,28.161362156172572],[-17.290116016200304,28.161333265783597],[-17.290097869327663,28.160460270404105],[-17.28984618468188,28.160268161467346],[-17.29075011464777,28.159248940705073],[-17.291799653633095,28.158824616869364],[-17.292435797482547,28.158461899387433],[-17.291090017607285,28.155038186302935],[-17.290602779012264,28.15448062710118],[-17.291102794578592,28.154107786582838],[-17.290807663628403,28.15363781486325],[-17.29036455075307,28.15338954093368],[-17.28973139636947,28.153291511194706],[-17.288696502163553,28.15332441773478],[-17.288280190240087,28.1534546228553],[-17.287965805886053,28.153191397285156],[-17.28688014650632,28.152921931857712],[-17.285171754326196,28.15260660679539],[-17.285218559565266,28.151136528527555],[-17.282751352248127,28.15144618214122],[-17.282754981434483,28.150949751969385],[-17.282879857492976,28.1506589727024],[-17.28297115233998,28.14988681903527],[-17.28245541875913,28.149140646074816],[-17.28298134875062,28.14723658758369],[-17.283021164808606,28.146568032310526],[-17.28256534849151,28.146429439145844],[-17.28280848908945,28.145589774624618],[-17.28256454237598,28.14535795844694],[-17.281359259334828,28.145363184345182],[-17.281138505023108,28.14469164791036],[-17.28036982301664,28.14482965623359],[-17.27988716311303,28.14449397162364],[-17.280159725680964,28.143462785981473],[-17.279739637295247,28.142965480412375],[-17.27928238439904,28.14296257596376],[-17.27856436795362,28.141714462060897],[-17.277524558854534,28.142361528423997],[-17.275919011693325,28.14144733671216],[-17.275264886758123,28.141561695341377],[-17.274644310693983,28.141734076967992],[-17.2739753447413,28.14165219413652],[-17.272124640572848,28.14128009757558],[-17.27066298215814,28.14074831581069],[-17.27013119847092,28.141074729555644],[-17.269957184711366,28.141554849728582],[-17.26966065025209,28.14129660002726],[-17.269165632567365,28.14101103393954],[-17.26852509987339,28.141169390377843],[-17.26846205921996,28.140508068256292],[-17.268011149799953,28.141427613089178],[-17.26684097056213,28.141395113264757],[-17.26608889294327,28.141313605439002],[-17.265904626107893,28.141038348012852],[-17.265224749487054,28.1403949090618],[-17.264443643733667,28.14041272305221],[-17.26397495377214,28.139943547828047],[-17.2634587447543,28.139248854324332],[-17.262797230521826,28.13950020945546],[-17.262380687820364,28.13973589579612],[-17.260952168252782,28.13966408576482],[-17.260290817630608,28.139714118118963],[-17.26024381452785,28.14000569063705],[-17.260377872350087,28.140552993644725],[-17.26014107015469,28.14070030810848],[-17.259448245459666,28.140909257706024],[-17.259106761794666,28.140809639128012],[-17.25806806250302,28.141130191916726],[-17.257836733356644,28.141553921556675],[-17.256874942232205,28.141762404641856],[-17.256486903047193,28.14152975781178],[-17.25584737669387,28.141654389294143],[-17.25528163691418,28.141371013045266],[-17.254936086448012,28.141264504790424],[-17.254921160741585,28.140728403417423],[-17.254791535671995,28.140376235416248],[-17.25356777265742,28.143451378934422],[-17.25382272298483,28.14390529281042],[-17.253647365711384,28.144295167119754],[-17.25405921229893,28.14497396053531],[-17.253504911497483,28.14630000593911],[-17.253348085830947,28.14648184876527],[-17.253300430034958,28.14781123915599],[-17.254242117534364,28.148303428799263],[-17.254562665,28.148580121499165],[-17.255667911352486,28.150381801606986],[-17.255848649539793,28.15026648776077],[-17.256481264196836,28.150141747684128],[-17.256037708484723,28.15067701813062],[-17.256360417378648,28.15124838598055],[-17.25681133515699,28.15174358072908],[-17.255989191698692,28.15237602528273],[-17.255829464962925,28.152870485033223],[-17.255518264686952,28.15304915470629],[-17.254741632864395,28.15325980721432],[-17.254351327182768,28.15356287803705],[-17.25464878460456,28.154758160489504],[-17.25484103655017,28.1552670778021],[-17.254802889569525,28.156172142431394],[-17.25455679210533,28.15653651638165],[-17.25407064488143,28.156933897113102],[-17.254028552138315,28.157317195872793],[-17.254058591065334,28.15765576669806],[-17.25374372757869,28.157895095632544],[-17.253160895809955,28.15780101747008],[-17.252759981099786,28.157436283119296],[-17.251337067784124,28.157404643969798],[-17.25015532968667,28.157848902958342],[-17.249231788930967,28.15773068617564],[-17.2490465105204,28.158107428466668],[-17.24827158244752,28.158441302960465],[-17.24783416863868,28.158914899974725],[-17.247693622171226,28.159232180944947],[-17.246514874093403,28.159903196975332],[-17.24656916252349,28.161219898704065],[-17.246745317806216,28.161335140745148],[-17.247366848704804,28.162062638926933],[-17.247427529764103,28.162847225349836],[-17.24813603547548,28.163791872422482],[-17.24812353245894,28.164099065964002],[-17.247952228991135,28.164482854456857],[-17.247505640087404,28.164750852835706],[-17.246816994063536,28.16494262771008],[-17.246725302779698,28.165176358235993],[-17.24584011707662,28.165273326851622],[-17.245057532824507,28.16570669298533],[-17.244504160271344,28.16625192824605],[-17.24399691651247,28.16606453354817],[-17.244271625582073,28.165994538026382],[-17.24424694939919,28.165698849221812],[-17.24384564146602,28.165648965909085],[-17.24406726657387,28.165469572828936],[-17.243399260702564,28.165421489848555],[-17.242992754199776,28.165497430683594],[-17.24254080503091,28.165660281095604],[-17.242231401142874,28.166005243456038],[-17.24224214709885,28.165760241668814],[-17.243379308826924,28.16520776320171],[-17.243742264464178,28.164565243639178],[-17.244060760269246,28.164902337008115],[-17.244149133733657,28.164609429555142],[-17.24475709213452,28.164041511884854],[-17.244728226956127,28.163758638216535],[-17.245011705263092,28.163325116545305],[-17.245259980677787,28.16311135470277],[-17.245160165506615,28.162459656731414],[-17.243435661000166,28.161361024761266],[-17.243388470145693,28.161162890138996],[-17.24397848161504,28.159183217662868],[-17.243812980801177,28.158878499573326],[-17.241306915585387,28.15766069890443],[-17.240715047709333,28.1568083156754],[-17.23956020171186,28.155755785473517],[-17.238650621687132,28.155862890150313],[-17.23827596081884,28.15529445711873],[-17.238109094853687,28.15457653233162],[-17.237666035290072,28.15441213369173],[-17.23728140745487,28.154622477317535],[-17.236479159701993,28.15461697611764],[-17.236149815422223,28.154357009173452],[-17.235945432256454,28.154548302851644],[-17.235441416385243,28.154488382535966],[-17.235317770964564,28.154241992623156],[-17.23418452787675,28.15528934675226],[-17.233675078314175,28.155426957422417],[-17.232106392023347,28.155388847418422],[-17.2318923343536,28.155835826669954],[-17.231416202141382,28.156269676454414],[-17.230900003228722,28.15686406317423],[-17.230297212495543,28.156820228538294],[-17.22905747472349,28.157113284253676],[-17.22871920819969,28.15689239053166],[-17.22857400381074,28.156403399233994],[-17.228122758812216,28.156549311197498],[-17.22785924747872,28.156311487826226],[-17.227691356336432,28.156015394020564],[-17.22723610374015,28.155913878066308],[-17.227365085218647,28.155377478143606],[-17.226839889929447,28.154874440125194],[-17.22701728984959,28.154602586498104],[-17.22656452215627,28.15429752188066],[-17.226261549234348,28.153944967595475],[-17.225675852362677,28.153554514984954],[-17.22544239064045,28.15300055424042],[-17.22461169464184,28.152275983605307],[-17.225629741731908,28.15175971348314],[-17.22596333062218,28.151036513070174],[-17.22675618751995,28.15019204540409],[-17.226352425419353,28.149300660381844],[-17.227620950989543,28.1479217258278],[-17.228753048028857,28.147023833422008],[-17.228701130644318,28.146427515967698],[-17.229146782500028,28.14574168712353],[-17.229687168972628,28.145055849687914],[-17.229778836871112,28.144700425984617],[-17.229627074665814,28.144340704987496],[-17.229360130895422,28.144698396797455],[-17.229024810021524,28.144774028821516],[-17.228270146378627,28.144444978243932],[-17.22800604545342,28.1441178537132],[-17.228081966422167,28.142735409923162],[-17.2279427990392,28.14210321705085],[-17.227387824970144,28.141882097811074],[-17.22733279426385,28.141302715515096],[-17.227097872141336,28.140700622903925],[-17.226591476770064,28.140371452054826],[-17.225677563896628,28.140645091950887],[-17.22583170972917,28.14105848129735],[-17.224464871262484,28.141965260889634],[-17.22429827266928,28.142147780957977],[-17.22388366534983,28.142307973539403],[-17.223376716046502,28.142649796575153],[-17.223388939065362,28.143173332083123],[-17.222700213128345,28.143271661999542],[-17.22228534902076,28.14302905846375],[-17.221915217250118,28.143141448015427],[-17.221978316697857,28.142535644091307],[-17.221300766255744,28.14225320440461],[-17.220318821655198,28.142414309591395],[-17.219268334892238,28.14227686645454],[-17.218190641860478,28.142648025353903],[-17.217101829044577,28.142507551436722],[-17.217084238471323,28.142096863257414],[-17.216916880109093,28.141883260789438],[-17.216684270557657,28.140925470657436],[-17.21584274321234,28.140277255464945],[-17.216442667257745,28.140090112084003],[-17.216918483469712,28.139294811000166],[-17.217616702957546,28.138834309181412],[-17.2171405486157,28.13862676087603],[-17.21733662375146,28.138486475670113],[-17.217470398349374,28.138305729562653],[-17.21755403695719,28.138066603047946],[-17.218013915011436,28.137558764542597],[-17.218118708707003,28.137332223391518],[-17.218138514861018,28.137078769523992],[-17.218089394822307,28.13686172027813],[-17.217616671565192,28.13646811919487],[-17.217495485925777,28.13623640705965],[-17.21771698448493,28.136053689243194],[-17.218056741526773,28.135639250328666],[-17.218530348421293,28.13485973313533],[-17.218834029592827,28.13430470409198],[-17.218951334399417,28.13377733197503],[-17.219611354662717,28.13338817383524],[-17.219260133893247,28.13248678574654],[-17.21921339668522,28.132222626957294],[-17.218814736333897,28.13210069393864],[-17.218664386912014,28.131865073106972],[-17.21843464952958,28.131871925177524],[-17.218536540903166,28.131670029289417],[-17.218929075285462,28.13116324080389],[-17.218860040444,28.130855850909064],[-17.218576699058097,28.130782300529944],[-17.218206631640516,28.130497597343716],[-17.2178583765924,28.130492180387005],[-17.2177018345747,28.130059882300348],[-17.217294883480925,28.12979601218875],[-17.217067018000844,28.129578592007736],[-17.216621303383647,28.129575025031738],[-17.21631508366791,28.129925104851107],[-17.21549500785274,28.130196741719022],[-17.215085398672745,28.129874359313934],[-17.214903764901916,28.129908748172287],[-17.21479170197993,28.130586137455538],[-17.21484075441242,28.130886819419143],[-17.21433657839713,28.131209594510704],[-17.21414949447443,28.13116568982119],[-17.21365317824818,28.13087562864873],[-17.213384725296706,28.130899232913578],[-17.21311591706472,28.131184521568617],[-17.213051760265504,28.13082062641022],[-17.213067651075885,28.130598814053084],[-17.212999559676103,28.130703383392976],[-17.212952724122687,28.13053058912744],[-17.212916798528234,28.130642033014198],[-17.212708870399712,28.130304350170803],[-17.21250491225035,28.13059745030133],[-17.212367085697924,28.13052023796276],[-17.212217509278815,28.13060809167655],[-17.21167382692365,28.13064427999028],[-17.21130727828094,28.130417231715825],[-17.21186523035016,28.127836399826162],[-17.210183703425006,28.128780744717655],[-17.209384587125573,28.12911057319099],[-17.208900943499554,28.129036628984466],[-17.208770900086645,28.128900759496677],[-17.208318717052062,28.129229248228246],[-17.207708774756284,28.12953540148415],[-17.207385279183356,28.129892766150398],[-17.207604943030113,28.130048582438874],[-17.207226686629433,28.130021566691646],[-17.20731140009639,28.130148187446853],[-17.207089649542457,28.130179846240875],[-17.206905700694556,28.13000219935748],[-17.206525958021032,28.130061177611083],[-17.205784143652103,28.129874953717465],[-17.204802889177074,28.130190013445873],[-17.204552241495954,28.13060131111973],[-17.202399174289102,28.130457164012423],[-17.20203910154601,28.12996230117977],[-17.201738927122552,28.12981837131564],[-17.201293144130926,28.129374494836615],[-17.20028459928173,28.12909342312048],[-17.19980047426568,28.13012379642165],[-17.199199119817855,28.130066551903873],[-17.19854749101199,28.130316685392312],[-17.1982874037946,28.13053635691065],[-17.19819896550814,28.1309559576709],[-17.197114543812273,28.131507032737133],[-17.196926791437235,28.132197679329437],[-17.19404975934719,28.132029763120993],[-17.193632689668792,28.1322302444634],[-17.193292566976154,28.132789462502572],[-17.193411832407538,28.133660091942232],[-17.19329547820404,28.133666723086815],[-17.193151134804037,28.13353116964277],[-17.19297217130202,28.13344820653529],[-17.192912274233947,28.133334212174542],[-17.19248279156535,28.133164983767696],[-17.192570662059556,28.13342498628647],[-17.192512510724214,28.133669365126565],[-17.19227057622008,28.133828983965714],[-17.192090325110662,28.133621378450922],[-17.191958339912553,28.133375861126208],[-17.19133734167947,28.133231221494064],[-17.19091610075819,28.13368726012045],[-17.190477762702034,28.133468804511534],[-17.19008480361691,28.13363079579689],[-17.189334603425785,28.133594259232407],[-17.188690805487774,28.132945149827577],[-17.18787894192608,28.132286882455794],[-17.188036901006868,28.13205081714229],[-17.188421208093768,28.131849386500903],[-17.188748886065895,28.13139182408957],[-17.189340396253286,28.131442264987104],[-17.19059660498129,28.13109264047587],[-17.19267710664315,28.1301334096382],[-17.193805175459193,28.129335686384938],[-17.194822168952857,28.12871193340421],[-17.19448518120353,28.12865872914729]]]}}]}