{"type":"FeatureCollection","features":[{"id":"5","type":"Feature","properties":{"categoria":"Parque Rural","nombre":"Frontera","codigo":"H-4"},"geometry":{"type":"MultiPolygon","coordinates":[[[[-18.120069989816756,27.7639627491268],[-18.120025370885905,27.763983961716868],[-18.11998554844645,27.763949412665447],[-18.12003929203925,27.763921048600167],[-18.120069989816756,27.7639627491268]]],[[[-18.120050796408954,27.764082517017865],[-18.12000105134688,27.764130183736906],[-18.1199436032721,27.764053638873747],[-18.12002312101149,27.76402947324413],[-18.120050796408954,27.764082517017865]]],[[[-18.160405633166647,27.715707844899693],[-18.16031155095096,27.71582283305588],[-18.16024578312162,27.715781040876713],[-18.160327139888942,27.715671124090715],[-18.160384729947097,27.715664847050498],[-18.160405633166647,27.715707844899693]]],[[[-18.010543962347462,27.65139916338534],[-18.010402160322844,27.651396201502372],[-18.010384558293993,27.65134904541846],[-18.010477101836035,27.65130671196229],[-18.010610103475404,27.651324929475166],[-18.010543962347462,27.65139916338534]]],[[[-18.148681997460454,27.705676278324297],[-18.148609874274747,27.705751522419863],[-18.148537052428477,27.705756607603675],[-18.148574744752604,27.705632898660596],[-18.148681997460454,27.705676278324297]]],[[[-18.004695409029615,27.64798843983861],[-18.004605022111836,27.6480059158511],[-18.004548029178977,27.64782583703946],[-18.004961981152437,27.647594228615294],[-18.004954980698802,27.64767159717766],[-18.004695409029615,27.64798843983861]]],[[[-18.158031887150138,27.72944290509327],[-18.15820990531781,27.729418994678728],[-18.158273423817395,27.729523075508926],[-18.158236131506754,27.72969909249171],[-18.158174016934403,27.729703397880616],[-18.157955094211875,27.729507617736864],[-18.158031887150138,27.72944290509327]]],[[[-18.154560433517158,27.7093534125489],[-18.154494553305874,27.7094095754984],[-18.15443714753166,27.70942567734998],[-18.154494087250466,27.709322995450673],[-18.154560433517158,27.7093534125489]]],[[[-18.160034289775187,27.714626374846087],[-18.159960681962936,27.714709776472777],[-18.15977072374307,27.714744062750757],[-18.15969716935015,27.714804733056567],[-18.15959220007133,27.714700426769294],[-18.159602224185413,27.71461225438037],[-18.15966312383093,27.71457316006673],[-18.159771476781685,27.71460153221082],[-18.160008749989757,27.71455263504293],[-18.160034289775187,27.714626374846087]]],[[[-18.16115369980046,27.71893057650965],[-18.16092577236427,27.71891729635457],[-18.160878039756806,27.718777046875513],[-18.160976875151526,27.718738888672192],[-18.16114285113292,27.718779471930638],[-18.161185617285305,27.718852997967787],[-18.16115369980046,27.71893057650965]]],[[[-18.15922257227168,27.726297366838118],[-18.159113118748355,27.726319080154937],[-18.158772689307114,27.726085397926756],[-18.15910242120665,27.726155614789704],[-18.159231567583962,27.726254317123686],[-18.15922257227168,27.726297366838118]]],[[[-18.159026517218642,27.72635641671323],[-18.158926423733245,27.72636177052623],[-18.15876942623609,27.726263884634758],[-18.15901144545818,27.7263083246407],[-18.159026517218642,27.72635641671323]]],[[[-18.15854387628923,27.72962874230268],[-18.158394542165087,27.72967716313497],[-18.158366650378344,27.729592292437047],[-18.158446987633877,27.729569621177305],[-18.15854387628923,27.72962874230268]]],[[[-18.158174607339912,27.729934652716743],[-18.158400233090756,27.730007880269692],[-18.158394703672005,27.730086749665958],[-18.158265931631526,27.7301065587571],[-18.15810570216011,27.729988181069153],[-18.158174607339912,27.729934652716743]]],[[[-18.157802890261507,27.729337102076915],[-18.15773137095455,27.72927189881108],[-18.157726633849656,27.72920958980464],[-18.157852031049725,27.72926959363993],[-18.157802890261507,27.729337102076915]]],[[[-18.157513961759143,27.729167183562765],[-18.157358906595274,27.729161344359003],[-18.15734029966863,27.729103140428343],[-18.157503427245285,27.729100677436406],[-18.157513961759143,27.729167183562765]]],[[[-18.15701259308332,27.730312426853136],[-18.157007960892038,27.73037323610062],[-18.156938967918776,27.73038157656933],[-18.156828191177876,27.730234557501905],[-18.15701259308332,27.730312426853136]]],[[[-18.109844806788423,27.701661947636016],[-18.10988917240386,27.7015932996265],[-18.10995274150843,27.701633543370335],[-18.10986657465664,27.701707641147348],[-18.109844806788423,27.701661947636016]]],[[[-18.109375976761886,27.70141126428474],[-18.109429094446313,27.7013474709459],[-18.10946784807044,27.701345337070695],[-18.10944700282249,27.701453595696588],[-18.109375976761886,27.70141126428474]]],[[[-18.048198691952173,27.69067652575021],[-18.04826865323901,27.69051027220045],[-18.048333388789764,27.69049504497703],[-18.04836521750947,27.690633889365262],[-18.048233250131503,27.69071671711135],[-18.048198691952173,27.69067652575021]]],[[[-18.149025964516962,27.76036862424602],[-18.14900049504871,27.760494670855103],[-18.14870659492624,27.76049974661603],[-18.148604994734825,27.760436307736217],[-18.148553878483977,27.76030912040978],[-18.148602462446085,27.76027094149725],[-18.148974309840618,27.760250920211437],[-18.149025964516962,27.76036862424602]]],[[[-18.140267102840237,27.76400675214526],[-18.140338037633047,27.764096961882128],[-18.140306148368648,27.764186983708985],[-18.139989726476635,27.76411795905007],[-18.139921698106335,27.76398772496186],[-18.140008885292854,27.763884810519816],[-18.140267102840237,27.76400675214526]]],[[[-18.153927766779898,27.756835128041907],[-18.153766875558425,27.756825181066148],[-18.153724993412176,27.75677219861387],[-18.153945702993,27.756690672012375],[-18.15399150384541,27.75677405192731],[-18.153927766779898,27.756835128041907]]],[[[-18.153514337617683,27.757339393291826],[-18.153555246183224,27.75741837511309],[-18.15350830752801,27.757467792828113],[-18.15322071553204,27.757385421832883],[-18.153514337617683,27.757339393291826]]],[[[-18.15305749246105,27.757343867708194],[-18.15298113421714,27.757480637235176],[-18.15278874915255,27.757373633020485],[-18.152977353999308,27.757317915649878],[-18.15305749246105,27.757343867708194]]],[[[-18.152845058503225,27.757786267790134],[-18.153108912588966,27.757871706868546],[-18.153086543617725,27.75805937878599],[-18.152723904488553,27.75801164204921],[-18.152686379319412,27.75795855985229],[-18.152712377189843,27.7578615446024],[-18.152578149459575,27.75770387443807],[-18.15257120080844,27.757596516658662],[-18.15262639422533,27.757555569893494],[-18.15270152356315,27.757573067627057],[-18.152814300624073,27.757679543610504],[-18.152845058503225,27.757786267790134]]],[[[-18.151563119060366,27.758478025035604],[-18.151779675918245,27.758656728280585],[-18.151703598170492,27.758743520967254],[-18.15135196257404,27.75867658803109],[-18.151230658796624,27.758703438081287],[-18.151187134978375,27.75866032390297],[-18.151223448870873,27.758579940626966],[-18.151563119060366,27.758478025035604]]],[[[-18.151523421560768,27.760058934547985],[-18.151648766228295,27.760341011345737],[-18.15162195202645,27.760564503102337],[-18.151434374779797,27.76058925751099],[-18.15124906445387,27.760221326674976],[-18.15138679265775,27.760148641875745],[-18.151455474428435,27.760026840687665],[-18.151523421560768,27.760058934547985]]],[[[-18.146793983378306,27.76020769976884],[-18.14696075714937,27.760210485139048],[-18.146908143948615,27.760288352448807],[-18.146777794856558,27.76025821892286],[-18.146793983378306,27.76020769976884]]],[[[-18.14204446212098,27.762660616804265],[-18.142359998274383,27.762748328210566],[-18.14248480128982,27.762966385731815],[-18.142737580293968,27.76323772529329],[-18.14276187628837,27.763349199314106],[-18.142923026686496,27.763473614890223],[-18.14292305827151,27.763541714190552],[-18.142827671856324,27.763567426368184],[-18.14274282976239,27.763511990336813],[-18.14239591434093,27.763186418189246],[-18.142315500635323,27.762988727913577],[-18.142219227040776,27.762898915246378],[-18.14213403956862,27.762951364342232],[-18.14202675699793,27.762866582485177],[-18.142001220496862,27.76271544904344],[-18.14204446212098,27.762660616804265]]],[[[-18.140385251649565,27.76649183944131],[-18.1404017952597,27.766548829732887],[-18.14034706424681,27.766574427793245],[-18.140230210500857,27.766506007893444],[-18.140199106475734,27.766415163259506],[-18.140385251649565,27.76649183944131]]],[[[-17.973248424435084,27.661657369614552],[-17.973319194916726,27.66137423506502],[-17.97326290143601,27.6612316432672],[-17.973340942498922,27.66105610631269],[-17.973248561308523,27.660821533054364],[-17.97334324682149,27.660566615239553],[-17.973249532970236,27.660431536113993],[-17.973221632513614,27.660205805382866],[-17.97305406652692,27.65985384927345],[-17.97312482804788,27.659589915624302],[-17.97304813157337,27.65944759044738],[-17.973082743219937,27.659240451918986],[-17.97301056511568,27.659148997123435],[-17.972791213482324,27.659163448233187],[-17.97247790947516,27.658495418340244],[-17.972257676501346,27.658260192063135],[-17.972107440478744,27.657766370796836],[-17.971717634071084,27.65737263369484],[-17.97185283775376,27.657025499240916],[-17.971663836795795,27.656656030713368],[-17.971741815831233,27.656331909386072],[-17.972107913633838,27.65581949390248],[-17.972328567615353,27.655639304401223],[-17.97244371562637,27.655473196129392],[-17.972394994386402,27.655020586232016],[-17.972479311762047,27.654531383460366],[-17.972407954358626,27.653758931016956],[-17.972542337088168,27.65352502467009],[-17.972639684135856,27.65313549255856],[-17.972632174836594,27.652914193313176],[-17.97251748740858,27.652636829643324],[-17.972457695858168,27.652160642254795],[-17.97225620326872,27.651404513152148],[-17.97206943411939,27.6509303283142],[-17.971727116183313,27.650630243917213],[-17.971516341406236,27.649841476589614],[-17.97110616392343,27.64954167329418],[-17.971014407783883,27.64939272327352],[-17.97074558916942,27.64915808413077],[-17.97067541765449,27.648732183311388],[-17.970384964614478,27.648705124944165],[-17.970450791979875,27.648490912627214],[-17.970329715871838,27.64843767002953],[-17.970398439246242,27.64827436318861],[-17.970559487110442,27.648281103325324],[-17.970653480111096,27.648126996973257],[-17.970640915081642,27.647988255824856],[-17.970828188655936,27.648017075497407],[-17.970857831351974,27.64796321705008],[-17.970821733006343,27.64781956813239],[-17.97097518960357,27.647819073559965],[-17.971008408069967,27.647713900237434],[-17.97114397224954,27.64756873471372],[-17.9713000806759,27.64753146826136],[-17.9713455123694,27.64742467979925],[-17.97149150740204,27.64738429237036],[-17.971601935939383,27.647238673318917],[-17.971643137462923,27.647226423301316],[-17.97168543236654,27.647303275324614],[-17.971824725595557,27.647101288382416],[-17.972036649294207,27.647135170578565],[-17.97218381469913,27.647070671812795],[-17.972283496358866,27.64676750909768],[-17.972521750523516,27.64681985952637],[-17.972794785080183,27.646727491279645],[-17.972813643751422,27.646656995006765],[-17.97266943113889,27.646448732358767],[-17.97281855165567,27.646329254385694],[-17.97290034270726,27.646368273198174],[-17.973003525578847,27.646269446174383],[-17.97290415620638,27.645981379644525],[-17.97291216744459,27.645910574895844],[-17.972988810615487,27.645856699742904],[-17.972897576444986,27.6457007936715],[-17.973231673849387,27.645678919874992],[-17.97332220469067,27.645606704911934],[-17.973447702599614,27.645632517085666],[-17.973866062577592,27.645385478394537],[-17.97391376249854,27.645310213337137],[-17.973862910940902,27.645280273405906],[-17.973872554756753,27.645206186104318],[-17.974077070236252,27.645262144895543],[-17.974137853273994,27.64511262842283],[-17.974373888752293,27.64512803821171],[-17.97453298857882,27.64481232257631],[-17.974304840329857,27.644773921090927],[-17.97428230584197,27.644603821731817],[-17.974400518168707,27.64443539147826],[-17.974422277083885,27.644262537021046],[-17.974526391838634,27.644220700413438],[-17.97468652837678,27.643995711554016],[-17.97479200368727,27.644007880077584],[-17.974844195818797,27.643926474372496],[-17.974826906527817,27.64380795161833],[-17.974872682454524,27.64377765113407],[-17.97500429336224,27.64375994074356],[-17.97544899429751,27.64423534817217],[-17.975697041963727,27.644383915211492],[-17.97584264524747,27.644557414682012],[-17.97605014606259,27.644611412076745],[-17.976328558603456,27.645417120914693],[-17.976291145261484,27.64568133148356],[-17.976401606424506,27.646139198480594],[-17.97646178377096,27.646232894367454],[-17.976597877718426,27.646294559046027],[-17.976680892084865,27.646434762385706],[-17.976639741215674,27.64657222116649],[-17.976713090276718,27.64667348197119],[-17.976743230103366,27.647053060092045],[-17.976699540294973,27.647208975831735],[-17.976760528258072,27.64732881436346],[-17.97723192423526,27.647326893069863],[-17.978208230026546,27.647229050403087],[-17.979406650721902,27.647047853201247],[-17.979906316800076,27.64690810904716],[-17.980161545941044,27.646719767850378],[-17.980305316836187,27.646306320523085],[-17.980515808235936,27.645996168673683],[-17.9811061036609,27.64550455545437],[-17.98205902057241,27.644433850607225],[-17.98270143175067,27.643832680141653],[-17.983012357238284,27.643856836771636],[-17.98436616749569,27.64355065354122],[-17.985175872756162,27.643714273514618],[-17.986806720113034,27.637764660622842],[-17.986891570127174,27.637744880320966],[-17.986927265944672,27.637847037461995],[-17.986989508575572,27.637807898813406],[-17.987044706701514,27.637889699672105],[-17.98717831585286,27.637927232220513],[-17.987502163376934,27.637823728297633],[-17.98755654806297,27.637998550242084],[-17.987742622723633,27.637946547799636],[-17.98790250143539,27.638015175958508],[-17.988128609055263,27.638012465005147],[-17.988210536719485,27.638075196403715],[-17.98837799961682,27.638035321446765],[-17.988476079340558,27.638151918909518],[-17.988876739906903,27.63818008143808],[-17.988922727913966,27.638325405632614],[-17.989068904717513,27.638340835021044],[-17.989136558891648,27.638433642135098],[-17.98921948085545,27.63839883737929],[-17.98923196227731,27.638462976096147],[-17.989316827633623,27.638440036714584],[-17.989327573225047,27.63861164971197],[-17.989509243676356,27.638609985336547],[-17.989558131748296,27.638712939485405],[-17.98986446953019,27.638684409197918],[-17.990322127149593,27.63877096444948],[-17.990705391223823,27.638766481127252],[-17.990812795011422,27.63870823437564],[-17.99120855241079,27.638745967574643],[-17.99128086149213,27.638875748169085],[-17.99147373810667,27.638865269579387],[-17.991751000487227,27.63903004529873],[-17.991852446852704,27.639043190026584],[-17.991931537183245,27.639217386115412],[-17.991630971620204,27.639260770796774],[-17.991585991089597,27.639331201484318],[-17.991642825849716,27.639379949101457],[-17.991795274750647,27.639324337268004],[-17.991920694373484,27.639347428307886],[-17.99198814602235,27.639551734218838],[-17.99231394120834,27.639601619246253],[-17.99244875994038,27.639694597709408],[-17.99266711685103,27.63967869588021],[-17.992807150752636,27.639803224012343],[-17.99321930162542,27.63999268617985],[-17.993520553822773,27.64005626868734],[-17.993540788621782,27.640085148792306],[-17.993470348714325,27.640150537265153],[-17.993602918557304,27.640183214578986],[-17.993796600515036,27.640354662807674],[-17.99386908463033,27.64023790220337],[-17.994270002628834,27.64038673997496],[-17.994675685973814,27.640268100006868],[-17.994692185690905,27.640368053552145],[-17.99480199639042,27.640435319834985],[-17.994742989463184,27.640533657970035],[-17.994996250038824,27.640557049845185],[-17.995215092224353,27.64078559428265],[-17.995367757328463,27.64079365993919],[-17.99553715219416,27.6409249472331],[-17.995725026126536,27.64089806281579],[-17.995744398962344,27.641133084029025],[-17.995973244182714,27.64143862792831],[-17.996223040082434,27.641918088229577],[-17.996293547151915,27.64223779018045],[-17.99625497179648,27.642531887047017],[-17.99640942885089,27.642587000647087],[-17.996355705757534,27.64264878157282],[-17.996253144515652,27.64265803580093],[-17.996198307538734,27.64274212186441],[-17.996257321552772,27.642852070695263],[-17.99615999389705,27.6429715347113],[-17.996147907726783,27.643260097317068],[-17.996193680699225,27.643426802021093],[-17.996018973592804,27.643862400630862],[-17.995965479371367,27.644419231915776],[-17.996033836343322,27.644726892641177],[-17.996140117632404,27.644868834946273],[-17.996476519720865,27.645073004064855],[-17.9965894714423,27.645322057634658],[-17.99666866083991,27.645321156572212],[-17.996927129495848,27.645082019893298],[-17.99710469080959,27.645081606498444],[-17.99711198001373,27.64514829206318],[-17.99690732866183,27.64531049112323],[-17.99690398013147,27.64540311577474],[-17.99713461192795,27.645428345667625],[-17.99719129383288,27.645504697241325],[-17.99713565323203,27.645641030829044],[-17.99723194723108,27.64579924503166],[-17.99763294070776,27.646150403731664],[-17.99825462808622,27.646596733875008],[-17.998597706763725,27.646740855477717],[-17.99954308586566,27.646906575480955],[-17.999859476618088,27.64702664522975],[-18.001230221606857,27.647307716784272],[-18.001708391016344,27.647316660611907],[-18.002341077954082,27.647475244320248],[-18.00294399973111,27.647730720627777],[-18.003392599046528,27.6480956229385],[-18.003772386858884,27.648274115629185],[-18.00417486931756,27.648304537250418],[-18.00425212205478,27.648058672967366],[-18.004317955972933,27.6480175543504],[-18.004332585896016,27.648148758077195],[-18.004436105212204,27.648237350819176],[-18.00445514532034,27.648370533616937],[-18.00457037075021,27.64841674593492],[-18.004673138979275,27.648529710500544],[-18.004879512633753,27.648626986835406],[-18.00538292536673,27.648706813475098],[-18.005467685970178,27.64875025811261],[-18.00551075111292,27.648872906509155],[-18.005918244274888,27.64886794348188],[-18.006122433810592,27.648766901448738],[-18.006164283329646,27.648845104241214],[-18.006661665138957,27.6489265904927],[-18.00681951291041,27.648868228633905],[-18.006897120804034,27.64890569358131],[-18.007048626813457,27.648885806816093],[-18.007221685320026,27.64898344186172],[-18.00737620994737,27.64885921071119],[-18.007402557969332,27.64897798162818],[-18.007591992684283,27.64910764470396],[-18.008043312898405,27.649075473754504],[-18.008940155421826,27.649365312870074],[-18.009231236176827,27.64935592273421],[-18.009285732976387,27.649407599677048],[-18.00928871929758,27.649557277111825],[-18.009362410028075,27.649640289620436],[-18.009689304603835,27.649777066300885],[-18.00990352337779,27.649798120456882],[-18.009903160507648,27.65000298657259],[-18.00995293552709,27.65015218848012],[-18.010026631023692,27.650157713373712],[-18.009985877085246,27.65026008089954],[-18.010046607233928,27.650317395235103],[-18.010030748727527,27.65043365477101],[-18.010121661897532,27.650549939447952],[-18.010050715719416,27.650799999145523],[-18.010137487417502,27.6510202010728],[-18.01010039847681,27.651167592068557],[-18.01031046689398,27.651621093673235],[-18.01045753189797,27.65178279425185],[-18.010470621048743,27.651875963324205],[-18.010684982146316,27.652005530889355],[-18.010915892764018,27.652225124865687],[-18.01098310366137,27.652367271960347],[-18.01175005140012,27.653042839097665],[-18.01189924606168,27.65311581902626],[-18.01219924202042,27.65315412761974],[-18.01221829355811,27.653372282523836],[-18.012269273690727,27.65345443398343],[-18.012647984578727,27.653762369303646],[-18.01301069928774,27.653974582048875],[-18.013094684423475,27.65413720054968],[-18.01337334758036,27.654368921058815],[-18.01359927611883,27.654502561802964],[-18.01373733265369,27.654442728113633],[-18.013900077207357,27.65446669963591],[-18.014271701965914,27.65439068736366],[-18.01423426187066,27.654484504483815],[-18.01398226192076,27.654729755879643],[-18.014027200133793,27.65501247563373],[-18.014118972546488,27.65511177974595],[-18.01460298087468,27.655166193999918],[-18.014436585832403,27.655525948572905],[-18.014516584313707,27.65561333082996],[-18.014592396097665,27.65584341968941],[-18.014693204168495,27.655924936519998],[-18.015022577631278,27.655900176537013],[-18.015204987289337,27.65598352477086],[-18.015155961939634,27.656312129591097],[-18.01522805362043,27.656642788299223],[-18.0153961262234,27.656746293615683],[-18.015649448795553,27.656788947854597],[-18.015982043617186,27.656752298340976],[-18.015915489933793,27.65687787086217],[-18.015713283417394,27.656999631808993],[-18.015778657034378,27.657078220865607],[-18.01577088595609,27.657182577819373],[-18.01583198067027,27.657300860373685],[-18.015958966192226,27.657372695308535],[-18.016159849618692,27.657350279395942],[-18.01632908465692,27.65738908057889],[-18.016810333444653,27.657571277920557],[-18.016823368646534,27.65776917606469],[-18.017074302056407,27.657794830669896],[-18.017113920709555,27.657957330200485],[-18.017090607695007,27.658141226395365],[-18.017285000950128,27.658383974661827],[-18.017302597100045,27.65851186386614],[-18.017580098442078,27.658645275687284],[-18.01762288901028,27.65891577234425],[-18.01788370859871,27.659028258409528],[-18.017935089466224,27.65912104287248],[-18.018039957910336,27.65917685000917],[-18.018031094420607,27.659326153199206],[-18.018352499739372,27.65939816867253],[-18.018369510396436,27.659508390092526],[-18.01850338533323,27.65951007266104],[-18.018552538757717,27.65966920656844],[-18.018780934314936,27.659781405246473],[-18.01886221223874,27.65997402668079],[-18.01897333146061,27.65999920725605],[-18.018933943756917,27.660169472121048],[-18.01904236939408,27.660221953453068],[-18.019031864156066,27.6603151844961],[-18.019313202452963,27.660473676145507],[-18.019270547816276,27.660573020472647],[-18.019324604078093,27.660656184166655],[-18.01929974859005,27.66074702192255],[-18.019446995099745,27.66079649154647],[-18.019385732503917,27.660915455429258],[-18.019482039950013,27.6608661780189],[-18.019558359838015,27.660889500863398],[-18.019502385761438,27.661064457372127],[-18.019421038175967,27.66115670732164],[-18.019721739289988,27.661197688904114],[-18.019601375633346,27.66130792880291],[-18.01969989183036,27.661353679774678],[-18.019631958374685,27.6615321445166],[-18.01976577294812,27.661590476149712],[-18.01980038795688,27.661806575566906],[-18.019582119113572,27.66195593475867],[-18.01965844973684,27.662001718460832],[-18.01964982623132,27.662133877299564],[-18.01975898010325,27.662293776908896],[-18.019792061232284,27.662439368977715],[-18.01971767161763,27.662744081981153],[-18.019781997933062,27.662828554932524],[-18.019716365708113,27.662943374608993],[-18.019716788485816,27.663120799783105],[-18.01979469206841,27.663157438288653],[-18.020243569485647,27.66309722370556],[-18.020318056080566,27.66316063727947],[-18.020225241061425,27.66322643700737],[-18.01965451595732,27.663247272902158],[-18.019543077223993,27.663332150876126],[-18.019463540000242,27.66350500525114],[-18.019498422841938,27.663771343375345],[-18.019597062077754,27.663858315553796],[-18.01949945503227,27.663989347781953],[-18.01950613909894,27.664132899533442],[-18.019620448772205,27.66420392439525],[-18.01963964888075,27.664283157227306],[-18.019573465304646,27.664400063629103],[-18.01964091457145,27.664509635837145],[-18.019596582806905,27.66461433899957],[-18.01961776426232,27.66469930177791],[-18.019508204988487,27.664992513705204],[-18.019562097844307,27.665091737287682],[-18.018631451968076,27.666172720460104],[-18.013605428664185,27.66980389023908],[-18.011056411320734,27.672023353543917],[-18.01110630656145,27.67219486835404],[-18.011055344870353,27.67237553160426],[-18.010711722232678,27.67271665837775],[-18.01034771267106,27.67325541789071],[-18.009849482788372,27.67361667386392],[-18.009202258004876,27.673774468945588],[-18.009076566396107,27.673985396415482],[-18.008931831125846,27.67410304073752],[-18.0081501946116,27.674330225292003],[-18.007461864087997,27.6746409931921],[-18.006509266417623,27.67481268050842],[-18.00596009337188,27.674835611275117],[-18.005473101348567,27.675032000428097],[-18.00481561291356,27.67544605783686],[-18.00484491990175,27.67569113430822],[-18.00474932011255,27.67592421836426],[-18.00455897830438,27.67611834194892],[-18.00422194831714,27.676353562447165],[-18.00387232295362,27.676519975594907],[-18.00386841023973,27.676817470377156],[-18.00394668068681,27.676826596669304],[-18.00432856896165,27.676656118407482],[-18.004468181200732,27.67666670950012],[-18.004585047044934,27.67679019105015],[-18.004687991859516,27.676775327763192],[-18.004730647041445,27.67674192768682],[-18.00464823330248,27.676629605700647],[-18.00513753429638,27.676477992313135],[-18.00540611765171,27.676610086693437],[-18.005602934209637,27.67681139332931],[-18.005584607460673,27.67691913653241],[-18.00566579239331,27.676997657272636],[-18.005949508020205,27.677034795706714],[-18.006216847878527,27.676918036747374],[-18.0068968865959,27.67755184856743],[-18.007172625186065,27.677519698997067],[-18.007271372262363,27.677573481547135],[-18.00739711742129,27.677761986529543],[-18.007440516908858,27.6779775381202],[-18.007607681854346,27.67808756578618],[-18.007719349828484,27.678279984497156],[-18.008324583769774,27.678587063806287],[-18.008390608455798,27.67874078318027],[-18.008528678136074,27.678787395693533],[-18.008623502976153,27.67895672604761],[-18.008808427730486,27.67901224250761],[-18.008893373780076,27.679190807961124],[-18.009107694773306,27.679357540358765],[-18.009391419631502,27.679468639944076],[-18.009620111692517,27.679494337801618],[-18.01000531971992,27.679426425975237],[-18.010242685230875,27.67954665036795],[-18.01033502180989,27.67921899906028],[-18.01060953371739,27.678772824172974],[-18.010714649450655,27.678689352655876],[-18.010930344962915,27.67864767670018],[-18.011353341253987,27.678727327967966],[-18.01156270091107,27.67854344406921],[-18.011717225185393,27.678532414642504],[-18.01193689723,27.678591320320056],[-18.012180170014165,27.678742173013124],[-18.0124247565497,27.679077377269873],[-18.012570320270402,27.67975842014031],[-18.0124394274991,27.680054437602415],[-18.01259106605616,27.68011536387957],[-18.012753048326818,27.68031678582504],[-18.012791171238003,27.68052793957185],[-18.013048423474494,27.680519814212474],[-18.01312503664367,27.680593919303462],[-18.013147302513175,27.68075896213063],[-18.013665475141437,27.681031107536807],[-18.0140411047298,27.681130814590222],[-18.014356078781994,27.681125038016717],[-18.014577151074324,27.681194101838692],[-18.014825454040086,27.681166322748837],[-18.015175155203753,27.68132170701488],[-18.015248009268962,27.68151334042013],[-18.01552183239725,27.681698791408323],[-18.01564393647644,27.68197161906444],[-18.015847903786824,27.68208922315873],[-18.01595202490624,27.682282880963683],[-18.016530345940595,27.682799875064866],[-18.01663856654271,27.682825660563537],[-18.016760322404686,27.682754089796102],[-18.016824106692773,27.68265266159867],[-18.016931636170433,27.682660691445474],[-18.017201050310213,27.682862471846217],[-18.017363775175305,27.682920985877185],[-18.017603404189522,27.683137667199738],[-18.01768235408473,27.683300210101507],[-18.017849555717167,27.68329674493386],[-18.017944105691228,27.683344927778975],[-18.017939896342284,27.683468150045528],[-18.018012440996923,27.6836409353892],[-18.018188553556197,27.683626180201806],[-18.018821999434326,27.68371916861437],[-18.01895532398322,27.68386176192008],[-18.01915433876128,27.683905951304496],[-18.019230288458466,27.684014615750907],[-18.01921268903022,27.684144624853246],[-18.019380086734213,27.684291796509587],[-18.019264566642175,27.684505216859613],[-18.019518554909098,27.684562278425844],[-18.019427122403627,27.68481143595721],[-18.019441521987975,27.684918556438326],[-18.019769342087162,27.685058799765514],[-18.0200899935606,27.685063800441426],[-18.020580485990077,27.685440708763817],[-18.020961609468248,27.68535652755165],[-18.021032206778333,27.685565074737124],[-18.02123905827387,27.685529438532004],[-18.021322638888392,27.685672213055742],[-18.02168623822642,27.685739055210167],[-18.021686356717233,27.68591621579535],[-18.021725794452223,27.685953691979567],[-18.02193975662255,27.686006932043806],[-18.0221244223264,27.685986211749963],[-18.022311250892592,27.686146936942414],[-18.022499492452155,27.686105210432363],[-18.022522401574246,27.68620844613716],[-18.022648691144106,27.686194773152586],[-18.022943020158987,27.686428470878326],[-18.023220351031338,27.686380016526755],[-18.02342644198112,27.686401313087128],[-18.02366352707965,27.686866824129506],[-18.02391927280659,27.687046156935143],[-18.024052669866183,27.687077069079727],[-18.024310885945745,27.687029932198563],[-18.02439815321155,27.687082058014422],[-18.02435552675043,27.687439750876568],[-18.024513303376786,27.687480142531214],[-18.02456602574593,27.68758038086322],[-18.024855194286882,27.687487103064516],[-18.024919153939713,27.687509789848374],[-18.024973878644857,27.68761647900355],[-18.025180967220972,27.687596707659626],[-18.025478773932534,27.687743095074715],[-18.02568440330514,27.687997307671022],[-18.025856411886735,27.687925442071094],[-18.02607109405437,27.68800824689175],[-18.026069768813468,27.688077733759638],[-18.025968046342836,27.68821057491737],[-18.02599384257661,27.688304455560186],[-18.02610029084631,27.68817394658182],[-18.026234057262595,27.68815207847137],[-18.026679622764618,27.688394277048225],[-18.027250320547022,27.688419229391286],[-18.02738011802165,27.688697739380533],[-18.02758475083252,27.6888348845069],[-18.02785376253253,27.689145618353734],[-18.02786466295079,27.68934220706939],[-18.027943480427144,27.689554268270125],[-18.028155759170804,27.689615923983656],[-18.028346728418164,27.689746240608326],[-18.028627355271333,27.689747225424046],[-18.028816364509478,27.689846544739257],[-18.028904311127786,27.68965676812424],[-18.029139994567444,27.6896243494948],[-18.02926935026635,27.68948900697183],[-18.029552839056358,27.689585905278157],[-18.030072033161566,27.689885871052695],[-18.030333931877777,27.689876906929854],[-18.030564364347974,27.68995662621591],[-18.031010090293584,27.689952917006188],[-18.031365410835317,27.689868811748756],[-18.03170840173756,27.689925577892527],[-18.032706282057347,27.689732991381998],[-18.033610899178452,27.689330885311886],[-18.033912895104812,27.68904213168154],[-18.034417337363582,27.688728516270597],[-18.034931153641626,27.68819863547156],[-18.03563468661902,27.687649879315657],[-18.036202791165532,27.687661853123746],[-18.03685412747223,27.687427426597356],[-18.03726037665499,27.68720618792266],[-18.037840137376904,27.686580018159358],[-18.0379088760501,27.686348632137342],[-18.038413926050772,27.68668106160545],[-18.0385873157812,27.686641172983787],[-18.03855904307121,27.686743544377304],[-18.039419457637887,27.687226096998703],[-18.040682320858487,27.68750198373392],[-18.042000177826555,27.687951916649396],[-18.042159628460805,27.687902678041397],[-18.04226010457781,27.6877694926715],[-18.04244874597804,27.68770590099344],[-18.042476548359318,27.68773280207277],[-18.042307006904913,27.687966189383072],[-18.042535076562206,27.688169547259715],[-18.04262242418096,27.688143903142844],[-18.042857925693173,27.688279083025044],[-18.043003282483383,27.688273361161],[-18.043030580202803,27.688417177903105],[-18.043167892515335,27.688384481271623],[-18.043235034638208,27.68846328656126],[-18.043549377754243,27.688613148540853],[-18.043674732333297,27.688642504266852],[-18.043769229307358,27.688564113126237],[-18.043840052533874,27.688567426413506],[-18.043807942605447,27.68874312881673],[-18.043996126700893,27.68878715864093],[-18.04403474115856,27.688710718151853],[-18.04410216242196,27.68871194122926],[-18.044194871119622,27.68879180728242],[-18.044184925930818,27.68893364661652],[-18.044340758705765,27.688947537766595],[-18.044421556441844,27.689080164496357],[-18.044732802108854,27.68918769576324],[-18.045024986272264,27.68940794986995],[-18.04519230316619,27.68940841751162],[-18.045275629490522,27.689515279837824],[-18.045548575471447,27.68964845808382],[-18.045755057289128,27.68966529205855],[-18.04576931847752,27.689773764317223],[-18.04629403985842,27.689956423767676],[-18.04652834062308,27.6901793918462],[-18.046625088311355,27.69020757044145],[-18.04679762954857,27.690173553304074],[-18.046847428189054,27.69029179680987],[-18.047141254716532,27.690366691144863],[-18.04731502664505,27.690504575110296],[-18.04772773130369,27.69058713350361],[-18.048009670855684,27.690781176551738],[-18.04818283268032,27.690729373803933],[-18.04818378043039,27.690912918007566],[-18.049014074293495,27.691548694726105],[-18.04964225954586,27.69211702775002],[-18.050068209947998,27.692201902658564],[-18.050345709798158,27.6919811005454],[-18.050359597050825,27.692057738303735],[-18.050269877471532,27.69228955548892],[-18.050093228147674,27.692522025943834],[-18.050278780754702,27.692667854603638],[-18.05078258731836,27.69279737564418],[-18.05128882826437,27.692806779830175],[-18.051581899464743,27.692519241940587],[-18.051642092316833,27.692508262679723],[-18.05167726136665,27.69273416918699],[-18.051901683156462,27.69284919063544],[-18.052103218949135,27.692844655282872],[-18.052240814373093,27.692923976288228],[-18.052709118835715,27.692782850154295],[-18.05278974413519,27.692959765009928],[-18.05292170410488,27.69300772852843],[-18.053102342489296,27.6929369020123],[-18.053253122702543,27.693056612914255],[-18.053386894555857,27.693002244991913],[-18.05342066489663,27.693141405731833],[-18.053512485850426,27.6931744687436],[-18.053588073522047,27.693159540751036],[-18.053749322826025,27.692956541860948],[-18.053734291280282,27.693250035563263],[-18.05378003110104,27.6933095527867],[-18.0539061437425,27.693322194315645],[-18.05411188370767,27.693159345967125],[-18.054281045769287,27.693327720725495],[-18.05429687946044,27.69339773007555],[-18.054383333525333,27.693339985664675],[-18.0544217862066,27.693425281343245],[-18.055415143826465,27.69386311794123],[-18.055770332919725,27.694135717255406],[-18.056661538740972,27.69448947531385],[-18.057312676121402,27.694679671051563],[-18.057924638637147,27.694715128381972],[-18.057969396333387,27.694590380063907],[-18.05806597581916,27.69455054052794],[-18.058396470322762,27.69479129528746],[-18.05902617978064,27.69493613295015],[-18.059361854277125,27.694955682152575],[-18.06008845104964,27.694781217519253],[-18.060160018075592,27.694662189953767],[-18.060279360543163,27.69461011903764],[-18.06036143408472,27.69477671342789],[-18.06047645453313,27.694874746094552],[-18.060741735013632,27.694950061148973],[-18.061175152186333,27.69486984375759],[-18.061791320364563,27.69456963453884],[-18.061933637872265,27.694734263331497],[-18.06233417417055,27.694717731892776],[-18.063132767009968,27.69498401471182],[-18.0639694928329,27.695109813737563],[-18.064224630796286,27.695275369266483],[-18.064585853525454,27.695251763954],[-18.065666604666188,27.695526033838874],[-18.066828739227756,27.695749691225124],[-18.067078390383212,27.69575516218214],[-18.067198751297006,27.695837375112713],[-18.06744922729069,27.69575280450756],[-18.067487926555,27.696005867982787],[-18.067709477875447,27.696071855517786],[-18.067759301736753,27.696139395291627],[-18.0679260354994,27.696147695329174],[-18.067987972652286,27.696007138773076],[-18.068122010142705,27.695900884192273],[-18.068244053255373,27.69598161560413],[-18.068192159197547,27.696162360472858],[-18.068515212027492,27.6963499444357],[-18.06858831077234,27.69635472765541],[-18.06873433841863,27.69625686605229],[-18.068991811978588,27.69597702854017],[-18.069033476477024,27.69598476385169],[-18.069059356754064,27.696080255898234],[-18.069320828085992,27.696019251619724],[-18.06965608151722,27.696139451220912],[-18.06964720761098,27.69622425840688],[-18.069484892113877,27.69636289316804],[-18.06972907790655,27.69652056254394],[-18.070546940878387,27.696750201664248],[-18.07072981363356,27.696763011027233],[-18.071280767944575,27.696964382256816],[-18.0721792656264,27.697076942198613],[-18.073937360168475,27.697103650769353],[-18.074769304115133,27.697256820187725],[-18.07498568790478,27.697192567668747],[-18.07529823417739,27.69728691846787],[-18.075901114804584,27.697305177775597],[-18.076732785876676,27.697181329167204],[-18.077388652148176,27.697325408825733],[-18.078064905330336,27.69732209187685],[-18.078612265376368,27.697232609916757],[-18.07971984448365,27.6973599513346],[-18.080410635974015,27.69725734726693],[-18.080851076604496,27.697124504415584],[-18.082839069360983,27.697041796245948],[-18.083448486015815,27.69710876651845],[-18.08406276153902,27.697272773495584],[-18.084826928612987,27.697397444992244],[-18.084994231771546,27.69729268822503],[-18.085130724353636,27.69728504438606],[-18.08516916036392,27.697311247949028],[-18.085182427453635,27.697523378115555],[-18.085574089500497,27.69767394075791],[-18.085948056473704,27.69770348490006],[-18.08687360966584,27.697891023863157],[-18.087321594926816,27.697878772830773],[-18.087507884416265,27.69798042264752],[-18.08813891830852,27.698148997924445],[-18.088767076157414,27.698165102914746],[-18.08996475976867,27.69841816517679],[-18.090557657390608,27.6984668004602],[-18.0914528756419,27.698839538360815],[-18.091751001362585,27.69888194612339],[-18.092237101899542,27.699053199546942],[-18.092939318485556,27.699150976275853],[-18.09345673640217,27.699300688476107],[-18.094622187138395,27.699775333435877],[-18.094717170626073,27.699790617662973],[-18.094778576070908,27.699725742092237],[-18.094811841488028,27.69984866439261],[-18.095360162711426,27.7000840909169],[-18.096037697168317,27.70012936501328],[-18.09639634126291,27.70041972514879],[-18.09663182871649,27.7005226059425],[-18.097075803779806,27.70059411941728],[-18.098039079656903,27.700953201502035],[-18.098562354565463,27.700976209807624],[-18.098991810538127,27.701057423069248],[-18.099089729923804,27.7011657262752],[-18.09924558435234,27.70119759371935],[-18.099844519087053,27.7012118663408],[-18.10079807707291,27.701076572112175],[-18.101079789194422,27.700989888115824],[-18.10150728734865,27.700991128759686],[-18.10191080239024,27.701097449116354],[-18.103798076190095,27.701311110377734],[-18.10467147932387,27.701455317236494],[-18.105393859103316,27.701444876293248],[-18.10567744584382,27.701356517362218],[-18.10591846247287,27.701189285676683],[-18.105939934454103,27.701042226840595],[-18.105797304620186,27.70088342783851],[-18.10593873850233,27.70065673424888],[-18.106058437280403,27.70073946724786],[-18.10617401787498,27.700726950060112],[-18.10616876050455,27.70085253779919],[-18.10626420962498,27.70078048882614],[-18.10632597792266,27.700646416122233],[-18.106454257437477,27.700727963877277],[-18.10656393899875,27.700628895611928],[-18.106618277424506,27.700708224938445],[-18.106751419338607,27.700714615937002],[-18.106831830835336,27.700769907368905],[-18.106856060281807,27.700920359773434],[-18.10694895228222,27.700947588917604],[-18.107018136993634,27.70081776923853],[-18.107224383280993,27.700811152568278],[-18.107226955047604,27.70071241488456],[-18.10739074350566,27.70064162646073],[-18.107489668888896,27.700735107672237],[-18.107387428953363,27.700946490144197],[-18.107472750532274,27.70110702566143],[-18.10771420906754,27.70110917857445],[-18.107730900581952,27.700933001867714],[-18.10784818854611,27.700877058243346],[-18.107949822714954,27.700948108388566],[-18.107971650592127,27.70110673254304],[-18.108026924982607,27.701168992222925],[-18.108150008842802,27.70116018343466],[-18.108286071144818,27.70129811051159],[-18.10868976322985,27.701492623110656],[-18.109051161566857,27.701557293620187],[-18.109258951008645,27.701533591176208],[-18.109497202184137,27.701633410375408],[-18.109655404959724,27.701519358191778],[-18.109648442329387,27.70168828058183],[-18.109743781665557,27.701751713506674],[-18.1098691626816,27.701770272584042],[-18.110649047180196,27.70220410345489],[-18.111109961916696,27.702357813810575],[-18.111312857451306,27.70233304565937],[-18.11133848775433,27.702179218031063],[-18.11141681954063,27.702154004033627],[-18.11159511574951,27.702276545466827],[-18.111911601505412,27.702336896581617],[-18.112432418107645,27.702533633617175],[-18.112796587235703,27.702577936458248],[-18.113675116809876,27.702802067802327],[-18.114358875763532,27.702880304122576],[-18.114757995361476,27.70297757438776],[-18.11522140189514,27.703004753081867],[-18.116970762704,27.703644917797707],[-18.11855922744006,27.704004464885028],[-18.11885566285786,27.704040175821973],[-18.118941257004252,27.703978172464275],[-18.11909873830513,27.704081148315375],[-18.119471620462193,27.70415716752156],[-18.120002511147664,27.70420156959177],[-18.120298944619122,27.704276334160692],[-18.120621538795696,27.704259044756473],[-18.12092388826484,27.704342243515047],[-18.121797613118904,27.7043398465192],[-18.122282728235596,27.704552504022804],[-18.12239869047695,27.704517775229974],[-18.12261430403513,27.70455521204785],[-18.122817693598595,27.704686462117472],[-18.123130568940965,27.704758413807824],[-18.12406424048117,27.70514521546809],[-18.12478254516726,27.705293425626124],[-18.12520610164562,27.705244890335695],[-18.12570528977411,27.70527907202966],[-18.125808044889364,27.70519349538551],[-18.125943293444116,27.70517763062952],[-18.126538821501605,27.705182030926743],[-18.12689201952121,27.70525342323166],[-18.127234260304053,27.70524270972091],[-18.127401797031666,27.705299987368477],[-18.12775128710929,27.705284057469115],[-18.128159117087908,27.705345010732998],[-18.12875750446263,27.705094612120547],[-18.130047386033958,27.704937256493995],[-18.130320920417997,27.704887770735592],[-18.130515194007227,27.70479894712533],[-18.130688610544986,27.704834980887284],[-18.13086714083871,27.704748497511126],[-18.130993416279534,27.704783974271045],[-18.131134368055513,27.70475850442255],[-18.131268170301507,27.70482330588656],[-18.131592117465686,27.704782508237265],[-18.131689745343174,27.70484749683003],[-18.132186269593383,27.704834631070455],[-18.132386987956703,27.704705429893924],[-18.132503576168215,27.704781353698205],[-18.132735615163746,27.704662988326376],[-18.132875507252855,27.704777711112147],[-18.13320884980058,27.704792620737937],[-18.1334431467545,27.704639836987162],[-18.133386819074914,27.704427880829737],[-18.13321275313257,27.704248628032676],[-18.13329646910355,27.704160230260488],[-18.1336067984029,27.704557656032925],[-18.13387277197419,27.704672678478413],[-18.134004652640847,27.70449307960619],[-18.134129771192793,27.704612104556613],[-18.134325449587585,27.704491042677606],[-18.134370822635102,27.70432350599658],[-18.13429625063468,27.70424969858816],[-18.134418997057477,27.704222022179852],[-18.13436263204045,27.703994643215655],[-18.134551286737054,27.704131170054595],[-18.134765249096922,27.70419938315635],[-18.134736831801423,27.704134181401248],[-18.134768766793126,27.704088538276572],[-18.13463644266828,27.70400458445505],[-18.134627586844456,27.70387922721896],[-18.134682308756187,27.703964127837853],[-18.13485022454338,27.704052326208966],[-18.134934748238255,27.703981588351684],[-18.13509322936496,27.704019849236865],[-18.135540328463623,27.703894891301466],[-18.135570619889585,27.70368557298166],[-18.135679961953826,27.70377031745287],[-18.135794625424694,27.70378602870367],[-18.13598088991503,27.703580480652178],[-18.136124829381153,27.703503704763644],[-18.136197670072498,27.703548866931],[-18.13669157899097,27.703381171979444],[-18.13676022229027,27.70340360853167],[-18.136867755340308,27.70330122898574],[-18.136988643499365,27.703399871885708],[-18.13722419834254,27.70333734338265],[-18.137367840418733,27.70339181331571],[-18.137461566494444,27.703327540083627],[-18.137659547308782,27.703294185713993],[-18.137683496526392,27.703390877556807],[-18.137812339849624,27.70341339126047],[-18.137839216586574,27.70337165062783],[-18.137794121252323,27.703230158334662],[-18.137856804855083,27.70319310764912],[-18.1379409852675,27.703319281383717],[-18.138143695228294,27.703313059294903],[-18.138126374612426,27.703447849459433],[-18.13816505264544,27.70348909517052],[-18.138450449721375,27.70336932979836],[-18.13847507249935,27.703510745113896],[-18.13855463071132,27.70356396171851],[-18.138935767139547,27.70351039428226],[-18.1392302363428,27.703569377149815],[-18.13937096841169,27.703656653345167],[-18.139761577857453,27.703569404662385],[-18.13985405983994,27.703681046943487],[-18.140097936349935,27.703633117402568],[-18.140179337736647,27.70372940647973],[-18.140294698432058,27.703755290652186],[-18.14043608178077,27.70359296925616],[-18.14042835400393,27.703832533820925],[-18.140576072779567,27.703937238963576],[-18.14094570601597,27.70376874255756],[-18.141118193043944,27.703860707784198],[-18.141565509317143,27.70386029106782],[-18.1417023037736,27.703930335906726],[-18.142629328729356,27.7038539861026],[-18.142973156983807,27.703881261872898],[-18.143108511821485,27.703841024306037],[-18.14322488795403,27.703891687692014],[-18.143428645972243,27.703893732297622],[-18.14384996413477,27.70381019409238],[-18.14390933198983,27.703664706483412],[-18.144039025054493,27.703557849316],[-18.14412444786629,27.70364583633148],[-18.144331168192053,27.70364871428955],[-18.14462899318077,27.70397640264166],[-18.144755847990236,27.703982538685118],[-18.14500990189987,27.703812600326902],[-18.14507203321338,27.704010617997973],[-18.14580211061024,27.70398247124588],[-18.146392998899334,27.704425710079047],[-18.147007669230064,27.70468764614657],[-18.14728239284355,27.704623487919104],[-18.147555596659256,27.704809846390585],[-18.148004134495114,27.70478484662379],[-18.148047567994706,27.704868013804738],[-18.147841519999417,27.704909774766577],[-18.147810315636324,27.704980659696183],[-18.148118955637,27.70569486669818],[-18.14824925544873,27.705806724372184],[-18.148386104796504,27.705850242418148],[-18.148734832206326,27.70641452650024],[-18.148994931456837,27.706560770868435],[-18.149129084499375,27.706863039962027],[-18.149482840116217,27.707249425180184],[-18.14955961311671,27.707402909308534],[-18.149858723125362,27.707693303290036],[-18.150004499188682,27.707634781738626],[-18.150154878072264,27.707644706340233],[-18.150228174700658,27.707712490087776],[-18.150156951812907,27.70780142471469],[-18.15020781185883,27.707857272023844],[-18.150519635074517,27.708082161070504],[-18.150760609079747,27.708176341625496],[-18.15139454103174,27.708303511363543],[-18.151891237905357,27.708278753838286],[-18.15197244248717,27.70837476896377],[-18.1521418765308,27.70830370959725],[-18.152126648210917,27.708436648809602],[-18.152259161633467,27.708368054288957],[-18.152294401027124,27.708462140222764],[-18.152432786969683,27.708439142455905],[-18.152476178494794,27.70852772080189],[-18.153005430381324,27.708859404061187],[-18.153310612397277,27.708842705175268],[-18.153386087192416,27.709035362582508],[-18.15345559116243,27.709055786394405],[-18.1535359761021,27.708982426054973],[-18.153622028329206,27.708979201218078],[-18.15393367382832,27.70922221588137],[-18.15404098941534,27.709246467472887],[-18.154215008189116,27.709098812566673],[-18.15429739464077,27.709179465434268],[-18.154230785216654,27.709344063651386],[-18.15430720984382,27.709393643736526],[-18.154383204717504,27.70967468325044],[-18.154732071341762,27.70988329307871],[-18.1546698751706,27.710000526747518],[-18.15489840041751,27.709954273716164],[-18.155017155716983,27.709809141180394],[-18.155351796551226,27.70982991962576],[-18.155356413322206,27.709909279242932],[-18.155103917576398,27.71031615259347],[-18.155203761238155,27.71023928064619],[-18.155286630340374,27.710245147188456],[-18.15536801639794,27.710642870099516],[-18.15570629847588,27.710575350268588],[-18.155724019814905,27.71068390576725],[-18.15567078380104,27.710841254147326],[-18.155915775018947,27.710786054787903],[-18.156331254933058,27.710830061186225],[-18.156407146303458,27.710801269640744],[-18.156510585895646,27.710648728359875],[-18.156766265810635,27.710690156778316],[-18.15675732766959,27.71079850878777],[-18.156203736015218,27.711226778075435],[-18.156184606733337,27.711329680143425],[-18.15631686651128,27.711463312539145],[-18.156528056228183,27.71140978542616],[-18.15663851152053,27.711430355226916],[-18.15675767093402,27.711686144323416],[-18.15679776060249,27.711663491425032],[-18.15682249048546,27.711484153548906],[-18.157103223346166,27.711290583527198],[-18.157282889793045,27.711215856666264],[-18.157474165822553,27.71124504375621],[-18.157509444289644,27.711322710993116],[-18.15746287884689,27.71140901163994],[-18.15699845112709,27.711653588699747],[-18.15700326378732,27.711701013438496],[-18.157126878727503,27.7117526714951],[-18.156888475420025,27.71188177567171],[-18.157084314779816,27.711837166922155],[-18.157157462782695,27.71192416219493],[-18.15756323536605,27.7120355840275],[-18.157572915502,27.712111219909556],[-18.15743588114105,27.712244504892816],[-18.157430202814734,27.712342860643925],[-18.15775284704203,27.712467544646895],[-18.157868381432227,27.71281893543308],[-18.157999613854898,27.71294140481668],[-18.15811101903177,27.712973767625392],[-18.158065751684905,27.71317188486227],[-18.15809959443636,27.713340324254272],[-18.158367372948756,27.713498821102842],[-18.158293483856674,27.713691999749933],[-18.1585362939742,27.713891385087518],[-18.158748757462046,27.713959232281557],[-18.15880556027925,27.71415411628687],[-18.159001848975592,27.71418823752521],[-18.159058266382225,27.714243232548757],[-18.159033156988453,27.71429332502437],[-18.158900256547547,27.71433451473441],[-18.158773525704305,27.714529892801302],[-18.15899062392051,27.714603767158504],[-18.159160241897432,27.714563542532225],[-18.159444781469173,27.714579140738845],[-18.159386252834718,27.71492530610938],[-18.15939450012441,27.714972291416853],[-18.15956106917386,27.71506878638426],[-18.15949050138595,27.715211919826164],[-18.15967381598211,27.715144051508645],[-18.159931997151205,27.71516990207286],[-18.159911792020118,27.714971927497523],[-18.159970175054898,27.71492991400452],[-18.160230628074,27.71495372776097],[-18.160241356485248,27.715076152261858],[-18.16000668311464,27.715218706511774],[-18.159850815765108,27.71525077077145],[-18.160050535601957,27.71530537718444],[-18.160115029399996,27.715383819099593],[-18.160111966401793,27.715484911177487],[-18.16003652676458,27.715557530934003],[-18.160102387008482,27.7157044021198],[-18.159919423812173,27.715872292923592],[-18.160483755714484,27.716219918992273],[-18.160707332539516,27.716177466944586],[-18.160755575084234,27.716209016054787],[-18.160814769807768,27.716405828592414],[-18.16066266462242,27.716554253804656],[-18.160617458081912,27.716747319127965],[-18.16087728436318,27.716928361242456],[-18.16087867395347,27.716983530800267],[-18.160724351581315,27.717160509440532],[-18.160732008488544,27.71738718300353],[-18.160660685661185,27.717644615440157],[-18.160685768078903,27.717951798525284],[-18.160556196069464,27.718315643279283],[-18.160622324870392,27.718534937079006],[-18.16051714204519,27.718627088453122],[-18.160511715840585,27.71872002646457],[-18.160192479655635,27.718974105080395],[-18.160070280261426,27.71914394496202],[-18.160045122025156,27.71950846987598],[-18.159922836507647,27.719626177041285],[-18.159920896227206,27.71974158495585],[-18.159978599736878,27.719844535453028],[-18.159944957746134,27.720066109602467],[-18.160011961293815,27.720558052981428],[-18.159957150387054,27.720625601315948],[-18.15997024495903,27.720787839303654],[-18.15990529983145,27.720918667803566],[-18.159906937468765,27.721066735902625],[-18.16004276728114,27.721197034886014],[-18.159920628484596,27.72120749307592],[-18.160101129883365,27.721487853124813],[-18.159962476805475,27.721537203450236],[-18.159912365941352,27.72165172785979],[-18.160119737830723,27.721904324068454],[-18.159853028388635,27.722085764895333],[-18.15997799659079,27.722412132445914],[-18.15997026896279,27.722506115217946],[-18.159615493959944,27.722653038058503],[-18.15953632584824,27.722744143452083],[-18.15963106188527,27.722950156114724],[-18.15987380368228,27.72316388060743],[-18.1598040595017,27.72322329159961],[-18.159883998468533,27.723510099009744],[-18.16020150717427,27.723722474820917],[-18.160229179115564,27.723785702657036],[-18.160061982911323,27.723857623818255],[-18.15979585359424,27.723876694722517],[-18.159694143150002,27.723969938988535],[-18.159665091069712,27.72422415015157],[-18.159791783095063,27.72436782689133],[-18.159795561110247,27.72445658579758],[-18.159654901373845,27.724612145209086],[-18.159649452443645,27.725013381249347],[-18.15974680279935,27.725193988208456],[-18.16015317580018,27.725405144630283],[-18.160316644228338,27.725576212162288],[-18.159944799770003,27.725539432025627],[-18.159612774781188,27.72538619693766],[-18.159331472412344,27.72532569828743],[-18.159164823686027,27.725578273098673],[-18.15913219370542,27.725768254616813],[-18.15906252156503,27.7258583310996],[-18.158616623897775,27.725963587989398],[-18.15826267011336,27.726121854299045],[-18.158266709941365,27.72630053500887],[-18.158495758901356,27.726510244857394],[-18.158622707566675,27.726736538316096],[-18.1587178880054,27.726750599381052],[-18.15894027186732,27.727034874204733],[-18.15929355557011,27.72736260939013],[-18.159230726206758,27.72744044306152],[-18.159148169484194,27.727452882799195],[-18.158934374966258,27.72732580807359],[-18.158459318576064,27.727295441494256],[-18.1580405648045,27.727635584467265],[-18.158152134995476,27.727711778887144],[-18.15851260177135,27.727796628467637],[-18.158308871493404,27.727941090211573],[-18.15826918260207,27.728058623272307],[-18.15835153499115,27.727982869517074],[-18.158719413694104,27.72788895663641],[-18.158883629138504,27.727924260325157],[-18.158861046466956,27.728023363000307],[-18.15868996154235,27.728006436294333],[-18.15849982304629,27.728077436993942],[-18.158467063352894,27.72824189527855],[-18.15838601606911,27.72835234562025],[-18.158489210196286,27.728348995809778],[-18.15855665565648,27.72825897038971],[-18.158669181047852,27.728294463094507],[-18.158662850279548,27.728464992222463],[-18.158544411336507,27.728716374861033],[-18.158597317077334,27.728765316309],[-18.15873271695593,27.728767995322418],[-18.158726162772492,27.728871061265647],[-18.158808935842877,27.728911743530386],[-18.15893387276273,27.728896080573914],[-18.159013256394935,27.72893873432281],[-18.159044186438997,27.729293949702495],[-18.15891350107181,27.729310646122137],[-18.158629742001672,27.729189950359945],[-18.158517444882296,27.72923617207341],[-18.158510240820977,27.72913405186071],[-18.157863694148485,27.728591667560334],[-18.15757128875109,27.72864552023566],[-18.157662562217162,27.728840338346185],[-18.157684807950186,27.728971970715484],[-18.157641297188146,27.72900272999188],[-18.15748477036271,27.728850983686595],[-18.157494639029,27.72871519024571],[-18.157290402041145,27.72868404612147],[-18.15726176134528,27.72871374408234],[-18.157420918610207,27.728946158074216],[-18.157216883612147,27.729002862406492],[-18.157176256185963,27.72885595521887],[-18.157066121042163,27.728854140887144],[-18.157239917958897,27.72939379699404],[-18.157163141479042,27.72941340969258],[-18.15710994451768,27.729632002515288],[-18.157060153273463,27.729487198751507],[-18.157027523020464,27.730018219805533],[-18.156931234658995,27.730057219644415],[-18.156802616394305,27.73000856334441],[-18.15694750630888,27.730108261093154],[-18.156908587369358,27.73014712335844],[-18.156718072361,27.730106825742943],[-18.15663916395355,27.729841640543736],[-18.156499709218803,27.729656220103976],[-18.156152740869604,27.72983578954124],[-18.155909484001114,27.72984359803491],[-18.155799478029653,27.729526356089092],[-18.155534791659292,27.72963116534831],[-18.155469621519266,27.729353669296113],[-18.15538279762898,27.729355290281234],[-18.15524969128349,27.729453307281748],[-18.15521579839526,27.729272691858036],[-18.15478132115747,27.72937388836093],[-18.154699465431886,27.72924541960119],[-18.15449435279424,27.729324604020032],[-18.154718067625122,27.729651699814365],[-18.15464939705747,27.729695840539197],[-18.154456108988793,27.72954520008534],[-18.154611875124665,27.729811338984188],[-18.154484835040225,27.729891267396678],[-18.15403269200456,27.729864963416755],[-18.15392697138807,27.729794765675603],[-18.153755087292517,27.72951447164973],[-18.153474118383638,27.729539732660637],[-18.153396425969454,27.729654253013614],[-18.153215647080415,27.729698514924998],[-18.152682418617673,27.7302320240085],[-18.1524554198108,27.73060728530115],[-18.152361166793796,27.730896536586386],[-18.151914443493798,27.7318083476015],[-18.151805743359567,27.732250724372136],[-18.151828649904896,27.733296054174904],[-18.1518485216256,27.73340528249034],[-18.15191068196431,27.73346231377283],[-18.151849010319275,27.73353488664084],[-18.15189859582411,27.733609342370805],[-18.15185660141476,27.733773829859775],[-18.151968642433207,27.73399298304978],[-18.152116089416847,27.734512230965038],[-18.15216343922814,27.73497359893284],[-18.152342694466668,27.73541103258566],[-18.152302644005083,27.73574856675358],[-18.15219588634803,27.735955752024235],[-18.152434025429496,27.73616742869396],[-18.152349459913857,27.736275791590504],[-18.152147711543684,27.736394854554607],[-18.152069430825843,27.73679179935699],[-18.15211443784134,27.736932474792876],[-18.152064763590758,27.73762218288855],[-18.151984213659713,27.737862955635812],[-18.1519244058509,27.73896104292189],[-18.151733026399636,27.74020040486819],[-18.151775984054886,27.740449365212555],[-18.151683060686327,27.740566848139675],[-18.15161888806045,27.74113692274093],[-18.15143991608784,27.741948460720263],[-18.15140685056524,27.742275192014578],[-18.151447920700715,27.742486763080816],[-18.15126686842065,27.74346900388271],[-18.15129333827013,27.743990198431806],[-18.15140851007927,27.744753988373997],[-18.15179966113941,27.7453072746215],[-18.151755116662358,27.74568595139437],[-18.151616381691177,27.745856794420032],[-18.15167129026751,27.74607355173175],[-18.15161677407462,27.747358769662405],[-18.151671883678784,27.748092629808177],[-18.151773877423874,27.748426923910383],[-18.152077034085302,27.748705486708268],[-18.15227980920419,27.748536880299454],[-18.15239708531292,27.748528973333094],[-18.152437061622045,27.7485792939899],[-18.152420243117998,27.74865355015124],[-18.152490674369545,27.74866655544921],[-18.152474656259734,27.748810787285],[-18.152729899194107,27.748914825403507],[-18.15290553573248,27.749063884483515],[-18.153137298858027,27.749063827479034],[-18.153286979556913,27.749117868100065],[-18.153501008334313,27.749427505183622],[-18.153811677798828,27.749730786971185],[-18.1541035873742,27.749787803900464],[-18.15429744856092,27.749921832862977],[-18.154578000533675,27.74985923454027],[-18.154471188254675,27.75012099303796],[-18.154679591578088,27.750066716263895],[-18.15471505706131,27.750122280441985],[-18.154680469290312,27.75026233621255],[-18.154746767844596,27.750353456106353],[-18.155215852267187,27.750320917297323],[-18.1552616628088,27.75036957041215],[-18.155208151435136,27.750475692886276],[-18.15483050653491,27.750648476755085],[-18.154909050077194,27.750664993621495],[-18.15484353244323,27.750839940774547],[-18.155022801849054,27.750995227692936],[-18.155193602885827,27.751334892463742],[-18.155167978792736,27.751486920392033],[-18.154953389652153,27.751709919757257],[-18.15492824139588,27.751980367050407],[-18.154738692660207,27.752108447039245],[-18.15487988128191,27.752286160866475],[-18.154871854354365,27.75240504500022],[-18.154982669931115,27.75246826910426],[-18.155007358086806,27.752543832641177],[-18.154815070005533,27.752569961154276],[-18.154609617841647,27.752396330305125],[-18.154500194706724,27.752423542917956],[-18.154504881967323,27.752547368270392],[-18.154636848044305,27.752626796432473],[-18.154601893805584,27.75278228446478],[-18.15454969133828,27.752831912792598],[-18.154270248192663,27.752859399067813],[-18.154262738743142,27.75291540321574],[-18.154346561340127,27.75297076542453],[-18.154346453637668,27.753135740450993],[-18.154265676134326,27.753315996720772],[-18.15411639313247,27.753437654655094],[-18.154123895293548,27.753514963676704],[-18.154202818802702,27.75358324593714],[-18.154286959608076,27.75356175199254],[-18.15437739458541,27.75340698171365],[-18.154503479304562,27.753366851176338],[-18.154717409859003,27.753423121002776],[-18.155010559186298,27.75341381138691],[-18.15505953528212,27.75354050383038],[-18.15498680080812,27.753591863968285],[-18.15480002567148,27.75359125820772],[-18.15496978621198,27.75366630522033],[-18.15497237267472,27.75371378060711],[-18.154878833873774,27.75378554957015],[-18.1546620665512,27.75385941063549],[-18.154404351567198,27.753824795826198],[-18.154357479708377,27.753876467163956],[-18.154318657563632,27.75428450828955],[-18.154395096394538,27.75458646050436],[-18.154156990127728,27.75489775882434],[-18.1542337439043,27.75501028765972],[-18.154233788702026,27.755138368109186],[-18.15436603367611,27.755230868708022],[-18.154360657232242,27.755287004550915],[-18.15414047852488,27.755383312029647],[-18.153722415273133,27.755403318840727],[-18.153504101228023,27.75550806141868],[-18.153724169829992,27.755692634745525],[-18.15394297361805,27.755752492398365],[-18.153958616611035,27.755869483177857],[-18.153429146643912,27.755876247788027],[-18.153345531766423,27.755778938211606],[-18.153076812872172,27.755957079452525],[-18.153037541921766,27.75604032673905],[-18.153197600601114,27.75620426207529],[-18.153373330485966,27.756183835064668],[-18.153500817359635,27.756318748033756],[-18.15352044963044,27.756384234821695],[-18.153449300056288,27.756437903266054],[-18.153335554296206,27.75673021632803],[-18.153375769524608,27.756848450291482],[-18.153510228200016,27.75687000527172],[-18.153544968143468,27.75692143705922],[-18.153485462840095,27.75697456914407],[-18.153192377231374,27.7570391661629],[-18.153014945397675,27.756972500346947],[-18.152572058416787,27.756972234779457],[-18.152528920466224,27.757023369412664],[-18.15261947598113,27.757182036301334],[-18.152586941143074,27.7572633258113],[-18.15238785670956,27.757191200208776],[-18.152179866814034,27.75718295749867],[-18.152162568258344,27.757434013278008],[-18.1523280577821,27.757575276070327],[-18.15228732436295,27.758047401400358],[-18.152238867588665,27.75810046130212],[-18.152090489569815,27.75809554864496],[-18.15174861389466,27.757920426533037],[-18.151344850168233,27.757951465481188],[-18.151085031759607,27.757875852717973],[-18.15105084576663,27.757977293833772],[-18.151364621935905,27.758053479768993],[-18.151332818560007,27.75810390453021],[-18.15111428887563,27.75814163129671],[-18.151070302789705,27.758212628517303],[-18.151165469094646,27.758309675972377],[-18.15113170917599,27.758415346710727],[-18.150949339631634,27.75831812348853],[-18.150770820189273,27.758400216734916],[-18.150621197518763,27.758320466255725],[-18.15041769733907,27.758330879873274],[-18.1504475205044,27.75842986896629],[-18.15080001469214,27.758586441880787],[-18.150897781744078,27.7587455768592],[-18.15090375935271,27.759178121998694],[-18.151270274709535,27.75981747593648],[-18.151324358340673,27.75998067372029],[-18.151314438914714,27.76008327509613],[-18.15126113263937,27.760126433339284],[-18.150902511425414,27.76002132457421],[-18.15053582393972,27.75981925516333],[-18.150258016228115,27.759851387418895],[-18.15003067019715,27.75982256693675],[-18.149897575659907,27.759975150726177],[-18.14997403299448,27.76011258344206],[-18.149941393116553,27.7603064424516],[-18.149833749626538,27.760455559517204],[-18.14971802675437,27.760493195121047],[-18.14899467312425,27.760169367632034],[-18.148621504545694,27.75990060362767],[-18.147921771136513,27.759801727911153],[-18.147778958814627,27.759958500004146],[-18.14770083941503,27.75997453141254],[-18.147611145521058,27.75989494549882],[-18.147622286784745,27.759714926025364],[-18.147527157905163,27.759633208913034],[-18.14725119062761,27.759532069972096],[-18.146951567379897,27.75957777136628],[-18.1468869615126,27.75965113132894],[-18.146870347295874,27.759831275489056],[-18.146714662132823,27.760051659190466],[-18.146545192174088,27.7604237099041],[-18.146671841006313,27.760603567312458],[-18.146748230245773,27.76087260324428],[-18.1466634940121,27.761321016234724],[-18.14659739684783,27.76136374258879],[-18.14654897774607,27.761340762493624],[-18.14634513563558,27.76097667383936],[-18.14618786798685,27.76083918522731],[-18.146051280811523,27.76079313777144],[-18.14598169548224,27.760809785681676],[-18.14598863271859,27.760923999484987],[-18.145916455915014,27.761019720338787],[-18.1456986070218,27.760986256765776],[-18.14552393562341,27.761311611858115],[-18.145404373791596,27.761427353177833],[-18.145357607630277,27.76160628967614],[-18.14514516101572,27.761690140867692],[-18.14498937211657,27.76184368813066],[-18.14492262010488,27.761772056798083],[-18.144897330383767,27.76146045513466],[-18.14478826509412,27.761422980125282],[-18.144728697192804,27.76177728344769],[-18.144648510189576,27.761795525061718],[-18.14459628894684,27.761654470610942],[-18.144540655374673,27.761803662826264],[-18.14463923491279,27.761881966102788],[-18.144682601936065,27.762064172269124],[-18.144549818923476,27.762175072600687],[-18.144483130403447,27.762447547399844],[-18.144524097468604,27.762662640541798],[-18.14444283520024,27.76275279486343],[-18.144365538604028,27.762737597064024],[-18.144180155953386,27.762496927525362],[-18.144062826683037,27.76251412008144],[-18.143798438601497,27.76235038365636],[-18.143614825576606,27.76241445429138],[-18.143554445182673,27.762377493954034],[-18.143602245686118,27.762283772099156],[-18.14355119980438,27.762222335880054],[-18.143564063727748,27.762101988689395],[-18.143667093836314,27.762017743586235],[-18.14418508367688,27.761952646904604],[-18.143945632949592,27.761855631275424],[-18.143932157592783,27.761789010559763],[-18.144024502049923,27.76172458153087],[-18.14398492208189,27.761705728866723],[-18.143406399953182,27.76192599097588],[-18.143247754630867,27.762050828045318],[-18.14320424866634,27.76214580505177],[-18.143241000584208,27.762485919845524],[-18.143407010471304,27.762662990561843],[-18.143653019325825,27.76277997209672],[-18.143697653278288,27.76287934742354],[-18.14363028496532,27.76293788616809],[-18.143502014515647,27.762906078800125],[-18.143393469181543,27.7630030771516],[-18.143238417966867,27.762942654592305],[-18.14294163550792,27.762992342197307],[-18.142865567890674,27.762903513444144],[-18.1428805757601,27.762751908742462],[-18.142787311558678,27.762830248616805],[-18.14266163638244,27.76284284936462],[-18.14244866143791,27.762633382397752],[-18.141925351910057,27.762457131716598],[-18.141669860285468,27.76229589461234],[-18.14158041957543,27.76238028025811],[-18.14166733166126,27.762521900046913],[-18.14155831680207,27.762623778441593],[-18.141345757825444,27.762590999576066],[-18.141270982961515,27.76235304184238],[-18.14098744046405,27.762500019215768],[-18.140892093438858,27.76264001102274],[-18.14053522146277,27.762765203192945],[-18.1402864038853,27.76311505871244],[-18.140039520875426,27.763246408287717],[-18.13972874998904,27.763546979513755],[-18.13983646526615,27.763872764714744],[-18.139642007833327,27.76397956049644],[-18.139659966653614,27.7642446977282],[-18.13958472949297,27.76441417771805],[-18.139637047271908,27.764583464384646],[-18.139787352926987,27.764796344690403],[-18.13969732060094,27.76496967881003],[-18.139710105891655,27.76516412749716],[-18.139605934314638,27.765247674324357],[-18.139622480711285,27.765322433861634],[-18.13992130148834,27.765618709337865],[-18.140484058181933,27.76594632555208],[-18.140516227472666,27.766067182097697],[-18.140375205462945,27.766075168998835],[-18.140149906047235,27.76598035096308],[-18.139465072471687,27.765533018068197],[-18.13935349640636,27.76555296243963],[-18.139359767309617,27.76564419135365],[-18.139669324720092,27.765992989647902],[-18.140110310211057,27.766313904375444],[-18.14010778153151,27.76643058892837],[-18.139423912502156,27.766182844131862],[-18.13921887504003,27.765886149942197],[-18.13902391356787,27.765753117736267],[-18.13841805253754,27.765905250403307],[-18.138185936599058,27.766162720459892],[-18.137893245702156,27.766182268615616],[-18.137850318797096,27.766226990308454],[-18.137941814839188,27.76640116037126],[-18.1378785881064,27.76655115440591],[-18.137901232066138,27.766693515060396],[-18.13774451319,27.7667834859608],[-18.137728052767635,27.766941257022857],[-18.137839039351192,27.76695722643197],[-18.137899422573827,27.76709313737018],[-18.137864367105472,27.76717186564429],[-18.13781042707872,27.767179134397615],[-18.137536587443766,27.76699359231393],[-18.137323417872288,27.766936287441478],[-18.137081842484967,27.76705867232766],[-18.136880366676877,27.76694950735629],[-18.13664895952164,27.76691390256835],[-18.136589666975567,27.766692277179043],[-18.136672859536453,27.766555991455775],[-18.13654540252404,27.76647842838835],[-18.13645923027267,27.766691090049605],[-18.136519927715064,27.76683448108806],[-18.136437967915224,27.766897136371146],[-18.13643882414716,27.767050635604804],[-18.136387443563013,27.76709762343666],[-18.136234508059683,27.767089821297304],[-18.13621100589121,27.76723196737577],[-18.136035150544632,27.767280608836682],[-18.13595693172837,27.767463053407383],[-18.135725371499376,27.76763418673867],[-18.13580579821214,27.76773717202135],[-18.135797420382442,27.76793994920943],[-18.135731591172572,27.76797463701162],[-18.13534766346298,27.767970544702237],[-18.135444419843722,27.76823623934115],[-18.13561277867969,27.768339754066776],[-18.135644843786462,27.76848893685587],[-18.135502134087293,27.768515989277027],[-18.13505366614535,27.768262878701652],[-18.13484356080503,27.768337191129646],[-18.134810778521246,27.76875330183205],[-18.134851398799345,27.768868466035244],[-18.134931961882664,27.768926709989863],[-18.135005832046236,27.768868298055924],[-18.135225342586498,27.768941517841096],[-18.135262571991277,27.769040974035008],[-18.134893602868132,27.76904943957396],[-18.134581599694812,27.769177297597665],[-18.13456782853276,27.76945019169752],[-18.134383635955334,27.76955124577151],[-18.134282789220887,27.769747462402524],[-18.133971205151624,27.769833457308657],[-18.133894959551004,27.769939908568066],[-18.133762872061546,27.769863620726287],[-18.133708009924028,27.76989183507761],[-18.133712588619364,27.769994918951603],[-18.133907633673136,27.77008835926604],[-18.133833722258373,27.770258528290572],[-18.133457645296485,27.770312792258576],[-18.133251682321923,27.770418578245362],[-18.133146702888574,27.770587467421564],[-18.13299084075278,27.770552037219176],[-18.13282314110959,27.770294714887363],[-18.132671332343197,27.770181350485704],[-18.13231310673865,27.77032775076803],[-18.132235300067812,27.7704824029764],[-18.132383933437698,27.770856425228367],[-18.132370226011112,27.770908871231693],[-18.132299140477276,27.770923021162737],[-18.13233118384135,27.771057412740934],[-18.13241343744031,27.771093250410882],[-18.13245403816445,27.77117594414437],[-18.132320106996136,27.771233462114715],[-18.13227968732417,27.77130211840948],[-18.13214381772152,27.77130970985252],[-18.13193401043485,27.771132897033095],[-18.13187580944389,27.771232173182405],[-18.131806723160956,27.77123824981069],[-18.131748969843457,27.771080718701278],[-18.13156489756172,27.771143702517985],[-18.13142602169599,27.77104285177792],[-18.13138754406082,27.771133292013282],[-18.131294313351606,27.771167336379865],[-18.131261264245985,27.770888107367387],[-18.13114391008451,27.770858837520922],[-18.130927472552337,27.77090000445315],[-18.130907083792618,27.77063789672701],[-18.130670382979183,27.77058057403756],[-18.130386138033217,27.770293689082102],[-18.13032425957368,27.770303570331382],[-18.13027145545197,27.770382428714708],[-18.130358759528242,27.770431773303013],[-18.13034222115644,27.770718169990893],[-18.130549840814187,27.7708753715986],[-18.130533166690704,27.77105082628347],[-18.130430507656385,27.771162835540817],[-18.130195370005346,27.771149493895003],[-18.13006225655714,27.77120374402933],[-18.12983715141618,27.770977755106465],[-18.12960545086602,27.77085780917411],[-18.129361449869318,27.770903206251067],[-18.129163188186737,27.77102315359998],[-18.129086271632495,27.770801833413135],[-18.12892246533535,27.770704972395084],[-18.12881736325933,27.770784834720565],[-18.128726578317565,27.770744948717947],[-18.12850017463863,27.770852453764917],[-18.12853225800841,27.77109111603577],[-18.1284644252222,27.77113035595372],[-18.12820411945759,27.770772748869497],[-18.128143911759352,27.77047970186874],[-18.12802623726189,27.770329388989186],[-18.12781523727534,27.770436544026094],[-18.12757062466386,27.77046057451362],[-18.127371388820418,27.77063511205189],[-18.127145789880903,27.77059006951322],[-18.127036706109692,27.770357209131134],[-18.12704951031137,27.770262480432198],[-18.126871950788153,27.770138507581997],[-18.126540059932978,27.770050229499343],[-18.126133994358465,27.7701410518877],[-18.125983302870214,27.77000979489622],[-18.12573864610355,27.769894013893648],[-18.12538667377667,27.769872935042248],[-18.12515372292146,27.769623933958396],[-18.125062002068102,27.769299487080936],[-18.124765233685668,27.76918398129634],[-18.124690615638894,27.769202266191993],[-18.124629793929735,27.769114344659524],[-18.124428656840234,27.76907352456752],[-18.1243975673405,27.76927005111141],[-18.124271340856104,27.76929211904745],[-18.124184497590438,27.769209115511867],[-18.124290845641987,27.769034428674928],[-18.12422137635862,27.768970334839015],[-18.12401535564416,27.76893602875744],[-18.123460073689817,27.769028594601007],[-18.123351435583956,27.768967099885437],[-18.123111161139246,27.76909673816446],[-18.122998290567235,27.768897784437133],[-18.122998620273552,27.768689325638732],[-18.12273426355174,27.768643347884947],[-18.122324851898426,27.768744787937198],[-18.12223660734331,27.768885960904406],[-18.12214773886438,27.76889527601407],[-18.122053265794353,27.76897462250504],[-18.122004444779254,27.76894108940825],[-18.122043822256668,27.768775404491862],[-18.121793514784223,27.768841405953683],[-18.121756235245748,27.768931456063445],[-18.121825739551053,27.76927724405091],[-18.121754221239286,27.76934371415435],[-18.121589543084287,27.76932254112727],[-18.121540477736275,27.76920945725798],[-18.121408983425574,27.769182031820783],[-18.121376732331775,27.768961771418688],[-18.12146506803649,27.76883439742929],[-18.1214788027935,27.768647824628555],[-18.121269280008846,27.768703883410375],[-18.12121533024363,27.76860083173322],[-18.121321854875145,27.768542229975615],[-18.121319311210264,27.768492226619262],[-18.12119655185413,27.768422660649698],[-18.121304223424453,27.76829061042649],[-18.121429434416957,27.768275603770377],[-18.121440896967684,27.768222487687563],[-18.121369782818302,27.76814688388753],[-18.121261695663797,27.768200469786834],[-18.12115620658654,27.768117795311706],[-18.121081208974342,27.767551141562326],[-18.121268033379785,27.767335942615514],[-18.121111285384398,27.76729763206957],[-18.121127127569213,27.767220333708625],[-18.121310113558962,27.76712284191764],[-18.121452825569424,27.767188078371767],[-18.121495045527993,27.767054440432396],[-18.121419420005708,27.76613917910397],[-18.12134472480259,27.76609080624083],[-18.121329177410466,27.765851767479738],[-18.12128192798251,27.765816394511003],[-18.121356567921968,27.765749222808214],[-18.12137160286835,27.765657871513373],[-18.121218739520952,27.765560211924743],[-18.121242003878102,27.76544810913626],[-18.12120826794676,27.765395924210324],[-18.121034025962846,27.76532725059085],[-18.121079168574273,27.765185879748405],[-18.121024497355144,27.765107198082948],[-18.121107738212757,27.765018094048795],[-18.12100945984627,27.764985407381726],[-18.121032160240883,27.764903263680125],[-18.12094825457554,27.7648661030183],[-18.120963020787407,27.764751125480192],[-18.12080241852029,27.764577691969983],[-18.120686913641897,27.764545394244998],[-18.120665305984364,27.764459831820908],[-18.12058186402683,27.764438896392008],[-18.120602534729915,27.764235930883004],[-18.12047897336261,27.764173598035594],[-18.120489335034964,27.7640712577896],[-18.120421261192565,27.764073607411852],[-18.12040412095017,27.763995340388387],[-18.1202428361529,27.763826341302643],[-18.12009771934757,27.763793900121417],[-18.120062249800803,27.763645420594464],[-18.119887781717008,27.763469232213854],[-18.11980638169127,27.763544673762198],[-18.11965608806356,27.763572422099628],[-18.11964751217505,27.76351353488524],[-18.119740835617556,27.763365574065467],[-18.119651111028933,27.76330211537707],[-18.118746173314626,27.762024573316303],[-18.11831311533887,27.76178693141481],[-18.11755253325884,27.761591587409242],[-18.117133677356993,27.761375359214004],[-18.116644407647097,27.760969043265185],[-18.11643039824508,27.76064680612673],[-18.116194858716874,27.760454942295713],[-18.116033552791695,27.760380828448376],[-18.115145002460665,27.7601777131202],[-18.11451626439657,27.75968740037947],[-18.113896680867782,27.75939369481367],[-18.11363895296165,27.7593196767194],[-18.113493016907977,27.759628473831285],[-18.11332770067762,27.75983713438799],[-18.113273224532165,27.75979705039609],[-18.11325808452884,27.75956449470607],[-18.11334348565674,27.759330394809204],[-18.113297768838738,27.75927387737246],[-18.113018770975536,27.75927899199121],[-18.11272965697906,27.75940601407513],[-18.112504506930147,27.759329455761044],[-18.112425415949208,27.759443356570035],[-18.11235006027633,27.7594640865465],[-18.112352831339244,27.75926224618996],[-18.112264255722216,27.75919614051448],[-18.11197377204909,27.759096969667254],[-18.111794023191297,27.759276007144603],[-18.11159779934623,27.7591576643988],[-18.11147702006399,27.759032390536294],[-18.1113390570326,27.758705905908958],[-18.111276487233223,27.758655720493195],[-18.110716651942493,27.758608344213872],[-18.110679573802773,27.758851817963507],[-18.110546279723646,27.758896040806412],[-18.110508763217595,27.758849710745523],[-18.110532614739046,27.758626018096944],[-18.110490330404527,27.7586152441053],[-18.1104485720846,27.75875482221442],[-18.110361771245728,27.758761737533735],[-18.110153579497023,27.758436471822286],[-18.110187349347655,27.758329726154127],[-18.110359317544937,27.75817296495319],[-18.110288786013943,27.75809238037433],[-18.110060569842357,27.758193040325192],[-18.10984151679095,27.758466137157917],[-18.10957882856336,27.75843145998721],[-18.109478977487047,27.758546367737896],[-18.109408072678455,27.758559599490518],[-18.109333410244815,27.75839792702255],[-18.109367076127686,27.7581983676462],[-18.10932371744993,27.758103460491622],[-18.108889355863603,27.757964946315198],[-18.107854601940755,27.757803858110663],[-18.10761196835875,27.75759355657191],[-18.10699805809861,27.757320075798223],[-18.106631481540315,27.757058349158527],[-18.106230296993406,27.75690248319137],[-18.10568258919813,27.75642500731369],[-18.10453944917585,27.75557421984714],[-18.10408231837569,27.755408148739306],[-18.10355529472206,27.75508011219071],[-18.103021807502213,27.754827897006727],[-18.102719061914307,27.75474972696845],[-18.102066754405453,27.75471223816477],[-18.10182584617764,27.754608594099462],[-18.101716692019316,27.75448151625725],[-18.101563658058545,27.75402637079783],[-18.101038440464322,27.75357561004733],[-18.100975418376386,27.75340194466801],[-18.10101842967456,27.75328471045143],[-18.101308869773977,27.752993517760448],[-18.101314090225635,27.752805782853226],[-18.10121125153547,27.75267964510145],[-18.101254964518116,27.75258287969505],[-18.10190641767851,27.752076688886124],[-18.102333762183388,27.751372088402846],[-18.10252936963409,27.750424529899],[-18.102456378596003,27.75035942918882],[-18.102448073806777,27.750232152901113],[-18.102168372645725,27.750040874776865],[-18.101989581243757,27.74962393937009],[-18.101498151170617,27.749173322550625],[-18.10135591860356,27.748826986536223],[-18.100972519276723,27.748463873087882],[-18.100369413223113,27.748300882776146],[-18.100262431932112,27.748157157506906],[-18.100225374241315,27.748026566156845],[-18.100238207451213,27.74752070201998],[-18.100447208269347,27.74698647035028],[-18.100377170346185,27.746729616046355],[-18.10039399608904,27.746631460737436],[-18.10072830396024,27.746386496975358],[-18.100754317302265,27.7461650382935],[-18.100696971418973,27.746130605443767],[-18.10047488529658,27.746228856108342],[-18.09965047696025,27.74615913354503],[-18.09950132505587,27.74607272896628],[-18.099356466549843,27.745844431961434],[-18.099234924326616,27.74583074124055],[-18.098982924872427,27.745918114673454],[-18.0983435347088,27.745529433290077],[-18.097351289985284,27.745543828557764],[-18.097129818618512,27.7454517960651],[-18.096949362001812,27.745567448970817],[-18.09641942839065,27.74547081185793],[-18.09585408087246,27.745534261257323],[-18.09524042388108,27.74553862620844],[-18.095028530264834,27.74546336350799],[-18.094756180737985,27.74521946000815],[-18.09449109033083,27.74511637106876],[-18.09468609615411,27.745701009315777],[-18.094798827532127,27.745873087278206],[-18.094849009429122,27.74625208939542],[-18.094830528709252,27.74643060555796],[-18.094563508159688,27.746678153163863],[-18.09448636794632,27.746863214553926],[-18.094372347745665,27.7469771121462],[-18.09431297085585,27.74710737534364],[-18.094356960593156,27.747275761161223],[-18.093780975035816,27.747817678854354],[-18.092915068784748,27.748008985997895],[-18.092316090496865,27.74807046843216],[-18.09196675309553,27.748337343629128],[-18.091441992833445,27.748499450042676],[-18.090708616829062,27.748429802876956],[-18.090158145682405,27.748460695326393],[-18.089889158379982,27.748420978147962],[-18.089420738076843,27.748169326024925],[-18.08895178424933,27.74778382510816],[-18.088732494543482,27.747665691953202],[-18.087713039152572,27.74742102714193],[-18.086906132031586,27.747299873387405],[-18.085957597649816,27.74702447574469],[-18.0856584800747,27.747019879868375],[-18.085048944404274,27.74724988267466],[-18.08476813424152,27.747261743904204],[-18.08445311630887,27.74736565222143],[-18.084276836398473,27.747359574369664],[-18.083431330610562,27.74696243230873],[-18.082668816132642,27.746872915758072],[-18.082235505813465,27.746697126122267],[-18.081900953217286,27.746622323520945],[-18.081500276254605,27.746417209673705],[-18.08071089384934,27.74614390840737],[-18.08049448568797,27.746116891285265],[-18.080075889832035,27.74627622741036],[-18.079377048251636,27.74670158900277],[-18.078767043954002,27.746749727930133],[-18.078535820726874,27.74682316204621],[-18.078238302712432,27.746987101912303],[-18.07782614997808,27.74730720845414],[-18.07710211220722,27.7474609809428],[-18.075907615081704,27.74809355167435],[-18.075596509429882,27.748131505722068],[-18.07514800807297,27.74803549961976],[-18.074971219994598,27.748047461626566],[-18.07443058008649,27.74827327008996],[-18.07394151126772,27.74826701174802],[-18.073208282130288,27.748454975138447],[-18.072251980909734,27.74858827073458],[-18.071466103623763,27.748840447057095],[-18.070944628484195,27.748900656007486],[-18.070618932804557,27.749000531485375],[-18.0701109215359,27.74925148679647],[-18.069320944716818,27.749307371858528],[-18.069017505448354,27.74939114432412],[-18.068470544310667,27.74967786730277],[-18.06723918121903,27.75010498274094],[-18.06669295621127,27.75038933751108],[-18.064930834668683,27.75082144634096],[-18.064197710285782,27.75088776811468],[-18.063242254305933,27.751164767320752],[-18.061534636920545,27.75103492546533],[-18.061219572458157,27.75105516555989],[-18.06016634785768,27.750726432980663],[-18.059862322981346,27.750688244608522],[-18.059162484214717,27.750839134549462],[-18.058856289786743,27.750980766363217],[-18.05849272290504,27.751043206447488],[-18.057934993913033,27.75107674789233],[-18.05650472391684,27.751028111918377],[-18.05550523094117,27.751094326149772],[-18.055281440842517,27.751144466276408],[-18.05481121824395,27.751363412090704],[-18.05422639860638,27.751476284901464],[-18.05391212865799,27.751434340908222],[-18.053612836261006,27.751246116505516],[-18.053322133176636,27.75115124227238],[-18.051159386163874,27.751072820667073],[-18.049469028923184,27.75123091743797],[-18.04906447424729,27.75144911670823],[-18.048758732935795,27.751541843315294],[-18.048667437181724,27.749752113048896],[-18.048216133519013,27.749761455710832],[-18.04784399808788,27.749884042101584],[-18.047662939358403,27.749994114729827],[-18.047505735741197,27.74999604832517],[-18.047374856547904,27.749872920440176],[-18.047172135185768,27.749922402427465],[-18.0469121563208,27.74979093561832],[-18.04666683429282,27.749756113886196],[-18.04650137960832,27.74964745833464],[-18.04623302355449,27.74967385058549],[-18.046165771389404,27.749585400207685],[-18.045989914986702,27.749561945013163],[-18.045944215279704,27.749504680873333],[-18.0459644564551,27.749299472696624],[-18.045890248506105,27.74924157406792],[-18.045575619450027,27.749277464059457],[-18.045352770301697,27.749372398537933],[-18.045246610113722,27.749368604216752],[-18.04509548631956,27.74926477264606],[-18.044917037385265,27.749315700916956],[-18.044679148751385,27.74931111036008],[-18.044241317346586,27.748672643482426],[-18.04396755020772,27.748508189329435],[-18.0428021678568,27.748475132315324],[-18.042666032646817,27.748428878601292],[-18.042492983707625,27.748455239620526],[-18.04215928341005,27.74831212643095],[-18.042075885024875,27.74843041537282],[-18.04198746114872,27.7484591523955],[-18.041515239175126,27.748326122720112],[-18.0412223352927,27.748377580803577],[-18.041026603840407,27.748361231573185],[-18.040981504335292,27.748391089240148],[-18.040932412808484,27.748598285162835],[-18.04081690898345,27.74871060484526],[-18.040349414840193,27.749108767515715],[-18.04014585819186,27.749204893011594],[-18.039631704324044,27.749237672052235],[-18.039473580502925,27.74932323562402],[-18.039262886131766,27.749282948249625],[-18.038934034031247,27.74913548094645],[-18.03879050258139,27.749144139761707],[-18.037860888950743,27.749514209528332],[-18.037536651790322,27.749463516390556],[-18.03747219938263,27.74956325541728],[-18.03727608919792,27.749620966708985],[-18.037168606363736,27.749715607734135],[-18.03680889281792,27.749720085615024],[-18.036651177642337,27.749831435463886],[-18.03600509992158,27.749918696870665],[-18.0356286433173,27.749835049422153],[-18.03544533910905,27.74973317655873],[-18.03517826780251,27.74975122043893],[-18.034438722277166,27.750124129085957],[-18.033929167681507,27.750067123311364],[-18.033868072159105,27.7502185643047],[-18.033710571440828,27.75012577439582],[-18.033637244038836,27.75023833526157],[-18.033414552422737,27.750182245968492],[-18.033223469776356,27.75030803562865],[-18.032882815839447,27.750360073608313],[-18.032621743656343,27.750356873199447],[-18.032453842950876,27.750261964736602],[-18.032296369375924,27.75030177268246],[-18.03209003774656,27.750272563876695],[-18.031944397780887,27.750369842450773],[-18.031836088758286,27.750383674786168],[-18.031773452610405,27.750461361793544],[-18.03118339186448,27.75049216699146],[-18.030989952351966,27.750657424675982],[-18.030867702633913,27.750559708802133],[-18.03069464072343,27.750593181767222],[-18.030419366378407,27.750525711469606],[-18.030440203817477,27.750379385189383],[-18.03034551897232,27.75028846104142],[-18.029733703619158,27.75017080977951],[-18.029351223872133,27.750297904073275],[-18.027986036405558,27.75013893768972],[-18.02737505673363,27.7499011953733],[-18.02685599451871,27.749540833519514],[-18.026499529162866,27.749567493813245],[-18.026040768873038,27.749348962422253],[-18.02573570888423,27.749338954459617],[-18.02543280465376,27.749150293696587],[-18.02536214773225,27.74902979390077],[-18.02536877118669,27.748928349226198],[-18.025500340603713,27.74885005775771],[-18.025568995055206,27.74885784569599],[-18.025743037671955,27.74901378720147],[-18.02593826539033,27.749037566016522],[-18.027673748169352,27.748886256346385],[-18.028729806226178,27.748661778377087],[-18.029139769934826,27.748414292266755],[-18.029875521366183,27.748109057848417],[-18.029961998321987,27.74799161008765],[-18.029937829413566,27.747876768699328],[-18.0298083353031,27.747857778416595],[-18.0294485908407,27.748055004065744],[-18.028153891374064,27.748130196523125],[-18.027964509760743,27.748105120028576],[-18.02782434067478,27.748055782485437],[-18.027201571138878,27.74763337787845],[-18.02646058696061,27.747559132450018],[-18.026083585366287,27.747447957564614],[-18.025720164136768,27.7472229167849],[-18.02529540637282,27.747162938938526],[-18.025036424556085,27.746945442137267],[-18.024622375440032,27.746722679090794],[-18.02461647090139,27.746637474796326],[-18.02473980241571,27.746617005176425],[-18.025287674461538,27.746912700412725],[-18.025465549085617,27.746906731692587],[-18.025951497849743,27.74674508983513],[-18.026339323925928,27.746884803425008],[-18.026770665717077,27.746871297648553],[-18.0269909833834,27.74682362495885],[-18.0276268902281,27.74652302519383],[-18.02849118380209,27.746451768979952],[-18.029288210345133,27.74605670501985],[-18.029871678560273,27.746118152427208],[-18.02992617272001,27.74606499999137],[-18.029898540198186,27.74593489974855],[-18.02926918070269,27.745772256787355],[-18.028770982082786,27.745908560261835],[-18.028499915498458,27.74591386925977],[-18.027889199186173,27.74575072111365],[-18.027660540131194,27.745636119654527],[-18.027319333849736,27.745557900084453],[-18.026507268743323,27.745255640681457],[-18.026062378676308,27.74501371212244],[-18.02577775841017,27.744939481402643],[-18.025738094804286,27.744771928898412],[-18.02414871171707,27.74449010761612],[-18.023583205174056,27.74449490353973],[-18.02212104765029,27.74475726719459],[-18.020715552439214,27.744354830944737],[-18.020346859744198,27.74431634321696],[-18.01749645718831,27.744779477476072],[-18.017035430825164,27.744793601828505],[-18.01648441953048,27.74461457535938],[-18.01620910288413,27.744686343650685],[-18.016000233321716,27.744799959763228],[-18.015083198471938,27.745536377411455],[-18.01419187250482,27.745962554883565],[-18.0140328494133,27.746111794542678],[-18.013689766134178,27.746682877907574],[-18.013450971505065,27.74689555683546],[-18.01264714676061,27.747223027091664],[-18.011737343890942,27.74735092340737],[-18.011517625035417,27.74742805618005],[-18.010946910934837,27.747929494263754],[-18.0106395482835,27.748112000658416],[-18.009457697025013,27.748681951456483],[-18.006732939346588,27.749886149615175],[-18.0061996109745,27.750243961261223],[-18.005833584669045,27.750554021498477],[-18.004779926163216,27.752267387154237],[-18.004529538110635,27.752586927137255],[-18.00351254193627,27.75336973972341],[-18.0028373837754,27.7540857798754],[-18.00082768098696,27.752455133895364],[-18.000192479203537,27.75251473343701],[-17.99972784420819,27.752783170015917],[-17.999352014757196,27.752844008524104],[-17.998601110078898,27.752793553616726],[-17.998132250720733,27.752837825247283],[-17.997387521128186,27.752657513767673],[-17.996980817265037,27.75272027846119],[-17.99649972429696,27.752961999849642],[-17.996154012823077,27.753041570890336],[-17.996010868682333,27.753179532402896],[-17.99559254175227,27.753380740564683],[-17.99549435390561,27.753479389468904],[-17.99532292835421,27.753506649379354],[-17.99530167270763,27.753585769679795],[-17.99537263356981,27.753670287831284],[-17.99528197573818,27.753792136696127],[-17.995063745748233,27.75376538530423],[-17.994786383868643,27.753438086200497],[-17.994344965809876,27.75342934077809],[-17.994157996840904,27.753162954911698],[-17.994113773052547,27.753399440906268],[-17.99422468671483,27.753487784688776],[-17.99447122456943,27.753852196208143],[-17.994689797216164,27.75431060345584],[-17.994515247684454,27.754426755916658],[-17.994327843516096,27.75510366319477],[-17.994329766470482,27.755396069104428],[-17.99418933448032,27.755503661030275],[-17.99407447515774,27.75572309526532],[-17.993734840884255,27.755921330337156],[-17.993487063232575,27.756304391065065],[-17.99326481308106,27.75653841940047],[-17.99319519948422,27.756551293449633],[-17.993085147735272,27.756476010189],[-17.992860711628033,27.756489441481193],[-17.99246754253834,27.75674358832842],[-17.992300723619948,27.75705056402838],[-17.991995629901993,27.757232892524762],[-17.99203375810898,27.75733670580925],[-17.99199652968459,27.757602988280592],[-17.992083623158837,27.757847184168376],[-17.992097267259602,27.75817902716249],[-17.9920009957742,27.758407258465446],[-17.992049159647813,27.758466473028435],[-17.99204054074299,27.75870363082375],[-17.991826676337798,27.75890346796412],[-17.99193883567385,27.759029763072597],[-17.99190626761259,27.759551588371323],[-17.991325511734775,27.759813944345503],[-17.990996107930574,27.76017549559982],[-17.990573719545914,27.760199884286344],[-17.990372577673966,27.76016066862886],[-17.990380825799182,27.760239781220136],[-17.990483184832836,27.760359975219025],[-17.990516813537095,27.760670007117838],[-17.99059799640495,27.76064623951049],[-17.990842301883166,27.760888025151477],[-17.990824459236862,27.761069815741575],[-17.991052166559115,27.761208944980368],[-17.99102399109683,27.76136516036441],[-17.990658351330158,27.76186650308404],[-17.990450743386553,27.76196914138201],[-17.990272224906118,27.76197489989449],[-17.990116634869718,27.76209598648114],[-17.990000809476346,27.76206186971609],[-17.9898764790404,27.76216541095504],[-17.989520912859366,27.762163995003572],[-17.98964259744367,27.76236044650856],[-17.989808391957734,27.762493791275485],[-17.990017908607985,27.762557272094345],[-17.99004862013707,27.76272357877419],[-17.990206411822278,27.76285718641677],[-17.990347777799027,27.762727657594315],[-17.990415331128112,27.76315828217865],[-17.990392185922108,27.76333531638946],[-17.990315433302314,27.763395070497523],[-17.990088924730028,27.763385179584787],[-17.989711344719655,27.763606057518604],[-17.98889682979309,27.763627742112494],[-17.98895210947103,27.76370980628521],[-17.989213388886323,27.76384532536513],[-17.9892665226847,27.764004652220684],[-17.988832729320965,27.764209605183265],[-17.98852467220289,27.76428446575511],[-17.98848571238882,27.76432084980098],[-17.98852686237168,27.764409083206868],[-17.98810006700292,27.764395313197095],[-17.98770098829207,27.764675826279245],[-17.987425811622423,27.764733104814674],[-17.987275158865582,27.76468259987835],[-17.98715152047035,27.764292155019866],[-17.98639867608367,27.7640473755546],[-17.98613325939536,27.76402758476882],[-17.985505385928015,27.764140472692002],[-17.985285734084677,27.764047526205005],[-17.984810807598958,27.764049940660477],[-17.984521039631836,27.764100221949892],[-17.983592135361118,27.764040364619266],[-17.983307524695956,27.763960093617122],[-17.982968418578754,27.763728595088416],[-17.981767205414066,27.763677166811238],[-17.9814456733452,27.76343474885388],[-17.981020341106788,27.763293048371604],[-17.98105751702087,27.763217194378964],[-17.9810030777822,27.762693457682502],[-17.981044392681902,27.76236033574236],[-17.980797873793527,27.76223386335681],[-17.980648026106557,27.762000665270634],[-17.979969468304297,27.761213818780295],[-17.979904262077515,27.760886332238336],[-17.979671851774043,27.76077162371533],[-17.979458766842473,27.76037723539955],[-17.979018343821345,27.759807756038914],[-17.979025268643465,27.7596906114047],[-17.979258990669614,27.75931477811886],[-17.979683288720295,27.75892134794614],[-17.979636371708764,27.758010912571446],[-17.979794653698473,27.757813464629574],[-17.979903600037577,27.75738335537957],[-17.98012573231715,27.757069426438537],[-17.980236455735685,27.756812475276604],[-17.980188780866175,27.756294725643844],[-17.980219766741122,27.756170384096823],[-17.980447587123614,27.75566347047115],[-17.980844913857887,27.755261788172337],[-17.981243812542523,27.755129129980418],[-17.981966018968375,27.75468886243788],[-17.982048982742633,27.75450997855705],[-17.98202898023099,27.754264687736676],[-17.982161087273713,27.753605241547255],[-17.982363283150068,27.75347170189401],[-17.982508809555235,27.752970530824204],[-17.983039365985665,27.752269630078732],[-17.983503569492648,27.751939194863553],[-17.983708447384178,27.75154733451162],[-17.983998332585205,27.75139476009826],[-17.983939150238438,27.751020598874412],[-17.984194747817334,27.750830336583384],[-17.984490574926042,27.750439900556223],[-17.984959871910153,27.750314449785584],[-17.985430707648543,27.749799643004014],[-17.985842621230958,27.749500639805568],[-17.98602358259016,27.74929538911951],[-17.986376783710938,27.749193130291385],[-17.986655855920223,27.748767459283265],[-17.986776753924385,27.748538608878686],[-17.986777188150313,27.748409694641264],[-17.98675749394669,27.74819344466547],[-17.98652467721094,27.74767654229484],[-17.9865205040267,27.74744570420979],[-17.98664311767118,27.74713860797339],[-17.986626023183387,27.74696258789784],[-17.986737843186564,27.74676866627787],[-17.986852394546975,27.746672857522633],[-17.987284736010885,27.746496786423844],[-17.987454807566,27.746101651357023],[-17.987430723636255,27.74597379934263],[-17.987315410205447,27.74589835367672],[-17.986727560968877,27.745672652666265],[-17.98606847739831,27.74534926108826],[-17.986778078250378,27.741709417062488],[-17.987240473295138,27.74082081404771],[-17.9879329726902,27.740116669240873],[-17.98965675707704,27.738752461050034],[-17.99040690676861,27.738458335796825],[-17.982657530348234,27.731584300430463],[-17.98254818080665,27.731589365729587],[-17.98216091321605,27.731812411884754],[-17.981914378545834,27.73187997226061],[-17.981740693822537,27.732091193844152],[-17.981444419350403,27.73226807429174],[-17.98140551261953,27.732328449792362],[-17.98143367261602,27.732394595487566],[-17.981680189288408,27.73258683165048],[-17.981604107550588,27.732696720614264],[-17.981069883736552,27.732996000857124],[-17.98096577542904,27.733119122810763],[-17.980794010358906,27.733214837343574],[-17.980685074464642,27.73338406865199],[-17.980398821860398,27.73359410754667],[-17.980050323717933,27.733640409293475],[-17.97994715320858,27.733760804149334],[-17.979853810188875,27.734055988291438],[-17.97961355500201,27.734205497738703],[-17.97898789101092,27.734460735953352],[-17.978636485047108,27.734698335487554],[-17.97839771812539,27.73467912408877],[-17.978033413410543,27.734778081512196],[-17.97765557405295,27.734714957138056],[-17.97759385864838,27.734756879557143],[-17.977597283119724,27.73480822372617],[-17.977166987614265,27.73465632765022],[-17.977208319051098,27.734261963981528],[-17.977074886303775,27.734091026850894],[-17.9766801254563,27.73377129151169],[-17.97644136867128,27.73377175952663],[-17.975414483354246,27.733948912760507],[-17.97534456587158,27.73374805619878],[-17.975657360424023,27.733545835392153],[-17.975791922654402,27.732899407253132],[-17.976054460571813,27.73257815340895],[-17.976193978866625,27.732489453299127],[-17.97625752383302,27.732328418938746],[-17.97621052478622,27.732203140965456],[-17.97608377809877,27.732090404552512],[-17.975400825930105,27.73172984351635],[-17.975335459835502,27.731637434986954],[-17.975332389130443,27.73144987044869],[-17.975446586434423,27.731212874471304],[-17.976664515633935,27.72999682695608],[-17.976928288583096,27.729519365184505],[-17.976967783348265,27.729033201257625],[-17.977049390864412,27.728865463244784],[-17.977735072935236,27.728395152169618],[-17.977860121749863,27.728221967813337],[-17.977873959877186,27.727985327574313],[-17.977665187779717,27.72735386484953],[-17.97782516822972,27.72675054316016],[-17.978302162394847,27.725764230289446],[-17.978611902469446,27.72530020905789],[-17.978767432721856,27.724794405963255],[-17.97917888197817,27.724417497431855],[-17.979324667527255,27.724187034924075],[-17.97933114363081,27.72405248708482],[-17.979272044788484,27.723892290050657],[-17.978514903424205,27.722964134342973],[-17.978452546490583,27.7227958883893],[-17.978511810708905,27.72262682690877],[-17.978873798682713,27.72218332975893],[-17.979054574583266,27.72145056320604],[-17.979384918693842,27.720812899700213],[-17.9795975532241,27.720506125083652],[-17.980742321231606,27.71936379133432],[-17.98126565849326,27.71907647723919],[-17.982453376946083,27.718693648570042],[-17.982607706854434,27.71855410788868],[-17.982715787544688,27.718339159394013],[-17.9827288895141,27.718202393906004],[-17.982678431185107,27.718080349875887],[-17.98225316989183,27.71762486562264],[-17.981862851578484,27.716996962768835],[-17.98181412982558,27.71684556364623],[-17.982340916500114,27.715978141828955],[-17.982384866898183,27.715730929375813],[-17.982307177461802,27.715222935915886],[-17.982327513711287,27.715076362284435],[-17.983005757016876,27.71415064637441],[-17.98309286593029,27.71392505464686],[-17.983069752586136,27.713709056751338],[-17.982698870619096,27.712446942845894],[-17.98283370684202,27.71236979482568],[-17.98323800172307,27.712309206409987],[-17.983927026802753,27.71210021834927],[-17.984915412365087,27.711472702433678],[-17.985809368906192,27.71076513032086],[-17.98583032922354,27.710381299220458],[-17.986316376203522,27.710103794498636],[-17.98643768194734,27.70979447265182],[-17.986793520611442,27.70935109110268],[-17.987584051145017,27.708828861726822],[-17.988015185259037,27.708396480101776],[-17.988361916288934,27.707991178585168],[-17.988615871370477,27.707603215916],[-17.988776846211177,27.707254787791623],[-17.98885029682062,27.706908070224596],[-17.989083708992684,27.7067540145073],[-17.990390277047815,27.700414616121765],[-17.990040201191523,27.696407977037442],[-17.988967114362726,27.692385876437353],[-17.988785225951407,27.691884647118314],[-17.988832355313143,27.69138298158506],[-17.98879188195556,27.690939136286023],[-17.9885735998335,27.69051536821694],[-17.98866373200677,27.690215739267135],[-17.988589744779883,27.689397357234235],[-17.98856394640392,27.688116075478593],[-17.988721836579124,27.687290881678088],[-17.988840902744144,27.68708624707833],[-17.98931029697707,27.68661064211405],[-17.989441752751386,27.68611707771989],[-17.989542114845573,27.6859326921381],[-17.989808484341697,27.685630157820867],[-17.990014406600647,27.685526481809436],[-17.990015606537334,27.68542181602064],[-17.990116817313865,27.68534295369399],[-17.990108539398914,27.685002150907795],[-17.99066426636405,27.684902282389398],[-17.991712840739137,27.68437753012582],[-17.992332092399057,27.684344297858072],[-17.993191692716067,27.684206637921534],[-17.9940928099562,27.683845264329406],[-17.994730458266964,27.683298348117123],[-17.995102423491794,27.682484754866167],[-17.995851796149186,27.68172523527605],[-17.99624493194834,27.68161298816641],[-17.996891939086705,27.681581442797082],[-17.997806533315345,27.674812767422985],[-17.997668850071335,27.674516981081595],[-17.99746988111509,27.674357678317335],[-17.997137325955528,27.673737762415684],[-17.996962054444893,27.673623386191096],[-17.99673483968566,27.673317362644717],[-17.996390561184974,27.673132403820187],[-17.99618247306459,27.672877383001186],[-17.995776945850565,27.67266452107162],[-17.995342673153147,27.67233762712511],[-17.995207080297074,27.67210286612096],[-17.995039934895154,27.672003917121213],[-17.99494113802803,27.67184025449712],[-17.994927767759222,27.671710465694765],[-17.994769038620646,27.671463214868943],[-17.9947672494818,27.671286268042476],[-17.994596512978966,27.670973967025393],[-17.994570456735136,27.6707245678238],[-17.994514288147094,27.670645228094543],[-17.99355507078439,27.670321381496294],[-17.993523726348094,27.670223463218043],[-17.993272699468022,27.6699873167592],[-17.993040341257682,27.669841243615],[-17.992167244569057,27.66955413348468],[-17.991242059215345,27.66943376272797],[-17.991105384657512,27.669270373927624],[-17.99105451217261,27.668823866352277],[-17.990976647750514,27.66859146151537],[-17.99099074554352,27.668328023459175],[-17.99094633131244,27.668148208255992],[-17.990569560369888,27.667807245775332],[-17.990584304745045,27.66773855047023],[-17.990496553928732,27.667537389949484],[-17.990373580540375,27.66745281575878],[-17.99031273972043,27.667287337094862],[-17.990156189559258,27.667149183235594],[-17.990080481192937,27.666906537729183],[-17.9898247114163,27.666425033314535],[-17.98981323984899,27.665933201975673],[-17.989651154399667,27.665550796171893],[-17.989222593168297,27.665532354924824],[-17.988834822961394,27.66565014655422],[-17.98875102994371,27.665635086479888],[-17.988623359079735,27.66526249063108],[-17.988493001589298,27.665215419604216],[-17.988467181193354,27.66505594956318],[-17.988341133366333,27.664835948647237],[-17.987966961233408,27.66467533589402],[-17.987975466090198,27.664522522004884],[-17.98776948484598,27.66394152253992],[-17.987853993206492,27.663588342526502],[-17.987822754064545,27.66346795864499],[-17.987621835357157,27.663307395030543],[-17.987230611195432,27.66260924269969],[-17.98729455245452,27.662427268694604],[-17.987286870173097,27.66223430095562],[-17.98746807374027,27.661945968867773],[-17.9876364130513,27.66143438088237],[-17.987694139840297,27.66099057933964],[-17.987642237798983,27.660918721513454],[-17.98451083746197,27.662399790246457],[-17.983610382203533,27.662706053092467],[-17.98265464835032,27.662872236293744],[-17.981836235021586,27.663118356773836],[-17.98144577369668,27.663267667965194],[-17.98063185802207,27.663720710828503],[-17.980514049747477,27.663728929618944],[-17.979961591114694,27.663538935186736],[-17.979689235060473,27.663511960398658],[-17.978764506972293,27.663667617589166],[-17.978447999715428,27.66376842187114],[-17.978306544826886,27.663868527631276],[-17.977749163278748,27.664539029746447],[-17.977345326650408,27.665219128263395],[-17.97680748944931,27.66567676809529],[-17.97648357924686,27.66606530926385],[-17.976009400019063,27.66634125294913],[-17.975479048441468,27.666881086868447],[-17.974983488973994,27.667049055637534],[-17.97488377544647,27.666750839581443],[-17.974524420982615,27.666560108124372],[-17.974411031461095,27.666432055188352],[-17.974100653360363,27.665801275182005],[-17.97381100558511,27.665361284047123],[-17.97361043591409,27.66518875027114],[-17.973281706637305,27.665107637725868],[-17.973161583624687,27.665001750385976],[-17.973078574997327,27.66433384000363],[-17.973194223378478,27.66413857863605],[-17.973203240511154,27.664039390755228],[-17.973046244365563,27.663716254065342],[-17.9731154736702,27.66348033470791],[-17.97313622239023,27.663085944974295],[-17.973179129520062,27.66291949246824],[-17.973281560514714,27.662781169672293],[-17.97321653724427,27.662512573864614],[-17.973385959229415,27.66212447066054],[-17.973248424435084,27.661657369614552]]]]}},{"id":"14","type":"Feature","properties":{"categoria":"Parque Rural","nombre":"Betancuria","codigo":"F-4"},"geometry":{"type":"Polygon","coordinates":[[[-14.126406642877825,28.45622775219672],[-14.126389736019929,28.45611641478125],[-14.126203747133486,28.456000263747413],[-14.125977286087524,28.455932223435852],[-14.125919421330934,28.455695872860325],[-14.125862989393193,28.4556429421857],[-14.124822042873843,28.45516833623602],[-14.12446140091614,28.454815522751623],[-14.124214705554577,28.454744460980706],[-14.123755227977146,28.45446306491612],[-14.123626739691561,28.454270739257],[-14.123454606653452,28.454139654319537],[-14.122348006294688,28.453663740240085],[-14.121819110042738,28.4537160728413],[-14.121471905949425,28.45361245007378],[-14.121384187464177,28.45337634717926],[-14.121127890546198,28.452965258275487],[-14.120640223528298,28.452419385121154],[-14.120351672765407,28.451981955719667],[-14.120141029343282,28.45183055263957],[-14.119718729396983,28.45175878946196],[-14.119044050127597,28.451829944398074],[-14.11888611234087,28.451786327499747],[-14.11875180870194,28.451666168603346],[-14.118476142683537,28.45118851717916],[-14.118302131511951,28.451073453077946],[-14.118135346244697,28.451062398370237],[-14.117787823564246,28.451180743493225],[-14.11734813723597,28.451196088639037],[-14.116971469782055,28.451296759011214],[-14.116553568674052,28.45130082492595],[-14.116335019933157,28.451236304219734],[-14.116039969244541,28.45095421724558],[-14.115781506432413,28.45093923340968],[-14.115269084034608,28.4502799750634],[-14.115236453675108,28.449935317464647],[-14.11518223392697,28.44981394280103],[-14.115207179934393,28.449629114854673],[-14.115278440439573,28.44952399977041],[-14.11549362371717,28.449373913452426],[-14.11546002702194,28.449164948154195],[-14.115450181712083,28.44934661590564],[-14.115202200757436,28.44949606466714],[-14.115089661417414,28.449652612836786],[-14.114998401778395,28.449937100017607],[-14.114798721295255,28.45005509022851],[-14.114637941868686,28.450014762551827],[-14.114547863415387,28.449936615044503],[-14.114312479707948,28.44950053908788],[-14.114137509044395,28.449295617594174],[-14.114071187321072,28.449121749088466],[-14.114008856897659,28.448655298062462],[-14.113947168552103,28.448842061833123],[-14.113925547142065,28.449318788527453],[-14.113842517361046,28.44943898108023],[-14.11329158007252,28.449314947620426],[-14.112962157477055,28.449158851233122],[-14.112717847403875,28.44914223894616],[-14.112612051244204,28.44907786984645],[-14.112962997402196,28.449293165215042],[-14.113031198662991,28.449422719259523],[-14.112958645393741,28.44944752844128],[-14.11268181715372,28.449386936491475],[-14.112488281870876,28.44953688871346],[-14.11273928152244,28.449496066785734],[-14.112897544249508,28.449602812439057],[-14.113311456305633,28.449635395714004],[-14.113468550600988,28.449750085101584],[-14.11347443911975,28.45007750946989],[-14.113336954484579,28.450418017184518],[-14.113514080611408,28.45057514242711],[-14.113711244319994,28.450940512939145],[-14.114045227429605,28.451216792824614],[-14.114060800063609,28.451323609896725],[-14.1139727058934,28.45136998106556],[-14.113646674008605,28.4513158672563],[-14.113082116804557,28.451075189989346],[-14.112782698677082,28.45087207313316],[-14.112511048417918,28.450543186449952],[-14.11232554829596,28.4503959791437],[-14.110944656179237,28.44978676367558],[-14.11074990256833,28.449745054106117],[-14.110700191015825,28.449803209359885],[-14.110703476183826,28.449996461694806],[-14.111206557092597,28.450489324660687],[-14.111171073839989,28.450575319264093],[-14.11094959814137,28.45060246705374],[-14.111117082840076,28.450793461494133],[-14.111051338968682,28.45087823842392],[-14.111176394173967,28.450930756899453],[-14.11123926514589,28.451018549293348],[-14.11111283194546,28.45120893239416],[-14.11137812371812,28.451311026477388],[-14.111359602889978,28.451439879525402],[-14.111397763521586,28.45148807541218],[-14.111766205050026,28.451526720904624],[-14.11191113421144,28.451650286558735],[-14.11188456772195,28.45175451811057],[-14.111571396611994,28.45214111058864],[-14.111194627281211,28.45229202148764],[-14.11150545251203,28.452264436894467],[-14.112141350813358,28.451985393811373],[-14.11243692412204,28.4520229843377],[-14.112538248780822,28.45216330617796],[-14.112917478719519,28.452241011733165],[-14.11317729459196,28.452358528378163],[-14.113280475294015,28.452565429304254],[-14.113450120818078,28.452508054642916],[-14.114193935496028,28.45268113673112],[-14.114569286506146,28.452974725969952],[-14.114656685307711,28.453100225040874],[-14.114668845318732,28.45320977278503],[-14.11462627278154,28.453313323063693],[-14.114501254369923,28.453412735363063],[-14.113204265269239,28.453850692177475],[-14.112847440644027,28.453897314566408],[-14.112665777239542,28.453852515798097],[-14.112626102145553,28.453998976342717],[-14.112441727484581,28.453991428368685],[-14.11249672985274,28.454175486395663],[-14.112415929066307,28.454302046824044],[-14.112192094715162,28.4543221136798],[-14.112124901988665,28.454399218450213],[-14.112035161928874,28.45468126710268],[-14.112215424641237,28.45454178070214],[-14.112283665911509,28.454549446850077],[-14.112326119382912,28.454646330201395],[-14.112701619945113,28.454281245722754],[-14.112896204897574,28.454280628119268],[-14.113079290296984,28.454194304636196],[-14.113186387496842,28.45423068291843],[-14.113374153163512,28.454420651482497],[-14.11358300743437,28.45428641318994],[-14.114158411107375,28.4542621437284],[-14.114358590438787,28.454320636310747],[-14.114480272136392,28.454425697886666],[-14.114619270798556,28.454649005703406],[-14.114626900008787,28.454870880891228],[-14.114567883885151,28.455207278823202],[-14.114375572515069,28.455655454864374],[-14.114191892559775,28.45578841405165],[-14.114178389218747,28.45599686520115],[-14.113928396619878,28.45638545371217],[-14.11370268084336,28.456606097769384],[-14.11355138998263,28.456666209773488],[-14.113176540656173,28.456663766876538],[-14.112759959464618,28.456507237039165],[-14.112561686303291,28.45651851722703],[-14.112617971987142,28.45666647913637],[-14.112477244813281,28.45678238597001],[-14.112665552165694,28.45695677998095],[-14.112629099830528,28.457109760253378],[-14.112851179975376,28.457246672276746],[-14.112901533457258,28.45734680218988],[-14.112881398169435,28.45752719286734],[-14.112784107089626,28.4576468492393],[-14.1124258588432,28.457730296512846],[-14.112095560867742,28.4577151436468],[-14.111909658954149,28.45765371714006],[-14.111364520438668,28.457769446353645],[-14.111705890894417,28.458102103048482],[-14.111864880991265,28.458372470750877],[-14.111960839996808,28.458764333289828],[-14.111938732229854,28.458945866226067],[-14.11185656250138,28.459093926415925],[-14.111641590153518,28.45920112478089],[-14.111258832260855,28.459166275293914],[-14.11092571065984,28.459214644775088],[-14.11060387364304,28.459188721228923],[-14.110323250608849,28.45925158535072],[-14.110217379022242,28.45918546279029],[-14.11003002221945,28.458946390684392],[-14.109998267383629,28.459240352327264],[-14.109869755940883,28.459311584873113],[-14.109590095591662,28.45929849018034],[-14.109178714272652,28.45913029459844],[-14.109077836534306,28.459311599996553],[-14.108879667083297,28.459417017528132],[-14.108661357924957,28.4594394252485],[-14.10877799974623,28.459536506845467],[-14.109304322815131,28.459444349491722],[-14.109511294684738,28.45959012189576],[-14.109642055762077,28.45978189764758],[-14.109943710167732,28.45969102018637],[-14.110527129272198,28.460079275334866],[-14.110736027435278,28.460087997293293],[-14.110819707106188,28.460243070967376],[-14.110710673421412,28.46052528110143],[-14.110505216305572,28.46066662230617],[-14.110128310379794,28.461078770803212],[-14.109774701948187,28.461308969297633],[-14.10968968965395,28.461469005121703],[-14.109353233437087,28.4617972297331],[-14.109225926888941,28.46185589613687],[-14.108990201955033,28.4618644615766],[-14.108982693392859,28.462043643414763],[-14.108889990838216,28.46219972002641],[-14.108461354947362,28.46251391665198],[-14.108273053738618,28.462596444486334],[-14.108118850460155,28.4625495088246],[-14.107885110974799,28.462126855079156],[-14.107687314457431,28.461992540342855],[-14.10762499395668,28.461785325858976],[-14.107460386265338,28.46165427030494],[-14.107408475738765,28.46194407322229],[-14.107182285045976,28.462038328550364],[-14.107335681348882,28.462283265189367],[-14.107325635514803,28.46235078658936],[-14.107102271168289,28.462444058415766],[-14.106977871607814,28.462560066418387],[-14.107005890879075,28.462687337619244],[-14.106943051377996,28.462838427900113],[-14.106581333340674,28.462943210350513],[-14.1065955676751,28.46323271615655],[-14.106537337933153,28.463355377261845],[-14.106168955833239,28.463606111672558],[-14.10604958054316,28.463615147589227],[-14.105869448378176,28.46348876290215],[-14.105727823255467,28.463267739944385],[-14.105505988320635,28.46310135683632],[-14.105421466741491,28.46289168476648],[-14.105365157706146,28.463033556463202],[-14.105252058538865,28.46315123477219],[-14.105321460046829,28.463448613204225],[-14.105270881506291,28.46361826870497],[-14.10512338480971,28.46368213279245],[-14.10470076495001,28.46362953694107],[-14.10500649846677,28.464132812185667],[-14.104962754056245,28.464344682348536],[-14.104845335090006,28.46444629250198],[-14.104944309314599,28.46472509143351],[-14.10503743476914,28.464830126879214],[-14.104990601806529,28.464918779764307],[-14.104748287185693,28.46508788635115],[-14.104546333488376,28.46513637194327],[-14.10430341662876,28.465027903828602],[-14.104068727081925,28.465092077092372],[-14.103969532911915,28.465072071795497],[-14.103492581315589,28.46486312556077],[-14.103412549836003,28.464547768521204],[-14.103250530157993,28.464753948233735],[-14.103133469980994,28.46477410792649],[-14.102770491361397,28.46444648661064],[-14.102839735516046,28.46464566141606],[-14.102841606585345,28.46483530257838],[-14.102960483414046,28.46515640395231],[-14.102886933065436,28.465210643978658],[-14.10270246948038,28.46522473548224],[-14.102110594545302,28.465087830592125],[-14.101784953007558,28.464944729475146],[-14.101670191633975,28.464871763024743],[-14.101572831502429,28.464688134409734],[-14.10142511146742,28.464671715042467],[-14.101120454584635,28.464535529564046],[-14.101001331847215,28.4643987013469],[-14.100905937961496,28.46443186446905],[-14.100813791885566,28.464390240897824],[-14.100450570867665,28.464053658039735],[-14.100241162845958,28.46396446741505],[-14.100029557508117,28.46405751639565],[-14.100226239702593,28.464105608693153],[-14.100569779200454,28.464590387455942],[-14.100880076558038,28.464846901914644],[-14.101172805806103,28.464992522599974],[-14.10116932532822,28.465133450755435],[-14.101068168049792,28.465292372266745],[-14.101359269492548,28.46543740413876],[-14.10159808907881,28.465720884013916],[-14.101797648069363,28.465839910942293],[-14.102041766774947,28.46619274528531],[-14.102073122971818,28.46648047782302],[-14.102025325817188,28.46656681257523],[-14.101830409450285,28.46669578989522],[-14.101539134916303,28.466739790861176],[-14.101396519193877,28.466868246498752],[-14.101410878201508,28.467025467200905],[-14.101329190488507,28.46720098101597],[-14.100860675167835,28.46744772630518],[-14.100698393529834,28.467466582999545],[-14.100601669194383,28.467400802308994],[-14.100249862769306,28.46737479115146],[-14.099790327485106,28.467241350933346],[-14.099829880415623,28.46737114580802],[-14.099784497551939,28.467558009995376],[-14.1000122275853,28.4677471238518],[-14.100070207821235,28.467901013819752],[-14.100016901250363,28.468058653396692],[-14.099910265134978,28.468145175674785],[-14.099684475670063,28.468136749275875],[-14.099749104690682,28.468402769074427],[-14.0996244514276,28.468508370303795],[-14.099094304745192,28.46849114921691],[-14.098875557857314,28.46838456452055],[-14.098738705425141,28.46844951193808],[-14.098549989793778,28.468439154022185],[-14.098342082076233,28.468311997704998],[-14.09820661366545,28.46849782178831],[-14.097685182959891,28.468507938790868],[-14.097737269194695,28.46859537681218],[-14.097868020183016,28.46860908819846],[-14.098084055458791,28.468751047719074],[-14.098499316418446,28.46890239684235],[-14.098620867589226,28.46909989843767],[-14.098626751655857,28.469253885981953],[-14.098523889841164,28.469434592030083],[-14.098376518623379,28.46954481627096],[-14.097921125247872,28.46970700969897],[-14.097665677968712,28.469687985166814],[-14.097547325383374,28.46959983666604],[-14.097472306043908,28.469657972173223],[-14.097307179560596,28.469664963679744],[-14.096896273140286,28.469515508220486],[-14.097019874613792,28.469817582699424],[-14.096998388771485,28.470194133671647],[-14.097052013336292,28.47035776210238],[-14.097015989171778,28.47044272894309],[-14.09663335154909,28.470351227127882],[-14.096332660329645,28.470117584792128],[-14.095637502810803,28.470016069481197],[-14.096038963083105,28.47032965899641],[-14.09635324809927,28.47087202032913],[-14.096379718062472,28.47102643348995],[-14.0962587460661,28.471183621820355],[-14.096020274422477,28.47124355859161],[-14.095710188923226,28.471244520920482],[-14.095199940670959,28.471091511411817],[-14.09543801473532,28.471677848137492],[-14.095435849572274,28.47179292498237],[-14.095373813095392,28.471861543636305],[-14.095072643585224,28.471837299856684],[-14.094834225358374,28.47156956196639],[-14.094651986972277,28.4716040109065],[-14.09446122807858,28.471535596099326],[-14.094016699364033,28.471161366885543],[-14.094201036285556,28.47165084110954],[-14.094184994130984,28.47178315551462],[-14.094084352979685,28.47184127187167],[-14.094188623348373,28.47187980360065],[-14.094276953482147,28.47200039327018],[-14.094440921886678,28.472038609304757],[-14.094532762674966,28.472193169179018],[-14.094555589298784,28.472697913691725],[-14.0945170287679,28.472826034525784],[-14.09440131615171,28.47292650930468],[-14.09424097471268,28.472961103454583],[-14.093459185667635,28.47283487314615],[-14.093350350634338,28.472857118934993],[-14.093441884730629,28.47304749284368],[-14.093495677482,28.473384766849833],[-14.093815964958148,28.473606279571033],[-14.093891659381185,28.473776040445497],[-14.093769308150126,28.47410838577516],[-14.093595093353686,28.474221891699028],[-14.09338707978174,28.474183110204887],[-14.093025044702706,28.47402717212602],[-14.09277312259044,28.474039220407647],[-14.092561971039306,28.47377006291249],[-14.092428650966298,28.473726425895073],[-14.092486413770288,28.47336937075466],[-14.092472805664801,28.47331700106363],[-14.092414771166945,28.473323410396727],[-14.092444851533749,28.473489825849615],[-14.092289812953437,28.473640004547953],[-14.092303280680095,28.473823503764578],[-14.092454267617413,28.474018318767587],[-14.092570085280594,28.47438879858957],[-14.092924563439087,28.474539759253815],[-14.093160239486894,28.47480821323316],[-14.093203270747336,28.474936742279255],[-14.09314140065055,28.475047684084117],[-14.093021915474933,28.47506797210077],[-14.092886090227434,28.475025609527847],[-14.092618607820064,28.47486916373081],[-14.092363339054849,28.474612844472244],[-14.092159381137702,28.474673158069617],[-14.092097296950683,28.474875928970054],[-14.091830944100048,28.475022322103158],[-14.091530638212328,28.474996496566025],[-14.091327666825544,28.475032111193784],[-14.091182037849249,28.474913140549305],[-14.09111489164397,28.475043533372705],[-14.091220893612082,28.47517119312106],[-14.091432175913246,28.4751575855292],[-14.091555278398337,28.475225552686705],[-14.091778020740179,28.475462882030193],[-14.091894582455696,28.475454841994605],[-14.091935999131524,28.47552834687312],[-14.092019228133491,28.475519217651698],[-14.092116726900034,28.475585433798983],[-14.0922799224664,28.475829296790824],[-14.092298531310146,28.476023228276677],[-14.092171155839395,28.47616332875101],[-14.091900025736654,28.476194292055247],[-14.091678878227878,28.476329144497093],[-14.09192006383172,28.476679666070737],[-14.091912195494302,28.476744465662755],[-14.091810193917231,28.476798509394325],[-14.091233346327337,28.476862242709462],[-14.091066134734355,28.47679166976477],[-14.09075512162021,28.476503067874987],[-14.090577696590481,28.476456245779847],[-14.090393853640382,28.476471768539092],[-14.090292106069114,28.476419810972622],[-14.090324444306358,28.476537004820017],[-14.090567871888435,28.47658715699474],[-14.090653627167214,28.47682703795525],[-14.090809229545938,28.476879048449184],[-14.090980320766446,28.477322107320507],[-14.091365912276341,28.4775673043808],[-14.091409801564199,28.47769570426932],[-14.091230633232078,28.477814084038826],[-14.090889058452397,28.477901763455943],[-14.090638480286627,28.47806112160937],[-14.090285715068855,28.47791434543974],[-14.090067181654746,28.477948545188706],[-14.089913730083076,28.477888596286462],[-14.090176707642009,28.478366064502445],[-14.090195587856007,28.478589901238262],[-14.090131422070879,28.478753529218537],[-14.089879743783202,28.478864489943916],[-14.08978648543219,28.47925667895838],[-14.089666365872317,28.479402737529192],[-14.089465609287883,28.479393459494904],[-14.089286806229715,28.479240046978784],[-14.089050170989728,28.479173898674222],[-14.088749197714538,28.478934172340644],[-14.088833554484188,28.479122479206993],[-14.088844273889434,28.479458906326055],[-14.088640198037718,28.479545921672223],[-14.088163715947848,28.479544884564607],[-14.088352580147484,28.479630490193255],[-14.088445213420862,28.47975430758163],[-14.088654376374276,28.479888708236988],[-14.088653860297935,28.479972619839643],[-14.08852120090203,28.480094042481667],[-14.08810498324565,28.4802410208631],[-14.088329791832994,28.48040456369659],[-14.088397053411652,28.480504219801276],[-14.088395341091427,28.48058941409541],[-14.088523799918011,28.480590852914045],[-14.088503323608775,28.480729355557887],[-14.087710916781003,28.481072085281138],[-14.08476573380101,28.481339546648975],[-14.08406332715137,28.48187218150862],[-14.083593157735937,28.482322056874423],[-14.083249823728325,28.482535347123545],[-14.082927220310635,28.48256725391016],[-14.08238073934367,28.482427680152668],[-14.082193963632383,28.482606208905114],[-14.081854467136063,28.48314072152484],[-14.081255954775411,28.483828568328576],[-14.08087155794433,28.48437519465059],[-14.080627213927789,28.485085072757897],[-14.080632908331873,28.485748559714857],[-14.08054269276489,28.485997076752216],[-14.080413822934416,28.486117803676237],[-14.080182593932497,28.486218910445093],[-14.079694602812978,28.486283483722303],[-14.079305130212715,28.486207347955563],[-14.079176152734243,28.486277888301984],[-14.079117282021297,28.486418620335936],[-14.079348001528004,28.486668461477173],[-14.079755170777352,28.487277053244053],[-14.080425019255625,28.48803255010495],[-14.080528890347688,28.488193843498554],[-14.080562698193452,28.48838108213904],[-14.080459974839522,28.488615496997628],[-14.08027042387127,28.48870708343662],[-14.07978532456602,28.48873846066707],[-14.078834635572456,28.488675618798556],[-14.079008981180728,28.48892945612965],[-14.07927419260776,28.4892456556147],[-14.08074048966084,28.48933081018862],[-14.08107403784417,28.489420157185],[-14.081571776301193,28.489718265180763],[-14.082079022006548,28.489697140314465],[-14.082252408437448,28.48960819518212],[-14.082272970180352,28.48942319236203],[-14.082166098020252,28.489102886741293],[-14.082199952312202,28.489006356408684],[-14.082478307389247,28.48876301649909],[-14.083047455703849,28.48869031584208],[-14.083276499704903,28.48849241258023],[-14.0835886834331,28.488443547366316],[-14.08379119339075,28.488351041687864],[-14.08459988154776,28.488288902390497],[-14.085436303393742,28.488119210244466],[-14.086191473378314,28.487793999005103],[-14.08642208481575,28.487664707629893],[-14.086552328373967,28.48749777094312],[-14.08709021356692,28.487257897779447],[-14.08781128885269,28.487256248035926],[-14.088334666300339,28.48741081820989],[-14.088856734375838,28.487427739728695],[-14.089236980276652,28.48734710367204],[-14.089534656245709,28.48719761365399],[-14.090300508924354,28.486958811822657],[-14.090620334349724,28.486742169497226],[-14.090977750812428,28.48640185032484],[-14.091464824834725,28.485756387065646],[-14.09161084133703,28.485464197168447],[-14.091842084197886,28.485283641737116],[-14.092011039657542,28.485304835052766],[-14.092245094260113,28.485215857788315],[-14.093157026279808,28.48523407430581],[-14.093466084813429,28.485295923798844],[-14.094012133638167,28.485513588925016],[-14.09443738160515,28.48590461374962],[-14.094596369135326,28.485944800471497],[-14.09465794133701,28.48583345912628],[-14.09469868469572,28.485931482408724],[-14.09482664816653,28.485838463622883],[-14.094905975665963,28.485851700397497],[-14.094973028289964,28.485938643273805],[-14.09492937547185,28.486212897659122],[-14.095073127494494,28.48603188962548],[-14.095106210743177,28.48607701435633],[-14.095078669795006,28.486340400362575],[-14.094995300240441,28.48637941558324],[-14.094952740516003,28.486463182731125],[-14.094941966341592,28.486806533643843],[-14.094818198262434,28.48698247555441],[-14.094817891310225,28.487095118437097],[-14.09493772867965,28.487226757667955],[-14.094945431480594,28.48729626429017],[-14.094856518853344,28.487395762074307],[-14.09479669459279,28.48758714896441],[-14.094765187604136,28.487908121603542],[-14.094576265378384,28.488147885734474],[-14.09463341530896,28.487834169366597],[-14.09451702778634,28.488002208163515],[-14.094384397433142,28.48783726754861],[-14.09437554341145,28.48807029687101],[-14.094204691818781,28.488323331765507],[-14.093915659890621,28.488963635033095],[-14.093906109527259,28.489215857997603],[-14.093775474025072,28.489530257502373],[-14.093721091947202,28.48955775834006],[-14.093541069998217,28.490027509318505],[-14.093407527904885,28.490198763266683],[-14.093286937952625,28.490284166633824],[-14.093188701773444,28.490211745435246],[-14.093130502112755,28.490303341472973],[-14.093068817865063,28.490850421802264],[-14.09300971353195,28.49093305791714],[-14.09293423386496,28.490928221816432],[-14.09285919173575,28.49108731028715],[-14.092749395858032,28.491171918672404],[-14.092666758182071,28.491569243448467],[-14.092570083545327,28.491686866194243],[-14.092444296430708,28.491715487437194],[-14.09243232911355,28.491241721657833],[-14.092373062796952,28.49119988748662],[-14.092233145188136,28.491251367387125],[-14.091997391823424,28.49156115472355],[-14.091856450821723,28.491474294514717],[-14.091734619460551,28.491537312634545],[-14.091699546019571,28.491738972433655],[-14.091935029374266,28.492086413900573],[-14.0919600286282,28.49224530354404],[-14.091889849489602,28.49247574754211],[-14.09181650405922,28.492336040148853],[-14.091768278947814,28.49234107039046],[-14.09172131401283,28.492647632407834],[-14.091760031526999,28.492822346091163],[-14.091914730096981,28.492648500366506],[-14.091950386389703,28.492798931597765],[-14.091781728568538,28.493099635118803],[-14.091739053602765,28.49346356809214],[-14.091653740931495,28.493537805724213],[-14.091659882531049,28.493674888869617],[-14.091419399374397,28.4942545665626],[-14.090977216025163,28.494425776385526],[-14.091031742627713,28.494066968546527],[-14.090972430969217,28.494044620642008],[-14.090970141105828,28.49419739781805],[-14.090798500441181,28.494349620042048],[-14.09085193986359,28.49393652251624],[-14.090823425456218,28.493844618401162],[-14.090751963441376,28.49382854345529],[-14.090666674414248,28.493885604087748],[-14.09063702203131,28.494102896727775],[-14.090530582388055,28.494291216581576],[-14.09048176202775,28.49430359857402],[-14.090373476166969,28.49414474714779],[-14.08979044832023,28.4941698631067],[-14.089717504542202,28.49427408550843],[-14.089650744030308,28.49456260643003],[-14.08971110030369,28.494691829969447],[-14.089877533791887,28.494765730231943],[-14.08986175271638,28.495295208160712],[-14.090042886430552,28.495408776722677],[-14.090169280540785,28.49528613782523],[-14.090182810710628,28.495385875633104],[-14.090100241535573,28.495735541483846],[-14.08997694740871,28.495968381650616],[-14.08990115465737,28.496013933972534],[-14.089769415451745,28.49597348179556],[-14.089671945384108,28.496154369341063],[-14.089736879729363,28.49624549761944],[-14.089840176816855,28.496209507596063],[-14.08993544878362,28.496308637396087],[-14.089990058581742,28.496207469343418],[-14.090031251240534,28.49632212280562],[-14.090105129779694,28.49624723207167],[-14.090122243759293,28.496334149840205],[-14.09004136588475,28.496424590682526],[-14.090190153187214,28.496473957081427],[-14.09021273830185,28.496737812365293],[-14.089977815306712,28.49723925061923],[-14.089947226797811,28.497412922991305],[-14.089761973780757,28.497702825682875],[-14.089714211641951,28.4977440977011],[-14.089654536841586,28.497701952721854],[-14.08973170955482,28.497381441283412],[-14.08969898077145,28.497132961541052],[-14.089491806560567,28.497943635446937],[-14.08912433602136,28.498359691552178],[-14.088768552554521,28.498647141087083],[-14.08882269013919,28.498815315647292],[-14.088626201053303,28.49914226530327],[-14.088883896985777,28.498959853316858],[-14.088948305956116,28.49895999622718],[-14.088983179103877,28.499148990967537],[-14.088940636963923,28.4993817935452],[-14.088831175367716,28.49959024661802],[-14.088685498847653,28.499713531037866],[-14.088701225582424,28.49977155639617],[-14.088867814928259,28.499842417238174],[-14.088770361646988,28.49988277810544],[-14.08856388821992,28.499811360860587],[-14.08830158194852,28.50016371004348],[-14.08805218840642,28.500283193044588],[-14.08786965730837,28.500659336596218],[-14.08788225088018,28.501224223578646],[-14.087816172768303,28.5015558017948],[-14.087867222056715,28.50170287118459],[-14.088020505338616,28.501025721696085],[-14.088091935308274,28.50100800454288],[-14.088171232600015,28.501063992362937],[-14.088237633384553,28.500984720117724],[-14.088298216318666,28.501011699091247],[-14.088197419638021,28.501326716578856],[-14.088073451314091,28.50153686777872],[-14.088110828026982,28.501715039224838],[-14.088010569872674,28.501929257688403],[-14.087921034638647,28.501999131916815],[-14.08792540756246,28.5020466831895],[-14.088161247319558,28.502149356962587],[-14.08820928449349,28.502342619170165],[-14.087960407682203,28.502591502174035],[-14.08788149961553,28.50278002231601],[-14.087525613158613,28.50325305111516],[-14.087481275382196,28.50338994869302],[-14.087482046209214,28.503808607024116],[-14.087520814252043,28.50382504192324],[-14.087723873494706,28.503443702549117],[-14.08778749589903,28.50340731253185],[-14.087939069743271,28.503499600793123],[-14.088162956081161,28.503409967538694],[-14.08829507214849,28.50348363959788],[-14.088312494984164,28.503586869562767],[-14.088260611684124,28.503688768092555],[-14.088162721718444,28.50370341944894],[-14.08807487381807,28.50379078843073],[-14.087914979455496,28.503805736592877],[-14.087809779213828,28.5039480024363],[-14.087699296933664,28.504309898587202],[-14.08755045918595,28.50448377818559],[-14.087610859064945,28.505012033377223],[-14.087580846324016,28.505094284411285],[-14.087277876140922,28.505382526181506],[-14.08732705791855,28.505556733381233],[-14.087288980739833,28.505687896235692],[-14.086895406289944,28.50596528403279],[-14.086793924977956,28.505979043734502],[-14.086711502021249,28.505905993008255],[-14.086764693782019,28.505652467128353],[-14.086681399674347,28.505566701921882],[-14.086712241769334,28.50477131232285],[-14.08681956727087,28.504268599237975],[-14.086745945947513,28.50419878482991],[-14.086574307391112,28.504220024837473],[-14.086406080276374,28.504922200087634],[-14.086334541366845,28.504990172338008],[-14.086291837768938,28.504899191975763],[-14.086251362094934,28.50490540953193],[-14.086037526667528,28.505246237541268],[-14.085800493297494,28.505418962350465],[-14.0857254688887,28.50575363811932],[-14.085646298914114,28.505895941899688],[-14.085544760329343,28.505968468558155],[-14.085511474660379,28.50587077281599],[-14.085456146609559,28.505878776615162],[-14.085404086908117,28.5060148903304],[-14.085310266126521,28.506088199854823],[-14.085282675753128,28.506178418543207],[-14.085329813776507,28.506248055484],[-14.085284804276782,28.50631071789406],[-14.085342426185237,28.506453788705684],[-14.085324088359656,28.506570642207976],[-14.085057111557978,28.506840500424506],[-14.084844694099989,28.507243434735283],[-14.084731525857158,28.507285130855866],[-14.084700815648628,28.507206361746302],[-14.084866150936566,28.506992584332302],[-14.084658253665626,28.507075369622022],[-14.084466075342851,28.50706541007273],[-14.08447026443724,28.50675538631276],[-14.084413514768647,28.506752828710773],[-14.083746986008917,28.507526449299274],[-14.083638561643383,28.507813683508793],[-14.08391711676484,28.507741909501384],[-14.084015566260298,28.50783804107913],[-14.08399710432633,28.507931209307138],[-14.08391600425956,28.5080599058142],[-14.083587311303473,28.50813005097753],[-14.08342177710237,28.508290680343833],[-14.083395779494632,28.5088914104155],[-14.083271316882264,28.509241654809816],[-14.083311003152456,28.50943095386854],[-14.083283076103577,28.509621259005876],[-14.083100823423836,28.510027462562608],[-14.082872206908371,28.510902767506483],[-14.082779452296265,28.511078906386135],[-14.08228471810873,28.511682689946664],[-14.08228343518605,28.511741178700966],[-14.082323767091161,28.511742452977156],[-14.082573318642732,28.511646377654998],[-14.082666766026684,28.511654807009343],[-14.082843532246567,28.511836077727466],[-14.08284194659863,28.51200518694459],[-14.082729086899286,28.512213674563235],[-14.082784081371136,28.512471394728603],[-14.082702556571885,28.51270999691077],[-14.082740022957621,28.512839357541125],[-14.082707116644666,28.513038004936476],[-14.082458214860038,28.51320975867943],[-14.082434266345615,28.513143165708108],[-14.082503582945366,28.5129928637301],[-14.082271570511907,28.513125892360563],[-14.082105893644648,28.513514271543514],[-14.082077410712733,28.513404900821904],[-14.082033072827207,28.513403581346353],[-14.081796552993225,28.513566039491483],[-14.081700898091407,28.513571611947288],[-14.081526401734703,28.513458501289758],[-14.081668156279928,28.512986642305048],[-14.081591149356749,28.512967636607584],[-14.081467444820602,28.51307815397125],[-14.081328762028209,28.512983192718874],[-14.081291122185515,28.513010819489452],[-14.081289822220123,28.513198551154574],[-14.081010953482647,28.51356868021631],[-14.080953633789628,28.51374461508253],[-14.080843736927728,28.513785174589678],[-14.08069782644052,28.51367991931336],[-14.080264395788427,28.51399932192233],[-14.079922202689488,28.51446866676307],[-14.079959176467048,28.514904050579332],[-14.080063239656898,28.515121378703952],[-14.079979932674423,28.515314755834464],[-14.079794013584605,28.515410832925614],[-14.079821102198547,28.515854814704984],[-14.079538566608973,28.515930307677614],[-14.079528987378582,28.516091988291787],[-14.079391075577613,28.516246869328974],[-14.07935894127833,28.51654401238161],[-14.07952424672273,28.516524914229844],[-14.079411683896263,28.516721423313484],[-14.07941153870076,28.516964040563355],[-14.079579364174396,28.5171067049205],[-14.079495751830146,28.51725964322019],[-14.079344095146315,28.51738729895071],[-14.07934902689604,28.517572473170226],[-14.079275398439181,28.517667712729395],[-14.079141561882032,28.51775316618384],[-14.07898195041092,28.51774241743391],[-14.078706059010802,28.518038079047702],[-14.07873618820378,28.518101212443042],[-14.078902988350189,28.518075039839296],[-14.078867955557033,28.518442060151553],[-14.078918632889993,28.51857020249107],[-14.078904240455115,28.518631779387096],[-14.078770359998103,28.518698593508056],[-14.07878250065651,28.518830247433673],[-14.078532782569338,28.518905518391666],[-14.078138900565321,28.519224026438593],[-14.078062849277986,28.519381365572414],[-14.078013793917952,28.519771667643436],[-14.07792640558003,28.519892961248647],[-14.07764543178774,28.519961393308034],[-14.07745474337211,28.520078230417766],[-14.077382277480055,28.52006300792159],[-14.077366279970677,28.519961366152152],[-14.077216259813394,28.519951971130443],[-14.076947117812884,28.520051098185828],[-14.076714827764027,28.520588767118355],[-14.076524892172312,28.52078315007477],[-14.076285527746528,28.521179974023134],[-14.076305766830673,28.521273250579977],[-14.076527544151043,28.52115431584887],[-14.076527660890925,28.521314482413757],[-14.076338033510389,28.521435792938664],[-14.076204245809732,28.52143979335561],[-14.076122177784855,28.52134898462831],[-14.07612860961342,28.52115044809817],[-14.076000186692571,28.521251820816577],[-14.075834212204896,28.521234228461168],[-14.075751212275248,28.521339375905082],[-14.075686435258046,28.521478305105674],[-14.075701789012953,28.521705141803025],[-14.075550644839081,28.52191336228012],[-14.07548395021698,28.522234530570927],[-14.075682780138944,28.52245972747256],[-14.075685418409465,28.522546241231385],[-14.07561703187155,28.522611493942176],[-14.075418381064031,28.522665597566366],[-14.075361172161408,28.522513283177098],[-14.07525095912727,28.522588784300307],[-14.075172364884715,28.522577697910425],[-14.075160122814749,28.52250498264544],[-14.07510441919128,28.52249405205428],[-14.075028878208345,28.52260618173222],[-14.074865569246635,28.522657636872314],[-14.074878174344787,28.522735571637543],[-14.074768261710675,28.522851510711572],[-14.074792537803296,28.52299262546929],[-14.07475683200555,28.523088409484725],[-14.074549140517503,28.523377134243983],[-14.074377509133672,28.52352009141238],[-14.074082112992187,28.523619015599508],[-14.07394039905336,28.52384204682534],[-14.073805260026369,28.523925464053622],[-14.073890454373954,28.52416837384292],[-14.074395616463946,28.5241941922442],[-14.074415619643391,28.524361137297145],[-14.07455174362714,28.524665761195223],[-14.074421227477993,28.524917174576885],[-14.074168410605813,28.525855017781723],[-14.074199451345345,28.525909664892342],[-14.074278427941298,28.525914689041382],[-14.07437215895348,28.526130641991518],[-14.074210473062486,28.526468203025203],[-14.074195073626957,28.52662117828426],[-14.074054470271971,28.526693294036257],[-14.074048092266258,28.52683837889955],[-14.07399178148902,28.52690602365254],[-14.0740142530765,28.527066477811754],[-14.073818845147567,28.527473398507457],[-14.073692397104114,28.527572182781096],[-14.073635942979015,28.527768355974644],[-14.07360075718232,28.527804355206527],[-14.07347129348036,28.527710333351404],[-14.07341274380234,28.52772537736512],[-14.073347987118462,28.527613447024496],[-14.073292673462626,28.52760672441199],[-14.07320065293761,28.527768978921863],[-14.073223060369827,28.52791211193397],[-14.07316702838942,28.528111311480263],[-14.072854457717836,28.528461416065504],[-14.072802240788919,28.52850018712974],[-14.072780098011343,28.528437802038667],[-14.07274642961952,28.52844983846821],[-14.07265969801738,28.5286066589454],[-14.07257707132598,28.528355254585787],[-14.072489139354026,28.52835032170973],[-14.072264827128844,28.528210286576375],[-14.072326367362072,28.52837664900725],[-14.072227304077717,28.528648474875403],[-14.0721327948051,28.528708348292845],[-14.072136202324817,28.529005424619665],[-14.072042530401172,28.52926835145059],[-14.072005065141672,28.529340438468864],[-14.07196415043453,28.529143618871515],[-14.071903225757156,28.529378310518272],[-14.071532933813568,28.529848441643068],[-14.071351708887217,28.530337925418717],[-14.07131862755044,28.530530060214236],[-14.071440770885264,28.5309836458341],[-14.071322619567368,28.531156560408462],[-14.071366974227118,28.531357311890034],[-14.071250141193632,28.531538340695864],[-14.071263705610496,28.531669851217256],[-14.071183163881287,28.53173095667434],[-14.071209092655879,28.531907031609467],[-14.071121456195993,28.53207786204673],[-14.071005187788485,28.53202190024165],[-14.070789388614694,28.532439363186526],[-14.07051544271796,28.53257962921064],[-14.070597727787856,28.532724147091017],[-14.070479753331533,28.532899814957094],[-14.070618098776313,28.532937154330973],[-14.07089090932923,28.53275979275135],[-14.070918923855132,28.53283321187509],[-14.070899869914383,28.53332755879482],[-14.070827646012864,28.533633360047748],[-14.070697614175375,28.533939072579635],[-14.07046877833748,28.534201632671294],[-14.070202423035429,28.534425539133125],[-14.069794169129267,28.534671850388804],[-14.070095976069734,28.534531235181188],[-14.070259310717788,28.53451646780061],[-14.070173340803663,28.53480904176179],[-14.069854021867705,28.535044273443535],[-14.070132100154192,28.534947551271735],[-14.069958315860893,28.535272296960862],[-14.070174293909561,28.535133557894078],[-14.070167970397106,28.535420747062407],[-14.07034680468204,28.535563940372157],[-14.070364594630556,28.535735627199394],[-14.070271104380781,28.535916083628322],[-14.06982878743302,28.53639062616928],[-14.069695779269429,28.536824981858143],[-14.069393897191619,28.537219919290965],[-14.069096872251494,28.537448080987907],[-14.069041896398977,28.53746516930491],[-14.069003870295191,28.537400499547125],[-14.06868057437531,28.53771484033485],[-14.068478621842646,28.53780950917189],[-14.068557630362431,28.53799431554451],[-14.068841382912284,28.53828551559863],[-14.069112937658796,28.538127365605742],[-14.069217676241646,28.538156100039426],[-14.069276344932941,28.538253837824875],[-14.06944627696492,28.53827059920209],[-14.069506649114556,28.53816054447592],[-14.069646535051941,28.538172189612368],[-14.069783392122327,28.538044597836162],[-14.069920849045635,28.538072111695463],[-14.069997921825568,28.53827164336163],[-14.069962578726274,28.538399488355513],[-14.069998932583562,28.538491738681483],[-14.069928855699672,28.538612856136755],[-14.069935821825009,28.538825193825073],[-14.0697697666024,28.5389766939862],[-14.069757606954932,28.539043772662872],[-14.069870745749064,28.5391589242853],[-14.069786366946131,28.539604877281764],[-14.069715209165274,28.539699992500402],[-14.069603817954388,28.53973489080412],[-14.069518613780817,28.539888406740932],[-14.06933347602409,28.540908286762953],[-14.069285746673229,28.540979878246084],[-14.069255996911975,28.54096423096824],[-14.069253159140391,28.540803333329116],[-14.069213625486608,28.54076118202927],[-14.06903407982271,28.54095851264251],[-14.068936968764302,28.54084318140334],[-14.068697766826006,28.540952605139655],[-14.068629751350647,28.541173671059525],[-14.068477044302039,28.54133161530513],[-14.068397639562475,28.541657448138597],[-14.068177692673956,28.54182259369936],[-14.067956968333641,28.541815879891956],[-14.067860122042928,28.541582282989275],[-14.067695828866638,28.541458537842704],[-14.067312052390527,28.541605091889952],[-14.067145967309958,28.541721928884392],[-14.067092689252519,28.541703808858223],[-14.06707010397425,28.54145972801853],[-14.066910915364963,28.541434237143427],[-14.066807846457573,28.541438438955076],[-14.066643137333976,28.541644975415792],[-14.06635572981447,28.541832896018512],[-14.06624031588151,28.54164205252267],[-14.066279043795008,28.54133038284173],[-14.066057546095424,28.541360495448675],[-14.065678203996535,28.541513989204994],[-14.065636044821694,28.54147297413944],[-14.065676711355241,28.54127540568538],[-14.065470616352638,28.541241927363018],[-14.065039254552458,28.541517254265983],[-14.064760120887058,28.541879103805815],[-14.064561596978358,28.541914128836115],[-14.06441602326953,28.54242075278784],[-14.064281703908613,28.542518895752938],[-14.06421926387835,28.542737109371384],[-14.06400341466512,28.543080619402676],[-14.063790966411233,28.54315495443983],[-14.063764026542254,28.543209962190232],[-14.06369070134433,28.54388214030688],[-14.06384497080935,28.544316294689136],[-14.063978178832249,28.544441274303132],[-14.064023296872532,28.54456851682027],[-14.064117385207394,28.54449364551453],[-14.064211621326326,28.5445269327457],[-14.064308024959873,28.544476898539052],[-14.064399808259015,28.544662824106215],[-14.064639009084102,28.544578112147082],[-14.06467054739675,28.54476158264683],[-14.06472899490754,28.54481021977212],[-14.064844389302257,28.544670065829063],[-14.06490138612939,28.544683897969737],[-14.064826116565989,28.54503530919036],[-14.064847569525877,28.545309844882585],[-14.06465927809001,28.545333676061844],[-14.064649749757272,28.545472690798203],[-14.06512037989711,28.54560488542248],[-14.065363807039505,28.54576874805583],[-14.065286507859842,28.54626211418601],[-14.065542350388704,28.547108701176608],[-14.06551202622526,28.547296944589796],[-14.06539802453521,28.54748751834696],[-14.065485707269454,28.548337568935278],[-14.065443202697343,28.548409483685486],[-14.065269482245549,28.548389360418422],[-14.065202625481112,28.54842689018272],[-14.06516564943804,28.548664477472347],[-14.065214781720279,28.54875421745653],[-14.06528722188558,28.548777822549766],[-14.065602115840631,28.54878692205204],[-14.06561996310915,28.54906258802119],[-14.065793838347862,28.54920429099871],[-14.065803497961383,28.549393116425794],[-14.066192842053427,28.54968029180442],[-14.066118192563598,28.549836323794683],[-14.066133355286524,28.549897371070728],[-14.066742691642485,28.55016526227707],[-14.06679312984861,28.550232328556678],[-14.066612739430456,28.550485971260503],[-14.066704056113064,28.55057744488465],[-14.06669841181763,28.550637906787166],[-14.066502621505704,28.55071816394842],[-14.066590610121015,28.5507697382749],[-14.066661937464362,28.550953346409237],[-14.066584076125855,28.55108871427782],[-14.066503589838373,28.551164700613466],[-14.066250779075892,28.551196177372898],[-14.065880728381144,28.551502101233943],[-14.06587303685191,28.551572080362085],[-14.065954101631974,28.551676192423233],[-14.065815582946566,28.551878286215597],[-14.06573540740037,28.55226634508582],[-14.065321332881517,28.552616308603717],[-14.065163763015667,28.552544595885905],[-14.064982063950465,28.55262148184012],[-14.064715399072737,28.553043790407777],[-14.064457420842675,28.553799178136057],[-14.063917504618713,28.554224367217742],[-14.063673669875321,28.554289540474578],[-14.063383023011156,28.55429375427923],[-14.063175297819102,28.554196853898315],[-14.062744172608356,28.553884695598487],[-14.06237524150558,28.553706675291377],[-14.062248196872176,28.553669558733883],[-14.062063004380844,28.553747996101382],[-14.061988480906228,28.553681185914474],[-14.061968695163726,28.553588335112348],[-14.06180938995376,28.553574101539542],[-14.061360456572578,28.55341718775171],[-14.061193615516007,28.55329372403033],[-14.061107008929715,28.55329845937458],[-14.06091131002816,28.553551717421396],[-14.060637455525793,28.553718922969818],[-14.060664079079588,28.553838258126813],[-14.060499449504205,28.553995397066],[-14.060258191510522,28.55399126307558],[-14.060011871443109,28.554197956693557],[-14.059858992964823,28.55443142699482],[-14.059873617320187,28.55449289536999],[-14.060076625630444,28.55449445459585],[-14.060095971111085,28.55456304096943],[-14.059876539705987,28.5547024699226],[-14.059474612802834,28.55465318433991],[-14.055121490927421,28.554710315634555],[-14.055112496021728,28.554545331909214],[-14.055341178803028,28.552967030936056],[-14.055433119776763,28.55259825883024],[-14.055596834227646,28.55115121069724],[-14.055316109312429,28.54954539143872],[-14.0551051412534,28.54872351410892],[-14.054743552484865,28.54786869931993],[-14.054570678699024,28.547621377344605],[-14.054091048373197,28.547046444333084],[-14.053388431493428,28.54638821661778],[-14.051467509290543,28.544999543054875],[-14.050373542293961,28.544288020522615],[-14.049668526138221,28.543742265038766],[-14.049236785856174,28.543557858134537],[-14.048839080586285,28.54353094652758],[-14.048526004914821,28.543632018339895],[-14.048257279181506,28.54384804723843],[-14.048185579083077,28.543587174587742],[-14.048233842768585,28.543253184630224],[-14.048274579240877,28.543110653383028],[-14.048492437495758,28.54279489280389],[-14.048494932479898,28.542649205201872],[-14.047861978827182,28.542048761158753],[-14.04781637501772,28.541845972410258],[-14.047383071590593,28.541568410533706],[-14.04747117777418,28.541409595134528],[-14.04739125243917,28.541327142466052],[-14.047382057032351,28.54118584068577],[-14.047323267676063,28.541089979354435],[-14.04712123450508,28.540982985823607],[-14.04716673050032,28.540747774232653],[-14.046407763275795,28.53986858599575],[-14.046335775559358,28.539676740402882],[-14.045917011685228,28.539520277291167],[-14.04562811080499,28.539312601087648],[-14.045509800425558,28.53928881668046],[-14.04540066739733,28.539072429844826],[-14.045231852274522,28.53896841997657],[-14.04510991241867,28.53898446807848],[-14.044817527900904,28.539176928896698],[-14.044663270445573,28.539222209795913],[-14.044464478703823,28.539178064465627],[-14.04415659726946,28.538826992577555],[-14.044024313761401,28.53874792419579],[-14.043784120810255,28.538797355754916],[-14.043438007708168,28.5390446195595],[-14.043374239198732,28.538984518199797],[-14.043673917374559,28.53865014354916],[-14.04389058039393,28.538548710782486],[-14.044171830162815,28.538588816094844],[-14.044598631724899,28.53885969918765],[-14.044795397066004,28.53864345996114],[-14.045009304705037,28.538534631849142],[-14.045421905335886,28.538494343909857],[-14.045706021048792,28.538543131061658],[-14.045807778399562,28.53848912207669],[-14.045831103226593,28.538346162263185],[-14.045769577984963,28.53813228544507],[-14.04524828816081,28.53732683261054],[-14.044570513972985,28.53652476284426],[-14.044272821122552,28.536327555221067],[-14.043992216838944,28.53594938962931],[-14.04437182149929,28.53615755406248],[-14.044532220492194,28.536142508252407],[-14.044721943441743,28.535944993294247],[-14.045979160833413,28.535149442402567],[-14.046039344973437,28.53498103561483],[-14.046004204238734,28.53483826069662],[-14.045908786375165,28.534769850970726],[-14.045490745766655,28.53470318155581],[-14.044821285116358,28.534698953068613],[-14.044311845098095,28.534526557603513],[-14.043673249521166,28.534124191474124],[-14.04323821928313,28.53358534985519],[-14.043096982701007,28.53336224537915],[-14.042983667996404,28.53296734892502],[-14.042889950344685,28.532551704531766],[-14.042847415412574,28.5318671058349],[-14.042739425992595,28.5315617655908],[-14.042723748304404,28.531269937835237],[-14.042857079893684,28.53083374386926],[-14.042767352215344,28.530800166958898],[-14.042663482409699,28.531049001160078],[-14.042527190308826,28.531197500388938],[-14.04226956577231,28.5312234115669],[-14.041955999183942,28.53105672102375],[-14.041198580824199,28.530510977310485],[-14.041052264934224,28.530452467386674],[-14.040891895135264,28.530465198809836],[-14.038091434773259,28.531839706165016],[-14.037595612889858,28.53194854802084],[-14.037003213600052,28.53195994569749],[-14.036517380707501,28.53185585230269],[-14.033304174727432,28.53089070772509],[-14.029484805310258,28.53055353875772],[-14.028551278394298,28.529913193602564],[-14.027960295824691,28.52975806162212],[-14.027404494418954,28.529702960184423],[-14.026740318750857,28.529466508110957],[-14.026511113757886,28.529192554594342],[-14.026123331707812,28.528982242557134],[-14.025308828521867,28.52892874340605],[-14.024956972877892,28.52878180389003],[-14.023908535957812,28.52800148653673],[-14.022092807646247,28.52635216940256],[-14.021529954243055,28.525934234292368],[-14.020553692861899,28.525381520734257],[-14.020430742231154,28.525260635060828],[-14.019984925620216,28.524442914889597],[-14.019668360266348,28.52366417922868],[-14.019489725743922,28.523408576715575],[-14.019199974234875,28.523167371326615],[-14.018747398707847,28.52255285219765],[-14.018399559601423,28.521985526604873],[-14.018347718861769,28.52146454814828],[-14.018099504898254,28.52112538487168],[-14.018299118651845,28.520581673190723],[-14.018175712662895,28.519923985852856],[-14.017798082414318,28.51912655412577],[-14.017415935047447,28.518631762712207],[-14.017042287712453,28.518428477564846],[-14.016967429592185,28.518108202994846],[-14.0166935981119,28.51785276548747],[-14.016314500681403,28.51763817463725],[-14.015935266597696,28.517500103204185],[-14.014958878009137,28.516578886050716],[-14.015021686060496,28.516492846365452],[-14.015197601290073,28.515522060879245],[-14.015667700661508,28.51404393131213],[-14.015756778320311,28.51388860926745],[-14.01590072400444,28.512978822368872],[-14.016024992998556,28.512731041034773],[-14.016141512944614,28.512036539186795],[-14.016702977339179,28.51084903217366],[-14.017430049938623,28.509594998722367],[-14.018347545532285,28.508749873996422],[-14.01922643486896,28.507750960580154],[-14.020139896247683,28.506277590943725],[-14.020371243683032,28.50577625418349],[-14.020852816422897,28.505145167470562],[-14.0208054774559,28.504486738437123],[-14.020535413037507,28.503529634574853],[-14.019955644041284,28.502601689254433],[-14.020280175385402,28.502570705468823],[-14.020350264709874,28.502488109159096],[-14.020377121115015,28.50226084981047],[-14.020625811724344,28.502145197005646],[-14.020573242755741,28.501747966921258],[-14.020464037890092,28.501593098561855],[-14.02020082817637,28.50143016999985],[-14.019627945265219,28.5015284377127],[-14.01906891494943,28.501180543959617],[-14.019045899643599,28.501053004206444],[-14.01995420902988,28.50112165529252],[-14.020222478596354,28.501005503510555],[-14.020670435529064,28.500649879853277],[-14.02081363261165,28.500610024216048],[-14.02305162256635,28.500570060534017],[-14.023290427516045,28.500689474827638],[-14.023338720419282,28.501303584173048],[-14.023415589812524,28.50147743412606],[-14.023552967145992,28.501613593304647],[-14.023871215608132,28.501685333833898],[-14.024580226493004,28.5015834220182],[-14.024887811921987,28.501592561115746],[-14.0251888834002,28.501670105359683],[-14.02541441963738,28.5017840774708],[-14.026146358370667,28.502367560628027],[-14.026916695420635,28.503163451041203],[-14.02708472578576,28.50340280291247],[-14.027110466370821,28.503662067148387],[-14.027385891628933,28.50396990888821],[-14.027437747807133,28.50396755417204],[-14.027600642157623,28.50345573169796],[-14.027861262501485,28.50329658282249],[-14.027899690628212,28.502827356403337],[-14.027967141266155,28.502602840691324],[-14.027985959671058,28.502212920096973],[-14.02795154832625,28.502092367473303],[-14.02768323308606,28.501816213575164],[-14.027584650004927,28.50149128812507],[-14.0275770583285,28.50137874374265],[-14.02771019752573,28.501135193066798],[-14.027650606537305,28.50096609030627],[-14.027678670700341,28.500887305233324],[-14.027859993050715,28.500773205881178],[-14.028001873875409,28.500596879297923],[-14.028199067400577,28.50048564588484],[-14.02843305285428,28.50006995996822],[-14.02851982782885,28.49997079864082],[-14.028726207874652,28.49986929685209],[-14.028753648159698,28.499715700194578],[-14.028720233324483,28.499593421864724],[-14.029118687927898,28.499162600015914],[-14.0293292736496,28.499065748579266],[-14.02940171696571,28.49886668460967],[-14.029339667769014,28.49866681361957],[-14.029495374084487,28.498385874268962],[-14.029638420005286,28.498318307552623],[-14.030346468893226,28.498345447096717],[-14.030345062736162,28.49819973147648],[-14.030231791272598,28.497907340673414],[-14.030304852848673,28.49781919119343],[-14.031196797217822,28.497408923633106],[-14.032169728681195,28.49660524471502],[-14.0326149133328,28.496460966171217],[-14.032199410395338,28.495703593608198],[-14.0327206960639,28.49515043993367],[-14.03393725066883,28.49444495018369],[-14.0348250718915,28.494123877092296],[-14.035154068197228,28.493803147138674],[-14.035215201282192,28.493574403323436],[-14.035155246127122,28.493170328567263],[-14.035373260862194,28.492744407104404],[-14.035587803070444,28.49194500307422],[-14.03558370525454,28.490633395635832],[-14.035647429958303,28.49005509488871],[-14.036820794028605,28.490079966918483],[-14.037278193333742,28.489932437376513],[-14.037583034842909,28.489952214484685],[-14.038123017782786,28.489886283636185],[-14.038698630181868,28.48972163300182],[-14.038859423354038,28.489619269298956],[-14.038955378784939,28.48949257341006],[-14.039386603398379,28.489360295035883],[-14.039475158263913,28.489170734846333],[-14.039941626338713,28.48872012352777],[-14.040178205987985,28.488357443220924],[-14.040804182736098,28.48798602033603],[-14.041022605214094,28.487927267821327],[-14.041098175349495,28.487826556675262],[-14.041342981588246,28.48771059364707],[-14.041590200460707,28.487521997221094],[-14.041757966894016,28.487225972966392],[-14.041996959659864,28.486730714883013],[-14.04146446673935,28.485842715259622],[-14.04145478996596,28.485190313635638],[-14.041402638452087,28.48491988912806],[-14.04144479868495,28.484147428472802],[-14.04134792994148,28.48307316112444],[-14.041275995028247,28.48279897760988],[-14.041116791488477,28.482473497839614],[-14.04107226311716,28.48211936592876],[-14.04048698830475,28.480035365372306],[-14.040470691475834,28.479849243215057],[-14.040663699096548,28.479349925518967],[-14.04073248051328,28.478900989668926],[-14.040702362856385,28.47868877521065],[-14.040304543726323,28.4781953795774],[-14.040333155609206,28.477597701192952],[-14.040499428049634,28.477248522397957],[-14.040970023195385,28.47679144526009],[-14.042201093229114,28.475932896968416],[-14.042661291529866,28.475757350927122],[-14.043028827789218,28.47552627331231],[-14.043162755739019,28.475341650624344],[-14.043657030611548,28.473936343512925],[-14.043894866853474,28.473574088251464],[-14.044791189346212,28.47309819171014],[-14.045650756943736,28.472783045725137],[-14.046358873982431,28.472429437638223],[-14.046545878928228,28.472279978721055],[-14.046791459319568,28.47196611555872],[-14.047039208796921,28.47181104327704],[-14.047958074614613,28.47161111746318],[-14.048766742385606,28.471552501823922],[-14.049368308025489,28.47135346973205],[-14.049738831523674,28.47132174228858],[-14.049774036561793,28.471244653555853],[-14.050351530341604,28.470976246559026],[-14.050815181770163,28.4708996121912],[-14.052262524529903,28.470792439871403],[-14.053155166094964,28.471038830042662],[-14.053486506294972,28.47127046896833],[-14.053802263502044,28.471590029252802],[-14.054008074604534,28.471627185875533],[-14.054333526075055,28.4716028766955],[-14.054638166448079,28.471492927806793],[-14.05504411831561,28.47112777701042],[-14.055262754496134,28.470861124401107],[-14.055849714478716,28.470444218595258],[-14.056293097064957,28.469912089911553],[-14.056455099781713,28.469668284236626],[-14.057184471868153,28.468106138642373],[-14.057827065643835,28.467223009821222],[-14.058152254773471,28.466881127299498],[-14.058405060070791,28.466472871051575],[-14.058483434512269,28.466222707077016],[-14.058505433847774,28.465584539752353],[-14.058185904427527,28.464486939761166],[-14.058148121701391,28.463490630382353],[-14.058019487321316,28.463142851843738],[-14.057664338183951,28.462612406225915],[-14.057522962009344,28.462250539600102],[-14.057422707342061,28.461812687928834],[-14.057242039310223,28.461569547741025],[-14.056967741992342,28.46081912797349],[-14.056724997518806,28.46067155748215],[-14.056021023411168,28.46064403703934],[-14.05578667525504,28.460585068373643],[-14.054824194461943,28.46002844746769],[-14.054579264220056,28.459809119258654],[-14.054101043853287,28.459646494822675],[-14.052613191838187,28.459255749153172],[-14.05158671806086,28.45891470666975],[-14.05003042991117,28.45889244821454],[-14.049177992514714,28.458753630161993],[-14.048197389610594,28.45925438657538],[-14.0480413115049,28.459748641681745],[-14.048105734751854,28.4602050230852],[-14.047724675110343,28.460507209446078],[-14.047219783979603,28.46075466927893],[-14.046548285328596,28.460701729541327],[-14.046342658627266,28.460775267174956],[-14.046266406373888,28.46092288538464],[-14.046302103212122,28.461278976719964],[-14.046255329507273,28.46144226310925],[-14.045151617264004,28.46218796560246],[-14.044889946136989,28.461898858151223],[-14.044645246749653,28.461523968977247],[-14.044400905749942,28.46127747671562],[-14.044491337137108,28.460902765790472],[-14.044758107571695,28.460372186586557],[-14.044894303468398,28.46028720633336],[-14.045320660947652,28.460218722197766],[-14.045516320052878,28.4596857558628],[-14.045857459433076,28.459475568552875],[-14.045898930386963,28.458860935873528],[-14.046046331163417,28.45854918242503],[-14.045906047100663,28.458250394673144],[-14.045880846526032,28.458072297336237],[-14.04607320569953,28.457978909334273],[-14.046144456387976,28.457883074367324],[-14.046346503150643,28.457315644880943],[-14.046607671973156,28.45702026702231],[-14.04694480794811,28.455797691575892],[-14.04710198836055,28.455449152032337],[-14.047420726916448,28.455183925351143],[-14.047689975602118,28.45467890946012],[-14.048001126136704,28.453531976305214],[-14.047993325817034,28.45313953383453],[-14.04776156243632,28.45229294167043],[-14.04775319033054,28.451513035368002],[-14.048101299200042,28.450119832314535],[-14.048210239203769,28.4493771392895],[-14.048301301482388,28.449061504505067],[-14.048292161415715,28.44843987273699],[-14.048195846565724,28.44839327467712],[-14.047850320578611,28.448003243951042],[-14.047531856305033,28.447839268921012],[-14.047367101085642,28.447676215883924],[-14.04690697309889,28.44782203148796],[-14.046788836282841,28.44779016350661],[-14.046696134535734,28.4476687820657],[-14.046703117806842,28.44741392717807],[-14.04685556583291,28.44703142534178],[-14.046776630812483,28.446673162215475],[-14.046800311808898,28.44634188358989],[-14.047297531698323,28.445835151622514],[-14.047110216428678,28.445783140935962],[-14.047076244633821,28.44569496251556],[-14.047133354566245,28.44560798149887],[-14.046887286995252,28.44552091723395],[-14.046654695104278,28.445306842494425],[-14.046652084452738,28.44516067485415],[-14.04677808798681,28.444847885189933],[-14.04676097296951,28.444702058216187],[-14.046842880404697,28.444445038253697],[-14.046799324996089,28.444397319478906],[-14.046822803585298,28.444307214669184],[-14.046730015848722,28.444291410037238],[-14.046689402501848,28.444192344737015],[-14.046490833229933,28.44414300733989],[-14.046466000954336,28.44386482279713],[-14.04632375089005,28.44424017507153],[-14.046212578541551,28.444247483259016],[-14.04617564955277,28.444320587942098],[-14.045763584704156,28.444305721628133],[-14.045623418555424,28.444375791552446],[-14.045535272825225,28.444584577052304],[-14.045328783080135,28.444798597802784],[-14.045183239422563,28.445103450473713],[-14.045106378363384,28.44540185294299],[-14.044979645649502,28.44559057318772],[-14.044967106185954,28.445808707250105],[-14.04487173206169,28.4461306638813],[-14.04460907059971,28.446558314073712],[-14.044403684888323,28.447048753751233],[-14.043839995432126,28.44778578482919],[-14.043646686420978,28.44784132636112],[-14.043401484630115,28.447803074548766],[-14.043264995727256,28.447715790174108],[-14.043186591074877,28.44754723769443],[-14.043199237611482,28.44729041917079],[-14.043292126911561,28.447004685850217],[-14.043291689973794,28.44671282657613],[-14.042966955378557,28.446534201863766],[-14.042667449907878,28.44600815301102],[-14.04266212987462,28.44556924362338],[-14.042351068986008,28.444961508568632],[-14.042331742115671,28.444096030274046],[-14.042042688513765,28.44418815524562],[-14.041359668510205,28.444627569900625],[-14.041154490009209,28.444659051281803],[-14.040699317174106,28.444473590112786],[-14.040575463396568,28.444513442355046],[-14.04013348483893,28.444492129164708],[-14.039643035863019,28.444291549834748],[-14.039318877740966,28.44402690274694],[-14.039125109704102,28.44363773208267],[-14.039009907313762,28.44325941463948],[-14.039122326169773,28.44307795516403],[-14.039137821043878,28.442895657845998],[-14.038949774060985,28.442369810265195],[-14.038988861021746,28.442153326535344],[-14.039924810151076,28.442002229928217],[-14.040168397291922,28.44203672157826],[-14.040312195906655,28.442166130774226],[-14.040313352555973,28.442110394249674],[-14.040550829661184,28.441939346794857],[-14.040992940171698,28.441977700509252],[-14.04107149232158,28.44194792659909],[-14.041050343200258,28.441894767772354],[-14.040864737602833,28.441663413690804],[-14.040470136184522,28.441588559373002],[-14.039942464393876,28.441291095297537],[-14.039842545728424,28.441174279713962],[-14.039815470422699,28.44101076290527],[-14.039467483168298,28.44094894322279],[-14.039191894385167,28.44078120802545],[-14.03872915681636,28.44030065368606],[-14.038299187883208,28.439751722607884],[-14.03713861555246,28.43973889556299],[-14.03693762873923,28.439633204969997],[-14.036979056097273,28.4394968803393],[-14.0372225370444,28.43924009784607],[-14.03757619591582,28.43915739356331],[-14.03793127175747,28.43896767687696],[-14.038215711768915,28.438987017163015],[-14.038395758064409,28.43922672968667],[-14.03849562951242,28.43928966967178],[-14.039020526988756,28.439083549004717],[-14.039181101512401,28.439105189800813],[-14.039327824697574,28.43922680411649],[-14.039496270845556,28.439050803198057],[-14.039742244527233,28.439037366130986],[-14.039989002613712,28.43885107682957],[-14.040531700454252,28.438699665167263],[-14.040663831635793,28.43861423559323],[-14.040996204449224,28.438622201158797],[-14.041164416486382,28.43855782127209],[-14.040892696896249,28.438468679281595],[-14.040748969834192,28.43830462933402],[-14.04022857754389,28.438324644940252],[-14.039966800747406,28.43825636718835],[-14.039809963231466,28.438087873253963],[-14.039793987305845,28.43786680353753],[-14.03917231691952,28.43788494526707],[-14.038891325933005,28.43783228023513],[-14.038618916115885,28.437603045049926],[-14.038303897102397,28.437510261504364],[-14.038033290644716,28.437334760784466],[-14.037832048367036,28.437149351927044],[-14.037787911599716,28.4369353037588],[-14.038278837988724,28.436293097031754],[-14.0385802515416,28.436100165044653],[-14.038951453482147,28.43610995318474],[-14.03932798843403,28.436265268422243],[-14.039659972330972,28.436338086361644],[-14.039329323086355,28.435900482081685],[-14.039330797884253,28.435569914368283],[-14.039391523981976,28.435489623219137],[-14.039774859852503,28.435352957198763],[-14.039991457600857,28.435416448700146],[-14.040132742271632,28.435257720562987],[-14.04027665154352,28.43518377418387],[-14.04085465746028,28.43513687843709],[-14.041120887519007,28.435050217900425],[-14.041693439708881,28.435064512726154],[-14.041449430476515,28.434838371413218],[-14.040622369525785,28.434263543804676],[-14.040507910755315,28.43403411677591],[-14.040551872159092,28.433856081367505],[-14.040745527588049,28.433664352413246],[-14.041414909156838,28.43337547836329],[-14.041632656460402,28.433143345742447],[-14.041153045060186,28.43315050152429],[-14.040600783385802,28.4329753322774],[-14.040199865875776,28.43270779961272],[-14.039148965242095,28.43298299953927],[-14.038760947131944,28.43296524072811],[-14.038456453512515,28.432888860115426],[-14.038344937403306,28.432741209860332],[-14.03835353729799,28.432381809110602],[-14.038420376877495,28.43213115013823],[-14.038633674313653,28.43170489520596],[-14.03857564877144,28.43154533846783],[-14.03866577548876,28.43137065341013],[-14.038386689047083,28.431100202974022],[-14.037507217132726,28.430675910874466],[-14.037363149611815,28.430542164431582],[-14.037307194057982,28.430406883770253],[-14.037331924421741,28.430187987935934],[-14.03742988644299,28.430027647289858],[-14.037935730689414,28.4295389164381],[-14.038488899243454,28.429141346805345],[-14.038694372232937,28.429015269118377],[-14.038980032904053,28.42895534036072],[-14.039541865780924,28.429117297090755],[-14.039456999351714,28.428759547214362],[-14.039564952505858,28.428564191224933],[-14.03989586464144,28.428427307878266],[-14.040203294539888,28.428525521744604],[-14.040264165307526,28.42833358804244],[-14.040456301488554,28.428272978713665],[-14.04034604404405,28.428203323850962],[-14.040461525702396,28.428114888425757],[-14.040383794296659,28.428038955075554],[-14.04020362868806,28.427945258377775],[-14.039076312508337,28.427592727969394],[-14.038815624744355,28.427406900986988],[-14.038769812556586,28.427269959479947],[-14.038834445914642,28.427059567662994],[-14.039206893020383,28.426483663945817],[-14.03972980338115,28.426264220657114],[-14.039971689994868,28.426252351424147],[-14.040162043399896,28.426108275117954],[-14.040743594186717,28.42596622435593],[-14.040502329651801,28.425872964065565],[-14.040288729802182,28.42564674625819],[-14.039929456342641,28.425465271968275],[-14.039849156956112,28.42534830589815],[-14.040149496236713,28.424746626830604],[-14.040247336645782,28.42423650592308],[-14.040534894400542,28.423905796753562],[-14.04003401629264,28.424002355809776],[-14.039571132302147,28.424319118525876],[-14.039381067464726,28.42439532031031],[-14.038925587442327,28.424434564282112],[-14.038680233299399,28.424396727933786],[-14.038628736458177,28.424346685000497],[-14.038616682486502,28.424162035467226],[-14.038691335632626,28.423913741807525],[-14.039121761426406,28.42336986545936],[-14.03922082046519,28.423037250932094],[-14.038930606677047,28.423119253151864],[-14.037647355662722,28.423035669868405],[-14.037442339178853,28.422859629960247],[-14.037228388033089,28.42227640713415],[-14.037116434324561,28.422169460206444],[-14.036066886049612,28.422040146137306],[-14.035852505071855,28.42193131766613],[-14.03577358158186,28.421764697744827],[-14.035798897492906,28.421544343867378],[-14.03603448448462,28.421239424579596],[-14.036662523360848,28.420809310888824],[-14.03725736503025,28.420639929370086],[-14.037520019991714,28.420484236739888],[-14.037607573323177,28.420353860673416],[-14.036540571215431,28.419519962768568],[-14.03649220792643,28.419399330505925],[-14.036512915806757,28.419132883891198],[-14.036691596379093,28.418932966672116],[-14.037333672417166,28.418344243850846],[-14.037612573010335,28.41817522596439],[-14.038107114267556,28.41796816077848],[-14.038428728163927,28.417880605096283],[-14.03872378370799,28.417862334633924],[-14.039014568252712,28.417896447639606],[-14.039629864603539,28.418064846068603],[-14.039533569066242,28.417707304046683],[-14.03958372783036,28.41738489539715],[-14.039805701856986,28.417224136375182],[-14.04033104757663,28.41711432822711],[-14.040086334745379,28.41705699388264],[-14.0399856907158,28.41695057128213],[-14.039637716083421,28.416760240377876],[-14.03819226721582,28.416629883754815],[-14.037758711426804,28.416488180691214],[-14.037143579050916,28.41637523115762],[-14.03679373625938,28.41611685057383],[-14.036758542581476,28.416012179310133],[-14.036799656875484,28.415873252404317],[-14.03711696489152,28.415633607443997],[-14.037766432633278,28.415381136422734],[-14.037959377269946,28.41514276782196],[-14.03815496446469,28.415009553007295],[-14.038498228323583,28.414875070012457],[-14.038728169614322,28.41489205570115],[-14.038780173349538,28.414729466479603],[-14.038879544391715,28.41466444919203],[-14.039240576203625,28.414646931915666],[-14.039290182780434,28.414507775246555],[-14.039403389088159,28.41446625069527],[-14.039948124378133,28.414487133346324],[-14.040500582980805,28.414326256453666],[-14.040219765466881,28.414288308730878],[-14.040023973952948,28.414191035877195],[-14.039405056455278,28.41365248264601],[-14.039375091098705,28.413475062783718],[-14.039581526954809,28.41299431999298],[-14.039551665686224,28.412805347536356],[-14.03939983028104,28.41292833971693],[-14.038500052476854,28.4132264206],[-14.037933209327862,28.41353333763469],[-14.037188763858662,28.413583108188572],[-14.036753293140254,28.413437922556138],[-14.036530158021334,28.413258133771855],[-14.036501569780121,28.413001293863477],[-14.036819727590526,28.412138776677466],[-14.037067667694423,28.411815303354626],[-14.036807982003092,28.411654184220364],[-14.036408254774658,28.41158072767856],[-14.0354445052327,28.41180063959498],[-14.034988116308257,28.411788317164586],[-14.03441809557813,28.41140084127939],[-14.034301630867109,28.411261528828877],[-14.034259686111461,28.411095729777205],[-14.034346446746092,28.41053456371915],[-14.034333363211402,28.410248236877678],[-14.034428501749332,28.410131933825554],[-14.034544546246627,28.410065304840558],[-14.035380247996947,28.409937361168918],[-14.035701539963675,28.409738608209924],[-14.03633396307696,28.40953843685652],[-14.036876682358995,28.409512968316122],[-14.03689997788188,28.40947918606468],[-14.036686963752716,28.40886766270622],[-14.03666063798658,28.40867222488557],[-14.036701702259464,28.408574600691143],[-14.036957029083666,28.40846738062426],[-14.037767112384977,28.408330422398972],[-14.038082897088863,28.408066772481504],[-14.037789559165399,28.408015463278367],[-14.037547643062375,28.407868028283108],[-14.037246625503885,28.4075958411715],[-14.037103316078031,28.40733198930132],[-14.037085184800501,28.407133432273408],[-14.037152104606946,28.40684969286405],[-14.037049054659406,28.406744271090115],[-14.036931623305154,28.406725533097152],[-14.036357054391553,28.406865308409873],[-14.035172829999883,28.406762476072174],[-14.034856978287886,28.406591694750052],[-14.034164286587739,28.405874962779137],[-14.034123178567135,28.405594637919776],[-14.034300399501092,28.40525189350865],[-14.034974970324914,28.404710200930285],[-14.034279409811969,28.403928308168886],[-14.034282429608647,28.4037979301258],[-14.034472423651888,28.403523151859215],[-14.034487982130946,28.40329781828257],[-14.034220312628795,28.402723027739608],[-14.034220571237746,28.40247838726821],[-14.034487755423628,28.402277944192434],[-14.035125283463154,28.402131554866383],[-14.035682979082765,28.40213448417183],[-14.036076728841882,28.402372670788232],[-14.036437868102633,28.402122071919106],[-14.036678226146282,28.402092577872263],[-14.036976190620786,28.402136123412856],[-14.037217561900754,28.40239200361179],[-14.03740237270616,28.402314611495065],[-14.037566806813484,28.402314175793727],[-14.037813141625122,28.402405030391016],[-14.038067070096098,28.402572903428766],[-14.038269447814738,28.402553247559688],[-14.038499917586304,28.402691917322986],[-14.03864940133484,28.402669576844886],[-14.038435549814247,28.402151054361898],[-14.038531525844808,28.401963276600664],[-14.038515530438039,28.401867117327317],[-14.038132858569833,28.40177632130451],[-14.037851270255121,28.401511069384195],[-14.03772968599474,28.401315382914607],[-14.037729374173782,28.401119415793374],[-14.038004648913626,28.400745433439518],[-14.038211746296115,28.40034743816982],[-14.036950750350522,28.400384318341256],[-14.035990398586605,28.39998759952536],[-14.035491024530806,28.399691186938],[-14.035417006548752,28.39960459029308],[-14.03540821968033,28.399528853547547],[-14.035470475044301,28.399471527543465],[-14.035813482036767,28.39939625938614],[-14.036507378873564,28.39907376645031],[-14.036648220659584,28.398981622532744],[-14.036661956947697,28.398907489293507],[-14.036323322375791,28.398400428707376],[-14.035350595532172,28.397487832503387],[-14.035295913729998,28.39737175818501],[-14.035294636442947,28.397210733122257],[-14.035369294752554,28.397082152912485],[-14.035547165361216,28.39693162087603],[-14.036103001544236,28.396654230247783],[-14.036596585277305,28.396650500779586],[-14.037053629806524,28.39644765788345],[-14.037277714510447,28.39641024897868],[-14.03748511716749,28.396425136240968],[-14.037630318928823,28.396514256501685],[-14.03783554780008,28.396489575630124],[-14.03791240386795,28.396203152489424],[-14.037998359449576,28.39608909225065],[-14.038178311565497,28.396005887817253],[-14.038742133063714,28.395892022815424],[-14.038775715025603,28.395767618698912],[-14.038527758821926,28.395482522468892],[-14.038396078833495,28.39523435085828],[-14.038243735649903,28.395126849045333],[-14.038151630893898,28.394981492783206],[-14.037952668267566,28.394855158055805],[-14.037909275196206,28.39454681878003],[-14.037823976517348,28.3944797844844],[-14.036514099247416,28.394322201885736],[-14.036128646281899,28.39420351747561],[-14.036078663158301,28.394073612625753],[-14.036164095256968,28.393895582030584],[-14.036646005642734,28.393447542314185],[-14.036470994050138,28.3931654042606],[-14.036497073875125,28.392976844449638],[-14.036301085042057,28.392775142625847],[-14.035940711902851,28.392570120228577],[-14.035384965177977,28.39244314325301],[-14.034751206374523,28.39240530345729],[-14.03443026203049,28.392296584843475],[-14.034281219934446,28.392150109455557],[-14.034184988716767,28.391969907776172],[-14.034079968417394,28.39139915774878],[-14.034140991775553,28.391189030109],[-14.03425187685071,28.391076728435415],[-14.035027167236372,28.39083613461114],[-14.035348752880981,28.390621072919803],[-14.035405987722696,28.390517921952764],[-14.035406667392728,28.390045971267536],[-14.035765790715375,28.389616570222405],[-14.036045536204139,28.38881566183338],[-14.036418300611606,28.388120826135037],[-14.036717713306004,28.38779209213369],[-14.037284973927088,28.387487183472075],[-14.037460981470009,28.38745492206697],[-14.037674811074185,28.38752475079891],[-14.037955261365632,28.38775375520858],[-14.038134953482368,28.38800082208852],[-14.038234421700848,28.388284139905704],[-14.038404754660126,28.389387535108348],[-14.03897241095544,28.39025688862114],[-14.039123546925234,28.390701315679706],[-14.039722213419768,28.390654566009157],[-14.039780011211825,28.390705943633765],[-14.039792384377165,28.390601472691177],[-14.039636634951627,28.3904149431489],[-14.039585874917476,28.390212401108425],[-14.039533875864311,28.389698928822863],[-14.039575285858348,28.38935795351818],[-14.039850577012624,28.388710593250035],[-14.04046257607108,28.388029788300106],[-14.040905537762368,28.387912462789075],[-14.041255550522882,28.3880205041277],[-14.041454144578646,28.388236794429528],[-14.041719843326346,28.388763476158797],[-14.041936031425319,28.38896211714391],[-14.042142663399593,28.389070303371412],[-14.042713956880107,28.388497361603825],[-14.043204254364758,28.388164312660248],[-14.043566125888205,28.388056807087434],[-14.044042742008262,28.388046865306844],[-14.044329801052363,28.388159791546947],[-14.044701590827804,28.38849875597129],[-14.04491363369801,28.388868931227197],[-14.044968724999329,28.389085808198015],[-14.045471233538635,28.38980924148827],[-14.045509324272034,28.39000533841617],[-14.045359023837827,28.390631346044568],[-14.045626162832455,28.390562452922357],[-14.045714115107959,28.390625168461128],[-14.04603426448407,28.391420839877934],[-14.045984168964186,28.391967984675386],[-14.046074659722644,28.392367499226687],[-14.0461622370303,28.392508774947622],[-14.046559423924064,28.392653661772982],[-14.046365093084418,28.392337607096497],[-14.046401649362432,28.392121525632074],[-14.046615907362723,28.391634181002868],[-14.046610494222085,28.390925053362043],[-14.04682388494752,28.390634669596935],[-14.047007636129706,28.390467275309756],[-14.047137955903633,28.390417216394862],[-14.046871201395566,28.390297217117407],[-14.046767683840779,28.38990698993292],[-14.046740687298657,28.389346749981932],[-14.046429102855617,28.388871457996068],[-14.046261445350535,28.3887371316299],[-14.046157883329531,28.38848454256626],[-14.046165437276155,28.38796902490038],[-14.046104520253312,28.387609152262307],[-14.045985031453919,28.38736178597878],[-14.04595410099838,28.387081841680946],[-14.045434083170122,28.386285925184506],[-14.044767832496149,28.38610073442536],[-14.04379620869998,28.385660667280632],[-14.043251067225224,28.38549667282523],[-14.043042008438272,28.385341120391104],[-14.042820336662865,28.3848353929551],[-14.042813821424819,28.38441986702329],[-14.042890822851948,28.384151060159805],[-14.0436901786562,28.383040613225678],[-14.044079022874811,28.382641147437337],[-14.04437623010194,28.382421984135778],[-14.044804694557964,28.382183657150904],[-14.045159805078798,28.382062813066895],[-14.045547444217085,28.38202942411603],[-14.045994225001156,28.382125133231924],[-14.04615394544829,28.38223283147057],[-14.046395459252258,28.382520604006512],[-14.04667392297501,28.3829952402592],[-14.047428963155518,28.38281826502244],[-14.047689433847015,28.382835393737555],[-14.04876025872789,28.383540121133148],[-14.049055626036424,28.38385585778047],[-14.049301557401535,28.38423550576258],[-14.049386195210504,28.38426671275814],[-14.04992349855206,28.383895262693517],[-14.05013762906919,28.3838582049148],[-14.05037285311932,28.383923388082394],[-14.050716449866231,28.384178513022572],[-14.051108582888741,28.38459485642327],[-14.051216064492714,28.38481165369802],[-14.051256321870333,28.38502220616428],[-14.05156519730885,28.385032443678302],[-14.051829468907044,28.38522418302014],[-14.051957309965449,28.3856353722328],[-14.052419247415923,28.385599150185342],[-14.052730203935154,28.38572913087791],[-14.05336320220794,28.38640058620162],[-14.05340376294508,28.386503982226127],[-14.05356887019841,28.38654456414786],[-14.053410940021237,28.386137211058887],[-14.053366918752618,28.385577719783925],[-14.053875512631146,28.38512835788048],[-14.05404760545507,28.385007239799833],[-14.05414099283826,28.385009621055197],[-14.05428700848995,28.384726266857193],[-14.054101170936713,28.384836756379805],[-14.053940566496612,28.38473990151754],[-14.053281614529084,28.38488594383026],[-14.053060797804404,28.384852926485202],[-14.05256290220846,28.384599198786226],[-14.052173823465532,28.3841463340042],[-14.051766576619952,28.38318918838878],[-14.051575524836203,28.38289469083736],[-14.051592644404252,28.382659120201353],[-14.051737281781856,28.382393396129576],[-14.052251802985381,28.38202480170397],[-14.052770523040875,28.38174376968303],[-14.052223566598506,28.381637565650674],[-14.051618122083795,28.381704407212226],[-14.051005903705152,28.38168830310197],[-14.050706883237092,28.381842345145312],[-14.050258295456297,28.381875748301237],[-14.048780872001233,28.38032912821461],[-14.048486531476959,28.379849204212707],[-14.048473243587352,28.379691407258928],[-14.048551804933904,28.37946535525851],[-14.048973269853965,28.379029998045844],[-14.049124056194854,28.378967506337396],[-14.049372358253484,28.378956529737685],[-14.049417658139566,28.378797832692403],[-14.049582622821104,28.378669738283506],[-14.049643522606377,28.378519526166855],[-14.049891264918664,28.378264343210578],[-14.04985221710309,28.378225502412892],[-14.049601693075099,28.378192850246375],[-14.049471637740247,28.37807771780939],[-14.049109080342948,28.37790044322108],[-14.048924989697147,28.37793944225509],[-14.048795551743416,28.377865039312592],[-14.048508304069024,28.37800903161002],[-14.04726538061214,28.378113572217597],[-14.0468699768558,28.37810387553954],[-14.0460545324693,28.377881543814475],[-14.045660906197204,28.37756395749611],[-14.045227497067096,28.376984695296503],[-14.045073480332487,28.376592108846324],[-14.044973499457583,28.376087101575937],[-14.044738804800483,28.37535917101731],[-14.044580359421678,28.374076361845567],[-14.044313108918487,28.373178520394436],[-14.044323874040527,28.372938420061676],[-14.044407820369285,28.372790547107872],[-14.04480171338278,28.372602098777918],[-14.04514655825718,28.37252999530151],[-14.045802994513034,28.3725253493904],[-14.046214156596298,28.372655757008427],[-14.046994811073425,28.373126089295877],[-14.047368951959237,28.373247416122418],[-14.048193724862553,28.37339514969603],[-14.048140648484983,28.373025782362504],[-14.047892554920267,28.37226976407865],[-14.047844934229703,28.37187472831975],[-14.047970362453777,28.371455501751356],[-14.048056283211995,28.37137840497847],[-14.048213229012937,28.3713563940654],[-14.048985079661312,28.37149564766559],[-14.049393015439666,28.37163540133993],[-14.049893591112856,28.371919793270866],[-14.050041756868342,28.371944068196136],[-14.050378845781157,28.37210514134059],[-14.05065088971884,28.372103281438235],[-14.050928240774438,28.372165579519066],[-14.051205063423483,28.3723377664074],[-14.051651375926207,28.372495977194433],[-14.05131267215574,28.371680989384778],[-14.051001337840612,28.371364279873717],[-14.050681978097606,28.370848794636725],[-14.050649352849344,28.37060232573408],[-14.050381090116758,28.370473369348968],[-14.050257150432053,28.370236238062205],[-14.049948562633352,28.37011148586623],[-14.049432166582296,28.36961079920267],[-14.04903037921038,28.36908909405466],[-14.048782701186145,28.368506381500314],[-14.04848064380706,28.367444534255895],[-14.04846033775681,28.3669159580091],[-14.048536885095064,28.366717773090965],[-14.048748059935185,28.366436187452244],[-14.049237443579276,28.36611870446311],[-14.049657545490199,28.36597650251723],[-14.050096373782935,28.366068946629014],[-14.050369630633217,28.36624546082032],[-14.051059723261805,28.366894659583885],[-14.051413528975093,28.36742800275086],[-14.051534573950114,28.36771059559436],[-14.051946001212567,28.367516046982406],[-14.05211279095736,28.367524716547873],[-14.052334815429463,28.367652039276884],[-14.05273384486169,28.36802134570094],[-14.052839992285415,28.367982512692226],[-14.053065690987404,28.367631853927314],[-14.053178004247426,28.36698577628155],[-14.05317213161936,28.366249491883252],[-14.053259325461793,28.36601427164199],[-14.053449856110957,28.36581283157967],[-14.053620995965021,28.36571277356479],[-14.054166000347024,28.365712512106754],[-14.05464047950914,28.3659554019297],[-14.055533239040745,28.366597742861096],[-14.056187980348541,28.367444813020303],[-14.056296420106749,28.367760259974254],[-14.056610538317752,28.36759215604545],[-14.056784242470327,28.367557542293948],[-14.056987408557516,28.36761166950295],[-14.057113917794336,28.367707282902668],[-14.057353305174875,28.367976825155697],[-14.05744813210923,28.368170288151155],[-14.057472181892116,28.368714468721254],[-14.057532851196402,28.36889325366051],[-14.057787920079413,28.368963759936182],[-14.057815094075377,28.368844947168995],[-14.058175983497769,28.368335758293515],[-14.058306643137904,28.36773963603578],[-14.058280951353304,28.36757973200548],[-14.05813102125503,28.367311964779095],[-14.057965354866718,28.36670930913729],[-14.057811164110431,28.36636959183579],[-14.057462432969345,28.36512474205977],[-14.057485189561783,28.36490062685718],[-14.057733000989991,28.36462259263035],[-14.05789153203284,28.364530682856934],[-14.058250801632626,28.364485218185738],[-14.058801798838159,28.364494375694825],[-14.059425699558734,28.36458186640892],[-14.059772295660261,28.36467755139972],[-14.060029667826955,28.364833122626926],[-14.060674239462797,28.3649700058679],[-14.060795345662426,28.36504882613538],[-14.060925212823044,28.365245263168653],[-14.061203071758046,28.36529959166191],[-14.061427139101413,28.365404249138045],[-14.061680496350338,28.36563157460343],[-14.061728396043835,28.365814891339454],[-14.061721382394946,28.366106414663523],[-14.062109725054395,28.365786320897318],[-14.062221337860514,28.365436287491324],[-14.062170019235603,28.365131076342657],[-14.062047129202812,28.36489756391224],[-14.061996384172927,28.36456433946972],[-14.061883145970713,28.364347356990596],[-14.061881015702081,28.364241492689914],[-14.06159043278538,28.363791795915038],[-14.061016986080471,28.363291472663096],[-14.060909164786164,28.362964922175635],[-14.060984662317914,28.362609459885253],[-14.06125734945303,28.36228595402474],[-14.06151975700122,28.362174978773357],[-14.062040270975181,28.36207529246013],[-14.062245411459426,28.36194110369317],[-14.062120640433063,28.361476220010633],[-14.062119644261047,28.361255252944645],[-14.062258147914246,28.361086522964136],[-14.062270523484719,28.36084412047292],[-14.062521378690933,28.360560916930467],[-14.062519196737101,28.360451568122194],[-14.062247799918811,28.360257778684073],[-14.061172575438961,28.360193902729183],[-14.06096403751774,28.36001874030748],[-14.0609330932625,28.35980145724205],[-14.061052163289158,28.359220559725525],[-14.061278810747217,28.358868159661675],[-14.061613642870403,28.35859173676231],[-14.06213593163803,28.358473865219935],[-14.062200935161053,28.358419875565538],[-14.06207318730814,28.35829406585673],[-14.06206810761915,28.358115105414534],[-14.061857251887332,28.357994942831628],[-14.06182528966258,28.357842216980053],[-14.061374718684675,28.357467960570794],[-14.061379238713156,28.35717684397565],[-14.061578846444217,28.356756515773892],[-14.061185581584798,28.356326907592656],[-14.061129441564395,28.356190036533437],[-14.060444107412147,28.356002193428292],[-14.060237075269402,28.355694175291415],[-14.06022857011591,28.355523341781],[-14.060657247602613,28.355120398146784],[-14.06106072077331,28.354857600218867],[-14.061290146304902,28.35453625985301],[-14.061466825276701,28.354235063483028],[-14.061501999409824,28.354096663732488],[-14.061463734308424,28.35393218743067],[-14.06164268192161,28.353632739418423],[-14.061689301205147,28.35338090534025],[-14.061766447839403,28.3532219980104],[-14.061901981517858,28.353092818296233],[-14.062204974468985,28.352944706925122],[-14.062784991965623,28.352901604898697],[-14.063762906319653,28.35296205498253],[-14.063935721225079,28.352951398995234],[-14.064164900418719,28.352860309306326],[-14.064603523667403,28.35282723203043],[-14.064711616529353,28.352714388135848],[-14.065188292321242,28.352642270005006],[-14.065150859576232,28.352368195560526],[-14.065215078021016,28.35230538038493],[-14.065889423568368,28.352217573174176],[-14.066503468925507,28.352243864879515],[-14.067742579928206,28.35269361275291],[-14.068400135466804,28.3526778245512],[-14.06889655922774,28.35278850903533],[-14.069458241917262,28.352627994340924],[-14.070084231989481,28.352244066677446],[-14.070363442134537,28.352149363156396],[-14.070557293156089,28.35215992728856],[-14.070984542163226,28.352303060188984],[-14.071323324829065,28.352355336601693],[-14.071982713592794,28.352222338635396],[-14.072837607404951,28.35223350607297],[-14.07343123941711,28.352016426411254],[-14.073697621070526,28.352120349236884],[-14.07431329687843,28.352208292762324],[-14.074545407660825,28.352293333225337],[-14.07518354167334,28.352722840600578],[-14.075950299657203,28.353665452524236],[-14.076130597266232,28.353756944980788],[-14.075956316535109,28.354012252121553],[-14.075367718875642,28.35435413661856],[-14.075044029402454,28.354428925728936],[-14.074376056399384,28.354458764963155],[-14.073980570195454,28.354618695517285],[-14.07414695513709,28.35486013826245],[-14.074463450970802,28.355036167068015],[-14.07459872539641,28.355175438407798],[-14.074595015046139,28.355429148117747],[-14.074399268464125,28.355749295898093],[-14.074666973065856,28.355791261216886],[-14.0748685824676,28.355924627993875],[-14.074994471189939,28.35611569066334],[-14.075072743166544,28.35647942595532],[-14.074893649077149,28.357086656566775],[-14.07477974899379,28.357282717585914],[-14.074485105312208,28.35754631321962],[-14.07387093940845,28.357845133778874],[-14.07380916997146,28.357941032520454],[-14.073770070460291,28.358180655537076],[-14.073806755593555,28.35821916667717],[-14.074029959167804,28.358183287190215],[-14.074052153601954,28.35827369061823],[-14.07400511651934,28.358388617370505],[-14.074115652634815,28.358368860529424],[-14.074226110654603,28.358207572665112],[-14.07467768233667,28.358156778690226],[-14.074903854313169,28.358070353277675],[-14.075094361813967,28.357851127160224],[-14.075302127163388,28.357839827439097],[-14.075758743076902,28.357687086311522],[-14.075852433796337,28.357538681102614],[-14.076395795601757,28.357195468580773],[-14.076795157713473,28.357078883077186],[-14.077339460892402,28.35704155223676],[-14.077535840785165,28.357100648451706],[-14.077669651583939,28.357282519506157],[-14.07816486938172,28.357309688409355],[-14.07830214547719,28.357444925960248],[-14.078362539457336,28.357696776486495],[-14.078329845290863,28.358358418179904],[-14.078202920020061,28.358612315051502],[-14.07819027713077,28.35875289354834],[-14.078200492840963,28.358817662259483],[-14.07833289206881,28.358898718767847],[-14.078317604134556,28.359118709763198],[-14.078517080216267,28.359008855484834],[-14.078697110838839,28.358768603699545],[-14.079145665694627,28.35871746765679],[-14.079507679525696,28.358539966105354],[-14.0801705258868,28.358539529015236],[-14.080317221742552,28.358605218213164],[-14.080484168043656,28.358769690961132],[-14.080583090791444,28.35897499059818],[-14.080625226825088,28.35945172170073],[-14.08057209799086,28.359630154046055],[-14.080303682900885,28.36008586282568],[-14.079873344013913,28.360612976636002],[-14.0795226341939,28.361196796488027],[-14.079116158200739,28.361705736623914],[-14.078838022000088,28.362241231104317],[-14.078607921596507,28.36245572679336],[-14.078395020140208,28.362493569741257],[-14.078524432625224,28.362821697422063],[-14.078524018827919,28.36293102866782],[-14.078423381259153,28.363141624089728],[-14.078325522912369,28.363228922638164],[-14.078323889159575,28.363342424744378],[-14.078144399481271,28.36367019716163],[-14.077771867013636,28.364131974957548],[-14.077816465607219,28.364147873857856],[-14.078002774075687,28.364013669158844],[-14.078185812605353,28.3640310817731],[-14.078543436191538,28.363948292264183],[-14.078725959572225,28.36397336389158],[-14.079084931058333,28.363885671821045],[-14.07932596773175,28.36344002575932],[-14.079505481031577,28.363336100999884],[-14.07948334577277,28.363162513605065],[-14.079746612763808,28.362902739376207],[-14.079763035436205,28.362778072373796],[-14.07985929858468,28.362657852558314],[-14.080471746739446,28.362105105503176],[-14.081160532489804,28.361673604192017],[-14.082501605450252,28.36106596663854],[-14.082835551554059,28.36105332926473],[-14.083234950223119,28.36114715272299],[-14.083456237395538,28.361310967324783],[-14.083600623326454,28.361494194534455],[-14.083722479046257,28.361729685226308],[-14.083804776701736,28.362094327392604],[-14.083789174426249,28.36235215472156],[-14.08353932266825,28.363094657026263],[-14.083406385532244,28.363782930246224],[-14.083315402220663,28.3648944971731],[-14.083381124589456,28.365088595710773],[-14.08339198691797,28.365330290488522],[-14.083220558702076,28.365405390947632],[-14.08335288381538,28.365472713387415],[-14.08339070738872,28.36578317934665],[-14.083463631024381,28.365809087340285],[-14.083618452695696,28.365780802057994],[-14.083875630003865,28.365569079458947],[-14.084409065326891,28.365304775074666],[-14.084739093472457,28.365317389274605],[-14.08513668019643,28.365143866859434],[-14.08534345116695,28.365250102359838],[-14.085199464050435,28.36476720142211],[-14.085421484864158,28.364046885335696],[-14.085587060446565,28.363801770739762],[-14.085910371997485,28.363512835391905],[-14.086089118052126,28.36322499724744],[-14.086191731862748,28.363139322528205],[-14.086539083139385,28.36265351413103],[-14.086838658169528,28.36212681207734],[-14.087152593991993,28.361858119700774],[-14.087375711534317,28.361732524628863],[-14.087785168495811,28.361911031716154],[-14.088059567080396,28.36217988906139],[-14.088355703410347,28.363697555899886],[-14.08856517342057,28.364151989725322],[-14.0886003399398,28.36456974909671],[-14.088763586451934,28.36431939784818],[-14.088987676189523,28.36415683547245],[-14.089435652844774,28.36399389978098],[-14.089674270776738,28.363979742565036],[-14.08941214091371,28.363702341304826],[-14.089607041945333,28.363654793172845],[-14.08987745819849,28.36340714184033],[-14.090590245053212,28.36231508064803],[-14.090703261018252,28.36220686122078],[-14.09085488933963,28.362187265590478],[-14.091005990799323,28.362229495692933],[-14.091231096470274,28.362153984825248],[-14.091310140826282,28.361997961379988],[-14.09152179193325,28.36178520734134],[-14.091927046044786,28.361047352920327],[-14.092030171031904,28.361036305652128],[-14.092477174684038,28.36056342965891],[-14.092762714104767,28.360521561884674],[-14.092882504812389,28.36045014933372],[-14.09307660023949,28.360088370754248],[-14.093424847501591,28.359746833666133],[-14.09344750393942,28.359189201320188],[-14.093587342395855,28.358876488605024],[-14.094154051800173,28.358445688246434],[-14.094633601738252,28.358228200651613],[-14.095377229986305,28.35815934697999],[-14.09558359098093,28.358275095948258],[-14.095807092606089,28.358872740895958],[-14.095851172983728,28.35952783003556],[-14.096004510558078,28.359442041757735],[-14.096128216801329,28.359433194806137],[-14.096366051450591,28.35920181394175],[-14.09669601506324,28.35920559793918],[-14.09679382319035,28.359122040412682],[-14.096991444439192,28.359098951506816],[-14.097170753327356,28.359286439749937],[-14.097141851161478,28.35912781141082],[-14.097228405521385,28.359009094189386],[-14.097676068466116,28.358956464995405],[-14.097775654057363,28.359010116831353],[-14.097583942155833,28.358821969603625],[-14.097395344768811,28.358535926452603],[-14.09739935128355,28.358318033291305],[-14.097466462709422,28.35810444812583],[-14.097746418505464,28.357742075379985],[-14.098883350778175,28.357139990563496],[-14.099091140474865,28.357149604511974],[-14.099310327538992,28.357254745597608],[-14.09954114890453,28.357466102368274],[-14.09966851152912,28.357657288089687],[-14.100101360869896,28.35794234086101],[-14.100290443795341,28.358016664814897],[-14.100346018943872,28.358149184247896],[-14.100527422587474,28.35828238031183],[-14.100644564761248,28.358253113774783],[-14.100800739380126,28.35806249024267],[-14.101072779164172,28.35804248565707],[-14.101151789710812,28.357786653085785],[-14.101472756739975,28.357554520249245],[-14.102411513777673,28.35738379825568],[-14.1030028259232,28.357393159262912],[-14.103439890503639,28.357492036536932],[-14.103900601726945,28.357868714210063],[-14.104033701778885,28.358053263308015],[-14.104092618681461,28.35829632022319],[-14.10407645593407,28.358587941286263],[-14.104269215252318,28.3588617181451],[-14.104288227588,28.359188384394745],[-14.10420798702054,28.35937271411765],[-14.104507361051182,28.359198913139082],[-14.104578860047859,28.35926336952779],[-14.104579090671335,28.359367199585463],[-14.104749705827945,28.35946392558037],[-14.104954054706928,28.359315070931302],[-14.105177068236454,28.35887274274249],[-14.10532974751362,28.35874765741779],[-14.105549225861262,28.35874129868714],[-14.105681244428185,28.358651180380857],[-14.105885620464388,28.358732529088094],[-14.105904207130477,28.358681968758685],[-14.105765399132588,28.35853028456606],[-14.105846775401329,28.35841946178512],[-14.105738361651841,28.358249933467384],[-14.105740627711834,28.357994172405814],[-14.10594015123811,28.357509807078895],[-14.10600895612616,28.357145589934305],[-14.106140559623467,28.35679291372998],[-14.106487178089873,28.356288715189905],[-14.106781678303983,28.356032557864943],[-14.10720629566139,28.35589814003872],[-14.107248178056835,28.355898567693117],[-14.107077628934308,28.356471085453407],[-14.107052778510385,28.356841060972126],[-14.107220870940704,28.357575677445308],[-14.107260978179857,28.357663954710404],[-14.10749323105025,28.35781964294399],[-14.108066273141104,28.358132739193703],[-14.108959632626302,28.357860139094583],[-14.109376509620349,28.357871238956083],[-14.109801718397419,28.357964864539838],[-14.111303610791277,28.357782583350115],[-14.111801739729275,28.357863707269058],[-14.111573080137802,28.357997484639778],[-14.110257957426194,28.358492933869403],[-14.109089001652002,28.35961192690899],[-14.108686878895524,28.359841949646718],[-14.108585362700802,28.359955088567485],[-14.1086113431258,28.36034823290215],[-14.10855127208543,28.360854987253866],[-14.108370650065423,28.36139327612114],[-14.10806615203751,28.36199929041079],[-14.107114561168045,28.363582388514633],[-14.106876138803637,28.364758133631444],[-14.106784017128293,28.36502081563284],[-14.106265425314799,28.365493134291366],[-14.106336808533998,28.36566459472814],[-14.106675796453963,28.3656753281216],[-14.106987682338376,28.36574929226881],[-14.107186337702563,28.365837976117817],[-14.10736825406331,28.36599051882941],[-14.10746218306607,28.366316655020164],[-14.107501308902851,28.367065292188464],[-14.107398280696843,28.367319084502636],[-14.107278336943473,28.36744798766094],[-14.10701156640607,28.36757693091529],[-14.105355792880097,28.367853044941388],[-14.104805567639625,28.36804555425779],[-14.104751907580116,28.36813589716799],[-14.104769219760382,28.36821313073709],[-14.105240034957443,28.368480075740813],[-14.1054867853987,28.36875781567258],[-14.105667739082877,28.36908872111711],[-14.105681379776932,28.36921445535354],[-14.105618551343303,28.36943918373288],[-14.105418730186976,28.369615372840183],[-14.10517324003871,28.36972236486725],[-14.104209956932223,28.369986679824663],[-14.102935054700511,28.369963989508037],[-14.102809000535288,28.370066139818647],[-14.102805318876543,28.370207781763387],[-14.102884710414996,28.37031979586663],[-14.103874363839077,28.371100545545413],[-14.104696833956202,28.371467575603116],[-14.104809150657434,28.371625730160297],[-14.104844792121279,28.371775871327635],[-14.10473642059144,28.37221259625314],[-14.10445504728066,28.37249396294529],[-14.104095353120526,28.372642219447147],[-14.101823203277245,28.373133311085574],[-14.101340603655395,28.373280037216173],[-14.10125821355162,28.373368744984973],[-14.101258996706465,28.373469554656012],[-14.101421932348005,28.373729003611977],[-14.102251813258597,28.374046263727777],[-14.102539836451802,28.374266097852843],[-14.102733455201209,28.374556923771294],[-14.103036013452753,28.375494904158703],[-14.103093340994084,28.376070782319278],[-14.10284180588906,28.37720454930797],[-14.102681275995273,28.37745853651043],[-14.104261014498212,28.378345551418636],[-14.104664607790196,28.378662089072467],[-14.105301218748648,28.379540997728025],[-14.106113668853416,28.380909175136946],[-14.106395522812006,28.381585595722054],[-14.10685058017425,28.382961001611392],[-14.107133234984369,28.38362096211816],[-14.10733100213774,28.383912251050656],[-14.10746373020057,28.38408472627945],[-14.107734514737261,28.384283450924055],[-14.10944515356878,28.38496127896132],[-14.11066427038779,28.386133122537146],[-14.110222044299505,28.386147412511264],[-14.109231035205228,28.38606368284496],[-14.108256192680976,28.386146115535503],[-14.107660583653791,28.386116374560686],[-14.107446414650413,28.386067024832307],[-14.106769339719126,28.385718004746785],[-14.106396502789599,28.385675836089796],[-14.106137485977047,28.385782487593595],[-14.106508141178704,28.386213959957573],[-14.106617775877433,28.38669414956624],[-14.10683671757503,28.386992510087644],[-14.106914644399824,28.387295858261584],[-14.107172378140877,28.387354890560026],[-14.108158727985732,28.387762392080685],[-14.109893460583802,28.38785505181082],[-14.11084857709438,28.38805407788222],[-14.111886390506596,28.388177401155993],[-14.11253305799182,28.388039063840605],[-14.112976724696624,28.387852628395873],[-14.113716314225277,28.38764023464471],[-14.115586659205677,28.387179251963428],[-14.115810615657725,28.387230674358047],[-14.116155001606264,28.38743582643048],[-14.117146412434234,28.387892263359088],[-14.118140196454236,28.388141900351346],[-14.11913343194261,28.38822140086157],[-14.120238449469198,28.38818766016275],[-14.121197168983798,28.388041782310193],[-14.121467154428249,28.388096669543135],[-14.121689229520918,28.388679108619897],[-14.122231054394739,28.38979347247421],[-14.12217285915654,28.390103896654722],[-14.122293647191206,28.39063064036272],[-14.12251520049425,28.39070745416734],[-14.122653799117277,28.39085276585082],[-14.122987874142783,28.391415840624028],[-14.123640331132998,28.392115687822187],[-14.125071077134042,28.392825324979675],[-14.126004987344585,28.39321460754282],[-14.126637524723275,28.393287542629437],[-14.127153282370374,28.393271937873315],[-14.127301995000753,28.393398661588748],[-14.127936760822363,28.393006313269655],[-14.128199647064722,28.392972757357498],[-14.128895052798438,28.39305172560216],[-14.12916282937464,28.392939346179208],[-14.129336402806446,28.392803257180606],[-14.129531807804932,28.392513645322797],[-14.129967406480546,28.39162405174488],[-14.130036265851713,28.39143125839575],[-14.130031542426867,28.391129680710716],[-14.129854303890848,28.390353901748686],[-14.12975617076775,28.389423214494073],[-14.129520227652538,28.388558657346234],[-14.129642798749966,28.38806783679509],[-14.129650171401321,28.38762003037459],[-14.129401748143108,28.38694935742981],[-14.129172203958317,28.386661651454826],[-14.12870553473362,28.385216207418996],[-14.128083907341614,28.38391014599988],[-14.127540298147009,28.382505933729412],[-14.127215039691285,28.381888488820405],[-14.12623863423839,28.38057392738567],[-14.125786473049738,28.38017980444475],[-14.125511177232106,28.379739291977096],[-14.12505379161493,28.37881856172779],[-14.124438461135266,28.37824549813817],[-14.124162907869579,28.377684788232873],[-14.123868460559237,28.377400519608624],[-14.123727627534347,28.377057078327024],[-14.123768283698787,28.3769184081707],[-14.123859375539707,28.376827007574636],[-14.124215944211674,28.37661049464205],[-14.124502340654988,28.376319027608176],[-14.124703792814538,28.375743067633596],[-14.125053965267968,28.375056723581388],[-14.125182991563642,28.374655198892775],[-14.124928351323659,28.374206730234043],[-14.124261367182072,28.373331750129385],[-14.124183325409158,28.37302752534065],[-14.124176817167692,28.372691717048014],[-14.124429851265782,28.372221379419226],[-14.125459734997694,28.37100042400581],[-14.125585104040018,28.37048651665215],[-14.125518848221104,28.370203317954758],[-14.125077701459045,28.369760873854187],[-14.124677876022496,28.369630775529114],[-14.12412160754517,28.36956799047279],[-14.123509686996933,28.369363025268036],[-14.12343807920058,28.369294687610452],[-14.123406365326373,28.369155254132064],[-14.123173822700206,28.369169229547378],[-14.123044341557485,28.3691097622839],[-14.122725223624737,28.368775968118417],[-14.12293993917082,28.366809776414662],[-14.123089170743432,28.366452575611554],[-14.124370808217915,28.3640595556265],[-14.124523350106944,28.363576440198422],[-14.124525246858388,28.363201096359152],[-14.12413145432866,28.361553779204947],[-14.12394186185634,28.360954608986628],[-14.122656035534636,28.358671494498253],[-14.122465423666902,28.358240032194626],[-14.122407944438498,28.357804669706134],[-14.122402733632695,28.35695444551961],[-14.122316880097536,28.35659457632153],[-14.122133334869634,28.356361456497833],[-14.121438431467991,28.35579012407039],[-14.121125200998076,28.355430675477205],[-14.12017023263935,28.353875180983753],[-14.120117642456975,28.353773883147213],[-14.12013262255166,28.353699459143606],[-14.1202375273015,28.353683004153606],[-14.121223049094468,28.35418971933881],[-14.121458414584481,28.354235428367833],[-14.121729746120472,28.354220576884348],[-14.12195824086719,28.35414897183717],[-14.124507361761557,28.352885358015705],[-14.12483421514193,28.352788537324976],[-14.125146090039784,28.352836021705308],[-14.126505019862828,28.353274526794646],[-14.12687235701751,28.353337689075744],[-14.128540682158132,28.35336987012879],[-14.129235031412245,28.35333171064276],[-14.129586733359393,28.35326043706521],[-14.12989182956723,28.353108585690283],[-14.132401695724491,28.3512624230037],[-14.13447083776767,28.350139407645823],[-14.135777289706889,28.34914123670418],[-14.136188488187775,28.348735845307555],[-14.136912906288229,28.348164925548282],[-14.137199347977328,28.347722636286317],[-14.137348432300858,28.347253057747047],[-14.138048782530566,28.346481659219453],[-14.138389331753686,28.34591277260691],[-14.13872455044098,28.345624758172356],[-14.139169690940452,28.345460753684534],[-14.140343800956602,28.345194202187656],[-14.140867569309034,28.345198793080474],[-14.141562866496292,28.345335171213407],[-14.14225774104719,28.345590410280156],[-14.142887066081142,28.346055356775942],[-14.143390319575346,28.346282659025743],[-14.144120545750503,28.34674678939403],[-14.144242473405635,28.346972850489095],[-14.144273558958885,28.3471424417799],[-14.144190958187865,28.347508751629057],[-14.144201213029122,28.347899329043063],[-14.144832742611674,28.34881011571229],[-14.144855580277381,28.34930128860439],[-14.144990853586815,28.349451467516566],[-14.145777321832359,28.34994944738275],[-14.146177000920146,28.350979781841644],[-14.146349719523041,28.35122493369978],[-14.147038196109797,28.351878420616526],[-14.147517595678512,28.352153506405212],[-14.147747550230033,28.35244334236693],[-14.148057065872301,28.352716073757094],[-14.148284077190423,28.353375029202077],[-14.148343395679495,28.353986740567805],[-14.148486943574467,28.354221444701032],[-14.148700803587218,28.354411546508196],[-14.14918407871105,28.354504527527173],[-14.150188447824624,28.35511822284414],[-14.150913310436202,28.35569319913212],[-14.151484204718727,28.35598863555005],[-14.15177119683808,28.35623738010889],[-14.152041427260482,28.35658220389155],[-14.153003258321597,28.35743288815191],[-14.153254464686123,28.357624794523815],[-14.15376561893867,28.357879412834816],[-14.153963202978185,28.357957181775138],[-14.154252414619668,28.357983951636335],[-14.154729543823839,28.357933185760327],[-14.155404515692624,28.35796885190858],[-14.15628572725772,28.358170006191962],[-14.157466478708377,28.35834670340649],[-14.158354199492925,28.3587584498374],[-14.158573627012016,28.358980902960443],[-14.158663693153056,28.359153608050203],[-14.158855715651748,28.359839210865083],[-14.15887901511727,28.360280126146257],[-14.158963801377956,28.360434159180656],[-14.159146476704791,28.360607588600782],[-14.159763963326117,28.360854888293392],[-14.16066626989825,28.361424263668294],[-14.16091724823514,28.36206328082453],[-14.161009557513225,28.362159166451647],[-14.161572988606066,28.3625293071661],[-14.162745890640128,28.362517315897293],[-14.163118759826897,28.362579530635138],[-14.164477786215407,28.363318498622363],[-14.165524955397876,28.364159951923558],[-14.165638715746933,28.364436491530856],[-14.16579696731515,28.36466100496777],[-14.165021219348116,28.365270639367004],[-14.164909816194506,28.36552731448944],[-14.16483066412704,28.365600908354654],[-14.164892302525974,28.365736174744494],[-14.16486358629147,28.365926498586923],[-14.164601130972509,28.365930513967633],[-14.164533879222432,28.36609503012257],[-14.164336822861042,28.36634815597933],[-14.164296283136439,28.366812652759105],[-14.163969494891335,28.366941629523428],[-14.163564379020576,28.36699186707168],[-14.16349978287633,28.367041286779315],[-14.163432899855913,28.36726777001373],[-14.163444085343176,28.367605918016853],[-14.163665709772488,28.367895405737745],[-14.163538921833403,28.367947774596423],[-14.16353413576982,28.368058371325574],[-14.163420902763258,28.368146774914027],[-14.163457821936895,28.368253737234067],[-14.163404005666061,28.368344238441086],[-14.16319635725447,28.3684221064025],[-14.163024617425794,28.368361126624894],[-14.162695624408752,28.368588157195248],[-14.162221797202342,28.368711758414985],[-14.162348560783133,28.369385094370216],[-14.162481972249482,28.369529179154647],[-14.162609380175555,28.369881634645555],[-14.162718891189387,28.37003365992674],[-14.162624363681065,28.370318011773477],[-14.162703415452985,28.370564589751265],[-14.162099809521534,28.370605226995057],[-14.16199550179613,28.370663798172032],[-14.162022183771995,28.370816316694757],[-14.161847401399942,28.370991435024955],[-14.161790941369508,28.371220580888924],[-14.161554380425642,28.37154305194231],[-14.161663686599457,28.37155498901263],[-14.161504862575745,28.37173540413514],[-14.1614230584716,28.37196366277675],[-14.161417122703613,28.37205403340843],[-14.16155101881561,28.37212115503428],[-14.161562689883654,28.37231373013891],[-14.161335048350786,28.372490472258626],[-14.161375345270201,28.37250783399453],[-14.161349276609927,28.372583638715],[-14.161156264096752,28.372693808183637],[-14.16117972090331,28.372742477768664],[-14.161418155026386,28.372820776450535],[-14.161575432062728,28.37283734132863],[-14.161743441927579,28.372792006671304],[-14.161897982536223,28.37285030085865],[-14.161926575746577,28.372951859750803],[-14.1617694160343,28.373102092474525],[-14.161973882581849,28.37304082469729],[-14.161987632152892,28.37317679975421],[-14.162143874816206,28.37314325278861],[-14.162243514006425,28.37319599193063],[-14.162406878294254,28.373544624694695],[-14.162599716326083,28.37353987926087],[-14.162301791017654,28.373868347005953],[-14.16246979868129,28.373849449415925],[-14.162471949376588,28.37396542314233],[-14.162565025474006,28.373965128489477],[-14.162527660055355,28.374133157647396],[-14.162607434581558,28.374220435363533],[-14.162691549801798,28.374139652470465],[-14.162774503900165,28.37419633250914],[-14.16269192953832,28.374314827653983],[-14.162731241417877,28.374382369015933],[-14.162640752351889,28.37446904303223],[-14.162732158545174,28.37454110162922],[-14.162736953791034,28.3746114547626],[-14.163015716346777,28.374462103122173],[-14.163033722944636,28.374664402172353],[-14.16316115839429,28.37488947843753],[-14.163049183118146,28.37498308837077],[-14.163020271226044,28.375088337682158],[-14.162791815768054,28.375402059790577],[-14.162930369329898,28.375391357131672],[-14.162876023800663,28.375533132966506],[-14.163050533046103,28.375268760077535],[-14.163233355599782,28.37516216303842],[-14.163321159165084,28.375183633961125],[-14.163376813709908,28.37529113546871],[-14.163346603581195,28.375379777567648],[-14.163175869027473,28.37542854544086],[-14.163363113672093,28.375481550823434],[-14.163388702929705,28.375565607077053],[-14.163105266323829,28.375797846039116],[-14.16317029480286,28.375831886210474],[-14.163104691872396,28.37595164112445],[-14.163133007925031,28.376005539342096],[-14.162906622480683,28.376320565043304],[-14.162986630337501,28.37650316137269],[-14.162883662058766,28.37668161017352],[-14.16291380835728,28.37683516967708],[-14.162827621651791,28.37691436032616],[-14.162848883620772,28.377019204657476],[-14.162694694806335,28.376956869877954],[-14.162223200099547,28.377069797623886],[-14.162172147638056,28.37724943146938],[-14.162470037525777,28.37724375244992],[-14.162539087352028,28.37729343307894],[-14.162553885950189,28.377379156204658],[-14.162368403948546,28.377527500423373],[-14.162184254893903,28.377521747124902],[-14.16225654923602,28.377730003237335],[-14.16202638343932,28.377787665228098],[-14.162056988750857,28.377856732829795],[-14.162475990913808,28.378008503383327],[-14.162490668307415,28.378052497334156],[-14.162448146905781,28.378117938230123],[-14.162273822364755,28.378093046543412],[-14.162167066358055,28.37825442985022],[-14.162172536884052,28.378363491740426],[-14.16233421405007,28.378345864329734],[-14.162368572010253,28.378379003309153],[-14.162315963404081,28.37854880702841],[-14.162428318665189,28.378687987534576],[-14.162175027119744,28.378820606143258],[-14.162154247194222,28.378903799851507],[-14.162384351189505,28.378947827211363],[-14.162417464851048,28.379113382863785],[-14.162717653703421,28.379174304268997],[-14.162767761208292,28.379338520036157],[-14.16258839149263,28.379472306544006],[-14.162205635028513,28.37955429562329],[-14.16217190140312,28.379841637936238],[-14.161988874172067,28.379983488668433],[-14.161837220787033,28.38022127366465],[-14.16201108439557,28.380040373349846],[-14.162169751733547,28.37996451729832],[-14.162254273685313,28.380014428584733],[-14.1622656505995,28.38018751393247],[-14.162087808506959,28.380459085998503],[-14.162177516153731,28.380830950868276],[-14.16230707653362,28.381009672970766],[-14.16226829801786,28.38124801676491],[-14.162360600330098,28.381819756919757],[-14.162287240606293,28.3819700806689],[-14.162070860105555,28.382184089920468],[-14.16223561362346,28.382222498611934],[-14.162313822201732,28.382452607430867],[-14.162442801236217,28.38252374182518],[-14.162448785728824,28.382858391097045],[-14.162509531066021,28.383009403668495],[-14.162463155312766,28.383092304671337],[-14.162260070974689,28.383183043016228],[-14.162187307138657,28.383117182395335],[-14.162121617758135,28.38312255533922],[-14.162096753964208,28.38326811336767],[-14.161941575538517,28.383439596810835],[-14.162078129087869,28.383419793447075],[-14.162119731326442,28.383461199952652],[-14.162198520609246,28.383601925337693],[-14.162182967864451,28.383752315504854],[-14.162392461836374,28.38398380899899],[-14.162466838791154,28.384467920126802],[-14.162562608185613,28.38470795725672],[-14.162473511204198,28.38486569415324],[-14.162338117823388,28.384929851015574],[-14.162172411756362,28.384928985772202],[-14.162053378899664,28.38482311604491],[-14.161909214572253,28.384922745891345],[-14.16213723659686,28.385139758256557],[-14.162158913248904,28.38524907313274],[-14.162410989552301,28.385325008128213],[-14.162487383300222,28.38566168766633],[-14.162696967837986,28.38560678715733],[-14.162798088239008,28.385690747875568],[-14.162532182113056,28.386127708782624],[-14.162334057628591,28.386235961450925],[-14.162467824636247,28.386280263147743],[-14.162573692128811,28.3864563751719],[-14.162658347566218,28.386739381080336],[-14.162590243474327,28.387244008608217],[-14.162449938746363,28.387350883672827],[-14.162270504402729,28.387283347435655],[-14.162031909646739,28.38740303979941],[-14.161914132722465,28.387412289482718],[-14.161839395808128,28.387503527505437],[-14.16179752260431,28.38778706435677],[-14.161800535182616,28.387834876896367],[-14.161901166518378,28.387872178565683],[-14.161921444359718,28.387951734309038],[-14.161841890377373,28.388432163716157],[-14.161983392567961,28.38840690303602],[-14.16206040248742,28.388556264659424],[-14.162101788289851,28.388983713604567],[-14.162071791891876,28.389169117901478],[-14.162216758526348,28.388900656921713],[-14.162204526224652,28.388711680310827],[-14.162272813012216,28.38865159718455],[-14.162374824352323,28.388679664115475],[-14.162446514789615,28.389048800116893],[-14.16249404704635,28.38906844456148],[-14.162630146536047,28.38899822635763],[-14.162673376202134,28.38902506530062],[-14.162542666789792,28.389282196194397],[-14.162665160200568,28.38965497498218],[-14.162584026744478,28.389837889799796],[-14.162350788599458,28.389909108447245],[-14.1621847372381,28.389759046084244],[-14.162011042256593,28.389765912038218],[-14.162158329119977,28.389934633829004],[-14.162204082137396,28.390206578211867],[-14.162364315469866,28.390073676969166],[-14.162480842560383,28.39015108932002],[-14.162469328635742,28.390286195674566],[-14.162348804710328,28.39036921839258],[-14.16225661005119,28.390629474096592],[-14.162127224227229,28.39123191177918],[-14.16219792492024,28.391280447406892],[-14.162290885876208,28.391270756136006],[-14.162295182236086,28.39133188122923],[-14.162109682922898,28.391494801713062],[-14.16182531058685,28.392034762904657],[-14.161574043564901,28.39215497199276],[-14.161517551752171,28.39229311405652],[-14.161438690396267,28.392337263508278],[-14.161232147671454,28.392309996574603],[-14.16117241454255,28.392138924469062],[-14.160921959375523,28.392378852433723],[-14.16067065600281,28.392477532003188],[-14.16052289451205,28.392425921255306],[-14.160274274169566,28.392515662581907],[-14.160083725706599,28.392365446715274],[-14.159947501109986,28.39243523724631],[-14.15974574674952,28.392339253709004],[-14.159762900504866,28.39204343407077],[-14.159610109400496,28.392282806472036],[-14.159550812935308,28.392248222226165],[-14.159523676283385,28.39200311866857],[-14.159579727976038,28.391745088165205],[-14.15937090905979,28.39207380849493],[-14.159189106903678,28.392264187488763],[-14.159031627850176,28.392228265963393],[-14.159047713783629,28.392026601624885],[-14.159007992266577,28.39201047026461],[-14.158434192419277,28.392190494036907],[-14.158141371275867,28.39237614207245],[-14.157968908777393,28.392706953205828],[-14.157866203137633,28.392766397095937],[-14.157932751260901,28.392833954615377],[-14.157909561675222,28.392875115372245],[-14.157508810143968,28.392871771385728],[-14.157334578886877,28.393245183592594],[-14.157274805994225,28.393219242555013],[-14.157265256395968,28.393048343842093],[-14.157081425004664,28.39328809894618],[-14.156973049738465,28.39333637771219],[-14.156847617317082,28.393295741665852],[-14.156695352537879,28.393508829478396],[-14.156558162767976,28.3935762998617],[-14.156502629245589,28.393742038851013],[-14.15650035014909,28.393947389711556],[-14.15655539287692,28.394065423591776],[-14.156530500193135,28.39414109891085],[-14.156429683902887,28.39416791449406],[-14.15636902507626,28.394088821085358],[-14.156292787186299,28.394146694593697],[-14.156076331234406,28.39417481562833],[-14.155889464572999,28.394369355846884],[-14.155662215568945,28.394811316426427],[-14.155498275439774,28.395358364312052],[-14.155491733723965,28.39548310243236],[-14.155602303684619,28.39573523159794],[-14.155521858429454,28.395952806801645],[-14.15543145449023,28.396726047348828],[-14.155467184056567,28.396998644447635],[-14.155571682439987,28.39714124776576],[-14.15599125684093,28.39732697200422],[-14.156366307170202,28.39740179374104],[-14.156550038016347,28.397382134937168],[-14.156706602945365,28.397451847968107],[-14.15703145249789,28.397307416793854],[-14.157115667715884,28.397340730172022],[-14.157158008179655,28.39743890871832],[-14.157112234651782,28.397857153940024],[-14.157015016820369,28.397924140842246],[-14.156718444468744,28.397936593898248],[-14.156480712891911,28.39861375940498],[-14.156445354095034,28.398830170025228],[-14.156473500258915,28.39900378334725],[-14.156619116332404,28.399368487178144],[-14.156808805377958,28.399632053946704],[-14.15637038525266,28.40021209105798],[-14.156100060428257,28.40041533917388],[-14.155544879239416,28.40060455455151],[-14.154333356307866,28.40078927044138],[-14.151993465990747,28.400713490518076],[-14.151141245994907,28.400751219707974],[-14.15102895695659,28.40085507067639],[-14.150362345893356,28.401891168438937],[-14.150265557591933,28.401969860050166],[-14.150231916496963,28.40218930324315],[-14.14985070354242,28.402598520167913],[-14.149806016129231,28.402794940605443],[-14.149708570182913,28.402914931659353],[-14.149930861317245,28.403728669608057],[-14.149741426316991,28.403832200409465],[-14.149605239260739,28.40400709970477],[-14.149476401439443,28.40434819931933],[-14.149491356220002,28.404426225042375],[-14.15003343026021,28.40434309240188],[-14.150485097331307,28.404505791444063],[-14.150943238966853,28.404829683440198],[-14.151806232057172,28.40576585265229],[-14.152049708534896,28.40587303853549],[-14.152426024213147,28.405892313929307],[-14.153344216003454,28.40576415659842],[-14.153767950209014,28.405651100783768],[-14.154105210199072,28.405757466581782],[-14.154258681470665,28.405683321452944],[-14.154507735896846,28.4054200022398],[-14.15483435587308,28.40522189088337],[-14.154976450974909,28.40542724348649],[-14.15531654183656,28.40562980727318],[-14.155740638933164,28.40560457266844],[-14.156304780215525,28.405911195844826],[-14.156571301375623,28.405942461505525],[-14.1567432607237,28.4058435878724],[-14.156985757846241,28.405912677308056],[-14.157291760338476,28.405815634438067],[-14.157382040504867,28.405883203650845],[-14.157346666898418,28.406044599347148],[-14.157415911428181,28.406102642099896],[-14.157906008465712,28.406034772001174],[-14.157907413880043,28.406285628480735],[-14.15803837578416,28.406274460288426],[-14.15818333224716,28.40640937763808],[-14.15820730531578,28.406806679647364],[-14.158114616734883,28.406960924549633],[-14.158136809668282,28.40706171313818],[-14.158318519691449,28.40720163238487],[-14.158361033561164,28.40769176626541],[-14.158329526514567,28.407916866079447],[-14.158157067801147,28.408243921457235],[-14.15755001668287,28.409121127063163],[-14.157504042968796,28.40927508272391],[-14.157539231132356,28.40941076588912],[-14.157464638975762,28.409522509399395],[-14.157512596450681,28.40977842858565],[-14.157358872892567,28.410116150323677],[-14.157281458940382,28.41014578280098],[-14.157319225635272,28.41043549631517],[-14.157418611986223,28.41071512966003],[-14.15781105758061,28.411240066721035],[-14.157801966772022,28.41171299329855],[-14.157560222954562,28.41237265039784],[-14.15738701479662,28.412586763809642],[-14.157263494355496,28.412590620931017],[-14.157302521130608,28.412422027075856],[-14.157228580577279,28.41233767085842],[-14.15730400870311,28.41181107883324],[-14.157126321550153,28.411801819545015],[-14.157085471924903,28.411720980667283],[-14.156867799863159,28.41173057303221],[-14.156838278264345,28.41182299923349],[-14.156929203639809,28.412106190982854],[-14.156919501540264,28.41234124576629],[-14.156770620769871,28.412824706783738],[-14.156634889734947,28.41302445584764],[-14.156637963243567,28.413280828364744],[-14.156553244150237,28.41358271792509],[-14.156490104489999,28.413676199467627],[-14.156376228286524,28.413673896439036],[-14.15632520601052,28.413722394113815],[-14.156097647368323,28.414074522821117],[-14.156074994160706,28.41421215852928],[-14.15587843229791,28.41432185436182],[-14.15551698576174,28.414939037107523],[-14.155424996074078,28.41493686898577],[-14.155370299646352,28.414789510851808],[-14.155221185524066,28.414956265806946],[-14.15512823527555,28.414992795909942],[-14.155167360865656,28.4154400255266],[-14.154996834841201,28.416096941937816],[-14.154732966011508,28.416510211959178],[-14.15465132686102,28.416325579594652],[-14.154666373963604,28.416076405276087],[-14.15460109369305,28.416084222896945],[-14.15400129927676,28.416927814960736],[-14.154169514534336,28.416948058660964],[-14.154217827201895,28.417035299152015],[-14.154108313003379,28.417454878997816],[-14.154020236250332,28.417520187027016],[-14.1538377251622,28.417464173713167],[-14.153715906282855,28.4176077005515],[-14.15343585885348,28.417753691677447],[-14.153335919718298,28.418078013629053],[-14.15351813993446,28.417949900300478],[-14.153543908050068,28.4180527335415],[-14.153380178091187,28.41834633091894],[-14.15324970337018,28.41834567308432],[-14.153175220487915,28.418524425141147],[-14.153041067109305,28.4186319052001],[-14.153016545089562,28.418988332754637],[-14.152803630804588,28.419442352957635],[-14.152576631223134,28.419434008296253],[-14.15225537257524,28.41952848058829],[-14.15231218639428,28.419763524499842],[-14.152115017742474,28.42045506664714],[-14.151981848388823,28.420546241367663],[-14.15175257099047,28.420469850661995],[-14.151586133360356,28.420512870575113],[-14.151509762177435,28.42064106313082],[-14.151556997132529,28.42078144404391],[-14.151424047324587,28.420926921167535],[-14.151216043898206,28.42088676692229],[-14.1511931607592,28.420683570959717],[-14.151133386403016,28.420640739095433],[-14.150842882002586,28.420877661563868],[-14.150771516398127,28.42085439825601],[-14.150740931968777,28.420731008952455],[-14.150681130230085,28.4207172139935],[-14.150262184651464,28.420785212063322],[-14.1499820396244,28.420952009614663],[-14.149811920181179,28.421171989965146],[-14.149760884944241,28.421356735343902],[-14.14981950086319,28.421518986140587],[-14.149704412774208,28.42165199956026],[-14.149671382471205,28.42180416445321],[-14.149586025238065,28.42187077720624],[-14.14957373550862,28.42212589799408],[-14.149345409964,28.42260971977905],[-14.149208611906516,28.422760793894554],[-14.149234514071141,28.422831143410228],[-14.149500318188968,28.422906015471675],[-14.14961234166402,28.422747854214283],[-14.149656873675582,28.42300650707974],[-14.149877124268484,28.423165299246953],[-14.150004380075115,28.423145297406926],[-14.150041489114273,28.423039814310222],[-14.150175897725859,28.423024189531017],[-14.150366186449556,28.42289986790268],[-14.150446026974375,28.422925783859792],[-14.15042962795291,28.423163837623893],[-14.15047412801821,28.423211908976015],[-14.150539902571351,28.423199032802884],[-14.150770126086803,28.422952799261413],[-14.150852432912547,28.422997216008458],[-14.150727188277338,28.423435604246766],[-14.150739331344111,28.42349533409548],[-14.150843233557548,28.423510270614408],[-14.150892082174549,28.42361224629588],[-14.150858185652183,28.42391402420715],[-14.15089961750566,28.424290349852715],[-14.150921655755852,28.424328171641754],[-14.151022781639863,28.42425096940861],[-14.15106005403826,28.424426950795716],[-14.150933132895897,28.424773342756353],[-14.150635725296384,28.425274932488403],[-14.150745364965355,28.425333672892872],[-14.150875478389638,28.425324375115757],[-14.151054370927984,28.42520577635454],[-14.15120613079248,28.424940413831155],[-14.151244098095646,28.424947429196152],[-14.15124315920004,28.42500881046822],[-14.151110199371974,28.425825393315165],[-14.151010754667062,28.426019296635047],[-14.151087229849495,28.42618065630612],[-14.150975160421915,28.426385321316364],[-14.150941857128537,28.42665359760639],[-14.150859090166117,28.426845582920304],[-14.151092467264165,28.427064975644377],[-14.15111997408364,28.427195548498684],[-14.150901668421765,28.427431476570597],[-14.150708995438015,28.42776141846852],[-14.150901328567748,28.428006262041375],[-14.151171736170667,28.42781818174826],[-14.1512538602384,28.427885993019043],[-14.151105790849192,28.42871201292157],[-14.151114502884585,28.428782101423064],[-14.151264563388985,28.428919810846967],[-14.151330651357677,28.42882456333394],[-14.151378295038883,28.428834734982463],[-14.151379015631557,28.428964563109282],[-14.151268464124488,28.42924997693536],[-14.151205194210892,28.429235140568665],[-14.151061331437175,28.429303411173308],[-14.1510440068147,28.429386199619664],[-14.15113557429538,28.429499128569763],[-14.151157219739643,28.429611910326688],[-14.15129146258421,28.429561776444654],[-14.151337094677679,28.429673110079555],[-14.151308121952129,28.429890000179583],[-14.151353178617127,28.43003252471294],[-14.151271104433144,28.430311472732978],[-14.151262169712112,28.43066855604667],[-14.151178502240569,28.43075295271123],[-14.150815532700692,28.43069451001919],[-14.150771707702225,28.43073670482201],[-14.15065768229506,28.431021942909986],[-14.15083919420362,28.430975552430215],[-14.150938177581118,28.431044777856428],[-14.150924593562541,28.43141107490436],[-14.150789209264138,28.431655029482812],[-14.150700634139167,28.431658231783324],[-14.150683317709266,28.431371596629052],[-14.15064739406475,28.43130912794256],[-14.150607085640361,28.43131753254721],[-14.150479584581754,28.431612506847067],[-14.150371767343334,28.43169299738036],[-14.15026062605729,28.431412419827943],[-14.150146159568688,28.43169636393067],[-14.150060818378114,28.432209808906375],[-14.149963003261966,28.43237254491316],[-14.149907526326942,28.43237897713613],[-14.149801956410641,28.432285465508954],[-14.149660238424506,28.432493545387608],[-14.14957463207154,28.43253402555629],[-14.14951537258282,28.43246693381049],[-14.149534242639506,28.432313678868656],[-14.1494922887867,28.432248139420086],[-14.149416342096162,28.43259253713534],[-14.149376270891524,28.432603127182574],[-14.149313283405425,28.432552764642733],[-14.149239496192122,28.432601541307303],[-14.149191237053547,28.432573664710233],[-14.149153165244623,28.432431318592307],[-14.14905319293423,28.43242953833022],[-14.148893679159611,28.43232960514111],[-14.14879775113726,28.43235326769736],[-14.148667526085534,28.43248258373704],[-14.148570541888482,28.432367732824293],[-14.148410025718048,28.432403275735318],[-14.148132989289563,28.432779477395798],[-14.148034328891745,28.43272095701693],[-14.147986788162399,28.43278189304678],[-14.147990264698551,28.43293426764186],[-14.147860689119382,28.43306387577569],[-14.147863937174938,28.433392593333025],[-14.147583274515348,28.43338996955878],[-14.147442308563747,28.433732803480346],[-14.147273513098165,28.433934645545683],[-14.147125358266758,28.434032788635417],[-14.1469976646108,28.433983463787243],[-14.14679333063921,28.434037928816178],[-14.146574255854222,28.434300552980325],[-14.146556689398667,28.434519823971772],[-14.146664310771659,28.43466809467435],[-14.146537701893827,28.434743111715783],[-14.146481012795961,28.43484442706534],[-14.146450536207189,28.435466103082014],[-14.146561937268702,28.436161455721827],[-14.146713599496394,28.43627823038758],[-14.146615057797057,28.436627105908606],[-14.146726331176394,28.436809193428047],[-14.146757747939548,28.437006955177896],[-14.146678024248773,28.437316531383956],[-14.146785217412644,28.43731489267454],[-14.146833122576245,28.437412531172416],[-14.146759830492519,28.43775030034217],[-14.146772514607639,28.437976674927782],[-14.146889212313095,28.438134533967613],[-14.147024874349167,28.43799054129103],[-14.147173902974624,28.438003164046147],[-14.147202381043023,28.438104011342652],[-14.147091865186551,28.43820916872697],[-14.147086352304557,28.43828538725186],[-14.147119287511364,28.43833469599235],[-14.147277899971897,28.438237196254214],[-14.147338977088324,28.438566853523476],[-14.147269885703686,28.43858461742596],[-14.14713271500642,28.43845320346033],[-14.14695367074455,28.438516067924425],[-14.146861640265783,28.438638671203346],[-14.146821513343417,28.438900259765372],[-14.14661137933218,28.43904003038741],[-14.14656308193803,28.438991202877133],[-14.14657594539336,28.43879820479856],[-14.146431980765055,28.438917882581162],[-14.14633319457117,28.4386861931491],[-14.146101779120809,28.438734421515917],[-14.146083948359259,28.4390270553013],[-14.1460244846533,28.439147993886134],[-14.146212592609686,28.43916217170355],[-14.14603977936338,28.439522134157205],[-14.145982151544038,28.43953650326921],[-14.145944721587759,28.439492500523368],[-14.145865267871912,28.439539082401687],[-14.145800878235756,28.439500262941095],[-14.145685710160253,28.439258803232995],[-14.14539750533605,28.439948759136776],[-14.14526465231346,28.440067927717173],[-14.14515651211237,28.44037501363295],[-14.145088614128593,28.440447374129683],[-14.145005025919206,28.440439050441476],[-14.144959413137288,28.440340848074538],[-14.144869643608184,28.440425626444956],[-14.14481498322248,28.440421392721877],[-14.144609427355327,28.440235091704746],[-14.14453029518754,28.43977954033699],[-14.144473247346957,28.43989947342599],[-14.144410852660991,28.440506216995384],[-14.144340392083462,28.440531480538095],[-14.144242604781235,28.440485671722612],[-14.144133934534588,28.440670421857227],[-14.144043113109106,28.440586376752815],[-14.14387439954513,28.440760639731945],[-14.143763243917636,28.440741590282624],[-14.143724199971919,28.440639385127287],[-14.143771278781358,28.440459022700978],[-14.143756139662369,28.440269450277203],[-14.143448698675885,28.44022187947168],[-14.14324859515269,28.440317380417554],[-14.142712411686801,28.441987083907193],[-14.142622028640675,28.441347182724844],[-14.142474679201998,28.441926085752435],[-14.142404932743306,28.4418879620608],[-14.142385256783443,28.441734465600582],[-14.142301346594262,28.441781152643042],[-14.142248538490286,28.44174977887186],[-14.142234136772485,28.441524819434896],[-14.142159309237137,28.441468466862062],[-14.141863778080106,28.441604956704033],[-14.141658311457299,28.44195950821854],[-14.141579600678131,28.44227788782438],[-14.141500404198672,28.442292118953777],[-14.141436465867352,28.442374458379117],[-14.141299730309827,28.442391792430833],[-14.141174491916663,28.442320814783756],[-14.141028897805118,28.442003772887027],[-14.14068984061551,28.442486436303135],[-14.140550854023282,28.44258513519284],[-14.14048559871303,28.442729213757428],[-14.140521828786671,28.442887391238],[-14.14074491698386,28.443071101178663],[-14.140782980784348,28.443360043030562],[-14.141076782506769,28.44355975093575],[-14.141051399674073,28.443667904576156],[-14.140922292571288,28.443686288269564],[-14.140857545189593,28.443757375692535],[-14.140864743525963,28.44383714012086],[-14.140951618245877,28.443939494515664],[-14.140893494852277,28.443999647962137],[-14.140845622868332,28.444196467897303],[-14.14064343646709,28.444508001634755],[-14.14060942664883,28.44433406051903],[-14.140568605713662,28.44433062552505],[-14.140523160449613,28.444494975530844],[-14.1404328450518,28.444484720043164],[-14.140382551428697,28.444667678373133],[-14.140321030166,28.444476079756626],[-14.14018020928796,28.444513316568656],[-14.140179044487205,28.444899772896076],[-14.140107808817538,28.4450607825798],[-14.13958557934408,28.4455220666894],[-14.139643496859657,28.4458358207684],[-14.139606221252995,28.445999933214527],[-14.139317057884867,28.446301536674945],[-14.13911531868493,28.446435725001727],[-14.138856290385897,28.446904889901468],[-14.13879686440647,28.44695404029417],[-14.138734851165044,28.446929250146322],[-14.138850542465466,28.44636386238671],[-14.138788933427644,28.44610265294667],[-14.138645663018817,28.446618321590382],[-14.138488395697667,28.44681446610422],[-14.138456849422733,28.44693166946637],[-14.138164060441085,28.44703481661273],[-14.138172356929775,28.44681766398811],[-14.138096927277253,28.446971425030245],[-14.137939211754286,28.44711686618011],[-14.137897534451438,28.447072834371554],[-14.137928987619235,28.4468865986023],[-14.137881915972095,28.44684788511981],[-14.137898701962907,28.44672739313457],[-14.137772992294721,28.446875347552403],[-14.137744791273395,28.446710974254877],[-14.137695978005116,28.446766121584755],[-14.137656716027324,28.446746656124027],[-14.137584124339432,28.44659080197526],[-14.13742417485013,28.446810170554734],[-14.137382741721988,28.446801531653144],[-14.137408690868678,28.44650332789386],[-14.137248921665797,28.446765887511553],[-14.13721084874497,28.446720723002112],[-14.13720801974169,28.44645021858356],[-14.137128259839955,28.44645289006501],[-14.136870802294169,28.446943859145456],[-14.136876365628506,28.44660582020361],[-14.136778502167735,28.446664699790862],[-14.136694224655836,28.44651439434533],[-14.136602188548286,28.446539805728378],[-14.13650506437035,28.44666858826655],[-14.136367985557479,28.447034116608513],[-14.136230174313582,28.447157865872573],[-14.135951548929466,28.447905338991717],[-14.135688728096483,28.44791435685563],[-14.135550949635526,28.447858025057577],[-14.135455750242143,28.447910566174375],[-14.135325424714445,28.44790222835997],[-14.13526249292888,28.448125965576985],[-14.135174319957839,28.448118184315028],[-14.135029608959577,28.448231066107635],[-14.134747239608629,28.44902054739941],[-14.134662937962085,28.44905900424092],[-14.134351681535032,28.449452288093152],[-14.13432426442165,28.449593508111345],[-14.134188686233898,28.449748328317245],[-14.134135245268135,28.449303026790783],[-14.134119160893741,28.449256575225938],[-14.134045826368487,28.4492725722263],[-14.13364605435069,28.450165709065956],[-14.133376295028489,28.450438809980835],[-14.133285411779172,28.450442563660335],[-14.13322434774286,28.450516694456308],[-14.133085205884964,28.451093056379584],[-14.132955375005224,28.451223938473127],[-14.132868037395525,28.451554099422314],[-14.132277680543721,28.451385545769647],[-14.132175790419346,28.451641535964],[-14.132016612104993,28.451739149170898],[-14.131798116259086,28.451986885411028],[-14.131703861036524,28.451858176080094],[-14.131503326003855,28.45216248488777],[-14.131436358742599,28.452158880220868],[-14.13140927031395,28.45209936049415],[-14.131412907007347,28.451869316676145],[-14.131362477987155,28.451841555310295],[-14.131155177068711,28.452173837503437],[-14.13106530102243,28.452174130072386],[-14.131036358825257,28.452021593196406],[-14.13058700221145,28.452075181110928],[-14.130520992491894,28.452149288056752],[-14.130727947203722,28.45240897430224],[-14.130696059822668,28.452686477475556],[-14.13074291696556,28.452816328858972],[-14.130637430317455,28.45318174561761],[-14.130527793297732,28.453280404656297],[-14.130522180044277,28.453367308443962],[-14.130334397485328,28.453630104467642],[-14.130254586930748,28.453663252735907],[-14.130132964251287,28.453564117520248],[-14.129822378583178,28.45364229252831],[-14.129574251122989,28.453850689167414],[-14.129580582309458,28.453371974936687],[-14.12952768332849,28.453366437466244],[-14.129352306259737,28.453830052488406],[-14.129205628006378,28.454021767414023],[-14.129012521037533,28.454654526311227],[-14.128790277504153,28.454839556024726],[-14.12872270309573,28.45480517605736],[-14.128713104308446,28.454725260477165],[-14.128780859616992,28.45440868787726],[-14.12891412579257,28.454099042495915],[-14.128928706103581,28.453994866055197],[-14.128855445715878,28.45400132907123],[-14.128624448174854,28.454576519867153],[-14.128400515853325,28.45494248480075],[-14.128423218848805,28.45512315268615],[-14.128385762104653,28.455242048515725],[-14.128225506435577,28.45529561174838],[-14.128048192075326,28.455740302686298],[-14.127837191182437,28.455779522645763],[-14.127573293054436,28.456355213512104],[-14.127269724395692,28.45678652024129],[-14.127202168578277,28.456799526757777],[-14.127173981456124,28.456585453994848],[-14.127066930943592,28.456527577685456],[-14.127089985006823,28.456386773733986],[-14.127023774625735,28.456395167425836],[-14.126865305549414,28.456564121344332],[-14.126821162637967,28.456392711861422],[-14.126760361610378,28.45644877999463],[-14.126726794353235,28.4563575812664],[-14.126760795627362,28.456157347466064],[-14.126632473210254,28.456182518995735],[-14.126483837088827,28.456293344208248],[-14.126406642877825,28.45622775219672]]]}},{"id":"37","type":"Feature","properties":{"categoria":"Parque Rural","nombre":"Doramas","codigo":"C-12"},"geometry":{"type":"Polygon","coordinates":[[[-15.567378706270242,28.144201042569385],[-15.5670127319868,28.144258117698485],[-15.566786773466298,28.144223757448994],[-15.566576067491942,28.144124945162684],[-15.565865800533667,28.144177247872854],[-15.565428327667577,28.14415161200748],[-15.56500048277475,28.144194656551072],[-15.56488686109384,28.14426265493292],[-15.56487907025809,28.14421410447433],[-15.564653577819897,28.144093712774378],[-15.564262457807011,28.14402050919502],[-15.563657753815965,28.144171471686942],[-15.563048934933024,28.144256444001904],[-15.560911929218038,28.144348399538853],[-15.560186536138854,28.144213120371848],[-15.560148317704783,28.144113647073276],[-15.559951880837533,28.143912103645693],[-15.559856184703209,28.143898773807567],[-15.559820825324175,28.143839846443605],[-15.559757156029793,28.143503007185696],[-15.55979919776406,28.142904173545862],[-15.558763127464692,28.142019038614176],[-15.558620690859554,28.142005898459793],[-15.558102407069875,28.141625992959106],[-15.557649429242918,28.140602023126746],[-15.557556307028772,28.14020603198643],[-15.557626535259839,28.14004918414883],[-15.558101343271344,28.13960524147716],[-15.558567569540529,28.139362866147874],[-15.558754501400683,28.139371501124245],[-15.559024725942788,28.139292253495412],[-15.559415061164247,28.139343810995545],[-15.55961389152298,28.13919844290231],[-15.560215436037822,28.138974844961215],[-15.560714525115632,28.13869694270361],[-15.561007667020236,28.138670034532424],[-15.561503929254474,28.13847562151619],[-15.561881367228594,28.138464108961738],[-15.561975767933612,28.138347166928916],[-15.56206876713506,28.137747112329482],[-15.561542873758212,28.137632568615587],[-15.560863718853215,28.137403837318768],[-15.560335010283506,28.137060812176678],[-15.560086282931342,28.13666695715778],[-15.559907853425303,28.136130406470183],[-15.559793716375244,28.135549686182742],[-15.559253659771194,28.134116969028472],[-15.559080078380292,28.13322583031273],[-15.55875846133337,28.132409089535745],[-15.558784268616984,28.13217038575067],[-15.558953655065451,28.131908565442593],[-15.558977481872587,28.131759262917416],[-15.55875281803259,28.13150960161831],[-15.558576844687297,28.131160933244665],[-15.558333297654332,28.130860860789255],[-15.55826274547752,28.13045677073038],[-15.558246854113257,28.13001536653594],[-15.558313561091897,28.129683483139214],[-15.558408069539793,28.129591953703457],[-15.558478149418638,28.12928229872541],[-15.558631706021325,28.129141729202793],[-15.558945426384678,28.128689828148595],[-15.559243224766297,28.128466615324957],[-15.559613559741186,28.127686336321986],[-15.55975230353905,28.12755089010243],[-15.559857345352956,28.127560814997437],[-15.560166366950167,28.127444757676756],[-15.560081148627207,28.127348337623282],[-15.55993944506323,28.127325591009484],[-15.5596252320492,28.127047907076395],[-15.55952517968064,28.12707907911518],[-15.55940500766116,28.126902498073857],[-15.559124991920958,28.12675285524531],[-15.55879922754425,28.126404824772866],[-15.55882302716983,28.126230815675495],[-15.558721817054199,28.125869755353165],[-15.558474145183627,28.125596662938246],[-15.558534481329106,28.125476187954465],[-15.558670833967287,28.125404175490186],[-15.558800234390661,28.1252285625029],[-15.558868587057452,28.125014581221365],[-15.558992946479698,28.124852691423335],[-15.558930064395362,28.124558743302302],[-15.559264278327039,28.124362110580684],[-15.559616388175847,28.124278637351665],[-15.55944656116236,28.124041201013274],[-15.559401003430601,28.123767926189142],[-15.559566402217252,28.123603692925954],[-15.559572357422207,28.12352109961954],[-15.55998094058848,28.123105909361602],[-15.56011006962617,28.123070989413932],[-15.560072845928763,28.12292237826193],[-15.55987727148063,28.1227106839583],[-15.55968157470634,28.122626242003825],[-15.559168927206892,28.121613782848158],[-15.559253283680414,28.120897705118125],[-15.55923725523113,28.120685331478366],[-15.559307075172613,28.120617435213056],[-15.55922609277869,28.120406066718896],[-15.559250715409519,28.120177143435164],[-15.559461110004934,28.11972422703835],[-15.55980269492131,28.119448216510552],[-15.559954154510741,28.119400856764944],[-15.56002619265703,28.119309426975658],[-15.559978633581503,28.119052535121334],[-15.560692752075264,28.1186738089043],[-15.561578207003995,28.118628733714395],[-15.561712677488241,28.118576621256963],[-15.561767915233649,28.118485403817065],[-15.561863201919017,28.11757683510235],[-15.562236852676847,28.11738032247151],[-15.562445471653525,28.11696321849129],[-15.563047293180269,28.11644903169057],[-15.563377914019844,28.115438682847792],[-15.56364379331406,28.11525705220267],[-15.563841584917869,28.11495177972396],[-15.563962282418737,28.11463454745589],[-15.56405926106097,28.114532072373258],[-15.563152400755492,28.113887469383315],[-15.562751176238061,28.113499515315958],[-15.56234077052817,28.11330852863671],[-15.562604882579151,28.113017167147376],[-15.562640638452338,28.112880669045552],[-15.562915512552463,28.112453326632085],[-15.5631256011907,28.11222239534834],[-15.563154871779993,28.112109447853758],[-15.563764176830151,28.11157776909382],[-15.563828401196973,28.111368216236592],[-15.564121499797396,28.111004932643883],[-15.564120220187647,28.110947165705394],[-15.564694745755324,28.110640775003024],[-15.564535752451961,28.110417074844772],[-15.564554544576723,28.11027290999662],[-15.564724160868765,28.11037504617741],[-15.565052797772832,28.11039117763411],[-15.565349129417738,28.110583628634604],[-15.565742447875214,28.110446973172213],[-15.566379443178368,28.110587907827178],[-15.56669909087338,28.110598141776382],[-15.566914157738903,28.110452668966015],[-15.567182607969338,28.110143922068836],[-15.567329251027507,28.10959447967688],[-15.56726994421702,28.108167462748895],[-15.567163299235384,28.10783571360187],[-15.567323376871915,28.107518324405042],[-15.567355559495974,28.107226576999892],[-15.567259917300477,28.106509152790007],[-15.567178378492391,28.10624316005505],[-15.567196994613015,28.105756640922884],[-15.567056567476817,28.105566862076227],[-15.566977215946586,28.10510284579639],[-15.566648813618002,28.104886148843235],[-15.56658509700826,28.10479144894372],[-15.566493856172082,28.10444729563477],[-15.566295205318703,28.1040081351593],[-15.566026669693564,28.103658168841356],[-15.565861261819773,28.103234857133543],[-15.565751177557786,28.103091783279766],[-15.56527726441923,28.102988483328296],[-15.56499206554763,28.102841707218907],[-15.564775024743277,28.10262730908465],[-15.56469047101082,28.102188136602717],[-15.564862319367393,28.101626496361458],[-15.56481035855408,28.10121387323746],[-15.564363825090204,28.10165667612784],[-15.563923254539619,28.101877733888045],[-15.563235404110886,28.102378123800364],[-15.562974538239839,28.102435847661713],[-15.562993106015115,28.10273022953444],[-15.56283992936074,28.102841780930383],[-15.562476410116412,28.102878666646973],[-15.562146110014975,28.102726481850866],[-15.561899820081546,28.102535975875693],[-15.56180221615751,28.102559773448764],[-15.561871104937353,28.10343338730181],[-15.56138597569829,28.103044607406087],[-15.561221205684442,28.103057124992677],[-15.560901381547719,28.103196508967866],[-15.56064132859081,28.103115535498482],[-15.56052606247309,28.103031794447062],[-15.560308333143418,28.102695004986174],[-15.559242361510924,28.10227429552234],[-15.558912491257407,28.10210954465729],[-15.558855059671348,28.102027741985243],[-15.558907464092757,28.101893785578596],[-15.559288721114003,28.10175603336946],[-15.559640171303581,28.101469349171698],[-15.559945561471604,28.10106023038736],[-15.560061948989741,28.100729153196838],[-15.560037566813856,28.100550447442135],[-15.55990984632711,28.100420114539485],[-15.559192434800753,28.10049454323991],[-15.558956926879404,28.100433975577026],[-15.558855282473797,28.100306424033796],[-15.558886971484606,28.100103938345658],[-15.559324599574698,28.099475758226024],[-15.55959708459613,28.098434754053255],[-15.559539380570111,28.09826874051828],[-15.559174120560375,28.09796707856661],[-15.55907976816616,28.097800501070004],[-15.559085745265529,28.097602452985335],[-15.559277952151863,28.09719741657491],[-15.559814582972205,28.09659497311018],[-15.560347493779537,28.096124110244645],[-15.561256757645054,28.095772026066808],[-15.562049962312695,28.095777733371555],[-15.562193984728198,28.09572399269388],[-15.562498595529588,28.095388973402645],[-15.56300255879235,28.094992167606],[-15.563130488915693,28.094570346764225],[-15.563274835599275,28.09448554197163],[-15.563562623975438,28.094454607330967],[-15.563708862071733,28.09438901264673],[-15.56403346844046,28.094021257408812],[-15.564125380806772,28.09384496271768],[-15.564151669164636,28.093604666092588],[-15.563909378158103,28.091620604017663],[-15.56343883432157,28.09064762841635],[-15.5631337908178,28.087966942054482],[-15.5629292326307,28.087699870938717],[-15.561829727099111,28.088357927673233],[-15.561538178159587,28.088633386605345],[-15.56122529092129,28.08912761879658],[-15.561050825020754,28.089244590230525],[-15.560846366089482,28.089262468973686],[-15.560223791731008,28.08914442148522],[-15.559605696220649,28.089293107961367],[-15.559367283424042,28.089295813291532],[-15.559177711984008,28.08923245862118],[-15.55905788910745,28.0891148023084],[-15.558970864897347,28.088600693501764],[-15.558873523461079,28.088452750305287],[-15.558656492455736,28.088369864107655],[-15.558185881722144,28.08831660672151],[-15.557738559932876,28.087853646533734],[-15.557555913048947,28.087585322748176],[-15.55754563506492,28.086986833045167],[-15.557408637627992,28.086885421276616],[-15.557235725203785,28.086893345136662],[-15.556898092616589,28.087135771359087],[-15.556645703362006,28.087522137642697],[-15.556549940280162,28.08793603232122],[-15.556553754709277,28.08882961194939],[-15.556464291235804,28.089040266441785],[-15.556319065681615,28.089112204286355],[-15.55621399040547,28.08911017494787],[-15.555769566481377,28.088766207807378],[-15.555618758654681,28.088730566366426],[-15.555442153118472,28.08878096569041],[-15.555181324593123,28.08902047703051],[-15.554772283402766,28.089792815757455],[-15.554588336739295,28.090027393300428],[-15.55422409883723,28.090297082599154],[-15.553930227749717,28.0903470870405],[-15.55361408996188,28.090247261238936],[-15.552904951522622,28.089699107052105],[-15.552866288248579,28.089463840143782],[-15.55297726700822,28.0888738251157],[-15.552706301535219,28.08767180551287],[-15.552557655338232,28.08745749063161],[-15.552377141296382,28.08738051347075],[-15.552234811579588,28.087381952950384],[-15.552101589713653,28.087476522762643],[-15.551678876664417,28.088349278237004],[-15.550960503745166,28.089209796832833],[-15.550230194415972,28.089711881464865],[-15.549989783050298,28.089738129828387],[-15.549010579106437,28.089497231582268],[-15.5482537486661,28.089818150792272],[-15.548117049590429,28.089774501009632],[-15.547750476033164,28.089490857769057],[-15.547627157182147,28.08948022881444],[-15.54751226877498,28.089534271277525],[-15.547397014911295,28.089672807343398],[-15.547326722149474,28.089877891171678],[-15.54746578113454,28.09112103311408],[-15.547389208085862,28.09130823253715],[-15.547183303059613,28.091463739627],[-15.54697190423067,28.091527554534988],[-15.545433784019421,28.091713350180076],[-15.544706228702818,28.092176651047108],[-15.544060928839338,28.09282457505514],[-15.543751172984072,28.092956657680254],[-15.543330982869431,28.092924949739235],[-15.542425616320065,28.092682620053456],[-15.542386356473036,28.09253496800099],[-15.542290874581875,28.09242919753808],[-15.541739395808262,28.092230905689362],[-15.541699478946045,28.092163027173495],[-15.541760141038447,28.092113392179694],[-15.54313146825081,28.091726960911057],[-15.543208110100782,28.0916166009223],[-15.543209663060757,28.091472163577517],[-15.543046141278072,28.090985364603714],[-15.543152959686262,28.09078735988347],[-15.543288871474125,28.090674770240472],[-15.543531217980055,28.09070658726613],[-15.544050171030657,28.090436601558345],[-15.544513921626253,28.090093994525507],[-15.544625648101443,28.089965639196347],[-15.544589319382048,28.08984653737433],[-15.544925251654266,28.08977217558531],[-15.545393471212291,28.089368345128417],[-15.54514329221651,28.089391455369963],[-15.544798203743321,28.08918421315778],[-15.544473326506443,28.088867031850494],[-15.544264482593526,28.088730379931587],[-15.544097367546497,28.088673631293222],[-15.543927838430639,28.088683149853455],[-15.5434632729001,28.088499306250906],[-15.543399190186744,28.08842698334529],[-15.543322265680523,28.088068286007548],[-15.543346981798685,28.08782211336142],[-15.543229515668477,28.087639150739857],[-15.543313177082288,28.087613562080854],[-15.543412350078853,28.0874787038418],[-15.543361198239735,28.08705933353027],[-15.54352034207629,28.086904161768775],[-15.544000772842596,28.08667477865169],[-15.54472849161375,28.08649655209785],[-15.545124518463988,28.08648891326509],[-15.54660222318003,28.086258155381238],[-15.547084557576257,28.0860206658058],[-15.547134465312475,28.08584252750505],[-15.546958085734454,28.08555176836689],[-15.546769722634053,28.08533847189525],[-15.546381569914061,28.08513535883667],[-15.546154670268365,28.084929472597228],[-15.546807650917927,28.084824867551728],[-15.546836692232153,28.084542099788916],[-15.54701292368376,28.08419750648306],[-15.547122969070001,28.083767384650077],[-15.547101463142475,28.08369121066236],[-15.546959348010319,28.08355931561207],[-15.54695484228576,28.08343340751905],[-15.547412862277605,28.082972000764375],[-15.54671645326015,28.082666704969263],[-15.54654467911746,28.082548522207407],[-15.546280779056056,28.081695405967057],[-15.546143209859105,28.081477573292084],[-15.54612293411237,28.081074979317297],[-15.546224802103339,28.080830918167116],[-15.545930458745,28.08059002238852],[-15.545888712335463,28.080421637017025],[-15.546033298627318,28.079837847841528],[-15.546279716615798,28.079490231831638],[-15.546303133513032,28.079097574046294],[-15.546238858936988,28.078779385684776],[-15.545809350299354,28.07860283903186],[-15.545068783777902,28.07851552160281],[-15.544402561486576,28.078186975561028],[-15.543940178013557,28.078075863492113],[-15.543503182657146,28.078220293024582],[-15.542932030392528,28.078208263970694],[-15.542349471219746,28.078356731968032],[-15.541744789954542,28.07870921306106],[-15.541489298641286,28.07893871194297],[-15.541250875370357,28.079271935112978],[-15.540684136834553,28.078695341782506],[-15.540607095512819,28.07856205516242],[-15.540616981159777,28.078324859691943],[-15.540812081900942,28.077970080381775],[-15.540756883358071,28.077743540400945],[-15.540580320770266,28.077670287014698],[-15.540023787290284,28.077719418183705],[-15.5398605669794,28.077607259285315],[-15.539975742506833,28.076448320790846],[-15.539840054909051,28.07617544560985],[-15.539508440717702,28.075937137550255],[-15.539341023505262,28.075896921394424],[-15.53912968909131,28.07596852315667],[-15.538822773668498,28.07620457413213],[-15.538712041470784,28.076204431075567],[-15.538628809143447,28.07613904136999],[-15.538623377376735,28.075992753495196],[-15.539043097490959,28.07519355451519],[-15.539052792623156,28.075019476367043],[-15.53897589175516,28.074750268998265],[-15.53901412386258,28.074608720322495],[-15.539762274514375,28.073356880124596],[-15.53978124860135,28.073113293791117],[-15.53960407964673,28.0724893235728],[-15.539618028126911,28.072282731487174],[-15.53975697778752,28.0720324718799],[-15.540280457225375,28.07140762316259],[-15.540445472835543,28.07138819744723],[-15.54079951674735,28.071527190610933],[-15.541067299195223,28.071446544480263],[-15.541120127092874,28.071298013963883],[-15.540965855318753,28.070601594860566],[-15.541019898763373,28.070403221625178],[-15.541132357503427,28.07022917148237],[-15.54191838445974,28.069166231046758],[-15.542706479048231,28.068351763622356],[-15.54308527955488,28.06830325304035],[-15.54334675383536,28.068069051464285],[-15.543606787367983,28.068123068521654],[-15.544177974780554,28.06837888681084],[-15.544382364609154,28.068507974660672],[-15.544641914535449,28.068839137945186],[-15.544997081795675,28.068939191577343],[-15.546234806301957,28.06908357825959],[-15.5466608305009,28.068504697498735],[-15.547292160046805,28.06819580637277],[-15.547419904128105,28.067980003628197],[-15.547447193000183,28.067822374056504],[-15.547765330897137,28.068005616397375],[-15.54847994893062,28.068107205170875],[-15.548792695666137,28.068070118163984],[-15.549182837732623,28.067923223632583],[-15.549743052620519,28.067940389328225],[-15.550258807783123,28.06788009897214],[-15.550931800488634,28.067960989500882],[-15.551323333000862,28.068107098901944],[-15.551815088714827,28.068149896846258],[-15.552259890495861,28.068125269902133],[-15.552983238900277,28.06796330274009],[-15.55347243048349,28.068022082816544],[-15.553715332372755,28.067975110851783],[-15.55391330963013,28.067768542339483],[-15.554062667582766,28.067444051853926],[-15.554068336669744,28.067356891611865],[-15.554002049740946,28.06724456570966],[-15.553999013844257,28.06700583259309],[-15.553772261502885,28.066829881991147],[-15.55387677249381,28.066724115592987],[-15.553943770177082,28.06651673039408],[-15.554030085034594,28.06439308418782],[-15.554140685969635,28.064088320393015],[-15.554384330859111,28.063684228098854],[-15.55471312922305,28.063347529775335],[-15.555567893999978,28.062705685755862],[-15.555741920290593,28.062387665144843],[-15.556514795407427,28.061429985862855],[-15.556873973654126,28.060861779750045],[-15.557198085228341,28.060503429766392],[-15.558210267691711,28.05970638862721],[-15.55891029764074,28.05947144822543],[-15.559737298762709,28.059358157843228],[-15.560235132235148,28.059033756050983],[-15.560345675216652,28.05906363561341],[-15.560368064122287,28.059173890014396],[-15.560818860844492,28.059108066277393],[-15.56074397646734,28.058608060921173],[-15.561197046373463,28.058443579870005],[-15.561359919930167,28.05804384945375],[-15.561617804736589,28.057853878308325],[-15.562820265893864,28.057437757918585],[-15.562891275583018,28.057317299715542],[-15.562847388251194,28.05701850611397],[-15.562919033520787,28.056609904139826],[-15.562983916107182,28.056501025531833],[-15.563062852105334,28.056464593959035],[-15.563477733656093,28.056445126996152],[-15.563570107850383,28.05638849177306],[-15.563771217211379,28.056464196944447],[-15.564298969500673,28.0572324816175],[-15.564857520109936,28.057700761289077],[-15.565060037249088,28.05809368468401],[-15.565186220459596,28.05824996389689],[-15.565331588407552,28.058338732502765],[-15.565473706621317,28.05856481460609],[-15.56576711923986,28.058786842978183],[-15.566237553583463,28.05882651810608],[-15.56650713847385,28.059083848317425],[-15.566722211473955,28.05915282954434],[-15.566899068103119,28.059327312980123],[-15.567040495516059,28.0593898636239],[-15.567060097377034,28.05963862918282],[-15.567109431753341,28.059619513920453],[-15.567125272397968,28.05965960045895],[-15.567051788863864,28.06007976641734],[-15.567206596615177,28.06040746496196],[-15.566807005658022,28.060593797914688],[-15.566673720559331,28.06082283874142],[-15.566760069481054,28.060957670225214],[-15.567118929508947,28.061114927664867],[-15.567151370334782,28.061246650596793],[-15.567053451230375,28.061420237440117],[-15.566887393375136,28.06154744516701],[-15.566835729452054,28.061692956557952],[-15.567022273450533,28.061870414737776],[-15.567132229904246,28.06206681167115],[-15.567336119231898,28.06216751366523],[-15.567490689298344,28.062177987056824],[-15.5677610491715,28.062317256688054],[-15.567863547106523,28.062426311838415],[-15.567891826412335,28.062521104395618],[-15.56775281456943,28.062826131815484],[-15.567749920280747,28.06295699868471],[-15.567983407651838,28.06345316598536],[-15.568624974362153,28.063942705511696],[-15.568816082684908,28.064201041867044],[-15.569134912761307,28.06435642859882],[-15.569588171792109,28.06487811265745],[-15.56981683755696,28.064978699022216],[-15.570081220491337,28.065190637712956],[-15.570324745679297,28.06518148393703],[-15.570248342968014,28.065291767751372],[-15.569838664408127,28.065597641313445],[-15.56951477097179,28.06565632459933],[-15.56955615109026,28.065845935753973],[-15.56982098367705,28.06619681600614],[-15.569878546035357,28.06652544726505],[-15.570029416804877,28.06675547775433],[-15.57011381618676,28.06682001305885],[-15.570522462199232,28.066707130332418],[-15.570432013127945,28.066310265838776],[-15.570449023461252,28.06613976616376],[-15.570520859341814,28.065960508173628],[-15.570739748217843,28.06584723075075],[-15.571004782859454,28.065881387950377],[-15.571781821751072,28.066517813095825],[-15.572305979908533,28.066366675136205],[-15.57275678788932,28.066056975807005],[-15.572962965766195,28.06573105471741],[-15.57301662689158,28.065301409328526],[-15.57296607287407,28.064804993168103],[-15.572158551227814,28.063659400421482],[-15.572123912922317,28.063502186781953],[-15.571906057695854,28.06350967511651],[-15.571844960712921,28.063471510862026],[-15.571788096935068,28.063279500491113],[-15.571808894486633,28.06271757573419],[-15.571741412391619,28.06227271916673],[-15.571468759387548,28.062039451142557],[-15.571297864384444,28.061686007464004],[-15.571078022130909,28.061520970337526],[-15.570879619961206,28.060949269171925],[-15.570786269119504,28.059983121919544],[-15.570806589252166,28.059823007368134],[-15.571221358342154,28.059037172950383],[-15.571291297850324,28.058777483011646],[-15.571306669850598,28.05835914543572],[-15.571192910977281,28.05716690325569],[-15.571334799379619,28.056627718741137],[-15.571323540879577,28.05588784277815],[-15.57135932394216,28.05569646651412],[-15.571810557439425,28.055032658408777],[-15.571922716729254,28.054660577924814],[-15.572062386892728,28.054503278860867],[-15.572131017798233,28.054304832816303],[-15.57246267353112,28.054031630390227],[-15.572918929227358,28.05346168724729],[-15.57311894707299,28.053387039055103],[-15.57356675760267,28.053374346050948],[-15.574080960448208,28.053202345867046],[-15.574431047225719,28.05315920435701],[-15.575400319642048,28.052526950408847],[-15.575927697411213,28.051742922578626],[-15.576123214415743,28.051576999141275],[-15.576654400023696,28.051279677936172],[-15.576727392686514,28.051134037147033],[-15.577108651303588,28.05084754422608],[-15.577410475616578,28.05070094126861],[-15.577806819063769,28.050419889456457],[-15.578071303457719,28.05010292262695],[-15.578209211072041,28.049767260808423],[-15.578356786740885,28.049660301653276],[-15.57881760680847,28.04950733897433],[-15.579113288737855,28.049259926901705],[-15.579605102575961,28.049005187182598],[-15.57987132573814,28.048729462847277],[-15.580157635777603,28.048272301240825],[-15.581015038771772,28.0476227064399],[-15.581305111072824,28.04722329917249],[-15.581525555647671,28.046647979568238],[-15.581794489502494,28.046367455751916],[-15.581958240149707,28.046261507481304],[-15.582603929088284,28.046111359581637],[-15.583159771691403,28.045828713103084],[-15.583549996145491,28.045758450704188],[-15.584024690661263,28.04578631233382],[-15.584438570898595,28.04573497568768],[-15.584477596330686,28.045901664199395],[-15.584577736292372,28.045995985131064],[-15.584945461482956,28.04622796536088],[-15.58519426169563,28.046297388117924],[-15.586393165628422,28.046192905787933],[-15.586785079838444,28.046235428022438],[-15.587607604852257,28.04613167600855],[-15.587849681497442,28.04613194903419],[-15.58814616900787,28.046232639357022],[-15.5885264629812,28.046173950858545],[-15.58857387560688,28.04662972697161],[-15.588534053688694,28.046882372900324],[-15.58865679525607,28.047114805851475],[-15.58890859454868,28.047196052349573],[-15.589092544828384,28.047164508595205],[-15.589474763863542,28.047249374076706],[-15.589782645027944,28.047195921576254],[-15.590229105226157,28.04694109512758],[-15.590578042146534,28.04656580650931],[-15.590795082331118,28.046456693905263],[-15.590882501941637,28.04630755342583],[-15.590937365894417,28.046065972390224],[-15.591297977603011,28.04595105069979],[-15.59165885295619,28.045616726499603],[-15.592160834998658,28.045356328739185],[-15.592252386932552,28.04499064874086],[-15.59226025605889,28.04461437982318],[-15.592712508027203,28.044142160050516],[-15.592935404852353,28.044000232881626],[-15.593228868259613,28.043694639554705],[-15.593871725657877,28.04324961235896],[-15.59442115152447,28.04310338200322],[-15.595278709415059,28.043218390841513],[-15.59549026111848,28.0432047638779],[-15.595957768257406,28.04299346409677],[-15.596196000151966,28.042770141206933],[-15.59664354396138,28.04262925485875],[-15.597677091815864,28.04218771195237],[-15.597841573365704,28.04217010670867],[-15.59782550165517,28.0423842240723],[-15.597863347540178,28.042398502495534],[-15.59817084662067,28.04224984366174],[-15.598514202734181,28.04216804410214],[-15.598653870665544,28.042020250787726],[-15.598538145669705,28.041876323652616],[-15.59888856838525,28.041659882265808],[-15.599053421186676,28.041621322374855],[-15.599133127561199,28.041316802103534],[-15.599239041111467,28.041129599254653],[-15.599232052307904,28.040779085561898],[-15.599172058927621,28.04061629316381],[-15.59926889249365,28.040611962072568],[-15.599430645728361,28.040689980482874],[-15.59934409692307,28.040464638837292],[-15.599424681812444,28.04032256382988],[-15.599685124956823,28.040110990428694],[-15.600134600154623,28.03991028976348],[-15.600188984866975,28.0399715799586],[-15.60019563401464,28.04026402461988],[-15.600268571154478,28.040383006297734],[-15.600347673253365,28.04073276244763],[-15.600310064695025,28.041288987866285],[-15.600548577598186,28.041525246133435],[-15.60052754798971,28.041959498936496],[-15.600405317523894,28.04228615940801],[-15.600206657919074,28.042422368884193],[-15.599909699666837,28.043003413857917],[-15.59963577323186,28.043158862714463],[-15.599588510115574,28.043266526003748],[-15.600735271142893,28.044011538486913],[-15.601257702113223,28.04404709358065],[-15.601535403479268,28.043867938233838],[-15.601637963233772,28.04390114154672],[-15.601596654547393,28.04449349104771],[-15.601747501013351,28.04471279920304],[-15.601832857551221,28.04501486444817],[-15.601788738629539,28.04532887094104],[-15.601649215726416,28.045561204200176],[-15.601184614053157,28.04595825827624],[-15.601213448050586,28.046294747315976],[-15.601172486155496,28.04663163212241],[-15.60105185278745,28.046876429551375],[-15.600993746503566,28.047149388190128],[-15.600710537050118,28.047488867245665],[-15.600609839914211,28.047769504364286],[-15.600444201966205,28.048045641049846],[-15.599817202581189,28.048752176479162],[-15.599619580439908,28.049191388399866],[-15.599482776825043,28.049651565957962],[-15.599127444947054,28.050022066256744],[-15.598982533991007,28.050238984193864],[-15.598562272451781,28.050490231288315],[-15.59837980816,28.05070613876166],[-15.598260940461326,28.05072037760922],[-15.597836391761295,28.05111697514655],[-15.597748132692567,28.051293565481473],[-15.597459624959747,28.05146985359392],[-15.597345567140358,28.05167336596176],[-15.597279881308339,28.052013065129835],[-15.596816464874719,28.05287218912726],[-15.596804505301174,28.052991306612398],[-15.596869856025041,28.0531433072783],[-15.597150938158032,28.053366098131324],[-15.597416731007106,28.05328203854715],[-15.597610894310336,28.053064546870978],[-15.597834591183423,28.052653099634966],[-15.59803278689684,28.052576265835008],[-15.598285454133999,28.05266371064771],[-15.598433226922214,28.05285991750194],[-15.598570632396482,28.0529478640146],[-15.599003501981533,28.0527960569386],[-15.599962592336057,28.052915349748403],[-15.600158132553766,28.053152093649945],[-15.600179264942494,28.053849892778178],[-15.600309113813259,28.05410105970655],[-15.600171862950496,28.054334636145487],[-15.600128575121154,28.054543230478643],[-15.600222934126476,28.05473967774034],[-15.600436039635987,28.054968824914397],[-15.60040542350104,28.055527762884342],[-15.60042138537531,28.05560221955881],[-15.600468005243007,28.055590443158362],[-15.60095321662568,28.05523211724236],[-15.601052263436925,28.05501964077471],[-15.601113209592254,28.054523000257785],[-15.601239756413223,28.05422582076686],[-15.60182069878111,28.05373769842931],[-15.601919389825387,28.053352266568968],[-15.602069076156996,28.053024834870424],[-15.602397691637954,28.05259668990556],[-15.60258498317251,28.051440689565048],[-15.602944408982275,28.05051764094363],[-15.60302845877642,28.0500405044819],[-15.603159543682844,28.04996217067531],[-15.603345002578662,28.04967403721007],[-15.60360748954166,28.049765762089468],[-15.60378056378527,28.049892913180912],[-15.603915045011737,28.050032871492633],[-15.604233225855365,28.050580491014543],[-15.60418316632561,28.050944858375964],[-15.604208071124871,28.05121357133134],[-15.604499258214142,28.051518483963896],[-15.604486008784926,28.05160556205968],[-15.604340412750757,28.051752981025984],[-15.604308431934843,28.051856660847175],[-15.60437200178584,28.052143347744],[-15.604727593407933,28.05268330884266],[-15.605445392244132,28.053234851822168],[-15.605557129711,28.053582167297265],[-15.605690600478113,28.053805663510445],[-15.605662441016484,28.05411901361938],[-15.605581712617271,28.054384680537204],[-15.605978972557548,28.055199830185884],[-15.605961391304191,28.055345358876995],[-15.605848728966976,28.055548772607622],[-15.60560024372778,28.055715964436306],[-15.605502201422228,28.05585923911177],[-15.605496788479853,28.055997339069403],[-15.605658853642273,28.056558181271267],[-15.605550101711891,28.056762444079943],[-15.605336122204656,28.05696111365887],[-15.605309633909693,28.05714075820579],[-15.605368305711947,28.057823513866943],[-15.605645041097478,28.058189581573618],[-15.605617989222983,28.058333987466966],[-15.605423489043375,28.05851552839341],[-15.605378046495911,28.058980941000875],[-15.605422004121689,28.059154930960172],[-15.60596296128199,28.060158073052538],[-15.605994524956493,28.06041169893842],[-15.605953717489335,28.0606581338159],[-15.605875220647532,28.06080707259492],[-15.606199013727988,28.06153119218329],[-15.60604879014392,28.061610236234248],[-15.605966356483746,28.061746807476954],[-15.606012302532186,28.062042688076527],[-15.60617862286915,28.062298724935786],[-15.606246865405984,28.06278676256525],[-15.60617571134769,28.063161802709356],[-15.60602774452737,28.06337325282901],[-15.606049507979062,28.06417619247353],[-15.606367754560516,28.064212871845005],[-15.606846616657572,28.064483640054487],[-15.606897920810093,28.064701919095565],[-15.6071496338939,28.065219827387722],[-15.607243571474799,28.065293875034932],[-15.607695995199606,28.065080426377893],[-15.608603933991978,28.06494308570231],[-15.60893352742562,28.064780674090237],[-15.609056774571338,28.064833196671415],[-15.609065459808297,28.065160727224164],[-15.609169444084081,28.065236814187095],[-15.609242132145319,28.065018112250755],[-15.60933618127227,28.06492048388871],[-15.60937598138358,28.065106334113352],[-15.609681793470632,28.06519843210421],[-15.609813795454134,28.0653054377381],[-15.610013038593769,28.066017038652998],[-15.610347167145191,28.066278841817642],[-15.610522745360631,28.066345943552985],[-15.61077627663626,28.066233179855402],[-15.61072445367783,28.065966060036196],[-15.6111793115598,28.065007290237926],[-15.61130117499382,28.065016469659696],[-15.61140957629047,28.06495214852748],[-15.611711577887919,28.064543643825306],[-15.613144741580179,28.064200726907494],[-15.613462943842562,28.064238166314592],[-15.61370785219363,28.0646725214372],[-15.613615317841868,28.06520805999811],[-15.613127707924118,28.065473969114052],[-15.613069383884305,28.06558284150145],[-15.613312681122293,28.06607728760567],[-15.61330220805696,28.06644087555048],[-15.613244201434059,28.06657703496153],[-15.612849609559024,28.066966891437797],[-15.612828712063951,28.067071841426362],[-15.612930185257333,28.067278502039084],[-15.612939021343466,28.06740093982546],[-15.612856297903283,28.06757173738699],[-15.612598793480165,28.0678166857657],[-15.612495740052116,28.067991753294358],[-15.612515388481025,28.068556543092853],[-15.612577127083743,28.068790958436633],[-15.61269327144561,28.06891422621685],[-15.612921887449678,28.06902990562509],[-15.613440457310194,28.06913778080481],[-15.613882992109705,28.069361114318344],[-15.61409265099318,28.06917790508009],[-15.614874182531908,28.068858825694992],[-15.61505246962756,28.068853549646676],[-15.615420006427346,28.068945204599316],[-15.615574536839292,28.06903203668741],[-15.615702639729289,28.069199434993152],[-15.615720393508512,28.069800186735716],[-15.615879551385108,28.07001294118593],[-15.616014437512625,28.070081084901158],[-15.616651600653034,28.070054248591664],[-15.616781917984436,28.070006578736418],[-15.617095930445213,28.069474962745893],[-15.617428897641163,28.069190525968104],[-15.617669253499606,28.069162147292506],[-15.618012834289019,28.069221261737912],[-15.618243358422923,28.069150066544324],[-15.618463233311719,28.06897153480411],[-15.618582421219767,28.06865483920832],[-15.61927491671037,28.06774772587304],[-15.619457423421757,28.067740403061727],[-15.619680799595491,28.067938853551112],[-15.619818040291513,28.06796336488454],[-15.620173806516009,28.067674485661875],[-15.620359077498419,28.067588578926287],[-15.621499414362525,28.067313480243538],[-15.621693344769955,28.067342643684846],[-15.621804525927166,28.067479060311804],[-15.621834046353142,28.067600690588883],[-15.62170564881551,28.068405308031817],[-15.621557582505766,28.06856529445622],[-15.620987919991435,28.06897414674327],[-15.62092453788267,28.069420010713426],[-15.62082172283776,28.069521134802102],[-15.620554134446413,28.069652332223885],[-15.620426253556307,28.069896997884864],[-15.620486608977846,28.070085929081923],[-15.621024267862134,28.070396487665526],[-15.621146144718171,28.07063684631939],[-15.621132391562037,28.070765298250276],[-15.620922628029113,28.07095704899964],[-15.620549614823116,28.071076148791512],[-15.620325531240368,28.07121307978109],[-15.620258287833062,28.071384235917098],[-15.620327395832568,28.071679428438067],[-15.620276757899743,28.07179333310524],[-15.620149808788414,28.07183217176865],[-15.619798073875865,28.071772521900474],[-15.619533292451921,28.071798135015783],[-15.619391548402277,28.07186939219144],[-15.619266308071166,28.07203591695865],[-15.61903664999511,28.07270653271243],[-15.619246879247841,28.07365610855845],[-15.62046044102119,28.074299301415234],[-15.620633140805861,28.07433325614478],[-15.622264337810677,28.073920887718],[-15.622479334825135,28.07373605291415],[-15.622795274203638,28.073008712387196],[-15.623258861320014,28.072440585270975],[-15.623400748314396,28.072003038842055],[-15.623431469017591,28.07157047453905],[-15.62351575421971,28.071503364833376],[-15.623815517228085,28.07161075898356],[-15.624129119170686,28.07197835320169],[-15.624438373035003,28.072237788049723],[-15.62453173568636,28.07272669355881],[-15.62507664573612,28.073807441134672],[-15.62520079592595,28.073900322150326],[-15.625353718452155,28.07387565006563],[-15.62572321624841,28.073493410115386],[-15.626323879320575,28.073199625280797],[-15.626653923531132,28.072887304696575],[-15.62715686626995,28.07254199450164],[-15.627325099884327,28.072490521637736],[-15.627490441846712,28.072529917521706],[-15.627581402928854,28.07282731708718],[-15.627384053714191,28.073248665087046],[-15.627197841240262,28.074073771116225],[-15.627102779779932,28.074668545357227],[-15.62709714640329,28.075089955616907],[-15.626723480791332,28.075276731767982],[-15.626390669042513,28.07559037402454],[-15.626132362813776,28.07597573731627],[-15.62609119739814,28.076121799732324],[-15.626105605982268,28.07655660466258],[-15.626326073254862,28.077171160700807],[-15.62637907285334,28.07827898796703],[-15.626341910017308,28.07849753614346],[-15.625561176323373,28.079385299131218],[-15.62494241869211,28.080237656946608],[-15.624297637248972,28.08154768537367],[-15.623525957881267,28.082515409995466],[-15.622601656602201,28.083991783912207],[-15.622385236120348,28.08421562147994],[-15.622096879081727,28.084365981011857],[-15.621698429349353,28.084459066683714],[-15.621055203938393,28.08429588458487],[-15.620873182464935,28.084303929778333],[-15.620768817301215,28.084392793244213],[-15.620412985041906,28.0849874330174],[-15.620280152332528,28.085085523924985],[-15.620143962454371,28.08510246009057],[-15.619912597274297,28.085025802039393],[-15.619512823882093,28.08440671088136],[-15.619092076753828,28.084190231199475],[-15.618843122948922,28.084226595122292],[-15.61827054312566,28.08465393649953],[-15.61791847006295,28.084855278434524],[-15.617664681667291,28.08492934928111],[-15.617307490426821,28.084809201887513],[-15.617067298608337,28.084409488165267],[-15.616923048119771,28.08430181403687],[-15.61585055026057,28.0840557560661],[-15.61563715993835,28.08407101217547],[-15.615333336162065,28.084170154224],[-15.615001751235674,28.084566802052837],[-15.614877479525985,28.084935656254302],[-15.614928494338317,28.0851431184347],[-15.615640532610875,28.08643243232151],[-15.615663233391182,28.086643487517474],[-15.615582471978291,28.086760260646113],[-15.614974022865766,28.087206462070057],[-15.614554372434105,28.087336668525666],[-15.61369489098105,28.087460401430533],[-15.613236036231179,28.08747342961197],[-15.61286416169246,28.087431762002883],[-15.612562044329838,28.087284925590147],[-15.612311720364913,28.087253690487543],[-15.612059799533954,28.08731416626582],[-15.6116921229276,28.087524516655257],[-15.611508396167803,28.08757761934835],[-15.610480610670479,28.08766423236876],[-15.609615057093908,28.088418964837825],[-15.608190885130956,28.08986714185526],[-15.606825807950525,28.090800130769775],[-15.606098719038323,28.091391898158008],[-15.605820867742636,28.09182916040659],[-15.605124718389806,28.09213192545293],[-15.604763376904044,28.092344675808757],[-15.604725106821167,28.092432369262475],[-15.604754902823922,28.09251991615049],[-15.604301891190849,28.093345878084577],[-15.603577639202648,28.094097287429587],[-15.60325917837226,28.09450580100249],[-15.603081664216923,28.094434907922583],[-15.602816240958902,28.094425603244204],[-15.602596664079115,28.094532814418393],[-15.602385733430594,28.094748400270205],[-15.602175569557577,28.094791478502305],[-15.60191930556051,28.094681608405015],[-15.601690630642418,28.09464709971377],[-15.601317430278199,28.0946689742796],[-15.601251984464712,28.094770597034195],[-15.601190067108595,28.09505241721059],[-15.601190572591648,28.095378773315595],[-15.600787574665432,28.095524914887687],[-15.600620144834119,28.09573501778495],[-15.600457517406488,28.095785720624207],[-15.600250848868068,28.095939766292847],[-15.600089644921772,28.096420314116692],[-15.599909125583164,28.096706172932215],[-15.599488408108362,28.096745952120628],[-15.599271591872734,28.09688613022998],[-15.599225172753798,28.097270797408296],[-15.599044218995761,28.097501087436875],[-15.598706610294911,28.097637495282903],[-15.597808026612515,28.097707391626695],[-15.59743322109366,28.09802417135753],[-15.597228520163862,28.098126985353677],[-15.596328661566044,28.09803532327487],[-15.596235459208096,28.098087145589844],[-15.596076060167112,28.09832335901261],[-15.595783012586713,28.098513465667406],[-15.595524608945702,28.098778019564737],[-15.595354069260773,28.098864551420288],[-15.595143216084967,28.098806818630017],[-15.594672637055142,28.098545274074375],[-15.594493801751735,28.098519329600876],[-15.59448721870532,28.098710150595068],[-15.594696974693358,28.09898625877552],[-15.59469846634007,28.099242047425456],[-15.594807860420811,28.09940515850814],[-15.594257045417736,28.100158348691558],[-15.594213652992432,28.100552623760244],[-15.594084304828007,28.10079955501758],[-15.593382853686354,28.10128207267758],[-15.593504692353182,28.10130172969544],[-15.593994419246814,28.10108643078229],[-15.594757976055547,28.10090720612795],[-15.59532738034556,28.101022880037522],[-15.595556090654323,28.10094000430141],[-15.595874100592887,28.101248281700865],[-15.59564214485052,28.101392410489254],[-15.594939469659005,28.10159521604846],[-15.593907679674295,28.10219429771434],[-15.59302659562674,28.102477302555677],[-15.592813904998035,28.10266049294317],[-15.592571809504832,28.102709489888124],[-15.592217335095865,28.102671004588725],[-15.591689255833904,28.10308231012936],[-15.591466843447824,28.10354645726901],[-15.591227849233094,28.103773539068964],[-15.5908684085963,28.103927299395707],[-15.590062085384288,28.10391632749575],[-15.589817250634917,28.10403480236507],[-15.589730333170502,28.104165163353635],[-15.589634702921105,28.104515529058254],[-15.589657451686799,28.10519439796114],[-15.589600137752177,28.10531741007181],[-15.589498822196992,28.10534312085708],[-15.588989119847602,28.105192358943253],[-15.588773698150126,28.105198275719697],[-15.588836775484726,28.105267394654284],[-15.589555696107128,28.105497127919712],[-15.59011653153364,28.105472184953587],[-15.590228643450045,28.105540451344734],[-15.590259656227092,28.105641572512553],[-15.58982008811945,28.10663454382728],[-15.589828649341753,28.106746133523306],[-15.589494794827596,28.106841132576225],[-15.589256677900842,28.107035222932996],[-15.589144134650537,28.1073242057981],[-15.588967658125622,28.10746043930861],[-15.58886182855622,28.10767035366746],[-15.588731464174248,28.107747975885115],[-15.588649345700686,28.10803462517051],[-15.588521263305678,28.108187250840587],[-15.588532362856537,28.108314599687443],[-15.588455748835672,28.108419884065658],[-15.588596097510997,28.108561635827762],[-15.588701031098633,28.108892201414022],[-15.588534562965716,28.109258577034787],[-15.588601303907716,28.109552675446178],[-15.588522023158744,28.109583607804023],[-15.588590342326107,28.10985719937368],[-15.58858839230897,28.110134062340848],[-15.588474156858695,28.11043099550333],[-15.588475987942818,28.110691864637356],[-15.588365423349448,28.110758686639247],[-15.588392673240577,28.11089414451697],[-15.588576775425341,28.111023495108473],[-15.588648823825052,28.111263878721374],[-15.58859248400439,28.111355373316023],[-15.588646323840601,28.111436248781587],[-15.588732773092833,28.11143140034746],[-15.588843386389803,28.11119073810495],[-15.588909471474812,28.111151900510976],[-15.589131605831021,28.11135126201106],[-15.589370432688483,28.111402609805115],[-15.58949596303494,28.111553631634422],[-15.589614173574828,28.11170834972758],[-15.589487827319008,28.11215853997594],[-15.589505714971587,28.112246023842903],[-15.589607552830602,28.112437497547475],[-15.589827612212328,28.11262532138011],[-15.590783089714906,28.112911224060174],[-15.590965889890459,28.11300620258781],[-15.59094443548431,28.113341797086616],[-15.591033480623672,28.113453635499404],[-15.59143595781374,28.113502306331675],[-15.591640341376182,28.113671139035254],[-15.591855203863247,28.11368271408436],[-15.591984204644682,28.113999235374923],[-15.59223908307814,28.11440066135014],[-15.592222232153242,28.114519040376333],[-15.592370832552401,28.11469083895219],[-15.592371793451731,28.115013915733655],[-15.592462309399789,28.11521500455531],[-15.592765388216185,28.115460525624865],[-15.592911775234345,28.115842198946204],[-15.592944854410227,28.116077332365155],[-15.59314948437288,28.116341422211057],[-15.593404614955151,28.116561205945185],[-15.593428717717538,28.116678378771706],[-15.593493037420547,28.11670323120975],[-15.593466098328753,28.11680874557409],[-15.593730629957204,28.11719153134437],[-15.593794942592194,28.117412781316716],[-15.593716275912243,28.117927473098565],[-15.593513776627796,28.11831367981606],[-15.593472478492613,28.118659055131314],[-15.593300670324773,28.11874861403872],[-15.59320579454871,28.118914252374395],[-15.593186682547826,28.119200748621832],[-15.59307696874565,28.1193936038809],[-15.59299885765702,28.119728856645228],[-15.592555340188717,28.120349647259648],[-15.592392761009846,28.120422113403368],[-15.592379368623366,28.120515942381488],[-15.59250285467213,28.120572034351827],[-15.592702343493848,28.120322021527755],[-15.592863489802099,28.12020940067568],[-15.592956024574203,28.12021015596267],[-15.593033025678865,28.12028925938067],[-15.593151094180898,28.120852052311086],[-15.593032609853047,28.12116103999495],[-15.592860327087898,28.122062738621388],[-15.592868039805168,28.12236903197896],[-15.592934471847489,28.122599543601446],[-15.594106380458891,28.12400641628932],[-15.594228428297617,28.12403530589185],[-15.594697157212337,28.12389899887844],[-15.594900699399012,28.123969906446835],[-15.595083336371173,28.124237753227032],[-15.595456840740715,28.125289448771277],[-15.595415634742261,28.125472042525033],[-15.595239340990226,28.12570418455199],[-15.595259326646087,28.12604480755526],[-15.59501083622926,28.126302104664894],[-15.594633274437747,28.12696523109478],[-15.59477711546817,28.12702541201287],[-15.595068293708652,28.12691221534188],[-15.595196832803541,28.126646484335605],[-15.595298446926106,28.126579316585275],[-15.595409124530944,28.126619276258218],[-15.59543743938833,28.126805016286294],[-15.595224352895647,28.1270607337452],[-15.594883318300628,28.127283913698403],[-15.594880231347284,28.127584196488254],[-15.594808621869479,28.127715649401416],[-15.594214352436596,28.128253266521877],[-15.593987055841312,28.128331702025548],[-15.59397023639223,28.12838929403833],[-15.593989106824438,28.128472846105293],[-15.594200581389424,28.12862169419474],[-15.594309396259252,28.12876667222181],[-15.594434512624861,28.129140319999987],[-15.594475608398017,28.129542468740496],[-15.594315540582587,28.129644200406453],[-15.594241582931062,28.129763819953315],[-15.594077997072194,28.130411285108313],[-15.59393593156598,28.130552006541258],[-15.593816237857713,28.130585761984836],[-15.59369031218208,28.130824580288813],[-15.593470158578793,28.1309400844039],[-15.592619078426118,28.132136737546855],[-15.592554111745933,28.13241056817848],[-15.592573873382868,28.132567333349336],[-15.592509467708842,28.132706264231846],[-15.592265196798799,28.132845972382803],[-15.592359377191766,28.13308474089669],[-15.592573189217921,28.13329997372015],[-15.592568011449572,28.133500843562157],[-15.592712671002545,28.133660264175575],[-15.592686188989644,28.13368684541684],[-15.592804422500663,28.13390144398263],[-15.592840840848393,28.134079819529443],[-15.593147682241455,28.134344052937994],[-15.593135378131555,28.134476629371136],[-15.59319365495016,28.13464851919862],[-15.593024436925333,28.135007843053348],[-15.59305737102701,28.135337424277726],[-15.5928909828528,28.135508146777525],[-15.592862666285708,28.135898942252066],[-15.592752652541874,28.136099597472445],[-15.592732961621527,28.136251911399214],[-15.593301625504507,28.137027637376132],[-15.593267267764876,28.137072080839214],[-15.593307224886594,28.13745252484808],[-15.593475144651684,28.13770714923708],[-15.593596391644224,28.138007326426294],[-15.593593189324983,28.13825402591404],[-15.593180891906602,28.13883179592378],[-15.593199770059176,28.13915682503335],[-15.593281006189017,28.139351453214648],[-15.59302731685469,28.13963259999272],[-15.592309274229205,28.14118096533229],[-15.592019807495182,28.141436998743096],[-15.590957169885543,28.14164559184718],[-15.59046055423225,28.141931662797056],[-15.590259156659773,28.14216109006224],[-15.590144604306413,28.14210424490915],[-15.590091325688565,28.14201550577143],[-15.590100021051908,28.141784814432068],[-15.590174901912825,28.141534051229865],[-15.590820603740452,28.140880325241476],[-15.59134419760783,28.140119089902633],[-15.591437943481626,28.139803251310408],[-15.591463546936783,28.139217767965665],[-15.591539399411637,28.139018705557426],[-15.592065491250462,28.138603220935845],[-15.592223747273518,28.13834516374822],[-15.592263768376585,28.13809714972051],[-15.592203735118291,28.13784667945118],[-15.592081874915191,28.13770465398645],[-15.591861751838477,28.137615480713112],[-15.590484534008525,28.1382485344183],[-15.590353598749333,28.138378940661354],[-15.59005699468819,28.13890233082543],[-15.589358698506345,28.139471643792447],[-15.589055349196661,28.139656951222715],[-15.588181461986572,28.14000690221308],[-15.587336969458017,28.140780766884905],[-15.58692254781597,28.141694181687846],[-15.586583872202185,28.14215636198954],[-15.586419549346067,28.14229499546426],[-15.585069343593052,28.142904626556078],[-15.583855659202504,28.14282165572616],[-15.584589976868813,28.141198503834556],[-15.584767441308115,28.14111311096673],[-15.584879357453119,28.14092530820047],[-15.585456757477688,28.140496486613788],[-15.585585936784936,28.14028131233211],[-15.585851147664739,28.140062532488667],[-15.585999572351028,28.139435642166372],[-15.58640667103281,28.138722205944553],[-15.586649142013329,28.13851743223954],[-15.586671712864602,28.138361243319096],[-15.587109931927676,28.138049131951465],[-15.587100911709323,28.138008441440633],[-15.58799241729772,28.137638634935108],[-15.588400728063236,28.137672556698732],[-15.588627007252489,28.13760298099032],[-15.588944875912805,28.137630501345914],[-15.589311594287665,28.137269150884833],[-15.589228449126733,28.137023653075982],[-15.589287804390375,28.136877993378782],[-15.589257954587488,28.13657410641279],[-15.589124805489519,28.13630343095011],[-15.589131230724032,28.13589567849768],[-15.58908307372376,28.135644144633392],[-15.589240601608147,28.1351128510503],[-15.589298515862835,28.13510601245814],[-15.589454647061723,28.134794311843173],[-15.58941532415044,28.13469453563166],[-15.589143074492327,28.134639234121767],[-15.588919815594625,28.134418205185685],[-15.588834790610491,28.13445597776597],[-15.588741972439482,28.13437208372107],[-15.588683797490944,28.133982752602638],[-15.588562623285108,28.133845342635148],[-15.588412653217114,28.133916901498264],[-15.588046946741228,28.133926802742653],[-15.587899178903154,28.133452308063173],[-15.587862962088114,28.133160056436534],[-15.587404449059761,28.133122818510767],[-15.587190095869035,28.132953941760952],[-15.586883484489677,28.13246688383259],[-15.586733050549881,28.132068035186382],[-15.586617997392574,28.131355947321165],[-15.586541551304286,28.131248493744412],[-15.586548727057849,28.131032874531584],[-15.586476180762043,28.130921594887578],[-15.586540818922062,28.13030233742477],[-15.586731255102709,28.129943643481788],[-15.586858169314644,28.129539689737268],[-15.586804984805081,28.129365608703935],[-15.58700682565317,28.128487902147935],[-15.586936768816845,28.12821842527232],[-15.587027574989868,28.127422255170423],[-15.586857910511455,28.127043401911894],[-15.586628918645586,28.126876482303818],[-15.586602783365725,28.126658143980084],[-15.586465614073498,28.12665548118461],[-15.586365370124721,28.126571328250662],[-15.586255954226337,28.126298552946388],[-15.586239257181322,28.126130453814234],[-15.586043598522009,28.12572652561872],[-15.586130768569598,28.125616205704052],[-15.586104684243818,28.12540698415059],[-15.586246417718007,28.125331816203296],[-15.586503872250734,28.12532241030267],[-15.586578216672622,28.125231643009684],[-15.586694702668757,28.125232137511496],[-15.58687360533247,28.12510183622403],[-15.58702090682607,28.12507701357017],[-15.587290916986015,28.124830687424172],[-15.587291675374818,28.124764336695364],[-15.586954178390828,28.124248000866864],[-15.586692783440487,28.124075533031057],[-15.586489388863203,28.123671638434526],[-15.586357485609687,28.123513329714775],[-15.586213974596374,28.123523331364662],[-15.586094550585422,28.12346904884423],[-15.586011263450507,28.12322585988639],[-15.58609989804322,28.123141801908417],[-15.586412721192044,28.123092080214885],[-15.586574755536247,28.12313688248823],[-15.586702650424403,28.12328834774082],[-15.5873184539403,28.12362476033081],[-15.587568334492733,28.123646256812584],[-15.587703448882882,28.12355288146711],[-15.587654210350824,28.123355223550845],[-15.587674164702074,28.123074763444283],[-15.587629546557329,28.122996150114822],[-15.587690758999562,28.12268229426654],[-15.587599435653727,28.12240366512282],[-15.587668340897189,28.122268237532044],[-15.587997174785588,28.121943846209987],[-15.588063345354653,28.121605957423764],[-15.587992489868212,28.121477086781],[-15.587712063333017,28.121342524976882],[-15.587599370632693,28.12114062551411],[-15.587423917753975,28.120990917425488],[-15.587031144458559,28.120937878758593],[-15.58669387498682,28.120816195819092],[-15.586493471126488,28.12030586132411],[-15.586803594280042,28.120416287108082],[-15.587069527036576,28.120339322962447],[-15.58726370364149,28.120173480151273],[-15.587202162831225,28.120072010854276],[-15.587149060491662,28.119351532582446],[-15.587295227644418,28.11898919968588],[-15.587427240698158,28.118813512788172],[-15.587435424867634,28.11868989979577],[-15.587688392980809,28.118420807837595],[-15.587739230179414,28.11794117253825],[-15.58787228131971,28.11773217158246],[-15.587928767101545,28.117317686013862],[-15.588186640580961,28.117015443458484],[-15.588038766775766,28.11678399667039],[-15.588096825936,28.116583441252814],[-15.587882191279087,28.11641303147631],[-15.58785520882347,28.11626330097157],[-15.587608925357225,28.11620748725117],[-15.586934644371768,28.11589766590925],[-15.586752741658856,28.11575834721207],[-15.586215671416822,28.115097276833605],[-15.585815038883885,28.114836081013227],[-15.58546358507892,28.114691490924937],[-15.585412367523919,28.114529054183137],[-15.585258782903706,28.114331641889493],[-15.585210963616822,28.114149954265883],[-15.585068670177353,28.114040613995055],[-15.58506382722873,28.11371480024293],[-15.584956490391242,28.11357626218045],[-15.584939293276832,28.11343340384166],[-15.58489014667829,28.11338219633228],[-15.584720785155367,28.113361407516383],[-15.58462757085561,28.113264305555298],[-15.584559760097967,28.112805171278495],[-15.584389713819498,28.112537680153338],[-15.584502470531882,28.112128895457733],[-15.584486422834702,28.111987566695113],[-15.584371386064296,28.111831070344188],[-15.584374434231322,28.111675930290744],[-15.584551481120181,28.111486703347786],[-15.584460079120728,28.11145502038687],[-15.584504614655126,28.11122678430246],[-15.584445387658159,28.110998548123902],[-15.584522879558355,28.11084005773987],[-15.584129781018145,28.110471855868404],[-15.584010408651915,28.110176128819667],[-15.584107158324358,28.109486928937308],[-15.584041921386845,28.10910736421778],[-15.584168456077343,28.108740974416367],[-15.58428445431835,28.108564564211505],[-15.584311618461147,28.108320794612265],[-15.584265532307645,28.10811243363112],[-15.584332356733086,28.1079658410621],[-15.584365391585594,28.10768954960678],[-15.584491826237915,28.107545600589763],[-15.584479239969749,28.107297080669568],[-15.584288483885423,28.107053670848824],[-15.584302825890482,28.10666436104821],[-15.584397822450685,28.10652039258064],[-15.584515001751118,28.106051514757773],[-15.584702401738689,28.10573440455739],[-15.584740565899416,28.10574536299137],[-15.58500973542655,28.105220510814586],[-15.585029292678174,28.10495235567354],[-15.58498606684655,28.104809590114],[-15.58502923344073,28.104491054447927],[-15.584853175781994,28.104524446532995],[-15.584808439850416,28.10459498388638],[-15.584193521429349,28.10480243365941],[-15.584005785768833,28.10478120751387],[-15.583662340369212,28.10463697530507],[-15.583462609369091,28.10464897330437],[-15.582772975200868,28.104534212502536],[-15.582744124124702,28.104756423864725],[-15.582603792792183,28.105041412441807],[-15.582279485628963,28.10531546512115],[-15.582279841231212,28.105381323858506],[-15.582052168042468,28.10559590273334],[-15.581019358758887,28.105909218359546],[-15.580211740903222,28.10580792518981],[-15.578820817646534,28.105198745261287],[-15.577761514885887,28.10695641624947],[-15.577710643986045,28.10677408856486],[-15.577547047081982,28.10685993734134],[-15.577416775174694,28.106866840790033],[-15.577313757230199,28.10697473068124],[-15.57652024284413,28.10713969517916],[-15.575734411752904,28.10752385017306],[-15.575329778572838,28.10782509684227],[-15.575219119193287,28.107844625818498],[-15.575169865741831,28.108001069984077],[-15.574580218383186,28.107987040380824],[-15.574520000371242,28.10822006935009],[-15.574131329237337,28.1089715616184],[-15.57412529544472,28.10927618157192],[-15.573861427986603,28.109462445713703],[-15.573750056089265,28.109488105767003],[-15.573664197650897,28.110026729942316],[-15.57337251227303,28.110427101186026],[-15.573296429771176,28.11044970667178],[-15.573199041245338,28.11067380934259],[-15.57316666033166,28.110929270514756],[-15.57321669443137,28.111152486156847],[-15.573549759326317,28.11139176875238],[-15.573621088412395,28.111652438024034],[-15.573643137946364,28.112113159861014],[-15.573381670746695,28.113630780891413],[-15.573247200274176,28.113822334127192],[-15.57276239939226,28.114155755259123],[-15.572618863201326,28.11439661453961],[-15.572441404229096,28.11453803058221],[-15.572316119799678,28.11454651524595],[-15.572233466433378,28.114795262269524],[-15.572174730219807,28.114865998382882],[-15.572018484558603,28.114922454504622],[-15.57166568969883,28.115276128064757],[-15.571565249029588,28.11547135616323],[-15.571188415942332,28.115598860565832],[-15.571050572724923,28.115793007400477],[-15.570727857843822,28.116006374655125],[-15.57057749534881,28.116163003190145],[-15.570400954892495,28.116201993650606],[-15.570314143538178,28.11632789175795],[-15.57018088949888,28.116354569749973],[-15.569975775866244,28.11650447457756],[-15.569790735408064,28.116661363749145],[-15.569793199945739,28.116788605634678],[-15.569419165138108,28.11706355693482],[-15.569215989910367,28.1173341963191],[-15.568510383256868,28.117570378599744],[-15.56819179895014,28.117765813454575],[-15.567942326529257,28.11784752035079],[-15.567839125134814,28.11801132553231],[-15.567701226820478,28.118051759302148],[-15.567588313686457,28.118223665521363],[-15.567548313267821,28.118456174320222],[-15.567580291529039,28.11853897202533],[-15.567484485653349,28.118815871351995],[-15.56720458773223,28.119212903907474],[-15.567033394071128,28.11959783266318],[-15.567050853698774,28.11981422534267],[-15.56713359848125,28.120024895744944],[-15.567046671053703,28.120195827430393],[-15.56686711917577,28.12034517058278],[-15.566874729955602,28.12076618042575],[-15.566569540683835,28.121032904716813],[-15.56641270217987,28.121277161446763],[-15.56640137330752,28.12142116910669],[-15.566102673651578,28.121487613004657],[-15.565943178532502,28.121718782149514],[-15.565779822127233,28.121819690952684],[-15.565795717588887,28.121930547792832],[-15.565998625041955,28.12228223744813],[-15.565966660701838,28.12242503037313],[-15.566051240742759,28.12253538697531],[-15.566152759758195,28.12256555090222],[-15.566141783812549,28.122639219538012],[-15.565941428089493,28.122856998993093],[-15.565789889734182,28.123184524217095],[-15.565856355308764,28.123461402481617],[-15.565861510040621,28.124097885159028],[-15.565778133556012,28.124321671819985],[-15.565519054161227,28.12471601517172],[-15.565291029020148,28.124943575594287],[-15.565259262243261,28.125099113467446],[-15.565310767691338,28.12535223164974],[-15.565121164771883,28.125730553862407],[-15.565129328144753,28.125951344931238],[-15.565029013497792,28.126176645231975],[-15.564993366081586,28.12646218617201],[-15.564846847758849,28.126886394597843],[-15.564563138582026,28.127276946989365],[-15.564412188626035,28.127602112149052],[-15.56411585770139,28.12788525954368],[-15.563983120991075,28.128266658978294],[-15.563998969679588,28.1285554540602],[-15.564266069937075,28.12900541920598],[-15.56432046789528,28.129468662511865],[-15.563844478108487,28.130383572968793],[-15.563783940254275,28.130645818172223],[-15.563853619747935,28.13122743138534],[-15.56360609762735,28.131811080292877],[-15.563616953764404,28.131893071938634],[-15.56399098552226,28.132507383277904],[-15.564094145540615,28.133010595393035],[-15.564436865589586,28.13327593779208],[-15.564870167485568,28.133788477149746],[-15.564930813937467,28.134013095712127],[-15.564953956859954,28.134422170539114],[-15.565457396751125,28.134544882053973],[-15.565614202920736,28.134868335959137],[-15.566479265126913,28.13586985152935],[-15.566576352828182,28.136148922175842],[-15.566410310829154,28.13648670795033],[-15.56642696987133,28.137299779622673],[-15.56652077066924,28.13787523400578],[-15.566517954731365,28.138331066428233],[-15.56641577284806,28.13860561671689],[-15.566432070406323,28.138889065241308],[-15.566100436150325,28.139555246263384],[-15.56579494712617,28.13983727948421],[-15.565335358043278,28.140041495291875],[-15.566907377271733,28.142789738762875],[-15.567157974615679,28.1429472677131],[-15.567326444019292,28.1432427417044],[-15.567685319798674,28.14357064566914],[-15.568185311594073,28.14373755631522],[-15.568436291314635,28.14390115635475],[-15.56830818006975,28.144025030729097],[-15.5679046296739,28.14419048708594],[-15.567435074176123,28.14413726007333],[-15.567378706270242,28.144201042569385]]]}},{"id":"49","type":"Feature","properties":{"categoria":"Parque Rural","nombre":"Nublo","codigo":"C-11"},"geometry":{"type":"Polygon","coordinates":[[[-15.798666794396054,27.85452957268112],[-15.798834652259444,27.854614534940783],[-15.798745241048287,27.854787215380714],[-15.798838489754925,27.855005056419024],[-15.79916172473714,27.855206544430867],[-15.79918328401634,27.855290623297666],[-15.798764313223453,27.855511458023923],[-15.798429311681332,27.85587099204775],[-15.79836562035439,27.85611645242489],[-15.798387784561642,27.85632474830332],[-15.79821826645091,27.856432319918927],[-15.798203368248203,27.856550397888224],[-15.798453857768369,27.856603985901756],[-15.79862159947993,27.856852728523208],[-15.798521384035135,27.856970587256065],[-15.7983244191544,27.857036589462574],[-15.798312616570204,27.85715537734996],[-15.798412921354336,27.85736017889112],[-15.798535901817868,27.857488722048043],[-15.798576650299669,27.8574645129582],[-15.79858037067687,27.85726257577424],[-15.79872475595062,27.857291357436104],[-15.798926535706467,27.857616451403747],[-15.799012056232623,27.85788806557157],[-15.799030433807234,27.85813378200352],[-15.799213302038869,27.85836165606063],[-15.799208102366437,27.858450367285197],[-15.79909481766288,27.858581147535638],[-15.799101006068696,27.85876020706637],[-15.7992841115299,27.85908671747213],[-15.799467104907471,27.859574991792854],[-15.79971028764091,27.85996052382906],[-15.799827980630026,27.859987418909075],[-15.800025119559878,27.85990063674949],[-15.80016448188824,27.85993506977544],[-15.800089975020855,27.8600574023012],[-15.800140426030449,27.860222186085796],[-15.800368193340036,27.860278502020865],[-15.80045458873177,27.860513559784813],[-15.800742956209035,27.860810724334193],[-15.800983003013451,27.860901324628436],[-15.801453283469385,27.860852952668246],[-15.801575307223498,27.860893993427414],[-15.801595906440667,27.860999019973477],[-15.801538337231094,27.86114825451505],[-15.80127123488286,27.861268104867413],[-15.801178385300506,27.86139327967557],[-15.801180262986653,27.861714927094088],[-15.801366064955896,27.862097169381354],[-15.801989112966247,27.862578549713163],[-15.801919479565475,27.86270056597914],[-15.802051025155134,27.862842634990464],[-15.801904837988891,27.86289721350187],[-15.801938199772259,27.86303870695654],[-15.802049653692158,27.86323029740073],[-15.802164178752488,27.863094010148874],[-15.802214594769904,27.86309891648237],[-15.802254408239076,27.86340473548545],[-15.802507975867362,27.86376347282904],[-15.802511153886076,27.863866722920612],[-15.802361254700648,27.863947032344015],[-15.802300698963036,27.864154210612583],[-15.802421027234796,27.86464574247882],[-15.802608675175186,27.865100765555933],[-15.803282738228601,27.866524538137437],[-15.803460276775754,27.8665775214053],[-15.803581606170724,27.866746521576488],[-15.803883955629177,27.866729883224064],[-15.803957186652093,27.866767730724494],[-15.803753505707888,27.86682813474817],[-15.803687171636154,27.866932078680254],[-15.803819280732823,27.86730365318373],[-15.804056487366694,27.8677117427781],[-15.804942712423838,27.869645556328525],[-15.80557871469447,27.87042003914148],[-15.806054582198675,27.87123113842661],[-15.806297131917441,27.872029292479844],[-15.806634720002755,27.872623819657385],[-15.806857214160965,27.872885807308975],[-15.80733102346159,27.8731561538676],[-15.807496966162681,27.873309434894352],[-15.807808045139534,27.873440200905616],[-15.807944205934538,27.87356621388518],[-15.808186581682918,27.873963279481174],[-15.808335431351438,27.874421842853682],[-15.809205917872537,27.875422845339603],[-15.80952294585357,27.87569684815792],[-15.81000931915719,27.875924793021117],[-15.81018515498682,27.87615874954293],[-15.81050082361243,27.87633685570781],[-15.81063578852641,27.876650633408563],[-15.810877976161432,27.87695742548598],[-15.810855709066239,27.87709115523635],[-15.810695143302613,27.877355830613414],[-15.810675688466425,27.8775998891857],[-15.810761329596673,27.87801245868371],[-15.811011820032943,27.87849786288],[-15.811753225169666,27.878921016111228],[-15.812013402682018,27.878999065661805],[-15.812192158951989,27.87897504828327],[-15.812263303104842,27.879012181274078],[-15.81221873197523,27.87948675546819],[-15.812249270141594,27.879658448538503],[-15.81249829456039,27.879984117658488],[-15.812528753097286,27.88010150504187],[-15.812446627160561,27.880621218587322],[-15.812459960942476,27.880902347240934],[-15.8125932434565,27.881318534156936],[-15.81279342083196,27.881588740105446],[-15.812800469661717,27.881860662138582],[-15.812966938086445,27.88221209229936],[-15.81308288815672,27.882935016808993],[-15.813307955902479,27.883340695767888],[-15.813465314012632,27.883516550894434],[-15.813588114121055,27.883940164413993],[-15.813873906185526,27.884314422286238],[-15.813986873963495,27.884966158857186],[-15.814558498059196,27.88632678797486],[-15.815055657922487,27.887900456716643],[-15.815300529021608,27.88847355452799],[-15.815579864468015,27.88872132514969],[-15.815665013277306,27.888934290078858],[-15.815880704986359,27.889170457883825],[-15.816079011100804,27.889515917925685],[-15.81629058193876,27.88961418707268],[-15.816519697362526,27.889970864982566],[-15.816856896089584,27.89021686384834],[-15.817398599521969,27.890896656639757],[-15.817581234721617,27.8912972443686],[-15.817512391731839,27.891784095309067],[-15.817561628881428,27.89214950181713],[-15.817733491593785,27.892630438532247],[-15.81789111734868,27.892860745861928],[-15.818072937819968,27.893000920065113],[-15.818420206552283,27.89315757883457],[-15.818809220864656,27.893547406705068],[-15.819086135463012,27.89355716241412],[-15.819168240367791,27.89377462933382],[-15.819236977123559,27.894246066629005],[-15.819379143378377,27.894451910800747],[-15.819931906237407,27.894825434059957],[-15.820529942084114,27.895381552669452],[-15.82108162014026,27.895804048575325],[-15.82124687029454,27.89607372687242],[-15.821410977037097,27.89657941124826],[-15.821727934410115,27.896767150129534],[-15.821757554868393,27.89690071618261],[-15.82184902184552,27.89691461384549],[-15.822308191030816,27.897205222418997],[-15.822404852010242,27.89732552496391],[-15.822512457135748,27.897603209405236],[-15.822581057337763,27.897624311102234],[-15.82259073532931,27.897721752940832],[-15.822673656518464,27.897787831423074],[-15.82266963187327,27.897922040385026],[-15.822784077210216,27.89802923773518],[-15.822859590697513,27.898512917813676],[-15.822982430118227,27.89871958646812],[-15.823002841603287,27.899161286341208],[-15.823366875143163,27.89946204576241],[-15.823449649394298,27.89962121904653],[-15.823424552700477,27.899699072564687],[-15.823689552672032,27.900001081706545],[-15.824770000423953,27.900540422261237],[-15.825024111307135,27.900563454407003],[-15.825095436536513,27.900683626752876],[-15.825079273675785,27.900977350452113],[-15.825264738704199,27.901013647405446],[-15.825473365960717,27.90132248986903],[-15.825626494294582,27.901406208735484],[-15.825608343459821,27.901561002371636],[-15.825407026995459,27.901639911825743],[-15.825376042530317,27.901694258781788],[-15.825479377462157,27.90194321546174],[-15.825433752325777,27.90211954932754],[-15.825557351244235,27.902277826733695],[-15.825721794068821,27.902371443370985],[-15.825879761233125,27.902345510313896],[-15.825953417466753,27.902496720699837],[-15.826141513174104,27.9024937156093],[-15.82632379881386,27.90262738519514],[-15.82642340973978,27.902578394685076],[-15.82649419003596,27.90241520627394],[-15.826587594939493,27.90251228092919],[-15.826676234326426,27.902517084118667],[-15.826681258870442,27.902686190879955],[-15.826862779660836,27.902868817162265],[-15.826863539467784,27.902968758360537],[-15.826593454175791,27.90304792871606],[-15.826518327451131,27.90317403367984],[-15.826494288298628,27.90334807192337],[-15.826574391269547,27.90357723561686],[-15.827083136962319,27.904502580791004],[-15.827065927044558,27.90457244389473],[-15.827532023749884,27.905318660785998],[-15.828150843415965,27.906112053389535],[-15.828369369393949,27.906309331370867],[-15.829135770279645,27.906741135690652],[-15.82871348001543,27.90704674473357],[-15.8283236790635,27.90755455801873],[-15.828163879260515,27.907692998024086],[-15.827603520146047,27.907987978386807],[-15.827532367327334,27.908229288170833],[-15.827597757419795,27.908484473623645],[-15.827486111148001,27.90857627056958],[-15.827436638512726,27.90869423311493],[-15.827555154847117,27.908828175381043],[-15.82759623005645,27.90900607423195],[-15.827517811180313,27.909047112044764],[-15.827134292241563,27.90898380747849],[-15.8270314445842,27.90889653909142],[-15.827051965891295,27.90874092782023],[-15.827004093674546,27.908667239837953],[-15.826520450913058,27.90875438075397],[-15.826200475374256,27.90896819690739],[-15.826190046119637,27.90918170015832],[-15.826009985546468,27.90934238409662],[-15.825758668235363,27.90941161923182],[-15.825428776472418,27.909410571921775],[-15.824994142092384,27.90976876214507],[-15.824781756192213,27.909784955118358],[-15.82405827031778,27.910084905624196],[-15.823941023051468,27.91034065249042],[-15.823874524683243,27.910319096751074],[-15.823685638214672,27.910388532544626],[-15.823100156072103,27.910773769514133],[-15.823094171109764,27.910839575171035],[-15.822675665013884,27.911402545124794],[-15.822691443596245,27.911482781178616],[-15.822410780700809,27.91167003153323],[-15.822299776299268,27.912049236607384],[-15.822303856287359,27.91220173053655],[-15.821972069050553,27.912249494770307],[-15.821756954746053,27.912177001237602],[-15.820823717371521,27.912253885813406],[-15.820336707375114,27.91220060306863],[-15.819665808389676,27.912325014807212],[-15.819277348978575,27.9122624580998],[-15.819190079966592,27.912304338230786],[-15.819061300610448,27.912482545466613],[-15.819039765346911,27.912830235850198],[-15.81887421356392,27.913174945854685],[-15.81890703596867,27.913499998624427],[-15.81900270758819,27.913568413407567],[-15.819069206967049,27.913759902652572],[-15.818784650341122,27.91395124002009],[-15.818722644968908,27.914073065305963],[-15.818592262155217,27.914118324583956],[-15.81834094257041,27.914405365228955],[-15.818307985512488,27.91445509153017],[-15.81835051915753,27.914600280115828],[-15.818284234213156,27.914693686901156],[-15.81809989206442,27.914785122807263],[-15.818074733339046,27.91491778693221],[-15.817602148690884,27.915165257201984],[-15.817506117308367,27.91531257722511],[-15.81750584048075,27.915464943723624],[-15.81705192678607,27.91574171094944],[-15.81703551846738,27.915809780736865],[-15.816919027958571,27.915870373996373],[-15.816183118582634,27.915932977387023],[-15.816114359366212,27.91605045447138],[-15.816000217417963,27.916088285288133],[-15.815917006305535,27.916201569131854],[-15.815632914848738,27.916239801295138],[-15.815504155292219,27.916176860805002],[-15.815329488147574,27.916208062533045],[-15.815063977732725,27.91617239774911],[-15.814336510895298,27.916338236088652],[-15.814140957637346,27.916740908043295],[-15.814129962286477,27.91698244236266],[-15.8142575888858,27.9171600052558],[-15.814131471766556,27.917322368095736],[-15.813973139450265,27.917346268136278],[-15.813971410317613,27.917443768772692],[-15.813713456650891,27.917887104842166],[-15.813155405930676,27.918232645602753],[-15.81305011562478,27.91854673488273],[-15.812698213286524,27.9187398926455],[-15.811715370578044,27.919050868718074],[-15.811741509398233,27.919154415618586],[-15.811550079342707,27.919169408842418],[-15.811393994865249,27.919238932682227],[-15.81120396196453,27.91948471676397],[-15.81110293176433,27.9198231340684],[-15.810709167445024,27.92035348911208],[-15.810683916430452,27.920480591917414],[-15.810752439536053,27.920531930761488],[-15.810707913612774,27.920795741922124],[-15.810513263632687,27.920797735921727],[-15.810465441952175,27.920674204464994],[-15.810185901129593,27.920773971224943],[-15.810143412811016,27.92090369382065],[-15.809664311962035,27.921278247185462],[-15.809583903055312,27.9213980372509],[-15.809066780954257,27.92164857493042],[-15.808869788521058,27.921878130270592],[-15.80889966814408,27.921949294327444],[-15.808840159987259,27.922048244510297],[-15.808473429130576,27.92238996207608],[-15.8084931009218,27.922522018350982],[-15.80836985909986,27.92269718635099],[-15.808149627704102,27.922863418017204],[-15.808064620417198,27.922879072895523],[-15.807993596822758,27.92298489655044],[-15.807768686159143,27.923093274641026],[-15.807555165588939,27.923303950537434],[-15.807575653674016,27.923409219369056],[-15.8070274130696,27.923768444242658],[-15.805533073537724,27.925013623224544],[-15.804676428380112,27.925441179473747],[-15.804516795617866,27.92562351643315],[-15.804356313920719,27.925578669347523],[-15.804069016838532,27.925607878892873],[-15.804030904890933,27.925800103386972],[-15.803857146432343,27.926010270724806],[-15.803636337976402,27.926166280225555],[-15.803480554812317,27.926594702734587],[-15.803412109207487,27.927171044792228],[-15.803298640299053,27.927395573560656],[-15.803020102062135,27.927749743122895],[-15.803059001349045,27.928417217360003],[-15.80315570396347,27.928784083979647],[-15.803291454355666,27.928996904560133],[-15.803765237558213,27.92931925269276],[-15.803861486742601,27.929536491677325],[-15.80387939228306,27.929890530014564],[-15.803981258281905,27.930163486153592],[-15.804469709082923,27.93052763082145],[-15.804817775178385,27.930975641523702],[-15.805593671928031,27.931530627246566],[-15.80614651621034,27.93178592199745],[-15.806506317455508,27.932190855426924],[-15.806445195382995,27.932219918859953],[-15.806222268113759,27.932132688513093],[-15.805716555865176,27.932117883362864],[-15.80555287036946,27.932168669348112],[-15.80539644093892,27.932326290991075],[-15.805326778821255,27.932337241791625],[-15.805188429806215,27.9322768124164],[-15.804970434554557,27.931958029693053],[-15.804851501152685,27.9318841989006],[-15.804624026918514,27.931890872099036],[-15.804472924264472,27.93199661116866],[-15.80433031589211,27.932019686420542],[-15.804035122791891,27.931904421822942],[-15.803857593391939,27.931666715173012],[-15.803700512097485,27.931780431962462],[-15.803661854198726,27.932157475853572],[-15.803505705485565,27.93241662814946],[-15.80357282994946,27.932653390780622],[-15.803482760077749,27.932812933928357],[-15.803523665335248,27.93306660344232],[-15.803429992617462,27.933549835506064],[-15.803552645050187,27.933906439977513],[-15.803506653928228,27.934020519278782],[-15.803350737161622,27.93413552876373],[-15.803466339353353,27.934330412680822],[-15.803324110169985,27.934581106579582],[-15.803255740328915,27.934986920732634],[-15.803208483371785,27.934973908820115],[-15.803087797417403,27.934751323775036],[-15.803034180036887,27.934537879893],[-15.80286813776054,27.934339245663274],[-15.802782503202053,27.93437036410942],[-15.802773583138466,27.9344836493302],[-15.802601927716657,27.934474395393487],[-15.802504641038974,27.934689296705688],[-15.802349191663016,27.93486785160733],[-15.802287699321914,27.934865032429922],[-15.802381529420684,27.934622420824013],[-15.802378061248671,27.93450516376629],[-15.802234458777063,27.93441342072956],[-15.80206812294091,27.93439503603484],[-15.801766718359376,27.933463628032236],[-15.801452175057287,27.9331256148364],[-15.80111476209717,27.93222488943779],[-15.801001074978556,27.932093108253447],[-15.800628801770625,27.931889315605925],[-15.800448057208163,27.93154806666377],[-15.800161301177681,27.931492972040992],[-15.799892309423107,27.93151489938547],[-15.799774212609531,27.931573501819475],[-15.799563949187283,27.93181678787201],[-15.7993929273184,27.932246594123033],[-15.799424790886736,27.93246623197283],[-15.799292489191942,27.93256146634203],[-15.799261577796008,27.932648015034452],[-15.79924169566107,27.933349483605294],[-15.799129051492542,27.933577605907495],[-15.799004775664896,27.9336615188497],[-15.798878769954225,27.93362080746525],[-15.798706482454289,27.933478378617366],[-15.798526187320583,27.9334411592414],[-15.798556407908828,27.933172054902002],[-15.798476175267846,27.933075309566245],[-15.798280925572303,27.932950362977788],[-15.798001507573685,27.932901143008717],[-15.798076830881376,27.93268390766158],[-15.798060819825896,27.932563121352928],[-15.797887857379372,27.932239868635996],[-15.797801084884364,27.931894605290637],[-15.797591553181896,27.931551650667075],[-15.797504791629196,27.931517778729237],[-15.796192820554731,27.93209904740979],[-15.795939928625925,27.932407125820717],[-15.794752064223164,27.932741933468556],[-15.79471833804594,27.932922142445626],[-15.794831655599111,27.933448803498365],[-15.794962421669176,27.933584679726867],[-15.795017931076123,27.93372835627037],[-15.794893345900022,27.93385935161138],[-15.794889906669823,27.93401160099264],[-15.794841388860634,27.93406777557278],[-15.794518952933052,27.934184891700532],[-15.794323902880697,27.933975726436834],[-15.793996079213095,27.933914789852903],[-15.793530282359539,27.933552066097604],[-15.793365639070755,27.933784536571938],[-15.793171241163845,27.933912032963118],[-15.792501705675063,27.933975970839576],[-15.792313269213846,27.93420193321834],[-15.792303099592473,27.934502117968],[-15.792382122297335,27.935035477752955],[-15.792603849122557,27.935334905588626],[-15.792568030773138,27.93548806345113],[-15.792463039600703,27.935471769370082],[-15.792288213157788,27.935353981453304],[-15.791989263992791,27.935286311456046],[-15.791191087578353,27.93481499287992],[-15.790946265719098,27.934268872869662],[-15.790804799143656,27.933667834966908],[-15.790471089441844,27.933733453789728],[-15.790147189820857,27.933918161562552],[-15.789998950239548,27.934196318420167],[-15.789991953007341,27.93448637476755],[-15.790077876726164,27.93487453490766],[-15.79028904343213,27.93542215851757],[-15.790294069499174,27.935822355194738],[-15.790556441884851,27.936500673658564],[-15.790746327527282,27.936827304756818],[-15.791063081391217,27.937178761889793],[-15.791111894984784,27.937405525872393],[-15.790584249133822,27.93737171767138],[-15.790252252565915,27.937249702258306],[-15.789976968923412,27.937210994855132],[-15.789639616028193,27.93735865107091],[-15.78942657240179,27.937562508408767],[-15.789076832624508,27.937659114971783],[-15.78910482208269,27.93752723410733],[-15.788994985535416,27.93725272373159],[-15.788902111899025,27.936646359546668],[-15.788236740257405,27.935737803360603],[-15.788146938130067,27.935643571054346],[-15.788057276630028,27.935638740294443],[-15.787462521372738,27.935899951077435],[-15.786880228199202,27.935956863513816],[-15.786503312436738,27.936118034777817],[-15.786410151373332,27.936258808795397],[-15.786340515756496,27.9365688652758],[-15.786074476391757,27.937065491719917],[-15.786222868001019,27.9372753684476],[-15.786183598999983,27.93733228159493],[-15.786300118530441,27.937463860336283],[-15.786282056644731,27.93753825485883],[-15.785825370802236,27.93762147217079],[-15.785659803306718,27.93783328535723],[-15.785459109470974,27.938233690121578],[-15.785195171833804,27.9383079523136],[-15.784688554134316,27.938697733350878],[-15.783737578898366,27.93902152843362],[-15.783096328390176,27.939559750076683],[-15.782518498199368,27.940168559793843],[-15.781977094340784,27.940487035664706],[-15.781518070746987,27.940614845050675],[-15.781248068134541,27.940892781090145],[-15.781100734198402,27.940885853889537],[-15.780642038537485,27.940508242285738],[-15.780056444539134,27.940378504702586],[-15.779761160737245,27.940236198218734],[-15.779678575096858,27.940271690295024],[-15.779712950659547,27.940387671878888],[-15.780193648766613,27.940956261485624],[-15.780348096133824,27.94140140542045],[-15.7808124927351,27.942175627578315],[-15.781280606725826,27.942547317482404],[-15.781570181541571,27.942714386649747],[-15.781561122492256,27.94276914108002],[-15.781488692357826,27.942789411408683],[-15.78103917121598,27.942657010141883],[-15.780526514044722,27.942876111731422],[-15.780243856785782,27.942865256788036],[-15.780288164383869,27.94297693923402],[-15.780608115310276,27.943254869113535],[-15.781241855498111,27.94327862588581],[-15.781623489954999,27.943483175703793],[-15.78182542018002,27.94414054123382],[-15.781804730888686,27.944556437551068],[-15.781861899855551,27.944802276325966],[-15.781834356258534,27.94505681065546],[-15.781986363906963,27.945302562067738],[-15.78189247043581,27.94557498543182],[-15.78190370134625,27.945751216886507],[-15.782120151794237,27.946038667401265],[-15.78246794433072,27.94629910282182],[-15.78224264143769,27.946659563286044],[-15.782371484848834,27.946836028995413],[-15.782310201766123,27.947091657771864],[-15.782469525230823,27.94754796431712],[-15.782543383283699,27.947598456149837],[-15.783132441751826,27.947624895075837],[-15.783164429496146,27.94776128994337],[-15.783322088140379,27.94800032763866],[-15.783247034548868,27.948502740000624],[-15.783339052939539,27.94850591742662],[-15.783807178707697,27.948325152263134],[-15.783944721002031,27.94834016610207],[-15.78410227541987,27.948451834053603],[-15.784214214996386,27.948707921079695],[-15.784129559496499,27.94924559337868],[-15.784344781242806,27.949473740420174],[-15.784582799318878,27.949620966547425],[-15.784712885753443,27.949630876761226],[-15.784797107192501,27.94955375836317],[-15.784949489287225,27.949202826890776],[-15.785044400706491,27.949156158260504],[-15.785350783178858,27.949465296559275],[-15.785871295498094,27.949513959711865],[-15.78629475605105,27.949692620803944],[-15.786605282937574,27.949969777372942],[-15.787078456285856,27.950204660189915],[-15.787405756988512,27.95059356202649],[-15.787468593785961,27.950847760605285],[-15.787599594816474,27.95106753779912],[-15.78808080483135,27.951302280777625],[-15.788083955618227,27.951386212715523],[-15.787807653749885,27.95200198321935],[-15.78732757557747,27.952470155954853],[-15.787191144759317,27.95274932521088],[-15.787146992089637,27.953277289018004],[-15.78706921338323,27.95357011436917],[-15.787068330018146,27.954107128350863],[-15.787445983707252,27.954498810893817],[-15.787519611624338,27.954670712698043],[-15.787545895459049,27.95488856135102],[-15.787450557675891,27.95529730212917],[-15.787613359388926,27.955499746085625],[-15.787965964913424,27.95561895877352],[-15.788070430448437,27.95585143453973],[-15.78841253490704,27.95613418284687],[-15.789061493241103,27.95628301797525],[-15.789340430068465,27.9564763086677],[-15.789682870812781,27.956399421261448],[-15.789780781518802,27.956456992497223],[-15.789772499872731,27.957232718969188],[-15.789678606059914,27.95733607378323],[-15.78938088264137,27.95748139921891],[-15.789560237395953,27.957778257085632],[-15.789405698784265,27.957930072830905],[-15.789075653983934,27.958132542555678],[-15.788953970466594,27.958538727134048],[-15.788986203732133,27.95865146847788],[-15.790023245566031,27.95897111843623],[-15.790380790769232,27.958929166747115],[-15.790602307103452,27.958956329017973],[-15.790825949291483,27.95916356469052],[-15.79097570722922,27.95948559502919],[-15.79136541835758,27.959964757313074],[-15.791417293575199,27.960302966397666],[-15.791554410011516,27.96041068070231],[-15.7917186694979,27.960657523208308],[-15.79182916984531,27.960712131853843],[-15.792239138687384,27.960720424053665],[-15.792522709205079,27.960877664067734],[-15.792816219604896,27.96089249261883],[-15.792942205720353,27.96100713003576],[-15.792913520697667,27.961102348159038],[-15.792710098791185,27.961284328099527],[-15.792348516201617,27.961386879413272],[-15.791974729572766,27.961892820177244],[-15.791969383094392,27.96209351806176],[-15.792161216873064,27.96227340246901],[-15.7921936777583,27.96238884968357],[-15.791889699952831,27.962625839233098],[-15.791793780605028,27.962853182001187],[-15.791811235436716,27.963095389563147],[-15.791937844227107,27.963261684974178],[-15.79263891513338,27.96328554154935],[-15.792797429532067,27.96332958215996],[-15.792882914945045,27.963410872966456],[-15.793059965468174,27.963779231719602],[-15.792933151950699,27.964344682680753],[-15.792905963620958,27.96468650586087],[-15.793314186804059,27.964871099176904],[-15.793633598183193,27.965478660300967],[-15.793965635345913,27.96539378806218],[-15.79435368713657,27.965141775423014],[-15.794830888870681,27.964957670337235],[-15.795025175099557,27.965013056062705],[-15.795270509483531,27.965236316756183],[-15.795289287079889,27.96535689724812],[-15.795106043661745,27.965615311762125],[-15.795032862298365,27.965839961615554],[-15.79522024985346,27.966174497143715],[-15.795387459013318,27.967070799658032],[-15.795419134758868,27.96766079198012],[-15.795330877208903,27.96778451864846],[-15.795184805019717,27.967829955537436],[-15.7950334707276,27.967767822631526],[-15.794940220437148,27.967607141868662],[-15.794984627668759,27.96783986829556],[-15.795185874696,27.967953671351268],[-15.79547922589497,27.96791919018892],[-15.79588586371919,27.968021261263154],[-15.796380147345966,27.96805754170392],[-15.796162851479817,27.968239625030748],[-15.796156423530741,27.968339029762504],[-15.796304910567763,27.96848953266468],[-15.796535795500398,27.968538024440534],[-15.796505505243465,27.968602759798088],[-15.79653627463054,27.968672485574572],[-15.79699464332852,27.96917259046054],[-15.797504760142944,27.969478136096093],[-15.797647567691909,27.969632858848936],[-15.797952485869285,27.970147426236625],[-15.798217816907126,27.970347221859353],[-15.798399281535849,27.97055703598973],[-15.798466680123868,27.970784843421093],[-15.798662418543865,27.971032992570034],[-15.79870031504589,27.971299822634535],[-15.798887274537027,27.971460209287304],[-15.799028986703386,27.97166158756189],[-15.799154503136803,27.97196098290318],[-15.799344240065018,27.972188945727154],[-15.799432145292753,27.972461695417955],[-15.799539341171611,27.972545852557136],[-15.799716216660581,27.972573710417375],[-15.799797699986017,27.97283855355336],[-15.800031405949936,27.973077777983928],[-15.800128737762027,27.9730981903213],[-15.800345035528956,27.972956835701833],[-15.800812210304919,27.97279684261307],[-15.801412511838127,27.97242432103384],[-15.801499783177515,27.972412483965865],[-15.801124227213007,27.97294504306358],[-15.801033240929849,27.97334320494305],[-15.800891618333884,27.973565006380188],[-15.800509130389113,27.973853653958436],[-15.800397889141145,27.97399035365022],[-15.800342003574638,27.974331396655092],[-15.800184054425142,27.97464210737669],[-15.800171576921821,27.974803074244992],[-15.799961082981094,27.97509215511277],[-15.799864924550109,27.975333044658345],[-15.799701533574613,27.975523910111402],[-15.799428782464993,27.976249149535516],[-15.798663619894903,27.976165871123094],[-15.798474509310417,27.976222565166548],[-15.798349485511455,27.976328859606518],[-15.798166663162894,27.976197000322312],[-15.797926028456441,27.97617447515838],[-15.797689314665329,27.976007678003455],[-15.797441853359384,27.975941682218043],[-15.797269932534048,27.97594394243842],[-15.796924449452977,27.976057154856736],[-15.796578118578429,27.976073062023136],[-15.796251247027598,27.975734281507812],[-15.796086861671174,27.975261648825622],[-15.795604722802317,27.974224401607316],[-15.795341317022547,27.97400220342745],[-15.795128012153553,27.973665471457675],[-15.79503656915935,27.973238921965677],[-15.794668882968178,27.972569160260868],[-15.794422132937461,27.972335237399406],[-15.794176120419724,27.972235195979238],[-15.79353659414963,27.971674744349418],[-15.793259266186686,27.971504905743007],[-15.792782928853791,27.970943653867618],[-15.792598790152574,27.97088131019267],[-15.792463244736425,27.970895965241073],[-15.792066698658795,27.971135429157254],[-15.791123029515568,27.971517819831245],[-15.790058572095429,27.971613744640162],[-15.789878735753527,27.971290523697817],[-15.789167955165404,27.970457777143416],[-15.789238350691903,27.97029532327986],[-15.789755041249526,27.969788443375993],[-15.789829395266425,27.969608490503624],[-15.789793161576604,27.969368656401265],[-15.789589152123364,27.969187845919922],[-15.789444553611009,27.968872031635343],[-15.789408888126404,27.96865143938597],[-15.789453001856819,27.967423407479657],[-15.789378951510457,27.96715043589769],[-15.789258764162103,27.9670074448538],[-15.789331314034161,27.966885671615156],[-15.789345589733456,27.96658966223921],[-15.789489214105956,27.96618543698878],[-15.789947421800342,27.965619477119546],[-15.789993317337078,27.965443912039245],[-15.789985504928804,27.964957499454133],[-15.790141371216015,27.96479132274412],[-15.790278169852916,27.96453381328177],[-15.790428032559358,27.964408923479574],[-15.790497469965118,27.96425387644562],[-15.789456538118769,27.964288395200708],[-15.78909627855484,27.96418329466067],[-15.788867586061912,27.964031943602933],[-15.788761120827632,27.96386140459214],[-15.788748023786725,27.963651334304664],[-15.789038134125143,27.96319211752851],[-15.78904860249133,27.96311059909318],[-15.788972548444923,27.963050807930756],[-15.788578660162601,27.96306288690372],[-15.788229443289934,27.96277545027942],[-15.787875715085132,27.962695304406836],[-15.787856131960972,27.962462595621616],[-15.78796399671191,27.96228590902807],[-15.788190712395567,27.962123869292697],[-15.7882605775064,27.961978461554178],[-15.788262185250538,27.961841532849835],[-15.788163164025057,27.961668053013806],[-15.787461807139373,27.96111443339758],[-15.78720321510906,27.961165019013418],[-15.786657153184299,27.961388965824487],[-15.785655091585944,27.96196518840047],[-15.785495615792744,27.961978673202395],[-15.785165819356653,27.96178831003783],[-15.784552774216197,27.96161315563618],[-15.784198384298202,27.961710634735905],[-15.783926179053255,27.961228345325793],[-15.783776652716242,27.96113287126496],[-15.78324234814033,27.96102614651075],[-15.782643246574613,27.961001535552732],[-15.782264068533037,27.96086459635232],[-15.78205536959706,27.96055106955245],[-15.782066658326583,27.959970541223115],[-15.782010586778785,27.95988954575802],[-15.781847187539803,27.95992253761633],[-15.78136870623538,27.960157787450793],[-15.781015701620541,27.96008309891788],[-15.78085719057193,27.959871541824644],[-15.780869497140753,27.959728197402637],[-15.780989902354444,27.959462051758845],[-15.780970319421483,27.95938258193594],[-15.780459349557184,27.95919699938235],[-15.779915153952938,27.958708155613085],[-15.779642395304348,27.958054566180024],[-15.77951877169497,27.957892782579076],[-15.779374486160922,27.95786904661621],[-15.778905932748486,27.95803663838914],[-15.778694568460034,27.958049388861596],[-15.778452735275074,27.957896216716513],[-15.778101291002407,27.957473579531083],[-15.777657461032092,27.956597086147113],[-15.77739398666921,27.956408089258957],[-15.777586219824416,27.956143400210703],[-15.777642821196675,27.95591603618337],[-15.777318187106443,27.955510865742024],[-15.777219298102894,27.955057335655642],[-15.776969761567525,27.95478114967063],[-15.77668105788871,27.954628608878835],[-15.776708719818107,27.954442634272333],[-15.77645798364367,27.953887559274015],[-15.776120265375173,27.95367552668933],[-15.775769860374291,27.95366242717181],[-15.77535476261968,27.953345087758755],[-15.77529101545622,27.95323294468066],[-15.775260421519608,27.952889219473786],[-15.774834875290672,27.952315194324974],[-15.77471356800111,27.951724010735532],[-15.77472085985742,27.951401158895827],[-15.774919594888699,27.950961044241613],[-15.774709586013236,27.95118890976395],[-15.774583045464048,27.951507946341994],[-15.774494462651157,27.951562037471213],[-15.774171799407258,27.9515066311067],[-15.773389693922487,27.9516422426353],[-15.77245135364624,27.951622416832514],[-15.772267257659108,27.951165524291074],[-15.7722338727338,27.95093100319274],[-15.772313378854207,27.950744106531424],[-15.772297780823198,27.95065493606654],[-15.772088288214071,27.95049448463793],[-15.772103772809576,27.950822110343502],[-15.771843672333016,27.951135683117293],[-15.77174962131891,27.95138448629305],[-15.771394364515121,27.951491478533107],[-15.771127736005157,27.95150770438681],[-15.77132332237958,27.951610887281973],[-15.771568348795048,27.951647499225466],[-15.771629064500408,27.951722840396556],[-15.77158996945667,27.95182603841143],[-15.771311023388929,27.951802759752173],[-15.771198757907682,27.95184325157594],[-15.77054068441485,27.952302181603468],[-15.77097032154,27.952336172279832],[-15.771186506040703,27.952499611859015],[-15.771308509406238,27.95275644759829],[-15.771346528155261,27.953299870416295],[-15.771221903174574,27.953295080403183],[-15.771094096031435,27.953620764753495],[-15.77061307011302,27.954046928515375],[-15.770438410653597,27.95430022610439],[-15.770105486683693,27.954444353148922],[-15.770656224103318,27.954532270746654],[-15.770698080865925,27.954769037534376],[-15.770861891872343,27.95465719768702],[-15.771079672075007,27.954609624696253],[-15.771269178248556,27.954657515764055],[-15.771604956217107,27.9546203927897],[-15.771999862875694,27.954755387156524],[-15.772421461019894,27.955006794860065],[-15.772410389585804,27.955210927971955],[-15.77262661041981,27.955309813593317],[-15.772983475762013,27.955606915923184],[-15.773021383785492,27.955699580710935],[-15.772799743504207,27.9560047066609],[-15.772376630872307,27.956409599889597],[-15.772043315542827,27.956656423753984],[-15.77167893173689,27.956766076862106],[-15.771718051828529,27.95684629615073],[-15.771906009763574,27.9569732073298],[-15.771858352266072,27.957110547958965],[-15.771307877490493,27.95712734588473],[-15.77085532775,27.957305219685754],[-15.77123505122888,27.95731378019141],[-15.771228837082427,27.957612352378703],[-15.771397886305465,27.958256863786147],[-15.771384877693082,27.958394723155404],[-15.771313510021217,27.958514711392358],[-15.771072659939799,27.95863593811653],[-15.77049705383032,27.958553568879005],[-15.770447464910301,27.958622550163444],[-15.770420550817438,27.959001396961984],[-15.77001814326759,27.959094928978743],[-15.76978148356659,27.95930278818189],[-15.769752302677057,27.959545883090623],[-15.76998740161283,27.95978272437893],[-15.76998607922751,27.960031882971936],[-15.769928393087781,27.960200611371523],[-15.769548052456175,27.9606998675793],[-15.769396583694306,27.961177334258526],[-15.769532661629988,27.961259034030107],[-15.769969702283573,27.961185240942175],[-15.770040334265856,27.9611903340848],[-15.77005246993022,27.961250060287192],[-15.769960205702427,27.961703663128823],[-15.769626880958977,27.962135640841165],[-15.769519530974058,27.962389129428054],[-15.769393209764646,27.96310996469739],[-15.769495511100741,27.963497621011427],[-15.76948697668763,27.96367040722473],[-15.769227679323949,27.96392187459163],[-15.769167215248068,27.964043380460556],[-15.7691706947476,27.96478934281177],[-15.769214973370042,27.96504343680118],[-15.769302010406225,27.96518521392839],[-15.769440091922153,27.965224737897547],[-15.7700741486347,27.96515489754965],[-15.770462196474128,27.965051913141775],[-15.770570986362003,27.96506979102828],[-15.770735256163029,27.965315124387832],[-15.771060520430312,27.965467697942398],[-15.771379970266194,27.965986289164007],[-15.771618878669969,27.96609298336246],[-15.771880655468392,27.966284329311765],[-15.77225146571512,27.966430289539332],[-15.772304886676904,27.966693574574958],[-15.772835956878213,27.966683425461515],[-15.773447348636704,27.966556737191205],[-15.773890926908045,27.96621107736098],[-15.774029565814303,27.96601200414728],[-15.774512593490883,27.965725571444906],[-15.774694985731575,27.96572964488986],[-15.775113197511217,27.965910002741914],[-15.775277935805981,27.96581244195938],[-15.775570441601255,27.96608896580891],[-15.775751619193086,27.966038260583513],[-15.775864441904625,27.96611937185961],[-15.775961442180378,27.9664900099762],[-15.776223095757395,27.96695562075369],[-15.776083523190392,27.967046532350867],[-15.77582886601324,27.967357193026228],[-15.775669178857454,27.967683638482676],[-15.775684221661423,27.967830872251245],[-15.775795565558576,27.968043278710947],[-15.775895791122606,27.9681624460123],[-15.776027656778789,27.968176434212424],[-15.776149713266527,27.968274535850245],[-15.77612356911814,27.968349209178275],[-15.776011704832886,27.96840241262739],[-15.775943550766943,27.968380554779042],[-15.775568399723298,27.968578950203444],[-15.774356286986073,27.968597909284643],[-15.774378369023973,27.96881991831138],[-15.774322889406337,27.96895557045562],[-15.773771312152329,27.96894018641532],[-15.773799400844656,27.969046617777213],[-15.774068657149513,27.96916469126391],[-15.774072858055048,27.96920626346216],[-15.773829454546672,27.96924605098454],[-15.77394390362127,27.969440811984366],[-15.774108779866879,27.969430063219868],[-15.774314688913613,27.969333580806012],[-15.774845217943259,27.96993186503968],[-15.775240950636148,27.970174011302962],[-15.775267547186976,27.970594865645165],[-15.775067174718208,27.97103377066513],[-15.77478565507405,27.971340392267027],[-15.7743585565064,27.971558710455586],[-15.773865543495047,27.97140838866715],[-15.773750408859504,27.97141423569261],[-15.773794502222549,27.971574882653268],[-15.773672995432364,27.971782100774924],[-15.773680890176,27.971896787901713],[-15.773576451986768,27.971908451130485],[-15.773452496893071,27.97206902293244],[-15.773180645869282,27.97227246398698],[-15.772836244813515,27.97236265474303],[-15.772525940000467,27.972580600062006],[-15.772422960892738,27.9725916674856],[-15.772084941097841,27.973109956011903],[-15.772000083409502,27.973667065136905],[-15.771922050536075,27.97378897757975],[-15.771891643143075,27.97401950487895],[-15.77158360008357,27.97407611623483],[-15.77087406842279,27.97488963253023],[-15.770863081047048,27.975014616946023],[-15.771072599241782,27.975309388691596],[-15.771234527281566,27.97570624094119],[-15.771457450997211,27.976535751689177],[-15.771191212280119,27.97716435895342],[-15.771330460053322,27.977688571755657],[-15.771271264291558,27.978177726471294],[-15.771116918522077,27.97808695102159],[-15.770993133084822,27.978092699900266],[-15.770444153535895,27.978560984219936],[-15.770029853332096,27.97837032764552],[-15.769203952142098,27.97821407149817],[-15.768557269268898,27.977962333977082],[-15.768186135371698,27.97793349898655],[-15.767977761346641,27.97786880240409],[-15.767801732520503,27.9782363481236],[-15.76756442551374,27.978565970653268],[-15.767362967975883,27.978697081517673],[-15.76704540139559,27.97901948704959],[-15.765734970162875,27.97937024227197],[-15.76517399545995,27.979324537518938],[-15.764651847758028,27.979429408533914],[-15.763404423699678,27.979996436383892],[-15.763385375394195,27.980063846454],[-15.763538537066104,27.98025552149728],[-15.763570954128406,27.980541457267805],[-15.763419050848908,27.980918395962668],[-15.7632702282541,27.98101382345337],[-15.763204376743566,27.98127358500189],[-15.763262877219427,27.981587251060233],[-15.763130558255849,27.981675654190507],[-15.762885695490322,27.981687501691866],[-15.762992851035353,27.981775785908034],[-15.763004146217215,27.98189253095305],[-15.763149507360344,27.981958072037354],[-15.763210244120279,27.98212139219325],[-15.763457316409431,27.982147372473438],[-15.763734207763653,27.982259230855956],[-15.763701090200053,27.98236040734295],[-15.763378392397462,27.982583898555525],[-15.762915631932316,27.98278130199954],[-15.762369249474672,27.983375627509517],[-15.762030662641328,27.983654087039763],[-15.761661000948981,27.983791032095617],[-15.760717758579355,27.983961335542524],[-15.760575349919593,27.984047201346243],[-15.760386949581873,27.9840709094894],[-15.759951467074858,27.984288228038526],[-15.759633026723197,27.98437535423873],[-15.758988368843722,27.984810027462412],[-15.7580133164738,27.9848336027896],[-15.757258292505535,27.985284916967185],[-15.756506439115478,27.985865041146514],[-15.756129381017406,27.98604000628464],[-15.755859094858096,27.986080912311806],[-15.755399346654329,27.986063949155284],[-15.754837337181982,27.985988022523642],[-15.75399483058122,27.986028751327133],[-15.753419675674904,27.986168109725647],[-15.753084340633926,27.986330841308494],[-15.752802786177872,27.98638942351486],[-15.75151456560787,27.986842333118567],[-15.751143843843481,27.987017674362058],[-15.750411872551142,27.987491492005287],[-15.749623341971382,27.987841368153042],[-15.749605245295696,27.987981627124125],[-15.749724951397544,27.988100219674077],[-15.74938609530127,27.98820984739927],[-15.748876710928949,27.988213055325364],[-15.748005158496351,27.988129551554316],[-15.746934645718184,27.988330061495883],[-15.745913936921637,27.98831783635404],[-15.745680331573352,27.98825540947022],[-15.745370286146617,27.98802889057774],[-15.744886875830227,27.987928819824],[-15.744341846240763,27.987648687607415],[-15.742847546116936,27.987074424341287],[-15.742327527084136,27.98702379290946],[-15.741920877788639,27.987205811795715],[-15.74061176935065,27.987303849535838],[-15.740229334348687,27.9871964302863],[-15.739970368126844,27.986966446593716],[-15.739887824400911,27.986809651269095],[-15.739665048069815,27.986863846421922],[-15.739486012540311,27.986973854006695],[-15.739159523999763,27.98700882802326],[-15.738952690760618,27.987106130021214],[-15.738768615500518,27.987410828672207],[-15.738432136450562,27.987575200972522],[-15.738197260259039,27.987844894528852],[-15.737965288025162,27.987964779873657],[-15.737784471547235,27.98820207399872],[-15.73729733483248,27.988390459823073],[-15.736898289631366,27.988388716963286],[-15.736504687994161,27.98829017550552],[-15.736043796099162,27.98794122595486],[-15.73580411062295,27.988030791523755],[-15.735723843023209,27.98817556097113],[-15.735398577567357,27.98840649344083],[-15.735116244470754,27.988505493297048],[-15.734934892852015,27.988455009233626],[-15.734640826557373,27.9881433471128],[-15.734340931859672,27.98799178035895],[-15.733957770087853,27.987977739771587],[-15.73338058633213,27.98781382120896],[-15.733090656063611,27.98784208655713],[-15.731971449915145,27.987705693568522],[-15.731595337536831,27.98771139582372],[-15.731329640026521,27.98756641067911],[-15.730499365334603,27.987400738302753],[-15.730231954327374,27.98708865410652],[-15.729778978605085,27.986688368316486],[-15.72950815496024,27.986669404272174],[-15.729293209385247,27.98655220150896],[-15.729165882133401,27.98639914844834],[-15.728932091178496,27.986428100315603],[-15.728409349194092,27.986191927658275],[-15.728269195273588,27.98618788559617],[-15.72816151318232,27.986309867607638],[-15.728036949601165,27.986356022629405],[-15.727327821617736,27.986469361138408],[-15.726479701860836,27.98646409454847],[-15.726449821757212,27.986618251396063],[-15.726352156443935,27.986672387043086],[-15.72632417684332,27.986776344227177],[-15.726485466967752,27.98705108379116],[-15.726621983017269,27.987134222567338],[-15.726605941754757,27.987471733029306],[-15.726522346425881,27.987622472616497],[-15.726365524038899,27.987741372865788],[-15.72630453382059,27.98795734772226],[-15.72631332591639,27.988176745338333],[-15.726246788864703,27.988323783906086],[-15.726016274993727,27.988599779939292],[-15.72611286077565,27.98868930436953],[-15.725996699185167,27.988956445982566],[-15.72603090985925,27.989251174319165],[-15.7259214515027,27.98950351245667],[-15.72593020745185,27.98961133772932],[-15.725725227062785,27.989904349605297],[-15.725733725995081,27.990110479211406],[-15.725565968787128,27.99035870151368],[-15.725172168622647,27.990701183110474],[-15.724930426515742,27.990835243368313],[-15.724932712643083,27.990994556143495],[-15.724776573809525,27.991535910022026],[-15.724513045584953,27.991560317253512],[-15.72395888843936,27.991753883854496],[-15.72387282636271,27.991901746210004],[-15.723884351318674,27.99216554189172],[-15.723572663183097,27.992333728587827],[-15.722972912997566,27.99294980964292],[-15.722472732762597,27.993187137840643],[-15.722134780201317,27.993291007224446],[-15.721235748828516,27.99333002764327],[-15.720655441682222,27.99349313508086],[-15.720373693230808,27.993791217335403],[-15.720017460980616,27.994067861988064],[-15.71959601618288,27.994201644200047],[-15.719369238667372,27.99441833904865],[-15.719184756032883,27.995183521692994],[-15.71925420339871,27.995809806047298],[-15.719380048049615,27.996398514154713],[-15.719520079992686,27.996780341546167],[-15.71950052701006,27.99694473345405],[-15.719432809100393,27.997053952202105],[-15.71905701015207,27.99732645414457],[-15.71879658757687,27.997622002461128],[-15.71858925550178,27.998102234029666],[-15.718251564466444,27.99861654583135],[-15.717918307773658,27.99886435957505],[-15.717776404361127,27.999043833049953],[-15.717716795206096,27.999609860011205],[-15.71725176852305,28.00004792482355],[-15.716998125645942,28.000493642001093],[-15.716963991065766,28.00068365568456],[-15.716729133608974,28.001197535803776],[-15.716405879748612,28.001497090138113],[-15.716405825849176,28.001674992525974],[-15.715990996100858,28.002020735254316],[-15.715574677346297,28.00202913125954],[-15.715224432078179,28.002201832927984],[-15.714944709616697,28.002211592555835],[-15.71487891726324,28.00225932588899],[-15.714808712600487,28.002365874323786],[-15.714897149346369,28.002844318539193],[-15.714839590147063,28.00299615236564],[-15.71462669121916,28.003211792422608],[-15.714540455652665,28.00353702842721],[-15.71457152706173,28.003686632190313],[-15.714187529388111,28.0037714763907],[-15.71293059116101,28.004331637970044],[-15.71259970180279,28.004619145088583],[-15.712367445202682,28.005011755078392],[-15.71220160296547,28.005089108264464],[-15.712049595375417,28.00508026396093],[-15.7117941374376,28.00531518492942],[-15.711602851586981,28.005650125301948],[-15.71145752374295,28.00570604988043],[-15.711374434102328,28.005802805891832],[-15.711306875083334,28.006006414131416],[-15.711044168969018,28.00627653099562],[-15.71066629855176,28.00640573710561],[-15.710628915025334,28.006598564360903],[-15.71043743378215,28.0069154593689],[-15.710188934181977,28.007173504454574],[-15.709865332570324,28.007302906453976],[-15.709081257075244,28.00797324645316],[-15.70898811495092,28.00850187259348],[-15.709004103539941,28.008641643848488],[-15.708868714737621,28.008880462596036],[-15.708826387451124,28.009162356148764],[-15.708713849287852,28.009265572218332],[-15.708601022846693,28.009557894137526],[-15.707553810261823,28.0097105441856],[-15.70721212998674,28.009820643311425],[-15.706880244819024,28.009789131412887],[-15.706459110850703,28.009828126149387],[-15.70591024235751,28.010041001807252],[-15.705837404175481,28.010204392601487],[-15.705496351133915,28.0104846322895],[-15.705354661336386,28.010460363943697],[-15.704401585502545,28.010935995008833],[-15.70432612985548,28.011180595388474],[-15.704080554122827,28.011322673119693],[-15.703905272447171,28.011547844144342],[-15.703352786072617,28.0119386755054],[-15.703059082284499,28.012310289959665],[-15.702682150627785,28.01298847656065],[-15.702487963221534,28.013128745171727],[-15.702463588742955,28.01324416128951],[-15.702273310544896,28.01352774773995],[-15.702186304782003,28.01391520244992],[-15.701843915919596,28.01446331321048],[-15.701763088564602,28.014751349944635],[-15.701867742192597,28.01613003502398],[-15.701780801090633,28.01624871325074],[-15.700316651636616,28.017024839760595],[-15.700141116833747,28.017281104967488],[-15.700045633260961,28.017600240762775],[-15.699500437139564,28.018137589444702],[-15.698839014350105,28.01838242375478],[-15.698307148965513,28.018796031514718],[-15.697758290445979,28.01905157230782],[-15.697351494846659,28.01942762136292],[-15.697242031452115,28.019473040432455],[-15.697032703487135,28.01950650883876],[-15.69659340004736,28.019478947481545],[-15.696126132694944,28.01954766281883],[-15.696030786590695,28.019494887050133],[-15.695893110524791,28.019645521019296],[-15.695828445702809,28.019950686753795],[-15.695735537190469,28.02012839122717],[-15.695071016830523,28.02027587722014],[-15.694478568739525,28.02046690265672],[-15.694293185911725,28.020713280696583],[-15.693680113019267,28.021015076691537],[-15.69339720627943,28.021218526398478],[-15.693005157447965,28.02174072410214],[-15.692654623537694,28.022106455860087],[-15.692293530874062,28.022380346112545],[-15.691432680618531,28.022608095897343],[-15.691329741644095,28.022693249994507],[-15.691192426286184,28.022945014870988],[-15.689892508186784,28.022802422680158],[-15.689323545147634,28.022670867340228],[-15.68903332827405,28.022782631535357],[-15.68829292308176,28.0228687575938],[-15.687496032242835,28.02319067414467],[-15.687175379001554,28.023171516102916],[-15.68663391848946,28.02338229276037],[-15.686390229580157,28.023356790548792],[-15.686440655328012,28.023668075117072],[-15.686073050470705,28.02431883685463],[-15.68594329374766,28.024743026845773],[-15.685651876856536,28.02520464557609],[-15.685620427176753,28.025434835010152],[-15.68568254641432,28.02624793900886],[-15.685545704597526,28.02624647339184],[-15.684786523328402,28.02666352846561],[-15.684307087253883,28.02675255714528],[-15.683958864925339,28.026871622553518],[-15.683001417571415,28.027018197647145],[-15.682674067691813,28.027454921051138],[-15.681998270052713,28.027839121955605],[-15.681528734306701,28.02823330947234],[-15.681212507271033,28.028660857097783],[-15.680741814437654,28.028694332720573],[-15.679836758662207,28.028990084818275],[-15.67960046294347,28.028928724420922],[-15.679184217293308,28.028998394099776],[-15.678568444758948,28.029127361854993],[-15.67782532491267,28.02935688298666],[-15.677788101867195,28.030003104032016],[-15.67724437970312,28.031489275364816],[-15.677089619424393,28.031749985819157],[-15.676683412974036,28.032723949638534],[-15.675812685621645,28.035889438530877],[-15.675619449749677,28.035570890073608],[-15.675536471168455,28.03552479155176],[-15.675298119107053,28.03562157630375],[-15.675048430774819,28.035519102431184],[-15.674794978250949,28.03554374532415],[-15.67376008255698,28.03581139920937],[-15.67357480974366,28.035623257373842],[-15.673424198026625,28.035381063804518],[-15.67318770653441,28.0352016848456],[-15.673105300132987,28.034933448045347],[-15.672932829435801,28.0349188298829],[-15.672663687445013,28.03480561462234],[-15.672536835774986,28.034614432049423],[-15.67186011563855,28.034211315880885],[-15.671847505491893,28.03412038635928],[-15.671983964313508,28.033889930103964],[-15.672001901379454,28.03371493707499],[-15.671758922943145,28.033246870743973],[-15.671838986567677,28.032929021045156],[-15.671716608090914,28.032805553643588],[-15.671676023699852,28.032403657564345],[-15.671503064469357,28.0323883268115],[-15.67135520231603,28.0322958917456],[-15.6707836754416,28.031817883147838],[-15.67067658964377,28.031610714827778],[-15.670597796166199,28.03155621583159],[-15.670426372461165,28.031604561047697],[-15.669950016426252,28.03193200685469],[-15.669748724204394,28.031967362724128],[-15.66965895756541,28.03192822631834],[-15.669539115298537,28.0317635818463],[-15.669391874382132,28.03132725244635],[-15.669178899524939,28.031105289124067],[-15.668958251461323,28.031090033937982],[-15.668547663748713,28.031208596945877],[-15.6680817659717,28.03149061619665],[-15.667664502910988,28.031846652921157],[-15.667510614982124,28.031729969577796],[-15.667573548559385,28.031377542037603],[-15.667532048250933,28.031273040525065],[-15.6668481153899,28.031224944456593],[-15.666581447750735,28.031058410120874],[-15.665851126568649,28.03074578374875],[-15.665481159711577,28.030800148959116],[-15.664740345371895,28.031030644723305],[-15.664408907961597,28.03097158701538],[-15.664047206945591,28.03083481762374],[-15.66375030737703,28.030833652509283],[-15.663598172834524,28.03097535171218],[-15.66317433446855,28.03113713846986],[-15.662881135858873,28.031368198137724],[-15.662561826150638,28.031512002554933],[-15.662359852892717,28.031436428147646],[-15.66213994198515,28.03092995873047],[-15.661942957654983,28.030818251970835],[-15.66181078702539,28.03081802209806],[-15.661223484878319,28.03104977245949],[-15.660626313449145,28.031428318409162],[-15.660426019690663,28.031440971197778],[-15.66008864723265,28.03131607118032],[-15.660051581884934,28.03127032028448],[-15.660089067313947,28.03109148842716],[-15.66028354862999,28.030953344751172],[-15.660346937263938,28.03080498959351],[-15.66028371493343,28.030287229453158],[-15.660081394448103,28.030127441157408],[-15.65982266968494,28.03011352767761],[-15.65963582022241,28.030168441958466],[-15.659507768739946,28.030363171588522],[-15.659356222005115,28.03046860219857],[-15.659023645243938,28.03048897381481],[-15.658895893470776,28.03043918921695],[-15.658814701382465,28.030310457464804],[-15.658778049686433,28.029797904005807],[-15.658712098210547,28.02965927780686],[-15.6584396655397,28.02935185381435],[-15.658466582196402,28.029301535126585],[-15.658418097914918,28.029037459136102],[-15.6584891428862,28.02878292048438],[-15.658490726777732,28.028538391559636],[-15.658218398482369,28.02826426686439],[-15.657931396626585,28.028069504382007],[-15.657724520649207,28.02801922187327],[-15.657410103414803,28.027835999540464],[-15.656583047032083,28.027640928396885],[-15.656491186488276,28.02757724002107],[-15.656467887784366,28.027439275441914],[-15.656385024031461,28.027382919007625],[-15.656155020941858,28.02735339819442],[-15.655914384756583,28.027449293740947],[-15.655488056804279,28.02744164228955],[-15.655372917062207,28.027404061761466],[-15.655213143939973,28.027226171760308],[-15.655139765514026,28.027203990424194],[-15.654714269202712,28.027279813645098],[-15.65450450314413,28.02725914834796],[-15.654305416530606,28.02714730501007],[-15.653835114658008,28.0265962198694],[-15.653641187633536,28.026125719979056],[-15.653959091725495,28.025699445059402],[-15.654039662493803,28.025107607887517],[-15.653925672632322,28.024748093073278],[-15.653969571569734,28.024625939304112],[-15.653906011469774,28.02444717447609],[-15.653956954891491,28.02407003043247],[-15.653911116646881,28.023992436384432],[-15.65381132602046,28.023975850304065],[-15.653812098687062,28.02375017323812],[-15.653735775080172,28.02359364820735],[-15.653950151276247,28.023120961753914],[-15.6539649566617,28.02222957154064],[-15.654028051776967,28.022139733075793],[-15.654186343274468,28.021552463378143],[-15.654151627377274,28.021423218445154],[-15.653547373219414,28.0216216169025],[-15.65296766552113,28.021741271453628],[-15.652791519139708,28.02171376370794],[-15.652500023021135,28.02150129985888],[-15.652319695696942,28.02143824520802],[-15.65114787616519,28.02145914832995],[-15.650448325260811,28.021182472500147],[-15.65031976499259,28.021185256420345],[-15.649997585951825,28.02130481694782],[-15.649457324103242,28.02109907450872],[-15.648868908057432,28.02103907162858],[-15.648662819876886,28.020971349488185],[-15.648536810424247,28.02087355050668],[-15.648318237854912,28.02048768693493],[-15.648117395406128,28.020242559720458],[-15.647950856995445,28.020273133940744],[-15.647408121860213,28.01994151418968],[-15.646438572794526,28.01957642461413],[-15.646291516429974,28.019445503335703],[-15.645776333878304,28.019723788659906],[-15.644871150422583,28.019899821926735],[-15.644247987059128,28.02027248849713],[-15.643773389274486,28.01961141218802],[-15.643376818698604,28.019327114916983],[-15.643032017821225,28.019229793245852],[-15.64245425002157,28.019162085118015],[-15.642227148726327,28.01916892380922],[-15.642041701405182,28.019235687047047],[-15.641422219991655,28.01921799822613],[-15.640997533661439,28.018994215526806],[-15.639982075146175,28.019048505935608],[-15.639414245352134,28.01899238348475],[-15.638718376353214,28.018768320509057],[-15.637840319501866,28.018749650507196],[-15.637607252991335,28.018693501071624],[-15.637589801601383,28.018597444925273],[-15.637714421350026,28.018098939679845],[-15.637551530999414,28.01772995114537],[-15.637382652223103,28.01760480835416],[-15.637084863394481,28.017543271147993],[-15.636809808403463,28.017403815555166],[-15.636455680043897,28.017413489922628],[-15.63611349464898,28.017672613316634],[-15.635934025235224,28.017700976086296],[-15.635788952506218,28.017662741069447],[-15.635698999785195,28.017553208769375],[-15.634357661135919,28.017662584587335],[-15.63398788590521,28.017571313105574],[-15.633334638914258,28.017674433955424],[-15.633087324650443,28.017633688284704],[-15.632600441996088,28.01739806965579],[-15.632045729185554,28.01742616807959],[-15.631892361585571,28.01750008198717],[-15.631343552954933,28.017598831583395],[-15.631053906283295,28.017589871078624],[-15.630435084404539,28.017456584383005],[-15.630186808021543,28.01745997975605],[-15.628596465394393,28.017833757586498],[-15.627454377974583,28.0180298968191],[-15.626963349993408,28.01820076148339],[-15.626843242286567,28.01818722727328],[-15.626404815687174,28.01795624013073],[-15.626134443932548,28.018043950536434],[-15.625799165390585,28.017989329835707],[-15.625245912974274,28.018024615791568],[-15.624902280685355,28.018143890375633],[-15.624423807335758,28.018516983366563],[-15.623457366707834,28.01862328543147],[-15.62319166616335,28.018710337007025],[-15.622908842503836,28.018561771422213],[-15.622663582206314,28.018365011565],[-15.622412998465084,28.018356758576942],[-15.622263046908296,28.018283145595717],[-15.622089888651645,28.018100772182414],[-15.621910599922446,28.01777191847801],[-15.621438731085572,28.017578348068653],[-15.621135579868785,28.017183524475346],[-15.620405693572494,28.01692576096353],[-15.62012850331891,28.016906791493664],[-15.61986444246442,28.016995724906774],[-15.6196300153066,28.017001746830132],[-15.618539591461984,28.01678829591374],[-15.618441998736966,28.016816086835245],[-15.618256783975491,28.017050177275458],[-15.617342777782165,28.016379248171898],[-15.617207388522598,28.016360989837693],[-15.616629600683959,28.016659487742487],[-15.616457792435392,28.016676326481264],[-15.615924578997555,28.01658600993982],[-15.615544806607447,28.01684416788652],[-15.614580723378205,28.0168989431156],[-15.613797622230182,28.017388726221572],[-15.613271976151477,28.01743142335643],[-15.613624028053755,28.017808533935966],[-15.613732657059355,28.018058367118012],[-15.61377818651796,28.018248452581293],[-15.613781760428402,28.01868137066986],[-15.613658956880696,28.01889188664592],[-15.613433101224803,28.0190291120853],[-15.61275427300069,28.01930845627152],[-15.612580978575528,28.019315186618186],[-15.612187731866028,28.019280379605487],[-15.611912509038682,28.01910648183487],[-15.611612105540768,28.018796568651364],[-15.610906673097714,28.01852609827585],[-15.610746611508993,28.018390050847092],[-15.610493791626249,28.01800328455691],[-15.610072024778693,28.01801481627294],[-15.60976724901989,28.01786623057093],[-15.608876078290999,28.018010009568936],[-15.607936609270146,28.01788589492073],[-15.607599213985466,28.017887477204],[-15.60716713372725,28.017456723130426],[-15.60704391968163,28.017396606032523],[-15.60676185117077,28.017360118775],[-15.606137809378701,28.017415589988087],[-15.605869853940776,28.017374434888854],[-15.605678950878035,28.017233281743536],[-15.605324765872314,28.016851465803246],[-15.604799444562198,28.01698891253014],[-15.604442731918557,28.0170098898008],[-15.604224034481634,28.016973118599072],[-15.603493819915888,28.016412049495553],[-15.603282425392512,28.016170512471344],[-15.602915612511023,28.015656048720647],[-15.60286998222762,28.015316382476527],[-15.602681226489754,28.015102819108947],[-15.602540978751795,28.01505161904129],[-15.602212779190367,28.015040780703416],[-15.601743307351104,28.01486753256744],[-15.600930524940322,28.013774849733053],[-15.600603397846564,28.012966557560222],[-15.600407291479996,28.012306366954714],[-15.600043767059901,28.01164627502321],[-15.600020333236538,28.01130876737302],[-15.600118555557005,28.01060549602179],[-15.600232494402745,28.010223878393795],[-15.600682510712199,28.009222713403783],[-15.600825774345548,28.00857250392429],[-15.600802578525785,28.008186520208085],[-15.600544750474993,28.007692876491078],[-15.600331787903377,28.007560459693043],[-15.59984079600355,28.006991843215904],[-15.5997506962525,28.006682339065854],[-15.599716546549681,28.00633783678118],[-15.599758978250831,28.00533123016713],[-15.599330480868797,28.004559032495273],[-15.598994357975371,28.004305123152065],[-15.598170270703822,28.003852846901452],[-15.597259394164238,28.003153421854933],[-15.597138787809474,28.002418604867206],[-15.597005009831891,28.001950864099964],[-15.59675957798016,28.001467629998725],[-15.596307188066952,28.000800961372754],[-15.596112290589287,28.000332943004643],[-15.596219486019882,27.999649313163587],[-15.596179163709369,27.99916013308385],[-15.596240273721937,27.99878822554036],[-15.59638252071181,27.998504972518838],[-15.59660832690539,27.998362449200528],[-15.596717003903038,27.998004056103063],[-15.596749564828196,27.99765628407605],[-15.596484247093827,27.997216555358275],[-15.596407290599302,27.996446251940508],[-15.596327278458697,27.996192217334386],[-15.596102391298885,27.995909563213413],[-15.595821178250837,27.99572193656633],[-15.595784647078178,27.99564410132546],[-15.595776264326497,27.995506746272202],[-15.595881121058015,27.995248841071938],[-15.595709332814497,27.995004862625933],[-15.595649176498082,27.994791814509256],[-15.595567205763304,27.99403290604552],[-15.594582770754348,27.993309406740423],[-15.594306873936722,27.993180790631737],[-15.594041813548989,27.99315512559892],[-15.593957463573693,27.993072982860905],[-15.593687144285445,27.992737080700415],[-15.593603251114656,27.992404074475434],[-15.593498782781872,27.99223210900946],[-15.592393876096475,27.990933188398984],[-15.592396798444277,27.990705062567223],[-15.592671651134639,27.990198093411795],[-15.592918537796237,27.989524244051395],[-15.593242328217718,27.98900397353398],[-15.593350567856849,27.98797090350327],[-15.593280983504101,27.987761595801256],[-15.592630044014328,27.986773774608146],[-15.59250027216619,27.98613864932551],[-15.592512098069268,27.985827887529393],[-15.592351780998209,27.985241188271626],[-15.591640779272483,27.98501929450778],[-15.591150866761565,27.985042524275666],[-15.590995527691854,27.984975579245035],[-15.59088466889787,27.984841733080952],[-15.5905093749418,27.984065032765148],[-15.590367895775824,27.983648590438477],[-15.589784704805334,27.98312310017015],[-15.589258260667956,27.982878195799827],[-15.588015672840216,27.982602049879592],[-15.587237769056745,27.98258325684932],[-15.586784880981972,27.982381178172663],[-15.586591169797723,27.982343910223687],[-15.586268859617336,27.98236938657377],[-15.585795222028713,27.98248568699045],[-15.585549712182724,27.982478607982163],[-15.585773876897605,27.982299188670694],[-15.58617028770586,27.981760661010355],[-15.586089479316568,27.981409220989725],[-15.585884838327532,27.98100495848315],[-15.585648023769576,27.98066808418935],[-15.585437841841644,27.980479952291834],[-15.584537655379833,27.980296739826905],[-15.583985034513201,27.980114483646062],[-15.58376668165551,27.980107737452684],[-15.58325765992627,27.980260919380814],[-15.583129003676083,27.98025622913601],[-15.58290443168147,27.98003845527133],[-15.582670599279066,27.98004621622558],[-15.582570280336553,27.979959710522067],[-15.582278697527725,27.9799686180774],[-15.581603852520377,27.979652727428054],[-15.58138716851083,27.97944502798015],[-15.581090917714244,27.97936061290298],[-15.581066344989322,27.979291208316432],[-15.581134894877767,27.97885770997768],[-15.581109375298825,27.97815632463922],[-15.581027600515991,27.977772748985654],[-15.580860239416529,27.97735667613847],[-15.580646384975097,27.977239504915673],[-15.580137134311194,27.97722472765599],[-15.579019084162434,27.976528242449888],[-15.578776274871956,27.976209209462706],[-15.578760922511806,27.975817056914245],[-15.578662598644069,27.97535999666763],[-15.578406629600387,27.97513322078777],[-15.57805009363399,27.97502723396789],[-15.57797448640841,27.9749512728715],[-15.578157193977981,27.974413367329994],[-15.578666635687282,27.974087280012483],[-15.579113974716545,27.97399453124241],[-15.579164694149766,27.97389401794563],[-15.579050946520972,27.973777921132196],[-15.578614224167664,27.97365163729179],[-15.577941594408278,27.97360273033502],[-15.577810192997898,27.973646169882503],[-15.577507386869431,27.97396356938376],[-15.577131583959675,27.973996380027344],[-15.57604974890437,27.973582337543544],[-15.57567003064553,27.973218375477032],[-15.57485511158736,27.973300896148864],[-15.574025023830256,27.973195739171206],[-15.57381425524493,27.973038148041688],[-15.57360973209232,27.97276363890653],[-15.573449719872324,27.971961419487663],[-15.573372544695015,27.97181288458628],[-15.572905548761188,27.97136739367337],[-15.57257704396443,27.971184698969434],[-15.572269319616721,27.970876142704714],[-15.572091062042098,27.97056785990387],[-15.571768527446931,27.970440727160398],[-15.571519037953314,27.97024234641151],[-15.570512623901976,27.970014048610246],[-15.570212558927745,27.970033129992856],[-15.56975485450051,27.970156313976116],[-15.56948731976894,27.970085313195966],[-15.568521582587662,27.969383984566438],[-15.568245713368364,27.969120883240766],[-15.567880451760695,27.968604967552626],[-15.5677271460213,27.968532724492526],[-15.566661088287091,27.968544755849504],[-15.56629164199011,27.96850300998877],[-15.565860260081891,27.96861399443893],[-15.56549238324823,27.968551495722554],[-15.565353841265484,27.968414708811775],[-15.565007372294595,27.96745328423884],[-15.5649202359316,27.967005690567518],[-15.565016157776894,27.96690498766935],[-15.565398286994455,27.96675754925969],[-15.566118832284673,27.965909154303528],[-15.566454510997492,27.965204462977653],[-15.5664566664319,27.964651499420018],[-15.566519820796435,27.964500992466014],[-15.566602874245211,27.964450234196107],[-15.567454593654267,27.964430764747604],[-15.568385000003488,27.964090124074183],[-15.56879832698528,27.963839873287064],[-15.56935886042245,27.963310977800774],[-15.569613417719784,27.963260410758032],[-15.569884180832851,27.962944695519088],[-15.570652460810768,27.962726594767155],[-15.571562304569838,27.96236650147636],[-15.571663592214726,27.962228724507778],[-15.57168694729708,27.96195319280401],[-15.571772714634863,27.961926296830807],[-15.572045168012556,27.96196190485054],[-15.572127740993425,27.962081170578323],[-15.572378831862737,27.962268521903905],[-15.573272474529148,27.962361392039856],[-15.573711090860826,27.9624807077593],[-15.57385719601611,27.962463037379546],[-15.574404399572444,27.962218377074223],[-15.574883777630832,27.962412985384912],[-15.575308556161815,27.962453186216642],[-15.575664086725482,27.962414417574543],[-15.575990580340893,27.96226834718612],[-15.576380826371249,27.961894075016914],[-15.576680337663056,27.961511335445817],[-15.57759208585605,27.960937992757174],[-15.57792163120874,27.96046909628201],[-15.578049891209426,27.960155768936605],[-15.57804417358568,27.959387858312414],[-15.577900837470732,27.958951007384655],[-15.578013856527518,27.95860145510635],[-15.578415189954077,27.95846093232131],[-15.578533608668046,27.95847623200364],[-15.579168707202815,27.958229016941864],[-15.579409323136206,27.958015325895246],[-15.580015408483899,27.957286182372986],[-15.580090675976216,27.95704583476602],[-15.580006052416435,27.95671498736054],[-15.579687304713618,27.95630866666364],[-15.57948932888394,27.956244144179106],[-15.579312438386223,27.956282531809055],[-15.579396677574088,27.956141986442578],[-15.579878189151504,27.955978283369756],[-15.580693879576799,27.955798996593494],[-15.58094488327552,27.95560927112186],[-15.581559092009504,27.954939665341175],[-15.581929662886065,27.95463948283645],[-15.582688906233574,27.95428755413607],[-15.5830376808823,27.954264592729825],[-15.583932636579503,27.95385647539917],[-15.58426976137316,27.953803680630614],[-15.58450306307582,27.95353801574699],[-15.585087438830932,27.952564217730203],[-15.585412425905721,27.952599034604663],[-15.586022965699254,27.952576125690705],[-15.586584499124065,27.952495559254192],[-15.587262079813403,27.95231257960931],[-15.587846524658305,27.952051819807444],[-15.588725394858503,27.952002206084575],[-15.588862542386435,27.952247788218344],[-15.589415323834656,27.952933737936583],[-15.590122556702878,27.953268772171572],[-15.591554850328645,27.954260388008876],[-15.591697892828819,27.95444807818153],[-15.591974957652656,27.95512644580564],[-15.592139758897536,27.95499764258665],[-15.592396649401872,27.954921973467634],[-15.593346313623922,27.954931333251185],[-15.593531935694983,27.95485506652264],[-15.594145746140983,27.953403571348243],[-15.595049145324946,27.95261620821473],[-15.595329561924059,27.95245711198305],[-15.595545599486867,27.95242250642613],[-15.595835902495972,27.95219421892904],[-15.596213964226546,27.952008248848443],[-15.596814844382239,27.950858302420738],[-15.596778325955688,27.95039176040583],[-15.596821935782092,27.94983694714177],[-15.597543344082137,27.949367297703848],[-15.597657261563159,27.949175699739676],[-15.59771844502446,27.94893332761896],[-15.597823537153497,27.948800624442235],[-15.598396487118732,27.948546550163744],[-15.598582087000311,27.94833983540311],[-15.59901360329169,27.948006935125342],[-15.599082149134913,27.94790201290355],[-15.599039854400385,27.94773501529586],[-15.599086920379438,27.94721927349592],[-15.59930074070596,27.946803548131292],[-15.599373669286296,27.946498385851193],[-15.599327278731733,27.946178667780075],[-15.599250829489659,27.945993313342225],[-15.598893715780568,27.945788959407526],[-15.598798198872643,27.94548218300365],[-15.598824561385175,27.945046150116273],[-15.598980984567923,27.944139962079387],[-15.599005178240418,27.94334781970098],[-15.598209698531692,27.943113775503168],[-15.59840939509982,27.942976508290194],[-15.598446827171106,27.94285195223025],[-15.598419847462772,27.942438448019384],[-15.59818594360743,27.942178400867657],[-15.598086506373543,27.941860176373357],[-15.59815534546879,27.941698292303162],[-15.59811614007546,27.941482444206454],[-15.597994303066526,27.941304959079396],[-15.59787862104402,27.941266825487705],[-15.597741832286378,27.941290619046967],[-15.597748121681004,27.941103640558772],[-15.597578559170541,27.940399179702084],[-15.597420941586154,27.94029505907346],[-15.597293306527428,27.940134840184506],[-15.59713652332144,27.939738688930948],[-15.596958754684438,27.93948182633345],[-15.596864238576089,27.939410560899876],[-15.596547559710553,27.93932725907514],[-15.596395887713136,27.939102238585257],[-15.596402038567536,27.938908129265233],[-15.59661839265705,27.938547552255272],[-15.596733584709176,27.938219640104112],[-15.59679563262183,27.938135238599553],[-15.596952918601447,27.93808725478881],[-15.597192704071762,27.937903325948263],[-15.597479810865222,27.93732335293681],[-15.597899273083936,27.93707906425442],[-15.598053907805083,27.936845312944477],[-15.598140610715252,27.93653169588594],[-15.598041754674654,27.93628108152144],[-15.598179468701751,27.935891234653436],[-15.598280805365675,27.935743381805523],[-15.598303808720539,27.935583141037434],[-15.598170150918076,27.935177502002677],[-15.598351858234679,27.935006190565062],[-15.598431605876486,27.934814198591432],[-15.598414578193218,27.934675345442567],[-15.59846018547047,27.93455923921511],[-15.59861974345149,27.934389738832248],[-15.59849266160548,27.933572615953512],[-15.598538537484622,27.933339336676767],[-15.598523155030666,27.932834968793248],[-15.598292769010772,27.932453220530853],[-15.59823667843507,27.93166223813305],[-15.598151965469235,27.931468974603913],[-15.59815342201254,27.930995135285823],[-15.598034566070424,27.93064615785673],[-15.598214033282627,27.930259460407644],[-15.598146334442786,27.929578631810763],[-15.59820067218765,27.92911024976735],[-15.598178738574312,27.928929261154458],[-15.598034158387408,27.928587219819217],[-15.597848381135986,27.928404956512786],[-15.597748833432572,27.927990141349348],[-15.597587831846054,27.927747920358136],[-15.597273735287825,27.926944966824063],[-15.59728985258107,27.926733842951865],[-15.59753583080557,27.926294509516353],[-15.597533189710777,27.926202354111698],[-15.597064311710897,27.92573244974887],[-15.59663537286545,27.925076231519036],[-15.596255950579824,27.924663800551077],[-15.5961798488031,27.9244453125712],[-15.596163658637293,27.924197046559247],[-15.596020073668772,27.923924778075694],[-15.595944779251486,27.923612404373074],[-15.595940399150928,27.9232584698725],[-15.59618245277974,27.92284515375393],[-15.596445720709701,27.922519940337693],[-15.596535744174751,27.92218283882207],[-15.596720907465834,27.92199652943984],[-15.596799564987421,27.921218501983006],[-15.596952559210289,27.921078189444962],[-15.596984272533206,27.920968101637513],[-15.597107969629853,27.920878287245838],[-15.597530173930078,27.920811280639864],[-15.59821415741125,27.92037212138499],[-15.598927284826038,27.92011047682382],[-15.600207809726232,27.920024119662525],[-15.600883355374085,27.91984469434832],[-15.60178644807577,27.919941494774942],[-15.602601729598527,27.91983556321179],[-15.602732186983548,27.919884641629743],[-15.60292247064602,27.920147671640994],[-15.603044105743567,27.92023677850817],[-15.603567443297134,27.920466122357457],[-15.603977390874977,27.920480574357125],[-15.60405129914072,27.920119255818737],[-15.604446705420948,27.91984002776452],[-15.604632233109012,27.91963104821425],[-15.604699641544995,27.919599789312304],[-15.604760751874595,27.919660363823944],[-15.604860642851326,27.919658751728583],[-15.604980195350146,27.919574364809407],[-15.605042588292585,27.919390659734525],[-15.60585497671498,27.919077007706445],[-15.605841089493895,27.919247500773928],[-15.605956184279691,27.91938456782481],[-15.60665573965364,27.91957638431983],[-15.60684472489359,27.919568871856963],[-15.607207073110368,27.919358839027254],[-15.607712012911058,27.919405088015704],[-15.608459519804413,27.91935737493583],[-15.609219387488789,27.919484368082973],[-15.609346546439951,27.91947035526649],[-15.609559256491137,27.919344208124866],[-15.60975906833827,27.91916530913112],[-15.609901615177312,27.91881478713164],[-15.610267433878851,27.918608973703105],[-15.61019124573121,27.918379300305258],[-15.610678063393514,27.91776916692868],[-15.610733557440126,27.917607516093547],[-15.611467179664288,27.91702706804262],[-15.61143455664122,27.916936490323852],[-15.61151066094738,27.91669937127996],[-15.611718408952138,27.916595810659995],[-15.611730723125513,27.91650864431095],[-15.612141591957034,27.915967358823632],[-15.61230662433854,27.915840155533388],[-15.612513170524469,27.91577622811162],[-15.61265702921735,27.91555261866853],[-15.613265267860296,27.915232067720545],[-15.61396631042614,27.91470013686334],[-15.61445095440347,27.914629009062203],[-15.61500399314951,27.914271053617053],[-15.615083611927798,27.91408203145965],[-15.615087780619001,27.913759112900728],[-15.615571009742593,27.913205668694054],[-15.615651067299048,27.912986764482817],[-15.615651921116122,27.912814523274815],[-15.615758073184246,27.9125918012718],[-15.616022533127977,27.912150908202996],[-15.616303040113323,27.91190601184346],[-15.616429390517531,27.911410580005107],[-15.616629742724397,27.911223995670664],[-15.61663124001687,27.910878791959142],[-15.617218774599813,27.910676932769334],[-15.61765558273705,27.909844841524816],[-15.617887585438337,27.909595916643497],[-15.61807309772667,27.909230930626194],[-15.618123149482944,27.909026241844245],[-15.618561568756647,27.909051355752737],[-15.618868748887856,27.909246045440124],[-15.619183323788713,27.909257992321464],[-15.62025794620671,27.908512393786033],[-15.62079934301332,27.908437919253693],[-15.621405098961507,27.908209781647013],[-15.621947673228616,27.908075086444004],[-15.622536473178592,27.90745966683646],[-15.622783936466675,27.907109740789704],[-15.623571993428364,27.906813246861002],[-15.624017289222834,27.906780809652624],[-15.624981314348583,27.906338806053146],[-15.625295522866107,27.906023327223565],[-15.625754975650707,27.9057499767331],[-15.626238376391132,27.90520660511106],[-15.626750013808117,27.904344626691945],[-15.626910113238795,27.90396701629383],[-15.627009519870795,27.90386636302725],[-15.627605195971075,27.90357099229898],[-15.62805841699584,27.903453019291437],[-15.628737553402003,27.903094615124047],[-15.629099201528676,27.90297362617971],[-15.629102987735454,27.902802545029175],[-15.62930143248428,27.90248596069619],[-15.629428655125352,27.902363964956823],[-15.629639753961408,27.902267701358188],[-15.629626496338291,27.902071557533656],[-15.629708265973111,27.901861520092112],[-15.630399328995988,27.901116133017013],[-15.631131049213316,27.899947383064333],[-15.63157237719448,27.89951684400322],[-15.632069963781849,27.899203759174558],[-15.632352226908033,27.89895828081828],[-15.63312217940319,27.89877808527514],[-15.633947224597096,27.8982009804901],[-15.634455704111181,27.898033083366112],[-15.634959580529456,27.89779055132328],[-15.635744093921005,27.897756964821664],[-15.636008565327712,27.897476987275535],[-15.63645586313373,27.897272985862728],[-15.636369764174509,27.89702324200379],[-15.636480539671535,27.896819078725258],[-15.63641818360507,27.8965462963531],[-15.636623507717095,27.896351716451495],[-15.636982473612534,27.895396162368446],[-15.63728571759605,27.89483327382398],[-15.637364594305424,27.894526528678117],[-15.637312126015015,27.893825725135347],[-15.637069575836566,27.89337052540882],[-15.637299501093494,27.89330085642449],[-15.63751312820153,27.893085384159974],[-15.637955979845088,27.892299871392165],[-15.638049739135514,27.892227310726682],[-15.638714935710869,27.89226376885243],[-15.638851546675477,27.892221791565692],[-15.639178206921008,27.892033415830973],[-15.63960928392866,27.89161553680857],[-15.639955669559981,27.89148204289181],[-15.640342906502,27.891453614577614],[-15.640459342985148,27.891488459952626],[-15.64077165091325,27.89184854470798],[-15.64086466016899,27.89189053978479],[-15.641056864988784,27.89178285523233],[-15.641170619078348,27.89163825333741],[-15.641861255660357,27.891440775595836],[-15.642172128938759,27.891470922621924],[-15.642906697879308,27.89143563285801],[-15.643885356930227,27.891167653685457],[-15.644215101240523,27.891244829510146],[-15.644446119737054,27.891224070555406],[-15.644666461805516,27.891184765284883],[-15.644803954911545,27.89106938755187],[-15.645046368218782,27.890999918136792],[-15.645506220017332,27.89110410495479],[-15.646834532883057,27.89159779995781],[-15.647099214105465,27.8917362974153],[-15.647407159400949,27.892025343950014],[-15.647855566367525,27.892288092675322],[-15.648099026842125,27.892667260418126],[-15.64824740723586,27.892691296974323],[-15.648359583657626,27.892614183371244],[-15.648516189918583,27.892620523917664],[-15.649158895425908,27.892995626218376],[-15.649522097961198,27.893335194134906],[-15.649707211072842,27.89366928162027],[-15.649948135811584,27.8938876850687],[-15.649979345128873,27.894026627579496],[-15.65022863019618,27.894258134553997],[-15.650285889559651,27.89443081476909],[-15.650735478328054,27.894638618312346],[-15.650826265295736,27.89475139860299],[-15.651058477564892,27.894900269256972],[-15.651188265621915,27.895260018178575],[-15.651227181505263,27.895623518304454],[-15.651162456496797,27.895813176639596],[-15.650837999670802,27.896144017862806],[-15.650665466532082,27.896530091201715],[-15.650931615040783,27.89661211856466],[-15.651011532546294,27.89697797068048],[-15.651215561591636,27.897080547690777],[-15.651555653925776,27.89743966337266],[-15.651962611663416,27.89766413862753],[-15.652002691737247,27.897858483050378],[-15.652072105600642,27.897945988347495],[-15.652360084229471,27.898017925622973],[-15.652559387145338,27.89794187665308],[-15.652707557809624,27.89804814616054],[-15.652753669814922,27.89812989383993],[-15.652713816983365,27.898278488097855],[-15.652880110000327,27.89849058653321],[-15.653207535719416,27.89842395874301],[-15.653312422367858,27.898355866682092],[-15.653412196048967,27.898131810516322],[-15.65364039023461,27.89785197166687],[-15.654438102153817,27.898037394151274],[-15.654552731465609,27.898013162698717],[-15.654893700714371,27.898313102164916],[-15.655070910101657,27.898408687455962],[-15.655331411523305,27.89830426030933],[-15.655325675684889,27.89793738122843],[-15.655044951030535,27.897934779912063],[-15.654627951691145,27.89744761883009],[-15.654820771029582,27.897223282182047],[-15.655188775744568,27.896944509691558],[-15.65515965937846,27.89669206987482],[-15.655421898088424,27.896512411510308],[-15.655669707906865,27.896467613932217],[-15.655924395466949,27.89635359949684],[-15.656117002296416,27.896182395570587],[-15.656305250935265,27.895881709372485],[-15.656981222498246,27.895806795756616],[-15.656962214841682,27.89567429633625],[-15.657197099643922,27.895427928373913],[-15.657350076450669,27.895407953110187],[-15.657415467024284,27.89556904575038],[-15.657514577130629,27.895590057484682],[-15.657622492916664,27.895555023018904],[-15.657705109381341,27.895427590467857],[-15.65812591408345,27.89544270624924],[-15.658254941573112,27.89527310284112],[-15.658300819397097,27.89508728660507],[-15.657977850383391,27.89479996159602],[-15.658141261695837,27.89461719512269],[-15.658587703736266,27.894274064072842],[-15.658815233282063,27.894237003753677],[-15.65995374672057,27.894543244923184],[-15.660158781973582,27.894561553971688],[-15.660510979863545,27.894954756993304],[-15.66061562877419,27.895198555752387],[-15.661241589556463,27.895432280717163],[-15.660964661525467,27.89591473505171],[-15.660853414197517,27.896291057379976],[-15.660829563967338,27.896563140004478],[-15.660881555075672,27.89687920005974],[-15.661106165583792,27.897327455421355],[-15.661182692830742,27.89795898473199],[-15.661261632457247,27.89814308364365],[-15.661249741914087,27.898291437738727],[-15.661219764076028,27.898387774240625],[-15.66096628602356,27.898677279259168],[-15.660850541346095,27.89891919161345],[-15.660814994198219,27.899386739638967],[-15.660554148313173,27.90025386850075],[-15.66058887888226,27.900434677106517],[-15.660561996413191,27.90063600170518],[-15.660405917045352,27.900929299594434],[-15.660277940136806,27.90100466611513],[-15.66005201793596,27.90133563424575],[-15.660107712353497,27.901431406675346],[-15.660294341613548,27.901483664109364],[-15.6603519451995,27.901572512538447],[-15.660332538650154,27.901696529380345],[-15.660104710769515,27.901981576892865],[-15.659920198159613,27.902358700526964],[-15.659953738505152,27.902500815822826],[-15.660072760693422,27.902637304039846],[-15.660088829322364,27.902793657448946],[-15.660042664678032,27.902848474381017],[-15.659674217100084,27.902948164423478],[-15.659231751799286,27.903174731229974],[-15.65927859269564,27.90339231268405],[-15.659471579831912,27.903715055438706],[-15.65953124479621,27.90392926247031],[-15.659519025779273,27.904032292908713],[-15.659340165718067,27.90416271455054],[-15.659452035951563,27.904621034985425],[-15.659633298452567,27.904806197585145],[-15.659623856848803,27.90507228899062],[-15.659122940945876,27.90531328973322],[-15.658627075956527,27.904751079694528],[-15.658444609042355,27.90423241582461],[-15.65842659746019,27.9040266843249],[-15.658246250794688,27.90377738727796],[-15.657974724137949,27.90404299709222],[-15.657669301106203,27.904080563401653],[-15.65764618031853,27.90415216827051],[-15.657777276471382,27.90429929792749],[-15.657759959520648,27.904362786839986],[-15.657633748021654,27.904384909785048],[-15.657481701894508,27.90432222904744],[-15.657261593693022,27.904326456574253],[-15.656965360457264,27.90457008395408],[-15.656824858960684,27.904780182128924],[-15.656796532313056,27.90506672854692],[-15.656877322706537,27.905175679524493],[-15.65659423945675,27.905305574360735],[-15.656658654290936,27.90549606391347],[-15.656586164072095,27.90547604422605],[-15.656514102475995,27.905335131718466],[-15.656198467857868,27.905082143482332],[-15.65614303070932,27.90491760895475],[-15.655939021521396,27.904656433567002],[-15.655914609955518,27.904436722116618],[-15.65578863031606,27.904376045819514],[-15.65553103052414,27.90455959156717],[-15.655330521114525,27.904551725781882],[-15.65518538644924,27.90482988152276],[-15.655311690145089,27.905123058503133],[-15.654681922852804,27.9051352956521],[-15.65453920777745,27.90543768598268],[-15.6550394234035,27.905618450646852],[-15.655214344371586,27.90585839853369],[-15.655092842459803,27.90595761518541],[-15.655179179888297,27.906066549814035],[-15.65515245840113,27.906164891566032],[-15.654975700386734,27.906294855288582],[-15.65492881891348,27.906420292835715],[-15.65482710216311,27.906511345003018],[-15.654819950628857,27.906619704025857],[-15.654841199663595,27.90696248788885],[-15.654950730012537,27.907088915233942],[-15.65482034825528,27.90725274459788],[-15.654861861168127,27.907342673737443],[-15.654976298970267,27.90731540965501],[-15.65503691754773,27.90736177348026],[-15.655004874279289,27.90763273835529],[-15.655149302554666,27.907934928476138],[-15.655303220549154,27.907899532564564],[-15.655517715040476,27.90769442799882],[-15.65575856996912,27.907648074339157],[-15.655980925469985,27.907668247668422],[-15.656137805084006,27.907584884862672],[-15.656160679450682,27.90762709490738],[-15.656077652493423,27.907747225489953],[-15.656247913107528,27.90804914698246],[-15.656248668672188,27.90814403608118],[-15.657161214359194,27.908431731099153],[-15.657346691946316,27.90872202391466],[-15.657520156257387,27.908800056844985],[-15.657618409590803,27.909346123508012],[-15.657617886337661,27.90947467162406],[-15.657497934492177,27.909534750578764],[-15.65746678822556,27.909734659450123],[-15.657453253761231,27.91015833778807],[-15.657389878166432,27.910459792559948],[-15.657453070217985,27.910961541040738],[-15.657367162257168,27.91135494477872],[-15.657309384265455,27.91142599272081],[-15.656619685306692,27.91164333141635],[-15.656520674183694,27.911725263592487],[-15.656467904062234,27.911925699514274],[-15.656410329692369,27.911976760163867],[-15.656697061039203,27.91262292411106],[-15.65700844253777,27.913802722717836],[-15.657173556574367,27.914152275988737],[-15.657095159302074,27.91461528746856],[-15.65709729672481,27.915221084168255],[-15.656422034646734,27.915897903435603],[-15.65630212073621,27.916150691156716],[-15.656209683006141,27.91656132166187],[-15.655931261554413,27.916791754677053],[-15.655957590342927,27.916990125601348],[-15.655632234253181,27.91735658475904],[-15.65566022356962,27.917491668055312],[-15.65596105317913,27.917872117166894],[-15.655963476475897,27.918132211638632],[-15.65602397055293,27.91833029343933],[-15.656193853538625,27.91856515403757],[-15.657390924224675,27.91915954813563],[-15.657639510230885,27.919231318377793],[-15.657903084890584,27.919096314802722],[-15.658080636015523,27.918933412819587],[-15.658273437232038,27.918882364343457],[-15.658321938486367,27.91911141104091],[-15.658553648595449,27.919480684051265],[-15.658615956948204,27.92006949246069],[-15.658567537014202,27.920310241076468],[-15.658633297061474,27.920328161344194],[-15.658695417930971,27.92043647795329],[-15.659128782560584,27.92054431855344],[-15.6596788130665,27.920805564711998],[-15.659699118238061,27.92095957748943],[-15.659589505212447,27.921084016888233],[-15.659602405616257,27.921153291985437],[-15.660004738762726,27.921214626503502],[-15.660185275331742,27.921216920840333],[-15.66044921873546,27.92104033199592],[-15.660692481973566,27.920961036217875],[-15.66105574164052,27.921014466825547],[-15.661073500423479,27.921128790575885],[-15.662011797135365,27.920980745099282],[-15.662435606610671,27.920733893784046],[-15.662587850752981,27.920484736862477],[-15.662803274251324,27.92034694053406],[-15.663358662243942,27.920195952522043],[-15.663300220252328,27.91999511103924],[-15.66356132544771,27.919466492655452],[-15.664099583528746,27.919074290887774],[-15.664574008789234,27.91888026817354],[-15.664784896110879,27.918716221922274],[-15.664950726645264,27.918845320957615],[-15.665180240382247,27.918835546925052],[-15.668000258112741,27.919406610671395],[-15.668102515160644,27.919238021951767],[-15.66862274886311,27.918788252372813],[-15.668814623204034,27.918762523623467],[-15.669108912026369,27.918556180348798],[-15.66914683093075,27.918564806572313],[-15.669161687320404,27.918724711895937],[-15.669385563485282,27.91875839644057],[-15.669794606215474,27.918311130645417],[-15.66979127556791,27.91818952531434],[-15.669921376515985,27.918075747573234],[-15.669957155027577,27.91762336319177],[-15.670062604365933,27.917559597744003],[-15.67007195451101,27.917467386016742],[-15.670570855053452,27.91710560938725],[-15.670819264729015,27.916957204820125],[-15.671178763507399,27.916900027685312],[-15.671466771987298,27.9166376520155],[-15.671842287973156,27.91670587117131],[-15.671908156758047,27.916593433893997],[-15.671896620757504,27.91642053176416],[-15.671706475788572,27.91600829061826],[-15.671694884625381,27.915793503176108],[-15.671565167695245,27.915703864991343],[-15.671536160449328,27.915627547211926],[-15.671496097210461,27.915324288918],[-15.671596526467404,27.915187021395266],[-15.671588318774836,27.91509216897127],[-15.671918126326819,27.91507598214525],[-15.672022043824143,27.91523679783158],[-15.672123438345729,27.915285356229212],[-15.67244007793263,27.915323683596945],[-15.672925959939473,27.914596916925742],[-15.672984030508108,27.91443992355541],[-15.673219090817508,27.91416235760084],[-15.673160220278827,27.914060431883225],[-15.673234590870338,27.913908450020337],[-15.673198757485508,27.913740794053503],[-15.673293092835038,27.91367028309934],[-15.67332945600651,27.91352639462089],[-15.673479566844735,27.913637316596756],[-15.67359988204987,27.913662861737517],[-15.673884128504243,27.913431976817467],[-15.67396383253971,27.91319144011959],[-15.674057509747522,27.913064106536954],[-15.674021311183086,27.912926214774632],[-15.674064935777928,27.91279327650807],[-15.674221408230125,27.912786291238668],[-15.674240772866508,27.91260536643862],[-15.67445845425115,27.912312257594206],[-15.674461711812793,27.911946248567638],[-15.674420528506177,27.91180750566657],[-15.674331662187143,27.91171738117131],[-15.674149354375926,27.91168418713904],[-15.673922149333958,27.9114457565846],[-15.674112772491904,27.910737030285663],[-15.674282771873608,27.910306365895686],[-15.674252161526994,27.91008957734516],[-15.674308058999799,27.910031819468685],[-15.674600603740705,27.910013344375557],[-15.674663940830952,27.90992306153732],[-15.674650193508313,27.909829960546364],[-15.674759894380774,27.90974391903712],[-15.675172269577484,27.909595155039856],[-15.675282597735814,27.909400785306847],[-15.675413603301607,27.909420517274633],[-15.675501044944744,27.909359995471043],[-15.675452118697999,27.909270416060473],[-15.675538296442868,27.909173313748603],[-15.675516036260257,27.90909055445593],[-15.675331437368465,27.909175383937754],[-15.675175158959537,27.9091702190286],[-15.675033767369573,27.90923215138067],[-15.674866829147637,27.909186037428483],[-15.67475554282986,27.909252290437806],[-15.674693618552404,27.9092033510459],[-15.674763938739305,27.909059440293756],[-15.674834136153786,27.90894817196525],[-15.674915425454065,27.908929494015933],[-15.675188707284295,27.908524248265515],[-15.675433828598015,27.908326654142066],[-15.676609911412948,27.90781173974044],[-15.676723830360382,27.907633365235803],[-15.676709723653168,27.90740436377531],[-15.67711966449694,27.907418093123532],[-15.677177436328773,27.907395810268596],[-15.677214142830078,27.90729023891961],[-15.677505557745471,27.9071960804142],[-15.677719667544949,27.907272154729913],[-15.677998289047354,27.90723510913963],[-15.678291260628109,27.90736784553461],[-15.678424221813277,27.907362569110997],[-15.678552755798272,27.90729593034659],[-15.678636198305032,27.906989186099594],[-15.678743993304634,27.90685924321959],[-15.678838051488551,27.906612377213772],[-15.678841428025237,27.90642401996561],[-15.678933490347813,27.90635235190883],[-15.678875439248232,27.90610186613644],[-15.679021760051349,27.905907641089318],[-15.678994257990832,27.905669173293404],[-15.679040466341682,27.905258178132364],[-15.679271587396238,27.905185219728168],[-15.679383361296017,27.90502245238643],[-15.679311649000445,27.9047826860401],[-15.679477689012986,27.90457198820221],[-15.67941047196262,27.904238498802115],[-15.679433643445373,27.90406019934059],[-15.679641263893615,27.90412301492275],[-15.679818448087834,27.903936535487617],[-15.680002292565002,27.903905297488137],[-15.680031979034407,27.903950069665072],[-15.679985625315528,27.904077110591917],[-15.680208410360493,27.90429323834241],[-15.680385974848063,27.90440155310769],[-15.680599383135657,27.904440796071885],[-15.680266816811457,27.904689563060103],[-15.680303091233244,27.90482255120895],[-15.68022682353557,27.90494973987909],[-15.680253023219235,27.905054324467798],[-15.680523201363425,27.905153226964245],[-15.680599174283214,27.905394632566004],[-15.680558476956747,27.905519479226687],[-15.680591913990204,27.905614639849407],[-15.680521150218336,27.90573804622935],[-15.68051438710091,27.905875146519893],[-15.680208456581932,27.905883012063704],[-15.680127800705643,27.905961837285055],[-15.680117621141267,27.906072667619586],[-15.680165868776195,27.90614435709903],[-15.68039287076622,27.90625416095208],[-15.680438216307214,27.90635893980892],[-15.680588034810855,27.90631645880028],[-15.680728301667559,27.906335697689535],[-15.680871065785375,27.906701852045742],[-15.681287812306794,27.907046431250926],[-15.681428694430645,27.90729179417343],[-15.68156348975452,27.907230628165077],[-15.681390886144976,27.90676355520347],[-15.681643869909657,27.90647560460067],[-15.681837990864437,27.90642322607061],[-15.68220492222494,27.906682689117257],[-15.682313576051266,27.90666120837205],[-15.682403594334655,27.906578291405793],[-15.682424756249869,27.90647881675198],[-15.682332236536139,27.9063185210667],[-15.682473400703628,27.90622162965669],[-15.682496262541674,27.906111314099324],[-15.682338856394614,27.90600348005717],[-15.682212045640073,27.90581937820027],[-15.682250077540665,27.90571375385774],[-15.682491039696977,27.905434527211966],[-15.682217537538204,27.905168969436527],[-15.682173068267407,27.904944885199328],[-15.682255824548578,27.904660231424128],[-15.682541898001002,27.904419489361594],[-15.682951374625393,27.904176546423145],[-15.683664797122848,27.904180230523263],[-15.684011203128808,27.904427369479166],[-15.684074125250762,27.904634733650163],[-15.684535402864219,27.904514748232952],[-15.685084496655676,27.904756688877185],[-15.68524058760779,27.90524590142281],[-15.685499702453647,27.905420179890335],[-15.685721459880767,27.905832154613893],[-15.68591162527094,27.905900671356605],[-15.686152051226232,27.90576659614299],[-15.686254003420391,27.905562591548154],[-15.686135992163223,27.905179700866622],[-15.686150056424951,27.904960824032997],[-15.686502203008665,27.904831526879295],[-15.686638738696326,27.904594707866234],[-15.686823322383626,27.90439749467504],[-15.686851329246508,27.904275607179823],[-15.686802501866572,27.903983942622506],[-15.686410901280208,27.90381199653743],[-15.686355352873088,27.903691680757294],[-15.686360843631663,27.90342820776467],[-15.68653227660868,27.903156821924327],[-15.686595895081876,27.902958785324262],[-15.686561115929443,27.90260018719568],[-15.686346282238354,27.902408872647715],[-15.686263431259963,27.902186993921035],[-15.685935336942679,27.902004195506745],[-15.685774182224154,27.901765527684788],[-15.685737218839995,27.90163051333035],[-15.68599266373183,27.901220930022234],[-15.686237288531,27.90121610131331],[-15.686336356421265,27.90111927118162],[-15.686314543512172,27.900989245704206],[-15.686057373208765,27.900706137634185],[-15.686048358478203,27.900617211791566],[-15.686270365616481,27.900503159862296],[-15.686501900994067,27.9003018225948],[-15.686719803654569,27.89997879586652],[-15.687147937669922,27.899862559829327],[-15.687203721339035,27.89976457277256],[-15.68735981003938,27.899968528124614],[-15.68752115006827,27.900070821413287],[-15.687712191637779,27.90028417968189],[-15.687814294112881,27.90047477300697],[-15.688381496488391,27.900542532634645],[-15.688640718992305,27.90067384508174],[-15.688797020470377,27.901185150939448],[-15.688626369551196,27.90166535857745],[-15.68863997779894,27.90203330564777],[-15.688982712904718,27.902681973919808],[-15.689403987298538,27.903146240858707],[-15.690026456832577,27.903421591997],[-15.690439106857506,27.903681815201644],[-15.691572488267608,27.904152327029397],[-15.691721426533398,27.90425701545145],[-15.691979729931026,27.904605968174703],[-15.69219683335974,27.904771697688673],[-15.692912395450133,27.905002208944527],[-15.694237785926548,27.905717313602313],[-15.694029021589582,27.906002437330937],[-15.694014992275827,27.906176549436484],[-15.694089054163586,27.906339818687876],[-15.694263681990051,27.906472539237114],[-15.69474889400097,27.90658448442839],[-15.695117380633198,27.906952084924786],[-15.695532129835255,27.906897851857092],[-15.695901891505468,27.90708620279785],[-15.695995615822776,27.907221929446283],[-15.696004961061536,27.90776754887864],[-15.69607719997196,27.90777556106588],[-15.696213951457743,27.907629137617857],[-15.696312539229275,27.907638749741107],[-15.696310507271388,27.907800669023658],[-15.696216878050132,27.90793387574887],[-15.696300758842133,27.908033399298148],[-15.69629539317357,27.90821107857709],[-15.696381539699386,27.90835969772046],[-15.696659586304866,27.908617404366375],[-15.69716139922313,27.908803062006164],[-15.698006284647033,27.908845147458113],[-15.698135178573137,27.90895650193453],[-15.6984376945332,27.909055132840727],[-15.69861603864924,27.909204880930407],[-15.69917461500863,27.909225292290884],[-15.699352303225027,27.90929814141539],[-15.699755601439934,27.90886884423111],[-15.700175423944103,27.908528649032355],[-15.700600123951613,27.908283482462107],[-15.701000668816489,27.908185036549895],[-15.701129598536237,27.908055745309184],[-15.701713031282658,27.90770243611576],[-15.701906774656969,27.90752352646213],[-15.702201692364987,27.907040431506996],[-15.702524738286865,27.906775014896546],[-15.703236666640505,27.90649488531818],[-15.703692118380111,27.906169311080394],[-15.703915010204078,27.90628261740078],[-15.704249843482613,27.906171995369643],[-15.704548338202011,27.906142810671042],[-15.704712158420591,27.905907351318135],[-15.70478746930069,27.905636877272595],[-15.704923370913352,27.905433687675327],[-15.705428630719895,27.905101353503536],[-15.705576503850903,27.9049394096979],[-15.705839561991032,27.903987985119628],[-15.706161620825744,27.903861256535176],[-15.706833885958211,27.903711508798196],[-15.707215580069168,27.90350532283397],[-15.70737257873955,27.903347374407097],[-15.707486299084504,27.903084501092888],[-15.707537153707683,27.90257972801765],[-15.707817136341493,27.901834173618568],[-15.707903293540308,27.901670594473273],[-15.708066332017205,27.901554427471055],[-15.708291310174683,27.901463064193283],[-15.708470869755967,27.901540360489975],[-15.70902891012059,27.901503115603706],[-15.709574806170377,27.901320776268637],[-15.7100039386568,27.901039955662167],[-15.710527210423423,27.900431075370367],[-15.710682955406174,27.90033148044427],[-15.711689799317714,27.900435051444575],[-15.712249241575101,27.900339859887467],[-15.712679503207866,27.900332291564496],[-15.712952778882434,27.900256350934345],[-15.713157769060773,27.900052651492178],[-15.713148099884494,27.89959759462556],[-15.71326760367851,27.899178121837707],[-15.713332295596013,27.8990740934801],[-15.713478279543088,27.898998946028854],[-15.713816188858166,27.8989625324887],[-15.714283567611862,27.899109029947706],[-15.714463645558446,27.89920024448051],[-15.71466415049312,27.899406456535107],[-15.715083544768401,27.89964750544386],[-15.715219343782891,27.89968002024261],[-15.715617127269331,27.899477636492684],[-15.715998962407436,27.899421193224043],[-15.716374750227937,27.89916243945304],[-15.716837006018714,27.899172321695467],[-15.717053383390448,27.89909753552465],[-15.717171560958267,27.898997108748404],[-15.717225335268969,27.898670989243957],[-15.717321633624707,27.89858093993262],[-15.717636294662777,27.898569480441655],[-15.71799840615538,27.898481088427168],[-15.718287866391375,27.898838639245945],[-15.718498474470294,27.89889978280571],[-15.719026348142195,27.89882683566191],[-15.71936862219989,27.898541248828792],[-15.719932947480784,27.89835125310401],[-15.720028011694751,27.89822250048411],[-15.720050832187065,27.898084303847106],[-15.720012015973476,27.897967227490803],[-15.719779164307019,27.89771366490479],[-15.71968420121537,27.897218757468053],[-15.719740498158849,27.897127759901714],[-15.720043840567408,27.8969788543716],[-15.720201716965546,27.896540263710165],[-15.720306621891185,27.896498543222148],[-15.720660615719284,27.896560396494635],[-15.721348318940615,27.89632166294977],[-15.721935058302726,27.89644171956308],[-15.722139433125465,27.896334157066065],[-15.722243313502508,27.896233141939312],[-15.722587817040386,27.895554489728145],[-15.723053144005313,27.895047258038627],[-15.723361975195875,27.89462822782239],[-15.723281174613074,27.894456145329],[-15.7232959109362,27.894288616615874],[-15.723677752808044,27.893619424649067],[-15.723867476770646,27.89342588189016],[-15.723976190690841,27.89338008551043],[-15.724121605517679,27.89320031567162],[-15.724165947362732,27.893054205923686],[-15.724805783174057,27.892528177944932],[-15.72494712184261,27.89228596163604],[-15.725536452844509,27.892064497088544],[-15.725924697014726,27.89147488368002],[-15.726452152575202,27.891254192466512],[-15.726907358081133,27.891123157591107],[-15.727250976138667,27.890896391589457],[-15.727476000064557,27.890620060384983],[-15.727884631839299,27.890528987028965],[-15.728361909429864,27.89031135191996],[-15.7286101414402,27.890315275763374],[-15.728968437350483,27.890217875534077],[-15.729149615814594,27.88961553670851],[-15.72935700448675,27.88934669792653],[-15.729397472446337,27.88921505027424],[-15.729723924143626,27.8887480695256],[-15.730023839966842,27.888520986424055],[-15.730104818204468,27.888112896944076],[-15.7303258599565,27.88806261905388],[-15.730476035109927,27.88759566759578],[-15.730625549495597,27.887318016275575],[-15.730869827539294,27.887051868376652],[-15.731107239295639,27.886565316395743],[-15.73121243879386,27.88616422912847],[-15.731407729128588,27.88601677474591],[-15.73195972956532,27.88540280540765],[-15.731933984119168,27.88468646664275],[-15.732238600381356,27.88426942510876],[-15.732586694860911,27.884078640112616],[-15.732646734728187,27.884002945354272],[-15.732752148963643,27.8835142032553],[-15.73283319538443,27.883344605904618],[-15.732810144684542,27.883059474201787],[-15.732847451789716,27.882987420723907],[-15.733124062596792,27.882817957068436],[-15.733144984505534,27.882756732806058],[-15.733473651610968,27.88260865651477],[-15.733653500908332,27.882402424898025],[-15.73364595292946,27.88224720010182],[-15.733689690233913,27.882164640825142],[-15.733911474714235,27.88204574793104],[-15.73418906692924,27.88176632769033],[-15.734403485140918,27.88145925960983],[-15.734793362653704,27.881319881203755],[-15.735299137531484,27.88128342373415],[-15.735903234139922,27.880943853570173],[-15.736792991072537,27.88084359578227],[-15.736967338942446,27.88068144122622],[-15.73760536998495,27.880478622361924],[-15.738308118161434,27.87990236689195],[-15.738873616218914,27.879835516589416],[-15.73903508759897,27.879692746304894],[-15.739565701787305,27.879396071442496],[-15.739775865871355,27.87919842559336],[-15.739998141303834,27.879123752842183],[-15.740201136647745,27.878977598895673],[-15.740756080009284,27.878972903562904],[-15.741142983934798,27.878488781135093],[-15.741850888681695,27.877794316355658],[-15.742025114002665,27.877377503671987],[-15.74235091829937,27.876843516394363],[-15.742719025174752,27.87667372169478],[-15.742969006827058,27.876417541972618],[-15.743444142535688,27.875646780915655],[-15.743475091260661,27.875448290207615],[-15.74393054944687,27.875188563478506],[-15.744142052477757,27.874668909689934],[-15.745139207683373,27.873452639339998],[-15.745391828321509,27.872916061448826],[-15.745713394854466,27.8727466007296],[-15.745586776411674,27.872529029791274],[-15.745978227076757,27.871590990224313],[-15.746029936695395,27.87104895315248],[-15.746245089308923,27.870925156873128],[-15.746393839473367,27.870645885989994],[-15.746406824257535,27.870527724068943],[-15.746678865878055,27.870283261788504],[-15.746701501419814,27.869994860929413],[-15.746668860797515,27.869961809140168],[-15.746881269900424,27.869627958645587],[-15.746838567253954,27.869605920203597],[-15.746967499809285,27.86923831815787],[-15.746957402263805,27.869093073704853],[-15.747105176618271,27.86880988056714],[-15.747174181500792,27.868451918826615],[-15.747091189840507,27.867106843588335],[-15.747118875521458,27.866972949044268],[-15.747209885818066,27.86685709049098],[-15.747269001442085,27.866871610665367],[-15.747765310165642,27.86658236654308],[-15.747882797310277,27.866556309397883],[-15.748267939513159,27.8661726295957],[-15.748667709078912,27.86534010825831],[-15.748872163364668,27.865151524841792],[-15.749126961939398,27.864603184001115],[-15.749234549247292,27.864461344553686],[-15.749450953566445,27.8643358665892],[-15.749503831546534,27.864232291905484],[-15.74971859618517,27.864093011070118],[-15.749674009513916,27.863985885823208],[-15.749729782266085,27.86373475741374],[-15.749645909984277,27.86347305905285],[-15.749740715409416,27.863348611565435],[-15.74972471222928,27.863229749262622],[-15.749956156803876,27.86297741304746],[-15.750121530286352,27.862566189775972],[-15.750344762635295,27.862329658786184],[-15.750554451868561,27.86225936183803],[-15.750663850372858,27.86216576095477],[-15.750783257330138,27.861917941741428],[-15.750933188009903,27.861869354525034],[-15.75098612518862,27.861600854946996],[-15.751110487434747,27.861347131869113],[-15.751389990875388,27.861087797417564],[-15.751463167564609,27.86048026718882],[-15.751540801905092,27.860448439177034],[-15.751532949079627,27.860274467707065],[-15.751437833355965,27.860173567069264],[-15.751412710466527,27.859878339147542],[-15.751559652874734,27.859332160942483],[-15.751501455645606,27.85925146932427],[-15.751586971136359,27.85903708060381],[-15.751755268949895,27.858839446275848],[-15.751891634260073,27.858394717058072],[-15.752013446612358,27.858219731866143],[-15.752586939567601,27.858030999409795],[-15.752887149762788,27.857709740851387],[-15.7529505346618,27.857509292471576],[-15.752897235004049,27.857421542625417],[-15.75295898092078,27.85733670348637],[-15.75296469630056,27.85717606315228],[-15.752909509982219,27.856815219445547],[-15.75270060065857,27.856370270010455],[-15.75316408417874,27.85585500438349],[-15.753259447242403,27.855263176225915],[-15.753424961104777,27.85508721998726],[-15.753275947053748,27.854687955044643],[-15.753073174931755,27.854628093355544],[-15.752952992729835,27.854420784229415],[-15.75302145949299,27.853568455946736],[-15.7531261257069,27.853279533673877],[-15.753193624076234,27.853241179389848],[-15.753135085121638,27.852999014399412],[-15.753146958362507,27.8527639123408],[-15.753051260155317,27.85266173397468],[-15.75309189357712,27.85245270753343],[-15.752826260437526,27.852209361677488],[-15.752769150068195,27.852073843270805],[-15.752709935775409,27.8515806936266],[-15.75273598931641,27.851235492494517],[-15.75268187881457,27.850909225100974],[-15.75269655502137,27.850796054144066],[-15.75278587078686,27.850687594317698],[-15.75285368217981,27.85032421049004],[-15.75281706737432,27.850284212806912],[-15.75281959519479,27.8499296525274],[-15.752754291673373,27.849589923639684],[-15.752789884003954,27.849298065387476],[-15.752758159719653,27.849294104072797],[-15.752780574635207,27.84912652995272],[-15.752854106996105,27.84900489544332],[-15.752623518205741,27.848602264941967],[-15.752248770962593,27.848615113852453],[-15.752202624140027,27.848568280308125],[-15.75220178304244,27.848446383547817],[-15.752156481717352,27.84842345804466],[-15.752133378963297,27.84804102641079],[-15.752097229087761,27.848010856438027],[-15.752146505115602,27.847617775524988],[-15.752134332180635,27.847471143191438],[-15.75208160569354,27.847433255159732],[-15.752103757852053,27.8469124538052],[-15.752031572234982,27.846881794154836],[-15.75204636460165,27.84655428412185],[-15.75197278014742,27.846460659306295],[-15.75197808030241,27.846316197501725],[-15.752034398068423,27.846253495566046],[-15.752002812727083,27.846103168589934],[-15.751853081737188,27.845921276826417],[-15.751802134819362,27.84570244963659],[-15.751603883863998,27.8455695951125],[-15.751566390872298,27.845400424606215],[-15.751240280966345,27.84478851370461],[-15.751235609606898,27.844585141404284],[-15.751281098132708,27.84453380059974],[-15.751193519001628,27.844345494441434],[-15.751213786759587,27.844236021265594],[-15.751296023978943,27.84420324766389],[-15.75133013426518,27.84379763857191],[-15.751318876872022,27.8437232085481],[-15.751107213309268,27.843469255978366],[-15.751120492643176,27.843344835916085],[-15.751230359616196,27.84320702653167],[-15.75174131404272,27.8429143580854],[-15.751808302878592,27.84277938160654],[-15.752066264493367,27.8424972614915],[-15.752103583483667,27.84214948911823],[-15.752377824069574,27.84201340077563],[-15.752378750141586,27.841898878407825],[-15.75247627734703,27.841753994912427],[-15.752422915152057,27.84165007744216],[-15.752443668988938,27.84153770373076],[-15.75278484154127,27.840838258787652],[-15.75276259342985,27.840769404345494],[-15.752860151488393,27.840392380427726],[-15.753015088442355,27.840334917399588],[-15.753037277218054,27.84026134311001],[-15.753209046484567,27.840145861352383],[-15.753239927692265,27.84004726170397],[-15.7534576082103,27.839849527208663],[-15.753583623745488,27.839889271408456],[-15.753830599020752,27.83976913550321],[-15.75413345669534,27.83936547871594],[-15.754127727747159,27.83928596353053],[-15.754350392655521,27.839097236505772],[-15.754425109413265,27.83879422285541],[-15.754543830789116,27.838544535191204],[-15.754611999155543,27.838517794438737],[-15.754625667480969,27.83841354737961],[-15.754878744180091,27.838346626930456],[-15.755004330982915,27.838120723749494],[-15.755233954222073,27.83794167038026],[-15.755509671937135,27.837608976441793],[-15.755316644884012,27.837001590664357],[-15.755273146687072,27.836967155739444],[-15.75520912483404,27.837077807778044],[-15.755065651527255,27.83716799680415],[-15.754934500567177,27.837135630026403],[-15.754969496880381,27.83626018325798],[-15.75543962463398,27.835659224721233],[-15.755444173702994,27.835516969349275],[-15.755706003485635,27.835225333896904],[-15.755774019634945,27.835239982529217],[-15.75581353266548,27.835385219304367],[-15.755653956331042,27.8358330050663],[-15.75565976541428,27.83592982466238],[-15.75558705622287,27.836046942684064],[-15.755636269511841,27.83613535516931],[-15.755878254988021,27.83586236060811],[-15.756095503374594,27.835700850005093],[-15.756205685150633,27.835493264785903],[-15.756220105971574,27.835300087793275],[-15.756465471629312,27.835046409675314],[-15.756525777694485,27.834792743545513],[-15.75647813313781,27.834743121099937],[-15.75646884693164,27.83457110706176],[-15.756551021956467,27.83435641728439],[-15.756518558065611,27.834056327856747],[-15.756548257609897,27.83391100079382],[-15.756696948172113,27.83375102047854],[-15.756850651245369,27.833309548525882],[-15.756809746692241,27.833277040651712],[-15.756908920624596,27.83304944803243],[-15.756882000921202,27.83297186355194],[-15.75710534860189,27.83224465470352],[-15.757444729920774,27.832004839298406],[-15.757682112730592,27.83158865240212],[-15.757862805880945,27.83145218221663],[-15.757851567800227,27.831404346282284],[-15.758087296646758,27.831165549701794],[-15.758238587934146,27.831079647656345],[-15.758231606213407,27.83101015951295],[-15.758495165192578,27.830755141194867],[-15.758840146454991,27.830296701146366],[-15.759181647161773,27.82999222704512],[-15.759310019012691,27.829788303595738],[-15.759564210198885,27.82954054742577],[-15.75955713886946,27.829497671641434],[-15.759993552913253,27.829172353365294],[-15.760195535133258,27.828870143314216],[-15.760347433996301,27.828934771076153],[-15.760366727411249,27.829045589446487],[-15.76023863846494,27.829382968501253],[-15.760072359356858,27.829608188749383],[-15.760132317011193,27.829679208570184],[-15.760412249734943,27.82956298698114],[-15.76088958135457,27.82919089694434],[-15.761215020172319,27.82909031056215],[-15.76136726075232,27.829099012611742],[-15.761801723273464,27.828893678231307],[-15.762010210318856,27.82885339522235],[-15.762162607369012,27.828760983344683],[-15.76238009970014,27.828504036536245],[-15.762768168434615,27.828315303379494],[-15.763121656092997,27.828215830387215],[-15.76366864403656,27.827583303080278],[-15.763503295705926,27.826972263641608],[-15.763562226919165,27.826805090397134],[-15.76347826434397,27.826751410395747],[-15.76344248702441,27.826528639633796],[-15.76354519760832,27.8264682763024],[-15.76367777812917,27.825864931908775],[-15.763610242793293,27.825758686741796],[-15.763593136954347,27.825215035749515],[-15.763659714498615,27.825110477047286],[-15.76361361919649,27.825010748167436],[-15.763808923191108,27.824548989270387],[-15.763954812102607,27.824556324503266],[-15.764120493544532,27.824262470124435],[-15.764303175285427,27.82417214509334],[-15.764489169500314,27.82384740454053],[-15.764548667472544,27.823847075076404],[-15.764917632640879,27.8233056638681],[-15.765030914415755,27.823027327373406],[-15.765094535306472,27.8230112135674],[-15.765155133526987,27.82256253917747],[-15.76527377598468,27.82231764515194],[-15.765247591155642,27.822254077203045],[-15.765337248701929,27.822126993606844],[-15.765349691598546,27.82202344729619],[-15.765461948810659,27.82193377291368],[-15.76546590569211,27.821875445111704],[-15.765620861860896,27.821776208906037],[-15.765636446756433,27.821576389464155],[-15.765799878364414,27.8213292606566],[-15.76599375086548,27.820840795483363],[-15.765991131011674,27.8206700448599],[-15.766345092998986,27.82038612010003],[-15.766444542100908,27.820205026624897],[-15.766643328199477,27.8201045530164],[-15.766709151054835,27.81996712044117],[-15.766676153141812,27.819873196418175],[-15.76710121293451,27.819537131775267],[-15.76707081145418,27.819487624678974],[-15.767310664634703,27.819189174892394],[-15.767315720074528,27.819128394588493],[-15.76772868254296,27.818740354188844],[-15.767721011572695,27.817981734380393],[-15.768034198861015,27.818155650611015],[-15.76860587493281,27.818322314098754],[-15.769771828698563,27.818989022084978],[-15.770156894302156,27.819348246586088],[-15.770284685508512,27.819527064130444],[-15.770388393282182,27.81976624452909],[-15.770527405256262,27.819943699321847],[-15.770727489330524,27.820441743431715],[-15.770971373962261,27.82060879085623],[-15.771235520102872,27.82093026805858],[-15.772047294060767,27.82138575066289],[-15.772475017015228,27.821569532534006],[-15.772842605841685,27.82190718197273],[-15.773228489095033,27.82204931006117],[-15.773361242764697,27.822147792023497],[-15.773916536221217,27.8229754591589],[-15.773920479876432,27.82309343880067],[-15.773839515615954,27.82317650828055],[-15.773819206100756,27.823290724165602],[-15.774068089187546,27.823957620371953],[-15.774142969467762,27.82402450628782],[-15.774428172441713,27.824079957836556],[-15.774683088595749,27.824311507089124],[-15.77473705629846,27.82443035240944],[-15.775183009209648,27.824773910518026],[-15.775487922879288,27.825182252227386],[-15.775751101219534,27.82540984427575],[-15.775899276034307,27.825822667408517],[-15.776271579288707,27.8264084163234],[-15.776438453804994,27.827279698899783],[-15.77657142182855,27.82758674640914],[-15.777077062000002,27.82807337496464],[-15.777685926962281,27.828385387603365],[-15.778233759568275,27.828863992727047],[-15.778754829988543,27.82993996695798],[-15.779437295710629,27.830341240030798],[-15.779746147272835,27.83036410352935],[-15.780256029723313,27.830054393231578],[-15.780615719898318,27.82998462979676],[-15.780713470652078,27.829818114787205],[-15.781110299453525,27.82983002435078],[-15.78136043849428,27.829892592425054],[-15.78219711020288,27.830296020896746],[-15.782918410455698,27.830786469296235],[-15.783460021678714,27.830934039661162],[-15.783626885757215,27.831164329152863],[-15.783995723929474,27.831460199327392],[-15.784484904517688,27.832274475348154],[-15.784825880529219,27.83253583769285],[-15.78517186287092,27.832911272408406],[-15.7859316750545,27.83348568951779],[-15.786686901083899,27.833789173026418],[-15.787317779790474,27.834348871757907],[-15.78745839812218,27.834404822542705],[-15.787662023649101,27.83477125039146],[-15.78766146861341,27.834986882212227],[-15.78796941861507,27.835310251030837],[-15.787938028542488,27.835845543435617],[-15.78804403788736,27.836103336887664],[-15.788227463099503,27.83628180999201],[-15.788490190690801,27.83639469983053],[-15.788668471860754,27.836603108247093],[-15.789224851523803,27.83703800043393],[-15.789493016379216,27.837452720903883],[-15.789477704758216,27.83753715699922],[-15.789642833896064,27.837791126467906],[-15.789674433663958,27.838003992445884],[-15.789982124868189,27.83837933549277],[-15.79031299343484,27.83921732433997],[-15.790559410409916,27.839701341055175],[-15.790591056955897,27.83987549860317],[-15.79049542181726,27.840041565839805],[-15.790666382115564,27.84018010811866],[-15.790804088206153,27.8404157457731],[-15.790751746886338,27.840591964217968],[-15.790992037559318,27.840947488417385],[-15.791311092556628,27.84102856351147],[-15.791675134459696,27.841330496567856],[-15.791762853697438,27.841551263555083],[-15.79176941245616,27.84187273211576],[-15.791542214577767,27.842179942923405],[-15.791490152567441,27.842327427007643],[-15.791500287122185,27.84247006793738],[-15.791613361881728,27.842624674990656],[-15.791484982782809,27.842712070684517],[-15.791644078030549,27.842782218790394],[-15.791676270163336,27.842919244734848],[-15.7912557011542,27.843318845419226],[-15.791273042460418,27.84349600043645],[-15.791355713095793,27.84366606473228],[-15.791014541620841,27.844479440953393],[-15.791030891504148,27.844806919473204],[-15.790881748627381,27.845078729135032],[-15.79092335521502,27.84524101299958],[-15.791963793209336,27.847010694646848],[-15.792300913054161,27.847428479142017],[-15.792447977583407,27.847541447148373],[-15.79276896685478,27.84766504263825],[-15.792929859744481,27.847415731050884],[-15.793071597064431,27.847377075283422],[-15.793439440091495,27.847442735399195],[-15.793686160727681,27.847539819193674],[-15.793852657012689,27.847661448154803],[-15.79367539069407,27.848024595229077],[-15.793669675765305,27.848195166280846],[-15.79383098667727,27.848327007528983],[-15.794086747155784,27.848433679392784],[-15.795514202527134,27.84838577437839],[-15.795806029192349,27.84842857667189],[-15.795889836048246,27.848485685570274],[-15.79592596295391,27.848608424948313],[-15.795812511049423,27.848889385780335],[-15.795973010607604,27.849016715635457],[-15.796147746410536,27.84904632711367],[-15.79616123532915,27.849095247842527],[-15.7959691758967,27.84923009995079],[-15.795320802713015,27.849424019564076],[-15.795207665483078,27.849534042792836],[-15.795157279208436,27.84968407306874],[-15.795168320784047,27.849843065196584],[-15.795370020207992,27.85036099129225],[-15.795379618457352,27.851230994284457],[-15.795432603770669,27.85138418391747],[-15.795657575425965,27.851572381497377],[-15.796002858668354,27.85148391126057],[-15.796229640580345,27.851623093723376],[-15.796321182376035,27.851810476564197],[-15.796283465052822,27.852608825178333],[-15.79648664351558,27.852882939655704],[-15.796777455802863,27.853071477342855],[-15.796983998492749,27.85311924680555],[-15.797260173031573,27.853108696404565],[-15.797784173262123,27.852923538803598],[-15.798055346471552,27.852916626535606],[-15.798307162733408,27.852997207031887],[-15.798456321561847,27.852994899575226],[-15.798596562243665,27.853081180322043],[-15.798698530184536,27.85327225116752],[-15.798720746302847,27.853484870704428],[-15.798676895754248,27.85433091754673],[-15.79874308101189,27.854473088619972],[-15.798666794396054,27.85452957268112]]]}},{"id":"64","type":"Feature","properties":{"categoria":"Parque Rural","nombre":"Valle de Gran Rey","codigo":"G-4"},"geometry":{"type":"MultiPolygon","coordinates":[[[[-17.311784428905387,28.124515164525246],[-17.31091669701432,28.125236538971325],[-17.310668249246696,28.125323433908253],[-17.310249099013877,28.12535528779776],[-17.309066654391525,28.12580010459902],[-17.308485209143754,28.12589479047898],[-17.308194787779023,28.126028387642123],[-17.307986081811087,28.12594153755162],[-17.30774295955201,28.126120886912087],[-17.306948808426057,28.12624858182573],[-17.30669902880595,28.126406142596785],[-17.306578809627982,28.126558778983103],[-17.306389348675218,28.126649590970608],[-17.30601622622348,28.12666956805936],[-17.305545383534334,28.12659533666809],[-17.305335235005685,28.126395420955586],[-17.305264077239247,28.126159880533073],[-17.305362392791462,28.12605610360278],[-17.305921692525875,28.12589854298489],[-17.30596907746916,28.12585561695559],[-17.30595690166091,28.12576706219455],[-17.305400779198184,28.125425459752638],[-17.30522409528205,28.1252011688747],[-17.304861586926677,28.12489225443359],[-17.30413490993801,28.12452620242203],[-17.303863447491842,28.124208292034027],[-17.303618247062968,28.124165981786867],[-17.3023423086472,28.124479231796265],[-17.302161141138086,28.12441525241461],[-17.30190900208892,28.12418687387856],[-17.301582942765137,28.124147055168617],[-17.301309211897916,28.123789277461302],[-17.30062406640175,28.12342170537158],[-17.300314481658877,28.123398299590306],[-17.299128646088032,28.123526189109107],[-17.298477772845043,28.12338160451366],[-17.29752330079118,28.123420159710204],[-17.296926477411244,28.12332349426799],[-17.296273437982162,28.123334439066213],[-17.29612651714909,28.123353710996554],[-17.295759381039264,28.123537653152518],[-17.29511317789425,28.123716650163615],[-17.2947904443886,28.12395028516285],[-17.2945535180012,28.124016719534623],[-17.294068459947052,28.123897362852627],[-17.29310180623169,28.123762333738306],[-17.29281215705947,28.123642246812373],[-17.29250196664862,28.123320701428792],[-17.291737982107385,28.123309316788102],[-17.291190149846187,28.123094551564872],[-17.29059587058368,28.123103349815118],[-17.28963771643759,28.12326281210089],[-17.28911307265981,28.123209895367932],[-17.288935055941423,28.12308925248132],[-17.288839927488567,28.122924121512614],[-17.288590112415417,28.122665721508433],[-17.288276535490905,28.122502153884938],[-17.288236036505513,28.12225484805399],[-17.287897893922068,28.121330933156276],[-17.2878645129418,28.12086332631245],[-17.287775960428508,28.120589780202682],[-17.288015060348762,28.120344059232377],[-17.288058846743958,28.120193282843733],[-17.28799185451028,28.11991515405872],[-17.287826061548223,28.119630337299967],[-17.287838116926807,28.119534274486618],[-17.28799214007892,28.11926496182144],[-17.288114029007424,28.11889436871727],[-17.288307750430054,28.11869349193441],[-17.289338903756942,28.11843849349396],[-17.28988491610835,28.118161024136228],[-17.29025368512966,28.117885702710105],[-17.290637355348448,28.11772255919914],[-17.29142929938791,28.11749096123021],[-17.291637730883572,28.117328489085807],[-17.292015857205104,28.117139357805648],[-17.29284113942027,28.116968280784672],[-17.293112214489415,28.11671768559176],[-17.29336749155676,28.11659512132222],[-17.293665237736896,28.116540962774035],[-17.29503870008531,28.115771931774503],[-17.295266177551166,28.115724279174884],[-17.295867076721976,28.115726765669383],[-17.296314110725874,28.11562133986825],[-17.29723751454055,28.114935991574015],[-17.297905524372315,28.114663114882198],[-17.298617571250713,28.114469684643897],[-17.298747188254247,28.114347819601548],[-17.29881083792329,28.114042737398435],[-17.298903161378096,28.1139430448417],[-17.299379359281524,28.113750733311587],[-17.299715817090267,28.113502069800443],[-17.30048581158863,28.11316290979425],[-17.301613438890442,28.112913331059257],[-17.301926428095083,28.112741671400823],[-17.302003762881352,28.112516004888338],[-17.30220328662398,28.11230458172445],[-17.30238932912112,28.112000447126434],[-17.302642970026874,28.111864269041508],[-17.303262059641145,28.111209620229253],[-17.303335758001168,28.11097730102866],[-17.303183283257756,28.110509219874],[-17.30342818842789,28.11029306243464],[-17.303511258985882,28.109927946550012],[-17.303640683953624,28.109603377260107],[-17.3037385000263,28.109494900212646],[-17.303907086576597,28.108898258637534],[-17.30403305292139,28.108711890345095],[-17.303855749237275,28.108329495135603],[-17.303664926100435,28.107476412767056],[-17.30336207699464,28.107157032197346],[-17.303188091695908,28.10686300620162],[-17.303122564151998,28.106449000637376],[-17.303105829940364,28.104841983400906],[-17.30331521820856,28.104925285527255],[-17.303787364606464,28.104888902124657],[-17.305561398709884,28.104085999470964],[-17.305774296424186,28.10394423057499],[-17.306602760543573,28.103184474476958],[-17.3075704002129,28.10283184688636],[-17.307728163213838,28.102584657346554],[-17.30806386822036,28.102339921982924],[-17.308298188058096,28.101847405281195],[-17.30841076358952,28.101719728357903],[-17.308702564699256,28.10157560705349],[-17.308905074231703,28.101587292285544],[-17.31012646061473,28.101146919654376],[-17.31030865782039,28.10093965780494],[-17.31084916937438,28.099929973102185],[-17.311057691832573,28.099712972921335],[-17.31163143806037,28.09921271726117],[-17.312190198982677,28.09889977798132],[-17.312996455035407,28.098001829921614],[-17.31338909804215,28.097789985436854],[-17.313937474175553,28.097389158812195],[-17.313928051985634,28.09709377698305],[-17.313996821565116,28.09687834613704],[-17.314168162395774,28.096469336142018],[-17.314296529537057,28.096315212447685],[-17.314800606544416,28.095960038131988],[-17.31540677176504,28.095329848323654],[-17.316353644178587,28.094892380800143],[-17.315589862578467,28.09307787126511],[-17.31551028058381,28.092760593353766],[-17.315624462835068,28.091318731552693],[-17.31562975905414,28.09033189977441],[-17.315902578652,28.089555371065668],[-17.315627035564816,28.0896396975454],[-17.315538795620093,28.089737914574993],[-17.315446969448683,28.090147757962445],[-17.31511124997752,28.090647167229676],[-17.31484141802866,28.090955077242782],[-17.314483524302783,28.091535615757277],[-17.314302849209454,28.09216739121065],[-17.314088872180637,28.092480132020665],[-17.313982224942233,28.09173960527611],[-17.313910771884682,28.091529671566516],[-17.313907761452903,28.090611626760985],[-17.313820720029547,28.090168258870786],[-17.313576797325,28.089488065754487],[-17.313317306792424,28.089206141664153],[-17.313194195339452,28.08889295269214],[-17.313023178931406,28.088760762022662],[-17.31276497035295,28.088286984854435],[-17.31271210354949,28.0876814365162],[-17.312849495277227,28.086847220426133],[-17.313268438988104,28.086000522819077],[-17.31336898539818,28.085625082694207],[-17.313600573212675,28.085215066312433],[-17.31375051605535,28.0846628610545],[-17.31377069206552,28.084407709463175],[-17.313707097462377,28.084231831041315],[-17.313289284608512,28.083976478981207],[-17.31308782160548,28.083497215042357],[-17.31278655691585,28.08297576347205],[-17.312799143180186,28.082310930255908],[-17.312693431275587,28.08183883028493],[-17.312075093378077,28.081342573281397],[-17.311646131704162,28.08119436289224],[-17.311407936373154,28.080948807869827],[-17.311433589813202,28.080870723009717],[-17.311660979593867,28.08071308367911],[-17.311689605661126,28.080509266310155],[-17.311548408111953,28.080261427039897],[-17.311554653125516,28.079928938855222],[-17.3114984583219,28.07980325602515],[-17.31149537111099,28.079451137478824],[-17.31140340034321,28.07911238202796],[-17.31140294033143,28.0788828878712],[-17.311240253314633,28.07855163096025],[-17.311029376924587,28.078282154610335],[-17.311017625634513,28.077316847203203],[-17.310812570071437,28.07683494118927],[-17.310638800617514,28.07605948324142],[-17.310648288671924,28.0756967940797],[-17.310720638541582,28.075327569056235],[-17.31102153291724,28.074387203968495],[-17.311180423926036,28.074103575539162],[-17.311233404605165,28.073516895513002],[-17.311431326659434,28.073266969170458],[-17.31153652917578,28.072958456993412],[-17.31182977892209,28.072643464594712],[-17.311884577559095,28.072496132664284],[-17.311838370453877,28.07221200754576],[-17.311901833124256,28.07205266426159],[-17.312342767311137,28.071421440619623],[-17.312353593997212,28.071011303524664],[-17.312557588147207,28.07050714742057],[-17.312544694635456,28.07010901379799],[-17.31273703785868,28.069730628068935],[-17.312974878146186,28.068652294677133],[-17.312983714043007,28.068308853590782],[-17.31279567051118,28.068038831628545],[-17.31036457079578,28.067141577672672],[-17.308358545567305,28.06648411753763],[-17.308361682142603,28.06630730224978],[-17.308243740328493,28.06618621129123],[-17.308200295925914,28.066047805917346],[-17.3083266165184,28.065666349749026],[-17.308092910101468,28.06542124355947],[-17.30806457336546,28.06371500035209],[-17.308152140013693,28.063138575279215],[-17.30786160309657,28.062409161664046],[-17.307654372882574,28.062103154186428],[-17.307598375342,28.061857945498364],[-17.307638361758006,28.0615966857416],[-17.30800201501212,28.061268896241693],[-17.308085693721903,28.060596259948706],[-17.308158660272653,28.06037901952111],[-17.308881193020053,28.059281926804438],[-17.309147021101126,28.059031935471427],[-17.309498743933023,28.058936417430548],[-17.309884187618813,28.058734038794828],[-17.31008643095391,28.05867857129039],[-17.31058766582192,28.058682584992397],[-17.31081378742524,28.058549927826675],[-17.310980583308737,28.058279178257546],[-17.311402536022495,28.0579218136026],[-17.31192968603973,28.05697798798852],[-17.31224764831295,28.056546443407516],[-17.31255250736574,28.05627212985371],[-17.312646440150377,28.055938244490402],[-17.312758834318952,28.055766869739134],[-17.31269093830373,28.055568630507807],[-17.31273052118614,28.055261133120545],[-17.312852904098186,28.05505277576316],[-17.312987934201367,28.05498761825657],[-17.312999674216467,28.055089381384803],[-17.31286089259782,28.055334170756172],[-17.3129626129834,28.055553071217133],[-17.313152818506314,28.05573375627056],[-17.313165861864665,28.05592960826864],[-17.313273411040527,28.056183149100715],[-17.31328273878148,28.056713639975474],[-17.313482815826195,28.05718885221543],[-17.313721210832014,28.057358798535233],[-17.314040331813125,28.05745113817745],[-17.31419578318835,28.057466924076596],[-17.314428948623505,28.057411740999957],[-17.31504327757079,28.057714480568006],[-17.315094059208963,28.05778689138756],[-17.315038766098095,28.05792632847958],[-17.315058204315715,28.058102401888704],[-17.316015525195308,28.059211698377357],[-17.316605370340884,28.05959099821907],[-17.316970639454134,28.05999438909947],[-17.317043217540192,28.06001590184522],[-17.31728420610267,28.059756299248452],[-17.317437126244673,28.059739280053037],[-17.317674434791446,28.059535772260613],[-17.317757880898288,28.05923903774102],[-17.31809958550049,28.058952017041825],[-17.31837886978334,28.058889280871195],[-17.31852133628131,28.058773905179677],[-17.31863989436902,28.058800415051977],[-17.318869595975215,28.05867391043343],[-17.319232484158086,28.058644137784093],[-17.31948114149147,28.058741986238893],[-17.319476812663865,28.058867209358702],[-17.319312865920278,28.05896273735651],[-17.319183828528576,28.05913031092961],[-17.31909128631628,28.059637978752477],[-17.319103563381542,28.059679187166555],[-17.31918142493429,28.059681480579997],[-17.319413967874805,28.059559348294503],[-17.31954635552267,28.05962352047614],[-17.31955470504143,28.05966181761507],[-17.319334081144355,28.059865317230425],[-17.3193855232817,28.059949354867197],[-17.319673175200975,28.06015770793177],[-17.31974395639601,28.06027074347798],[-17.319743809867497,28.060448590576936],[-17.319683138362073,28.06055996825283],[-17.31973999982631,28.060711587105718],[-17.319593152662637,28.060864574091223],[-17.319523921045402,28.061069936282998],[-17.31957523510507,28.06138000375236],[-17.319160694746174,28.06175686568615],[-17.318967831878286,28.06232018673845],[-17.318952596626843,28.062738031695133],[-17.31902039985334,28.06321438647015],[-17.319380065570872,28.063644753261634],[-17.319483064206267,28.063680638439813],[-17.31964502344713,28.063653267711395],[-17.319647106745364,28.063769178843437],[-17.319699121313054,28.06382767129045],[-17.319918187417603,28.063797530211563],[-17.319960829685677,28.06412046645699],[-17.320033078897733,28.064273268550686],[-17.320337120675728,28.064358538614254],[-17.32038361010551,28.06446756309738],[-17.32062783863746,28.064495915898718],[-17.32077889193543,28.06444382459607],[-17.32081082593755,28.064476669797195],[-17.320761151211236,28.064692709875953],[-17.3208894738444,28.064922341793775],[-17.3208605477376,28.06498211253447],[-17.320580468778523,28.065070042102267],[-17.3205395658828,28.06516890471216],[-17.32032821356673,28.065250438111853],[-17.320029435112783,28.065769985022314],[-17.320014199141905,28.06603136994831],[-17.319841018436087,28.06654500314678],[-17.31987827405458,28.066688200800783],[-17.319847446037997,28.066820458672176],[-17.319995588855708,28.066883641746244],[-17.3201996443866,28.067115602874868],[-17.319538822026953,28.06788101327732],[-17.319529484494353,28.067971943096424],[-17.319694003895716,28.068016081613365],[-17.31968777897159,28.06810037198077],[-17.31953384844243,28.06813717174134],[-17.31929485222911,28.06804024388018],[-17.31913984638008,28.068154840147365],[-17.319004769437658,28.068344802887722],[-17.318601971595907,28.06914175971255],[-17.318535816686914,28.069604316947647],[-17.318666932199584,28.070271702377152],[-17.31911711230138,28.07092719796948],[-17.319116054110296,28.071048395500366],[-17.318941610427906,28.071446914927055],[-17.318959565768186,28.07172867216528],[-17.319088726554998,28.072082267989387],[-17.31934459826953,28.072414953583586],[-17.31949959432409,28.07293395583543],[-17.319511369359287,28.07318838729089],[-17.3194675423763,28.073312292950078],[-17.319630201523307,28.073837481489857],[-17.319942040179228,28.073986051398492],[-17.319818274082355,28.074224458020407],[-17.32015117571099,28.075196565742086],[-17.320405307172496,28.075698550555416],[-17.32064178620177,28.0759330294123],[-17.320658452766168,28.076149841930768],[-17.320892512410886,28.076394737705055],[-17.32120495667368,28.07662305774974],[-17.3213684969132,28.076573731469253],[-17.32170143939343,28.076676644088117],[-17.321838892763285,28.076804971270885],[-17.32199832717057,28.07684377859886],[-17.322227541021352,28.077090197586717],[-17.322526100539964,28.077259287628365],[-17.322778892262168,28.07750449431606],[-17.322897991438282,28.077975735755512],[-17.323447372827967,28.078884073814983],[-17.324071939985398,28.07957016132198],[-17.324568366142675,28.079979335050897],[-17.325248349145312,28.08015828572779],[-17.325690753662204,28.080184802148885],[-17.326062441652553,28.080305182786464],[-17.3261683998775,28.080293460578797],[-17.32623053562101,28.080113029168604],[-17.326390234714932,28.080036422173382],[-17.326784889175375,28.0801697653856],[-17.327406829762324,28.080251699751585],[-17.327708465146152,28.08019948118174],[-17.327854264273714,28.080228406982098],[-17.328342973910882,28.08018492242589],[-17.328514312890785,28.080289477977825],[-17.32893970447777,28.080423285555987],[-17.32963482010876,28.08083150237931],[-17.33048091764662,28.0815647755009],[-17.330692453542753,28.081858037969596],[-17.330938189660845,28.0823403823339],[-17.33126021008479,28.082539280351156],[-17.33123624386581,28.082717386659382],[-17.331074818479298,28.08297589623714],[-17.331015310985354,28.08322585216918],[-17.331085318321115,28.08339591888623],[-17.33128274031863,28.083619582023157],[-17.331387068942618,28.083941914753378],[-17.33132943092549,28.0844148875097],[-17.331400011042007,28.084526655688755],[-17.331446696062955,28.085618186047554],[-17.33136885375611,28.08618254424044],[-17.331542280609952,28.086820860252256],[-17.33169181043098,28.087125460769517],[-17.332336813754377,28.088069666788275],[-17.332519824206475,28.08847322034139],[-17.333215702048804,28.089115819976595],[-17.33340176269559,28.089566059245538],[-17.333530667117547,28.090200708028373],[-17.333972351867796,28.090633964047495],[-17.334010686271625,28.09083975740133],[-17.333934111977655,28.091081342677292],[-17.333924894390034,28.09155809339803],[-17.333965974592257,28.09182492557233],[-17.33405400899259,28.092089334379274],[-17.334479333610535,28.092762787673042],[-17.334560936576583,28.09298850672951],[-17.334618986349994,28.093489195884487],[-17.334515735703565,28.09370642243064],[-17.334086156332425,28.09399299651746],[-17.333664539646247,28.094564397524667],[-17.33177540045421,28.09674111885604],[-17.331155983789905,28.096837423901547],[-17.33076272265297,28.096994297070367],[-17.33061125893324,28.09715206707529],[-17.33047442121354,28.097477650476478],[-17.33036851579857,28.097594719168374],[-17.329514556111047,28.098019235312563],[-17.329128767367024,28.098374897934896],[-17.328722458292205,28.099301296467797],[-17.328615554711313,28.099898530310337],[-17.328368421781192,28.100273779957135],[-17.32807419089108,28.100998432248666],[-17.327682446703097,28.1015233645303],[-17.32765098880401,28.10198682321825],[-17.327379095973086,28.10244571978981],[-17.327325995307376,28.102845645009836],[-17.32718281302865,28.103157122122756],[-17.327194936518687,28.103326999717318],[-17.32682528941366,28.103833896831762],[-17.32623188475895,28.104137575585362],[-17.325835894514896,28.10454067463793],[-17.3252806528706,28.104816542822455],[-17.324998141391667,28.10505566174631],[-17.324874147011496,28.105095661232248],[-17.3246669992394,28.10553119529584],[-17.32454332563529,28.10561440923212],[-17.324516436869548,28.105768977997542],[-17.324429326954224,28.1058914534899],[-17.323987855510794,28.106075004269172],[-17.32379499644229,28.10596195818252],[-17.32360729989251,28.10594297932193],[-17.323061444766918,28.10614317540823],[-17.32269746617075,28.106001221380993],[-17.322640451418312,28.106048953640048],[-17.32281145585878,28.10625899004452],[-17.322842626085265,28.10654282184169],[-17.324573805843286,28.108232122509342],[-17.324740271891194,28.108244160316694],[-17.325201002510283,28.108567579899137],[-17.325550377940182,28.109224391748967],[-17.325493571179916,28.109666579765598],[-17.32540355410398,28.10982889661885],[-17.325455582716366,28.110042400206332],[-17.325521583624365,28.110035686207773],[-17.32551294191263,28.109828574731573],[-17.325562930786546,28.109749497300143],[-17.326096252224612,28.109574334698774],[-17.326233495201905,28.109454887249598],[-17.32665474752229,28.108382934863965],[-17.326708140399532,28.10741990734236],[-17.32684832168102,28.10700779399515],[-17.327154172157456,28.106939982512547],[-17.32744781884445,28.106542677620435],[-17.328339594353125,28.105725751289068],[-17.32845193763287,28.10537727028235],[-17.328995098328356,28.10474978859194],[-17.329117331656036,28.104713153875878],[-17.329447670517077,28.104752385244165],[-17.32929301253062,28.104555244333863],[-17.329242313700288,28.10437050299741],[-17.3296480333141,28.10350341192456],[-17.329556978095038,28.10342037778806],[-17.32917252439385,28.103423300957978],[-17.3292394638959,28.103122582519724],[-17.329220507333687,28.10284806447924],[-17.329930133498088,28.102310507577453],[-17.33000813111782,28.101884560411378],[-17.330439940643252,28.101831023299095],[-17.33045606424389,28.10169666771323],[-17.330630893819933,28.10153263553343],[-17.330610762507725,28.101288635420666],[-17.33070356539678,28.10117111247187],[-17.33094319883085,28.10097827769629],[-17.33179517150853,28.100606028863286],[-17.331953395438582,28.10048829474684],[-17.33211152656271,28.100272211586415],[-17.332373056213612,28.10021687310425],[-17.332397066718688,28.100033298212573],[-17.332576495039493,28.09979519711702],[-17.3324373837629,28.099380612024078],[-17.33248368475433,28.099244389451805],[-17.33284247770366,28.09908047319972],[-17.33300096170735,28.099059550097806],[-17.333658703463048,28.099276547299183],[-17.33373496964058,28.099283730745434],[-17.333852844363992,28.099205931315904],[-17.333985400817326,28.098823988161048],[-17.334240110354887,28.098489573607193],[-17.33446588354776,28.09800680838485],[-17.3345799463249,28.097861130330454],[-17.334743373232303,28.09776784714024],[-17.334624107913047,28.097729635525774],[-17.334351357595743,28.09778286819848],[-17.334585126586692,28.09754586973738],[-17.335207420682064,28.097535904080534],[-17.335318260734454,28.09737773842782],[-17.335445199098547,28.097347424646134],[-17.3355140479276,28.09722832170997],[-17.335526186701337,28.0968079062665],[-17.335663590498,28.09663978670769],[-17.3368465215279,28.09625808968381],[-17.337797034026526,28.09601084477397],[-17.338030046238337,28.09607029412642],[-17.338202691662065,28.095998865861144],[-17.338442380498744,28.096133461149655],[-17.338660672871402,28.09614002424076],[-17.339051090949116,28.09595272500389],[-17.33935256772787,28.09622449628008],[-17.33952838267045,28.0962898002943],[-17.33977871651132,28.09630528897005],[-17.34000747657101,28.09648942344609],[-17.340198720376655,28.096726440717365],[-17.340570795259,28.096861298912987],[-17.341025848266117,28.096834491746225],[-17.341451950401673,28.096748986934465],[-17.34171521643573,28.09676488277247],[-17.342551064075945,28.0973772483367],[-17.342573715807944,28.097501919313608],[-17.342523834212738,28.09775839152086],[-17.342621481428445,28.098159597535005],[-17.342754180101586,28.09830079494766],[-17.343012230955555,28.0983527787591],[-17.343363526753958,28.098224063067082],[-17.343709252779277,28.097942141998292],[-17.34417192837129,28.097809490207226],[-17.344632224908175,28.097492629243895],[-17.34543684082461,28.097111724482115],[-17.345990748030786,28.096914011760706],[-17.3466963564277,28.097451911452627],[-17.346504469407304,28.09777044765327],[-17.346864091297036,28.098104005734115],[-17.34648686685013,28.098373561703596],[-17.346742348958358,28.0986674058118],[-17.34703420411719,28.099299437552716],[-17.34862485475391,28.099277810741807],[-17.348586250085816,28.099516018433228],[-17.348464940657365,28.099720570728195],[-17.34828890542091,28.099832492614475],[-17.34790651667367,28.09996779873687],[-17.34774489287489,28.10008272141215],[-17.347661130244727,28.100315413229502],[-17.347388229517183,28.100609812047377],[-17.34712463738721,28.101214980919316],[-17.347052513932727,28.101753350221838],[-17.347106065916087,28.101848166611845],[-17.34713733236381,28.102396224930608],[-17.346892520436374,28.10344824789817],[-17.346968014759593,28.103859122460765],[-17.346927048167835,28.10400121295971],[-17.34678918117495,28.104170046021657],[-17.346687599044465,28.10449119633457],[-17.346583389178015,28.105280590886398],[-17.346742838586703,28.10580849923646],[-17.347138469001287,28.106747507937673],[-17.347095717939244,28.107153459093745],[-17.346912079279612,28.107860751654755],[-17.346957025749873,28.108508819945],[-17.34679196607485,28.10920956844427],[-17.346924053928184,28.109560102862634],[-17.347065820535605,28.11025686099234],[-17.34714319526092,28.11147786990049],[-17.34728756531864,28.11178939486206],[-17.3473719659503,28.112234944371874],[-17.347723789091734,28.112464957763457],[-17.347823896248897,28.1126270989927],[-17.347683032207385,28.112644760600848],[-17.347293121680597,28.112516275539402],[-17.347251405827173,28.11325470299395],[-17.346864542258523,28.113434387217055],[-17.346697746469253,28.1136491913344],[-17.346612028609716,28.113881374781492],[-17.3465668149301,28.114365957337498],[-17.346372156008016,28.114876197106778],[-17.34648054806008,28.115227137146096],[-17.346489030344532,28.115658647886402],[-17.34660952438922,28.11625209675641],[-17.34686144451387,28.116641903623567],[-17.346968004026934,28.117020664986338],[-17.347598938364303,28.117238769676742],[-17.347446634709623,28.117563045051064],[-17.34742934840353,28.118091451657463],[-17.347395626264426,28.118169175100064],[-17.347285243702654,28.118231609459734],[-17.346414274999034,28.118454773359996],[-17.346109849101484,28.118560771205296],[-17.34601691424251,28.11864401949133],[-17.346044734561172,28.118893387527],[-17.34624207203682,28.119173959964723],[-17.34621163593311,28.11936522528029],[-17.34612771725888,28.119488651685618],[-17.34567959792664,28.119618492964555],[-17.34556595517567,28.119909893000948],[-17.345621910008973,28.120133334957067],[-17.34589559379721,28.120339876358738],[-17.34594115519082,28.120674838707796],[-17.346022288705253,28.12074590366887],[-17.34567837904525,28.12123559912067],[-17.34533531958604,28.12142328258378],[-17.34510573080719,28.12175564564401],[-17.34530555110537,28.122112690967707],[-17.345264770735852,28.122628235928254],[-17.34514213997306,28.123011823158958],[-17.345183964898066,28.12319391140967],[-17.345157505487894,28.123287480633344],[-17.345218463768514,28.12343215726214],[-17.345191595816523,28.1239042443309],[-17.345097493973984,28.12399021901151],[-17.344651420016223,28.12415882120067],[-17.34444988918141,28.124331088064256],[-17.344309735401705,28.124559780497346],[-17.344230760857027,28.125046203109687],[-17.344130702810922,28.125199950891666],[-17.343903723504702,28.125381494863575],[-17.34372300564758,28.125458032609586],[-17.343687058975846,28.125574050462962],[-17.34360617560807,28.125589419431268],[-17.343542571798704,28.125542956574467],[-17.34324862895241,28.12566871027383],[-17.34283606636634,28.12605887788819],[-17.3425162196579,28.126458377007026],[-17.34217449832865,28.127260761485264],[-17.34209392449427,28.127173443590838],[-17.341856626064462,28.127133558102724],[-17.341519870468538,28.127167645441403],[-17.341061727325233,28.127142450232483],[-17.340870792967035,28.127259581631627],[-17.340750061884386,28.127258576450135],[-17.34064232028024,28.127166849402958],[-17.34061220209167,28.126919053222775],[-17.340499871059002,28.126784726037126],[-17.340353696285668,28.126704121817358],[-17.339771210907095,28.126844180398827],[-17.339586298907626,28.126821622611967],[-17.339468079108883,28.12665978492808],[-17.339666497016154,28.126516992805133],[-17.339656285846885,28.126403027210202],[-17.339350551292277,28.126215878744492],[-17.3389419561143,28.126067840342355],[-17.33867149240128,28.126051884677395],[-17.33845922147512,28.12593171305191],[-17.338265825981324,28.125921479133726],[-17.33808123830034,28.125782517923504],[-17.338038672983846,28.12562209474619],[-17.338180944116644,28.125246478738347],[-17.33808814527642,28.12497556981149],[-17.337222677082032,28.124592784638807],[-17.336932398901816,28.124216967828076],[-17.336648502170085,28.124107037602688],[-17.335740784561818,28.123920219333417],[-17.334887612351242,28.123451310608583],[-17.33434576264251,28.12332456664708],[-17.333841161670822,28.123108490514213],[-17.333689706260543,28.122943423634055],[-17.33340509522437,28.122781436127465],[-17.333148346326897,28.122805288470534],[-17.333034659405477,28.122771709795185],[-17.331988006406345,28.12236211756757],[-17.331554190775194,28.12198349749881],[-17.330754459587645,28.121522467590903],[-17.330486781805437,28.121416470846675],[-17.33018216647837,28.121398236393393],[-17.330122587600112,28.12142266406579],[-17.33010537404565,28.121585270812794],[-17.329935965550035,28.121882787097036],[-17.329842933153323,28.122248319050396],[-17.32957323672539,28.12272662777747],[-17.328748326783614,28.123531710451804],[-17.328246167888842,28.12385707599632],[-17.32789804992798,28.12419119187116],[-17.32740058332475,28.125259525181598],[-17.327370740180726,28.125652197282516],[-17.327127183596094,28.126283177560303],[-17.32709489838727,28.12670748048814],[-17.32713127944663,28.126838191862632],[-17.327392245116645,28.127233539821034],[-17.327430673465166,28.127556423493598],[-17.32732491740258,28.128046308128056],[-17.32703182013238,28.12851670896748],[-17.326556007981797,28.128967519280685],[-17.326038728077766,28.12915126652212],[-17.325609170918028,28.12943913674121],[-17.32524753666552,28.12959439731046],[-17.325042628489182,28.12991576303129],[-17.324566252224226,28.130134623008605],[-17.324282392575814,28.13035668500588],[-17.32385242500556,28.130948071810735],[-17.323344063157098,28.131114180645483],[-17.323253474807387,28.131289102323155],[-17.32324190321464,28.13176980804819],[-17.323049360663887,28.131714198086694],[-17.322996298639094,28.131758904358485],[-17.322964404792152,28.131942647637818],[-17.323002294460913,28.132085380257845],[-17.322961029742363,28.132191919439016],[-17.32247498933817,28.132624961543886],[-17.322075783172522,28.13278502888516],[-17.321216798235227,28.13266108290802],[-17.320766318043773,28.132699663615895],[-17.320583320122985,28.132643482483644],[-17.320289682953593,28.132417287133748],[-17.32024655232307,28.132319306154802],[-17.320275912842895,28.13221757101319],[-17.32053602646953,28.132102092487962],[-17.32116567849484,28.131984864517808],[-17.32129544111225,28.131889909685395],[-17.32134513205374,28.131744519575285],[-17.321236448540834,28.131547223843445],[-17.320760183182983,28.131267639657825],[-17.32062479458424,28.13110156410346],[-17.32056669260419,28.129926402091254],[-17.320773264318074,28.129579578533388],[-17.321234370665497,28.129359366100882],[-17.321341180069737,28.129243235273453],[-17.321454666335296,28.128912785602385],[-17.32166727982961,28.128591483760538],[-17.321725664240564,28.128028001619214],[-17.321902129153735,28.127498339714986],[-17.321901982158806,28.12701949243144],[-17.321798489626666,28.126571811295772],[-17.321191325432377,28.125591347278466],[-17.321305537894357,28.125351367955407],[-17.32164434988012,28.12507778031738],[-17.321734481045723,28.12491997501524],[-17.321647060334733,28.124679459712],[-17.32129976712753,28.124338048701507],[-17.321279497047016,28.1240161811196],[-17.321326168014213,28.12391496461097],[-17.32179452780546,28.12344694730116],[-17.322090568469342,28.123252267694838],[-17.322255269220722,28.122795710531157],[-17.321509927014333,28.123006620034435],[-17.320608232243003,28.123111626925137],[-17.320126512798826,28.12305887882444],[-17.319747746391016,28.12286705616759],[-17.31903515441977,28.123105143707118],[-17.318383906330016,28.123053724450486],[-17.31808760671633,28.123165749978718],[-17.317814621561908,28.123155209068926],[-17.317576528727066,28.1232574064162],[-17.317261594252535,28.123298084675806],[-17.31712750390214,28.12328716053986],[-17.316925726023204,28.123171838659573],[-17.31663409420053,28.122889160951985],[-17.316055908409687,28.122698407150082],[-17.315774230040567,28.122661228740355],[-17.315724854370814,28.12276562928407],[-17.31575241466261,28.123035420757095],[-17.315617095939782,28.123184150993186],[-17.31530685512996,28.123353251195955],[-17.31506193284061,28.123635027399406],[-17.3147748946848,28.1241261267358],[-17.314643325892145,28.124255303047747],[-17.314424562868446,28.124354560953112],[-17.314038549499195,28.124191871720367],[-17.31346418153807,28.124114561207026],[-17.31321315373365,28.124157399627055],[-17.312957223559348,28.124354893690295],[-17.31286454865006,28.124356457982174],[-17.31276902120674,28.12431523808133],[-17.31244688103308,28.123974596894527],[-17.312420426473928,28.12373176462059],[-17.31234253419657,28.123702238381075],[-17.311784428905387,28.124515164525246]]],[[[-17.320139538839403,28.057606372359448],[-17.320343322165726,28.057652553940933],[-17.320331592309728,28.05774640054975],[-17.320103276405124,28.05781226018061],[-17.319973962120315,28.057785121295698],[-17.319935277219983,28.05768014784617],[-17.320139538839403,28.057606372359448]]]]}},{"id":"100","type":"Feature","properties":{"categoria":"Parque Rural","nombre":"Teno","codigo":"T-13"},"geometry":{"type":"Polygon","coordinates":[[[-16.82488034572522,28.26516683644089],[-16.825645400768973,28.26500920979998],[-16.82603011655882,28.264679207501235],[-16.826466934176878,28.26441428646805],[-16.82666994101187,28.264231932430132],[-16.827293355253417,28.263327391049625],[-16.827506048704056,28.263103042099992],[-16.827636614576814,28.263148953317224],[-16.82752739176948,28.263086629662762],[-16.828164715075527,28.26247312528776],[-16.828259501053267,28.26213133018409],[-16.828574663606624,28.261601820041253],[-16.828803291248818,28.260817517593676],[-16.828833872183406,28.26054912869511],[-16.82883398806534,28.26014403987763],[-16.828582187663102,28.25920079560082],[-16.82885555294595,28.25775675187387],[-16.82957456407186,28.255934303972875],[-16.829599961334836,28.25517158229311],[-16.829971355060607,28.25418728060205],[-16.83015303311535,28.253832895647143],[-16.830544763673323,28.253460806449386],[-16.830960293615913,28.252655424506308],[-16.8312443025768,28.251579700168513],[-16.831474830340316,28.251078048530847],[-16.832129588598804,28.250529639495443],[-16.83218402591064,28.25032013912056],[-16.8327441448268,28.249495568007525],[-16.83278996117066,28.24921411416118],[-16.83312021342923,28.248890293003427],[-16.833159113845813,28.24880096206332],[-16.833168362550992,28.24863208169024],[-16.833367618676988,28.2482554826526],[-16.833428912815904,28.248036540570983],[-16.8334642763301,28.245971363986616],[-16.83355617512747,28.244981173696864],[-16.833674503357013,28.24462272512298],[-16.833851633850205,28.24441930046614],[-16.834407238612034,28.244193529678473],[-16.834797061948528,28.243893822401827],[-16.83551304241811,28.243648187220053],[-16.836040717439154,28.243003339136756],[-16.83639237753192,28.242345788949407],[-16.836463518794723,28.24207195581591],[-16.837067968992375,28.242054519852807],[-16.837148586709244,28.24276265469746],[-16.83736084520558,28.24340991902712],[-16.837373019679482,28.243626701844526],[-16.837468173485433,28.243827208120443],[-16.837572488468858,28.244787896371445],[-16.8375504625652,28.24491191694998],[-16.837604056719545,28.245030228122243],[-16.837639050323226,28.245603077312573],[-16.837589490985202,28.245696333938984],[-16.837680418670118,28.245846360162723],[-16.837711926000086,28.246215846338036],[-16.837620046544636,28.24639071106791],[-16.837679010212586,28.246536835332375],[-16.83766618030085,28.246745471291057],[-16.837561789543873,28.246868252991806],[-16.837611384265358,28.247008817875088],[-16.83759427495216,28.247300716246183],[-16.837770423209708,28.247440120817828],[-16.837846785223846,28.247649903680585],[-16.83764704825521,28.247982611534017],[-16.837811859550243,28.248186458192784],[-16.838453360467483,28.248339059581237],[-16.83879045213493,28.24848568287623],[-16.839134751183412,28.248488088880677],[-16.839541629077434,28.24861308720461],[-16.839380074501065,28.24916026233865],[-16.839343352600498,28.25006075834024],[-16.838974730062674,28.25079100906112],[-16.838701763414665,28.25146564504436],[-16.838595083079394,28.252090665279084],[-16.838329967935255,28.252967792333095],[-16.8382965326674,28.25338318322145],[-16.838364274031306,28.253535686364106],[-16.838308852761116,28.25381193730436],[-16.837743930041555,28.255620008616336],[-16.8377318772107,28.255816902218314],[-16.83781578529595,28.255967112514472],[-16.837892989167283,28.256437029372748],[-16.837879007482236,28.256722270502955],[-16.83796282436842,28.256939578141207],[-16.83797942732202,28.257385691521602],[-16.838061275675507,28.25748941764915],[-16.8380572254463,28.257614513909232],[-16.838183979889987,28.257911840429472],[-16.838381900994474,28.258198156104235],[-16.83832264955504,28.258466309484326],[-16.83841232680958,28.258608048972462],[-16.838649843652846,28.25878969912573],[-16.838742599545697,28.259019303362827],[-16.838779250622,28.259284099616035],[-16.83911783337962,28.260116191946924],[-16.83930589140318,28.260355991776475],[-16.839318445055717,28.260559376472198],[-16.839398015151957,28.260753366977507],[-16.83936904306508,28.261069970953912],[-16.839534715612036,28.261405594688274],[-16.839788665219945,28.261699645369998],[-16.840212671641638,28.2619536199901],[-16.840521855286458,28.26201030632528],[-16.84082631160535,28.262379596449406],[-16.841252419123673,28.26271042690075],[-16.841418903384838,28.262734119015825],[-16.84139966211982,28.262976700526004],[-16.841327801689726,28.26301743043112],[-16.841240963144003,28.262967152942164],[-16.840711720998275,28.263711115027625],[-16.840724106480263,28.263862413048045],[-16.840888126189032,28.26423951491819],[-16.841187064921073,28.264524554604428],[-16.841434624244375,28.264638317957754],[-16.842151254020575,28.264858813493678],[-16.842481235857342,28.264829943448483],[-16.84272605800893,28.264964000979685],[-16.843684538035742,28.265213641207847],[-16.84458931926996,28.265358703528698],[-16.845575871234352,28.265721522542066],[-16.846571311228704,28.266258916298728],[-16.846771727502507,28.266210724315552],[-16.84720424655725,28.26659752546593],[-16.847928921890222,28.26708201433165],[-16.848150970614764,28.26714792918519],[-16.84837978304528,28.267100794520303],[-16.848474557992635,28.267182346463624],[-16.848529164888767,28.267327197141718],[-16.84864242208714,28.267370497367708],[-16.848836607313135,28.267300222876955],[-16.848916486918885,28.26737269005358],[-16.848995937323483,28.26761626437757],[-16.849201459273083,28.26778218322141],[-16.849387200920983,28.26783913900243],[-16.84956184512186,28.267733969229084],[-16.8496684026999,28.26774696533276],[-16.850099926830907,28.268124186299406],[-16.850491772815428,28.26823366803567],[-16.850885730925086,28.268570244296797],[-16.850909013582903,28.268803839400295],[-16.85076783899779,28.269016677891642],[-16.850191228191264,28.269340629607683],[-16.84971921893166,28.269524332245442],[-16.84960395771099,28.269643092011023],[-16.849491194653897,28.270095889555815],[-16.849500425347767,28.27037178273463],[-16.84943210919505,28.27078417206912],[-16.849313463080325,28.27107175047439],[-16.8495975129783,28.272128055392933],[-16.849894745229715,28.27251697632319],[-16.85031315403629,28.272866064035217],[-16.85151823850869,28.273102621901234],[-16.85317941451493,28.27308534508112],[-16.854020097134953,28.272902113046822],[-16.854909718391678,28.27293201530793],[-16.85534219878513,28.273055694204913],[-16.855738241131696,28.273104261118853],[-16.855834658343525,28.273166428062588],[-16.85599571146182,28.27315857237251],[-16.85607663562184,28.273216672147495],[-16.856193660469316,28.273161630823093],[-16.85640735459836,28.273401940598916],[-16.85676741771164,28.27345592075597],[-16.856863082510397,28.27387014434255],[-16.85690168290212,28.273899968287747],[-16.85697266275083,28.27383604970026],[-16.85700579968083,28.27388469137848],[-16.856962190145246,28.274059706066858],[-16.857053630974516,28.274152225313166],[-16.857156487360463,28.2741659334349],[-16.857428538270092,28.274086926108197],[-16.857657711374664,28.2742708740218],[-16.858270456086803,28.27422326474913],[-16.85857053538476,28.274447604674375],[-16.859067215440227,28.274628839091186],[-16.859288922289792,28.274790000128956],[-16.85932642189185,28.274903692103294],[-16.8591523793696,28.275051785716972],[-16.8592283881959,28.27523694031745],[-16.859165326963343,28.275693931840454],[-16.859208273564292,28.275838918131672],[-16.859287340024476,28.275902527915733],[-16.8594579951823,28.276224790395908],[-16.8596573209901,28.276338453703605],[-16.859802696196745,28.276519847755477],[-16.859838514168498,28.276741429802826],[-16.86001990446609,28.277061812586062],[-16.860178768321777,28.27722622824908],[-16.86033652851588,28.27758047567759],[-16.86061150109479,28.278011050748194],[-16.860861883882457,28.278235006223316],[-16.860975191098717,28.278405113232655],[-16.861009463186278,28.278606781228962],[-16.860772339722047,28.278950273149032],[-16.861027580281775,28.278996176001524],[-16.86121918097664,28.27909665827974],[-16.861285623317546,28.279240718860493],[-16.861417203970188,28.279316687693996],[-16.86130748817793,28.27954132664386],[-16.86139440170473,28.2797475742341],[-16.86122531184107,28.279861834183805],[-16.8611852792413,28.279974353127812],[-16.86122074027184,28.280199188184064],[-16.8613572937396,28.28054575462031],[-16.86152226391903,28.28080526428871],[-16.861794813362902,28.281058271503976],[-16.862037034307402,28.28114536513748],[-16.86237266563038,28.2811592609047],[-16.86245376751047,28.281320736248755],[-16.86246873439991,28.28150592693352],[-16.86226645706375,28.281879475250715],[-16.862227520212773,28.28206020307482],[-16.862256193516632,28.282308385838746],[-16.86241731355509,28.282450062547976],[-16.862481412560978,28.28261857401724],[-16.86259182131024,28.282711335689037],[-16.862882582455523,28.282642105786156],[-16.863124449512455,28.282650068263226],[-16.86318779938558,28.282897263218523],[-16.863305885613514,28.282971889018793],[-16.863357756240315,28.283084381727814],[-16.863336787196467,28.283368941574636],[-16.862837507279643,28.28357575877608],[-16.862695235301796,28.283686532384596],[-16.86252154197931,28.283938937307923],[-16.862523370542274,28.284161117139153],[-16.86265055702826,28.28427062450264],[-16.86290699012583,28.284193948395778],[-16.863007273652983,28.284209771445948],[-16.86303806693774,28.28429324999767],[-16.862969722930725,28.28442440275221],[-16.862613295782893,28.284550533399127],[-16.862214859306686,28.284559117304827],[-16.861589518380242,28.284746153495274],[-16.86147560905342,28.284881193556902],[-16.861370745737837,28.28606595868267],[-16.86142184362233,28.287277836152523],[-16.86147035762443,28.287568866427208],[-16.861683339459223,28.28792575141063],[-16.862106586944048,28.28849493423371],[-16.863074409902197,28.289332034058265],[-16.863326659841626,28.28938151902478],[-16.863651082367237,28.28911569411463],[-16.863772295114224,28.28890179777039],[-16.863915332542625,28.288863314898517],[-16.864158033746993,28.2889745012818],[-16.864365053303604,28.28899444279347],[-16.86461533876052,28.289227785513464],[-16.865052701410093,28.28913003499169],[-16.865101840263485,28.28919898593181],[-16.8650904245159,28.289289772555797],[-16.8648613877058,28.289319802451228],[-16.86478729333236,28.289457983290056],[-16.86470321381435,28.289509956306638],[-16.864698633738293,28.28958409002161],[-16.864807725711415,28.289682652044995],[-16.865002701272683,28.289743817437255],[-16.865042391471725,28.289718729267868],[-16.86501894798536,28.28958101437897],[-16.86509890352666,28.28949834281855],[-16.865139370874115,28.28958683240725],[-16.865272684470042,28.289660715691273],[-16.86526712472051,28.289731848691382],[-16.865172970046956,28.28981700649096],[-16.86518357902757,28.289882846966545],[-16.865460205025165,28.2900403492027],[-16.86568726008053,28.29007724218507],[-16.866100183987662,28.289827339265578],[-16.866198346660823,28.289845156039956],[-16.866367172492037,28.289975829773756],[-16.866440367736175,28.290160178420876],[-16.866396096317636,28.290252244495463],[-16.866232764888924,28.290312647572367],[-16.866107855972118,28.290268295098524],[-16.86617796225933,28.290051187788503],[-16.866156887379205,28.289976285721956],[-16.866084269925775,28.289975220744974],[-16.86586486291846,28.29018157210581],[-16.86583230765214,28.290286057713804],[-16.86589152804055,28.290341424399337],[-16.865879553746836,28.29039489435168],[-16.865488221853877,28.29054315919836],[-16.865094959575305,28.2909187434064],[-16.864965614733112,28.290972002768466],[-16.86491345390988,28.291127409179158],[-16.864958670636742,28.291429212574332],[-16.86503232607969,28.291469871420087],[-16.86527973101784,28.291429437845082],[-16.865398469075192,28.291457785096256],[-16.865697354315856,28.291834984938404],[-16.86620643701629,28.292160164781222],[-16.866307347822723,28.29232016611644],[-16.866386633420387,28.292745938563503],[-16.86649397121834,28.29287281405765],[-16.86682784142103,28.29288357219135],[-16.867031078208903,28.292798491713125],[-16.867168371215058,28.29287166876543],[-16.867432045086428,28.292873576101503],[-16.867614580390885,28.292957567550513],[-16.867856321342536,28.292995501113275],[-16.867898066922574,28.29311902242336],[-16.86799106675398,28.29317203081044],[-16.86805727243419,28.293142680466218],[-16.868094681878482,28.293052359230167],[-16.86813761974118,28.293063755879302],[-16.86813364636112,28.293163149198797],[-16.86800676079077,28.293223597218407],[-16.867805376410374,28.293184723762757],[-16.867300766600508,28.292950453552706],[-16.86697998704378,28.292925096807842],[-16.866803552622528,28.293042839489694],[-16.8668071496515,28.293086539887298],[-16.866967081678343,28.293161762887998],[-16.866994973478807,28.293339754844958],[-16.867411230585283,28.293615437769283],[-16.867709396886987,28.293999157994616],[-16.868062135473956,28.294315396405036],[-16.868568004001894,28.294577477031773],[-16.868724348239997,28.294534691749742],[-16.869425396516295,28.295130692465534],[-16.86956695577751,28.29509363150787],[-16.869503323544475,28.295519292151052],[-16.869519816134517,28.295839273514588],[-16.86973620548231,28.295984379657742],[-16.86979807658141,28.296161896362175],[-16.86992535445597,28.29615174236445],[-16.870366263991777,28.296380855687378],[-16.87043600147567,28.296846002146705],[-16.87055490252697,28.297005076553862],[-16.87054922755549,28.297246624897323],[-16.870701992617736,28.297361593887654],[-16.870761609377094,28.297467217761465],[-16.87068636446065,28.297880431000575],[-16.870501443730383,28.29797894686212],[-16.8703696870193,28.29829800835786],[-16.870560599578514,28.299209944587336],[-16.87077727150378,28.299514665538247],[-16.8710884269831,28.299689820502003],[-16.87161590271146,28.299740993823573],[-16.87185616750669,28.29995924408523],[-16.8720248768591,28.299782004696617],[-16.872318444661012,28.29961929613853],[-16.87257749459669,28.29965257948364],[-16.87305584528896,28.299615207612263],[-16.873228949264057,28.299668601877567],[-16.873435303248858,28.299612057638633],[-16.873598661104566,28.29968995060556],[-16.87387109130357,28.29961517221243],[-16.873931366185356,28.299647553891408],[-16.873905725176577,28.299701762484553],[-16.874026496210682,28.29975121765447],[-16.875155763609644,28.29986024321774],[-16.87581600757505,28.299989557873726],[-16.875981035279768,28.300092764964713],[-16.876199454706658,28.30041126874063],[-16.876356799936424,28.30054725762913],[-16.87639935902784,28.300660025779973],[-16.87706066800506,28.301073257455602],[-16.877963215939033,28.30143971522509],[-16.87813973454473,28.301430644628066],[-16.87839358538212,28.301291860435967],[-16.87863913169516,28.301321121628785],[-16.87866680120713,28.301402211366593],[-16.87861517160119,28.301471460857123],[-16.878324270423228,28.301614446234566],[-16.878300473430276,28.301832717435417],[-16.87838997245621,28.301996231775224],[-16.878915894817617,28.30240266275966],[-16.880034485411272,28.302905853687477],[-16.880505781584663,28.303640085716925],[-16.880528084347524,28.303926639771216],[-16.880624799202884,28.304190528462676],[-16.88080826977625,28.304499876669194],[-16.881363551918195,28.305182845397866],[-16.88136248498219,28.305834858404406],[-16.88127850219354,28.306201947291083],[-16.88125998645485,28.30703865532985],[-16.88143752760085,28.3077927964237],[-16.881772892975434,28.308649802610322],[-16.881744085342337,28.30885531973916],[-16.881215357087118,28.309352171741384],[-16.880898653847417,28.3098395120199],[-16.880794163052673,28.310269872110254],[-16.880370953047404,28.311015417467143],[-16.880430870364417,28.31129127361762],[-16.880390274082966,28.312090383897512],[-16.880432631683554,28.31242297340142],[-16.880767231759084,28.312778246865246],[-16.88082699350728,28.31305672186919],[-16.88087817192511,28.313096625306567],[-16.88108257489722,28.313087941994567],[-16.881129820514026,28.31324620667264],[-16.88135105508301,28.31338267059464],[-16.881509123997496,28.31364977293246],[-16.881745001972202,28.313789643925258],[-16.882040326159572,28.31424192407713],[-16.88259499741255,28.314493086177507],[-16.882720766388793,28.31462824777607],[-16.88375353164079,28.315043545024345],[-16.883914834150122,28.315215935946323],[-16.884207197522624,28.315395450852808],[-16.884888360168024,28.315573294717606],[-16.885118814948967,28.315798332427345],[-16.885253715968958,28.316196510260788],[-16.88566973938342,28.316627982681176],[-16.886100804473404,28.316946624117247],[-16.886311399161094,28.317028359567846],[-16.88647185998648,28.31702559968116],[-16.8871161875644,28.316889629404567],[-16.887421004374584,28.316769091725593],[-16.887497964393177,28.316796182526478],[-16.887632181688083,28.3167510097724],[-16.887666472236965,28.316769847094637],[-16.887634464688517,28.31694950985209],[-16.887742343850746,28.317058563389214],[-16.888013870784956,28.31709703954852],[-16.888249369541867,28.316931796917384],[-16.888340465997757,28.31696248174469],[-16.888491171146157,28.317232835454625],[-16.888788496986418,28.317501971525214],[-16.889516797027945,28.317974138737217],[-16.889544638979096,28.318302954500805],[-16.88961224174111,28.31844090006535],[-16.889911995663724,28.318875773580174],[-16.890135618836357,28.319013967034294],[-16.89018678878045,28.319300316559328],[-16.89042100220105,28.319453703841518],[-16.89042302647445,28.319527764109534],[-16.890289461987283,28.319608224103145],[-16.890274248169497,28.319705128714524],[-16.890499308331066,28.31981605764922],[-16.890471731817776,28.320033236051845],[-16.890594789437,28.320316784385696],[-16.890720184820285,28.32033421399133],[-16.890886776774305,28.320266209389494],[-16.891151825853306,28.320307503060604],[-16.892028524176972,28.320291900784863],[-16.892269058102727,28.320374077736062],[-16.8925172184996,28.320656484547424],[-16.892997633872664,28.32139449216791],[-16.89321562771622,28.321924613750294],[-16.893601003471804,28.3220910760051],[-16.893856360902312,28.322435592598456],[-16.894014997565815,28.322872496024452],[-16.89411024458746,28.322960891667023],[-16.89429530824841,28.323020056277677],[-16.89436380955429,28.323259896221415],[-16.89444984179237,28.323377251680466],[-16.89459030831478,28.323447828019034],[-16.894834203242308,28.323777611859125],[-16.8948364084016,28.324948246419616],[-16.89481040889396,28.32510783843059],[-16.894707383646516,28.325214662272607],[-16.89464434120451,28.325380444923105],[-16.894638171156114,28.32556212330916],[-16.894801595086573,28.325698689806377],[-16.89484271894956,28.325840338967833],[-16.8948734733299,28.326769659338353],[-16.89529836138194,28.326850108604106],[-16.896070612027046,28.326874372455812],[-16.89655647965745,28.327474111898532],[-16.89693945313849,28.32772725581874],[-16.897215461438048,28.32809612274349],[-16.89749702882215,28.32835414056836],[-16.897592693415305,28.32851897099455],[-16.897623092226265,28.328677778773052],[-16.897477991181567,28.328904804778368],[-16.896502009224942,28.329752423531097],[-16.896101918628567,28.33074017156044],[-16.896065708927292,28.331100683375738],[-16.896101619512326,28.33121673076187],[-16.89615156153938,28.331347581171798],[-16.896516393266968,28.331777525861902],[-16.896503770938246,28.33196093619007],[-16.896541515912066,28.332015413396395],[-16.8970520222225,28.332239169118925],[-16.897791798291486,28.332407510420918],[-16.898853257790805,28.332218228875522],[-16.89970790572292,28.332444384206646],[-16.900098494551308,28.33263858396339],[-16.900233801856174,28.3329393044704],[-16.900410967947025,28.333091662743197],[-16.900432305690405,28.333183997928987],[-16.90075212402675,28.333342498720164],[-16.90093911957926,28.333588019524086],[-16.901334071991506,28.333879136749946],[-16.90189599073448,28.33419339059509],[-16.902255406874755,28.3341995861445],[-16.902305341871056,28.33428087366248],[-16.90252798313551,28.33436180060968],[-16.902458843261353,28.33447114452232],[-16.9025259046181,28.334590301838624],[-16.902484920750773,28.334899768563307],[-16.90257780407221,28.33520764764687],[-16.902790420343663,28.335417839791326],[-16.90306017870361,28.33557280087276],[-16.903401395871068,28.335651773858505],[-16.90347787040135,28.33604766761656],[-16.903833305532252,28.33627411133783],[-16.903995827758997,28.33661644567881],[-16.90424962355982,28.33684659022395],[-16.904412479457235,28.33717719700928],[-16.904360699534035,28.33736888793683],[-16.90447724148284,28.33752629213328],[-16.904279004225,28.33773267995135],[-16.904275848777605,28.337868554671925],[-16.9045436229322,28.33811535130527],[-16.904622405941097,28.338271531961837],[-16.904935472827628,28.338343124140653],[-16.905052057946325,28.338458826833193],[-16.905294299526652,28.33851153646066],[-16.90525584133675,28.338596358752888],[-16.905441342258847,28.338591303480392],[-16.905574935239933,28.338464408095394],[-16.905819626757413,28.338487510608083],[-16.906067273469155,28.338605856716537],[-16.905960370495997,28.338653193183283],[-16.90577055696708,28.338616645215225],[-16.905989558916904,28.338785574699116],[-16.906251220478275,28.33909125410991],[-16.90647687342997,28.339137344156],[-16.906605699990177,28.339014873054353],[-16.906721888070663,28.339000849521284],[-16.90704545807586,28.339174884684784],[-16.9070352894037,28.33929308897582],[-16.90709555523288,28.33934140941786],[-16.907214726598944,28.339373321440878],[-16.907361813344885,28.33926874170398],[-16.90757084760646,28.339264933562227],[-16.90763629327506,28.33951976961601],[-16.90788674606747,28.339630519840025],[-16.908229400820755,28.33966461935432],[-16.90864904371537,28.339551026289758],[-16.90867111073575,28.339427529737105],[-16.908822114097106,28.339356111287593],[-16.908932992224422,28.339236795048148],[-16.909567598250582,28.33913112722948],[-16.910130430494398,28.338917270505213],[-16.910308446838627,28.338722519076686],[-16.910109823888252,28.33867424297642],[-16.910179964489565,28.338535634368434],[-16.910452619501758,28.33838864812699],[-16.910523158179075,28.338502563498157],[-16.910682204380745,28.338551276182578],[-16.910753563708376,28.338653466674057],[-16.91090383268852,28.33868304469205],[-16.911142693025464,28.338648131333393],[-16.91123515694107,28.33869683791086],[-16.911226227484413,28.338756955087565],[-16.911095422389828,28.338762316608072],[-16.911007810023932,28.33886896356341],[-16.911039172015776,28.338971425588905],[-16.910947242471423,28.339226642175426],[-16.910946220199897,28.339398014616766],[-16.910875020980622,28.339426174748557],[-16.910812635987977,28.339268676400575],[-16.910757918217246,28.339271699094155],[-16.910940982503636,28.339561243242045],[-16.91109845801122,28.33965714620626],[-16.911492260976573,28.3397047065172],[-16.911508632742592,28.339768006493667],[-16.911275219893756,28.33986462301448],[-16.911332626092662,28.339943374649973],[-16.91148372142186,28.339971713099775],[-16.91152632037378,28.33994352038529],[-16.91150958924069,28.33982768731286],[-16.91172459707438,28.33982535922004],[-16.911787222768844,28.33985553310973],[-16.911825555081844,28.339981504153506],[-16.912003161155504,28.34011869768348],[-16.91224345072069,28.339967550314956],[-16.912345825228545,28.339961882455107],[-16.912393731839625,28.340158801631002],[-16.91226267694013,28.34024026779591],[-16.91258951999802,28.340202926851372],[-16.912820599005386,28.340115554405365],[-16.912825450170363,28.340171688244364],[-16.91276370027984,28.340209769627972],[-16.91285834597157,28.340283919357635],[-16.91290321695727,28.34043033709754],[-16.913193568961688,28.340463740856585],[-16.913324703567856,28.340572256323153],[-16.913626044702,28.340651942788213],[-16.913659014233275,28.34093208337283],[-16.914160624486865,28.341006972771538],[-16.91420593370265,28.341106043620634],[-16.914162397262867,28.341249162714632],[-16.914315587781115,28.341267930086225],[-16.914395501653406,28.34138955350038],[-16.914758787079553,28.341445239051918],[-16.915045471830076,28.341279177329973],[-16.915263347453305,28.341370590311705],[-16.915321026347968,28.341554710209664],[-16.915428183566654,28.34145342609506],[-16.91552730853475,28.34144906481308],[-16.915708250232015,28.341701245048668],[-16.915863995983525,28.34181174939333],[-16.915889725132235,28.341948986703613],[-16.91570848614463,28.34217812698531],[-16.915738422628586,28.342334400115288],[-16.91585384746274,28.342395369332593],[-16.915946476883523,28.34238594624133],[-16.91607259342562,28.342215776327798],[-16.916218996231,28.342148962503355],[-16.91679998645647,28.342374790720392],[-16.91702060053626,28.34232315811269],[-16.91707934767267,28.342396185057435],[-16.917052134248248,28.34251032482848],[-16.91708387847456,28.342541110789995],[-16.917292043283446,28.34252777936986],[-16.917480178611907,28.342599789975836],[-16.91771767317382,28.34245900491028],[-16.917811122513378,28.34257526500168],[-16.91779135936275,28.342706066793404],[-16.918072394545234,28.342600331796547],[-16.918311580999816,28.342691069956977],[-16.918575063568674,28.342595660726307],[-16.91884965911556,28.3427893604106],[-16.91925754342308,28.34276042835612],[-16.919281394756506,28.34270278997057],[-16.919409814358477,28.342771008998643],[-16.91947513813314,28.342716757395273],[-16.919473649706784,28.342809816238592],[-16.91954764502554,28.342806699104777],[-16.919562580137118,28.34288283227174],[-16.919680405669574,28.342793008686822],[-16.91966665735231,28.342726153591595],[-16.9197110158128,28.34269150847487],[-16.919763382727144,28.342790216194604],[-16.919835096957527,28.342813390983846],[-16.919978637577,28.34266184161776],[-16.919887051571294,28.34232211253612],[-16.919974675822775,28.342192105733663],[-16.919833404371477,28.342078496740438],[-16.91969943194309,28.342047445078585],[-16.919463985087287,28.342045525493248],[-16.919267340118854,28.342136728974854],[-16.919149420071587,28.341994364835717],[-16.919158226279333,28.341894164232663],[-16.91927124772525,28.34186053819037],[-16.919567812337377,28.34188632368077],[-16.92004555716623,28.34203291624609],[-16.920230426625995,28.341627389597672],[-16.92016858329187,28.341534861584904],[-16.920196525754687,28.341477887372445],[-16.92051217817018,28.341136033285988],[-16.92038199601369,28.341009454501016],[-16.920401573899206,28.34096378785807],[-16.920480704620427,28.340883352133474],[-16.920607184606403,28.340877870984837],[-16.920700453752698,28.341016339762525],[-16.920953972955747,28.341132788518202],[-16.920930521588893,28.34105388778327],[-16.92101470557859,28.34083486154104],[-16.92108606537764,28.34084973858823],[-16.921329794097925,28.341221253709957],[-16.921555628311506,28.34139187464129],[-16.921638280906883,28.34163174202533],[-16.92153314604668,28.34179177589571],[-16.92171551397929,28.34196147489434],[-16.92181095667577,28.34188062805761],[-16.922067569608824,28.34198178039073],[-16.922549029586403,28.341858763724765],[-16.922721167251463,28.341862473058335],[-16.92313119879622,28.34151143149224],[-16.923434241025365,28.341358982785252],[-16.923489064861535,28.341361819100502],[-16.923516156643693,28.341438863167134],[-16.923820846343684,28.341292977930053],[-16.923903776704172,28.34131030720989],[-16.9238870460053,28.341378043015617],[-16.924097930985422,28.341330218190446],[-16.92422332554452,28.341405965271022],[-16.924659588249693,28.341474888509822],[-16.925040875143765,28.34150424901464],[-16.925327793212443,28.341470238578946],[-16.92519840141618,28.341563117832564],[-16.925040558801353,28.341582852772788],[-16.92490878356077,28.34177548093204],[-16.9244323242117,28.34192108558048],[-16.924458705659617,28.34200959996837],[-16.92471867191805,28.342025061843827],[-16.9252007652328,28.34190906570471],[-16.925316476014537,28.341973758644354],[-16.925689528947807,28.341902796101813],[-16.925705852300478,28.34194822716232],[-16.925903488941657,28.341867107486745],[-16.92592886882261,28.341900047694335],[-16.925866246647992,28.341996406315705],[-16.925666847642347,28.342115541984043],[-16.925203108447416,28.34202201345365],[-16.924508506410337,28.342220330157303],[-16.924465779835398,28.34223789833147],[-16.924528992713633,28.342287360291508],[-16.924445191760004,28.342391507151866],[-16.92447620829106,28.34247120280417],[-16.92405106528463,28.342504454736616],[-16.92399080146692,28.34266385725788],[-16.92374682789657,28.34271521697947],[-16.92312244334412,28.342610592066936],[-16.923004701643737,28.342523726763517],[-16.922970596990666,28.342346163518233],[-16.92290895062797,28.342479866616063],[-16.922648311387597,28.342551673221575],[-16.922393746564293,28.342462404910233],[-16.921826243690663,28.34270132930536],[-16.921162445954376,28.342826641873593],[-16.920706864825455,28.342829359822666],[-16.920702373476892,28.342925529112076],[-16.920966715853144,28.343235029884173],[-16.921102453809656,28.343228064154626],[-16.921166557954088,28.343281756444203],[-16.92133733607852,28.34322114521368],[-16.92142932623877,28.343277061424903],[-16.92143542654966,28.343377954445003],[-16.921629339436205,28.34344091688251],[-16.92151460723648,28.343515538142306],[-16.92158678596462,28.34352480841481],[-16.92158464391371,28.343592789597242],[-16.921679613790083,28.34363855670992],[-16.921518846841032,28.34375669090383],[-16.921336178775018,28.343678138782938],[-16.921347459548347,28.343766505638172],[-16.921403757971934,28.34374919837116],[-16.92151828210814,28.343889622921],[-16.921598291469014,28.34386358908946],[-16.92198347626431,28.34406363769284],[-16.92204086107784,28.344146301153483],[-16.92207875226523,28.344103715047257],[-16.922164730467294,28.344114595287646],[-16.922174830866936,28.344233660399553],[-16.92202106358427,28.344293040292587],[-16.92214811675662,28.344375804553046],[-16.922131736909243,28.344412131586783],[-16.921901643213836,28.34436790845533],[-16.921946245336446,28.344494067482643],[-16.92190289693443,28.34452815764161],[-16.921812921806872,28.344465264898353],[-16.92178825921087,28.34455143106484],[-16.9217032833321,28.344601899911435],[-16.92171002462089,28.34472137336886],[-16.921903379584737,28.344923132825198],[-16.921954945021877,28.344897860635303],[-16.921953153963553,28.344764420415625],[-16.92215075566191,28.344737540872494],[-16.922132924912617,28.344789590177964],[-16.922245324005758,28.3448798703567],[-16.92231059808116,28.345021078668484],[-16.92222638091006,28.34513632970377],[-16.92198670221688,28.34512635274512],[-16.921960269651976,28.345176537990003],[-16.922030147310874,28.345369479499364],[-16.922278552761174,28.345563784557946],[-16.922502602035717,28.34549881115061],[-16.922465573810527,28.345368484759728],[-16.922583739900897,28.34533153470576],[-16.92266005195476,28.34542295500798],[-16.92257499386857,28.345525494223764],[-16.9228383551939,28.34558738528281],[-16.922900015965755,28.345663851673635],[-16.922701627672378,28.34575472382452],[-16.922718490380817,28.345790491925595],[-16.92306533221247,28.346103787909357],[-16.92302910565201,28.346136875581955],[-16.922730204509197,28.346004737710384],[-16.92251708767643,28.346014149824992],[-16.922500444481003,28.346058512000507],[-16.922642938218818,28.346216859844187],[-16.922596818247072,28.346295297304113],[-16.92281169797459,28.346451631613643],[-16.9228494911984,28.346647010328375],[-16.922253313928046,28.346773180135127],[-16.922292119985524,28.34688326765868],[-16.922475811731495,28.347018294245263],[-16.922689810741744,28.34693884321845],[-16.92290530999655,28.34696531280734],[-16.922636243012068,28.347039855550488],[-16.922513501290236,28.347151318469248],[-16.92266525696975,28.34728580242458],[-16.922701123944886,28.347436539377945],[-16.923154224358225,28.347527157515103],[-16.92310164072955,28.347665786331454],[-16.923225184306112,28.347683716129662],[-16.923263640332205,28.347491322869015],[-16.92336191512354,28.347459886592237],[-16.923400458956834,28.347611939165],[-16.923493706200556,28.347737321050403],[-16.923358386071044,28.347773431064283],[-16.92327504152283,28.34788054880917],[-16.923190550124342,28.347878762679475],[-16.923120695242236,28.347981629248572],[-16.923175215720583,28.348074980838177],[-16.923296505792408,28.34814329640714],[-16.923255554158516,28.348242506678133],[-16.92335215178287,28.348338693773155],[-16.923325661568665,28.348436617177825],[-16.923391824735052,28.348496776489572],[-16.923433912311474,28.348647335182292],[-16.92356793620208,28.34873730897575],[-16.92356396898863,28.34881713732561],[-16.92398557194917,28.348993473845525],[-16.923975737181348,28.349036386498568],[-16.923817675175606,28.3489710269439],[-16.92369426484254,28.349034131598327],[-16.923586969033188,28.349215945433823],[-16.92358758488255,28.34930103329296],[-16.92364725035715,28.349408118807442],[-16.923805620994205,28.349479249557486],[-16.923922741567317,28.349638675709844],[-16.924062452479355,28.349732809987092],[-16.924062883989876,28.34977936785204],[-16.923898630321915,28.34980063619318],[-16.92387497575286,28.349891751650247],[-16.92392912771156,28.350026799041355],[-16.92421317440941,28.350149036516125],[-16.92393285409366,28.350137290728803],[-16.924085572997463,28.35023999469184],[-16.92402525585435,28.350277844398494],[-16.923895063798263,28.350236456561237],[-16.923952295980197,28.350293402675437],[-16.923866515975906,28.350367346761924],[-16.923922009481263,28.350531522799],[-16.92401045855316,28.35061690522824],[-16.92410177837852,28.350601268284343],[-16.9241398127783,28.350713622007895],[-16.923982771688898,28.350744624887977],[-16.923825820624483,28.35062221794934],[-16.923862360457715,28.35078747361604],[-16.923829790322856,28.350831068036857],[-16.923917715492824,28.350847785107646],[-16.923921040862506,28.35090774792308],[-16.924092413048502,28.351020927185512],[-16.923968451952334,28.35112148960755],[-16.923882098830585,28.351146712092625],[-16.923804396673276,28.351102959169562],[-16.92371011587303,28.351158072683447],[-16.923685712246357,28.35125858365922],[-16.923747131510712,28.35132142661125],[-16.92372969438253,28.351451889282597],[-16.92386133295617,28.351579075246878],[-16.923753467621278,28.351565346736756],[-16.92356787425553,28.351698813750726],[-16.92343219755733,28.35159659076892],[-16.923476446887985,28.351680250844733],[-16.923430586803057,28.35176752846635],[-16.92346956305841,28.35189818784565],[-16.923407452904105,28.351898883638395],[-16.92336091505967,28.351801449076248],[-16.923304876170057,28.351889953141992],[-16.923437427615998,28.352033821068957],[-16.92325341620262,28.35201178147305],[-16.92317837754141,28.352059223500163],[-16.923605161987894,28.352256333097383],[-16.92349635081461,28.352263733961735],[-16.923668829755947,28.3523872756858],[-16.923536839244623,28.352506540544745],[-16.923661837651053,28.352565237783374],[-16.923709973944213,28.352700370059598],[-16.92361431496375,28.35282056617697],[-16.923516887218714,28.352837010957415],[-16.923664915318664,28.35293960093989],[-16.923678740146173,28.35305572547726],[-16.92359891280706,28.353086540882902],[-16.923582370350765,28.35315914693239],[-16.923661428905067,28.353221470262294],[-16.92374823245507,28.353181532357024],[-16.92379133177508,28.35324661903096],[-16.923491758770023,28.35330471949298],[-16.923637174371713,28.353420792126656],[-16.92359960363927,28.353583122919925],[-16.92352443804434,28.353651863637317],[-16.923325508684886,28.353634276014713],[-16.923233895591963,28.353679064247334],[-16.923407164371774,28.35379537585346],[-16.9235749133619,28.35378091683585],[-16.923589472069104,28.353847218430666],[-16.923433353355627,28.35392964472369],[-16.923423514307448,28.35407985297955],[-16.923364612821157,28.354173721642756],[-16.923387916068663,28.354238456042005],[-16.923269030105093,28.354315213162806],[-16.923349544647355,28.35439601533882],[-16.923280806550775,28.354521426335957],[-16.923148481826757,28.35453177569488],[-16.92304778949899,28.354633182269517],[-16.922931919172616,28.35465656461928],[-16.922938272503824,28.35510523948982],[-16.922835864410263,28.355456725700837],[-16.92287111760309,28.355539249420875],[-16.922745280049014,28.355553026294817],[-16.92276064085378,28.355731755936596],[-16.922567466282526,28.355863884894774],[-16.922507836608524,28.35583819523665],[-16.922462978611772,28.355811394832998],[-16.92240328732221,28.35559547965279],[-16.922255631040816,28.355564624140936],[-16.921961218297096,28.355252754058828],[-16.92188846553895,28.355229053931424],[-16.92182241783859,28.355294416579284],[-16.92181881509245,28.35548514495702],[-16.921723987798714,28.35559513099248],[-16.92185858026784,28.355806832171744],[-16.921957367805383,28.35583738446118],[-16.922030104555034,28.35594509839545],[-16.921775424297397,28.35620794911635],[-16.921167781382568,28.356306573788427],[-16.921021742878448,28.35619565107504],[-16.921005640351666,28.35609453820586],[-16.92089956505095,28.35601617035051],[-16.92080767233618,28.356039935005825],[-16.92074555487222,28.35611968022485],[-16.920608905311383,28.35602026574422],[-16.92040613510453,28.356112550500313],[-16.920275627283736,28.356342967532353],[-16.920259784176796,28.35660190951525],[-16.920170203665105,28.356816499326566],[-16.92022322998176,28.356951383485846],[-16.920316718430918,28.3569595417645],[-16.920418120106966,28.35689160621291],[-16.920520854255354,28.35690901908588],[-16.920410220287916,28.357002442283374],[-16.920474100285876,28.357173540239458],[-16.92035201792875,28.357163709367487],[-16.92032571814067,28.357079795472387],[-16.920230004066465,28.357078346333306],[-16.92008374040022,28.35728362764088],[-16.919712809406697,28.357339657142795],[-16.91957180878293,28.35729327396791],[-16.91952463372694,28.357319115299937],[-16.919510320468287,28.35742507844073],[-16.919637169566748,28.35778479465729],[-16.919550350193784,28.3578411540496],[-16.91914169006462,28.357841493666744],[-16.919234300822225,28.358192036589116],[-16.919144324690013,28.35826008117823],[-16.919072028669447,28.35847731468556],[-16.918887608742814,28.358393460724812],[-16.918712354354923,28.358439152769783],[-16.918441097815407,28.35859791321347],[-16.918192316892235,28.358554308858185],[-16.918168865370482,28.35870245246057],[-16.91820960232447,28.358778042011586],[-16.918092495424887,28.358914508905173],[-16.917986716165846,28.358898039506478],[-16.917910006903718,28.3589664380894],[-16.917916983832466,28.359042412490133],[-16.91798747515764,28.359104769332873],[-16.917851943235394,28.359198089707416],[-16.917926852908014,28.35931326522242],[-16.91774914050888,28.359443636067724],[-16.917701100477785,28.359540598328834],[-16.9176886064461,28.35964572356322],[-16.9178016796297,28.359710369100508],[-16.91778238478788,28.35977200396376],[-16.917869418133,28.359829525856007],[-16.91783377256945,28.359934976836968],[-16.91739951656291,28.35980581583897],[-16.91721552090728,28.36002371726602],[-16.91739622423702,28.360360388764363],[-16.91746097067705,28.360420931615238],[-16.917625341473364,28.36045624947294],[-16.91768056224898,28.36055437594013],[-16.91782079452347,28.360648599091245],[-16.917816698712066,28.360908729190765],[-16.917725268239696,28.36073720545647],[-16.91750152502328,28.360923270231083],[-16.91729152969461,28.36098885097799],[-16.917169179255755,28.360981367415175],[-16.91693602745931,28.36084838370693],[-16.916794636479757,28.360928068988457],[-16.91678846862493,28.361050341092934],[-16.916580750552924,28.361310807802028],[-16.916516393713117,28.361232211001457],[-16.91641160252041,28.361259493112176],[-16.916332709875988,28.36118949293729],[-16.916152944859977,28.361336494917932],[-16.915910647031016,28.361307685110393],[-16.91584583097808,28.361402265615624],[-16.91572205481498,28.361269998429538],[-16.915381926429898,28.361230019210712],[-16.915139813097944,28.36129667970981],[-16.915037796621228,28.361217167456996],[-16.914989278478654,28.36126495457694],[-16.914854336027123,28.36127208430489],[-16.914843723290197,28.361357149570082],[-16.9146937554873,28.36135131513078],[-16.914675587107524,28.361430350177987],[-16.91444958042773,28.361405459976126],[-16.9143327489088,28.361495175474996],[-16.91426670045482,28.36183946768218],[-16.91398944148645,28.361926111711536],[-16.91375078360201,28.36190690269515],[-16.91344280930928,28.362163719052965],[-16.91323438702953,28.36225471940712],[-16.91294467061184,28.362261222277166],[-16.912982136507633,28.36216025888733],[-16.912861597655805,28.362191278715937],[-16.912684556082322,28.362115073571733],[-16.912583499444555,28.361986635679305],[-16.912443158498117,28.362108083170998],[-16.91224073844114,28.361964914159223],[-16.911942583056366,28.36197866225916],[-16.911783314601216,28.361920705887474],[-16.91170179832641,28.361772501284197],[-16.911530591806535,28.361896546532925],[-16.911384166832928,28.3618265880634],[-16.910982876084717,28.361800720877447],[-16.910709102524297,28.36201373634271],[-16.910622190051424,28.3624753615294],[-16.910718417379645,28.362829740501475],[-16.91090157716157,28.362957028762473],[-16.910792264629812,28.3630851686224],[-16.91064161205951,28.363103884799592],[-16.910588583776445,28.363156335922806],[-16.910554547449316,28.362981927018442],[-16.910609676729123,28.362773420703395],[-16.910579362815614,28.36264164335329],[-16.910474921083495,28.362466506721972],[-16.910317289462878,28.36245436785385],[-16.9102003515714,28.36262953917284],[-16.910182402353605,28.36292605019658],[-16.910100846229845,28.363037557246564],[-16.9100948452225,28.363169572914554],[-16.910170720868294,28.36319657435586],[-16.910060021104737,28.363332764505635],[-16.91001430881933,28.363326637066493],[-16.90995450133127,28.363108822494887],[-16.909874493738652,28.363141618023732],[-16.909694123578888,28.362987758564596],[-16.909580098996777,28.362681906769165],[-16.90950606408164,28.362626633916616],[-16.909393051371097,28.36274192015113],[-16.909515891930017,28.363055860492338],[-16.909480870944176,28.36313973333522],[-16.909133030132907,28.362760361914958],[-16.9088741350931,28.362824629592257],[-16.908864873497762,28.363031049105047],[-16.90873517290481,28.363222912010002],[-16.908532411676564,28.363288558738407],[-16.9084205998526,28.363277219953883],[-16.908320968683338,28.36323963102476],[-16.908195182918597,28.36305739166304],[-16.908146762900127,28.363133691099605],[-16.908186658179662,28.36320243729562],[-16.908116736861235,28.363217403459853],[-16.908057130069064,28.362890845264918],[-16.90798562602624,28.36277742122971],[-16.90781339998267,28.362753572014824],[-16.907651615745987,28.362509299258157],[-16.907400958044285,28.362726135875555],[-16.907650232978735,28.362825521490844],[-16.90766889742526,28.362973525477308],[-16.90759483799749,28.3630195017959],[-16.907360750065358,28.36299922501721],[-16.907533526007697,28.363122241458584],[-16.90755181146519,28.363243359081142],[-16.907324562211585,28.363074992042684],[-16.907214464746787,28.36309674654874],[-16.907165532824816,28.363007551642124],[-16.907075632649573,28.363091921093467],[-16.907088222282933,28.363236851758533],[-16.907019285196657,28.363249818301323],[-16.90680838902685,28.36344254479229],[-16.90661913975461,28.363453765109146],[-16.906587112386184,28.363522615474636],[-16.906584644872947,28.363453074512396],[-16.906730182816087,28.36331369245826],[-16.906512578707915,28.363216840113438],[-16.906480225468165,28.3631247960681],[-16.906254488862544,28.363183631805217],[-16.906125925333676,28.363182542114036],[-16.90603906072976,28.36309432845463],[-16.905977235265528,28.36313417695707],[-16.905956865841016,28.36322172444854],[-16.90620473067989,28.363413448544225],[-16.90623609015902,28.363592588713438],[-16.906419185425133,28.363710769736475],[-16.906477901783227,28.36404483119189],[-16.90641013202761,28.364071768404806],[-16.906254376305288,28.36398776716517],[-16.906218190181647,28.36374408226624],[-16.90610858437659,28.36364499689404],[-16.905779604844593,28.36362974431623],[-16.905747103120454,28.36384334704183],[-16.905555596740285,28.363739721189418],[-16.905641082298885,28.3638478073571],[-16.905580952219008,28.363896926772647],[-16.90560171468906,28.36399120862911],[-16.905533919240476,28.364033847634776],[-16.905859021476612,28.364220251125545],[-16.90586041826425,28.364269863913496],[-16.905802806936524,28.36430008792689],[-16.905672358526978,28.364199308361297],[-16.90560999255017,28.36422607938984],[-16.905193394004964,28.36413760197023],[-16.904960244489086,28.36433560004614],[-16.904977882443777,28.36440348518152],[-16.90482433216697,28.36451716863633],[-16.90502506530086,28.36482885158251],[-16.9050710971647,28.365035581061353],[-16.905042133433042,28.365241734460543],[-16.90497869163982,28.36512837661514],[-16.904986426670884,28.365013121500372],[-16.90484802276575,28.36480966830492],[-16.904701620461665,28.36471813483764],[-16.904553227676423,28.36477218712751],[-16.904629754271685,28.36447007505233],[-16.90459587084304,28.364452229700955],[-16.904449793192803,28.364453097792538],[-16.904380839759998,28.364585180882425],[-16.904244622669232,28.364664059362646],[-16.904249060911265,28.364878318829568],[-16.904105150517708,28.36491489157827],[-16.903966813893117,28.36484652670487],[-16.903544081860897,28.364477391319824],[-16.90353963545453,28.364176861823783],[-16.90349569136889,28.36408118877488],[-16.903403844062545,28.364136706103846],[-16.90340144261438,28.36397358453729],[-16.903292657626377,28.364097560263904],[-16.903236892045832,28.36436842927093],[-16.903045289337346,28.36446513545532],[-16.90300492760575,28.364604489142753],[-16.90288676254281,28.36468311424767],[-16.90290170061802,28.36449114427954],[-16.902805153451865,28.364300460060687],[-16.90267452134982,28.364469409458824],[-16.902617974250468,28.36446785258477],[-16.902495736507632,28.364243866979574],[-16.902502922827832,28.36413773387098],[-16.902424900264446,28.364121857685667],[-16.90233389807003,28.364247660008896],[-16.902231913490986,28.364243939689853],[-16.902179921758886,28.3641717508338],[-16.901981602350954,28.364080668158785],[-16.901920736874498,28.363865571516705],[-16.901823045320548,28.363810804975245],[-16.901670112005256,28.36397067959879],[-16.901670103374894,28.364033126287136],[-16.901731908971037,28.36406068975534],[-16.901735087417542,28.36418743359276],[-16.90184571948745,28.364258443422532],[-16.901953102648218,28.364238806596937],[-16.901890481743685,28.364365746682683],[-16.901773541421562,28.364358625089793],[-16.901470772578623,28.36449748851341],[-16.901355432520976,28.3644828542611],[-16.90131234791675,28.364572613117204],[-16.901245950273257,28.364590775323176],[-16.901114154573232,28.36455155421953],[-16.901064804024195,28.36447869639412],[-16.901065522802906,28.364410283904736],[-16.901184221708128,28.364275703652392],[-16.901135248901447,28.36414391338888],[-16.90095334946932,28.36406965564473],[-16.900907347622784,28.36411595904102],[-16.900926133958055,28.364225519990978],[-16.900778740299323,28.364238404504405],[-16.900668850821553,28.364443700543323],[-16.900862062415055,28.364288318722156],[-16.900977483931324,28.36436476716029],[-16.900989646211816,28.364469006039652],[-16.90082526630773,28.364776673247405],[-16.900670795826464,28.364879084923658],[-16.900678846162446,28.36507317069273],[-16.900596628833604,28.365159684953387],[-16.900518972122583,28.365152916904922],[-16.900484149594273,28.365099528764482],[-16.900178515594142,28.364997667100198],[-16.900314513105805,28.364631469136377],[-16.900255415987054,28.364578419374805],[-16.900154110566803,28.364257852786256],[-16.90003151880811,28.364185474174445],[-16.899981801640024,28.364074810157298],[-16.899833066276635,28.364109731091865],[-16.899747566996485,28.36401201896502],[-16.8995449591081,28.363960698368434],[-16.899297988153485,28.364093545402774],[-16.899349475121966,28.36393129693789],[-16.89917717281701,28.363880275385252],[-16.89913838640586,28.36412554882354],[-16.89886982010696,28.364122793394433],[-16.898797880643766,28.364070373083912],[-16.898807244675424,28.36396601452022],[-16.89868387834671,28.363941743782398],[-16.898461178649647,28.364068385568263],[-16.898364197313118,28.364196705180717],[-16.898279469957902,28.364199599831128],[-16.89830073012516,28.364110145815392],[-16.89820843109688,28.363888265789274],[-16.898010546836097,28.3638902094088],[-16.897931583782935,28.363735463100404],[-16.897962517038252,28.363604814856902],[-16.8978965220215,28.363450700099193],[-16.89799232294396,28.363290451998843],[-16.897927670926833,28.363131535779637],[-16.89807074881059,28.363065382168017],[-16.89788641177277,28.362871133824914],[-16.89737859269508,28.362540342180633],[-16.89717902446271,28.36247616140391],[-16.895451204510923,28.362554795679866],[-16.894958586858923,28.362734546877792],[-16.894800604323642,28.362995463886357],[-16.89451251365257,28.363059298257298],[-16.894040144941943,28.3630639681068],[-16.893783880611753,28.363179337472708],[-16.893616341235926,28.363361876375976],[-16.893305578350393,28.36336700564959],[-16.893073860132613,28.36326752999479],[-16.89260712974,28.36332553925035],[-16.892317322665235,28.363499757600742],[-16.892266041762202,28.363582227884066],[-16.892418035622008,28.363886034534637],[-16.89181590621481,28.363517637306305],[-16.891686064502355,28.363358269013325],[-16.891212788967685,28.363277393204193],[-16.89067952792576,28.36348431429897],[-16.890287586258218,28.363732859938317],[-16.889861838739414,28.364278766283245],[-16.88983474367822,28.36443083716692],[-16.889900625231196,28.36454462001864],[-16.889856130307237,28.364641704656385],[-16.889624047634044,28.36489588283284],[-16.889294785893917,28.36513552534272],[-16.889282470478662,28.365269613772117],[-16.889356041746154,28.365385546309035],[-16.889556159545883,28.365532481917295],[-16.889829715811032,28.36559781369289],[-16.889835851426483,28.365650429375872],[-16.889581099216247,28.365586912460167],[-16.889565138473156,28.36573404614514],[-16.88961439990229,28.365848330244248],[-16.889497522158436,28.365672085566256],[-16.889484654181825,28.365751946796504],[-16.88945808156827,28.365737786377018],[-16.88934761310051,28.365543224010853],[-16.889099247226618,28.36547736161734],[-16.888649451157207,28.365524474520353],[-16.88861453335346,28.365563310834478],[-16.88866552999534,28.365625863144384],[-16.888565121304467,28.36561326715243],[-16.888571365755926,28.36575846873484],[-16.888526680357717,28.365804569420224],[-16.88837276953861,28.365547619892435],[-16.88837924634577,28.365475517780553],[-16.888449125924296,28.365452169774137],[-16.888432437975123,28.365373981509006],[-16.888294217300995,28.365248295699907],[-16.88818377726528,28.365060951180098],[-16.88794124036325,28.364932378538203],[-16.887716864575598,28.36494216423156],[-16.88745240046065,28.364802433763565],[-16.88696332126044,28.36483763175207],[-16.886378785084194,28.365226631057457],[-16.885746222487576,28.36575002985462],[-16.885593685179416,28.365991550044466],[-16.88521581448834,28.36630431921979],[-16.88486139675007,28.366916634420132],[-16.884922755979574,28.367230727426723],[-16.885255456980502,28.367744380447125],[-16.885533971928613,28.36789953229972],[-16.885630650522764,28.368416449435628],[-16.885720609567468,28.3684149340038],[-16.885759635482138,28.36848135291129],[-16.88568333777559,28.36862652367789],[-16.88562482631858,28.368542867578682],[-16.885534115947863,28.368680747670084],[-16.885337842474886,28.36869357006302],[-16.885295409713596,28.368930679044492],[-16.885180707294374,28.36894074842747],[-16.884846820646004,28.36860263082531],[-16.88440641386926,28.36832752968025],[-16.88400941036548,28.36810091821524],[-16.88374164846093,28.36802881692301],[-16.882642966869874,28.367394352088983],[-16.88225646190984,28.367299703367674],[-16.882022898144783,28.367338393704433],[-16.88185837431176,28.367421019002425],[-16.876874911232598,28.363533371941177],[-16.876694991151727,28.36337603357031],[-16.87671004899164,28.363271083013192],[-16.877120182345184,28.36267537370961],[-16.877205501712865,28.362254034608412],[-16.876992393632904,28.362335750192912],[-16.8765892858791,28.362316664766677],[-16.876348676661603,28.362197970759762],[-16.87605794083522,28.3619728496317],[-16.875978276822018,28.361718382247492],[-16.87588506239606,28.361760725002867],[-16.875636928947117,28.361654947501794],[-16.875489988323107,28.361647223326912],[-16.875382834832344,28.361361007794887],[-16.87520794793944,28.361202784017845],[-16.87528152500554,28.361006759905592],[-16.874105909329398,28.360834865300856],[-16.873678935105943,28.360693821888663],[-16.87343786091189,28.360542461427833],[-16.87330705668875,28.36030331417992],[-16.873080642728848,28.359633133234126],[-16.872974452493708,28.35916308010295],[-16.872970746043773,28.358899715839392],[-16.873039996386677,28.358701135237876],[-16.873204309867162,28.358472641725182],[-16.87366553836081,28.3584928867723],[-16.87389204062503,28.358440268043772],[-16.87377212647046,28.35839120065642],[-16.87342343131785,28.3580075033018],[-16.873089388679105,28.357853900176114],[-16.873186724972772,28.35772108067242],[-16.87312779715576,28.357333941768886],[-16.873255711488536,28.357193843694546],[-16.873108221201413,28.357137032852002],[-16.872800114229424,28.357147312258434],[-16.87232236148837,28.357059030988115],[-16.87172372189825,28.357104431414434],[-16.87157902370248,28.357067162984364],[-16.871509869991428,28.35698644370584],[-16.871443128999367,28.3568397246152],[-16.871482391002022,28.3564319250119],[-16.871528179733208,28.356361268870245],[-16.871713262365713,28.356281571180357],[-16.871661356375114,28.356079149872187],[-16.871840449012975,28.355896478296174],[-16.871757626271926,28.3557343683388],[-16.87175935122397,28.355239639858965],[-16.871683236996226,28.354924929289236],[-16.871454900845393,28.35459741850499],[-16.871389452019972,28.354663832409486],[-16.87128771528763,28.354621371470575],[-16.87130651980594,28.35473382521551],[-16.871219254344584,28.354870836783093],[-16.870924519469316,28.35502666852198],[-16.870774617505703,28.35530910662166],[-16.870554568389156,28.35543665969339],[-16.87030616912096,28.35569861030635],[-16.870153998532174,28.35576449881981],[-16.869964868813074,28.355729733188266],[-16.869900165113247,28.3556234135617],[-16.869454722590017,28.35532928853772],[-16.868826810605338,28.35479220589684],[-16.868760502813114,28.355228982525603],[-16.868716246921995,28.356219992349022],[-16.86865642036676,28.35648522074157],[-16.868685513329236,28.356678480709338],[-16.868653039182075,28.356985206309236],[-16.86850041846297,28.357654545700765],[-16.868835092021232,28.358508337145555],[-16.869098547934065,28.358802342136848],[-16.869059290428208,28.358861627763478],[-16.868785603455255,28.358845436700175],[-16.868335430560897,28.358619686321322],[-16.867920547985122,28.35848080481012],[-16.867285073566453,28.35834575606209],[-16.867046680496657,28.35834676536641],[-16.866444414870685,28.358214686970314],[-16.865859510496687,28.358264385931605],[-16.865136057583673,28.358068444838196],[-16.864798089433155,28.358028128183285],[-16.86459337026488,28.35793039915039],[-16.86318381241674,28.358005712442225],[-16.86312294443297,28.357990210591666],[-16.863122779406492,28.35777633959264],[-16.86308727894376,28.35775886665504],[-16.86291377049958,28.357870972053647],[-16.862838613694244,28.357866765093746],[-16.862396203526036,28.35778671931987],[-16.86220433529891,28.357700361994887],[-16.861690678339432,28.35800373240945],[-16.860727973631796,28.358086543476624],[-16.860459565374207,28.358156444574274],[-16.860163065860256,28.35814235225444],[-16.859745195679984,28.3580011398789],[-16.859381265087176,28.35819777837685],[-16.858679688054483,28.35819696834653],[-16.858200805450362,28.358295363432727],[-16.85709944591316,28.358365961264347],[-16.85676747611531,28.358347832674063],[-16.856246719741794,28.35851402166314],[-16.8552167376416,28.3585242530988],[-16.85436548096966,28.35835805878146],[-16.853882726535804,28.358451167217392],[-16.853607945060677,28.358600825468134],[-16.852757942577277,28.358330554765963],[-16.85271801902539,28.358293285914783],[-16.852732666090965,28.358179201225255],[-16.85163451432387,28.356861569596077],[-16.84720451922226,28.356926984847163],[-16.84638073326619,28.356753284166764],[-16.846386596833316,28.356655471566814],[-16.84629846914331,28.356485294903983],[-16.845961997540602,28.356430652512444],[-16.84460381628517,28.356692601266907],[-16.844273748401747,28.35677232925981],[-16.844120136581456,28.356856257237023],[-16.843956915514728,28.357025977162795],[-16.84364570962259,28.357514044216305],[-16.843225209646626,28.357856966587452],[-16.843180019170795,28.35819364046375],[-16.843274627056005,28.35837889232894],[-16.84326936245287,28.358564231228463],[-16.843149461208597,28.358733613159337],[-16.8428487467572,28.35855827685753],[-16.842703029910542,28.358550229796816],[-16.842352880045286,28.358637173483178],[-16.84214989291939,28.358774558507296],[-16.84191598922674,28.35878168990691],[-16.841436621533223,28.358995002088594],[-16.84097042143731,28.35906699555704],[-16.840304502102608,28.358933855386475],[-16.839218347850593,28.35932563805006],[-16.83871511992674,28.359392167474063],[-16.838243794988603,28.359557712139647],[-16.83776960062938,28.35949759723161],[-16.837149951944195,28.359515786297226],[-16.836389197632435,28.359770143378963],[-16.83617327134569,28.359725404030545],[-16.836094507632293,28.359914711070555],[-16.835964679124398,28.36004153602998],[-16.835186375365467,28.360562970428916],[-16.834682250886402,28.36077361478503],[-16.83420332567925,28.361061526933828],[-16.833409361777885,28.3613613458739],[-16.832606379053278,28.36149279846716],[-16.83248719466053,28.36143195285432],[-16.832011538243567,28.361500884804105],[-16.831788648094243,28.361395318328217],[-16.831354637726868,28.36148931725726],[-16.83097404958953,28.361385146123098],[-16.830348791100374,28.361404192166404],[-16.82986329087326,28.361327597002465],[-16.82975059124583,28.36138894084059],[-16.82957361880268,28.3613491729543],[-16.829371831540715,28.361421007223825],[-16.829179334954805,28.361207729795314],[-16.828975710809463,28.361154601854132],[-16.82847583050241,28.360733015850446],[-16.82816203318763,28.360644545394994],[-16.828106198233215,28.360642767426313],[-16.82766281062549,28.361106424781852],[-16.827178954836086,28.361209020182642],[-16.82702655395833,28.361323144600615],[-16.826843957172287,28.36130041417169],[-16.826504357559106,28.361140993852885],[-16.82624539993656,28.361121271139474],[-16.8260833192499,28.361033560656605],[-16.825993478878743,28.36106562724505],[-16.825835349472584,28.36103588970228],[-16.825350138030753,28.361250127275426],[-16.825203492111687,28.361235666760212],[-16.82512748730816,28.361170085192462],[-16.824899631403007,28.360791769346488],[-16.824786580507062,28.36036165090922],[-16.824690642036906,28.360251936387737],[-16.824588702023824,28.35935601541517],[-16.824471336743294,28.35917448337126],[-16.824550050719605,28.358951251694783],[-16.824762105087345,28.35863283367866],[-16.82482832716422,28.358251934160855],[-16.82454407994764,28.35787455268539],[-16.824461185569103,28.357817545675235],[-16.824198376884993,28.357876381708245],[-16.824131481670843,28.357764653638135],[-16.824182546562668,28.35746968798087],[-16.82412752546493,28.35732450134111],[-16.82419681867617,28.357212575244017],[-16.824428108945433,28.357136202732736],[-16.8246831345606,28.357159230618343],[-16.82503802013185,28.356793869119354],[-16.82527749248554,28.35639088665826],[-16.825478359084116,28.356295427305863],[-16.825340633311537,28.356110288068173],[-16.82528232667117,28.355934102310492],[-16.825319872993475,28.355606468848936],[-16.825203079782206,28.354933466355025],[-16.824896905331126,28.35483026623721],[-16.824825048045568,28.354446251497265],[-16.824560604065717,28.353884057514737],[-16.824545206769642,28.35364584154873],[-16.824615379604328,28.35347813332464],[-16.824872278789954,28.353426324627385],[-16.82463967238664,28.353383504254488],[-16.824456517084933,28.353446598720733],[-16.824143262304105,28.35371060009344],[-16.824330095623168,28.35477531394964],[-16.824410268382877,28.3549238639657],[-16.82436302342713,28.354988749225207],[-16.824233508165637,28.35503298680285],[-16.824164545902356,28.35528947776476],[-16.824177227689958,28.35574476448629],[-16.82434379426693,28.35605360314887],[-16.82420723296364,28.35630630609279],[-16.823892464810978,28.356506164566454],[-16.823570216680164,28.356871267094544],[-16.823410149896976,28.35737831777764],[-16.823254540802633,28.357692639868954],[-16.823442522928648,28.358114357818565],[-16.823482438364,28.358563504682763],[-16.823157588575846,28.359471173235107],[-16.8229639229567,28.35937161700467],[-16.822413843914962,28.359509102594846],[-16.822274770208644,28.359627194810493],[-16.822158338068363,28.35963145853624],[-16.82218090049593,28.359668246810042],[-16.82180777545563,28.35984487625997],[-16.82174467121899,28.359751957129205],[-16.821235815359636,28.359788536892683],[-16.820772601649207,28.360096407400736],[-16.820287059176334,28.36052477832286],[-16.82003542529614,28.360629210592812],[-16.81972287336048,28.360589435070178],[-16.819496787800936,28.36061871379769],[-16.819349638541766,28.360550739498343],[-16.819037008526458,28.36050636102982],[-16.818661209796616,28.360215558563198],[-16.818420271995304,28.359876300321552],[-16.818430762398588,28.35948631015317],[-16.818490462511193,28.35926604250228],[-16.818402428748794,28.35901516784862],[-16.818345414501806,28.35896809952899],[-16.81825782261138,28.358970531304138],[-16.817976941582916,28.359358081560444],[-16.817789134820732,28.359430434306045],[-16.817201337077805,28.35992332831923],[-16.816789283780665,28.36015695546851],[-16.815925995440473,28.36017382332831],[-16.815381745439353,28.360038177350244],[-16.815412080857776,28.35934497637024],[-16.815281082885964,28.358355489538944],[-16.815313963820135,28.358255423173425],[-16.815050867674696,28.357908060840888],[-16.81506745265229,28.357851528246467],[-16.814934858558875,28.35765529999527],[-16.814881336652235,28.357399631538147],[-16.81494578430112,28.35730212301554],[-16.81480609997459,28.35704886502125],[-16.814737304103822,28.356770838989576],[-16.814836115036496,28.356354585147553],[-16.814817301463737,28.356280114194195],[-16.814496891707876,28.355837494623085],[-16.81432953944125,28.35569073033177],[-16.814340757084896,28.355510545717017],[-16.81425006968238,28.355294807785256],[-16.814268829395335,28.3551082057653],[-16.81413496917539,28.354255292953436],[-16.813613235960933,28.354103135600376],[-16.813345233453905,28.354294406643632],[-16.813093286271585,28.35429595269531],[-16.813030545747512,28.35434985014955],[-16.812855784340385,28.354619294377276],[-16.812685112793325,28.35544169508628],[-16.81252119825524,28.355635190317845],[-16.812525855298112,28.35572916193854],[-16.812641940609836,28.355908827059192],[-16.812720423528372,28.35629501753673],[-16.812656290323847,28.356387106285986],[-16.81261722977968,28.356754013472024],[-16.81253409125684,28.357006446491997],[-16.812235730063183,28.357278796739614],[-16.812417385800384,28.35751688012675],[-16.81246778949521,28.357829534716554],[-16.8126355249471,28.358064824798838],[-16.812665541190803,28.35830032161791],[-16.812748454349816,28.358406789067555],[-16.812615933095028,28.358610876692907],[-16.812545473749974,28.358859080161423],[-16.812335686397898,28.3591150018543],[-16.812151454025194,28.359115736487393],[-16.812093148347298,28.35916064054188],[-16.812003590222417,28.359437704771484],[-16.81165238651438,28.359974988695278],[-16.811230456247106,28.360162435876386],[-16.811094211709175,28.360387869030387],[-16.810150444477554,28.361158178150195],[-16.809515701358794,28.361472440488708],[-16.809318600852414,28.361490668966795],[-16.809154872038487,28.36137723139779],[-16.80891390824345,28.36139577974482],[-16.808670406597056,28.361595560975193],[-16.808484532712402,28.361957015265027],[-16.808424138144062,28.362312111954807],[-16.80831924225418,28.362401310384946],[-16.80788939230599,28.362339149329497],[-16.807732974497764,28.36235006772112],[-16.807586569741563,28.3624280844634],[-16.807512080544114,28.36239117004105],[-16.80747375896262,28.36201419014719],[-16.80737472449109,28.361865338339012],[-16.807222874622383,28.36168821857119],[-16.80697149243365,28.361603744412587],[-16.806961080039912,28.361501004965685],[-16.807118407419487,28.361286729987626],[-16.8071300396245,28.361177254918562],[-16.80675801472588,28.360866036768964],[-16.80684806809693,28.36022648825786],[-16.80677122147483,28.360025605234792],[-16.80653235129467,28.359775493907946],[-16.806454583131174,28.359485805283995],[-16.806582247119866,28.359421222770067],[-16.806646984063455,28.35930413125555],[-16.806554924730914,28.35899947117534],[-16.806613645540367,28.35890786293561],[-16.80662727604727,28.358480857869317],[-16.807031039906246,28.357567178890594],[-16.807158590494698,28.357147390179165],[-16.807080694667086,28.35665018867183],[-16.80728156257408,28.356083459159056],[-16.807411930191915,28.35591679284472],[-16.807420174492826,28.355783809076037],[-16.807314019895472,28.355681580837942],[-16.807461265599958,28.35491129586041],[-16.807588692710056,28.35477648823756],[-16.807916072028977,28.354564921104128],[-16.808206447566718,28.35407515418019],[-16.80827314159531,28.353724115949827],[-16.8081347052254,28.35293892071784],[-16.808237955038656,28.352548457591972],[-16.808612625996794,28.351859520466338],[-16.808597093714763,28.351736762725412],[-16.80842818882389,28.35140252089762],[-16.808330979661076,28.3509022385299],[-16.808239312252425,28.350766197003296],[-16.808187337165688,28.350385969423268],[-16.808916010799564,28.350194388510975],[-16.80913725851836,28.34962602196238],[-16.809212942250266,28.349643652995233],[-16.809315231291055,28.34977747136211],[-16.809550642318765,28.34993170477944],[-16.81008524306049,28.350119308850374],[-16.81034455417371,28.350358765290466],[-16.81094727108478,28.350395539998534],[-16.811196412741115,28.350217221553194],[-16.810605787533856,28.349447754258094],[-16.810283657837225,28.348915263489808],[-16.810128185828663,28.34854898082751],[-16.810003285224326,28.34792640673064],[-16.809757357271234,28.34747058440936],[-16.809091024005202,28.346756783762135],[-16.809030917984828,28.346583248769385],[-16.809035470108423,28.34598222965989],[-16.80911721266234,28.345468643132214],[-16.80925776981427,28.34495501619361],[-16.80951980428585,28.34449744279516],[-16.808937543285676,28.34400030959571],[-16.80811721983219,28.343192941559103],[-16.807085704434645,28.341303548144058],[-16.80700101854794,28.340425958885696],[-16.806315138313895,28.33959297247436],[-16.80584233381705,28.339239314996814],[-16.805248232577206,28.339036298908596],[-16.804636701281584,28.338281742521158],[-16.804117414704574,28.33722715669177],[-16.804086852555386,28.33694988088128],[-16.80438081307352,28.336493284246778],[-16.804888163280765,28.33591936203867],[-16.805226900689284,28.33598017454272],[-16.805503459553403,28.33596290538732],[-16.806660405845506,28.33570943845027],[-16.807301063651273,28.335663100135516],[-16.807498616072806,28.335702662128124],[-16.807621099173332,28.335622310273465],[-16.807828175887973,28.33566174555785],[-16.80777859088539,28.335475318600267],[-16.80737571864647,28.335169262933515],[-16.807342415854926,28.335081815892696],[-16.80730324393104,28.33460001842391],[-16.80734691330507,28.334334601540455],[-16.807431962042205,28.33413850299405],[-16.807683745512147,28.333851728808035],[-16.8077068565336,28.33376733341909],[-16.807594666881013,28.333354240628285],[-16.80750224157094,28.333191032370266],[-16.806942623625677,28.33266545855544],[-16.8067915318535,28.332440659457337],[-16.806904274156725,28.33229174380215],[-16.807126923987063,28.332203739431783],[-16.807366279744976,28.331968091171955],[-16.807368365907998,28.331712908366292],[-16.80764114204234,28.3311819724723],[-16.80765833792785,28.33106267699167],[-16.807623345124192,28.330887363947845],[-16.807057201435992,28.330308127357814],[-16.80700852480793,28.32982674116446],[-16.80738193379472,28.329564087868672],[-16.807930113355845,28.32935583262985],[-16.80836652347848,28.329249561467837],[-16.809015029710565,28.32890541851533],[-16.809880853687442,28.32872760543412],[-16.810291843013317,28.328500368957123],[-16.81053572522442,28.32777215945823],[-16.81076144813052,28.32746310188709],[-16.81129089156108,28.326467390234466],[-16.811428311813817,28.326097723228944],[-16.811549002866194,28.325154169711517],[-16.81145425331478,28.32479976693082],[-16.811296157240655,28.32458212863654],[-16.81101952545326,28.324430681779383],[-16.810559306369484,28.324185109568756],[-16.809915245639644,28.323966855015744],[-16.809522602996832,28.32392520892614],[-16.808505256792674,28.323935893512633],[-16.808363449364432,28.323969268777834],[-16.808055541882553,28.324166279962046],[-16.807867814713678,28.3241629263171],[-16.807492998620738,28.32406269236415],[-16.80733127797462,28.32418136827136],[-16.80721012838972,28.324173524523324],[-16.806828486291764,28.323901788611938],[-16.806499733776526,28.323850840765413],[-16.80631364550949,28.323750905016155],[-16.805132321308637,28.322957486135227],[-16.80424196783022,28.32292705662538],[-16.802477243678414,28.322620261639088],[-16.800807749214833,28.32224501788394],[-16.800451886011384,28.322273295338498],[-16.800197824747105,28.322238167809118],[-16.799312373460197,28.321909276177927],[-16.798733007716063,28.321783877909706],[-16.79802731691334,28.321416690423526],[-16.797937913002137,28.32131513470322],[-16.797153024002316,28.321280507037475],[-16.796044502495743,28.320957022434143],[-16.794424315918683,28.3208158381422],[-16.79287412715041,28.320803133658664],[-16.791274526495705,28.32064471860533],[-16.79007220878028,28.32076421180693],[-16.78983343636592,28.32070389101879],[-16.789426010127915,28.32046719074884],[-16.788528108834956,28.320068214294846],[-16.788257571880052,28.3200533618786],[-16.787656638230427,28.320173927627092],[-16.78737251253001,28.320162271586227],[-16.78716816449569,28.320101539262904],[-16.787267051184717,28.319835558584202],[-16.787431448077527,28.31961018539664],[-16.786946291256363,28.319125321688027],[-16.787033580113366,28.31862676907427],[-16.787207922093412,28.31836683765173],[-16.787263752252432,28.3181574882446],[-16.787218816508204,28.317878652915876],[-16.78697253994892,28.317591074723932],[-16.78696791522954,28.317532232723785],[-16.78726009201937,28.31739482609114],[-16.787433787545936,28.317378653184058],[-16.787594524155466,28.317234629042357],[-16.78771143911868,28.317046661276454],[-16.787619741515645,28.315830636224067],[-16.787730973139997,28.315012267910515],[-16.787586027822694,28.313715223643683],[-16.787346011567983,28.313427031239968],[-16.78709939399278,28.312805579589128],[-16.787201905016698,28.312649224053494],[-16.78758519350792,28.31238626684665],[-16.78835910104758,28.312110474217985],[-16.788528763181233,28.31200431610996],[-16.788970234612158,28.311460654195596],[-16.78916852841501,28.311340438928884],[-16.78935073108991,28.31133842903499],[-16.789568722292636,28.311495131816102],[-16.789749407467774,28.31151879778366],[-16.790046839538068,28.311263457521147],[-16.790354277000166,28.311257294721777],[-16.790652293859296,28.311035164509683],[-16.791399904975485,28.311041073293655],[-16.7915570116767,28.31098249981317],[-16.79177690868565,28.310792888078854],[-16.792481546890208,28.310863870918404],[-16.792961435874364,28.31067941536798],[-16.793407487789835,28.31058423941982],[-16.7936719900199,28.31061560655335],[-16.794239265554946,28.310558090857793],[-16.794951547202057,28.310665265731448],[-16.795470887059263,28.31053260627193],[-16.796078464760548,28.310487493754593],[-16.796808898277135,28.31058495335312],[-16.797095022804488,28.310438825451566],[-16.797388403735248,28.310471997993297],[-16.797733576932103,28.310627057393628],[-16.797884479270607,28.311074666312898],[-16.797874078651766,28.311602100484894],[-16.798034704453624,28.311736523749126],[-16.79845977728389,28.311430318879875],[-16.798660756126853,28.311144934898685],[-16.799048793622422,28.310995338932752],[-16.799195819308228,28.31103662759184],[-16.799438282974748,28.31121671669882],[-16.79951336564735,28.31136995398924],[-16.799671029751224,28.31140459511572],[-16.800065700651608,28.311374724689014],[-16.80397292934016,28.31424650679906],[-16.804389045318036,28.31426774330214],[-16.80510045630766,28.314219906029734],[-16.805110905335585,28.314073278177457],[-16.805265481957186,28.313856100580676],[-16.80575077157294,28.31349823334055],[-16.80597298659365,28.31326903284307],[-16.806119709293917,28.313205779192185],[-16.80652525304452,28.31314916143996],[-16.806654771925103,28.313079258387376],[-16.80679497338499,28.312913807833947],[-16.807061242766203,28.312462365085967],[-16.807059998936786,28.312312811176664],[-16.806907967491895,28.31179113842526],[-16.806934365503356,28.311626310182024],[-16.807310424152636,28.31151672845475],[-16.807464427920713,28.311167258458042],[-16.808170284718823,28.311136113799098],[-16.808302774022746,28.311044899415705],[-16.80842209960952,28.31085129708634],[-16.808891470437118,28.31059843056565],[-16.808922148248076,28.31040529893344],[-16.80874010625002,28.310079178670055],[-16.808815719217836,28.309790018483316],[-16.80872410683856,28.309468141239606],[-16.80876635966203,28.309373907991322],[-16.80893368352802,28.30934137726613],[-16.809766929684937,28.309655325566585],[-16.810002007896735,28.30954359034243],[-16.81006523158583,28.30938472564124],[-16.810142477771496,28.308090920493964],[-16.810233831460785,28.307690460532573],[-16.810194986097986,28.307327048969587],[-16.810223612569438,28.30724056751492],[-16.81035650496321,28.307131992043903],[-16.81052767800345,28.307034369607766],[-16.810696919758566,28.307007559942022],[-16.810874155383456,28.307037912809037],[-16.810953313528064,28.307120978851543],[-16.811028821849234,28.30794317303556],[-16.811145614072995,28.308140971988664],[-16.811334245638818,28.308159522463242],[-16.811869658446057,28.307966512845184],[-16.81215993410679,28.307971908805833],[-16.812341987753854,28.308101680584862],[-16.812488943438126,28.30843949721554],[-16.812605767539253,28.308522928309564],[-16.812804570940447,28.30849064261118],[-16.813234510086705,28.307973916096465],[-16.813715757934585,28.307927877208833],[-16.813829743378378,28.307845801650576],[-16.813874001689182,28.307764896403214],[-16.813865825136958,28.3076141444263],[-16.813568854431967,28.307059598822214],[-16.813365873240883,28.306029716439223],[-16.812854122909393,28.305022146258924],[-16.812761285714167,28.30426944552743],[-16.812806543184852,28.304071449628044],[-16.81316480793134,28.304404719741434],[-16.813436002612182,28.304818797640532],[-16.813772229688347,28.304802838759606],[-16.813975827330477,28.30489127930267],[-16.814055802567125,28.304977391948086],[-16.814061180741014,28.305162139929255],[-16.814111809526977,28.305213357225192],[-16.814795903934428,28.30539359433796],[-16.815274988729268,28.30560642550114],[-16.815553798265338,28.30542818537917],[-16.815696757144458,28.305416266551013],[-16.81585739755616,28.305676919408576],[-16.81600360708103,28.305754298379796],[-16.81603420991399,28.305839081344903],[-16.81657589147174,28.305744967879416],[-16.81703096011404,28.305750371147937],[-16.817339290516323,28.305815302404305],[-16.81720369521074,28.30552859848376],[-16.81724195737208,28.3052661113245],[-16.817226142541266,28.304437703377797],[-16.817338038366437,28.304284062475887],[-16.81746951589821,28.304286643481205],[-16.817733980155854,28.304422548256806],[-16.8189367460385,28.30469097279412],[-16.819088424546372,28.304526422317085],[-16.820069946735117,28.3043826641688],[-16.819594209681192,28.304103115204278],[-16.819103558931115,28.30345629068081],[-16.81872783136157,28.303133351910763],[-16.818626513344444,28.3029855289648],[-16.818957765155186,28.302791963981175],[-16.81935463026071,28.30232579968918],[-16.81979213312323,28.302222594386865],[-16.8211065627146,28.30146335035112],[-16.821388660894414,28.301473393638556],[-16.821526045144374,28.30142788236749],[-16.821650826357008,28.30116929326438],[-16.821762528430728,28.30109461482064],[-16.82152910577582,28.300602021240184],[-16.821543155023814,28.300451126735016],[-16.821729256909396,28.3002908068574],[-16.821916099620857,28.300245808325872],[-16.822206177148324,28.29997039290489],[-16.822424069864248,28.299641433460017],[-16.822226906908597,28.2996012901075],[-16.822092472791226,28.299502643405436],[-16.821906023372307,28.299265444748524],[-16.821929918341734,28.299189772304675],[-16.82148072942767,28.298851487085106],[-16.8212805677309,28.298557346145024],[-16.82115861401747,28.298490929430095],[-16.820860669836904,28.29845997973408],[-16.820765332380475,28.298363878388546],[-16.820683241508252,28.298225366202875],[-16.820656864388706,28.29802952803685],[-16.82082750573013,28.29796137404552],[-16.820831700641527,28.29784246703697],[-16.820634508515337,28.297626707228236],[-16.82031626237995,28.297427180883222],[-16.820245822786184,28.297194388722566],[-16.820052622871838,28.296865589492917],[-16.819871768187806,28.296728934935683],[-16.819829920371166,28.29647464426985],[-16.819702975742164,28.296432297518013],[-16.819592974860914,28.296337112646505],[-16.81955298280415,28.296215816529728],[-16.81929181563243,28.29605685842585],[-16.81920932864499,28.295888840731248],[-16.819229991902613,28.295617111875945],[-16.819168773732745,28.295494654574092],[-16.81898418758448,28.295348211845585],[-16.818668636102164,28.295198640469653],[-16.818537733691837,28.295073320923155],[-16.81854168884273,28.294940158521428],[-16.818655592358184,28.294635421743198],[-16.818337168930725,28.294250802433634],[-16.818499701553357,28.29414973021154],[-16.818624470351075,28.293986351132837],[-16.81879290189233,28.29362665127521],[-16.818816688323768,28.293346668579254],[-16.81891038467782,28.293214747124967],[-16.818928612079908,28.293075528691713],[-16.818630805675646,28.29267998640208],[-16.81851558878754,28.29237965529789],[-16.81812699202206,28.29193288933237],[-16.818203299506376,28.291815638946975],[-16.818501158070042,28.291662769397735],[-16.818589500252397,28.29153380729154],[-16.819466424708384,28.29110961869305],[-16.81918181206773,28.29055444057532],[-16.818758690099646,28.290205509391015],[-16.81857850353633,28.289897470444732],[-16.818018852708203,28.28943935517196],[-16.816968490867318,28.28882966106265],[-16.816283625715947,28.288093447973417],[-16.816020302312857,28.286832992614237],[-16.816008700105968,28.286300210716274],[-16.816354580066665,28.285618598346634],[-16.81749534312487,28.28534537618502],[-16.817662869396457,28.285168704551722],[-16.81784573314853,28.28486632619138],[-16.818267178572512,28.28453435647398],[-16.81885052847235,28.284305895741383],[-16.819347197869423,28.284000499397315],[-16.81970107362453,28.283440612117193],[-16.820095849501943,28.283007982375004],[-16.82042808527058,28.282790244006595],[-16.820599642372894,28.28259095427061],[-16.820604685832176,28.282478740853396],[-16.820455742107853,28.281976425171916],[-16.820827616702957,28.281237242220012],[-16.820882357825376,28.280984262353982],[-16.820748626447557,28.28061563902963],[-16.820708603420254,28.280173417590387],[-16.820478434918776,28.279949125368884],[-16.820599734868036,28.278733771580274],[-16.820704306237605,28.27854322603786],[-16.82087346798244,28.27783504594681],[-16.820798024741716,28.277570950977793],[-16.820787961453508,28.277072883994133],[-16.821054845225184,28.276339278559135],[-16.821032741713836,28.27605568361452],[-16.82086322543206,28.275737333768795],[-16.820876217970394,28.275473999903276],[-16.82115807508014,28.2745368387095],[-16.821740753179906,28.273761497418572],[-16.822422979488522,28.272097320675442],[-16.822450175787147,28.27158416409033],[-16.822375763418904,28.271199697515392],[-16.822192167301612,28.270731785850764],[-16.82220114120467,28.270541557993017],[-16.82228630361867,28.269721529160798],[-16.822537784167203,28.268983370681585],[-16.8226415093226,28.268043231730026],[-16.82272058877014,28.267885242106257],[-16.822902936296792,28.267724403422243],[-16.823146519362922,28.267156865495856],[-16.823419989032608,28.266869054883998],[-16.823452008007617,28.26661662993236],[-16.82398721261578,28.265755748844636],[-16.82488034572522,28.26516683644089]]]}},{"id":"120","type":"Feature","properties":{"categoria":"Parque Rural","nombre":"Anaga","codigo":"T-12"},"geometry":{"type":"MultiPolygon","coordinates":[[[[-16.16122564687748,28.593308610782437],[-16.16079723789912,28.59359342256919],[-16.16075302087813,28.593589739540747],[-16.161046304891947,28.593245523623196],[-16.161234224835066,28.59321449161632],[-16.16122564687748,28.593308610782437]]],[[[-16.15978751360472,28.591934960191928],[-16.16064034035842,28.591877934245225],[-16.16074301113113,28.59190611771926],[-16.16077982272733,28.591989739851858],[-16.160935680299815,28.592009706029447],[-16.161116370591934,28.59213054506438],[-16.1611365864873,28.59220212473803],[-16.161261501908335,28.592291039504854],[-16.161291273545892,28.592394668119766],[-16.161272048799866,28.5924877051443],[-16.16112498752305,28.592607559346323],[-16.161059128554786,28.59280262273353],[-16.161130023592186,28.593112312540345],[-16.16094969697191,28.59333182212771],[-16.160418765631793,28.59364873853924],[-16.160286465058956,28.593632360995958],[-16.160112980653103,28.593748829989828],[-16.160011780783876,28.593901324056407],[-16.159725857185194,28.59400359140167],[-16.15913605521414,28.59411901554136],[-16.159063222187594,28.594228756354727],[-16.15895540035807,28.59426253062876],[-16.1589455797115,28.594346100460054],[-16.15886065122723,28.594378686218608],[-16.158806020261785,28.594497748141865],[-16.158685582395986,28.59450013099622],[-16.158576757458672,28.59438652706436],[-16.158399285519604,28.5939531039802],[-16.158327924323125,28.59388936163409],[-16.158225682138244,28.59313552202855],[-16.158328652073074,28.592761889213428],[-16.15848409505898,28.59259476298471],[-16.158708093238545,28.592468748747123],[-16.158723616803414,28.5922431589695],[-16.158862820504442,28.59223646405674],[-16.1588328113307,28.59199907887705],[-16.158925059718356,28.59175767064389],[-16.158931806843682,28.59160833110447],[-16.158785695404436,28.591227529793873],[-16.15868089864839,28.59119187180113],[-16.158656508892655,28.591103178903914],[-16.158855629466785,28.591012125190808],[-16.159325429503443,28.59140595465451],[-16.159475370925538,28.591446009729676],[-16.159601562880333,28.591567587501174],[-16.15978751360472,28.591934960191928]]],[[[-16.157028794531616,28.604148636659787],[-16.156717223031638,28.604218354444466],[-16.15669233032348,28.604270643906183],[-16.15652158605286,28.60432174060434],[-16.156273188706628,28.604482256534702],[-16.15594014829668,28.60473970543903],[-16.1557917417353,28.605019046091783],[-16.1555179263898,28.605240248167362],[-16.1552379665319,28.60518035785858],[-16.155052727063943,28.605019116056024],[-16.155034985529607,28.60494922933695],[-16.15520748250768,28.604712284570756],[-16.155201143330675,28.604646993982385],[-16.15527781391063,28.604597242035638],[-16.155301802580986,28.604452900454472],[-16.155351660127813,28.604410868090085],[-16.155440758107353,28.603889247423368],[-16.155552489196342,28.603847229250384],[-16.155542000188497,28.603776558740737],[-16.15563137727985,28.603673086861416],[-16.156090152169014,28.60357874054143],[-16.15623236766815,28.60347211010753],[-16.1563504135879,28.603231657025702],[-16.156731539200507,28.602770994069672],[-16.157064933457995,28.602061182399304],[-16.1571928408429,28.601881025032565],[-16.15731452224556,28.601786031124025],[-16.1574673216703,28.601768300506144],[-16.157661096040464,28.601952661782178],[-16.157625283968837,28.602090967357658],[-16.157670958281212,28.602339229824903],[-16.15754822115308,28.60260851538447],[-16.157387544763886,28.602644815616923],[-16.15740711341369,28.6026853535706],[-16.157315661855396,28.602720611541624],[-16.157313328680914,28.602862331736965],[-16.15721982261748,28.602924773923483],[-16.156992809160148,28.60292707218132],[-16.156918814966737,28.602875536166792],[-16.15680236185144,28.602934473403568],[-16.15717797805867,28.60329662042937],[-16.15719864049185,28.60343697104957],[-16.157309197883457,28.60360525549369],[-16.15729683246951,28.6037180894615],[-16.15736224170044,28.60378874231906],[-16.157277708542544,28.604026112296754],[-16.157028794531616,28.604148636659787]]],[[[-16.160718729868698,28.593754206892445],[-16.160542034354187,28.593932077319376],[-16.16026789211687,28.59408280218139],[-16.16014603797693,28.59409584853186],[-16.160146272437117,28.594033390053347],[-16.160614351681915,28.59366385234997],[-16.160691859059806,28.593653983032624],[-16.160718729868698,28.593754206892445]]],[[[-16.123479068839956,28.56221940702396],[-16.123534445017803,28.562139297643355],[-16.12371135569628,28.562138356484517],[-16.123859408810038,28.562186699197124],[-16.123925112553728,28.562292539906817],[-16.123761567985245,28.562347822152006],[-16.123479068839956,28.56221940702396]]],[[[-16.119566424023283,28.551415039703816],[-16.1193258614802,28.551510068619017],[-16.119257109816736,28.551452257733157],[-16.119384916689253,28.55123774786393],[-16.119459051843428,28.551218886727526],[-16.119588131951424,28.551319992320508],[-16.119566424023283,28.551415039703816]]],[[[-16.120373302047987,28.551280841785957],[-16.12013727452153,28.551203517459655],[-16.120099869040008,28.55099170585033],[-16.120272741873173,28.550944212580337],[-16.12056808338104,28.551012481775587],[-16.12056707869762,28.551146403260972],[-16.120373302047987,28.551280841785957]]],[[[-16.12030456940392,28.55997650104916],[-16.120084867142563,28.559956003007798],[-16.1200491994914,28.55988937242217],[-16.120073557578703,28.55980507976333],[-16.12025517716346,28.559714344596443],[-16.12075820778923,28.559711906650424],[-16.120676021262494,28.55983786078838],[-16.12030456940392,28.55997650104916]]],[[[-16.12473693083091,28.562065824545154],[-16.124434324336672,28.56213955300912],[-16.124314832680174,28.562070856252998],[-16.12443934218873,28.5619595408917],[-16.12457774950053,28.561932355251077],[-16.12472267433767,28.5619479961028],[-16.124762203234468,28.561996686571316],[-16.12473693083091,28.562065824545154]]],[[[-16.123038061327115,28.560385479393158],[-16.1227200993254,28.560440512640817],[-16.122674600560458,28.560384000586247],[-16.122794857668747,28.56030066517285],[-16.12306852016042,28.560302146635625],[-16.123038061327115,28.560385479393158]]],[[[-16.128242294041303,28.53824219966161],[-16.128104226421495,28.53837599639508],[-16.12797181153582,28.53837171710467],[-16.128046143044173,28.538226445896402],[-16.128257427555088,28.538017407986647],[-16.12829937004321,28.5380314734229],[-16.12830059251611,28.53810207978017],[-16.128242294041303,28.53824219966161]]],[[[-16.202428055358155,28.572916810886092],[-16.20251543132234,28.572954737680806],[-16.202534298151647,28.573031467334168],[-16.20242089689281,28.573085686410398],[-16.20240743366714,28.57316046427218],[-16.202314712746176,28.573226142830126],[-16.20232481801786,28.573289430020033],[-16.20224336245458,28.57335499065454],[-16.202201679594666,28.573270502670965],[-16.20232903104962,28.57301256397126],[-16.202428055358155,28.572916810886092]]],[[[-16.202124377590955,28.573515253893294],[-16.202222776950258,28.573537126197554],[-16.202331085005017,28.57364904782551],[-16.202365128491206,28.573834932216105],[-16.202263760175047,28.573854097988487],[-16.202179192805172,28.5737179492346],[-16.20201743491651,28.573691583962255],[-16.2020017358625,28.573575114179125],[-16.202124377590955,28.573515253893294]]],[[[-16.20657208087386,28.57245510538104],[-16.206718503553027,28.572492359958137],[-16.206759442325577,28.57265380406611],[-16.20666136140135,28.572758387751602],[-16.20659042000932,28.57268245576168],[-16.20653936474326,28.572804581811734],[-16.206411639738846,28.572486713091386],[-16.20657208087386,28.57245510538104]]],[[[-16.20096192294074,28.5731027235157],[-16.2011036119601,28.573198565180167],[-16.201187680020034,28.573427717366314],[-16.201109870909676,28.57343273840032],[-16.200880739114105,28.573235484490333],[-16.200862605598775,28.57316560744115],[-16.20096192294074,28.5731027235157]]],[[[-16.2040460635811,28.575718330435425],[-16.204147169935787,28.575777479434397],[-16.20414136406154,28.575834165642807],[-16.204315124958825,28.575894285225154],[-16.204285616946684,28.57600371895092],[-16.204055063473668,28.57592144948398],[-16.20406308554282,28.57585556473133],[-16.203965094066803,28.575782642273552],[-16.2040460635811,28.575718330435425]]],[[[-16.205983881250283,28.57251271832352],[-16.206157742915412,28.572513952751073],[-16.206198030976893,28.572596917540288],[-16.206128221639663,28.572620191978952],[-16.2061129633543,28.572725591405494],[-16.206074925995164,28.57273417877659],[-16.205924177277605,28.572618828654935],[-16.205983881250283,28.57251271832352]]],[[[-16.20249552951284,28.573869391016995],[-16.20264590701364,28.574086194342108],[-16.20262426291781,28.57413386006654],[-16.202532693135566,28.574127315934618],[-16.202419670445448,28.574020734212425],[-16.20249552951284,28.573869391016995]]],[[[-16.191608415132052,28.574839126537206],[-16.19168019425672,28.57499925779499],[-16.191600264449747,28.575142851055475],[-16.191531114827914,28.57510899007733],[-16.19151364705497,28.574903525203784],[-16.191608415132052,28.574839126537206]]],[[[-16.20091679673937,28.57465212572427],[-16.201053676917894,28.574750176049747],[-16.201056204329635,28.5748358593869],[-16.20083261725877,28.574759786317625],[-16.20091679673937,28.57465212572427]]],[[[-16.204536609401,28.57250431013197],[-16.204582188546105,28.572610288482604],[-16.204491726002075,28.572685578601433],[-16.204387047444495,28.57267250030676],[-16.204405182580217,28.572562806462873],[-16.204536609401,28.57250431013197]]],[[[-16.196863415906037,28.573611782291927],[-16.196910426242827,28.57369398668882],[-16.196810521290974,28.57375580788289],[-16.19678900450007,28.573683071933907],[-16.196863415906037,28.573611782291927]]],[[[-16.20393386084138,28.57267428388272],[-16.203907362732522,28.572767878267424],[-16.20382687496003,28.57273512602426],[-16.203845277226357,28.572702723840948],[-16.20393386084138,28.57267428388272]]],[[[-16.293027508583755,28.572443402345023],[-16.292994319052838,28.572596967962507],[-16.292894703450628,28.572677610485048],[-16.292774033121276,28.572700240461597],[-16.292728567832803,28.572552207709474],[-16.292746906376905,28.572396437070392],[-16.29297702077813,28.57238630215795],[-16.293027508583755,28.572443402345023]]],[[[-16.302260542941898,28.571346976807686],[-16.302065569782666,28.57153720529792],[-16.301946757529993,28.571544392327],[-16.301983041531074,28.571394134456195],[-16.302082986472133,28.571249583367717],[-16.302233443324383,28.571238482416764],[-16.302260542941898,28.571346976807686]]],[[[-16.305355754282036,28.57272300944118],[-16.305099417233773,28.572737298446892],[-16.30510165688925,28.572686825696657],[-16.305298057691328,28.57260425057173],[-16.305397573896553,28.572640567483635],[-16.305355754282036,28.57272300944118]]],[[[-16.30780509556394,28.574462235482606],[-16.308006274035986,28.57431950219079],[-16.308022727437315,28.574137123709438],[-16.308097775657114,28.574129270219483],[-16.308140075297786,28.574168392998082],[-16.30812404929004,28.574228294687547],[-16.30823150329532,28.57431101297196],[-16.308160164765653,28.574387332437873],[-16.30800040331495,28.57440692323644],[-16.307895985810546,28.57451181050775],[-16.30782248633051,28.57452091249881],[-16.30780509556394,28.574462235482606]]],[[[-16.141054866798846,28.52577643955632],[-16.140998028154517,28.52596360298987],[-16.140795851913698,28.52598612327496],[-16.140671185782868,28.525865784658087],[-16.140657546539263,28.525669655081135],[-16.140729665312012,28.525589885695478],[-16.140914562312894,28.525576157207695],[-16.140979415697444,28.525612247455573],[-16.141054866798846,28.52577643955632]]],[[[-16.140418835596822,28.526013992341994],[-16.140261726801107,28.526139007494965],[-16.14020877529364,28.52607217500898],[-16.14026790160005,28.52599867942494],[-16.140366819858194,28.525982830348312],[-16.140418835596822,28.526013992341994]]],[[[-16.132798741340753,28.58135522742866],[-16.13243790692361,28.58120281975476],[-16.132520822202984,28.581116113947786],[-16.132690491760513,28.581100617534684],[-16.1327331292451,28.58105287731166],[-16.132427030911828,28.580865264110365],[-16.132443486145217,28.580807363125807],[-16.132555118932586,28.580795690800397],[-16.132731637827508,28.5805835603342],[-16.13269775217119,28.580478551003793],[-16.133203162880513,28.5807472272223],[-16.133383833296513,28.580766025465397],[-16.13352665986197,28.580869528704696],[-16.13318403030667,28.580941626225115],[-16.132988870181883,28.581226108443435],[-16.132798741340753,28.58135522742866]]],[[[-16.134057451843038,28.576696643852728],[-16.133918589000782,28.576786805623275],[-16.133807426148774,28.576639769451248],[-16.133840728935194,28.576455929109645],[-16.13390088236562,28.576427609589008],[-16.13401445565421,28.576446688098848],[-16.134078685480358,28.57656296014967],[-16.134057451843038,28.576696643852728]]],[[[-16.13819095719831,28.584660740641304],[-16.138185641239374,28.584541214734678],[-16.138284847337314,28.584434025202306],[-16.138220534268626,28.584272944293513],[-16.138317625269273,28.584188706414047],[-16.13840995103802,28.584209827624097],[-16.138465306889117,28.58430634261274],[-16.138382657749517,28.584743132827775],[-16.13827315932825,28.584757716383606],[-16.13819095719831,28.584660740641304]]],[[[-16.1721698435711,28.58539117155954],[-16.171933767130216,28.585522456412285],[-16.1719513188041,28.585353257302767],[-16.172180818582582,28.58526517110801],[-16.1721698435711,28.58539117155954]]],[[[-16.172337538416215,28.585603265480493],[-16.17217659511192,28.585741753567675],[-16.172060505899864,28.58576649373747],[-16.172144513522568,28.585513595601597],[-16.172331791756616,28.585463149264697],[-16.172398652440286,28.585314553343235],[-16.172534278417263,28.585207512048285],[-16.172764523724428,28.58515904034206],[-16.172624989114162,28.58541142605824],[-16.17248777497436,28.585458281145634],[-16.172445216957442,28.585613075150953],[-16.172337538416215,28.585603265480493]]],[[[-16.245646058518258,28.57164116295872],[-16.2455500532953,28.571675528428514],[-16.245243547282872,28.57167572433055],[-16.245243126438602,28.571639987701076],[-16.245459552777092,28.571587007932717],[-16.245646058518258,28.57164116295872]]],[[[-16.275879075528223,28.57245745384207],[-16.275892163423162,28.572576194203354],[-16.275757029701975,28.572696869818703],[-16.275658788241728,28.57271458059231],[-16.275617425260794,28.572514787920277],[-16.275646850360765,28.57245386114069],[-16.2757775588203,28.572407054345234],[-16.275879075528223,28.57245745384207]]],[[[-16.276507111076654,28.573345775032767],[-16.27598476668124,28.573251951384037],[-16.276026175957554,28.57317592979979],[-16.276132779517283,28.57314794149689],[-16.276097630691325,28.57301415587833],[-16.276126641132027,28.572944297838486],[-16.276397800640293,28.572903931155082],[-16.27652786892299,28.572964982181016],[-16.2765327916377,28.573042463328754],[-16.276445454288364,28.57315041549664],[-16.27659723235341,28.573324439658784],[-16.276507111076654,28.573345775032767]]],[[[-16.119709727513435,28.55458013680199],[-16.119679036606623,28.554519918295345],[-16.11973897471772,28.554455612736152],[-16.120338843479534,28.55457350181741],[-16.12046254208537,28.55450668405509],[-16.120457263625628,28.554336414165796],[-16.120405743499266,28.554249561661877],[-16.120313548945877,28.55420230628485],[-16.120088085205982,28.55427375442231],[-16.119991717147915,28.55424747270388],[-16.119875922951163,28.554104920659867],[-16.120326519370167,28.554056345200337],[-16.12049838415473,28.554271361041806],[-16.12057664809183,28.554168238092366],[-16.120597019887605,28.553741437846877],[-16.120575318849163,28.553628571084047],[-16.120477761692197,28.553545934508488],[-16.119861091333966,28.553746635562586],[-16.119661024804127,28.553658119936856],[-16.11937690694002,28.553634920595382],[-16.11948706540324,28.55352507289692],[-16.119546142068444,28.553350391153348],[-16.119659351159758,28.553451627487906],[-16.1198065856101,28.553425863297484],[-16.11973423414203,28.55331201522367],[-16.119900168264255,28.553053777148595],[-16.119983098568966,28.553017802771798],[-16.12007332502242,28.553091700231217],[-16.120105108584546,28.553042699612753],[-16.120147975105738,28.55282392582242],[-16.119915231558995,28.552757792943314],[-16.119899202527037,28.552663065876363],[-16.120226955037968,28.552588607882914],[-16.120361633204336,28.552004531409278],[-16.12054219267994,28.55178597486837],[-16.120661421428654,28.55154833880362],[-16.12077918138664,28.551480938028803],[-16.120784345262063,28.551263919397655],[-16.12091217773316,28.55131755922432],[-16.12108643206769,28.551198787186056],[-16.12136137576045,28.551099581153174],[-16.121797493125815,28.551103920546453],[-16.122271070060386,28.550890972915667],[-16.12245105832441,28.550725128269868],[-16.122884669775146,28.550705386509772],[-16.12319438547013,28.550521409385343],[-16.123302829527585,28.550404803651762],[-16.12358019159092,28.550341224384045],[-16.12366942555214,28.55023497630816],[-16.12367290144975,28.550109852437178],[-16.1243637552473,28.5500478125248],[-16.124588522054353,28.54988303834506],[-16.12462221262545,28.54975405392142],[-16.12478315106231,28.549729524760767],[-16.12513045969939,28.54955353541268],[-16.12509748273902,28.549374559920327],[-16.125131430765006,28.549231403020595],[-16.125362795962268,28.54884147396837],[-16.125290054363276,28.548671943999846],[-16.125844888359694,28.548556238600845],[-16.126150896422004,28.548563836347437],[-16.126268882625027,28.54836368024343],[-16.12661650532487,28.548133341343757],[-16.12670300887548,28.548003430773235],[-16.1267221754866,28.547876759616326],[-16.126609920277012,28.547652944266936],[-16.126617965330016,28.54758289285808],[-16.12685246128755,28.54731986265349],[-16.127017689758098,28.546879746794925],[-16.127273860976036,28.54672689219824],[-16.127481558599996,28.546412610343964],[-16.127513923314325,28.546236341997787],[-16.1274574845062,28.54587975719142],[-16.127638102708143,28.545150882479465],[-16.127651663448237,28.5448406495339],[-16.12759575040024,28.544667731730456],[-16.12742938183746,28.544414816440895],[-16.127164694345865,28.544339438859712],[-16.127173128231217,28.54425795773172],[-16.127343071373865,28.544110421966522],[-16.12712784859028,28.5439508306717],[-16.12699080027641,28.54393346577393],[-16.12688944957457,28.543784030364655],[-16.126576820405507,28.543778230887934],[-16.1265318338928,28.54371939605643],[-16.126815590657237,28.543643843621847],[-16.126813856651864,28.543557753563228],[-16.12663127732322,28.543420725346607],[-16.1267691658638,28.543315425420484],[-16.12676764373143,28.543047557525124],[-16.126812323123232,28.542923896711283],[-16.127329802444965,28.54249379934613],[-16.12736400426343,28.542404694208642],[-16.127326707422778,28.54220312773415],[-16.12737794965735,28.542029726187263],[-16.12788720688594,28.541333105170033],[-16.12787960189679,28.541168983200112],[-16.127762640874312,28.541153482915696],[-16.12765663977682,28.54126781538557],[-16.12728587822466,28.54135970614966],[-16.12720019033801,28.54126998074241],[-16.127222627523675,28.541111755767627],[-16.127555413594266,28.54054443980037],[-16.128605943359464,28.53940489160375],[-16.128860395727862,28.539007363825466],[-16.12888005646581,28.5387519556716],[-16.128829461797565,28.53859839908678],[-16.12863240199701,28.53844470605586],[-16.12839587920606,28.538353247436557],[-16.128362250668413,28.53822163537792],[-16.128462987790286,28.538053914411265],[-16.12868413327172,28.537914796677907],[-16.128759121036996,28.537781352238994],[-16.128688167579963,28.537702606737685],[-16.128934373282696,28.537615267929404],[-16.129053721964926,28.537305779710742],[-16.129131170119717,28.537226793305834],[-16.129196351404396,28.53725305742598],[-16.12920517648983,28.53694006552321],[-16.12928271666078,28.536869742873083],[-16.12939909429332,28.536866428364814],[-16.12944548021995,28.536759540163988],[-16.12945203264106,28.536473102487868],[-16.129383249446565,28.536310310676228],[-16.129216202857705,28.53618173078071],[-16.128920457518085,28.536098987747657],[-16.128277046268487,28.53577986358333],[-16.128110531325937,28.535739368020465],[-16.127669451808348,28.535790957522003],[-16.127677137775446,28.535706504037314],[-16.127823298158177,28.53563037750486],[-16.127514187606845,28.53563601303369],[-16.12747857803136,28.535584050272462],[-16.12750779474284,28.535525141086048],[-16.12735691775888,28.53555184596824],[-16.127211125406,28.535652969952757],[-16.127175200910578,28.535571405646166],[-16.127262587572126,28.535437100917857],[-16.127410284684938,28.53536132309788],[-16.12781009341388,28.535350151030794],[-16.12797552649498,28.535468583272408],[-16.12796576297182,28.53537714445924],[-16.127853143011162,28.535254266209243],[-16.127969755480745,28.535202149415696],[-16.1274294799133,28.535080132595905],[-16.12694880328692,28.535262802804006],[-16.126839684532573,28.535256578030893],[-16.126759350756217,28.535150832362113],[-16.126924847236843,28.534846017294186],[-16.126914170446856,28.534783919269465],[-16.12662562887124,28.53475910103501],[-16.126620013537327,28.534643402872515],[-16.12647515774696,28.53457789603988],[-16.12659333759916,28.534388731197456],[-16.126502922537778,28.534295975636375],[-16.126187660357843,28.534136038664276],[-16.126152173329864,28.53406665502556],[-16.126052281245457,28.53435135766672],[-16.125906531397636,28.534360310102596],[-16.12589146575247,28.5342602504345],[-16.1257946336753,28.53419832500916],[-16.12578074647695,28.53411296734398],[-16.12560537141848,28.533873165731645],[-16.125452995664045,28.533787511690882],[-16.125349466442383,28.533662732728345],[-16.12525556591824,28.53340528725971],[-16.12522750512495,28.53314016595813],[-16.125023505459325,28.532755017086817],[-16.125099243245884,28.532707456335125],[-16.12536971139654,28.53280747590025],[-16.12546415388356,28.532971681970107],[-16.12569036952058,28.533139037833365],[-16.125782180007505,28.533084393737106],[-16.125808540158854,28.532848055482535],[-16.125904980147602,28.532827065640426],[-16.12590588364878,28.53277457405953],[-16.12557979963647,28.532135310326417],[-16.125717552626863,28.5320742744349],[-16.126041072339138,28.5320608248602],[-16.12629868611647,28.53193818737429],[-16.126412803607828,28.531953487090405],[-16.12670184798898,28.532156964283953],[-16.126974519862856,28.532147120361472],[-16.12705777671665,28.532085957688015],[-16.127163336946765,28.532132646744284],[-16.12727174436329,28.53241804018998],[-16.12776316462489,28.532603498702894],[-16.128032132196886,28.532840715038606],[-16.128318168778307,28.53312589562993],[-16.128405783640254,28.53332030189213],[-16.12896965000288,28.533426991942896],[-16.129184282105573,28.533571332518388],[-16.12938774148826,28.533635888812057],[-16.129514755769467,28.533767780036506],[-16.129370481672165,28.533665816931876],[-16.1291293521218,28.53369155937298],[-16.12952293942854,28.533960138434495],[-16.129596937202066,28.534334086644296],[-16.129716871365424,28.53452073185564],[-16.129680931346385,28.534591159974298],[-16.12975140473016,28.534872227532013],[-16.129819178643267,28.534942370481783],[-16.13027046813959,28.53515838925098],[-16.130914527844777,28.53531792546187],[-16.131439495480627,28.535331603917193],[-16.132116920321216,28.53527532444566],[-16.132873661308185,28.535133629354725],[-16.133647332513593,28.53483316342797],[-16.13395687849485,28.534578294851485],[-16.134319130540835,28.53441799809634],[-16.134382017099394,28.534094572136983],[-16.134332778000104,28.53378276906711],[-16.134391005755162,28.53372289409971],[-16.134573206948986,28.533748990452793],[-16.13475426716612,28.533889892986714],[-16.135339910572238,28.533845845098362],[-16.135463826819343,28.5337414476809],[-16.135542709530807,28.53357770417107],[-16.135807293909668,28.533458691032482],[-16.13602640843924,28.533448374228136],[-16.13619059604885,28.533385373758616],[-16.13629958301817,28.533125110696172],[-16.13648514808989,28.533231405090916],[-16.13667020702665,28.533029568787722],[-16.136963436975794,28.532902073291595],[-16.13718865552188,28.5327274372549],[-16.13773806381743,28.5326199436483],[-16.138029362374024,28.532365236948728],[-16.138267359080647,28.532029475052834],[-16.138292154779702,28.53197827248488],[-16.138215044500114,28.53184994266026],[-16.13900286911635,28.531475092527455],[-16.13911028726205,28.53150406641127],[-16.139279599071717,28.531310761588472],[-16.1394319872993,28.530940876942374],[-16.13941731803913,28.53085029254681],[-16.139232658291814,28.530633241135963],[-16.13901372374301,28.530536156615817],[-16.13914923993648,28.530355500475967],[-16.139004747995333,28.5302716909774],[-16.13917235117455,28.530204759295792],[-16.13916070417814,28.530081567019582],[-16.13931094431532,28.530015683365697],[-16.13920645740886,28.529745971732606],[-16.139529468285204,28.52959966440697],[-16.139522971735527,28.529461265904025],[-16.139290073645963,28.529291462165446],[-16.139391700479717,28.52922878415364],[-16.139714761296762,28.529191776253604],[-16.139787467202048,28.52912925037851],[-16.13982311581549,28.52900403663345],[-16.139756168608038,28.528870387474086],[-16.139631182530394,28.52887062394697],[-16.139557424110077,28.528806799879977],[-16.139118399317464,28.52820982751577],[-16.138626362998686,28.52784327088443],[-16.138543101228016,28.527731870603688],[-16.1384530270128,28.527519079350686],[-16.138489470016445,28.52707778187407],[-16.138571901980594,28.52708349910135],[-16.13871117392226,28.52727159891553],[-16.138769629915096,28.52702434826282],[-16.138643402186187,28.526889841615688],[-16.138917880736113,28.526840336354038],[-16.138922447730987,28.526761323845655],[-16.13905581548473,28.526732948094764],[-16.139228742416634,28.5268574955183],[-16.13934619575521,28.526812736069342],[-16.1393595725756,28.52687824014473],[-16.13942993677004,28.526911676488954],[-16.139521514041586,28.526912532842097],[-16.139680089105404,28.526766882666788],[-16.1397912114314,28.52679862298604],[-16.139875243901074,28.52673464818624],[-16.139949889703345,28.526833574349066],[-16.140118292578176,28.526860501349613],[-16.140130788272828,28.526787108408012],[-16.140061886608102,28.52667116596311],[-16.140199014750998,28.526716857894368],[-16.140386810885765,28.52653269297797],[-16.140533550503225,28.52646494206376],[-16.140552896212906,28.526287426142833],[-16.14046313381533,28.526170305218344],[-16.14056308657838,28.526075870241048],[-16.140700863846313,28.526086988096427],[-16.140747947432665,28.526207716526656],[-16.140882289273762,28.526231950197612],[-16.14096075095374,28.52630557200826],[-16.14111983646563,28.52627399976372],[-16.141117158475026,28.5260253663899],[-16.141284636505958,28.52590012775919],[-16.141372764473207,28.52565677854469],[-16.141186786618878,28.52552557427393],[-16.14154347910979,28.52546210537906],[-16.141676951286648,28.525585898193476],[-16.141714826289125,28.52544947347442],[-16.14176870063236,28.5254416196188],[-16.141920313801524,28.52550388547633],[-16.142035786789044,28.52548423161951],[-16.142215861297903,28.525570175736398],[-16.14227772484187,28.525469200350763],[-16.14250754747624,28.525524760650217],[-16.142639548032985,28.525388807536736],[-16.142771139793506,28.52536658054685],[-16.142839269104993,28.525268620911255],[-16.142758587638937,28.52500818852736],[-16.143103281606365,28.52492216222171],[-16.143176071979177,28.524991046902834],[-16.14323876369748,28.524929054802293],[-16.143302325133742,28.52483402158638],[-16.14331987834734,28.52467078089618],[-16.143192376488667,28.524465799125696],[-16.143300049718686,28.52428221434593],[-16.142996300406715,28.52400479586217],[-16.14336155361892,28.523958669714983],[-16.143363578696217,28.5238148745346],[-16.143644770083213,28.523725500411498],[-16.143701457635963,28.523609134167366],[-16.1435922157248,28.52315489185049],[-16.143466190298664,28.523029774587354],[-16.143530088639288,28.522880855470227],[-16.143405219376678,28.52283443182709],[-16.14326475282077,28.522886247850572],[-16.143134724269213,28.522721541470002],[-16.14331341325888,28.522565789740533],[-16.143335816514355,28.522406930737926],[-16.14321097748047,28.522429552659105],[-16.142982742435276,28.522577417581413],[-16.142970111497732,28.52253383984519],[-16.143325195964554,28.522208727199722],[-16.143470098891846,28.52199044130194],[-16.143589237451238,28.521960466131986],[-16.14366545932279,28.52182669650103],[-16.143870380126973,28.521800782434262],[-16.143835130764064,28.52159312890755],[-16.143719569266697,28.521547349192637],[-16.143503207781137,28.521734647215045],[-16.14320996290615,28.521805078339646],[-16.143153694163832,28.52172341869541],[-16.143243005961214,28.521505239808185],[-16.143127442594924,28.521402417653327],[-16.143136773052607,28.521357933066263],[-16.14335733333232,28.521417721860974],[-16.14368635605081,28.52132947951482],[-16.14389081137752,28.521109067177626],[-16.143956450768744,28.52110264778358],[-16.143957425961776,28.52126871103347],[-16.144160912780336,28.52135617044309],[-16.14430052636266,28.52155680736464],[-16.144399123127766,28.52161193563322],[-16.14469815969782,28.521525315350118],[-16.144595931881753,28.52137339102647],[-16.14477199541898,28.521377043006883],[-16.145063044930282,28.521553811729387],[-16.145203214580114,28.521569327520037],[-16.145217819091105,28.521700888196666],[-16.14535712954832,28.521750347397663],[-16.14552003605274,28.521893383661254],[-16.145582965057468,28.521834727994147],[-16.14559910958643,28.521721139807887],[-16.145680039881302,28.521692297342305],[-16.145715982857208,28.521699124437735],[-16.145738787962568,28.521899120325326],[-16.145873419229826,28.52189383294544],[-16.14597705361671,28.521838263464936],[-16.145995172892565,28.52165218286223],[-16.146101306318677,28.521723763175242],[-16.14619929173753,28.521712827744725],[-16.146210788450414,28.521821489438878],[-16.146308505154973,28.521832939728277],[-16.146369442517077,28.52149576993447],[-16.146658121968628,28.521834772599323],[-16.146653605748494,28.521943434026472],[-16.146967755542242,28.522121176892256],[-16.14727159323461,28.522119405367825],[-16.148524571013297,28.52275440140858],[-16.149015254272637,28.52283608534933],[-16.149045953116627,28.523002907802823],[-16.14894961208376,28.52338892679391],[-16.148688313740255,28.52394307990518],[-16.14856804389545,28.52405635746445],[-16.148699605402854,28.524370960837533],[-16.149047932589074,28.524300232383744],[-16.150632645572337,28.524384384575875],[-16.150669393714228,28.524418190077522],[-16.150647498279046,28.524688692487214],[-16.150863336267633,28.524754917016974],[-16.15146122312704,28.52475959767507],[-16.15159533895559,28.52496045374408],[-16.151607645027724,28.52519943768142],[-16.151351797570314,28.525410729833254],[-16.151027387406906,28.526093378080066],[-16.151750366659375,28.526201242922745],[-16.15212477477205,28.526038133955947],[-16.152509509051374,28.52601645779994],[-16.152656876176255,28.526110517663103],[-16.152848911782865,28.526355647827348],[-16.152978856020123,28.52665166762473],[-16.152986861408955,28.526776875001758],[-16.15278144735568,28.52729343877324],[-16.152732286648376,28.527574822924926],[-16.15275468616912,28.52792401377036],[-16.152568884023406,28.528205113387525],[-16.152280440035334,28.5284454755772],[-16.152530166331893,28.528601033934745],[-16.152803037924368,28.5286013355915],[-16.153625352366966,28.528341366096033],[-16.154165338436922,28.528779845062687],[-16.15426487833215,28.52893920348017],[-16.154237767682154,28.52915234766584],[-16.154072431305632,28.52949194169491],[-16.15371622946446,28.529873050121484],[-16.15367114284386,28.53005917985163],[-16.154733770487613,28.53014925039368],[-16.15505641564263,28.52999009330897],[-16.155390390027687,28.52995428211913],[-16.15554643784089,28.530028291148337],[-16.15567228206415,28.53041293805248],[-16.155692920134186,28.530655911851856],[-16.155834998178314,28.530863825711638],[-16.155903400873104,28.531334920871142],[-16.155540080423798,28.53155995186406],[-16.155143611767404,28.53166007892018],[-16.155007231971265,28.53186223872392],[-16.15507172377573,28.532096806854543],[-16.155060913378367,28.532342575346835],[-16.155283280809158,28.53293077691941],[-16.155022506475564,28.533096114476567],[-16.155279768412395,28.53325527669217],[-16.15564261097037,28.53359471061187],[-16.155431328577084,28.533826209552362],[-16.155536386925434,28.533984888045755],[-16.15549849814876,28.5341842246115],[-16.155622637249678,28.534574156688798],[-16.155647541790607,28.534973868446833],[-16.155548213536967,28.535312360813972],[-16.155395444449546,28.535558344272964],[-16.15514891627798,28.53569790119305],[-16.15522905561422,28.53592376165818],[-16.15526044540797,28.536215382022647],[-16.155065290417735,28.536398636866277],[-16.154952262362183,28.536415582524803],[-16.154754743813495,28.53653963115095],[-16.15456368715105,28.536504584724913],[-16.15407033713833,28.53655015164419],[-16.15330810616035,28.536715080540784],[-16.15320351763239,28.536782523442692],[-16.1526597803664,28.53668181125203],[-16.152756816048985,28.536824674922816],[-16.152958024828752,28.536952935192183],[-16.15297339548541,28.537062664135195],[-16.15366819908015,28.537154311637956],[-16.153834785996885,28.537219144066007],[-16.153868366318093,28.5373275267796],[-16.15363082088651,28.537551032903842],[-16.15364327264128,28.537624485639615],[-16.15335389396333,28.537724781117138],[-16.153299415323506,28.537855934297706],[-16.153593232101212,28.53829433838282],[-16.153936222318553,28.538386553786985],[-16.154339637207293,28.5383680522943],[-16.154417998962963,28.53848706535901],[-16.154282380347556,28.53905060229932],[-16.15431930272439,28.539146681651037],[-16.154484481058617,28.53927885600486],[-16.154489333337953,28.53947078886883],[-16.154299369557325,28.539652734958228],[-16.153874104402362,28.539861320352504],[-16.1534345555605,28.539879125678894],[-16.153711730465464,28.540005304258305],[-16.153989189211593,28.540020546421776],[-16.154640265537846,28.54016167731772],[-16.154872075338947,28.540142918369426],[-16.155158447754157,28.539935240762006],[-16.15523004349626,28.539808634574616],[-16.155487018389202,28.539726391183443],[-16.155717583523874,28.539237860004352],[-16.156147066858153,28.538994935825247],[-16.1563039948318,28.538804757417672],[-16.156407148924618,28.538642474551125],[-16.156188379626247,28.538358443180563],[-16.156166657508425,28.538233659950794],[-16.156205998074494,28.538109259365218],[-16.15636909538979,28.538057363423192],[-16.156541922783237,28.537910029167392],[-16.156927382623653,28.537718932388206],[-16.157292274420364,28.53732745243551],[-16.157299361994514,28.537171700788875],[-16.157376577696,28.537082772536507],[-16.157481619947408,28.53675316562121],[-16.15735643817552,28.536502509146075],[-16.15703264789008,28.536287029784773],[-16.156355662501678,28.536204796777156],[-16.156218879261523,28.536229879249564],[-16.156144648187155,28.536105416676815],[-16.156229977349714,28.53583283962798],[-16.15659356819055,28.535462943749028],[-16.156822672129305,28.534888680097204],[-16.157050696136942,28.534805146221863],[-16.156895893688734,28.53442486340522],[-16.157870965682676,28.533663007469517],[-16.15797102806721,28.533130727974292],[-16.15801499273043,28.533113655769387],[-16.158285722910804,28.533262886542804],[-16.15845120901268,28.533414278130692],[-16.15855759342134,28.53284358559475],[-16.15860397895251,28.53278623845176],[-16.15896400252761,28.532661772466415],[-16.15912147134715,28.532706278522163],[-16.159314312789324,28.53268640081238],[-16.159662904110053,28.532880723849445],[-16.15997433560063,28.533330697012442],[-16.160125047086943,28.53347661684276],[-16.16023548942396,28.533510421821035],[-16.160286477479136,28.533593382551533],[-16.16032082982443,28.53347322936358],[-16.16029213519753,28.533326177076844],[-16.16034444828505,28.533212910379667],[-16.160292672331327,28.532983380984962],[-16.16051246636645,28.532737000017786],[-16.16087935422842,28.53272619263832],[-16.161134427331273,28.532640254683148],[-16.16129501848893,28.532643213844402],[-16.16179461385106,28.532459963695434],[-16.162020382313422,28.53246046904976],[-16.162254706808522,28.53252353830875],[-16.162415529296155,28.532193721157448],[-16.161795019725353,28.531937920796583],[-16.16140438510847,28.531890177151197],[-16.160555373778354,28.531905287189936],[-16.15988111020181,28.531751926353934],[-16.158336676698692,28.53111869524759],[-16.15852557320819,28.531018705160335],[-16.15885725261936,28.531041056822033],[-16.15894693690169,28.531008701996644],[-16.159408486603134,28.53034706833012],[-16.159013248604875,28.530260005396357],[-16.159006502867687,28.530073143089147],[-16.159201062120303,28.529594299949842],[-16.15929050092309,28.52948360492933],[-16.159263672634317,28.529348089110613],[-16.159718213966563,28.52890592623549],[-16.159621571398006,28.528843933319475],[-16.159607569762823,28.528713181865147],[-16.159421647320194,28.528720274713045],[-16.15919953645279,28.528567652515115],[-16.15902119291364,28.528557531509637],[-16.158684944848442,28.52840642391495],[-16.158536159075854,28.528407693115888],[-16.15811282454381,28.52817104224565],[-16.15777606358204,28.528150446747187],[-16.15751082833783,28.527979055041158],[-16.157448237039553,28.527815773966445],[-16.157472936445867,28.527700577451853],[-16.157605032415933,28.527602968113715],[-16.157848094358652,28.527475530864503],[-16.1581120835468,28.52743952449822],[-16.15817022647151,28.527382799300185],[-16.157968868948284,28.527295884815302],[-16.15780589050713,28.527083096901645],[-16.158483116490626,28.52703372879469],[-16.15913011050662,28.526771250390844],[-16.159278334334765,28.526666470389216],[-16.159260037749945,28.526512573926045],[-16.15932691264684,28.526392360793015],[-16.159010481298797,28.5264107963655],[-16.158869258729922,28.52634647555102],[-16.158507906193318,28.52574935625961],[-16.158324877752285,28.52552527740017],[-16.158118611990286,28.525372337560103],[-16.158039399649574,28.525231040333992],[-16.15804551936616,28.525080351005112],[-16.15814039581113,28.524962480147053],[-16.158883980160574,28.524665243268558],[-16.15892201166255,28.524573218769543],[-16.159192769347964,28.524418646667073],[-16.15876316813547,28.524018777886667],[-16.15865742654817,28.523591505708197],[-16.158944466058816,28.523598985165176],[-16.15934702815036,28.5233957233028],[-16.15936573729791,28.523050876201854],[-16.159486169547847,28.522943346262906],[-16.159715334824938,28.522854563754343],[-16.159805479620662,28.522687542686096],[-16.160065843481952,28.52279759780288],[-16.160706609160645,28.52279952511847],[-16.1610282745681,28.52319733191551],[-16.161270611354663,28.523629752304068],[-16.161368168042166,28.523710238812587],[-16.161411489696274,28.52358829372396],[-16.1617329184749,28.52331161846648],[-16.161795729511663,28.52319636602626],[-16.161931166868747,28.52318067638538],[-16.162283929413913,28.523282626047177],[-16.16233398487049,28.522777847846097],[-16.162300396899838,28.52234301158397],[-16.16222765868326,28.522158699605715],[-16.16193507952212,28.521748191515165],[-16.161892341949233,28.521494576930976],[-16.161977696934954,28.521496915544436],[-16.16223753464542,28.52170814789998],[-16.162400110824436,28.521725891082728],[-16.162757761632054,28.521677702241337],[-16.162873406658008,28.521488258002602],[-16.163028346002903,28.521434041609268],[-16.163404993452946,28.52181314032124],[-16.163543214087415,28.521743993791414],[-16.163854526793678,28.521998736661274],[-16.16415857045061,28.52188935865092],[-16.164401949606994,28.52173690640269],[-16.16442481683791,28.52162316850753],[-16.16449483895526,28.52156931730522],[-16.1648653271767,28.521480578267482],[-16.16501615192814,28.522241946814365],[-16.16516023098999,28.52243611496816],[-16.165437385864845,28.522678691741653],[-16.16564239424267,28.522679730635698],[-16.166111742253022,28.522371540179442],[-16.166279598624666,28.522386074399186],[-16.166450099531204,28.52231592573995],[-16.16657261286473,28.5223888834421],[-16.166634466141282,28.52258628324951],[-16.166848829067167,28.52282434200176],[-16.167543774332298,28.522827937770142],[-16.167608464051547,28.523690588126584],[-16.16861274973462,28.523221376630545],[-16.168924004420855,28.52312663764993],[-16.169364972151847,28.523155153826956],[-16.16982804608302,28.523514274542833],[-16.169635840322663,28.52314287558323],[-16.169553438715,28.522727740689525],[-16.169162242066204,28.521813983236775],[-16.168884307777855,28.52164117957322],[-16.168728851962317,28.521418529338977],[-16.16860540407392,28.52133220571036],[-16.16831100550634,28.521314791460533],[-16.16784946013675,28.521163503282615],[-16.167866719123253,28.52100298722116],[-16.167647659012648,28.520746558172743],[-16.16769754264451,28.520367686720576],[-16.167632227426967,28.51985613655454],[-16.167561919240562,28.519707547950333],[-16.16738043148882,28.51952200728975],[-16.167384642081764,28.519412581024778],[-16.16770363485487,28.519325450250165],[-16.16800070709891,28.519131644295346],[-16.16881012019343,28.51912044072858],[-16.169214619064253,28.518901519300965],[-16.169327794873627,28.518535911682253],[-16.169502167273727,28.51832655152434],[-16.169536031660808,28.51802462503643],[-16.169908045345743,28.517742350927794],[-16.169992179993113,28.517449287768873],[-16.170054709676442,28.517392971145128],[-16.170344003926054,28.517458080886904],[-16.170664154494002,28.5174210253068],[-16.171062371360968,28.517993966822146],[-16.17148480067471,28.51817769581142],[-16.171621393949867,28.518137888392882],[-16.17169753573704,28.518037318554295],[-16.171655878507472,28.5178094209441],[-16.17166815068679,28.517385112882117],[-16.171697484819767,28.517219330761232],[-16.17179294566938,28.517156321173616],[-16.172143971665477,28.51720392651683],[-16.172437196630444,28.51742107886259],[-16.172688772818606,28.51737423089672],[-16.17318638647831,28.5174264347308],[-16.173716509805153,28.5178775751202],[-16.173872667265183,28.517878058085337],[-16.173970554367585,28.517809980726224],[-16.174032577029756,28.517522657103658],[-16.174156804137127,28.51742937822128],[-16.174539239130482,28.517518024944604],[-16.17501017385823,28.517697478630932],[-16.17512437159083,28.517688611552135],[-16.175198669199105,28.517604527442153],[-16.175207388961276,28.517483175387802],[-16.175000503382268,28.517167174445085],[-16.175142288162,28.516970977644434],[-16.175123044055848,28.516814081064837],[-16.17506883309738,28.516763275677818],[-16.174753438259103,28.516703555314322],[-16.174475194242056,28.516396311559216],[-16.17420228823961,28.516244233891076],[-16.17419882550429,28.516172411204668],[-16.17429868401329,28.5161256350027],[-16.174769683726318,28.516196312898938],[-16.174860618508806,28.51616588656429],[-16.174918140765076,28.51607665868703],[-16.174982261080473,28.515619373928995],[-16.17512695527633,28.515505122261118],[-16.175642338405986,28.515793832184485],[-16.175903121017377,28.51582203659897],[-16.176313226109766,28.515775596876807],[-16.17672096207402,28.515906971195633],[-16.177032594470777,28.515849775284398],[-16.177087031194976,28.515723044929622],[-16.177061586533622,28.51531904609971],[-16.177215116820605,28.515220420199533],[-16.177631019959048,28.515181065542013],[-16.177766824987415,28.515070886504045],[-16.177945666785213,28.514104403114036],[-16.1780621332332,28.51379436672392],[-16.178768824030925,28.512540352673966],[-16.179000645067728,28.51221246392241],[-16.179153361578607,28.512174440676684],[-16.179266031137047,28.51220513356055],[-16.179895532541142,28.51258445562117],[-16.17997397602738,28.512672441598557],[-16.180041060611497,28.51294433192188],[-16.179982186823878,28.513231053095442],[-16.18008178143505,28.513514430362754],[-16.179847474130156,28.513952129506084],[-16.17974962427555,28.51444062167314],[-16.179879762546154,28.51470749680603],[-16.180013037963782,28.514778814641254],[-16.18019171793387,28.514751377298115],[-16.18040818484187,28.51448623899966],[-16.180738724108654,28.514312458666726],[-16.18112569326272,28.514359241169878],[-16.181371631986277,28.51426785809152],[-16.181498383948973,28.514133421204924],[-16.181598897255665,28.51382044301001],[-16.181840032894847,28.513404731056486],[-16.18227901598108,28.51322575268466],[-16.182471428898122,28.512854156383618],[-16.183171761278345,28.512593881576738],[-16.183303891153926,28.512325547099866],[-16.18355344601987,28.51205835699506],[-16.18368459787954,28.51234278844751],[-16.18392821313832,28.51268630498627],[-16.184064907291702,28.512701402543385],[-16.184335970868798,28.512909516140223],[-16.185265894661583,28.512769272776975],[-16.18528131682471,28.512832587933463],[-16.185496793605655,28.512830346974177],[-16.18545627444135,28.51327313348577],[-16.185302481205465,28.513363738056594],[-16.184849709635547,28.513445938901587],[-16.184589321749947,28.513608142363605],[-16.1844205570439,28.513794727952362],[-16.18434160942144,28.51405435951866],[-16.184654315242785,28.51438575952574],[-16.184664563122134,28.51462611108889],[-16.184440816948175,28.51496769369883],[-16.184154387881758,28.515552429355356],[-16.1840443628226,28.515582360335017],[-16.18398202019065,28.515865042644617],[-16.183702304402654,28.5160906008845],[-16.18400862306065,28.516023660648795],[-16.184393535435778,28.516067689771102],[-16.184535702192896,28.516289562105147],[-16.184778253826163,28.516469131566424],[-16.184774977224155,28.516303992439624],[-16.184847974267043,28.51616102279228],[-16.1853396113146,28.515532707210145],[-16.185735639078572,28.515218591732125],[-16.185867853229126,28.515190090322328],[-16.185911748191202,28.515021741559988],[-16.186170740409384,28.51485341037057],[-16.186407845172763,28.514820292159264],[-16.18664960475905,28.515038675125652],[-16.187242951666494,28.51471615287151],[-16.187565408000832,28.514722089471142],[-16.187851102746908,28.514830515988645],[-16.18800497125535,28.515047498758584],[-16.188000679710495,28.51523896826944],[-16.187538844773226,28.515643650212034],[-16.187423080265724,28.516055053964553],[-16.187511624007488,28.516342375694805],[-16.1874806380569,28.516613864387605],[-16.187762155799785,28.516713843449313],[-16.188250819655575,28.51676047439562],[-16.188697565803388,28.51702381277493],[-16.188703611836825,28.517098220657516],[-16.188453106218656,28.517276230008864],[-16.188266505680225,28.517530667911302],[-16.188253856203907,28.517614625908184],[-16.18868093918043,28.517983103348694],[-16.189001843344737,28.518414514217646],[-16.189388467427015,28.518601027337244],[-16.18959869983415,28.518786015362675],[-16.18979277750489,28.519015640466932],[-16.189891408391787,28.519235812195703],[-16.18981639172752,28.519307680790806],[-16.189517285588153,28.519280245092503],[-16.188929843801578,28.519329161485853],[-16.188574809796396,28.519462958160076],[-16.187359774325554,28.519744259650583],[-16.187542925974395,28.520002233467846],[-16.18742684941391,28.5200760843109],[-16.187460631079624,28.52009961646856],[-16.18847562266543,28.5204139452024],[-16.188918111372768,28.520742664574783],[-16.188356687809797,28.520852779961672],[-16.188382767460784,28.520972897273545],[-16.188105126800924,28.52149321163387],[-16.18794073583174,28.522763189615333],[-16.188002733800097,28.522824111362468],[-16.188134270745223,28.52279823092008],[-16.18873660498834,28.521998171843784],[-16.189436066670957,28.521385171586513],[-16.190183465650282,28.520910289924426],[-16.190325851606886,28.52060415953695],[-16.190473279900356,28.520674169408],[-16.190605147813237,28.52090542140754],[-16.19067241236137,28.52094391244098],[-16.191363386430783,28.520904640278147],[-16.19140180907571,28.520968204123058],[-16.19107144591276,28.521169663029934],[-16.190969736594873,28.521348809200084],[-16.19144493441111,28.52188626474692],[-16.191880294407866,28.523119765427044],[-16.191738983687106,28.52365946874777],[-16.191729993351608,28.524146691872968],[-16.19162198168387,28.52485233517794],[-16.191646970017086,28.52494973613687],[-16.1917504942885,28.524985363239466],[-16.191895980945304,28.524971171154498],[-16.192151696258733,28.524524906899025],[-16.192888399514192,28.523887996614253],[-16.193003122608882,28.52324465990053],[-16.192942335518914,28.52265891309174],[-16.19307196663434,28.52231234030227],[-16.19325245518697,28.52199825483305],[-16.193746127611362,28.521792434757312],[-16.19381041329998,28.52169412890349],[-16.193784523931583,28.521544965775142],[-16.19347050592923,28.521083352195593],[-16.19347523291145,28.52099495066894],[-16.193611994785662,28.520825422808436],[-16.19362874018072,28.520733485970144],[-16.193600840330696,28.520642573201705],[-16.193417761284422,28.520446883479703],[-16.19330195563511,28.519981822055655],[-16.193327436803923,28.519567596801714],[-16.19364634937017,28.519284822817504],[-16.19367725565899,28.51915277839914],[-16.193444607280924,28.518829090750565],[-16.193450445541533,28.51849455298553],[-16.193025488630457,28.518243945852998],[-16.19283714725201,28.51782537052127],[-16.19280260904572,28.517634783575375],[-16.19291467631543,28.517414117891967],[-16.193319144492623,28.517152254729172],[-16.19369329949595,28.517111511724224],[-16.193820079985933,28.517045143047678],[-16.193888767606808,28.516937947809804],[-16.193932431792707,28.516695769855158],[-16.19414894526814,28.516476531904434],[-16.19440478593377,28.5156757933107],[-16.194438231899433,28.515243356349437],[-16.19492945246958,28.514248212897733],[-16.194948476214698,28.513905345746302],[-16.194856729335093,28.51371616496902],[-16.195425570795997,28.51324417960024],[-16.195613545775903,28.513685417926744],[-16.195722354304834,28.513683097512555],[-16.195806253982045,28.513765303825394],[-16.195976694639477,28.514308675468232],[-16.19616409497232,28.51462526621499],[-16.196084166744626,28.515039971377888],[-16.19611172255737,28.51519090655497],[-16.196580550811664,28.51547943125946],[-16.196687478880524,28.51612765118729],[-16.19708372115115,28.516188241659634],[-16.196837042901734,28.51652273522386],[-16.196800991960174,28.516642189882152],[-16.197018344786827,28.51740257163576],[-16.196993268722018,28.517588989349065],[-16.196702871303174,28.51835059511958],[-16.196720907035548,28.518608476241205],[-16.196806156357237,28.51871928083037],[-16.197001302653636,28.518417913809678],[-16.197788054525272,28.51812974377798],[-16.197958692045766,28.517992856205172],[-16.198056632106777,28.518123404261768],[-16.198416761875816,28.518342346159095],[-16.1985128652182,28.518509192695117],[-16.19864309871654,28.51862176534952],[-16.198823191301685,28.518589038147173],[-16.198926250230016,28.518241548323836],[-16.198898342187956,28.517969584635804],[-16.1991788830285,28.51752142790222],[-16.19932717573346,28.517423906692276],[-16.1995808376326,28.51744513348604],[-16.199687521165423,28.517174418358113],[-16.199817328341055,28.517059821105022],[-16.19996930120373,28.517025716183404],[-16.200184191017023,28.517068288119006],[-16.200538644601117,28.516405869365016],[-16.200810393446417,28.516362038286587],[-16.20117867254239,28.516167640013677],[-16.201393347874188,28.51614647229941],[-16.201648737427785,28.51618873656764],[-16.202240817988184,28.5157834238559],[-16.202721717616683,28.515363695380096],[-16.20272173054338,28.51531800805057],[-16.20244494404272,28.515322461729205],[-16.20222862902736,28.51543132857608],[-16.20192274197331,28.515444955927315],[-16.201543747026225,28.51561496466934],[-16.20141829503053,28.515626661058125],[-16.200933626084392,28.51540225730937],[-16.200361899549986,28.514865759970686],[-16.200136188620295,28.51478295910922],[-16.19978449693066,28.514790514911965],[-16.199592534405387,28.514686647348572],[-16.19962787468739,28.514531818182245],[-16.200332508608884,28.513780897967592],[-16.20052280280423,28.51334147829487],[-16.200298180627126,28.513208359674294],[-16.19984851937991,28.51324457061928],[-16.199609710214073,28.513116413807776],[-16.199082677391978,28.513237585782512],[-16.198948793390134,28.51321636592159],[-16.198938251577786,28.51311457869539],[-16.199123941564803,28.512722080108922],[-16.19929689628841,28.512047600539372],[-16.199462622734664,28.511938255367642],[-16.200093753408446,28.511701818114485],[-16.200659635142458,28.51168245911474],[-16.20067711631265,28.51164710505107],[-16.200129711208305,28.511374225548188],[-16.199991461790777,28.511252410490133],[-16.199458135150596,28.511189446162714],[-16.1991626958545,28.51099923231911],[-16.19914857646899,28.510886483545175],[-16.19949972272966,28.510494112600636],[-16.199712687569196,28.51011329516032],[-16.20001369831324,28.50994461229113],[-16.199727434287034,28.509871515180684],[-16.199403209413486,28.509902122051383],[-16.199304435343162,28.50982374064422],[-16.199419955788102,28.509493830299917],[-16.19954214907472,28.508807316004706],[-16.19924440739819,28.509075096465715],[-16.199129351840554,28.509114578730173],[-16.198223921397524,28.50894015988791],[-16.198106448089927,28.50885251978755],[-16.197927520053245,28.508489510511367],[-16.197650502622036,28.50831640557253],[-16.197476810322105,28.508118201059908],[-16.197451638047394,28.507635465950745],[-16.197241599625688,28.50744509965431],[-16.197140566979904,28.507206153934415],[-16.19723450358598,28.507046512803242],[-16.197512075391234,28.506834818672314],[-16.19753795014184,28.506767305195098],[-16.19738795525735,28.506502147703536],[-16.197315932159842,28.50648500199643],[-16.197154908635007,28.506232080752294],[-16.197189480347784,28.50585523030059],[-16.196643720861044,28.505679436116964],[-16.1963012210607,28.50548840239733],[-16.195930459660946,28.50505627325432],[-16.19584681341756,28.504811090147296],[-16.195776461081945,28.504809696527587],[-16.19565553906685,28.504714638381934],[-16.195221948515446,28.504636229851226],[-16.19496188116934,28.504524343715083],[-16.19475207611434,28.504348294763457],[-16.19448092643962,28.503941820716424],[-16.19423685826105,28.503689896373416],[-16.19416424085561,28.503294944342933],[-16.19425633411693,28.503069488944778],[-16.194300757026237,28.502759070653802],[-16.194756084825183,28.502098657667485],[-16.194719515394965,28.501890768562852],[-16.195120067646855,28.501742991206306],[-16.195222165464507,28.501450919810257],[-16.195340986335175,28.50131007790553],[-16.195379925285085,28.501111714675087],[-16.19562353946087,28.50145055723203],[-16.19618549369652,28.501768907609428],[-16.196509668091416,28.501758562682948],[-16.196697801227284,28.501879473218594],[-16.196906891069645,28.50188730728464],[-16.1969986126553,28.502054085929863],[-16.19752671095958,28.502101592148907],[-16.197743876123365,28.50229969362762],[-16.19815445494065,28.502376762836384],[-16.198308071117804,28.50257126285356],[-16.198680740157645,28.50264785240715],[-16.19881895762482,28.502853859824658],[-16.199329833153886,28.502934688770495],[-16.199571266044032,28.503083726761265],[-16.199702746224208,28.503224140857075],[-16.199867860723106,28.50324253932742],[-16.199914204228136,28.503310995064847],[-16.200016654057503,28.50325514290828],[-16.200020971599393,28.50295228865793],[-16.20012497804103,28.50278664495102],[-16.20010488955068,28.50261858615026],[-16.200194661754214,28.502362550875322],[-16.20013858236019,28.50208019448315],[-16.200234248362456,28.50193330723258],[-16.20068259588074,28.50179973997758],[-16.20110029951344,28.501739097749304],[-16.201733558698272,28.50177546831396],[-16.201878406947646,28.50150233796309],[-16.202028461300994,28.501355067777656],[-16.202282631482287,28.501199186636605],[-16.202439103909082,28.501226079330227],[-16.202789888563572,28.50144974201778],[-16.20340761452746,28.501693035512417],[-16.203458890558192,28.501883598033366],[-16.203396466777612,28.502025201980693],[-16.20360821470591,28.502070945554426],[-16.204279610901413,28.502409989908852],[-16.204492680720303,28.502440683813685],[-16.204757228179528,28.50256161868085],[-16.204821156311514,28.50267397045398],[-16.204643800885897,28.50296309636606],[-16.204632290968924,28.50311013416252],[-16.20474223002025,28.5031732409102],[-16.204764980432387,28.50332313392301],[-16.204859553294842,28.503397054003738],[-16.205293798970878,28.50358153916377],[-16.205693882119377,28.503596411261224],[-16.206284099931235,28.503747035418638],[-16.20645193899112,28.50405864126439],[-16.206728674183424,28.504188769253343],[-16.207076987384376,28.504593088349658],[-16.207047855390933,28.504852289629877],[-16.207080248146433,28.50505904759915],[-16.206860767105177,28.50531840517136],[-16.206936783976225,28.50563520310087],[-16.207307190824743,28.505796132262965],[-16.207449527527842,28.505751906074657],[-16.207621460453872,28.505600599580745],[-16.207898005881955,28.505736909216118],[-16.208011160338895,28.505914130477716],[-16.20866338291569,28.50653346593999],[-16.208822273479104,28.50682989494505],[-16.209012085415242,28.506827213463815],[-16.209571352238438,28.507154826954313],[-16.209546867491653,28.507010329640703],[-16.209584646870624,28.506860295999957],[-16.2096892320638,28.50682968004622],[-16.2099174183591,28.506930620689573],[-16.20980596166081,28.50649333357511],[-16.209611839012684,28.50618616311075],[-16.20962356023741,28.506061822412708],[-16.209373519031033,28.50585411420904],[-16.209351296872157,28.505737729251738],[-16.209375204843912,28.50556296279336],[-16.20958143521399,28.50511971581775],[-16.209583814539084,28.504753258233684],[-16.2096965855883,28.504491904042066],[-16.209609778298375,28.504441682526032],[-16.20955821469456,28.504301343256493],[-16.209442994860495,28.504175117828623],[-16.20941168783764,28.503932239686673],[-16.209690080228672,28.50353651953586],[-16.209602306653224,28.503455258772988],[-16.20950454302468,28.503047227310226],[-16.20920353575721,28.502981086310143],[-16.209147193573415,28.50292871606746],[-16.20900168653294,28.502572581553064],[-16.208773690383378,28.502263319095153],[-16.20873359975257,28.501990933116993],[-16.208609312204352,28.50194193777079],[-16.208356368978635,28.501729559854567],[-16.208577180982807,28.5014086339971],[-16.208608187604703,28.501290105711906],[-16.208825480625887,28.501104295922335],[-16.208861333154616,28.5009349739037],[-16.208947727792907,28.500859654491993],[-16.208892826089794,28.499960116590056],[-16.20911153899826,28.499706448803092],[-16.20941965013032,28.49966796620883],[-16.209545957180794,28.499804662068872],[-16.209869223927072,28.499921463251514],[-16.210281615834546,28.50047896291398],[-16.210428003590724,28.5005585640666],[-16.21038744560374,28.500451431208287],[-16.210423012886114,28.500067565445523],[-16.21038080378879,28.499860498535853],[-16.21042848373505,28.499633803798922],[-16.210956890112733,28.49914072513385],[-16.21169981290836,28.498635984580698],[-16.21183432933187,28.49847880601647],[-16.21202043452514,28.49812713640929],[-16.211984826478208,28.497813952101783],[-16.2120779754016,28.497307303538488],[-16.212057269976754,28.49716993907105],[-16.211831930268737,28.496830873503896],[-16.211798680225478,28.496583590544432],[-16.211844280466355,28.496427412290355],[-16.211950503402438,28.496382817682438],[-16.21234528713828,28.496363646632044],[-16.21280790957735,28.496472338548255],[-16.212946691415688,28.496374057592107],[-16.21301605301855,28.49617137497395],[-16.213102485332257,28.49614461004177],[-16.21324584093528,28.496217610611676],[-16.213474992983755,28.49613679913036],[-16.2136081813006,28.49588368031297],[-16.213655741672927,28.495891044676963],[-16.21378993183854,28.496106793080635],[-16.2137597928387,28.496446061155527],[-16.213790210215635,28.49655075643823],[-16.21393327093701,28.496749665029935],[-16.21431699915867,28.49710871149705],[-16.214366463302174,28.497214491001245],[-16.21429913983526,28.497241627555432],[-16.214309413137656,28.497287629144004],[-16.214218545826654,28.497305436022312],[-16.214313212964694,28.497560644497177],[-16.214457708221936,28.497526816412588],[-16.21466106957188,28.498156560379538],[-16.21494771437852,28.498661774381894],[-16.215074579490146,28.49909639257772],[-16.214980131006076,28.499386775774063],[-16.21502623376333,28.499558390113332],[-16.21504243729192,28.499492358925735],[-16.215212302556473,28.499363941328713],[-16.2155365836606,28.499206028050043],[-16.215771394185836,28.498956222272454],[-16.216019942687836,28.498529753949057],[-16.216169049052837,28.498377648418597],[-16.216493648526253,28.497745465901378],[-16.216607304771745,28.497349599960526],[-16.216784452620537,28.49727491643279],[-16.216863218195297,28.49730389620487],[-16.216919455017987,28.497396897120435],[-16.21695202477779,28.497754792410362],[-16.21701703393556,28.497888392756316],[-16.217610361865802,28.498371973008762],[-16.217684007772913,28.498479971449868],[-16.217809078675195,28.498914873706617],[-16.217722878123062,28.499122086787445],[-16.21772749655094,28.499317005655445],[-16.217923595204958,28.499803402699175],[-16.21802799373188,28.499926387463],[-16.21810285923537,28.499924272397454],[-16.218058448836754,28.499793710162503],[-16.218108427311396,28.49964849291215],[-16.21842044583148,28.499305704742014],[-16.2184847500334,28.498837877153736],[-16.218776264754627,28.498724005739625],[-16.218840661472147,28.498736488171794],[-16.218898600124767,28.49896846590804],[-16.219024807706308,28.49908665130403],[-16.219141017128706,28.49931449603686],[-16.219938451921383,28.499580190818275],[-16.220143037053383,28.499693231012294],[-16.220304809104242,28.499667328448464],[-16.22063408468018,28.499728272141116],[-16.219750173610635,28.499128700547953],[-16.21969050327175,28.49878184393849],[-16.21944800117322,28.498563526610532],[-16.21944478901125,28.498204159325248],[-16.21949260268704,28.49804415916431],[-16.21918199601368,28.49785675101685],[-16.21898445538835,28.497527737594567],[-16.218963496199194,28.49732551024384],[-16.219005966170343,28.4971529946289],[-16.218965323708954,28.496737751986178],[-16.219028843388557,28.496545119220684],[-16.218880440349857,28.49584117786866],[-16.218942841172524,28.495623220520937],[-16.219234578163263,28.495221937567162],[-16.218957146707307,28.49493706227568],[-16.21888387131409,28.494557104058437],[-16.218910954167942,28.494353425893287],[-16.21906191130148,28.49422899102353],[-16.219523841180123,28.494051981496636],[-16.219629425405167,28.493737279898102],[-16.220000631536738,28.49328397218883],[-16.22061146643221,28.493225860507522],[-16.22087987803279,28.493139783352426],[-16.22194113037726,28.49242937947408],[-16.2225012990043,28.492413096879773],[-16.222676141895448,28.49253219548418],[-16.223014293047335,28.49253628357295],[-16.22316975405855,28.49266933787514],[-16.22339693279764,28.49272174434064],[-16.22349699182538,28.492849457362908],[-16.22425916569896,28.49273833210546],[-16.224573212217944,28.49299509510383],[-16.224130263843453,28.4938030777934],[-16.224184472204204,28.493945680093734],[-16.224155593801818,28.49414780483186],[-16.223859413149118,28.494430353164706],[-16.223867107534293,28.494539402351563],[-16.2237279665068,28.49493843660985],[-16.223759443925214,28.495089935275217],[-16.224003164010853,28.495210126697675],[-16.224156628153075,28.495353829744865],[-16.223958754445746,28.495876970472228],[-16.224171948180064,28.496193560791994],[-16.2240888871429,28.496485652383658],[-16.224545419353564,28.496574665239336],[-16.22463222980321,28.496677351539418],[-16.224678541652526,28.496844610176158],[-16.22462347366272,28.49705428157221],[-16.22427542482157,28.497696910588868],[-16.22423454708448,28.497899540465188],[-16.224804833226937,28.498159770402783],[-16.224923205343753,28.49832974600477],[-16.225038124170887,28.498655370408084],[-16.2250233911911,28.498730523216587],[-16.22486172385742,28.498847533871096],[-16.224707588733338,28.49906034540014],[-16.22468228601783,28.499294306956227],[-16.224513516994758,28.499595402264234],[-16.224583349921133,28.49988836375262],[-16.224515408493975,28.500207883149933],[-16.22455450667791,28.50027585394636],[-16.224900393127385,28.50038582652869],[-16.225020765220766,28.500624603949166],[-16.225161027962503,28.50064241891755],[-16.22540693606677,28.500773869570704],[-16.225871768718367,28.501327372321317],[-16.226336143378067,28.501768953967453],[-16.226955188334195,28.502072065213856],[-16.227280739334564,28.50176454506771],[-16.22757965151048,28.501321284417394],[-16.22783408636327,28.50114433633473],[-16.22823632184495,28.500595228820504],[-16.228679533334365,28.50032721773565],[-16.229531100312975,28.5002953369906],[-16.229924691514555,28.500108160924437],[-16.22964265714836,28.50006873541139],[-16.228637441621448,28.499462197361105],[-16.228638637011024,28.49937576739973],[-16.228743179463265,28.499205910056197],[-16.228727935012635,28.49914232785436],[-16.228283880766504,28.498910144402345],[-16.228160406847348,28.49871125514433],[-16.228176686644165,28.49827578102947],[-16.228389337720195,28.497901782929045],[-16.2289167378241,28.4978105328732],[-16.22945240233096,28.497484831846112],[-16.229083948851933,28.497385120167156],[-16.228492605835626,28.496898639748395],[-16.228435819533587,28.49677667693374],[-16.228483748834762,28.49663670945583],[-16.228696318736525,28.49642276086204],[-16.22868975898475,28.496299215899047],[-16.228774971290218,28.496103106594152],[-16.229029392030476,28.49570007392184],[-16.228878107326956,28.49564015863703],[-16.228563848394174,28.49563126640163],[-16.228069093018327,28.495808368379667],[-16.227970714039376,28.49570912827416],[-16.22783542500747,28.495254336808724],[-16.227887429936814,28.495111643091224],[-16.228075228063414,28.49497222623449],[-16.228721240992854,28.494719080003026],[-16.228578023709854,28.494217653933053],[-16.228621388823203,28.493890114444145],[-16.228579287785873,28.493694298528773],[-16.22878294925387,28.493202146917024],[-16.228812106288814,28.49272673551491],[-16.228760386728222,28.492171457414074],[-16.228835728792955,28.491778798503947],[-16.22898877490456,28.491691401769064],[-16.229159636824576,28.4917653101072],[-16.229308607406015,28.492050071546274],[-16.229511131463706,28.492162024403026],[-16.229619436041297,28.49230159893953],[-16.229674245216838,28.492421440199568],[-16.2296628342895,28.49260834432574],[-16.229869756217,28.492493229256283],[-16.230025825446358,28.49251236814797],[-16.23007787755921,28.492152059238098],[-16.2303821970784,28.49173114431591],[-16.230477464305345,28.49096058681943],[-16.23066384764245,28.490889475350148],[-16.230837745684205,28.490894002114423],[-16.23102198999052,28.490723971935324],[-16.23139421288008,28.490631879863226],[-16.231658287289108,28.4904991591437],[-16.232042438810144,28.490523007174122],[-16.23254207652901,28.490807582723832],[-16.23266859719058,28.490618163490417],[-16.23267969017205,28.490456235630035],[-16.232720902955,28.490424723915435],[-16.233165032027948,28.490525030440786],[-16.2337178329847,28.490506187393976],[-16.233902403053783,28.49042700115016],[-16.234049665050513,28.490273223649076],[-16.234043980066733,28.49006550822814],[-16.23417437195925,28.49003443199728],[-16.23432656849515,28.489856168351313],[-16.234582960323284,28.48904435189887],[-16.23478483828256,28.48868735582809],[-16.234810340512038,28.488276833905804],[-16.23474955821608,28.48814262622905],[-16.234916023548365,28.487960062571947],[-16.235332242268736,28.487787233330476],[-16.23543647269505,28.487851269746702],[-16.235469624957734,28.487967289116607],[-16.23554620950512,28.48878825658324],[-16.235666899646635,28.48897518782149],[-16.236098275196664,28.48927976657415],[-16.23620385343834,28.48941021775438],[-16.236441274740102,28.49041882385146],[-16.236863081837758,28.490305019885547],[-16.236956872768197,28.490326802402205],[-16.237136373671635,28.49060077140777],[-16.23721491711352,28.49116261560914],[-16.237574243759813,28.49104255478707],[-16.23777219213787,28.49107086151101],[-16.237946222039,28.491281032830365],[-16.23809999679428,28.491658630753548],[-16.238334610343554,28.491675429108117],[-16.23847176177205,28.49173764684009],[-16.238707320263725,28.491955235038656],[-16.238863196790756,28.492206293520166],[-16.238969303003373,28.492859042572967],[-16.238782618738846,28.49375720065662],[-16.238596339927163,28.49392907379356],[-16.238558369631114,28.49428639586848],[-16.238307816175542,28.494347777619364],[-16.23836263323308,28.49454612774412],[-16.238326355830626,28.49478949657424],[-16.238164433815633,28.494991427751753],[-16.238162129486206,28.495126614436163],[-16.237942763286018,28.49530870713374],[-16.23790003483165,28.495402961357836],[-16.238010572390845,28.495632844585558],[-16.238067282286444,28.496252451131838],[-16.238213115651455,28.49631836252745],[-16.238548454999236,28.49668787915073],[-16.23855966389923,28.49779655765501],[-16.238660113559696,28.498209460594197],[-16.239031096088233,28.498529958442766],[-16.239301261839525,28.498282083355065],[-16.240157955194903,28.497927654409512],[-16.240917981982534,28.49780627420028],[-16.241103142571955,28.497538602665195],[-16.24166991559474,28.497019876272933],[-16.242632067788,28.49670223118567],[-16.2429529911774,28.496695415758552],[-16.243102531626548,28.49676264174061],[-16.243431434043362,28.497061715797887],[-16.24390364168957,28.49712516721211],[-16.243812653679235,28.496864721467656],[-16.2435424919663,28.496591465296856],[-16.243576072328523,28.49647545146515],[-16.243449530337855,28.496227903208016],[-16.243345628138876,28.495572394737522],[-16.24281903941154,28.49486311495614],[-16.24256130113188,28.49435896148193],[-16.24244426527227,28.494257953155007],[-16.242589843192874,28.494083152659698],[-16.243119192457105,28.49396486214755],[-16.242780342490388,28.493801169871087],[-16.242401062999303,28.49351492824273],[-16.24212655580853,28.493378164837342],[-16.24172799656082,28.493018169691318],[-16.241641868350392,28.492825630616416],[-16.24162389196152,28.49265051993302],[-16.241839653016314,28.492328144253193],[-16.241652212368514,28.49198896403177],[-16.241665531817336,28.491268608678748],[-16.241446583881995,28.490900292780168],[-16.241323104058157,28.490527494523715],[-16.24079028226108,28.48997019752026],[-16.24078620001779,28.48981505053019],[-16.24085414714181,28.489606392799878],[-16.240824252007613,28.489539696554598],[-16.24041679621994,28.48935207476524],[-16.240503235306257,28.489082326392207],[-16.24002536475433,28.48877846579571],[-16.239493121111256,28.487823287124705],[-16.239455430602955,28.487624338841204],[-16.239630178365946,28.487200984149883],[-16.23951323947747,28.486731280615068],[-16.239492660491237,28.48642126197369],[-16.239181259054693,28.485744932191658],[-16.239141677081477,28.485530847164803],[-16.238883573686437,28.485166854485872],[-16.238884803434512,28.48493967148686],[-16.239079183566975,28.48454782701474],[-16.239402385710168,28.484298385583195],[-16.239765856051015,28.48381816426878],[-16.239802375883578,28.483612681666475],[-16.239906607691548,28.483449633172206],[-16.240405465923615,28.48297295894384],[-16.24066155362235,28.48300726582136],[-16.241033913506868,28.4827202953105],[-16.241168620652648,28.482525459696177],[-16.2414085363801,28.482351866090283],[-16.241695335395974,28.48195096096811],[-16.24191683875741,28.48179198447183],[-16.241710015711973,28.482393753145452],[-16.242024683348912,28.48310257535742],[-16.24207151361512,28.483319364117477],[-16.242063374824006,28.48362161202291],[-16.242221600331995,28.484293729969462],[-16.242350621192244,28.484419494589535],[-16.242519901746537,28.4847346521077],[-16.24279772902236,28.484812268047826],[-16.243112633992705,28.484816239350593],[-16.24327466144773,28.484900933098558],[-16.24339658469021,28.485074659853012],[-16.24339660490193,28.485407700235452],[-16.243331132370592,28.485504330236502],[-16.243348415594497,28.485553045196674],[-16.24341981223718,28.48562809801364],[-16.24371577064493,28.485756774841036],[-16.24400332239002,28.486228794295634],[-16.24487473295143,28.486013411921405],[-16.245030220545114,28.485735447155864],[-16.245305352162834,28.48601998276866],[-16.245800152685685,28.486404853935824],[-16.245876058416773,28.486666258362234],[-16.24598199057215,28.48669209319452],[-16.246180791664063,28.486892712559875],[-16.246770647021563,28.48790024293428],[-16.246821442686176,28.488114402969778],[-16.246715579326306,28.48847539122991],[-16.246913620146618,28.488541356197672],[-16.24718587062305,28.48876743797326],[-16.247423443496128,28.488889566047742],[-16.247958585618832,28.48942718476074],[-16.247988212806895,28.489566266112867],[-16.24790442872854,28.489782202612215],[-16.247935500466184,28.489826954491047],[-16.24811571530125,28.48986230439843],[-16.24826088731421,28.490019007468568],[-16.248343643199995,28.49016724004865],[-16.248325733459367,28.490338184538103],[-16.248777757119008,28.49039639876108],[-16.248880337616008,28.490505106826195],[-16.248833165841365,28.490657447932243],[-16.248851440678013,28.490780567992772],[-16.2493722863537,28.490939864946544],[-16.25001309876546,28.49131845869404],[-16.25033081613183,28.491613196594415],[-16.250720768904987,28.49181313344179],[-16.25079719778634,28.49196153992982],[-16.250750022337602,28.492206103879653],[-16.250808166715103,28.492276689531852],[-16.250895928998926,28.49219143063079],[-16.251543531916454,28.491956385124688],[-16.252027837941043,28.491663254655307],[-16.25261198011593,28.491437444090074],[-16.252787101910044,28.49127125991285],[-16.25245260841321,28.491191488514914],[-16.252280855858082,28.49098449239096],[-16.252249592042634,28.490825841952216],[-16.252377572688356,28.4906246585843],[-16.252200188674326,28.49056970305549],[-16.25222517051548,28.490409902680074],[-16.251941996433043,28.49042465925063],[-16.2513778477308,28.489975457590308],[-16.251232613448657,28.489623266860708],[-16.25085911481226,28.48936261895306],[-16.250433519247952,28.488769237801794],[-16.250488523346753,28.488594350696193],[-16.250306524987874,28.48850288186496],[-16.250369617398572,28.488317369630202],[-16.25029855101074,28.48809144779928],[-16.250019436661294,28.487780866772567],[-16.250213686933908,28.48746436219705],[-16.24980603012555,28.48727767309858],[-16.24981377794286,28.48721559685541],[-16.249961382129566,28.487067214783615],[-16.249789543724653,28.486988106911223],[-16.249611460915244,28.486760406625223],[-16.249428979762627,28.48623716213868],[-16.249046940425682,28.48562008086291],[-16.249053031226556,28.48539375615328],[-16.248812228032463,28.485044335656276],[-16.248737616600994,28.484876064011548],[-16.248709027680576,28.4846341729667],[-16.24845121655672,28.484193371510646],[-16.24816080604053,28.48351591375587],[-16.24766143190763,28.483008283126637],[-16.24743375758823,28.48268861372346],[-16.2474441104623,28.482557793604904],[-16.247664616730297,28.48225208072343],[-16.247861066619926,28.481836143427046],[-16.247909061860202,28.481124106530224],[-16.24782164610292,28.48085685187277],[-16.247741456479567,28.480856685246234],[-16.24770512220533,28.480563870854034],[-16.247725640066847,28.480171615383473],[-16.247819648231626,28.479870113661768],[-16.24831617867159,28.480607089909558],[-16.248620798099118,28.480760704474825],[-16.24897117735495,28.481268148252944],[-16.24920151530765,28.481466849157925],[-16.24978830136009,28.48171263576093],[-16.250628646672542,28.481821246970593],[-16.251034964194815,28.482000004078362],[-16.250997938181314,28.48176198185085],[-16.25103952196295,28.481693366600453],[-16.250958402914495,28.481495651706673],[-16.25082699693968,28.481401199613448],[-16.250656958637702,28.48114642211359],[-16.25062901460808,28.481063554471298],[-16.250667996275688,28.480947489231678],[-16.250482154103846,28.48053209495485],[-16.250320941778117,28.480466193288184],[-16.250379777450895,28.480162486265407],[-16.250331247998307,28.47983916138648],[-16.25046288267661,28.4794572469183],[-16.25048445529314,28.479180543798417],[-16.250238054524758,28.478203414860026],[-16.250987208853125,28.478329486979398],[-16.251413709985993,28.478532708065668],[-16.251595235073125,28.47878898595487],[-16.25173573631289,28.478846712238344],[-16.252059592454284,28.47913824995302],[-16.25233277861117,28.47947342241921],[-16.252574387206657,28.479877611990094],[-16.25275356328968,28.47987194712641],[-16.253340538323783,28.479995421497396],[-16.253814524419045,28.480161001193398],[-16.254269533217474,28.48007850058426],[-16.25457070430929,28.480123916175113],[-16.254769180451643,28.48021296298698],[-16.25464961984869,28.480366344114064],[-16.254593027567697,28.480546834281917],[-16.25462243549541,28.480716142558787],[-16.25492954796224,28.480862129341396],[-16.254970111327506,28.48101156877143],[-16.254936888436937,28.481181455035376],[-16.254716281895178,28.481398071678864],[-16.254693935209197,28.48149517538085],[-16.25476005451219,28.48178874145743],[-16.254847774148985,28.481922907819698],[-16.255170579149265,28.48207220586836],[-16.25524309168599,28.482244581780286],[-16.255457233239863,28.482474486947076],[-16.255497414981484,28.48259327015756],[-16.255455826228555,28.48271824178857],[-16.255374391180244,28.482784753321333],[-16.255555107095585,28.48316724464026],[-16.255536877635983,28.483281621275463],[-16.25537145557799,28.48352886722426],[-16.255384133110326,28.483608354801277],[-16.255643543242453,28.483692477358492],[-16.256017444057697,28.4840060070523],[-16.256131465975482,28.484046488809913],[-16.256922963390863,28.48409801057639],[-16.257589486565692,28.484306336953356],[-16.2581954700216,28.484231513886826],[-16.25866702820186,28.48404718127158],[-16.258839772261755,28.484087117068206],[-16.25923330313152,28.484256517840073],[-16.25959626801948,28.484488494360676],[-16.26005786878321,28.485114094602828],[-16.260338312023876,28.485137371016712],[-16.260464822872514,28.48524002699457],[-16.260489959741435,28.48537822639877],[-16.26045212372477,28.485489328583235],[-16.26058925449286,28.485827224744916],[-16.26093475994108,28.485907081859644],[-16.260937802721383,28.486163159961976],[-16.260838637914386,28.48638557339721],[-16.26077260925119,28.486759956936158],[-16.260783075125808,28.486981362583794],[-16.261130036978873,28.487300334989317],[-16.26124986842396,28.487499958383754],[-16.26130178066794,28.487914773923634],[-16.261467612673645,28.488030909039058],[-16.26153164698679,28.48814798865932],[-16.261600299673155,28.488652632408588],[-16.261943173195878,28.48878521975885],[-16.26233292738124,28.48861123667823],[-16.262844419846125,28.489082668669322],[-16.26378812693736,28.489612446876713],[-16.264012174511855,28.489854682543648],[-16.2643750238046,28.49049195212134],[-16.264480690513583,28.49081629132262],[-16.264440301103782,28.491370404995966],[-16.26454180126263,28.492058192234186],[-16.26485880610817,28.49237364226709],[-16.265122237405684,28.492793418792434],[-16.265229861861435,28.493281505559015],[-16.26503080704878,28.493513398640022],[-16.265019438090132,28.49358807261902],[-16.265311416383106,28.49435123547149],[-16.265759617318658,28.494740273541986],[-16.26610448853894,28.494905476111644],[-16.267230376424994,28.49568770421935],[-16.2680435009864,28.496454882791333],[-16.26856592654618,28.496721185745134],[-16.26907478592657,28.49716841062674],[-16.269279650950576,28.49719431393215],[-16.269453874559076,28.497290035000383],[-16.269559635913065,28.497581091817484],[-16.269847269901543,28.498075804833217],[-16.27038266390132,28.49876614702864],[-16.270450005463545,28.499134052562834],[-16.271449651369966,28.500004447908108],[-16.271531312559972,28.500254003858476],[-16.2714202295923,28.50083218243996],[-16.271417614672643,28.501270273543188],[-16.27152571988946,28.501756002791623],[-16.272214544776492,28.502302606413195],[-16.272504697282592,28.502223408472346],[-16.272782287745734,28.502408546519057],[-16.273439158565058,28.50272920295157],[-16.273685788143776,28.502956362688497],[-16.273867483962892,28.503017232779293],[-16.274352870727913,28.50347161492723],[-16.27465299035171,28.503566148248876],[-16.274916360054423,28.503876579456634],[-16.275512907074315,28.504061616071713],[-16.275945763327076,28.504071460645886],[-16.276048621475468,28.50411916883218],[-16.27638296117267,28.50444283875008],[-16.27644874776485,28.504678632210055],[-16.276552778549352,28.50482367696215],[-16.27690963287994,28.505056744570744],[-16.27714037481785,28.50527012979432],[-16.277324672923093,28.50554653329191],[-16.27747063480661,28.505906745748362],[-16.278013639894347,28.50656916726653],[-16.27853806179831,28.506630471362072],[-16.278823037586815,28.506773811583745],[-16.279189385064335,28.507029782742343],[-16.279411731630645,28.50735018680266],[-16.279789973078138,28.507724987933887],[-16.280737640373687,28.507948836813302],[-16.28091331975234,28.50816273420666],[-16.28103166527595,28.508189434778966],[-16.28141282294438,28.508477884301985],[-16.28211503283264,28.508638139628466],[-16.282162821303775,28.508686362605577],[-16.282132531836837,28.508783996233316],[-16.282008588783835,28.50894509554158],[-16.28206550526104,28.509097538809677],[-16.28232546250311,28.509122892939526],[-16.28285492675236,28.509312590704262],[-16.28301939061434,28.509248464852643],[-16.283290379209593,28.509264182151504],[-16.28338622061112,28.5093814914022],[-16.28367003149768,28.509427484310663],[-16.28430270340133,28.509692682321607],[-16.284586515445447,28.509738673273652],[-16.28479267167269,28.509868846602895],[-16.284905512607754,28.51009028223192],[-16.28498077985757,28.510458103723487],[-16.285341727802223,28.511024867876003],[-16.28530382675279,28.51114343178002],[-16.285356675958703,28.511608812740054],[-16.28529652295009,28.51183884295766],[-16.285309447929777,28.51225592771068],[-16.285617358644316,28.512450832666506],[-16.285792549389846,28.51262300353847],[-16.286033048438224,28.512989260384877],[-16.2860623011097,28.51345486421121],[-16.285973285351254,28.513900720835345],[-16.28581135690156,28.514173438806264],[-16.285616768531867,28.51434911798611],[-16.2855327604945,28.514558507316494],[-16.285584095168883,28.514898747406995],[-16.285571448811144,28.515722125333497],[-16.28540072164715,28.515975702052806],[-16.285676675166393,28.516410216564164],[-16.2857945661074,28.516687488344605],[-16.28542235550215,28.51733059345736],[-16.28492891811606,28.517850610065885],[-16.284940250068573,28.517926433313185],[-16.284797856944365,28.518203857093326],[-16.28443186462201,28.51850180678691],[-16.284539733669977,28.5188113768696],[-16.284357682315633,28.519129243680943],[-16.284341475116488,28.519370124528624],[-16.284577284224557,28.519761203521597],[-16.28473477680707,28.51987014852659],[-16.283098831701963,28.522768358373874],[-16.28275450328357,28.523567638798703],[-16.282461241959776,28.524077092021237],[-16.28286228835205,28.523967256854363],[-16.28311699650622,28.523982901739558],[-16.283504486866324,28.523755863014717],[-16.283657797250374,28.523968766658584],[-16.28378861344427,28.523985581055395],[-16.284203270026488,28.523839511876776],[-16.284457029594307,28.52380326738375],[-16.285995086774047,28.524179061189614],[-16.286869694745985,28.52422493001419],[-16.28717886456655,28.523991853945553],[-16.28785283771227,28.52374178085436],[-16.288247097521484,28.523941112693926],[-16.288333752026897,28.52405536409142],[-16.288133402489215,28.52417685018864],[-16.287793400217613,28.52450047426818],[-16.288001298949727,28.524868542564477],[-16.288006141767124,28.525161820654194],[-16.28793715664052,28.525345238221302],[-16.28756149210569,28.525888064759098],[-16.28754408802853,28.526032635404093],[-16.28738314676568,28.526165028581964],[-16.28732389926404,28.526124976042382],[-16.287024253991156,28.526143610083587],[-16.286805991103,28.526341979567444],[-16.28693807771758,28.526857429633704],[-16.287275904126084,28.527194935323262],[-16.28764381758711,28.527353904169846],[-16.28806091376018,28.527749321029145],[-16.2882099228822,28.52729212758804],[-16.2883457681827,28.527223148944216],[-16.288476050136055,28.527221913074335],[-16.288654115229946,28.527342065952293],[-16.28862585076883,28.52761760729297],[-16.288694557237633,28.527831307453315],[-16.28876645920044,28.527835137878867],[-16.28913813325322,28.52743675159811],[-16.28920952344359,28.527424792291946],[-16.289334232793422,28.527464222556873],[-16.289519773897354,28.527647480729783],[-16.28963012116933,28.52763515132187],[-16.28971310313668,28.52752605919529],[-16.290088962040517,28.52736680236664],[-16.290747644567492,28.527380851296947],[-16.291042033254133,28.5274547687308],[-16.291732351458073,28.527391796725524],[-16.291960914173114,28.527017327329972],[-16.292072616420732,28.526671045339107],[-16.292278179676856,28.526479557443757],[-16.292771203602236,28.52673660064753],[-16.293243537327875,28.526501957872053],[-16.293329108789905,28.526553038787963],[-16.29372762975321,28.527413419772504],[-16.29382673511978,28.527500472789658],[-16.294042314156084,28.527527751351407],[-16.29410846350162,28.5275835294566],[-16.294171428428207,28.527849176997655],[-16.29482822252773,28.527734612979906],[-16.295015892160333,28.527647082999792],[-16.29536403737158,28.527415873286735],[-16.295663341461793,28.526977545893356],[-16.296191643781913,28.526593441021653],[-16.296352132520198,28.526424940618686],[-16.296675787534415,28.52588935631027],[-16.296701066275894,28.52596788015971],[-16.2967908587977,28.525794827431234],[-16.297478324112085,28.524966929505066],[-16.297563993993123,28.524736037263033],[-16.297773583384366,28.52442114455463],[-16.29752754522305,28.523885142783477],[-16.297536154234223,28.52373782119438],[-16.297734569146442,28.523360913892724],[-16.298250752863986,28.523001682701956],[-16.29851520830694,28.522934930570436],[-16.298905359403737,28.52269755242391],[-16.299109873726785,28.522165231778885],[-16.299160016725153,28.521690922050368],[-16.29948856502199,28.520782935238245],[-16.29981245122683,28.520450844877836],[-16.29995531507341,28.520214810007943],[-16.29992517116455,28.51987920249395],[-16.30005293766215,28.519261395803383],[-16.30100017012652,28.51945708514583],[-16.301809363392188,28.519433231762605],[-16.301973477483614,28.519351180034914],[-16.30229504759574,28.518884827243852],[-16.302623057799025,28.518768053404283],[-16.30312448638713,28.518726962460025],[-16.30340335867545,28.518777536508903],[-16.303739524374684,28.518667631261486],[-16.304095544166138,28.51861836533331],[-16.30436945999027,28.51863983315839],[-16.304713866912614,28.518543745406646],[-16.30495201363448,28.51862295668512],[-16.305147949866807,28.518577030759083],[-16.30560335560645,28.518159655657147],[-16.30574374333082,28.518117060598925],[-16.30578122504332,28.517966157850907],[-16.306207552388248,28.51773516256453],[-16.3063505262327,28.517604003564596],[-16.30654823445682,28.51760255349276],[-16.306878804598288,28.517760385619646],[-16.30710800786865,28.517727584615752],[-16.30729319137451,28.51761370815079],[-16.30743818921491,28.51733198612613],[-16.307714287307338,28.51724069995069],[-16.307867117269385,28.517279120641575],[-16.308353173857714,28.517558016059752],[-16.308738827496107,28.517335527486274],[-16.308977400323187,28.516961114867623],[-16.309404027894697,28.516788410458243],[-16.30962899375985,28.516627937790485],[-16.309716599322815,28.51649017909568],[-16.309886085615464,28.51643773245837],[-16.310203197929287,28.51655660660308],[-16.310564113357252,28.516581825865337],[-16.31070253635181,28.516661628062934],[-16.310715142199868,28.516879467923133],[-16.31043131292341,28.517427786661173],[-16.310433079288487,28.517835082297882],[-16.310822921382066,28.518141521408683],[-16.31149568420591,28.518420679385823],[-16.311530866918144,28.5185140225038],[-16.31142510219889,28.5186045747086],[-16.311037527370083,28.51873773875288],[-16.31086391595921,28.518936075815493],[-16.310780123056958,28.51938210325405],[-16.310618769559596,28.519538895536915],[-16.310552274011652,28.519549374666063],[-16.31045554868172,28.519751301602465],[-16.31030902873899,28.519802083465365],[-16.309940449796365,28.51978605326023],[-16.309743833695357,28.51990924937774],[-16.30968476596257,28.520099079796477],[-16.309897122649392,28.520480427726277],[-16.309892261237792,28.520616215372495],[-16.309476018330997,28.520880410377952],[-16.30903211256657,28.52104214455633],[-16.308814935165717,28.52121432839749],[-16.308736027091697,28.52141960237492],[-16.30846968243965,28.521614678272513],[-16.308419510394174,28.521738988922426],[-16.308488431365383,28.521792386694244],[-16.3084461222833,28.521941080221612],[-16.308161003130063,28.522221354886867],[-16.30842984341651,28.522112357057715],[-16.308733370202802,28.522089757819483],[-16.309441370910317,28.521605134367757],[-16.309608847657465,28.52166227463226],[-16.309936267475134,28.521679605037306],[-16.310170134457103,28.521833306993535],[-16.310531855154856,28.521674311476],[-16.310755331401804,28.52162405030643],[-16.310887645920914,28.521663838654046],[-16.311084136995003,28.52160472179725],[-16.311347414534715,28.521665899124798],[-16.311884204870182,28.522045374749695],[-16.312407944783242,28.522171182520783],[-16.312488549092716,28.522276631613554],[-16.312439433435863,28.522444615927107],[-16.312182991765724,28.52264682354811],[-16.312115237653828,28.522778615803144],[-16.312130782845323,28.523051932521614],[-16.312043481659774,28.523156657128414],[-16.311932068087625,28.52317921349603],[-16.311711279624166,28.523083601687368],[-16.311236455414456,28.52318665229808],[-16.311115741822853,28.523266969515188],[-16.310921725197,28.52360891585093],[-16.31091480684925,28.52387568056042],[-16.31085125865177,28.524025482246266],[-16.31049375300529,28.524360612144207],[-16.30985632573516,28.52432226584643],[-16.30965565256204,28.524415537041772],[-16.30950986438485,28.52459221422484],[-16.309152648437628,28.524645296877697],[-16.30887860088104,28.524788191336818],[-16.308887724494554,28.524947670962263],[-16.30928743519636,28.525232177320632],[-16.309318163879603,28.525328903215897],[-16.309751216751774,28.52551624513204],[-16.309864204312937,28.525719939854557],[-16.309602563612096,28.526279685497734],[-16.3092049479396,28.526735686798546],[-16.308827866956204,28.527067391080028],[-16.308933682428513,28.52723649845726],[-16.30916736350216,28.52729155692597],[-16.30937547443203,28.527419244480782],[-16.309370315464392,28.527547543861594],[-16.309278641698327,28.527712417487326],[-16.30945993356213,28.52803485881445],[-16.309462011327305,28.528112005168865],[-16.309420697212037,28.528208974286283],[-16.30912546855705,28.52842481757311],[-16.30922980682928,28.52866442654049],[-16.308995914825104,28.529121827300166],[-16.308939025968506,28.52976136737692],[-16.308611995145995,28.53000089167243],[-16.308450156839324,28.53004550168876],[-16.308448952941777,28.53014659673541],[-16.30835778515758,28.530178973370628],[-16.308418728413212,28.530214848493078],[-16.30862944755688,28.53028854056254],[-16.308785679006437,28.53023676411398],[-16.309069619065724,28.530248197264466],[-16.309138327773926,28.53005240784378],[-16.30930237683166,28.52993864185401],[-16.309496088500822,28.529636863299338],[-16.309814342093784,28.529539028633945],[-16.309886373911304,28.529430301010887],[-16.30991133354495,28.529225637099287],[-16.310004513926504,28.52914125427124],[-16.310310252517336,28.5290067159486],[-16.310576262993823,28.528692595736157],[-16.310756199073527,28.528632465565607],[-16.310974419340145,28.528676568906093],[-16.311121230231386,28.52863183025608],[-16.311222207626738,28.528459194125602],[-16.311160343407686,28.527828742050314],[-16.311258355808377,28.527705593189463],[-16.31163412918925,28.527656657736745],[-16.311960270289543,28.52741244184316],[-16.312501859984348,28.52752507968009],[-16.31280688172124,28.527687926528717],[-16.312883468239274,28.52766669879359],[-16.313101821104276,28.52735059766477],[-16.313221069045863,28.527291953550105],[-16.31388817236201,28.527208425711834],[-16.31420571609547,28.527013114603456],[-16.31485119763754,28.526875639503643],[-16.31498851682973,28.52695571827369],[-16.31532359809822,28.52730066966454],[-16.31549378989286,28.527707145299857],[-16.31573965798163,28.527418391011697],[-16.31573622770282,28.52716688921536],[-16.316004622239124,28.526972320853417],[-16.31617119445755,28.526733612239894],[-16.31636688924576,28.526708610965162],[-16.317252140657175,28.526861310320033],[-16.31797670776291,28.52731475164011],[-16.318225287641283,28.52708029895749],[-16.318416217457322,28.526779167033375],[-16.318617154771307,28.52633795541174],[-16.318724996272895,28.525716329277955],[-16.319012134776653,28.525304334357475],[-16.319349465705685,28.525345191769105],[-16.32008486724905,28.52573335412552],[-16.32042694067631,28.525728223998488],[-16.32068390293919,28.525420941651507],[-16.3209688382405,28.525201744374193],[-16.321009994112494,28.52487174054052],[-16.3212292418508,28.524670780902994],[-16.32131416251663,28.524416795463118],[-16.32169949403359,28.524299869349864],[-16.321900704520807,28.524168669158243],[-16.322201297368945,28.524402115714164],[-16.322281794209637,28.524661801899967],[-16.32258467653775,28.525004792226245],[-16.32313467645378,28.525013695532742],[-16.32345213661209,28.525075404203555],[-16.323707194566964,28.525254507457696],[-16.32398428680831,28.525348648018188],[-16.324580394371548,28.525522439131112],[-16.32517441909916,28.525605543830597],[-16.325455723295644,28.525633484936225],[-16.325961415726173,28.525519875755933],[-16.326821702206445,28.525478252600514],[-16.327670076383303,28.525984926641677],[-16.328360542307212,28.526670991644277],[-16.327613281658977,28.52680717888715],[-16.32705689647975,28.526848094636396],[-16.32697520079106,28.526928622114177],[-16.327030403613364,28.52713407563935],[-16.327303348559816,28.527317455544537],[-16.32801353815684,28.527596235366484],[-16.32898960719209,28.52779267170851],[-16.329599461589655,28.52786311979305],[-16.330244807215852,28.52806611456657],[-16.330873826390278,28.528465276908637],[-16.331077338692275,28.528805484447165],[-16.33127808671714,28.528926449945523],[-16.33171183096764,28.52874278438806],[-16.332361655989708,28.52870318906463],[-16.33329271253505,28.52890668719179],[-16.33379436853662,28.528742285152422],[-16.33432466195539,28.528464639810604],[-16.33444489765486,28.528460137199467],[-16.33453531254466,28.5284758643028],[-16.33503245589369,28.52884973233011],[-16.33522110009322,28.528904357905844],[-16.335985891441755,28.528740681933577],[-16.336320832055957,28.528770608717515],[-16.336464321670686,28.52882235554413],[-16.336682264653813,28.52911257477035],[-16.33662506500955,28.52934570946136],[-16.336346601802738,28.529620876991046],[-16.33631373318662,28.529697617221142],[-16.336352615106218,28.529800230821643],[-16.336753562824587,28.53029464132681],[-16.337095372031293,28.53057035530971],[-16.337694049192358,28.530647519118798],[-16.338113623591948,28.530829441206784],[-16.33844518865812,28.53088929647196],[-16.338786975181637,28.530865990812895],[-16.33894738085085,28.53076806494252],[-16.339314344895836,28.53065480782073],[-16.34001442793804,28.53072430965495],[-16.340427513354147,28.530690332493574],[-16.340619587303355,28.53071833721639],[-16.34091929696481,28.53093465560712],[-16.34146756772943,28.530889376559017],[-16.34201746903064,28.530973636512247],[-16.342399079378016,28.531126019669447],[-16.342662696853324,28.531163278130673],[-16.342940671882175,28.53114724447494],[-16.343655758649714,28.53091757294038],[-16.343821142177042,28.530915936562053],[-16.34390058444193,28.5309550149207],[-16.344106548340502,28.531516160320592],[-16.34425829994249,28.531777039920197],[-16.34478379049215,28.53207118628015],[-16.345009565640765,28.532376286606045],[-16.34510632481295,28.532434118615143],[-16.345597344978277,28.53206748688523],[-16.34667891258943,28.531424909670815],[-16.347037750079995,28.531143274548302],[-16.347393022413165,28.530641783199382],[-16.34781355386962,28.529724311301997],[-16.348113024527525,28.529332387686857],[-16.348265933784877,28.52893382285736],[-16.34834938666877,28.528873707632687],[-16.34838182080762,28.528757925862116],[-16.34861418764413,28.528605294467734],[-16.349029044440012,28.528456960242515],[-16.349267582251283,28.528442334408798],[-16.349380043486786,28.528333816888235],[-16.349809382899007,28.52826198768844],[-16.350212554555814,28.52797644721698],[-16.35032468870306,28.527974664524926],[-16.350569306734283,28.528122836186263],[-16.350745790102952,28.5282964141534],[-16.35102833250236,28.528799467676535],[-16.35109720772174,28.52911247221786],[-16.351281713735432,28.52944369438955],[-16.351599375998592,28.52952546974623],[-16.35177465517822,28.529696458965887],[-16.351933238700113,28.53030080668733],[-16.35199492728232,28.530366735533253],[-16.35230635642062,28.530563579568845],[-16.35315767500903,28.53064273477677],[-16.353799309085094,28.53094171737965],[-16.354012689762342,28.531193207688915],[-16.354200541597134,28.53188581585783],[-16.354331541409945,28.532075546194328],[-16.354498360254244,28.532078963646505],[-16.35497389028778,28.53184951015987],[-16.35512476823221,28.53184830253587],[-16.35524030609437,28.531908557129857],[-16.355528410221673,28.532515524237176],[-16.355406819648962,28.5331195316507],[-16.355493141215298,28.53334272088453],[-16.355832849790296,28.53342830013927],[-16.356665987901582,28.533143338801526],[-16.35694256202201,28.53315897789314],[-16.357045006744173,28.533242845296687],[-16.357160367609648,28.5334788929121],[-16.357317598100924,28.53401145117071],[-16.357725121223577,28.53433395429759],[-16.3583408060313,28.534442092297525],[-16.358484852813337,28.534644232826764],[-16.35854027294912,28.534868694719396],[-16.35855477460218,28.535054279252982],[-16.358491541428908,28.53516564204767],[-16.35810831064552,28.535429845410125],[-16.357607719509513,28.5354448219128],[-16.35757414279705,28.535481980422375],[-16.357359328078665,28.53543411918914],[-16.357128402322967,28.535732011711808],[-16.356008052904574,28.5359851697943],[-16.35524680392107,28.53649168286943],[-16.35482064555515,28.536860734312743],[-16.354860501346337,28.536892466383534],[-16.354807534705543,28.536962308443776],[-16.35442769782599,28.53724560833102],[-16.353978165594246,28.537761369486258],[-16.3533253758383,28.538303342738562],[-16.353310552230692,28.538518922183822],[-16.353047129274636,28.53888327769936],[-16.352039937856645,28.53954150094263],[-16.351648890000586,28.539708479782902],[-16.35146724068092,28.539906134969453],[-16.35120859048188,28.54036493351598],[-16.351116422883763,28.54043868413912],[-16.350818651976937,28.540531086739485],[-16.3505832687187,28.540883245451536],[-16.35028041560679,28.540913874767206],[-16.3501602101637,28.54105721721007],[-16.349607810194456,28.541211264145065],[-16.349606708754308,28.541763870723557],[-16.349674192612287,28.54204904637813],[-16.34924763490349,28.54205319572084],[-16.348816697830827,28.541994391248974],[-16.348512120819976,28.542026387608544],[-16.348323818128843,28.54194314995757],[-16.348096318238074,28.54174342471219],[-16.34750662702897,28.5416582140341],[-16.346862142184335,28.541306939419865],[-16.346604790086896,28.54108214681851],[-16.346376455505354,28.54108964583628],[-16.345978513982377,28.540884386719767],[-16.34531673459247,28.54074780543791],[-16.34497740438763,28.54092418068094],[-16.345367839382128,28.540924915409857],[-16.345538378555393,28.54099398321024],[-16.34557582732652,28.541053539549956],[-16.34558038765335,28.541709898568623],[-16.345763020536232,28.54240059347444],[-16.345717831928813,28.542520174248356],[-16.34550236880843,28.542648030953167],[-16.34415293598381,28.542970872013527],[-16.343261383194523,28.542479878802304],[-16.342316139910285,28.542695092653975],[-16.34179855274391,28.542492809154815],[-16.341449680119375,28.54252197841604],[-16.34147360854651,28.542651976012106],[-16.34165066489251,28.54275943174581],[-16.34210390161832,28.542980943864745],[-16.34242465764459,28.543015407967314],[-16.343020152926826,28.54322747784821],[-16.343660642718213,28.543658593130644],[-16.344025454803795,28.54399911382253],[-16.344389499303865,28.54408585192302],[-16.344608052295463,28.544200925178497],[-16.344937920107455,28.54455803474442],[-16.345406013341897,28.544958177774483],[-16.345426921429638,28.545018981031777],[-16.34535677677469,28.545081047613326],[-16.34540365828573,28.54526343388913],[-16.345376777581052,28.54530368197425],[-16.344668546576365,28.545511419308628],[-16.34396561690892,28.545911518155968],[-16.34352236038971,28.546091084910167],[-16.3428176410939,28.546528018574048],[-16.342708914529766,28.546707342029276],[-16.342419685667213,28.546959478852546],[-16.342234181507425,28.54726654595466],[-16.342069599982867,28.547337486755705],[-16.342030681118136,28.547299063051902],[-16.34167252027581,28.54746758420043],[-16.341034532404926,28.54829202411445],[-16.340651073160988,28.548529474494114],[-16.340649507508623,28.548656023545604],[-16.34036046353089,28.549117268684032],[-16.339993558803105,28.54945969765058],[-16.339638514076327,28.549681431673232],[-16.33906705479619,28.549925425979445],[-16.338316340222118,28.550034543409563],[-16.338232228592318,28.550100083470422],[-16.33757506846071,28.550308635034042],[-16.337356883889722,28.550506271073903],[-16.337053471253274,28.55064888012194],[-16.33607328248754,28.550677574255037],[-16.33637340631296,28.55078436674878],[-16.336603604563606,28.55096314637201],[-16.33728693619331,28.551239808377],[-16.33754008079683,28.551487042230217],[-16.337840119577347,28.55161107039042],[-16.33811294655724,28.55208897428582],[-16.33810626454805,28.552255735986808],[-16.338050695854896,28.552307186000682],[-16.33754470671138,28.552427244319222],[-16.337445382810404,28.552478222709585],[-16.337165939178767,28.552787021031985],[-16.336785544793102,28.552880658936868],[-16.3367292205876,28.552969480290532],[-16.336435212868995,28.553104685045],[-16.33632244882855,28.55341084776854],[-16.336130397012163,28.5535416185335],[-16.335845340400212,28.553884043328523],[-16.335551988656537,28.553893337908885],[-16.335429308245647,28.553972883879766],[-16.33547999887307,28.554158395023165],[-16.33541303383942,28.55429515423466],[-16.335209570864965,28.554461505140413],[-16.33501196273321,28.554492419804273],[-16.33467763112469,28.554381087313107],[-16.3344774138285,28.554432062854865],[-16.334165930487437,28.5546005572154],[-16.33401698872032,28.554616100460333],[-16.333579655819015,28.554539983123178],[-16.33341797483228,28.554371987490335],[-16.33326079028455,28.554349885421153],[-16.333033678166583,28.554554190889096],[-16.332454635948505,28.554645796502967],[-16.33266499317713,28.554888495555502],[-16.332892779339346,28.555265047732444],[-16.3329691083493,28.5554899288474],[-16.333122306427374,28.555682286142208],[-16.33312591445492,28.55576582430286],[-16.33230544996572,28.55603019670357],[-16.332106075192048,28.556026648185465],[-16.33204319027507,28.556073835520515],[-16.331999176754437,28.55622345447858],[-16.331794094149917,28.556343065641094],[-16.331882085986916,28.55656882570801],[-16.332084340397316,28.556736063895794],[-16.331978732232773,28.557376447416672],[-16.33143593044006,28.55796913500799],[-16.331284660832733,28.558076304259103],[-16.331104066180853,28.558387640838617],[-16.330894092456347,28.558565782169822],[-16.3309304249302,28.558788619760342],[-16.330509521102073,28.559093467182173],[-16.330454594272314,28.55944851656349],[-16.330301442893628,28.55947131733927],[-16.330075386861587,28.559273082583186],[-16.329742260543757,28.559185282269723],[-16.32933554010406,28.559236287981765],[-16.329187934448175,28.559412462088925],[-16.329149489549685,28.55950533817532],[-16.329190019082677,28.5600064988467],[-16.32911186162466,28.560269951251005],[-16.328687083470083,28.560770098094128],[-16.328590802307705,28.56096049293712],[-16.32764842784077,28.561931490736754],[-16.327706506659016,28.562071084367695],[-16.328012558767046,28.562297962425173],[-16.327994363636904,28.562330631295232],[-16.32748094449146,28.562637277491483],[-16.326669417104608,28.562951258723594],[-16.32636401685504,28.563012727394113],[-16.32619341849335,28.563120260594218],[-16.325588556131684,28.56319512290654],[-16.325262336189866,28.5633247524898],[-16.3247887265255,28.56339914173715],[-16.323487534102842,28.56390281055277],[-16.32240820681734,28.56407452315068],[-16.322235895396357,28.564143620671086],[-16.322211789414695,28.564210642300402],[-16.321788302881455,28.56430438835899],[-16.321026239731044,28.564374082922594],[-16.319957077833738,28.564140534140382],[-16.31920775860222,28.56405747766197],[-16.318992956118027,28.56389108232463],[-16.31868818767801,28.56344132881082],[-16.3185097390168,28.564087618645292],[-16.318170661211266,28.564100902605585],[-16.318142256237866,28.56423740709741],[-16.318079736903602,28.564276219379302],[-16.316987901275827,28.56435443514153],[-16.31703460072281,28.565366000935683],[-16.317141051775632,28.565611375027338],[-16.31724134900838,28.565740184527915],[-16.317463082434273,28.56575627203059],[-16.317865006675298,28.56600369532647],[-16.318155082277855,28.56634546172708],[-16.318212839755773,28.566550279098088],[-16.318032078261602,28.566810599113055],[-16.31784196945713,28.56696305676465],[-16.31761307056636,28.567056051318183],[-16.317738946266367,28.567211454903877],[-16.317741733102267,28.567312232477768],[-16.31741972089599,28.56740297876033],[-16.31714107693391,28.567555602022033],[-16.317050462545584,28.56767167975142],[-16.31684675847349,28.568204828411034],[-16.31673249949312,28.56866269572045],[-16.316348148321964,28.569040864122766],[-16.316359693917082,28.569573340722215],[-16.316333875511216,28.569748753094185],[-16.316229861695113,28.569912144258907],[-16.316197467340963,28.570257421296226],[-16.315867619518126,28.5705270727019],[-16.315625946442832,28.570605146990516],[-16.31497074136017,28.57035759109601],[-16.31454071452467,28.570023970005707],[-16.314394930773215,28.570042277524287],[-16.31432290700205,28.57012127821946],[-16.314275324981836,28.570348967717646],[-16.314193625185954,28.57048273700763],[-16.314057704408917,28.570549423246305],[-16.31381020560919,28.57056932888617],[-16.313310088843775,28.57103249952201],[-16.313065066467317,28.571900698888243],[-16.312412019884075,28.571533191366754],[-16.311876943195774,28.571362283245964],[-16.311247251115056,28.571327575856934],[-16.310694831549906,28.571448120588506],[-16.310471669153674,28.57164761324541],[-16.31004773015555,28.571815425163724],[-16.3101102755298,28.571970326354126],[-16.310075848317606,28.572087987039954],[-16.30994100592065,28.57221239336868],[-16.309923443136682,28.572313194484018],[-16.3099789041398,28.57249866946639],[-16.309942207969026,28.572532236680654],[-16.309732657228007,28.572625865938228],[-16.30950585854404,28.572589878221],[-16.309359871675838,28.572689572108143],[-16.308987646932458,28.573104173680886],[-16.30842180686503,28.57323174319007],[-16.308673671651096,28.573384728960598],[-16.30861475673715,28.57353132579465],[-16.307995600690717,28.57346500383232],[-16.307971915886267,28.573492578680675],[-16.308029999303734,28.573534888687977],[-16.308302592352305,28.573570076251706],[-16.308451586568964,28.57372974023318],[-16.30835170050089,28.57383720146255],[-16.308369382210707,28.573944160705757],[-16.308342532758626,28.573988643357264],[-16.30814859263846,28.574005675818427],[-16.30766289014907,28.573933914008446],[-16.307634768165627,28.573999527885974],[-16.30792258238953,28.57408321560282],[-16.30744552458636,28.57441290324424],[-16.3070113033763,28.574420155521583],[-16.306974490968926,28.574221142259994],[-16.3067331837033,28.574095127426432],[-16.306581826511263,28.573901278551364],[-16.30655828221477,28.573700332315614],[-16.306597390938734,28.573638493702358],[-16.306539781991564,28.573560077474003],[-16.306751224780292,28.573404070309905],[-16.30636020167214,28.573340868355444],[-16.30635961819427,28.573285368639933],[-16.306435763740044,28.57325051999509],[-16.30667496018272,28.573239010839433],[-16.306523625158587,28.573088212110125],[-16.306598007412077,28.57300996886936],[-16.306590483646705,28.5729554385154],[-16.30641727093409,28.57288743143718],[-16.306319277823533,28.57275101051079],[-16.306391318161157,28.572656995727407],[-16.306343249532503,28.572589408093705],[-16.30639461091164,28.572509762060367],[-16.306372487599422,28.572365841691056],[-16.306136622195087,28.572464772963855],[-16.305986937247333,28.572439138039336],[-16.3058086574934,28.57257334473744],[-16.305716389543488,28.57257757204476],[-16.30561883718575,28.572460189635972],[-16.305553046402707,28.572455949060554],[-16.30533890434558,28.572534092345343],[-16.305033302222032,28.572557699922193],[-16.305141573410445,28.572425340943518],[-16.305142640553978,28.572147352635195],[-16.304892084793515,28.572273769611257],[-16.30483936531778,28.572260016703346],[-16.304883231431436,28.57216112923672],[-16.304828727175536,28.572093873684125],[-16.304649112584407,28.572078543125347],[-16.30453831287202,28.57201426556305],[-16.304167219444242,28.57204120839405],[-16.304152677856337,28.571981239910308],[-16.30426666527621,28.571848104643916],[-16.30423013617455,28.571771019015237],[-16.303872882187104,28.571402972672914],[-16.303787386380233,28.571019408178135],[-16.303538384226094,28.57079905700249],[-16.302608870374677,28.570658886176385],[-16.30237807908056,28.570663448160154],[-16.302127540028305,28.570882549400423],[-16.301991660519345,28.570856958006225],[-16.301929980914966,28.57076305527248],[-16.301847634416056,28.570750939233072],[-16.30178283689592,28.57080237318332],[-16.301798294734546,28.570870455917547],[-16.301659596307235,28.57123045074831],[-16.30154266471546,28.571157835991823],[-16.30132353006659,28.571179251899487],[-16.301374944852824,28.571261520510884],[-16.301480162257192,28.57123794814616],[-16.30146697699917,28.571362803842426],[-16.301507904187027,28.571406996101988],[-16.301451788571924,28.5714411986123],[-16.301232341551362,28.57139574013196],[-16.30119817921456,28.571328017210785],[-16.301171355634057,28.57100923113474],[-16.301312562337436,28.570969248797503],[-16.301475371065028,28.571006495932238],[-16.301447783188642,28.57094963058691],[-16.30129120042152,28.570878298437652],[-16.301132823596237,28.570918716158072],[-16.300981978284227,28.5710311733978],[-16.300889149322316,28.57123070963687],[-16.30060843693789,28.571316072162773],[-16.300610258062584,28.571231397661688],[-16.300797203777748,28.571094858277295],[-16.300799173333132,28.570939153466455],[-16.30091092151399,28.57083149366254],[-16.300776529522604,28.570760579917206],[-16.300519806977704,28.570801398170115],[-16.30048696710679,28.570608391594373],[-16.300308227955437,28.57050604318984],[-16.3003431839396,28.570289191902386],[-16.30004770619373,28.570046535778538],[-16.299916353172215,28.570106277990877],[-16.299690516790804,28.57008136551217],[-16.299620934134662,28.56998473952396],[-16.299574157115817,28.569655764997712],[-16.299412946288978,28.56963185761649],[-16.29919846588738,28.569674073849406],[-16.29897157492916,28.569804585504595],[-16.29893804905432,28.56996330004504],[-16.299043650276214,28.5702539860143],[-16.298901272229926,28.57048991593996],[-16.29881561663346,28.570499670890367],[-16.298764810118072,28.57044176366871],[-16.298742710495503,28.570207318017594],[-16.29863305957021,28.57000304244933],[-16.29857733151363,28.57000222199771],[-16.29851318520625,28.570215020134334],[-16.298371315617793,28.57030094456441],[-16.298309260190006,28.570409300149347],[-16.29816165802931,28.570186524483614],[-16.298225264564806,28.570296114569363],[-16.298150575802048,28.57045802059713],[-16.298175329356802,28.570550653874502],[-16.29814371946997,28.570599061020065],[-16.29804447223654,28.570584306512476],[-16.29799714119459,28.570451365692314],[-16.297890724276183,28.570402203092613],[-16.297879073425356,28.570335888490686],[-16.2979203744559,28.570060854228412],[-16.29803864718764,28.569743296606514],[-16.297993909684223,28.569413489623752],[-16.297024090105555,28.569119694297665],[-16.29681266261598,28.569235794630746],[-16.29666802406697,28.569254324902445],[-16.296386835691184,28.569125603527635],[-16.295690809383153,28.56938288360097],[-16.29523676283127,28.569756533051617],[-16.29520458800286,28.56970882566342],[-16.29497693368832,28.569710637482675],[-16.294644060176434,28.56986950004573],[-16.294506437241793,28.570118827886464],[-16.2946790680224,28.57039913071942],[-16.294713569467856,28.570528314340795],[-16.294681705391714,28.570597842304853],[-16.294598655618284,28.570611721369115],[-16.294463769665047,28.570733947054368],[-16.294258938067802,28.570762976851693],[-16.294274725298536,28.571017068517886],[-16.294363905790625,28.57106134424203],[-16.294283780899427,28.571247397634597],[-16.294094125947968,28.571221769721042],[-16.29351011360709,28.57131046130309],[-16.293764655461292,28.571350092312514],[-16.29377210449542,28.571407422095096],[-16.29375188734255,28.571451297242408],[-16.293494558711824,28.571367739643435],[-16.293347200758515,28.571565444282488],[-16.293323656691157,28.571663322286252],[-16.29354676734797,28.571649101570795],[-16.293588377019912,28.57174933680173],[-16.293437012600517,28.571870274562],[-16.293246140757194,28.57186225639127],[-16.293078655300498,28.571785242405824],[-16.293047403402728,28.57174609973682],[-16.29308327138647,28.57166110074009],[-16.29288230868629,28.571496679754986],[-16.292935145192015,28.57139473207542],[-16.29290360145961,28.571340068655857],[-16.292691836298456,28.571236941737514],[-16.292563005879046,28.571076977424937],[-16.292542993157333,28.571028882779384],[-16.2926364112148,28.570892974556536],[-16.292591438588893,28.570852067168396],[-16.292308471280474,28.570678137601938],[-16.292072367171272,28.570616126025936],[-16.29207700539642,28.570493698942496],[-16.291884859772296,28.570481629544457],[-16.2917045438853,28.570542461851886],[-16.291551580394415,28.570490668713237],[-16.29131005634539,28.570194049822135],[-16.290884224027476,28.570208932005613],[-16.29053403350514,28.570314970924994],[-16.290254292321944,28.57033802840681],[-16.290050452931474,28.57044005704274],[-16.28991448097088,28.570607776122117],[-16.28955838255442,28.57066549315791],[-16.289461561940822,28.57079935586752],[-16.28902703068463,28.570889224889353],[-16.288580957511336,28.570837414758206],[-16.288031522202147,28.571135430112815],[-16.287701681495527,28.5715639049518],[-16.287664282163107,28.571725000401173],[-16.28746445940577,28.572073377709707],[-16.287294356245678,28.57212535281516],[-16.287229909442487,28.572256650525027],[-16.287103261556158,28.57217463874452],[-16.28695775286544,28.572197769936984],[-16.286944221208316,28.572371183978483],[-16.28686986587338,28.572478026701297],[-16.286617383486252,28.57250686523364],[-16.28641266162462,28.572663048695684],[-16.286305619092392,28.572948811657753],[-16.28634327989193,28.573035909741325],[-16.28629541367719,28.573118403483903],[-16.28634735487435,28.57324480672536],[-16.286260638491516,28.57373073851231],[-16.286229610699703,28.573819119547803],[-16.285952012147163,28.57409485636055],[-16.28592096692088,28.574215457801635],[-16.286066141356187,28.57444197050801],[-16.286020604215743,28.574615146299085],[-16.286171667347308,28.57481299286079],[-16.286138627012075,28.574870436188057],[-16.285884917262997,28.57484928497925],[-16.285788170786045,28.574922674997637],[-16.286016754007832,28.57510552707752],[-16.286046057938005,28.575194780235115],[-16.28617364141327,28.575244202723308],[-16.28631194829952,28.575427097771254],[-16.28627590785733,28.575498468525932],[-16.285879925407723,28.57552325106585],[-16.285911156531036,28.575661673836002],[-16.28609476525395,28.57584531299979],[-16.28644730202648,28.57595541863219],[-16.286464953243172,28.576070052985934],[-16.286142808872345,28.5763151656016],[-16.285801885800797,28.57626054494643],[-16.285604923169934,28.57634923481509],[-16.285567009299562,28.576451579900898],[-16.28546593643541,28.57648881927705],[-16.28509594308097,28.576498732387417],[-16.284780647998225,28.57639079767392],[-16.28462324613687,28.5764369633677],[-16.28469620139977,28.57629863679686],[-16.28467720044009,28.576055946002914],[-16.28445624129391,28.575709571375807],[-16.284399702655232,28.575659113703363],[-16.283894777486974,28.575553062165476],[-16.28388182606382,28.575589466425217],[-16.28399775878591,28.575656149287628],[-16.2841532013915,28.57585278338536],[-16.283876022174486,28.576121833423233],[-16.283707976165154,28.576200770360987],[-16.283654483773837,28.576173839583735],[-16.283666437901324,28.576063708095912],[-16.283550568034208,28.57587590485862],[-16.283403392086328,28.575880095003374],[-16.28326268133913,28.575818880671356],[-16.282936392758085,28.575554546849002],[-16.282738585648815,28.575599016600346],[-16.282639940401708,28.575575129640516],[-16.28262192396884,28.575194071250074],[-16.282561268658558,28.575057008804713],[-16.282435463296665,28.574943305916342],[-16.282363591368235,28.574943533983106],[-16.28231014547516,28.575013082689033],[-16.28234126998581,28.575143113877274],[-16.282274004312992,28.57519438157213],[-16.282087870016113,28.5751222233933],[-16.2820739148014,28.574949430469463],[-16.282287205215308,28.574875031873308],[-16.282326023899227,28.574779628554104],[-16.282319235934555,28.574489709739172],[-16.282242147001757,28.57445596165005],[-16.28210597686007,28.574507609678292],[-16.281699385504567,28.574424537566887],[-16.28155960575565,28.574338673513275],[-16.281434839834375,28.574209346046068],[-16.281492525386913,28.57414372876356],[-16.281548619228687,28.573820273531414],[-16.281493735603505,28.573779636530094],[-16.281298053006882,28.573923272170674],[-16.28111882720609,28.573914766000787],[-16.281028425449424,28.57386228001446],[-16.281022998642126,28.573810977260923],[-16.28115131331041,28.573710126328894],[-16.281100559951568,28.573647518669073],[-16.28122733480691,28.57348711518804],[-16.28126943169549,28.573341590737357],[-16.280893950533727,28.57298204789496],[-16.280783438625562,28.572619732240838],[-16.280582903942577,28.57260745531956],[-16.280531130318543,28.57265469505184],[-16.280519271871405,28.572924934446462],[-16.280298223766124,28.573042363892014],[-16.280145958570003,28.572870785422975],[-16.280113832708228,28.573189772178317],[-16.27996858549659,28.573200980058935],[-16.279604504556975,28.57278618133774],[-16.279519442163018,28.572541134071383],[-16.27945468428419,28.57247856756275],[-16.27931794291046,28.57245756441164],[-16.27913009464443,28.572285417699113],[-16.27905267388605,28.57235925257163],[-16.27893492114461,28.572251427030963],[-16.27891731348031,28.57218191758755],[-16.27897228244135,28.57212833061921],[-16.278946918990084,28.571992377733284],[-16.278649652488028,28.572071714064386],[-16.278502587393454,28.57203393002627],[-16.278510024622754,28.57194721694101],[-16.27860489045982,28.5718280011632],[-16.27847698134494,28.571607273972287],[-16.278197021598213,28.57152823246768],[-16.27790189644374,28.5713363362592],[-16.27776751613867,28.571299063696515],[-16.2774227440363,28.571262688858408],[-16.27698303878953,28.571306178135842],[-16.276564027436077,28.571412468022437],[-16.276324339180935,28.571535752362514],[-16.276135566449998,28.571735453143816],[-16.276321218522597,28.571895530882607],[-16.276323050437856,28.57197953935631],[-16.27603704477725,28.57229748373092],[-16.275987613159455,28.572301739235403],[-16.275997733313453,28.57215759999271],[-16.27551746028469,28.57181328714355],[-16.27538754755389,28.571773443132333],[-16.275109618887335,28.5718542145394],[-16.274680296774747,28.572182618467288],[-16.274594287875324,28.572197325442566],[-16.274493503852828,28.572131304275658],[-16.274437995266027,28.57215727706638],[-16.274493371490923,28.572401081375872],[-16.274711841640265,28.57255190897062],[-16.274769924290688,28.57269703194179],[-16.27469330965985,28.57287194040063],[-16.27451887043655,28.57308224448611],[-16.274413999599204,28.573466083598397],[-16.274185295732526,28.573508845510993],[-16.273951359383314,28.57364344367523],[-16.273911829442827,28.573875585044615],[-16.273864933015812,28.573903642833482],[-16.273577072763374,28.573788564769806],[-16.273179833804026,28.573827672204587],[-16.272750138503774,28.574015820248942],[-16.272577619047578,28.574258685335014],[-16.27249284420332,28.574647930289714],[-16.272610486184366,28.574797820510742],[-16.272798117951073,28.57487602477784],[-16.27308243468963,28.575248539796654],[-16.273032827239373,28.575280774396358],[-16.272750394403484,28.57522611338354],[-16.272443571101558,28.5752686124714],[-16.27222647290605,28.57519718226958],[-16.272205729926885,28.575334110390752],[-16.27244586960742,28.57551055975786],[-16.272544111650777,28.575450161478503],[-16.272767962030517,28.575436960563618],[-16.272910918832363,28.575506919425145],[-16.272972813107337,28.575612025199543],[-16.272938810308567,28.575675070199345],[-16.272652562775125,28.575753748771906],[-16.27256988114586,28.57573936178653],[-16.27243926151856,28.575590134805214],[-16.272341362378853,28.575619572946906],[-16.272220594275915,28.575770706279613],[-16.272205752894717,28.575871297264456],[-16.27239019154826,28.57592191451117],[-16.27279097702744,28.575930429632844],[-16.272865315222475,28.576033072122765],[-16.272222471951796,28.576045690181928],[-16.272129374773023,28.576202340165146],[-16.27216114701398,28.576234262640835],[-16.272781263722496,28.57622763425827],[-16.272863828235824,28.576342654505584],[-16.27284936788636,28.576457862981897],[-16.273095537764693,28.576591384255178],[-16.27308714385365,28.576726391520634],[-16.27341067624572,28.576806027109455],[-16.27326301597463,28.577007865274005],[-16.273626492575747,28.577262938593464],[-16.2737468153804,28.57752462616328],[-16.27372984468809,28.57764355864467],[-16.273594603028744,28.57780692297461],[-16.273414965726865,28.57789209339889],[-16.27320905040275,28.577960181602275],[-16.27291723704982,28.577959219533682],[-16.272713333850955,28.57806708976091],[-16.272545852445408,28.578058010963236],[-16.27239064167902,28.578006578389324],[-16.27222822037916,28.577831746904643],[-16.27216417704015,28.57793893646634],[-16.27208600061877,28.577925229006464],[-16.271992571187543,28.57779099600678],[-16.27140634597038,28.577479431617668],[-16.271330563393338,28.577350177180374],[-16.271258505469387,28.577403109011275],[-16.27121132934513,28.577272052141428],[-16.27146546309947,28.577285645492466],[-16.27143740899193,28.577214337620152],[-16.27058147871051,28.57695421406834],[-16.27032523194025,28.576807244554946],[-16.27027475417507,28.576741651822534],[-16.2703139550652,28.576592005938384],[-16.27053393641581,28.57648633532198],[-16.270589555418127,28.576409730978153],[-16.270065457815875,28.57623043138974],[-16.270166200889243,28.576088693212345],[-16.270149621900586,28.576010779370925],[-16.26943679875431,28.575423494170977],[-16.268867829628338,28.575150926706772],[-16.2681782931624,28.57468841756491],[-16.267683251321213,28.574177155943286],[-16.267436100014695,28.574054554339785],[-16.26725961612762,28.574044469911506],[-16.26696353285438,28.57384840697264],[-16.266822213725135,28.573897560794233],[-16.26669956313489,28.57403715452857],[-16.26659462254973,28.57404210536335],[-16.26650226246707,28.573987732495624],[-16.266345326617103,28.57401347548132],[-16.266267338396517,28.573784689106812],[-16.266124931640555,28.573717425541428],[-16.26591222744435,28.573773291522844],[-16.265603371289178,28.574030236045335],[-16.265521629600993,28.574051486014426],[-16.265540891434345,28.573978020627493],[-16.265478391567857,28.573958296574055],[-16.26503134573348,28.57397076874903],[-16.264626108005643,28.573871477114686],[-16.264573836543082,28.57385210856937],[-16.264758795791074,28.573571609945194],[-16.264770382111568,28.57338465037757],[-16.264674570355794,28.573341599099283],[-16.264488457483395,28.573133223843424],[-16.264046824273393,28.573179126264687],[-16.264074452443584,28.572967314913978],[-16.264008790343503,28.5729310129967],[-16.263570751560977,28.572926879982504],[-16.263375606178453,28.57317734531677],[-16.263192060617992,28.573311997519717],[-16.262909678692253,28.57322653887563],[-16.26272465255152,28.573228712225227],[-16.262596250408,28.573340828598862],[-16.2625574516638,28.573490739554728],[-16.26228156252514,28.57361514864698],[-16.26221619350534,28.573594817989438],[-16.262225787853893,28.57351638876277],[-16.26210131163796,28.573297960111766],[-16.261947728617162,28.573227727425373],[-16.261607337612848,28.573147408485433],[-16.261647765444042,28.573365265381806],[-16.26159333542695,28.573396277158153],[-16.261492915416216,28.573360206941416],[-16.261209295997862,28.572990909141936],[-16.26119922460607,28.57288369140607],[-16.260945512680156,28.572561588300815],[-16.260874737195937,28.572327857777555],[-16.26074776222562,28.572182466031066],[-16.260660968823828,28.572140131308288],[-16.2602915054671,28.572124971315514],[-16.259945019183572,28.572013206232285],[-16.25968266299795,28.57205490243684],[-16.259603140332157,28.571893364912857],[-16.25988519362516,28.571840204290442],[-16.259691025381336,28.571735598199634],[-16.259595506478075,28.571733145572722],[-16.25956330189419,28.571570085699054],[-16.259255334230293,28.571275739387577],[-16.258945783217165,28.571277619056378],[-16.25874312192737,28.57109493080903],[-16.258594191978876,28.571063008764423],[-16.258552122667574,28.57095572652311],[-16.25834188392359,28.570866430073263],[-16.25836300892287,28.57069141307336],[-16.258466934070753,28.57060136900984],[-16.25844806676517,28.57040767940625],[-16.258027768759604,28.570415818700504],[-16.257763706808625,28.57031384329764],[-16.257744502419158,28.570246421400515],[-16.258180548291246,28.570135518700706],[-16.258301415478893,28.570000100646787],[-16.257996573144936,28.569787311461205],[-16.257410723073438,28.569783896753197],[-16.257331566191226,28.569747265274906],[-16.257022556552783,28.569338481685183],[-16.256814425798662,28.569417576397736],[-16.25640039885283,28.569436934179393],[-16.25613012794631,28.569732850803803],[-16.25591180255358,28.569693986835777],[-16.25560269744574,28.56979332852989],[-16.25562241921194,28.5699216671553],[-16.255859078628344,28.570006391225245],[-16.255637136531195,28.570196804423126],[-16.25555715762274,28.57046117523479],[-16.25524584383989,28.570684725541813],[-16.255072916999776,28.5707153868163],[-16.254801008634807,28.570624037849488],[-16.254777582391394,28.57048499317625],[-16.254498817559384,28.57028098022726],[-16.254275776421572,28.57003421290576],[-16.254199112975165,28.56987156247771],[-16.25411491053784,28.56986629374239],[-16.253849968403614,28.570077679326378],[-16.253068592642375,28.57051017249802],[-16.251966940985007,28.570842276343008],[-16.251931174850107,28.571085478916462],[-16.25169038064809,28.571247359110302],[-16.251679668762094,28.57140477003756],[-16.251463100751042,28.571497292064187],[-16.25139527432528,28.571485011349534],[-16.251395879681954,28.571346105392028],[-16.251099924938565,28.57128746206498],[-16.25084260370961,28.571167269958384],[-16.250678603564374,28.571166254596566],[-16.250488754709366,28.571270442281545],[-16.250408829797976,28.57126386829364],[-16.250214385032994,28.571022606870088],[-16.250068128934018,28.57098315971007],[-16.249910669349386,28.57103379851922],[-16.249735326962593,28.571223592537834],[-16.249625642944714,28.571233628093744],[-16.24956411529302,28.57114872447685],[-16.249403256524346,28.571084771816462],[-16.249452924732715,28.57097068506409],[-16.24941138214992,28.570863936452135],[-16.24903581592069,28.570781743346842],[-16.248779309264474,28.570963979926653],[-16.24861303816664,28.570848541251053],[-16.24859294678493,28.570740150911664],[-16.248314407700654,28.570519696754076],[-16.248241899057962,28.570517746438558],[-16.247991620778247,28.570612739153184],[-16.24787094700255,28.570757081653706],[-16.247649492210915,28.570886195345434],[-16.247386826293532,28.570936535020053],[-16.24700628027353,28.570934798130633],[-16.246691534805773,28.570808266461786],[-16.2466187682844,28.570706406747345],[-16.24612168720899,28.570619094336404],[-16.24589593195428,28.57079120549403],[-16.24584807766854,28.570903379045067],[-16.24564471289944,28.57103223316943],[-16.245495271360305,28.571034688032793],[-16.24529818944922,28.571124133334116],[-16.24527153745092,28.571204974553112],[-16.245186962475355,28.57124627465499],[-16.244832342652117,28.571345287744496],[-16.244607400792148,28.571326231847205],[-16.24449655860089,28.571368223730733],[-16.244416717938194,28.57146435423997],[-16.244399328133387,28.57165467844741],[-16.244936225015742,28.571736848325216],[-16.24495063973077,28.571788882747658],[-16.244880212289168,28.571816153779377],[-16.24464968286964,28.571843629934353],[-16.24422392475936,28.57180547648763],[-16.24398804542324,28.571708450350226],[-16.2434204282474,28.571700295575532],[-16.2432013100619,28.57176791789593],[-16.242985084863584,28.571620709302177],[-16.243158867877547,28.571497184324176],[-16.243253531660656,28.57152258084379],[-16.243266766408635,28.571430851964422],[-16.24297306923164,28.571355202405798],[-16.242935941796944,28.57124082991009],[-16.242738925479614,28.57105770440907],[-16.24240211704264,28.570854197725755],[-16.2422549181458,28.570856086957296],[-16.242181967012016,28.57092092529253],[-16.242167252352335,28.570991187227506],[-16.24226643464871,28.571079269500178],[-16.242187024043762,28.571142542408595],[-16.241715616228618,28.57113449241704],[-16.24160627221499,28.57108648516977],[-16.241640037778463,28.570993034231407],[-16.241821012823543,28.570994356448097],[-16.2418104463431,28.57086069696054],[-16.24173347242429,28.570748403582826],[-16.241252668591184,28.570471030171007],[-16.24090604929393,28.570067065305604],[-16.240585650235428,28.56991096766448],[-16.24020864416718,28.569827228725504],[-16.239849005732257,28.56982085812694],[-16.23973574998319,28.569752938946138],[-16.23959540373765,28.5694932971073],[-16.239467367123293,28.56940285898449],[-16.238935411692033,28.56933100115917],[-16.23863984230448,28.56917331827823],[-16.238030438763584,28.56897427397338],[-16.23748111330229,28.568719533841048],[-16.237197000085768,28.568518331089404],[-16.236930739047164,28.568427345582553],[-16.236750247657767,28.568423304715186],[-16.23636890853595,28.568160620760594],[-16.235671857552354,28.56793167779407],[-16.235235340289808,28.56767978193297],[-16.234971115742866,28.567684082181668],[-16.234797762039094,28.567774650185267],[-16.234410324941628,28.56770714522305],[-16.234000969179718,28.56701401701203],[-16.233675591878047,28.566771303942847],[-16.233247896447903,28.566749108058257],[-16.232893312382597,28.56697372322884],[-16.232807564730656,28.56696719167034],[-16.232723939094125,28.566932210751975],[-16.23263522773714,28.56680296048107],[-16.231937179852274,28.566557219702396],[-16.23158995759033,28.5663694840228],[-16.231399954760292,28.566329691400533],[-16.23069661132258,28.566427860287266],[-16.229931642532822,28.566369722447547],[-16.229389190534004,28.56619340752646],[-16.228871674589744,28.566095385689753],[-16.228684123383573,28.56594969891389],[-16.22846330716744,28.565994207734157],[-16.228098823792127,28.565754362024038],[-16.227846719522653,28.56579843095087],[-16.22766172193663,28.565916622795935],[-16.227593961264546,28.56608565005556],[-16.227662562613997,28.566235663661896],[-16.227570725413557,28.56627692831433],[-16.22726355894406,28.56626300956455],[-16.226931546867004,28.566063752167423],[-16.226122061278605,28.565824945299482],[-16.22577999057149,28.565674874163197],[-16.225654832988536,28.565540352536402],[-16.225451345085375,28.565483434733252],[-16.22521641513331,28.565474544977107],[-16.22454659005264,28.565704060277863],[-16.22424885126338,28.565665410177843],[-16.224137266647258,28.56557282313525],[-16.2237918825774,28.565436495434305],[-16.223444035894044,28.565449559818827],[-16.222793035002226,28.565539092981478],[-16.222382364107553,28.565706784756983],[-16.222141271589006,28.565890096529603],[-16.2218102779164,28.566432978061727],[-16.22167640851785,28.566544022740178],[-16.220901998283072,28.566872207203406],[-16.220400304987066,28.566993328516897],[-16.219892403671068,28.567001776190352],[-16.219374993150858,28.567125381648633],[-16.217011149824355,28.567969902017882],[-16.2166920174872,28.567981735054666],[-16.216160837067306,28.567789706054718],[-16.215914651331627,28.56776257952353],[-16.215174144464555,28.56781397887269],[-16.214543613324903,28.56798758715739],[-16.213972324462297,28.568014179700526],[-16.213589361292026,28.56797924706141],[-16.213382529970286,28.568120900716252],[-16.21299761640591,28.56817443316988],[-16.212442542768404,28.568170909884117],[-16.21205765100623,28.568271010771124],[-16.21134528062705,28.568574760167085],[-16.21106099464894,28.568827392682167],[-16.210883513032194,28.568800546403807],[-16.210593718911213,28.568920462838314],[-16.21035376417944,28.568884064700356],[-16.20980942315149,28.56891644651271],[-16.209182952581624,28.56906210534415],[-16.20890340509285,28.568987518782915],[-16.20823320635429,28.568930038968066],[-16.207832395430167,28.56875406391964],[-16.207753502359477,28.568579681425216],[-16.20759387485953,28.568614848230073],[-16.20730853293026,28.568590419194653],[-16.206770024205575,28.568452977188517],[-16.206124341464434,28.568534964785115],[-16.205457323749215,28.56888357024901],[-16.204730546040892,28.56937140626396],[-16.20446803734648,28.569644572459804],[-16.20418855139776,28.570096899690125],[-16.204002714892155,28.570641023671637],[-16.203990090609178,28.570899814217015],[-16.20426531469759,28.571021923105224],[-16.204367892337512,28.571023034378186],[-16.20448170591108,28.571149806489913],[-16.20480601332,28.571171205772224],[-16.205009210808104,28.571267165088994],[-16.20426376048513,28.57125890918671],[-16.204097703836958,28.571170778167982],[-16.204036417301786,28.571048214824277],[-16.2039522503355,28.571031632778553],[-16.20373791578896,28.571293611834818],[-16.203602445808304,28.571291419990597],[-16.203360602074817,28.571407357925917],[-16.20265436073731,28.571409142788124],[-16.20241895539631,28.57146382941483],[-16.201899281323524,28.571854488436546],[-16.201653294841613,28.57196872719305],[-16.201194901219765,28.57228500361598],[-16.200954296917708,28.572319670184353],[-16.20067841045969,28.572225647675662],[-16.200380807256305,28.57225576333831],[-16.200148610764696,28.572481747974848],[-16.19967612475434,28.572726202098092],[-16.19955573118109,28.572601262083097],[-16.199570240533895,28.57244008351021],[-16.1994884927479,28.572310541739753],[-16.199245599488453,28.57219212663974],[-16.198855018225945,28.572101280154374],[-16.198517849544945,28.572091821688502],[-16.19829426546883,28.572275172104227],[-16.1982278690964,28.572477973936024],[-16.1982824460533,28.57265584411037],[-16.19815632602538,28.572791419190818],[-16.197959194876045,28.572739729067656],[-16.19760765907715,28.57273294040764],[-16.197379942436985,28.572797189725364],[-16.19700553340593,28.572817316728425],[-16.196962864183725,28.57278620330484],[-16.197027341521924,28.572646660401666],[-16.196893180790124,28.572571515563016],[-16.19636812083188,28.572618601935126],[-16.195486284662053,28.572405214379245],[-16.194703663077735,28.572495719491364],[-16.19446003714203,28.57239982071515],[-16.19394532542289,28.57203419823137],[-16.193681473747844,28.571947853447067],[-16.193344560614218,28.571961891203873],[-16.192833439907172,28.572077218247788],[-16.192182787184198,28.572309078871303],[-16.191739828639847,28.57255250619036],[-16.191532205730862,28.572727167425377],[-16.191346433780403,28.573035484271884],[-16.19118298724402,28.573846323732816],[-16.19098315840306,28.574431845514674],[-16.19066122895948,28.574879265780222],[-16.190292441308173,28.575187923615786],[-16.190042538002352,28.575276670059974],[-16.18997989127933,28.57523371674634],[-16.1892650886617,28.57518583129687],[-16.189032010107713,28.57527063772086],[-16.188674247169992,28.575314567712955],[-16.188377905238198,28.575483503172293],[-16.187832608844907,28.575389178529164],[-16.18736051259565,28.575430856824788],[-16.187093009294916,28.575382023121097],[-16.186714917548485,28.575500495776485],[-16.18625633595376,28.575489252983317],[-16.185831961794577,28.57560171976339],[-16.18529892475546,28.57585295367303],[-16.185076114675528,28.576015102305565],[-16.184654721917177,28.576138460254494],[-16.184472701782575,28.57626378880857],[-16.184301863804418,28.576483787075627],[-16.184107392958975,28.576958148960582],[-16.184012395852854,28.577048330300563],[-16.183172956234568,28.577366671637034],[-16.182570897276875,28.577755774596547],[-16.18212420374633,28.57788503144444],[-16.181736387859775,28.577894096081415],[-16.18156412717983,28.577941806912065],[-16.18085495541902,28.578335355177096],[-16.18040778629756,28.578770394058772],[-16.180167909950633,28.579694705074015],[-16.18007066072487,28.580380495065473],[-16.180038522584315,28.580460018370683],[-16.17986671778481,28.580576497356677],[-16.179540425482948,28.580620490981957],[-16.178545292504882,28.581092056943866],[-16.177844507648906,28.581534615746865],[-16.177714349636155,28.58170019014053],[-16.177070705018327,28.581701173400916],[-16.176890095244772,28.58178035958185],[-16.176778705364345,28.58172157715641],[-16.17619092578184,28.581808626069378],[-16.17571085109842,28.581779573790797],[-16.17525978560293,28.581683479857787],[-16.17455280771797,28.581883199639694],[-16.174155246620238,28.58225903304644],[-16.174116352725743,28.58239357875227],[-16.174223356869938,28.582536248158103],[-16.174058170695105,28.582697158337616],[-16.17376018123192,28.582832231252134],[-16.173484178293112,28.583050508883197],[-16.173113847293067,28.583540456775378],[-16.172971317239803,28.5838175083434],[-16.17301253262498,28.58391038528714],[-16.17250196437909,28.58446075139228],[-16.17231211154733,28.584739835911048],[-16.17228254254517,28.584876466640598],[-16.17244984954328,28.585035223145457],[-16.172221277695908,28.585188465817616],[-16.17203032426746,28.58517486275376],[-16.171701762831763,28.58485901104102],[-16.17156855199753,28.584787325884317],[-16.17112048602285,28.584649043442433],[-16.170678203077312,28.58463580295301],[-16.17037698733988,28.584397331157724],[-16.169654549292535,28.584108067558486],[-16.16924468433388,28.584113496360224],[-16.16872754877997,28.58397941140096],[-16.16837214444629,28.584009007946865],[-16.167941967183673,28.584184196916183],[-16.167604538452398,28.584498932791888],[-16.166091041631315,28.585326593645217],[-16.165819943814274,28.58555591525847],[-16.16577817963035,28.585700140709605],[-16.165485821238907,28.58602305834853],[-16.164785741729496,28.58648197150232],[-16.164022113423826,28.586602789570925],[-16.16391551826306,28.58651498355839],[-16.163689940777562,28.586477297005587],[-16.163136949868722,28.586476985696628],[-16.162777074210236,28.58655651716377],[-16.162751614946515,28.5867053855022],[-16.16265202325627,28.586752179006588],[-16.162571386241368,28.586718753737188],[-16.162548050548377,28.586586639805795],[-16.162437899904155,28.586556626326313],[-16.16200301473557,28.586677503590266],[-16.161380092632175,28.586761992190073],[-16.161042813306462,28.586934649392948],[-16.160514399458286,28.587301004049895],[-16.159748645499626,28.587927967081853],[-16.159677978460532,28.588066932355574],[-16.159510675637037,28.588149592237546],[-16.15921451116899,28.588398249354253],[-16.157985052359063,28.588637186896083],[-16.15773628221443,28.58852685260842],[-16.157510204486005,28.588178601193466],[-16.157205578867735,28.58790158097787],[-16.156751830827947,28.587720247760952],[-16.156329720406628,28.587701373351308],[-16.155916213342596,28.58776789595659],[-16.15543075592713,28.587678888764042],[-16.155267446197964,28.587547153389856],[-16.155024903516562,28.587192169385133],[-16.15469472087691,28.586948583859744],[-16.154269061500283,28.58675427703954],[-16.153573593713265,28.586703964380927],[-16.15280752234244,28.58676165193857],[-16.152114348536806,28.586593438925398],[-16.151774663615768,28.58654677352668],[-16.151471963073227,28.586562881749547],[-16.151276895412888,28.586640983731893],[-16.150686763659674,28.587390055647944],[-16.150422333603206,28.58740890559239],[-16.150349027938667,28.58737234212903],[-16.15033126931141,28.58730028851508],[-16.15010802663011,28.587213821652018],[-16.150001284857506,28.58711156488236],[-16.149369795964184,28.586992545482445],[-16.148708721321533,28.586747957761833],[-16.148532202389024,28.586105571074686],[-16.1483330802128,28.585707155057257],[-16.147938270130464,28.585546141815055],[-16.147726396647002,28.58537617874267],[-16.14756073319235,28.585337236189353],[-16.147536769151532,28.5851360792337],[-16.14737110199635,28.58504966215309],[-16.14702205668978,28.584978424153814],[-16.146673353780685,28.58502352152082],[-16.146503380724944,28.58510564653572],[-16.146178237219967,28.585050901581514],[-16.145742283399656,28.585291414629147],[-16.145240342102323,28.5853591028414],[-16.144818997159714,28.585126731879765],[-16.144793005652026,28.584936151319802],[-16.14466248185738,28.584837159549693],[-16.14459406915981,28.584610022432017],[-16.144242017013777,28.58456299102679],[-16.143876619158554,28.58457717415965],[-16.14341012371133,28.58480205237654],[-16.14274800477352,28.584566198542575],[-16.14242718734187,28.58452918839556],[-16.14230403421564,28.584572645574234],[-16.1422543070625,28.584512863928897],[-16.142236909025353,28.58425127864419],[-16.142452781947405,28.584030762759443],[-16.14210754482269,28.5838997307771],[-16.141892593540202,28.583878137114432],[-16.14138007872816,28.58393593576485],[-16.140912700014717,28.584130396795288],[-16.14084636346442,28.58405407509067],[-16.140647142841978,28.5840565807555],[-16.14065308784696,28.58393285367663],[-16.14055124574649,28.58376992335776],[-16.139911836343625,28.583851410369245],[-16.139338449657853,28.583693857749207],[-16.13911699504236,28.583705374881305],[-16.138892967691735,28.5835825227855],[-16.138712813038993,28.583602627806933],[-16.13865056908252,28.58348175660491],[-16.138344943180048,28.583301644421635],[-16.13797834949603,28.58293855346463],[-16.137867551088814,28.582932894221248],[-16.137693284822532,28.582824559962397],[-16.137442607378137,28.582867322187862],[-16.137274055789216,28.582757883472127],[-16.137082057216823,28.58272340878138],[-16.13679989234153,28.582765756829076],[-16.136732544035723,28.582892588727468],[-16.136629288869344,28.582922786976443],[-16.13650658621055,28.582903597770738],[-16.136334535898236,28.5829641564742],[-16.136069622858656,28.582880271467403],[-16.135941009298065,28.58274397048032],[-16.13592838198143,28.582668866240873],[-16.136041717565316,28.58263282580262],[-16.13633481302,28.582688441429653],[-16.136500965075676,28.582487332014836],[-16.136561349417686,28.582081813246774],[-16.136488923616152,28.581860030267347],[-16.136292471862166,28.581713602590874],[-16.13610106233712,28.581648109706524],[-16.135926477526734,28.58164773046393],[-16.13560909395066,28.581745643414973],[-16.135501113227182,28.581688052626298],[-16.13547974869681,28.581539138220286],[-16.13538913405548,28.581451446143863],[-16.135190969010992,28.581460415215677],[-16.13471456353637,28.581220828047375],[-16.13452140702316,28.581280098827218],[-16.13436099435544,28.58125302777917],[-16.13433151769579,28.581219843567556],[-16.13441065684851,28.581133944408272],[-16.134390110499854,28.581083979215595],[-16.13410823578848,28.58109971181926],[-16.1340778415669,28.580895220999807],[-16.134157106191115,28.580821018066757],[-16.134192103473836,28.580679755202492],[-16.13399036890532,28.580517898407958],[-16.134273632038596,28.580530693302606],[-16.134399538373373,28.58043710144444],[-16.134530519374497,28.580434327381493],[-16.134684713849197,28.58036326116333],[-16.134870752811143,28.580034528352186],[-16.13487012238661,28.579639611065772],[-16.134405846347367,28.57955952017068],[-16.134357133202744,28.579726990691373],[-16.134307372679174,28.57972063757713],[-16.13435767076012,28.579550310767466],[-16.13430226776824,28.579502171334717],[-16.134366650514945,28.57940951810168],[-16.1343016199538,28.579375096795026],[-16.13425244532844,28.57926133453119],[-16.134287864825463,28.579105157859686],[-16.134385290495306,28.579027463503323],[-16.13453793625102,28.579009480750088],[-16.134652454220237,28.5792534768624],[-16.13482883031025,28.57923440177507],[-16.134993021702495,28.579137537778177],[-16.13505075176709,28.579048152988953],[-16.135072472332908,28.578852297028682],[-16.1349445377226,28.578364362223418],[-16.13499571632185,28.578091443233927],[-16.134967368264302,28.577824270921532],[-16.135166239741107,28.57746274876772],[-16.13517835310501,28.577143503390953],[-16.135091396703547,28.576834292960502],[-16.13492486761705,28.576598764941945],[-16.13471458699657,28.576459273638918],[-16.134303382798652,28.57654719142038],[-16.13418334719269,28.576461368941732],[-16.134229871877093,28.576271082035564],[-16.13454501565466,28.575901999997313],[-16.13464614785948,28.575869862635972],[-16.13467838084256,28.575705580431993],[-16.134539518498105,28.575380196561337],[-16.134218359393852,28.575102637729636],[-16.134103212959293,28.57488148094586],[-16.134087768798384,28.574633136056132],[-16.134142025332103,28.574448831650077],[-16.13407497423193,28.573916883345035],[-16.13386727743682,28.573836576709013],[-16.133769846311974,28.573665453706408],[-16.13358677988491,28.5735650845492],[-16.133322741410932,28.573512685498525],[-16.1328089440911,28.573542049129188],[-16.132628801134288,28.57371067957318],[-16.132515339629066,28.57398906380831],[-16.13250603213661,28.574139561728185],[-16.13263121234561,28.57427556115086],[-16.132508038790206,28.574434771527674],[-16.132232260682507,28.574571373663904],[-16.132060814879416,28.574532685552196],[-16.13190682567352,28.574764618851372],[-16.13170308909142,28.57476965781747],[-16.131662599471817,28.574726537385796],[-16.13168648769293,28.574536846180354],[-16.13162970784239,28.574189654563913],[-16.131495913394158,28.57405015189572],[-16.131256998460064,28.57396649133094],[-16.131003393252644,28.573589531250096],[-16.130590641252397,28.57356065956073],[-16.130312319866714,28.573635363532023],[-16.1296918887036,28.573297829293885],[-16.129374320720512,28.57302925421228],[-16.129004122401327,28.572848935191633],[-16.128329712127375,28.572740912957407],[-16.128237571153022,28.572690955358304],[-16.12851101056147,28.572322712068164],[-16.128450103674645,28.572094492256696],[-16.128338559312297,28.571998665595217],[-16.128201257023903,28.57199926574128],[-16.127785411874527,28.572111119966994],[-16.127721207460198,28.572034665343764],[-16.12776960628737,28.571942472883446],[-16.127692236554996,28.571809744827913],[-16.12724658303634,28.571649660507024],[-16.12719648021665,28.571437199225773],[-16.127252753865257,28.571201344424853],[-16.126791315603583,28.570948940555457],[-16.12662001716526,28.570570205091645],[-16.1265967234396,28.570447018680238],[-16.12664590983557,28.570260782436872],[-16.12652366934866,28.570057900212912],[-16.12659669343663,28.569782013452944],[-16.126551268932054,28.56929925069533],[-16.126459168787388,28.56915677913596],[-16.126194580765738,28.569013031456098],[-16.126099956628195,28.568892693281274],[-16.126109688583742,28.568740892309282],[-16.12604205442613,28.56853404543377],[-16.125956505179047,28.56845939159304],[-16.12597094209986,28.568252071256456],[-16.125895518420634,28.568048131976653],[-16.125636167431395,28.567899483894],[-16.125526027522394,28.567934965477992],[-16.125466999429438,28.567902601885493],[-16.1253767293431,28.56770126745138],[-16.125163943084473,28.56763091740433],[-16.125117459774682,28.567528411014973],[-16.125188543756554,28.56743512876848],[-16.125290054999244,28.56741506252835],[-16.12542388654659,28.56755962580479],[-16.12545125129138,28.56747952233973],[-16.125415434468145,28.567389834193722],[-16.12551285770838,28.567321875779133],[-16.12574200322909,28.567334777052253],[-16.125742481699163,28.567149206845933],[-16.125801883593386,28.567043836644004],[-16.125973226930803,28.56706272266453],[-16.12607784015831,28.567017177928264],[-16.12633915849067,28.56673918708348],[-16.126427777146873,28.566574185705424],[-16.126503800698075,28.56602335437265],[-16.126672881117816,28.565781960157828],[-16.126653651148434,28.565445104062125],[-16.126534281419346,28.56530003378785],[-16.1265828813055,28.565186575729545],[-16.126531386247663,28.56502819782819],[-16.126064146256148,28.564645816092114],[-16.126221187275398,28.564579618911605],[-16.12613176225224,28.564486314254125],[-16.126112628261783,28.564407950321478],[-16.126170527533624,28.564382468967242],[-16.126107238019685,28.564295355581955],[-16.126191897342697,28.564229127233453],[-16.126385157260522,28.56422999637593],[-16.126390040207987,28.564138436284814],[-16.126656707052902,28.56414160200571],[-16.126582489251298,28.564050707585928],[-16.126246836500975,28.563887232931425],[-16.12630817874615,28.563849087112743],[-16.126637468712,28.563916212027276],[-16.126716532109327,28.563737390352614],[-16.126319339533183,28.56366830200227],[-16.12613124701968,28.563544858333202],[-16.12600411050262,28.563519829238295],[-16.12573078565069,28.56360079991857],[-16.125042549031427,28.563446122033408],[-16.125099146976833,28.5633848202892],[-16.124772814091195,28.563432111706394],[-16.124520076433022,28.563343679299596],[-16.124446760507233,28.563255655347938],[-16.12452130238922,28.56319934976017],[-16.125265086950613,28.563338406777554],[-16.12538426788802,28.563345992877615],[-16.125462146699984,28.56329588677617],[-16.12552511401104,28.56306457997661],[-16.125687632586967,28.562802392218146],[-16.12574669560331,28.562434831119678],[-16.125695004012016,28.562201045515845],[-16.12560390654661,28.562101165612074],[-16.125340376162068,28.56195894133004],[-16.12438684488258,28.56174872252499],[-16.122974195821463,28.561713277604134],[-16.12278417196242,28.561580548718247],[-16.122818483203915,28.561451740216505],[-16.123206776749896,28.561270993639674],[-16.12332763553974,28.56124427040605],[-16.123593405084655,28.561289725663794],[-16.12387630884042,28.561235125055482],[-16.123975260564592,28.56110939124339],[-16.123833087520886,28.56092924412973],[-16.123704989247084,28.56089032132698],[-16.12380110455042,28.56080746470259],[-16.123760473150124,28.56070686776601],[-16.123600095508234,28.560562477128755],[-16.123385685797214,28.56045425687691],[-16.123399362315922,28.560362633038046],[-16.123340055252736,28.56029582897716],[-16.123209490811732,28.56023636575966],[-16.122636420423003,28.560238760393755],[-16.122644923252395,28.56014410167638],[-16.122769081653335,28.560014188950845],[-16.12279460811588,28.55991496684947],[-16.123030294705348,28.55986184172706],[-16.1229717883065,28.55971439607056],[-16.122773244995958,28.55962623380523],[-16.122303980985816,28.55957469762408],[-16.122046917933137,28.55965570682687],[-16.121971121624952,28.55960326281374],[-16.121926500213988,28.559338278682525],[-16.12195213919857,28.559143564813827],[-16.121659213829886,28.55902386932022],[-16.121416490358456,28.559046651919353],[-16.12124322576792,28.559330386476066],[-16.120957826617385,28.55950612587319],[-16.12064292975656,28.55951260721474],[-16.11995897668713,28.559363463289944],[-16.119923607862628,28.559315377833588],[-16.120180747354794,28.5592415022393],[-16.120677098018046,28.559273597613753],[-16.12041334033971,28.55912793557631],[-16.12039017173228,28.55907352185772],[-16.120572982771094,28.55907515361481],[-16.120528326171616,28.55900822730879],[-16.120278011268805,28.55893680702408],[-16.120312805488293,28.55884373651395],[-16.12038969013223,28.558815664017065],[-16.120746028098207,28.558953945924397],[-16.120758535005578,28.55847473595628],[-16.120701327325296,28.55832985079042],[-16.120084797227264,28.557768049986787],[-16.119886732009313,28.55748303069156],[-16.119905420738533,28.557346048133894],[-16.12002199817464,28.557301492503804],[-16.119827718833058,28.557074657081237],[-16.119920930320216,28.55705358040519],[-16.11974519707066,28.556396069800847],[-16.119675350496195,28.556200338749715],[-16.119508319387315,28.556055862436448],[-16.11952965754082,28.555898730913928],[-16.119420178912673,28.55567688150002],[-16.11942852097122,28.55559576263038],[-16.11952823787647,28.55554232087248],[-16.11969398421055,28.5551983502295],[-16.11994032393232,28.555220551799493],[-16.120062846893017,28.554893842322183],[-16.119878674430257,28.554847887115823],[-16.119846140635616,28.55477775567339],[-16.119953062330715,28.55465177844141],[-16.119936498905336,28.554564547085274],[-16.119709727513435,28.55458013680199]]]]}}]}