{"type":"FeatureCollection","features":[{"id":"8","type":"Feature","properties":{"categoria":"Parque Natural","nombre":"Corralejo","codigo":"F-2"},"geometry":{"type":"Polygon","coordinates":[[[-13.84809203337272,28.72564249685733],[-13.847636840252461,28.726286845997244],[-13.847579581210244,28.72722710588511],[-13.846477185440683,28.727650272749734],[-13.845509860657463,28.72768909338843],[-13.844666753875858,28.727515826079237],[-13.84430230418824,28.72726822425077],[-13.843366699166445,28.72681819057315],[-13.842911663232575,28.72653314928684],[-13.84251916680025,28.726203722744533],[-13.842376334080601,28.726004800030353],[-13.842182929122306,28.725496723469906],[-13.842104894092877,28.7248774225245],[-13.841873905159135,28.724234708596775],[-13.841992824307798,28.723154572516794],[-13.841872857060505,28.721892154471774],[-13.8415165861525,28.72144737568059],[-13.840963941110537,28.72034198194584],[-13.840702249500428,28.720096848933828],[-13.840439113714618,28.719923328162807],[-13.840126435029056,28.719797171190717],[-13.840018842999784,28.719679144600004],[-13.839889498130674,28.719149935321155],[-13.83974652536921,28.718972398780963],[-13.839748857528557,28.718594211823486],[-13.839689931694224,28.718382296671138],[-13.839256507751893,28.71752023135048],[-13.839017073632258,28.716792258876],[-13.838689354902915,28.716327058976326],[-13.838387656553383,28.71532705037299],[-13.838141571277047,28.714727540130387],[-13.837740289948353,28.714071957238144],[-13.837468029233417,28.71371813444733],[-13.837089500208902,28.713346068861153],[-13.83691765260104,28.71325519524963],[-13.836858655711547,28.71303935224229],[-13.837830173819155,28.712816581951735],[-13.838329834358202,28.71287008028726],[-13.838593005593877,28.712812402884133],[-13.839384293696114,28.712166923780146],[-13.839465779334125,28.71182984919191],[-13.839465202341868,28.711386889044807],[-13.84511677577309,28.711599259039374],[-13.845282358734147,28.709347193102094],[-13.846389100030153,28.708485435377863],[-13.846001196286712,28.70503828092118],[-13.84395599636869,28.705020819775488],[-13.84375059730433,28.703809159780004],[-13.83604694874384,28.703743101430746],[-13.835956300297887,28.703267921769427],[-13.835373885708018,28.702102041157975],[-13.834590034911669,28.70101700516364],[-13.834016729758233,28.700106642017634],[-13.833618564087597,28.69919562936783],[-13.833421322090171,28.698945397658896],[-13.832965484878612,28.698657140913596],[-13.832729884145811,28.6984286804699],[-13.832577380541872,28.697955004684594],[-13.83229003525836,28.697489849315556],[-13.831975483773496,28.696455075817706],[-13.831940895232158,28.695853183004274],[-13.831800799426784,28.695343087798662],[-13.83171774549323,28.69475130904061],[-13.831577678425747,28.694493210879983],[-13.830883001837563,28.69386973187104],[-13.83094346119838,28.693657246712316],[-13.830971700840527,28.693079732290663],[-13.831259832153194,28.69209779792154],[-13.831640651436777,28.69147711791176],[-13.83196434660782,28.69132164341385],[-13.83202074226033,28.69067821554664],[-13.831918509383538,28.689914870328934],[-13.831801929190947,28.689558914464538],[-13.831701323471712,28.68941623944447],[-13.831345679911932,28.688456489029466],[-13.830978304928292,28.688074241761566],[-13.830953956731086,28.68786681805648],[-13.83128249058758,28.687315272347416],[-13.831296181026774,28.68705574878513],[-13.83173515472313,28.687017949858973],[-13.83191954281591,28.686830523076324],[-13.832385880123974,28.68651078899305],[-13.832479212473318,28.68627563485555],[-13.83256133862594,28.685792141124676],[-13.832418197989988,28.684878260710114],[-13.832420433503426,28.68422283031122],[-13.83231076841933,28.683952422686048],[-13.832322668416753,28.683363195487114],[-13.831952378255338,28.68228937442696],[-13.831915963419904,28.681940752885712],[-13.831776828276956,28.681463589891102],[-13.83185098428692,28.680772236209233],[-13.83172750876244,28.680614210223993],[-13.83184532409216,28.680415369068413],[-13.83181867513436,28.680201264710885],[-13.832092175461117,28.67965561282146],[-13.83209650135969,28.67929521260142],[-13.832185599104555,28.679057422463952],[-13.832659236386137,28.678519118511435],[-13.833085813196389,28.678189353725955],[-13.833139808957633,28.678074871906105],[-13.833042060086404,28.677261600385663],[-13.833206181953276,28.67640033275346],[-13.833119793964496,28.676216769933262],[-13.833298935338883,28.67600950265251],[-13.833357814866044,28.675867914411903],[-13.833696574442458,28.675826067484525],[-13.833789964526142,28.67566211361078],[-13.83382078587991,28.6753926283502],[-13.834019681541252,28.675216279701363],[-13.834021071646143,28.67505008915214],[-13.833686378443652,28.673867696102338],[-13.833377787254616,28.673078889700186],[-13.833048064924663,28.67261263937628],[-13.833028133084921,28.672331606465264],[-13.832925183167568,28.67228627800819],[-13.832798746127589,28.67212008654908],[-13.832858749692289,28.671924942417192],[-13.832763256234738,28.6708791955128],[-13.832859737461252,28.67053576273777],[-13.832852101145356,28.670290341623332],[-13.832904999656831,28.670126752097495],[-13.832879024988841,28.669811144864873],[-13.832764615071284,28.669644957775052],[-13.832557987326322,28.66957430347922],[-13.832483462911433,28.669484264346746],[-13.832577484169974,28.669333159663527],[-13.832581513554004,28.66914691029232],[-13.83248333484826,28.668964111793812],[-13.832376942402767,28.668890855794157],[-13.832085980096132,28.66887679376039],[-13.831880409752513,28.668703601073382],[-13.831937777877616,28.668432323374137],[-13.832069330949805,28.668222489649875],[-13.831988193630062,28.668079251695172],[-13.832003805888567,28.667764003013147],[-13.831894311615029,28.66746862299843],[-13.8319764001334,28.666987149454386],[-13.83182671053801,28.666872643529167],[-13.831980663343412,28.66675035986275],[-13.832230098604398,28.66669936982547],[-13.832405762531902,28.666538572004445],[-13.832412552965774,28.666446652745265],[-13.832372830991078,28.66634853809248],[-13.832213596048517,28.66626803017754],[-13.832214129717167,28.66607221977945],[-13.831997615196974,28.666096498844762],[-13.8318138082182,28.666057791724718],[-13.831683156665557,28.666116448688935],[-13.831584453081268,28.666099423485168],[-13.831480582260543,28.665799181835435],[-13.831304216594711,28.66555101369725],[-13.831208170892264,28.665501086527474],[-13.830983935973643,28.66549452977875],[-13.831064401933048,28.665336512879904],[-13.830961722862453,28.664999159680676],[-13.830947119375589,28.66475123233088],[-13.830908409294231,28.664687512760832],[-13.830799753554118,28.664711701296284],[-13.830864112160471,28.664371169227714],[-13.830683690229911,28.663998333587255],[-13.830428979075887,28.66389462517718],[-13.830675909301002,28.663744264656824],[-13.830765146060301,28.663876445004814],[-13.83086138462136,28.663849838764794],[-13.830860130666048,28.663726793724752],[-13.831019851045777,28.663586076809025],[-13.831110944447904,28.663432925989056],[-13.831120678647832,28.663215958215844],[-13.83093095360784,28.663080311256696],[-13.830798375138226,28.663076856083567],[-13.830778240494462,28.662973287272692],[-13.831144537080107,28.662983958708917],[-13.831163142944728,28.66283062435364],[-13.831270400128476,28.662677748292246],[-13.831473160328528,28.662630842202084],[-13.83172068606976,28.662496504882192],[-13.831973720677937,28.66214951298602],[-13.832037297306886,28.661938072726343],[-13.832008568810355,28.66184165026031],[-13.832099943509705,28.661751462306768],[-13.831983625961595,28.66166959147265],[-13.831972721136585,28.661530867241684],[-13.832030995740618,28.661472740860965],[-13.831957150135013,28.661429070806413],[-13.831980562354586,28.661255560831307],[-13.83184626863144,28.66103417359904],[-13.831721940129524,28.660925527281858],[-13.83155949199889,28.661017412271335],[-13.831497510844311,28.66100748201659],[-13.831394259436504,28.660917501297522],[-13.831379295167382,28.66079058331733],[-13.83128277972425,28.660676382314886],[-13.831279918046322,28.660421489291185],[-13.831340771440193,28.660319043647835],[-13.831289080512526,28.66022646624501],[-13.83142073313597,28.66015439733247],[-13.831473449507744,28.66003643893876],[-13.831429676797704,28.659949552737046],[-13.831324161552123,28.65991615976536],[-13.831556460515356,28.6597850215356],[-13.831624223701699,28.659638889229367],[-13.831526038176698,28.659586768766303],[-13.831495000797853,28.65951040778314],[-13.831545165758175,28.65929769668733],[-13.83168201348004,28.659240537148882],[-13.831581346013433,28.65914651744213],[-13.831859875502822,28.659028061074014],[-13.831898740973312,28.658959505396925],[-13.831839388913092,28.658749468663856],[-13.831370706660246,28.65819956857339],[-13.831302014240045,28.65799780853745],[-13.83122100673906,28.65791004135839],[-13.831496593023548,28.657458829637115],[-13.831558497123877,28.65729835951505],[-13.831549047556924,28.65717611008213],[-13.831468452429686,28.657032741076414],[-13.831180116714226,28.656913996665306],[-13.831086861204898,28.65680879492574],[-13.831004806453365,28.656974154154295],[-13.830944608899673,28.656951242501172],[-13.830943147435258,28.65686531704553],[-13.830846008926715,28.656826066369817],[-13.830749612912118,28.656878511133502],[-13.830760039911905,28.656790874210856],[-13.83063114351165,28.656725572640113],[-13.830652110961019,28.65660647391663],[-13.830538862073928,28.656514231148094],[-13.830681427851902,28.656354593296953],[-13.830659582749425,28.656021692101316],[-13.830767298510889,28.65595230513884],[-13.830600214191044,28.655931512081068],[-13.830658249795238,28.655787742047657],[-13.830601344158007,28.655604720879424],[-13.830640966404744,28.65544579162659],[-13.830576965560399,28.655382124348595],[-13.830585562316152,28.65521599569898],[-13.830754811681043,28.655082139029123],[-13.830811111249906,28.654925086561303],[-13.831004484337809,28.65480067982812],[-13.830966595472155,28.654585764670838],[-13.831244876600444,28.654529248502474],[-13.831236524725036,28.654249027710772],[-13.831088038635203,28.654134684965157],[-13.83112144440903,28.653956775575846],[-13.830944364659702,28.65392232252024],[-13.830916147869818,28.653842754635043],[-13.830822686398767,28.65386335613797],[-13.830902067850957,28.65367313589937],[-13.830624377374667,28.65339998536986],[-13.830634742172192,28.6533031690297],[-13.830698121752603,28.653334195027373],[-13.83073264695503,28.65330257021226],[-13.830611597023266,28.652939931094945],[-13.830689205137787,28.652348822976986],[-13.830817571385818,28.652170000511827],[-13.830986550058071,28.652196585805278],[-13.831028486551318,28.652164600671885],[-13.830928353767163,28.652059917112577],[-13.830937408400738,28.651922520185433],[-13.830870681298713,28.651828079943648],[-13.830988962651814,28.651713422147395],[-13.830985734261956,28.651591226295693],[-13.831094804121305,28.65157643631792],[-13.83125771358054,28.651157465436388],[-13.831262610681318,28.650970510138006],[-13.831210064686058,28.65077828472582],[-13.831079663825511,28.650727483555052],[-13.830911089774974,28.650458009968887],[-13.830916251715257,28.650239847078957],[-13.83075008910484,28.65024376488779],[-13.830616384257358,28.650077698276498],[-13.830625940076615,28.64999473793726],[-13.830738155460566,28.649943431463],[-13.8306662141318,28.64984692441947],[-13.830675482287946,28.649631260915896],[-13.830872475353125,28.64946371677123],[-13.83084317350724,28.649201663628258],[-13.830951567001264,28.649081586395326],[-13.830848193843487,28.648966748309387],[-13.830868920842008,28.64881010157805],[-13.830775511167124,28.648512837465535],[-13.830526454474215,28.64836757141309],[-13.830460483953514,28.648264184294185],[-13.830475690899899,28.648103446569507],[-13.830690721802736,28.647892312139767],[-13.830715312513961,28.64771201606585],[-13.830684622718293,28.647567768662004],[-13.830488669315466,28.64737632662654],[-13.830453587394299,28.647262808900038],[-13.830491150258794,28.647171155177997],[-13.830650662592449,28.647046898432254],[-13.830697398922808,28.64691776004258],[-13.830526498694278,28.646504436827733],[-13.830566975568422,28.646456265616543],[-13.830669387103612,28.6464509492249],[-13.830694313241041,28.646399024543364],[-13.83050054329808,28.6461179338472],[-13.830705567487636,28.64529585437834],[-13.830687289668443,28.645143203103892],[-13.830547342270638,28.64493911261002],[-13.830618625147817,28.64471098769214],[-13.83053467182952,28.64467574072962],[-13.830556747780042,28.64456344748257],[-13.83034871293923,28.64455774342911],[-13.83025972069961,28.644423407825695],[-13.830388690648167,28.644288914440633],[-13.830432176331701,28.644164964701815],[-13.830443354300597,28.643983686334302],[-13.830381377762695,28.643856208699514],[-13.830233055303538,28.643787499110328],[-13.82994915334366,28.64386258474986],[-13.830126540543631,28.6435432449381],[-13.829748042454531,28.643310657948646],[-13.829749608475082,28.64324699712877],[-13.82984154611887,28.64316374655917],[-13.829759971674992,28.643021234499866],[-13.829885236996793,28.642895951576538],[-13.829685153427961,28.64265350622749],[-13.829601392594025,28.642453636680532],[-13.8297578575533,28.642149865870735],[-13.829913152190748,28.64202152994557],[-13.829883235394176,28.641896350670663],[-13.830039485940652,28.641729764069883],[-13.830118042991986,28.6413585859543],[-13.830101187407505,28.64130285281186],[-13.830029667116548,28.641298038367257],[-13.830050965290381,28.6411377953733],[-13.829968339202946,28.64113256910192],[-13.830042534192264,28.64078752705565],[-13.829988298669159,28.64068915087279],[-13.830011803869366,28.640477518107033],[-13.829885274205502,28.640296629858213],[-13.829905134243964,28.64015903728781],[-13.830028425226939,28.640170788149067],[-13.830071341803071,28.640109063825577],[-13.82995748334173,28.6398852698805],[-13.829851996621114,28.639803202210675],[-13.829917676673697,28.639755248776584],[-13.830032153996275,28.639775723297422],[-13.830036443698402,28.639673096116038],[-13.830278043080785,28.639496406579486],[-13.830331246764436,28.639403714479087],[-13.830299477202509,28.639345966278256],[-13.8300998909218,28.639324757102617],[-13.830042961536392,28.639155733707117],[-13.8298462654218,28.639021622981804],[-13.829862810547919,28.638957784625475],[-13.830032695516595,28.638812245596213],[-13.829932461803935,28.638599833006758],[-13.830019235078902,28.638539065044004],[-13.830022234054216,28.638445804118092],[-13.830192283488907,28.638266899267684],[-13.829926070454478,28.63811370436226],[-13.829894771051613,28.637925127519075],[-13.82998767351799,28.63791306857866],[-13.830002358388544,28.637847210480473],[-13.82984998685891,28.63739923515823],[-13.82983796591653,28.637202891433247],[-13.829695089117266,28.63695038945211],[-13.829548611940707,28.636904358045243],[-13.829567408104625,28.636726168907934],[-13.829479450222337,28.636657826647877],[-13.829492776442498,28.63654848136492],[-13.8294389997856,28.636497474376355],[-13.82946218811315,28.63641391871934],[-13.82961078722622,28.6362871225288],[-13.829670418827211,28.636057588421274],[-13.829907619240313,28.63597054701022],[-13.829969082067773,28.635859884462704],[-13.829964320522155,28.63572843306562],[-13.829927822736035,28.635536345524315],[-13.829783890851315,28.635449171388135],[-13.829785256421205,28.63531503819343],[-13.829699467621015,28.635209882030964],[-13.82977602905124,28.635095595382634],[-13.82974187632869,28.634976173740856],[-13.829641817168833,28.634888511935845],[-13.829572178301225,28.634987415795848],[-13.829441881270158,28.634958564096014],[-13.829300474459117,28.634732491837216],[-13.829280358349251,28.634557739109667],[-13.829152657221304,28.6345125825656],[-13.829142430799747,28.634243184342683],[-13.82924046800331,28.63397470353236],[-13.829116373911368,28.633800054152374],[-13.829202682532342,28.633769761470944],[-13.829265963172306,28.633889723733525],[-13.829358042290355,28.633899914749996],[-13.829321848189377,28.633544207581103],[-13.829134211039158,28.633313845767717],[-13.828894377817045,28.63327364973958],[-13.82871922677108,28.633146077630453],[-13.828717809522614,28.632960493459805],[-13.828840225770474,28.632921271058596],[-13.828841556759143,28.632830883824898],[-13.828720273893998,28.63250274479851],[-13.828602688263503,28.63240917253705],[-13.828570985410831,28.632286730206943],[-13.828420138101496,28.63225163483914],[-13.828340524175873,28.632180322458538],[-13.828427787640782,28.631983835142123],[-13.828908267006755,28.632188560697617],[-13.829257533690374,28.632142326955332],[-13.829534522706751,28.63197938285806],[-13.830108760051735,28.63222101577169],[-13.830448486239845,28.632127349139722],[-13.831136806635465,28.632195672129953],[-13.831321425069317,28.632078273135907],[-13.832431867573426,28.63258647416312],[-13.832776572276241,28.632604904442754],[-13.83319629054937,28.63248201863497],[-13.833589219987122,28.632454056146422],[-13.834852872998232,28.632181312097213],[-13.835302089290845,28.632351242139997],[-13.835542719279644,28.632348977985117],[-13.835958227175109,28.632191967259985],[-13.836094650224997,28.631980725226118],[-13.836356240023468,28.631888529570226],[-13.838425293407372,28.631942229871544],[-13.838608173827543,28.631911314819344],[-13.839013401048252,28.632003742169882],[-13.839204992534595,28.631936068073937],[-13.83936939379483,28.631810686733207],[-13.839518384457985,28.631390004779245],[-13.839886778516837,28.631300585095623],[-13.840128424420563,28.631443883972867],[-13.840574576712026,28.631595286296402],[-13.84106551073635,28.63183097984209],[-13.841596939847227,28.63190801636593],[-13.842167799736156,28.63180385871336],[-13.84316784764741,28.632092414758606],[-13.843335022093374,28.632202571552558],[-13.843949498166387,28.63216969173018],[-13.844043280170311,28.63223360683151],[-13.84416287370268,28.63256343354072],[-13.84426210818003,28.63266754025255],[-13.845006338608808,28.632593884177627],[-13.845546590281305,28.632613217572324],[-13.84605361178363,28.632498255753443],[-13.846303695653846,28.63254080123988],[-13.84674572828722,28.632792385216934],[-13.847345315294213,28.63269278246064],[-13.848213413486326,28.633045740170495],[-13.848488164435894,28.63322785356731],[-13.848838610394179,28.633331916462094],[-13.849081207820587,28.633749581954483],[-13.849255352403386,28.63391930472652],[-13.8543711349473,28.63187639699782],[-13.85447488235665,28.63208203511333],[-13.855717752220299,28.63379929952445],[-13.856381946568408,28.634857638752965],[-13.856665615632597,28.635819323645983],[-13.856724576179873,28.637325992696056],[-13.8567733012769,28.63757247439861],[-13.856852801642015,28.637716839773056],[-13.857073186935692,28.637782662568174],[-13.858708484914079,28.637824904676613],[-13.859895510419543,28.637959801995592],[-13.860440995335699,28.638213503319747],[-13.860614968575069,28.638443130618004],[-13.860591000684403,28.63873361271317],[-13.860393544921003,28.639343951744873],[-13.860516648157196,28.63994139984203],[-13.860490852193875,28.640094245974435],[-13.86039138799306,28.64033110436399],[-13.859978909810826,28.640802311078183],[-13.859562957693745,28.641575434463736],[-13.85932184030985,28.64228648921842],[-13.859232902227248,28.643062941889998],[-13.859050328105372,28.643597445214347],[-13.858655090824403,28.644039315321322],[-13.85733146917465,28.64524551231131],[-13.857031155938989,28.6454653663011],[-13.856375715789847,28.64618909207083],[-13.85605950550144,28.647047532529797],[-13.855786387592007,28.648169581651842],[-13.85567215746157,28.64844919116989],[-13.85547015434633,28.648708726430044],[-13.855100624202596,28.648909506751657],[-13.854874151330465,28.649273944708337],[-13.854558906872997,28.649636620730128],[-13.854358076324433,28.649703091555093],[-13.854186821726353,28.649885617883772],[-13.854079514389388,28.649908104092162],[-13.853970355084272,28.650010576176648],[-13.853943857523904,28.650238091278656],[-13.85398846455633,28.65069377577867],[-13.854741621440246,28.65158197801027],[-13.85451911952599,28.651653816396433],[-13.854463800590851,28.65174288104925],[-13.854312935093652,28.652669854766838],[-13.854288957438808,28.653160618457758],[-13.854192088863226,28.65347244062914],[-13.853997182514636,28.65540210235086],[-13.853867343830707,28.66166813633057],[-13.852514923621147,28.66134561232658],[-13.851940584258998,28.66291753310266],[-13.85227268829329,28.66492471672463],[-13.855354725249928,28.66606793790005],[-13.857076276701598,28.666783431912297],[-13.854788130895708,28.672148029832375],[-13.85471876530586,28.672383403834825],[-13.854783684473354,28.672586989014107],[-13.854920285867054,28.67268474360845],[-13.855513794175655,28.67269309260097],[-13.855773687298564,28.67277629261862],[-13.855908684681744,28.67310090487859],[-13.856080660264027,28.673759698099534],[-13.856215092200099,28.673985819806383],[-13.857112183393179,28.674669509029552],[-13.8577934431444,28.675053893467666],[-13.861788581224902,28.675039743767922],[-13.861742320355193,28.681949902092462],[-13.862345276541825,28.68351321121624],[-13.862444228102154,28.68351404288736],[-13.86259388642888,28.68340185099034],[-13.862909496212577,28.683500497241315],[-13.862874161462353,28.684023810518372],[-13.863101931755843,28.68492458415521],[-13.86253072198405,28.685597567143652],[-13.862464747642761,28.686208277505905],[-13.863071106472026,28.686877029920886],[-13.863048106180258,28.68717373701459],[-13.86220893984404,28.68790020785873],[-13.861846271617326,28.688490958796713],[-13.861838527519373,28.68920695231642],[-13.862261857762777,28.690328255725817],[-13.86375193931978,28.690545444208585],[-13.86390755343599,28.69118121057682],[-13.863692265287085,28.691772932595157],[-13.86387262961451,28.692265646294008],[-13.862853766651567,28.692582265247353],[-13.862905670420242,28.692957454681775],[-13.862470027986319,28.69427988831776],[-13.862568306150692,28.694471755344477],[-13.86308016173787,28.69513672607693],[-13.86328563110637,28.695582646964645],[-13.863409255027651,28.69609675301404],[-13.863424228012965,28.697094592860303],[-13.863721279086807,28.697504160794214],[-13.863786426368817,28.69767814917585],[-13.86374253716065,28.697780155851316],[-13.863519192864999,28.69798766963032],[-13.863505058162053,28.698356076421373],[-13.863652016353594,28.698579119157483],[-13.863831497599136,28.699036084626698],[-13.863868777251719,28.699405789584777],[-13.864143133084879,28.69960102018209],[-13.864320399592001,28.699857683582447],[-13.864381703365382,28.700228591865567],[-13.864552386808539,28.70054902740328],[-13.864519895221651,28.70062686963342],[-13.864219998616715,28.700692088154998],[-13.86403804944041,28.70086889366556],[-13.86357301833641,28.701100659895843],[-13.863410265122555,28.70123634354674],[-13.863213326931476,28.70155713962983],[-13.86307663590743,28.701990076890453],[-13.862557470029971,28.702138206421054],[-13.862228639518724,28.702103094466313],[-13.862129387317262,28.702152089008987],[-13.862107117489957,28.702333276184387],[-13.862275598497032,28.702576853638313],[-13.862317543640968,28.702745737682744],[-13.862276130139726,28.703168328750188],[-13.862019435787369,28.703597629117336],[-13.862003257436648,28.70382695479498],[-13.86208373241816,28.70398462851301],[-13.86205411978812,28.704189689221348],[-13.86209285473052,28.704407400785065],[-13.86196711072779,28.70463580483039],[-13.862235557910559,28.70514529012303],[-13.86220645762042,28.705302042184066],[-13.862067529422307,28.70548202244072],[-13.86214605586318,28.705820837496184],[-13.862320323450392,28.706172533660958],[-13.862646694609605,28.706392663646223],[-13.863069602015734,28.706553215267764],[-13.86353256480485,28.70681071897891],[-13.864063096833572,28.707153329439528],[-13.864389947492992,28.707614049401897],[-13.864367810714581,28.707764181583983],[-13.86428018991522,28.70780878959972],[-13.864221163717325,28.708117612475178],[-13.864022661432154,28.708347149321245],[-13.86383566104022,28.70828146244908],[-13.8637433249442,28.70847057222402],[-13.863793806599109,28.7085888318132],[-13.863742191469774,28.708727028365402],[-13.8638237137772,28.708852768983995],[-13.863751668314881,28.708960333225384],[-13.86374880677836,28.709084922829454],[-13.863930935636477,28.709256716609897],[-13.863953690312321,28.70933373187717],[-13.86388346224411,28.70962931042574],[-13.86398292028677,28.709823361370145],[-13.86419253837229,28.709937334322905],[-13.8643437997019,28.710066837120316],[-13.86435625046707,28.7101273034934],[-13.864112976629867,28.710266779109812],[-13.864098376347457,28.71034463591919],[-13.864253615455885,28.71048123910582],[-13.864248842315897,28.71055917844025],[-13.863811096623813,28.710808502180594],[-13.863751319443878,28.71088338015761],[-13.863768636748661,28.71099747121167],[-13.86365525315219,28.711091538101684],[-13.863633455198752,28.711168467939554],[-13.863708184244834,28.711267427361385],[-13.863870107225521,28.711319907293387],[-13.863970256288173,28.711480461776734],[-13.864169616641487,28.711818331833612],[-13.864135577106905,28.71196136923674],[-13.864645510652897,28.71288290101294],[-13.864913749641937,28.713926691536916],[-13.865033750190152,28.714020253905673],[-13.86514662292493,28.714280951745287],[-13.865036675337551,28.714458596578336],[-13.865047350384593,28.714720584944832],[-13.865380426816827,28.715140045594246],[-13.865630809823683,28.71571357030613],[-13.865615508689359,28.715880104832596],[-13.865276785187579,28.71598440391306],[-13.865099312023807,28.716161491218053],[-13.864987948370471,28.71647007340215],[-13.864999522981682,28.716648746865438],[-13.865348420966095,28.716854050571435],[-13.865521516321037,28.717081687858915],[-13.865425197506339,28.71724755174814],[-13.864994220637204,28.717726640491787],[-13.864867603992131,28.718015888442814],[-13.865237657871036,28.71805528487483],[-13.86538035602248,28.718183487318367],[-13.865353707245228,28.71874574388437],[-13.865472293832633,28.71920034559049],[-13.865584418799445,28.72025365506725],[-13.865656125161847,28.7204664523432],[-13.865847979630967,28.720476265482898],[-13.866052822241022,28.720621234087357],[-13.86604277019338,28.720873436380263],[-13.865898686082753,28.72099944097243],[-13.865871343498704,28.721104339349324],[-13.865931829119143,28.721176760835977],[-13.866108688122807,28.72121290128324],[-13.866256355693112,28.721392489926203],[-13.86616570162692,28.72151605457514],[-13.865865594374707,28.721728125642375],[-13.865653847048872,28.7221031323427],[-13.865764825723554,28.72221957002242],[-13.866097821947832,28.722846196931062],[-13.866115990941935,28.723136027929918],[-13.86599354075773,28.723431611296405],[-13.865901121781775,28.723839929700492],[-13.865951860808568,28.723967450617494],[-13.855950300744128,28.72577172783795],[-13.855608826809304,28.72571771876021],[-13.855338919603486,28.725880210287368],[-13.853618762827109,28.72618188682559],[-13.853378483102215,28.72614359473225],[-13.852479109973583,28.725770772580553],[-13.851737544648888,28.725641579325277],[-13.851160323097579,28.725603463297826],[-13.848885099761315,28.72577690480465],[-13.84809203337272,28.72564249685733]]]}},{"id":"15","type":"Feature","properties":{"categoria":"Parque Natural","nombre":"Jandía","codigo":"F-3"},"geometry":{"type":"Polygon","coordinates":[[[-14.26288317450464,28.18298008511832],[-14.262436460772665,28.183516966788574],[-14.262296736400002,28.18354567691824],[-14.262002066926987,28.18382571991107],[-14.26196723929284,28.183912765592414],[-14.261741086820672,28.18401220228483],[-14.261583726268048,28.18402768281192],[-14.261453839442263,28.184160567383124],[-14.261265903858629,28.184231188798403],[-14.261159472225538,28.18418859545825],[-14.26102373826167,28.184253143497024],[-14.260613615872899,28.184634236178468],[-14.260176226727264,28.184950477307748],[-14.259815206267223,28.185319258725244],[-14.2591423237168,28.18584104117994],[-14.25846505319757,28.186052858038032],[-14.258251034991423,28.186217499748416],[-14.25813711346097,28.186238546354378],[-14.25780708498041,28.186443286782353],[-14.257282021216378,28.186895670054827],[-14.25692333733574,28.187095053473243],[-14.25660232727569,28.187108773236396],[-14.256501514825738,28.18732586675103],[-14.256618208584607,28.187422688227652],[-14.256464924437958,28.187572636526507],[-14.25588975629059,28.18761443680735],[-14.255783869952262,28.187810704825853],[-14.255621982309572,28.1878846372973],[-14.255520505289324,28.187879617278412],[-14.255327814556223,28.18774107565212],[-14.255091188655188,28.188032530707943],[-14.254500342241505,28.188283792858496],[-14.254242511409425,28.18832427201426],[-14.253514909282577,28.188832151797914],[-14.253312415427985,28.189025444722194],[-14.253119057007021,28.189012411543672],[-14.252919555249553,28.189355480851898],[-14.252676007590605,28.189480533147897],[-14.25205902066987,28.189972544205094],[-14.25180764694059,28.190068224667783],[-14.251466740140069,28.190380342763415],[-14.251150246103713,28.19076205334054],[-14.25073481144275,28.191084025042077],[-14.250304031885236,28.191303639845657],[-14.250081215652841,28.191557764169822],[-14.249640319184001,28.191790048922204],[-14.249399957410104,28.192006082886227],[-14.249079939423696,28.19215555047236],[-14.248836576085058,28.192334305088814],[-14.247718802147421,28.192776463928872],[-14.247392610410566,28.19306194261201],[-14.247170196075647,28.193181594808593],[-14.2468826678861,28.193689258187597],[-14.246618096224536,28.19399138503728],[-14.246212493658408,28.194209410118084],[-14.246090344949824,28.19442566475579],[-14.245854363267417,28.194555792101156],[-14.24536407805178,28.195120818084792],[-14.245227105461156,28.195358365149705],[-14.245114426575967,28.195693831246125],[-14.244953910450665,28.19580184276784],[-14.244878050260073,28.19592591915585],[-14.244890934660582,28.19605841952604],[-14.244758062365895,28.196205153984923],[-14.244738937405685,28.19634585441281],[-14.244410474955362,28.196812422774027],[-14.24457161523853,28.196865152064028],[-14.244600680879506,28.196933634833655],[-14.2445391091826,28.196990334072865],[-14.24443262393058,28.19727903976837],[-14.244099741938838,28.197759140816498],[-14.244081007751554,28.19794838831314],[-14.24382592381921,28.19801168182861],[-14.243776025124413,28.19815265433317],[-14.24366175010758,28.1981754197948],[-14.243464312704228,28.19834012908479],[-14.2434044425165,28.19871052950173],[-14.243297256869516,28.198727710270198],[-14.243078479565144,28.198560257611586],[-14.242988019141315,28.198595493568675],[-14.242936177295933,28.198702605250407],[-14.242835002084183,28.19876328196627],[-14.242632515754467,28.19913506829261],[-14.24258835682268,28.199450095809663],[-14.242279761391119,28.199870841227778],[-14.242364197380192,28.199982074039735],[-14.242551563399275,28.19995162642826],[-14.242589169567749,28.19998216392129],[-14.24252411823854,28.200283364345523],[-14.24242962614154,28.200442151657597],[-14.24216917607414,28.20057184798863],[-14.242178130832972,28.20070634868336],[-14.2420241946402,28.201064402521673],[-14.241815967265142,28.201324659156228],[-14.241245424513693,28.201566000270898],[-14.241148851501405,28.201574708017997],[-14.241031608427088,28.201509355229327],[-14.240925580596958,28.201656369962986],[-14.24058795851125,28.201569150401685],[-14.240256473838635,28.20169180522069],[-14.240112567614394,28.201863874430135],[-14.240017303024713,28.202085047464823],[-14.240129035317123,28.202284108458265],[-14.24003262118616,28.202454572755347],[-14.239967839774534,28.202825810532037],[-14.239689464041835,28.202907164333553],[-14.239371417224945,28.203111347493802],[-14.239007980403224,28.20309488435228],[-14.238758294147097,28.202929292980063],[-14.238371336636677,28.20298244574196],[-14.238163915283465,28.203311158680627],[-14.237377621818922,28.20373096520318],[-14.237336375638732,28.20389162515559],[-14.23736320188336,28.203942170080445],[-14.237250149089924,28.204095939676847],[-14.237216710254815,28.204336564462146],[-14.237325723506194,28.20442738375824],[-14.237274070617227,28.204509553693164],[-14.237154720130247,28.204539948864632],[-14.236959768167514,28.204489468456373],[-14.236591447100555,28.204654947490315],[-14.236274012084401,28.204909097810063],[-14.235638329593487,28.205264643831548],[-14.235513797153178,28.20540729925168],[-14.23532392669023,28.20551311303397],[-14.235183791587309,28.20571467866332],[-14.234793591994421,28.205717831863044],[-14.234732494354919,28.205826675667524],[-14.234578350375095,28.205934863593818],[-14.2345671150479,28.206001525206304],[-14.234359507421473,28.20607950874785],[-14.23427949783823,28.206205424089767],[-14.234175407139888,28.20626174509854],[-14.234073986728212,28.20610939554868],[-14.23393067646037,28.206132856734264],[-14.23358297565153,28.206057541665796],[-14.233378031337342,28.20612773966159],[-14.233267778262016,28.20628785814891],[-14.233191351611001,28.20669948400979],[-14.233293225788458,28.206862388799962],[-14.233432426189847,28.206883812486318],[-14.233444220109373,28.206921717960853],[-14.232827922502967,28.207821363620454],[-14.232696403116131,28.208110920730853],[-14.23276545268974,28.208275799161186],[-14.232569292378848,28.20848498210689],[-14.2324276986199,28.208387576466006],[-14.23230567155462,28.208443795370346],[-14.232277063527906,28.20870533321484],[-14.23203672934493,28.208799016237993],[-14.231847873580909,28.20923454424056],[-14.23156400326027,28.2092888517985],[-14.231486435467426,28.20957393555328],[-14.231037282230085,28.2100041095737],[-14.230978330329403,28.21015962193597],[-14.230928980812145,28.210146770542394],[-14.230988363798962,28.20994246299776],[-14.230949411955592,28.209917691796733],[-14.230337498299455,28.210098095069597],[-14.230232392525169,28.210158740006882],[-14.230034325601453,28.210524618635393],[-14.229972223000624,28.210562243897485],[-14.229736896842276,28.210485393992204],[-14.229627688380258,28.21025427674293],[-14.229370641607408,28.21005770191762],[-14.229231320333758,28.210017182193653],[-14.228936723567003,28.21002796993237],[-14.228589983744293,28.210152378310738],[-14.228241015346477,28.21041659470819],[-14.227992924014197,28.21042601792978],[-14.22767228873471,28.21066655354667],[-14.227509440407742,28.210685275993487],[-14.227364867228346,28.2108831884539],[-14.227189460946155,28.21090805889812],[-14.227090066189412,28.21105263553114],[-14.226944928352319,28.211102364291627],[-14.2268323274671,28.2112525077084],[-14.226691693231972,28.211293749596162],[-14.226549139882348,28.211454257465732],[-14.226383259254641,28.2114693598102],[-14.226312534055822,28.21161727529982],[-14.226130674955025,28.211677636413786],[-14.225695724670368,28.212140648111365],[-14.225037280356412,28.21270806647842],[-14.224872489924836,28.212981161162496],[-14.224699117365565,28.213130245291083],[-14.224616894520137,28.21342483036086],[-14.224449123121936,28.213610918664916],[-14.223654367115175,28.21431509483238],[-14.223159700030168,28.214628866109116],[-14.222863140274196,28.21473867778522],[-14.222816269811576,28.214996931978423],[-14.22250506935245,28.21431969780402],[-14.222276044686636,28.214019725473833],[-14.222131393084872,28.213731497655296],[-14.221806342343232,28.211721538792613],[-14.21926029178603,28.21079954899706],[-14.21760140296165,28.209717366302225],[-14.217263254464328,28.20980786412247],[-14.21693503403115,28.2098168269193],[-14.21658758815657,28.209589381787943],[-14.216358254418147,28.209542005996195],[-14.216297795229064,28.209041218665067],[-14.215447724336457,28.20836155812244],[-14.215265686769875,28.208026640117794],[-14.214926890794247,28.207074534676487],[-14.21480681107264,28.206880162917503],[-14.214603012601607,28.206775160850768],[-14.214222063138088,28.20667230057495],[-14.213791393851471,28.206245948847233],[-14.213242374106768,28.205123211854826],[-14.213098137333404,28.204081034101417],[-14.214779136825287,28.203022857733746],[-14.215385507192746,28.20258930593476],[-14.215872639440615,28.201979871659223],[-14.215887468610422,28.201422476231162],[-14.21622969433368,28.200962448219776],[-14.216277179675643,28.199851730797878],[-14.216013717509329,28.197465529680525],[-14.216241894506396,28.196550739273068],[-14.216496767246866,28.194953412627534],[-14.216461696246665,28.193816586037812],[-14.216865971456725,28.192519362078155],[-14.21697800003578,28.191999494614457],[-14.21688032511807,28.191248944778284],[-14.216876749205955,28.18987759779754],[-14.216585081621485,28.188369149264748],[-14.2166172290389,28.188045667189307],[-14.216774349492283,28.18764535282932],[-14.216773045038435,28.18661378771437],[-14.216429444244577,28.1864196725856],[-14.216158776564555,28.186179667864497],[-14.215526794150353,28.185250435098705],[-14.21505354939875,28.18469977284952],[-14.214228747666558,28.18422897175821],[-14.212967871909754,28.18322101518141],[-14.21268969266111,28.18294052145052],[-14.212494659658624,28.18262441718146],[-14.21241374012394,28.182367452360626],[-14.21240672667177,28.181428205153722],[-14.211833125058149,28.180102988257886],[-14.211126899832472,28.179339090266463],[-14.210597614687012,28.1789520217431],[-14.21021633869932,28.17875773728359],[-14.208927623730068,28.17744353726587],[-14.208011357153335,28.17571415397076],[-14.208429719385759,28.175574819603302],[-14.20883816865434,28.175335854389182],[-14.210568025161091,28.173703143386987],[-14.211269262190024,28.17317659210756],[-14.222614967595188,28.175860702503762],[-14.23401150637587,28.16511966482352],[-14.232092886990685,28.159154539954617],[-14.236630051107138,28.153972518982854],[-14.237258655491894,28.153522810216295],[-14.246089173305663,28.14860905581197],[-14.246595285089883,28.14846914614256],[-14.24696659209782,28.14842337306708],[-14.251031228042962,28.148374340964807],[-14.25112007836014,28.148236140832832],[-14.25114792297164,28.148057357303756],[-14.251161307558208,28.14772611548394],[-14.251099025290053,28.147523622757753],[-14.249418074264145,28.145302917430392],[-14.24914642855147,28.14469295015623],[-14.248870284771797,28.14361878801344],[-14.248602234855582,28.142010136910947],[-14.24797858243776,28.13938767953465],[-14.247719932508723,28.138786446156303],[-14.249324560484837,28.138727941928355],[-14.248970569721427,28.138275679401374],[-14.24817707382281,28.137532440705183],[-14.247878283258135,28.136829464211655],[-14.247339706285493,28.136400737011712],[-14.246862578765159,28.136178587050647],[-14.246585770244934,28.135904252263835],[-14.246539491743025,28.13564329824423],[-14.246347272252738,28.13538820347576],[-14.246035271604052,28.135201648124003],[-14.246064803084925,28.13498036799343],[-14.24596524141893,28.13481950640266],[-14.245579951121906,28.13460623403075],[-14.245047940498894,28.13454524504743],[-14.244983947467444,28.13445290163081],[-14.244991476577596,28.134308516186955],[-14.24519361852018,28.1341989985178],[-14.245961316569923,28.134356163211518],[-14.24615862950643,28.13431378509542],[-14.246249411279669,28.134192676878868],[-14.246280922321871,28.133973610056973],[-14.246503723301444,28.133658828890624],[-14.24756390908955,28.132713881157994],[-14.247748037399894,28.132226015417004],[-14.24797551558678,28.13187313763055],[-14.248171234722312,28.131740309381772],[-14.248798792119524,28.131537661728473],[-14.248926337554742,28.13139464672504],[-14.249266914076927,28.130682753907216],[-14.249718290973743,28.129359673405766],[-14.249743803888343,28.129111687265617],[-14.24969129615965,28.12896077141519],[-14.24947951788693,28.128725062434793],[-14.249474899225987,28.12856370302703],[-14.249859538599061,28.1283069949993],[-14.249998394630312,28.128094733779232],[-14.250118654410825,28.127669331605308],[-14.25002711828872,28.127449725829337],[-14.250303095291862,28.126794091786426],[-14.250470907621477,28.126587476588384],[-14.251169736063373,28.126192812029725],[-14.2512267257793,28.125991945248703],[-14.251213017326126,28.12577854235743],[-14.251458823272532,28.12538386530235],[-14.251675193560242,28.125221997241386],[-14.252119285319047,28.125128520955744],[-14.252305920224844,28.12496704930843],[-14.252816469633292,28.124058361420772],[-14.253168827774205,28.123660795488885],[-14.253840576266917,28.122702702690194],[-14.254054960561268,28.122638163899158],[-14.254845561067738,28.122706877806966],[-14.255003439914315,28.122650677984442],[-14.255559199581118,28.12226707383888],[-14.255586278199255,28.122090866028717],[-14.25552054900673,28.12154212741547],[-14.254842780732082,28.12113000479416],[-14.254698651290203,28.12097684147154],[-14.25465149283726,28.120805736549954],[-14.254713546096818,28.12036008211673],[-14.254946252135532,28.119659276250474],[-14.25506063471322,28.118978064955886],[-14.255438556864842,28.118036139982213],[-14.255576147484161,28.117803049987636],[-14.256458930831418,28.116765515836217],[-14.257080154435057,28.11641517110312],[-14.257471490900937,28.116265064223],[-14.258373315893364,28.115722717868767],[-14.259207916562419,28.11485155588679],[-14.259606008456254,28.114268061056887],[-14.260184627135239,28.113838190012117],[-14.260338813313302,28.113653134390706],[-14.260598220178876,28.113261401339805],[-14.260634562182918,28.1128551778898],[-14.260551890352234,28.112683594382037],[-14.260387364483018,28.11260716242558],[-14.260192121944545,28.11260366300915],[-14.259616561927755,28.112684035893025],[-14.259209427708246,28.112859771968875],[-14.257897224100287,28.113910600129927],[-14.256782107155678,28.114593922552704],[-14.256433394047452,28.114894463341844],[-14.25631519291751,28.115045028931164],[-14.256278116035665,28.11520702897871],[-14.256321424483842,28.11549351921486],[-14.256163201278172,28.115382896089564],[-14.256114181010627,28.11523371636561],[-14.256127753838516,28.115090382494255],[-14.256325950889252,28.11461902605509],[-14.2564317102358,28.114477347482683],[-14.257294236889647,28.113980858222263],[-14.258056235611884,28.113291288504396],[-14.258717044864659,28.112800630963502],[-14.259477558117473,28.112354414568582],[-14.260075079614483,28.112094068480975],[-14.260732736624863,28.11193599181958],[-14.261924470697455,28.111343478468406],[-14.263792735147284,28.11022856413426],[-14.264629174723284,28.109582549122674],[-14.265096324077781,28.109154080681904],[-14.265582880921617,28.108918823532967],[-14.26659119450852,28.10776244180603],[-14.267347978709187,28.106752314068164],[-14.268083179054168,28.105914360132946],[-14.268536513482236,28.105290981345178],[-14.269070773317377,28.104729224547516],[-14.269650670528025,28.103888457033534],[-14.27005399052616,28.10340243736438],[-14.270293404729985,28.102971582618444],[-14.270572349034126,28.10273431775064],[-14.270966922573152,28.102125349436562],[-14.271285357682881,28.101810166366946],[-14.271721220525984,28.10108543026145],[-14.272440808456881,28.10003996962185],[-14.272750191783814,28.09950160244741],[-14.27306272990054,28.09880278249082],[-14.273719903025457,28.098121231571813],[-14.273987141626115,28.098617439129807],[-14.274086490680634,28.099045842431796],[-14.274150071296816,28.10136636308331],[-14.27424505237853,28.101598663790604],[-14.275013744301372,28.102803946626064],[-14.275031333987306,28.103676385389083],[-14.275223782681236,28.104559858124777],[-14.275592171444103,28.106942845446962],[-14.27569081417645,28.107455643665354],[-14.275881472282004,28.107814624353534],[-14.276073495000466,28.10805241880843],[-14.276372821247383,28.10820651448137],[-14.27678764534803,28.108626099630534],[-14.277180719707232,28.10867627545698],[-14.278005039028395,28.10911519252934],[-14.278166033875994,28.10934914686195],[-14.278514677948483,28.10953411623515],[-14.278895945791426,28.1098584849115],[-14.279051805485226,28.109886456828512],[-14.27929063248824,28.10981449614255],[-14.280048579628293,28.10999914773847],[-14.280160066300501,28.11011658429947],[-14.280198719203211,28.1106217076635],[-14.280462414779675,28.11091179412817],[-14.281117339004894,28.111854453494644],[-14.281301374825011,28.111907989929733],[-14.28144250942469,28.111750725239286],[-14.281576737948516,28.111700878686857],[-14.281814161635767,28.111760471236025],[-14.281998471565373,28.11196854619384],[-14.282328884165608,28.112074399366417],[-14.282435426498468,28.112152234939906],[-14.282456454661878,28.112249382571658],[-14.282558001246091,28.112354344385782],[-14.282831049680038,28.11249500128274],[-14.283389127719138,28.112279119267367],[-14.283760318488163,28.112064416365094],[-14.284165182925546,28.111948234716387],[-14.284097163735886,28.11187033078223],[-14.284096383400001,28.11171188006162],[-14.283977682544393,28.111925591627703],[-14.283626598215331,28.111939798592314],[-14.283512909603282,28.11179131029011],[-14.283157158134143,28.111545945385465],[-14.283054662767682,28.11133107829913],[-14.282939979565002,28.111301728472142],[-14.282663213060346,28.11103482221203],[-14.282430159359551,28.110692039559225],[-14.282484135114116,28.110511786861437],[-14.2821236807468,28.110258153283016],[-14.282114503880837,28.110150226486375],[-14.28221509516911,28.10998392953639],[-14.282098335037052,28.109887571566954],[-14.282088065620211,28.10981530375842],[-14.282218517324058,28.109665627909738],[-14.28220871206104,28.10957256488902],[-14.281947634696728,28.109592284676918],[-14.281820138538286,28.10951218161009],[-14.281834840875055,28.109389648169063],[-14.2816265979603,28.109125544910384],[-14.281732431333163,28.108869170657034],[-14.281512318853544,28.108724302678823],[-14.281518259066285,28.10864562950378],[-14.281426119761429,28.108539714243243],[-14.28143174105952,28.108380583911256],[-14.281258257466591,28.108424871812076],[-14.28115246819,28.108393563195428],[-14.281152586943827,28.10827802132622],[-14.28086547748518,28.108018991789475],[-14.280824213429621,28.107856149353015],[-14.280700723670073,28.107761912316754],[-14.280646258280113,28.107606375448448],[-14.280511246021439,28.10753027575004],[-14.280408387408421,28.107291853965403],[-14.279993646546634,28.10685841490767],[-14.279978735860045,28.106652093264433],[-14.27985738359524,28.106658830989748],[-14.279790895127883,28.106614864565763],[-14.278875872089456,28.105437589027538],[-14.278861859802898,28.105243403938875],[-14.278682235081156,28.105183668107035],[-14.278401786305261,28.104917176304028],[-14.278325920336513,28.104765705310033],[-14.278079098844506,28.104573607797807],[-14.277889928325271,28.1039572126944],[-14.2779521339496,28.103716056309462],[-14.278103386968633,28.10357313742017],[-14.277983886017518,28.10341941456773],[-14.27797725412679,28.1032239773806],[-14.278069088485797,28.10314920466745],[-14.27836967350762,28.103046662737142],[-14.278422611954083,28.10292446614993],[-14.278624685991524,28.10279601308865],[-14.278987382597531,28.102712373501593],[-14.279360067377041,28.102709132636978],[-14.279930672455377,28.102824205634818],[-14.280327615134297,28.103024020156006],[-14.28056450458899,28.103227886634862],[-14.280718366889829,28.103437979086266],[-14.280908988404416,28.10357647424318],[-14.281024577776472,28.103535773726396],[-14.281166414170917,28.103583158424758],[-14.281336871635085,28.103551853190787],[-14.281609614328941,28.103637050344084],[-14.281679685565773,28.10372985139223],[-14.281909468789678,28.103680640120306],[-14.282044429238042,28.103763959573488],[-14.282150798886493,28.103933786198183],[-14.282377952980886,28.10385135994643],[-14.282533078587319,28.103890589388936],[-14.282854730863587,28.104116135304867],[-14.28295987714614,28.10432321740172],[-14.283128200330943,28.10425779567864],[-14.283373163861473,28.104289559171583],[-14.28356208615094,28.104359718226597],[-14.28364564528125,28.104482052102497],[-14.283842235957211,28.104507405858275],[-14.283983062588232,28.104639796471602],[-14.28399619294398,28.10475353906876],[-14.284201856240642,28.104804720118622],[-14.284310801452998,28.10491231899733],[-14.284282899663955,28.105208097833895],[-14.284485662354564,28.105236308268708],[-14.284533237304116,28.105283351199645],[-14.284626264221785,28.105599267708584],[-14.284569529073158,28.105785148790297],[-14.28463582221049,28.10582809187831],[-14.28460831140961,28.10594840152556],[-14.284914996101092,28.105779864396684],[-14.285038678110459,28.105777774079165],[-14.285301860133606,28.105881400950203],[-14.285395117544455,28.106083066387257],[-14.285637478278272,28.106084328943552],[-14.285744214302296,28.106132410757695],[-14.285774169254015,28.106349922226276],[-14.285708437681048,28.106535603475077],[-14.285799607537983,28.10659153870476],[-14.28603806150854,28.106574158008055],[-14.286069386292855,28.106615627546706],[-14.285991076273678,28.106849906738418],[-14.286117137547608,28.10694992958415],[-14.286058940022532,28.107227795411223],[-14.286183663575466,28.1071562756346],[-14.286303449019181,28.10723095460084],[-14.28644412069929,28.10724006339457],[-14.286557566900388,28.10744356622087],[-14.286551446853528,28.107137635390007],[-14.286604096434163,28.10703956266005],[-14.286814601027446,28.106950669636017],[-14.286900921478802,28.106804090524612],[-14.28698301197887,28.106804517321393],[-14.28707273839787,28.10688181959085],[-14.287075216042615,28.1067349579658],[-14.287130724973675,28.10663543754623],[-14.287361603182887,28.106581330391695],[-14.28765001524343,28.106712814119216],[-14.287721811129131,28.106890833765508],[-14.28785993669053,28.106909306690167],[-14.28788221985823,28.10716694700649],[-14.288017312531764,28.10725010788914],[-14.288095951065294,28.107409540642486],[-14.288349338994735,28.107468049275017],[-14.28853134846228,28.107383780911047],[-14.288697360487035,28.10737264543841],[-14.288933924234472,28.10744450659247],[-14.289175122590255,28.107739948271895],[-14.289479513535646,28.108512483652305],[-14.28947136544877,28.108692263643345],[-14.289258738994347,28.109090496958522],[-14.289343090403195,28.10932275043544],[-14.28939757305838,28.10908226184219],[-14.289661882027742,28.10884981078408],[-14.289844089263841,28.10878518397892],[-14.29010287333299,28.108290692493945],[-14.290238001274803,28.108152451878382],[-14.290559549050613,28.10808263261044],[-14.290792201209447,28.10814289803698],[-14.291066969055336,28.108121210110383],[-14.291615668399823,28.10828566963399],[-14.291969086121252,28.108540533038127],[-14.292052689735453,28.108726257111083],[-14.292230097372313,28.10874739274804],[-14.29232825170423,28.108813334312583],[-14.292370045332111,28.1089168071723],[-14.292356030693375,28.10909771254282],[-14.292633684701645,28.109232307819454],[-14.292670723067577,28.10929720273155],[-14.292644881250096,28.109431234306147],[-14.29289827478825,28.10939065682625],[-14.293088314715197,28.1095224885768],[-14.29312625130363,28.10969888664387],[-14.293093794148408,28.109860632489198],[-14.293333830270402,28.109820274221583],[-14.293760814251977,28.110104244333126],[-14.293876013550795,28.110254040995297],[-14.293785372608449,28.110514122901762],[-14.293989573639509,28.110473867819675],[-14.294104462027622,28.11050954628351],[-14.294365336615591,28.11075108212683],[-14.294569592245365,28.111069721757538],[-14.29449441094162,28.110890397375737],[-14.294554651343134,28.110863690151966],[-14.294589173764633,28.110896373127243],[-14.294790372905096,28.11118437791393],[-14.294918979612962,28.111277049051278],[-14.295077116765908,28.111605425388703],[-14.295286685300049,28.111660076355115],[-14.295570357367763,28.111872399116997],[-14.29613436127266,28.111942174456555],[-14.296519534597948,28.112145619349466],[-14.296914812937628,28.112161087377093],[-14.297177346318705,28.112318415718306],[-14.297220524329402,28.112410339955648],[-14.297400770670816,28.112478142902845],[-14.297447328654673,28.112401392116748],[-14.297358469477723,28.11228914933202],[-14.297510616885509,28.112288195680204],[-14.297402097604525,28.112174561380474],[-14.297391818419916,28.112070944582555],[-14.297264209520751,28.111855959086373],[-14.297020650417709,28.11151805737368],[-14.296537508649422,28.111019901850742],[-14.296370760696814,28.110912169431845],[-14.296110797169643,28.110580229888498],[-14.296075671688035,28.11040284505983],[-14.295873327549138,28.110077844514823],[-14.295887562441475,28.109993282595347],[-14.296048090167293,28.10988709431594],[-14.29583548502054,28.109836454887233],[-14.295818044652735,28.109744662366538],[-14.29591614643827,28.10963828908187],[-14.295744236055096,28.10959190243126],[-14.29566848509996,28.10946846046109],[-14.295766033348674,28.109347063887057],[-14.295582464806804,28.109252685014752],[-14.295420413489888,28.109043722284657],[-14.295449313100882,28.10893974693982],[-14.295591128281538,28.108793005037473],[-14.295363601800194,28.108695511525408],[-14.295162347500542,28.108435084023476],[-14.295181511539655,28.108294220433482],[-14.295341441059243,28.10819827524463],[-14.295347253503435,28.10810644866732],[-14.295077151250567,28.108031248704503],[-14.29483508069911,28.10778563147522],[-14.294771434928904,28.10735577424486],[-14.295353614385863,28.107201628535602],[-14.296371486523261,28.107156746762495],[-14.296381961327633,28.1068994290777],[-14.296480027706721,28.10661698785664],[-14.296670556129662,28.10642414209973],[-14.296965297165876,28.10628613538279],[-14.29725628226298,28.106255716990418],[-14.297456421087206,28.106306272249416],[-14.297658304362658,28.106270332539435],[-14.29779363415196,28.106299333457994],[-14.29786453517023,28.106217083372957],[-14.298060689944423,28.106160316042104],[-14.298436135400593,28.10593490663471],[-14.29881692427201,28.1058894813709],[-14.298935167459293,28.10579071903386],[-14.299182135728744,28.105784759771993],[-14.299332594187652,28.105722711126],[-14.29958061134289,28.105806013309458],[-14.299724090584773,28.10568369288113],[-14.299928710647421,28.10567751604457],[-14.300018067440316,28.105562140458847],[-14.300215428851027,28.105570080139216],[-14.300265588079116,28.1054709692378],[-14.300371300455534,28.105414161373588],[-14.300494976445865,28.105412923646266],[-14.300653142217522,28.10548709990314],[-14.300746852416715,28.105321909159258],[-14.300928172950089,28.105341898023493],[-14.301019359748537,28.105276945672017],[-14.301457559555056,28.10518774586676],[-14.301561634046832,28.10519507305303],[-14.301639543872383,28.10533787630786],[-14.301830464940698,28.105151804312012],[-14.301942690292908,28.10510775613774],[-14.302202594445118,28.105235733486918],[-14.302344435818295,28.105095357383856],[-14.30269531432682,28.10514075913217],[-14.302807387147858,28.10508875687245],[-14.302970861278556,28.10516713685877],[-14.303339002794448,28.104992380155654],[-14.303588391702547,28.105065283227734],[-14.303636767223209,28.104888748268934],[-14.303930473852555,28.104927925976245],[-14.303966888678499,28.104787437335332],[-14.304105167861108,28.10471274726982],[-14.304267294881413,28.104728590331426],[-14.30436020219653,28.104819473873306],[-14.304396577597236,28.104634500900932],[-14.304515812123311,28.104532561249123],[-14.305073012393073,28.104389377204306],[-14.305109042399055,28.1042767519743],[-14.305290417728045,28.104319708516215],[-14.305298194607852,28.104142813819315],[-14.305350524721058,28.104110437988997],[-14.305908399961991,28.10423516000576],[-14.305866492748835,28.104115938736015],[-14.306314442548267,28.10414291130702],[-14.306252577409628,28.104056076626904],[-14.306055720458922,28.104052345672887],[-14.305951303768245,28.103997069867663],[-14.305922785315454,28.103822166905356],[-14.306014576620461,28.103763857939626],[-14.306486934857691,28.103711941928125],[-14.306187047340279,28.103690783008574],[-14.305969113667443,28.10358973581824],[-14.305271522442085,28.10356136252422],[-14.304970037006552,28.10345338222434],[-14.304833866934544,28.103485486475023],[-14.30473645027622,28.103456242385814],[-14.304462155630079,28.103539351496316],[-14.30351417208063,28.10351214557481],[-14.302767679018986,28.103571766129107],[-14.301686832795431,28.10356886730048],[-14.300829898787521,28.10349777580914],[-14.300626121513032,28.10352533376969],[-14.300396455640996,28.103363151772363],[-14.300255690412888,28.10355102129431],[-14.29873748840835,28.104078230809606],[-14.298115071860732,28.10411144311069],[-14.297445577406982,28.10407046406203],[-14.296208418528915,28.10385932195952],[-14.295947367349738,28.10377767998297],[-14.295887392031299,28.10371455475538],[-14.29560761163198,28.10365765768653],[-14.295513071378858,28.10358740416421],[-14.295423416715513,28.10333030329183],[-14.29533029712109,28.103422836852072],[-14.294765252478712,28.103319834808],[-14.294591542653901,28.10343188459574],[-14.29425920993252,28.103322873723993],[-14.294193195925788,28.103373797116383],[-14.293970861367146,28.103231555280857],[-14.293419765641492,28.10313786294004],[-14.293224655063648,28.10298607441651],[-14.293077600146269,28.102957586329172],[-14.292658946710901,28.10264968203018],[-14.292159509199703,28.102112142653922],[-14.291601160110508,28.101171053033934],[-14.291383361520664,28.10062470163027],[-14.291402912359892,28.10040686911301],[-14.291507154912257,28.100325796462034],[-14.291496418195143,28.100224641081535],[-14.291599923402448,28.10016900201018],[-14.291509629686532,28.10004821773312],[-14.29150700661785,28.099902042573248],[-14.291761343424977,28.099714443533497],[-14.291666295028753,28.099536459180296],[-14.291690393679627,28.09935762769948],[-14.291850608700475,28.09919800386283],[-14.292033208603067,28.099219744097088],[-14.292203227616886,28.098974515306026],[-14.291990212449617,28.098872027218672],[-14.291878867803023,28.098763708824876],[-14.29182234042916,28.09851109138914],[-14.291881237657991,28.098222827271446],[-14.292191199779111,28.09797789650363],[-14.292459466664594,28.097968728125647],[-14.292616114314553,28.097855879766385],[-14.292752945313218,28.097871452400234],[-14.29288912129754,28.09780216072857],[-14.293595904296172,28.09783044525128],[-14.29416939182459,28.097932917533836],[-14.294516197691358,28.098067711208376],[-14.294839307451264,28.098302055969878],[-14.294970783483203,28.098489180007245],[-14.295128546159859,28.09852320931691],[-14.295402391903549,28.09868868702772],[-14.295480577069744,28.098918305755877],[-14.295742466771237,28.098938272801966],[-14.295756419213895,28.099177382731693],[-14.295944829378048,28.099107579887303],[-14.296093050885798,28.099156290843325],[-14.296284769928773,28.099396872474625],[-14.29631332138385,28.099645300670055],[-14.296887377573135,28.09968117403953],[-14.297171402216131,28.099885118437662],[-14.29728768884207,28.09990462532032],[-14.29747676210377,28.099833090636334],[-14.297769292412463,28.099481316183454],[-14.29813773862801,28.099458224745995],[-14.298357247515238,28.099565069440867],[-14.298605593243009,28.099764630945018],[-14.298695564284827,28.100005131284547],[-14.298950779946374,28.100263094500875],[-14.299470575633874,28.100278170923936],[-14.29969151697733,28.10061639544409],[-14.300094200427973,28.100576124102993],[-14.300269754093906,28.10071178066371],[-14.30079975679767,28.10076070044189],[-14.301057904928467,28.100988191280337],[-14.301471132973687,28.100979743935962],[-14.301826403540947,28.101080495314747],[-14.302333794045866,28.101402553068645],[-14.30267963706169,28.10151956571677],[-14.302994476615797,28.101695924559085],[-14.303142696534836,28.101695522220805],[-14.303291937675366,28.101757653482796],[-14.30369997842502,28.101758434598185],[-14.303915923424382,28.101933269265416],[-14.304586251895387,28.102247479838006],[-14.30511508785643,28.102358923770147],[-14.305778730293458,28.102346397062533],[-14.306587808403249,28.102532316277756],[-14.30692497518851,28.10268278189862],[-14.30732313599303,28.102770583827045],[-14.307484764964583,28.10276215652327],[-14.307966771504296,28.102982676572452],[-14.30859364459017,28.10294526248863],[-14.309103122401407,28.103098613273506],[-14.309342082892913,28.103242069979334],[-14.30963821268807,28.103544839067133],[-14.310113037538223,28.10366710397607],[-14.310188364684688,28.103807867543626],[-14.310167682208371,28.104036538601306],[-14.310040330062966,28.104135264983906],[-14.310040233302061,28.10418221285234],[-14.310191909428855,28.104253168104385],[-14.31023541205268,28.104429301043005],[-14.31028580112789,28.104464641586272],[-14.310717258942393,28.104543068895396],[-14.310818022449405,28.104660715950025],[-14.310853812718468,28.105043478387582],[-14.310731382515263,28.105270347398186],[-14.310705924505912,28.105430824160386],[-14.310829909763582,28.10531748394737],[-14.310990326103338,28.105295470169526],[-14.311049656575577,28.105339963388026],[-14.311116859839842,28.105528924817783],[-14.311285258088951,28.105277309158826],[-14.31143648841691,28.105418453163207],[-14.311483802969754,28.10561020314448],[-14.3117154071227,28.10559332104146],[-14.31212024501019,28.1056772340969],[-14.31240884170537,28.10557989197301],[-14.313098721230714,28.105779347582914],[-14.313278820808335,28.105703837625526],[-14.313481718034447,28.105712363660427],[-14.313809574002669,28.105876495684928],[-14.313986762378816,28.106034520517866],[-14.31401185285723,28.106391962684743],[-14.314075636329097,28.10637046392885],[-14.314262214496354,28.10612789007486],[-14.31434129594094,28.1061212174625],[-14.314557612122808,28.106581293221176],[-14.31458405943024,28.10648854869395],[-14.314746040373532,28.106406320601952],[-14.314553682277927,28.106193762263636],[-14.314501070966777,28.10601440768372],[-14.314526957166755,28.105920234120532],[-14.315168979605856,28.105981212849645],[-14.315375087939826,28.106099806835317],[-14.315485299144456,28.105981058778287],[-14.315954979881619,28.106063262168167],[-14.315790946549884,28.105936502081313],[-14.315669657681934,28.10574756185486],[-14.315706606946451,28.10570659303654],[-14.315808015490177,28.105762117282463],[-14.315899179250366,28.105699465676192],[-14.315857344500955,28.105432199179493],[-14.315459177786114,28.104964149886246],[-14.315457660552315,28.104863177570625],[-14.3155432749573,28.10480223163468],[-14.315464443896836,28.10476962157567],[-14.315471256563352,28.104671444004218],[-14.314853429699266,28.104578389051554],[-14.314670227354819,28.10449543823307],[-14.31461656505989,28.104398249357146],[-14.31466605004663,28.104076285045338],[-14.314426794939179,28.104067425617757],[-14.314302889832875,28.103880781971913],[-14.31383749005304,28.103639433938213],[-14.313747335118222,28.10344125087407],[-14.313858800506257,28.103310820637354],[-14.313452455826399,28.10304259605974],[-14.313431660824534,28.102931859522943],[-14.313198267926682,28.10280214946223],[-14.313151231601989,28.102700678383805],[-14.313160110617632,28.102502124234938],[-14.31298723603522,28.102518165665742],[-14.312790316704163,28.102460698537225],[-14.312421685496776,28.102166680761396],[-14.3123630170762,28.10206961937239],[-14.312356775208743,28.10192458157856],[-14.312466785042073,28.101652009161906],[-14.312238627386257,28.101672529679636],[-14.312131462854282,28.101518031218923],[-14.312008103940153,28.101585158672336],[-14.311963120710777,28.10150678804015],[-14.311843980226138,28.101525408431996],[-14.311733828929153,28.101430688200587],[-14.311536927459844,28.101504803036168],[-14.311290572982585,28.101486370276884],[-14.311135304681056,28.101366292427105],[-14.31103703984844,28.101125622866654],[-14.310780410768885,28.101166795707172],[-14.310635471447672,28.101131828720213],[-14.310545938776066,28.101054118362004],[-14.310476597444367,28.10084348151457],[-14.310305071873637,28.100871793797154],[-14.310192064824902,28.100835542612337],[-14.31007496448994,28.100605311929062],[-14.309759297366492,28.100690534576287],[-14.30959499992178,28.100677422260958],[-14.309518218425398,28.10059255398114],[-14.309465628601245,28.100309786573213],[-14.309234365150536,28.100376927956063],[-14.309111838499446,28.100364910036987],[-14.30899236755336,28.100269987237517],[-14.308933040640735,28.100123815309],[-14.308779832031341,28.100172302600278],[-14.308577760161077,28.10013835443733],[-14.308452752412345,28.10004340326529],[-14.308408458170895,28.099940635530263],[-14.308286431703829,28.099952305719007],[-14.308015355519775,28.099878281816803],[-14.307957310420068,28.09978642115703],[-14.30777681177264,28.099791865281848],[-14.307640395430075,28.09966018895649],[-14.307454303388576,28.099642631229237],[-14.307351565642668,28.099542032402276],[-14.307050049678484,28.099522600425214],[-14.306985603778893,28.099381447797644],[-14.30677070066033,28.09939929111623],[-14.306628626400919,28.09927392201722],[-14.306451208520611,28.099389299279338],[-14.306295720182176,28.0994250444911],[-14.306226709666117,28.09934801284791],[-14.306204542927048,28.09916692249881],[-14.306114577892535,28.099106538549314],[-14.305988264185455,28.099113834101235],[-14.305796167825541,28.09928286373764],[-14.305453943572491,28.099262066814322],[-14.305249849135679,28.099137980014113],[-14.30512260010297,28.09886696490266],[-14.305031835844272,28.098798045880955],[-14.304740744197742,28.0988989617678],[-14.304674452864669,28.098874072879646],[-14.30461439731152,28.09874089402983],[-14.3044448968235,28.09880907160696],[-14.304325700698977,28.09878608974388],[-14.304038540171318,28.098580546340134],[-14.30400520759241,28.09834466955695],[-14.303639867974058,28.098423406677316],[-14.30349800249211,28.098348450087848],[-14.303472928038492,28.09822744496771],[-14.303381656175274,28.098256291502175],[-14.303275631943107,28.098211422460437],[-14.303216663273929,28.097878783451666],[-14.30290639093973,28.097986548672885],[-14.302700907315717,28.097977416316567],[-14.302486419328023,28.09786842860798],[-14.301884797342977,28.09741215096953],[-14.301506541360636,28.097272440515713],[-14.301156471064523,28.096936603043325],[-14.30097410807127,28.096646085343046],[-14.30081261902688,28.09653376341086],[-14.300697134899698,28.096340660335645],[-14.30014763607467,28.096086841056273],[-14.299785422126043,28.095785158755472],[-14.298834938235508,28.09475008515314],[-14.298596385829642,28.094367285077453],[-14.298558439616324,28.09402263761428],[-14.29903625564833,28.093876607064306],[-14.29955613551608,28.093792451640844],[-14.300506998658733,28.09383312137678],[-14.30112850229936,28.0939818729885],[-14.301293643637523,28.09396351414204],[-14.301450966486874,28.093882415147142],[-14.301771302399796,28.093860070673223],[-14.302005488711595,28.09376131763283],[-14.302361750563993,28.093875206466222],[-14.302611154486167,28.093840945008523],[-14.302891185245608,28.094007017029014],[-14.30292177668701,28.093992305330687],[-14.302895077864378,28.093858275151867],[-14.302842255513085,28.09376586116786],[-14.302444316927382,28.093548639522282],[-14.302190871141052,28.093332882918197],[-14.301782251129369,28.093225217470998],[-14.301431854628325,28.093061095805506],[-14.30123251986218,28.092908719320125],[-14.30084682494579,28.092744569844914],[-14.30049388767657,28.09252063934769],[-14.300395337242037,28.092266077590722],[-14.300350038220584,28.09191806207166],[-14.299591575974272,28.091995938837666],[-14.299187005041802,28.091798894025043],[-14.298848657012426,28.09156767702911],[-14.298765412210313,28.091414581345173],[-14.298739255852631,28.09122928996619],[-14.2986200705809,28.09112469201315],[-14.298408677694338,28.090774093552202],[-14.298079183052327,28.08938286790127],[-14.297751916421907,28.08858899224443],[-14.297684563178258,28.088127919575843],[-14.297705665383596,28.087888275735267],[-14.29795609670836,28.087374966379752],[-14.298194672218541,28.087119238885364],[-14.298926816177232,28.08672551338038],[-14.299711584335357,28.08618315529106],[-14.299999127764131,28.086109943707108],[-14.30064430829828,28.086399067379737],[-14.301527427695444,28.087152709356346],[-14.301710761035512,28.08723761886219],[-14.301809358057637,28.08747535410813],[-14.302009833364764,28.087500349259052],[-14.302074387379157,28.087622729082735],[-14.302244990594344,28.087532606531635],[-14.302524987821403,28.087701278782507],[-14.302579117313028,28.08779254414023],[-14.302545128597421,28.08801190332345],[-14.30258111049147,28.08808892239807],[-14.3029523603415,28.08801641898296],[-14.303022935046865,28.08811456489699],[-14.30302801711249,28.088285883403948],[-14.303179029410598,28.088272631773055],[-14.303284243289315,28.08832169417826],[-14.303327798357193,28.088587953392413],[-14.303636835499528,28.08857898788461],[-14.303751363069157,28.08866751727214],[-14.303881854046685,28.088667177395795],[-14.303889238659451,28.088986691622758],[-14.304233732658558,28.088902937031687],[-14.304453301498052,28.088916028840586],[-14.304650989964768,28.089102342177437],[-14.304915997690692,28.08908995517339],[-14.305076406128475,28.08916673731708],[-14.305108023994215,28.089264242549053],[-14.30505288224613,28.08953202335181],[-14.305374905295544,28.089479502199538],[-14.305582341623664,28.08957499068622],[-14.305673198036262,28.08976133955202],[-14.305533155798463,28.09001193712049],[-14.305801758650876,28.08996001115936],[-14.30606415920747,28.090131764682795],[-14.306071729079447,28.090290521329965],[-14.306019332376549,28.090416640647536],[-14.306164948595866,28.090464172076214],[-14.306196719018175,28.090709130726342],[-14.306457858391337,28.090773422016692],[-14.306627812725843,28.090968258081194],[-14.30658531496155,28.091213996719677],[-14.30679602948632,28.091351267008168],[-14.30680685419849,28.09154225672063],[-14.306932851886398,28.09170320934998],[-14.306969966436004,28.091877135779477],[-14.307106361616794,28.091788567619368],[-14.30716969099341,28.09154495602949],[-14.307332198783232,28.09124478669372],[-14.307342386110632,28.090824838798945],[-14.30741033140593,28.09061040694545],[-14.307534327052089,28.09045520300979],[-14.307670575404584,28.09038916441662],[-14.307813831269643,28.090398552950756],[-14.308010741297624,28.090523466257135],[-14.308055269719999,28.090385905609974],[-14.308135869818791,28.09031207558607],[-14.308387236641925,28.090274924798905],[-14.308523993988777,28.090351719132133],[-14.308767581213038,28.090715463244774],[-14.309093260716196,28.09055000836319],[-14.309579510584935,28.090608494537523],[-14.309785199938675,28.09075524925118],[-14.309915396165334,28.09071864148423],[-14.310128223331457,28.090748886429495],[-14.310362186397368,28.090886692450738],[-14.310638732270554,28.09119109422933],[-14.31106744103171,28.09118169327809],[-14.311380665884576,28.09135340308663],[-14.311513161879613,28.09156897837094],[-14.31180157287218,28.091628928126006],[-14.311901379387253,28.091811986971038],[-14.312121783358034,28.091880396107374],[-14.312201446139973,28.092055554574298],[-14.31236163973399,28.092167567885365],[-14.31242144182685,28.09239259911047],[-14.312400535074834,28.092555410227636],[-14.312714159706607,28.092563047709017],[-14.31283598837724,28.092715308395608],[-14.313017910627995,28.09281052256148],[-14.313548695353415,28.093326633440956],[-14.313814780405236,28.093504881029173],[-14.314037579892918,28.093587895465955],[-14.314210185841334,28.093797602704548],[-14.314596998444374,28.094046067001308],[-14.314751353047109,28.094257704389335],[-14.31504216618369,28.09435116694574],[-14.315094032312496,28.094409910605112],[-14.315329852116902,28.09441137656157],[-14.315826317434531,28.094692177061578],[-14.316550028374241,28.09485667826484],[-14.316973397418137,28.094869763362347],[-14.31725287021295,28.094819160050474],[-14.317582227702875,28.094966960934844],[-14.317798251617019,28.095163014513677],[-14.31787564800025,28.094771130129832],[-14.317738134537493,28.094696056348113],[-14.317386165992033,28.094363851896144],[-14.317170835435483,28.09405861277815],[-14.316690453269379,28.093636221363457],[-14.316410898944428,28.093269576719386],[-14.316296268843535,28.09305987226504],[-14.316270885225292,28.09290202925254],[-14.31610515316226,28.092860031903374],[-14.315999047631033,28.092519670436328],[-14.315775671699459,28.092457029828573],[-14.315650832563945,28.092316599863654],[-14.315593910547253,28.092015172333276],[-14.31531276188242,28.09197159626702],[-14.315163630217572,28.091841885835233],[-14.315126424773911,28.091667365230713],[-14.315256032016581,28.09134493337915],[-14.314951575250907,28.091278998189143],[-14.314598935636479,28.090920921492522],[-14.314369088697983,28.090320257091697],[-14.314455932654177,28.09008324965279],[-14.314337389998947,28.089977801796284],[-14.314444883647644,28.0898421332975],[-14.31430774913387,28.089894597924253],[-14.314220575360391,28.08987596417562],[-14.3135847675447,28.089416388954966],[-14.313272608572843,28.08902631273988],[-14.313277057536707,28.088666282348477],[-14.31306333777661,28.08872558387823],[-14.312797576478156,28.0886391753329],[-14.312648713540174,28.08836618990651],[-14.312531372477132,28.088430595119128],[-14.312254788585074,28.088407102381456],[-14.312111788258377,28.08805137888532],[-14.311808778210658,28.08799657414892],[-14.31150461477552,28.08770141493857],[-14.311466071721624,28.08751433031615],[-14.311163304015851,28.087492012902725],[-14.311072510604356,28.087409385957255],[-14.311016695309828,28.08722394763797],[-14.310519273468417,28.087081064002344],[-14.310357625055124,28.0869433328925],[-14.31014818168782,28.086658756782867],[-14.309918199150424,28.086593916156964],[-14.309704445865568,28.08640421662718],[-14.30950414382512,28.08630124189738],[-14.309179188958772,28.085897651173777],[-14.308996008540198,28.08579780394764],[-14.30885376223068,28.085650771877294],[-14.308755911837748,28.085297447797718],[-14.308525263291711,28.0852736013187],[-14.308339107038238,28.085180959685317],[-14.307772139889007,28.084660466932952],[-14.307776722197945,28.084472867659024],[-14.307640375849877,28.0844347816827],[-14.307602364472473,28.084337380097526],[-14.30739304459662,28.084200425022033],[-14.306943848748539,28.08344828131208],[-14.306859368020199,28.08321416836345],[-14.306929573361138,28.083052897784754],[-14.306720024565282,28.08292040881862],[-14.306656303040155,28.082598298867623],[-14.306482576096512,28.082213239614212],[-14.306456019054844,28.081613300360747],[-14.306537753519995,28.081381029080905],[-14.306698206599705,28.081328843331377],[-14.30703438928582,28.08133703161209],[-14.30735219072531,28.081500685494248],[-14.30748982051932,28.0818077232872],[-14.307746702902127,28.08197395742126],[-14.308400373477298,28.082074887384426],[-14.308977405297309,28.081988248183006],[-14.30910903082649,28.08210198991571],[-14.309253371570032,28.08202285624028],[-14.30925423654793,28.081245100557553],[-14.309614916966266,28.080612004868804],[-14.31023869776982,28.080343614614307],[-14.310456859463383,28.080453321709193],[-14.310593337453914,28.08019605681795],[-14.311307994795989,28.079823262492333],[-14.311725057694893,28.079743318986193],[-14.311990062237012,28.079759668428085],[-14.31239664422697,28.079874225551233],[-14.312695067936556,28.080236640096107],[-14.312834474949636,28.080336994384492],[-14.313222084913283,28.08033055778356],[-14.313780291728788,28.08064156216341],[-14.313869967470417,28.080758573979477],[-14.31395308382812,28.081023719304206],[-14.314074132650596,28.08117526198306],[-14.314142253639973,28.081545187865846],[-14.314569666628245,28.08176585380899],[-14.314583830230298,28.081913955498933],[-14.314778278637089,28.08196374364582],[-14.314856384238807,28.082229883428788],[-14.31504527826804,28.08212857048383],[-14.315231910880842,28.082178318982603],[-14.31543658932671,28.081982492120666],[-14.315591507399844,28.08191667391723],[-14.31591568217057,28.08188002556232],[-14.316055872072406,28.08190903246405],[-14.316529022265755,28.082179161657486],[-14.316730649047429,28.082432916932696],[-14.317244118070873,28.08257917066415],[-14.317639641916102,28.08259082374479],[-14.31820085384013,28.08289402610894],[-14.318724481472056,28.08296017558659],[-14.319181542833906,28.08311711869497],[-14.319277945706139,28.08325322507631],[-14.319470288379716,28.083276132327022],[-14.319804043859659,28.08346394741715],[-14.3198935623081,28.083575023952964],[-14.319893603784774,28.08377520316064],[-14.32021620685321,28.083956471698027],[-14.320393846870319,28.084122732151414],[-14.320418304219764,28.084014531304277],[-14.320488551126994,28.083979349567297],[-14.320792575969584,28.0840077185656],[-14.321417069352684,28.084246516793957],[-14.321546571618248,28.084389699836958],[-14.32170730474667,28.084240730267762],[-14.3219523780065,28.084321088710325],[-14.322050490448193,28.084432052870206],[-14.322224650045362,28.084427000622842],[-14.322383960891017,28.084491471709143],[-14.322812099396407,28.08436099910612],[-14.323067102524918,28.084364279309465],[-14.323463268361238,28.084553991202327],[-14.323924105269866,28.08464336238274],[-14.324310859279533,28.084795609253465],[-14.324535796520319,28.084763209070033],[-14.324663874245473,28.084679357320965],[-14.324915420308304,28.084662685833518],[-14.32520571975571,28.084770549114538],[-14.325554280685337,28.08476099725038],[-14.325965643175003,28.084897780118666],[-14.326251010731987,28.08511769417198],[-14.326553248609633,28.08504827202437],[-14.326778984081347,28.085096752533296],[-14.326820480003821,28.08499079148907],[-14.326914245067735,28.084924967390304],[-14.326951221915676,28.08479285144227],[-14.327102247939637,28.084756618193385],[-14.326846147546183,28.084635332256376],[-14.326784406869457,28.084351370041244],[-14.326700735826584,28.084241482043534],[-14.325615734460515,28.083037832453762],[-14.325560210997155,28.082854134236076],[-14.325642991799636,28.082656519311158],[-14.325398640525478,28.08264969459948],[-14.325324338342302,28.082604556200312],[-14.325320306310228,28.08241591156838],[-14.325257795097407,28.082308148738527],[-14.325000659963607,28.08214525865388],[-14.324878262644322,28.081978851592925],[-14.324825800849748,28.081826653747246],[-14.324862737046175,28.08164918728418],[-14.324833242413472,28.08160673338314],[-14.324523410894258,28.08148575653576],[-14.324432718829794,28.081405585067344],[-14.324401038265886,28.08126359941746],[-14.324439806109375,28.08110578447905],[-14.324188192219635,28.0811150979978],[-14.323846134933024,28.080939655477454],[-14.323657137324888,28.080779716390623],[-14.323487022747301,28.080536525332477],[-14.323292279763294,28.080429553996876],[-14.32318599525268,28.080291244200982],[-14.322962455623868,28.079738710041443],[-14.32304817474445,28.079332555014087],[-14.323279890599576,28.0790288162634],[-14.323013925215214,28.078977378503705],[-14.322522615568746,28.07872668888055],[-14.322460129619994,28.078583241805955],[-14.322453746923156,28.078387228565198],[-14.322351810461145,28.078179324592327],[-14.322379002722766,28.077861849459126],[-14.322462681473276,28.077761450823726],[-14.322606315506478,28.077708143213894],[-14.322580109631103,28.07755709410328],[-14.322613650964671,28.07747333710701],[-14.322451656448017,28.077533224925396],[-14.32217153560777,28.077500040177426],[-14.321915773320947,28.0773415021179],[-14.321278012344914,28.076732612525642],[-14.320984768964443,28.076287763601083],[-14.320957984635523,28.076009017615476],[-14.321110731392661,28.075678027763374],[-14.32158496984017,28.075377495024963],[-14.321658950341128,28.07524600557622],[-14.321792386040567,28.075208535603753],[-14.321885384678206,28.07509532006259],[-14.322330824475753,28.074933023908653],[-14.32240125033452,28.07466068867459],[-14.322728969312399,28.074405645873366],[-14.322708084469843,28.074308486169688],[-14.322630492641814,28.07426968500992],[-14.322130289667474,28.074245993422917],[-14.321787045439196,28.07415979749438],[-14.321495567019213,28.073985483806783],[-14.321348773552577,28.073764936342837],[-14.321391758312906,28.07352582011563],[-14.32158357016756,28.073371362131272],[-14.321740925318375,28.073310323948636],[-14.321712427184657,28.07318106311234],[-14.32175793931793,28.073090297398355],[-14.322006972414348,28.07299955318702],[-14.322036209616947,28.072943063163272],[-14.321958771958894,28.07272430316794],[-14.321995060937878,28.07259825099081],[-14.322358059340107,28.072480880142855],[-14.32239607829066,28.07226717666555],[-14.322256895717587,28.07225449282536],[-14.322167068458084,28.072193677703577],[-14.322133635039066,28.071897296568437],[-14.321725291266636,28.071910724305727],[-14.321442652194504,28.071697593624528],[-14.321182792218268,28.071383763181142],[-14.32083506554152,28.071371066468462],[-14.320656325938183,28.07151865556097],[-14.320576417260652,28.07200383221263],[-14.320378302706564,28.072176744607038],[-14.320144521923465,28.072098326115658],[-14.31970467219843,28.072408538885647],[-14.319300556418646,28.072506480628483],[-14.31897143613292,28.07248636108987],[-14.318362320876778,28.07229933438035],[-14.318198772120429,28.07218717598096],[-14.318134617845406,28.07194839515979],[-14.318002098200909,28.072028193051153],[-14.317733348590034,28.072008217050424],[-14.317474390942232,28.071913917050583],[-14.317238438124669,28.07171589521589],[-14.317240534687974,28.07150661827173],[-14.316910987901585,28.071535173477915],[-14.316800653763964,28.071473386252304],[-14.316590688539993,28.071273163737818],[-14.316522862596752,28.07108131251734],[-14.316367141240033,28.071173703104492],[-14.316154476783634,28.071123537758982],[-14.316082563390898,28.071030879999718],[-14.316006796143359,28.07073688633641],[-14.315824328561044,28.070598191245015],[-14.315782110284744,28.070444732086077],[-14.315543325287429,28.070489045954357],[-14.315278257034782,28.070434862789416],[-14.314947508051901,28.070127157419453],[-14.314719745926864,28.07002536222903],[-14.314490874937587,28.069777669288058],[-14.314095462072093,28.06920477331246],[-14.313471811526384,28.068542190621987],[-14.31348259802403,28.068401416775693],[-14.313616043556545,28.068291026820276],[-14.314169462398153,28.068064438780542],[-14.314485337119882,28.067879548993282],[-14.31466313678463,28.067880436760763],[-14.314789316464617,28.067753679793817],[-14.31513876341268,28.067627901349645],[-14.315319163161393,28.06747541704952],[-14.315756491979002,28.067291996560357],[-14.3159987153136,28.06712784085215],[-14.316334115607617,28.06718208397816],[-14.31714711603137,28.067513985617747],[-14.317262162364703,28.067364197616342],[-14.317300662609545,28.066785804130294],[-14.31737727280841,28.066650285867553],[-14.31729936997783,28.06642356825226],[-14.317373810393605,28.066167584892508],[-14.317641382661176,28.06594634005554],[-14.3179803701383,28.06584461296094],[-14.318043217114173,28.06563867965242],[-14.318211977999852,28.06550390746905],[-14.318800959658764,28.065314450964415],[-14.319072416001168,28.065147816933482],[-14.319228524072653,28.064921258838407],[-14.319367894369861,28.064540808985303],[-14.319435384395064,28.06416591523969],[-14.31951822726086,28.06404182748952],[-14.319707772551242,28.06403814511131],[-14.319879948662047,28.064103702682303],[-14.320120911442954,28.064260591417],[-14.320168547881304,28.064368707276007],[-14.320070221995934,28.064656944326828],[-14.31974184608348,28.06509120637902],[-14.319587646096878,28.065758131543888],[-14.319271183394704,28.066090348646295],[-14.319071833871897,28.066512249986392],[-14.319063087082503,28.067124877092787],[-14.319131237074963,28.067233383880968],[-14.319370336030186,28.067409194000117],[-14.319257151660128,28.06785174284046],[-14.319297783498056,28.067966910296906],[-14.319244666168395,28.068147030448284],[-14.319598671141161,28.068246997667043],[-14.319504656566917,28.06872879112202],[-14.319838666491671,28.06864292214787],[-14.32003445085294,28.068684043514168],[-14.32015252190223,28.068913404813856],[-14.320374952400385,28.069119018556616],[-14.320349427809642,28.069345646657993],[-14.32054763623853,28.06938344840078],[-14.32083815156974,28.069533937419372],[-14.320589772968054,28.069777372045937],[-14.321020275859029,28.069935197241527],[-14.321120588341467,28.0700695886508],[-14.32152289989867,28.070101619106005],[-14.321804231208263,28.070282526330683],[-14.32197702707045,28.070542928977666],[-14.322548028080066,28.070264110474245],[-14.322643090921572,28.069976722337902],[-14.322843666803715,28.06987747777726],[-14.323094605119133,28.06982889624487],[-14.323311880113646,28.06992298019237],[-14.323644118014226,28.06982769629099],[-14.323912135008943,28.070016062029133],[-14.324179478950496,28.07001940053116],[-14.324347123622665,28.06994583550321],[-14.324477281460807,28.06954611707513],[-14.32470308775426,28.06935009063663],[-14.32493532832751,28.069290283613412],[-14.325317586588781,28.0694304001934],[-14.325561766786768,28.06967494607965],[-14.32595337951146,28.069803678869956],[-14.326193041656653,28.070120289927715],[-14.326205447300492,28.070500336276897],[-14.326081194247648,28.070822246782683],[-14.325827337545515,28.07126642127622],[-14.325940526337117,28.07141298650525],[-14.326044569055899,28.071681423411572],[-14.326111923278207,28.071690708738878],[-14.326301414330189,28.07187404452551],[-14.32669088493425,28.07144022028324],[-14.327086640645666,28.071271156248336],[-14.327494574809398,28.07130997600231],[-14.327688177036393,28.071421710980502],[-14.328350032762962,28.072261334373067],[-14.328549351523908,28.072344499050047],[-14.328629839778657,28.072441371779256],[-14.328731930022172,28.072730441569707],[-14.328984975839209,28.073064002497155],[-14.329067104405963,28.073526001175647],[-14.329045174594375,28.073628881350064],[-14.329204544610212,28.073662301409854],[-14.329309371155931,28.07384550816261],[-14.329312234698376,28.073941576902143],[-14.329456073553544,28.074083378426078],[-14.329715922747843,28.074594060047662],[-14.330108935672216,28.074973229019154],[-14.330350338888097,28.075065397704265],[-14.330635771998848,28.074956870031524],[-14.33069594323562,28.07481186723078],[-14.330709891602696,28.07432824933149],[-14.330898177281803,28.07412998978475],[-14.330797968102544,28.073693901331083],[-14.330799094202156,28.073459641871207],[-14.330850944335092,28.073323706485983],[-14.330502946249055,28.072637837030417],[-14.330410849669992,28.072101842447964],[-14.33045038951529,28.071902875777994],[-14.330515781450648,28.071828226686172],[-14.330782372033298,28.071691163018027],[-14.330867110470402,28.071260020093508],[-14.330705694951822,28.071136756722147],[-14.330729144796626,28.070853942229636],[-14.330494463652231,28.070749232639777],[-14.330139345510814,28.070386001514503],[-14.330049534545283,28.070164585705605],[-14.330073937025793,28.069872803255294],[-14.329919657037378,28.06973499541757],[-14.329975560998399,28.069542599009285],[-14.329784951419414,28.069421060628127],[-14.329686091362303,28.069273990739834],[-14.329711804264692,28.06917128230937],[-14.329850532021402,28.06903373132894],[-14.329814818528353,28.068858796957663],[-14.329918112579517,28.068638901385373],[-14.329851458750397,28.068392332266853],[-14.329996559437333,28.068204992971765],[-14.32999222837984,28.068082919637515],[-14.329847129905382,28.067935335302668],[-14.329823102827689,28.067838585449962],[-14.329674190986047,28.06778081764563],[-14.329623128221671,28.0676130297392],[-14.329306427979658,28.067640079893778],[-14.329133065212677,28.06731151257349],[-14.328969443275707,28.067262915631947],[-14.328908267332018,28.067170316921718],[-14.328715477138589,28.067151618481663],[-14.328280343882337,28.066867698474688],[-14.32819125054747,28.066689036149352],[-14.328267561026689,28.06654715525697],[-14.327992490948644,28.06653078832043],[-14.327804542251151,28.066349177464478],[-14.327784097668479,28.066213466812368],[-14.327622371319297,28.06614190420446],[-14.327527570206563,28.066010721868714],[-14.32747206765069,28.06577214082475],[-14.327603864109262,28.06566230664836],[-14.327481312718565,28.06559482632703],[-14.327436138578431,28.065508389459513],[-14.327605816734206,28.065312651664446],[-14.327473608210017,28.065263177763768],[-14.327312448298263,28.065100915659727],[-14.32768333557072,28.06479018637472],[-14.32763363750101,28.064665444481065],[-14.327734442024033,28.064479334811182],[-14.327688088669808,28.06439273878493],[-14.327521032557833,28.064288508832682],[-14.327501502618782,28.06416291267565],[-14.327306563332264,28.0639869086843],[-14.327117541727063,28.06390654596871],[-14.326931207457012,28.063675835695005],[-14.326882752065769,28.06356092084733],[-14.326914830557634,28.063410157975238],[-14.326688732152824,28.06327039666835],[-14.32663038105909,28.06307137503542],[-14.326324459042898,28.06262531921077],[-14.326207647926708,28.062264673364236],[-14.326216669457192,28.062123465249307],[-14.326269874455745,28.062050933703848],[-14.326750445114147,28.06190452836557],[-14.327087918612149,28.061624255709752],[-14.327266485235205,28.061343492521043],[-14.32757012014239,28.061300360146607],[-14.327675527766644,28.061126251590743],[-14.327855684411842,28.06098863442991],[-14.328333010042018,28.06083931895921],[-14.32854026340768,28.06083440204053],[-14.328810649994306,28.06092093775771],[-14.328930070857204,28.061019887302635],[-14.329025776708038,28.061201605568222],[-14.329004693926386,28.062059858480957],[-14.329121196393112,28.0628059749007],[-14.329244861810112,28.063205052149094],[-14.32930492353304,28.06323423155257],[-14.329729136556644,28.06317695162022],[-14.330245716109067,28.063019868598772],[-14.330701860599929,28.063064420062997],[-14.330906971287632,28.063195831008308],[-14.331077854885633,28.063576225494863],[-14.330988488617926,28.063999989661614],[-14.331037864388055,28.06419707917186],[-14.330949464765252,28.064326635290588],[-14.331019532971558,28.064580595608465],[-14.33117723951873,28.064828050233533],[-14.331502332004153,28.064844518929586],[-14.331618573934735,28.064918879551232],[-14.331662056015874,28.065029300264026],[-14.331673635783503,28.065598545734485],[-14.331935695399292,28.065664814695694],[-14.332163353492104,28.065659567454716],[-14.332618331269522,28.065861959834407],[-14.332671707657546,28.06613028115373],[-14.332598790550534,28.066474978659713],[-14.332702666121154,28.066634067611748],[-14.33272513775764,28.066791894248635],[-14.332789771191193,28.06687222254004],[-14.333147197573538,28.066913957304134],[-14.333273300462649,28.06698722705944],[-14.333608708423109,28.067430946429134],[-14.333731002732538,28.06771924431306],[-14.333724205183236,28.067903946130695],[-14.333658374819052,28.06803721518657],[-14.333731723626055,28.06813029516907],[-14.333696688316124,28.068266755752944],[-14.333780156654344,28.068388924252098],[-14.333776659085759,28.06895593881626],[-14.33391524112917,28.06931637700491],[-14.33398756661383,28.069311528459554],[-14.334667387319294,28.068807009806424],[-14.334841355914708,28.068775942916357],[-14.335057757125474,28.068874472448503],[-14.335345779849995,28.069413299825634],[-14.335523625407998,28.069585878887597],[-14.335554269966853,28.070004007187965],[-14.335682257366345,28.0700894159902],[-14.3359292918824,28.070132053641224],[-14.336078756192936,28.070326177216764],[-14.33620055781163,28.07069621780519],[-14.33618910217022,28.070990356946293],[-14.336314796900119,28.07125700448516],[-14.336289493267296,28.071453017836493],[-14.336599875833237,28.071554752569533],[-14.33678926160075,28.071930472161387],[-14.337173088801084,28.072396081283674],[-14.337300379618807,28.072648734958328],[-14.337427833967075,28.072788580594043],[-14.337501067055971,28.07311390115043],[-14.33764624715039,28.073463390755702],[-14.337717435967617,28.07351819332927],[-14.337759088679846,28.07364967196301],[-14.337863497570961,28.073724123734536],[-14.338044979203644,28.07408231841404],[-14.338322352607374,28.074290921630634],[-14.338504830434125,28.074559998297655],[-14.339010029712373,28.075005407378494],[-14.33915397799576,28.075078450836276],[-14.339195404179215,28.075154196097273],[-14.33931809178861,28.075135857394823],[-14.339445356866975,28.07518110777567],[-14.339831325171808,28.075619855889936],[-14.340116842755782,28.075795988966487],[-14.340179731584643,28.075897103309103],[-14.340136641697525,28.076000172477055],[-14.340268579953932,28.076047024273702],[-14.340298409963031,28.076228571471542],[-14.34049955224414,28.076375836484154],[-14.340537133199598,28.07660148098248],[-14.34060563273938,28.07667725660714],[-14.340701656523482,28.07637898295156],[-14.340802183825986,28.076556536738202],[-14.340856548818742,28.07642030266236],[-14.340937017007741,28.07641606733864],[-14.341015467100448,28.07650903255573],[-14.341210217843779,28.076349650421164],[-14.341366420370852,28.076049408387977],[-14.341377858072418,28.07561588497845],[-14.341483961743593,28.07516619730845],[-14.341478185191184,28.074598136084585],[-14.341306191322648,28.073983908209687],[-14.341299954206141,28.0737584323059],[-14.34119658684173,28.073406105074536],[-14.340914528927117,28.072877293127934],[-14.340862337683829,28.072677729292323],[-14.340842267555871,28.07257117907096],[-14.340924022049816,28.072302354362932],[-14.34115753790374,28.072086541729448],[-14.341478104297108,28.071994642921982],[-14.341894581370996,28.07205585661237],[-14.342743576574161,28.072592870858337],[-14.343098384687268,28.072694072535064],[-14.343186377038041,28.07268380580822],[-14.343391602759942,28.072440276878247],[-14.343160452966607,28.072214149139466],[-14.343105553058347,28.072084477210378],[-14.343127734947426,28.071810744233282],[-14.342952797323898,28.07165941097891],[-14.342962754630346,28.071434572218493],[-14.342916223371057,28.0712676773419],[-14.343115226320887,28.071210280125868],[-14.342973103733303,28.071125252839803],[-14.342876825199534,28.070925343249073],[-14.342616270860272,28.070735605575912],[-14.342413947412055,28.070516123011036],[-14.341980598324666,28.070338708405643],[-14.341796127579574,28.070149198491062],[-14.34163765093764,28.070129662610736],[-14.341471605548332,28.070016210781322],[-14.341377842333841,28.0698516885274],[-14.341386271087856,28.069664394311328],[-14.341172428733605,28.069572241877253],[-14.341205489506514,28.069330913685146],[-14.340785221011133,28.069272414946763],[-14.340463842520071,28.068925259408562],[-14.34030749017398,28.068824851453854],[-14.33993310487298,28.068272773685027],[-14.33973660109755,28.06781543004714],[-14.339655979090674,28.067546249080987],[-14.339650971917502,28.06724667725912],[-14.339850030038695,28.06683962900882],[-14.340278995272756,28.06645230791472],[-14.340955226797876,28.066014602150155],[-14.341038925275575,28.065853242320006],[-14.340537278828695,28.065824836075713],[-14.340504626310423,28.065765905233196],[-14.34017354505045,28.06571621012521],[-14.339494088072563,28.065369777076278],[-14.339310359680665,28.06514749083028],[-14.339282125172303,28.064812277338902],[-14.339424721000203,28.0646250510683],[-14.339547022636413,28.064574664720098],[-14.340316302601682,28.06473592752801],[-14.341044972504514,28.064559990718905],[-14.341304720364144,28.06405969484924],[-14.34100910485902,28.064175688797793],[-14.340750065580341,28.064074364150567],[-14.34028983328498,28.063524610040062],[-14.340308938801185,28.063328854694152],[-14.340102049894027,28.06324004694839],[-14.340058727908962,28.063082121092066],[-14.339865279517058,28.063032084855127],[-14.33978915652333,28.06294636967877],[-14.339764354848281,28.06270865394044],[-14.339689114153392,28.062605169027158],[-14.339910807341367,28.062402588693157],[-14.339517865240659,28.06222651625735],[-14.339463431537999,28.062128619657482],[-14.339477017607049,28.062070199870764],[-14.339631814349993,28.06196391280145],[-14.339320199482682,28.06153518947273],[-14.339326770711391,28.061259359643625],[-14.339224622025165,28.061116613462463],[-14.339177962921847,28.060885725024995],[-14.339196612312747,28.060764782370022],[-14.33928705476246,28.060651849034823],[-14.339178731105958,28.06047396755933],[-14.339223124861292,28.06040969318082],[-14.338992855386175,28.06016499439391],[-14.338950324586188,28.060017913246273],[-14.338597366036105,28.059535550061746],[-14.338548773608514,28.059281696709075],[-14.338198107272499,28.058744748957388],[-14.338108232211498,28.05853258118521],[-14.33813855749138,28.05833297148314],[-14.337933953521219,28.057428005921846],[-14.33796523161056,28.057371828978052],[-14.338114507180043,28.057368639986002],[-14.33811589529707,28.05728156432766],[-14.338174223636807,28.057221473678847],[-14.338720323061564,28.05739524546738],[-14.339461726667487,28.057540509072304],[-14.339824998587751,28.057686821717578],[-14.34016678587079,28.05789890837709],[-14.34051606253327,28.05802450747015],[-14.34092016036093,28.058237893521184],[-14.341645939782099,28.058744416665977],[-14.341947540753928,28.058999770705512],[-14.342080994778406,28.059222254983258],[-14.342346469403003,28.059294451046615],[-14.342543681212229,28.058992669855137],[-14.342673155637433,28.058906053927746],[-14.342808428104192,28.057939732263392],[-14.342819055379557,28.057477317588813],[-14.342963235347368,28.057147415826297],[-14.343213425345334,28.05693441371011],[-14.343456345597568,28.056825808451777],[-14.344120418978678,28.056749545426882],[-14.344606513814645,28.056791882648252],[-14.344864443073192,28.056946498453744],[-14.345049097309346,28.057123141951692],[-14.345109017786632,28.05758546916872],[-14.345487246588522,28.057844204998315],[-14.34540882239547,28.058265856328777],[-14.345521303474168,28.058652463580707],[-14.346157293397187,28.058806278788225],[-14.346355106833716,28.058961607533767],[-14.346209359132404,28.05953170190572],[-14.34643851242595,28.059761570353867],[-14.346523168424286,28.060085785860146],[-14.346738103193697,28.060116137026878],[-14.346977418415696,28.060065858292482],[-14.347204676337181,28.060178727975984],[-14.34745259850071,28.06039495408905],[-14.347572221182553,28.060625031233574],[-14.34750552353705,28.06088526640392],[-14.34781880686861,28.060955061360467],[-14.347855330135046,28.06100029707568],[-14.347836106690758,28.061163989638914],[-14.347935263853373,28.061298491846397],[-14.347941310670842,28.06164544194516],[-14.348026039622944,28.061837133111666],[-14.348373771008395,28.061675956927107],[-14.348577730045852,28.06165728228566],[-14.348747051023048,28.061712680177425],[-14.349002835358718,28.061901941391177],[-14.34913737940225,28.062378910151065],[-14.349067625941416,28.06262655710516],[-14.349271440483335,28.062503755611996],[-14.349422373931468,28.06215206116515],[-14.349512569204023,28.062065099216387],[-14.349606309269452,28.062072187105947],[-14.349932529098092,28.06229962097831],[-14.350068691416654,28.062454228248576],[-14.350162985725447,28.06229479935328],[-14.349973983837756,28.061884011630397],[-14.349894881470007,28.061466946815266],[-14.349696952249499,28.060950546931114],[-14.349690593287319,28.06060041786339],[-14.34954660326711,28.06023201633424],[-14.349519655645723,28.059623837213994],[-14.349273525019573,28.059096213525365],[-14.34915340888403,28.058528764337595],[-14.348907557848015,28.05788112872938],[-14.348808568110243,28.057199083628678],[-14.348925019121644,28.05689488786205],[-14.34906742888458,28.056747530976324],[-14.349203225827564,28.056702958939777],[-14.349073513598313,28.05654824595849],[-14.34930069269354,28.056294836444593],[-14.349361309793341,28.056144184942415],[-14.34948245733138,28.05560025647857],[-14.349326402370242,28.055240950660238],[-14.349691219968276,28.055322494698935],[-14.349878073660959,28.05541856812703],[-14.34994163369175,28.05562424902719],[-14.34980481799556,28.05590437389534],[-14.349811304914754,28.056037127086324],[-14.350047101928386,28.05629937348838],[-14.350190344143845,28.056554691179393],[-14.350442618699228,28.0567507123247],[-14.350224349275102,28.05707277933553],[-14.350158372386218,28.057322909318028],[-14.35016119545194,28.05752352738928],[-14.35029903663805,28.057831238566312],[-14.350280268220246,28.05797413578373],[-14.35035225557086,28.058132483175807],[-14.35055167741433,28.05830545211066],[-14.35064347404332,28.05847284772504],[-14.350974436030667,28.058722543831642],[-14.351019427320843,28.059309721302153],[-14.351140095680758,28.059549757057415],[-14.351758438998779,28.06044221505542],[-14.352033535504397,28.061137799072476],[-14.351915815074998,28.06156604793197],[-14.35203954674495,28.06173041586781],[-14.352053910381265,28.06186697929333],[-14.352268997901282,28.06207639806259],[-14.352499012574071,28.062145229864715],[-14.35255224065008,28.062249317227526],[-14.353052316107767,28.062537935375474],[-14.353314435528745,28.063064472213888],[-14.353641878951779,28.063306923879697],[-14.353732567072948,28.06333450369645],[-14.35398990866333,28.063176976938017],[-14.354182043502496,28.063175569991646],[-14.354213840021655,28.063412874077905],[-14.354743114473939,28.06370087424731],[-14.354995809744029,28.064212360930274],[-14.355030360596674,28.064786353731936],[-14.354962523056136,28.064987795058094],[-14.35462205075928,28.065344093072188],[-14.354134523774595,28.06571111745244],[-14.354776076491795,28.065651451498873],[-14.355330037686604,28.065774644201195],[-14.35571972949519,28.065935789206186],[-14.355980312236085,28.066143258299633],[-14.356160334822828,28.066535797539757],[-14.356131109940057,28.06695884107106],[-14.356229095101957,28.067203811965697],[-14.356012947635051,28.06746277256772],[-14.356424279363711,28.067491141324425],[-14.356776063260002,28.06758695859911],[-14.357142687479936,28.068000437527665],[-14.357326953978383,28.06850189548127],[-14.357569156878801,28.068878701214956],[-14.35773560878764,28.06898115897547],[-14.35774266501812,28.06934846899593],[-14.358011469710316,28.069544418326775],[-14.35872033076512,28.070856133979508],[-14.359317000041669,28.071635512326345],[-14.359499184131703,28.071811276538682],[-14.359667584970506,28.07215594147456],[-14.359803490972968,28.07228267198861],[-14.36000975367262,28.072613358929775],[-14.360131343140665,28.072923584095157],[-14.360272202266701,28.073039071685507],[-14.360357304774318,28.073461493254584],[-14.360654980389416,28.07384417578157],[-14.360738177005707,28.07387373818041],[-14.361009707715889,28.073852606839242],[-14.361026086542878,28.073815862422695],[-14.360909201442375,28.073611229380976],[-14.360864244989836,28.07339350820998],[-14.361104214513594,28.072830634559782],[-14.361127074119745,28.072544769177036],[-14.361050872563302,28.072399541966142],[-14.361000992952112,28.072112624846987],[-14.360982016398681,28.071652806124018],[-14.361019721886688,28.071314012959796],[-14.361159158947613,28.070974673226853],[-14.361185709442811,28.070690982355625],[-14.360958663977614,28.070425907071954],[-14.360901665555891,28.070262146677305],[-14.36092936120516,28.07012897553369],[-14.360814879380104,28.06979407745745],[-14.360772234169483,28.069296172223286],[-14.360853174269472,28.06891540667059],[-14.360799930656942,28.068777661140434],[-14.360800178573061,28.068515665780097],[-14.360894295017017,28.06831577016568],[-14.360662944835859,28.06806367305372],[-14.360684688796798,28.06791125594022],[-14.36078499905298,28.067779000655],[-14.360768326324513,28.067679843839127],[-14.360500416929899,28.067442596957648],[-14.360525048548826,28.0671324754233],[-14.360316916748289,28.066754542654937],[-14.360502554920537,28.06631142876997],[-14.360737426006306,28.06596791191789],[-14.360749431823614,28.06588577793936],[-14.360607432761682,28.065723643545123],[-14.360500826980463,28.065503188622248],[-14.360273184256252,28.06528606024431],[-14.360202688812175,28.065113128449706],[-14.360158043845118,28.064568706853233],[-14.360017559663453,28.064481104968674],[-14.359950891233309,28.06435629520892],[-14.359638901862796,28.064175033571555],[-14.359571784585507,28.064036780486656],[-14.359571787823299,28.063651729180258],[-14.359455938247164,28.063528711774136],[-14.359334700233095,28.063271060030715],[-14.35931899358739,28.06289951183642],[-14.359178321383737,28.062404903438214],[-14.359211829584721,28.06213584160597],[-14.359434305231202,28.061884280052617],[-14.359404117575455,28.061758195903263],[-14.359171953501514,28.061536422833086],[-14.35847359841378,28.061350312630335],[-14.358161507981942,28.060769977020655],[-14.358136025683427,28.060475644148415],[-14.358009097308921,28.0602793565453],[-14.358084740835114,28.060043710935826],[-14.357712086997644,28.059648675160695],[-14.358085646646735,28.05884985331067],[-14.35784625289592,28.05855163148534],[-14.357769189774347,28.058293471750453],[-14.357541849879102,28.05797408352636],[-14.357258589332087,28.0576951625597],[-14.357107143387756,28.057290048309056],[-14.356797370591684,28.0568431740781],[-14.356711691325215,28.056467253518374],[-14.356519437965355,28.056162471015902],[-14.356469172668298,28.055854598558543],[-14.35654142917738,28.055716130461924],[-14.356784780765016,28.0557307116542],[-14.357176522608246,28.055965792306118],[-14.357410927251433,28.055972377807713],[-14.357625162317177,28.05622917560903],[-14.358268390316512,28.05628200272288],[-14.358807121144507,28.056584357125992],[-14.358866491686975,28.05673079800693],[-14.359122964358516,28.056805077114284],[-14.359288820831814,28.056984520666425],[-14.359510315119552,28.05710267811287],[-14.359705361816857,28.057136960247252],[-14.359824515656674,28.057271393865772],[-14.360015728828992,28.057313881201555],[-14.360199539919215,28.05745165791042],[-14.360454553952545,28.05744273578939],[-14.360710186987331,28.05763877198572],[-14.360944203377102,28.05767725980536],[-14.361099912149355,28.05786647524324],[-14.361070035735876,28.058183216736033],[-14.361415854427936,28.058092525378182],[-14.362005653360251,28.058221075126337],[-14.362184316992868,28.058314476097163],[-14.36268897958006,28.059020638324135],[-14.36319163310535,28.059391981432615],[-14.363291698083065,28.059541208912208],[-14.363867744221745,28.059760524738817],[-14.363812191502861,28.05990440898961],[-14.363933192764076,28.05992692303258],[-14.364034050847772,28.060218273263967],[-14.364114288763547,28.060064257716803],[-14.364132221965495,28.059859673716495],[-14.364235365879242,28.059817977645597],[-14.364316899208292,28.059851863032883],[-14.364391534227163,28.06004127712407],[-14.364516660651532,28.060192930626535],[-14.364719117052099,28.060283549846446],[-14.364843210846825,28.06027863560532],[-14.36479376119797,28.060083867968487],[-14.364941716217178,28.05975191987092],[-14.364917126657451,28.059004811433468],[-14.36518009648701,28.058730029766817],[-14.365518339685787,28.058709197425532],[-14.365790077510974,28.058826439606584],[-14.366441299739106,28.059518515211884],[-14.366517379470237,28.059760642986834],[-14.366536563769314,28.06046657257497],[-14.366992978599738,28.059819895570435],[-14.367159072554253,28.05976028924452],[-14.367373646824104,28.05978365578317],[-14.367574778942856,28.059892192157786],[-14.367608397239115,28.06015694378666],[-14.367874712840052,28.060130574881992],[-14.368123368284207,28.060207689927434],[-14.36827621883081,28.060331601579247],[-14.368403066750743,28.060523988939796],[-14.368580962409679,28.06056235911429],[-14.368752814549712,28.060743398670553],[-14.36893505848639,28.06131964778123],[-14.3689516196115,28.06157145732309],[-14.368912993370857,28.06166169330379],[-14.369038006383045,28.061555389268285],[-14.369144586752258,28.06135036337918],[-14.369273791888764,28.061327694645815],[-14.369743420410007,28.061428064040697],[-14.36991638193909,28.061510181340427],[-14.370067251332438,28.06173718729623],[-14.370613265741289,28.06225299762746],[-14.370614115434455,28.062421561010325],[-14.37047757064921,28.0625161056973],[-14.370829716724408,28.06264006162544],[-14.371040734147135,28.062660237753093],[-14.371971260866234,28.062439944043586],[-14.372047904834206,28.062496432978097],[-14.372320372756057,28.062546938774275],[-14.372481819394212,28.062783098628337],[-14.372402379908081,28.063116658998318],[-14.372672277178765,28.063238636466394],[-14.372692068732498,28.063307186989373],[-14.372866075032427,28.063308406211185],[-14.37312237438433,28.06347307213722],[-14.373195126662441,28.063597190337717],[-14.373388253445803,28.063649489216797],[-14.373567285870262,28.063794872209563],[-14.37381719280132,28.06414279910686],[-14.374005544071386,28.064703317482476],[-14.37401185603256,28.06485037657307],[-14.374165439811664,28.06496244177693],[-14.374311196999525,28.06532244937754],[-14.374497448660374,28.06534654240554],[-14.374629744876488,28.06544449131168],[-14.374729029825012,28.065654810171164],[-14.374969611682236,28.065835866184646],[-14.375000651800656,28.06598679299814],[-14.37517574980282,28.066116710959868],[-14.375309008622882,28.066351141440894],[-14.375369193517372,28.06636152543423],[-14.375395817543623,28.066318895128877],[-14.375443361357943,28.066523200826566],[-14.375829515007846,28.066499383849788],[-14.376638078485088,28.06605185664345],[-14.376965076480511,28.065740080159532],[-14.377002610779869,28.065361869432902],[-14.376925395643646,28.064997815686663],[-14.377008547965133,28.06463942742798],[-14.37701132449853,28.064405020118713],[-14.376912460687903,28.064135217385118],[-14.376757399637558,28.063940245340863],[-14.376722373754056,28.06340742618884],[-14.37778136466819,28.063327746851286],[-14.378397274228314,28.06313613317625],[-14.378664227932502,28.062943073304357],[-14.378791937318205,28.062571751250495],[-14.378885209647581,28.062434097513872],[-14.379241806407125,28.062259793706648],[-14.380387641194394,28.062103207265917],[-14.381266358221257,28.062247267909434],[-14.381563871571629,28.06240300481255],[-14.381755077631544,28.062030223657384],[-14.382086069826867,28.06192276781358],[-14.38303591772871,28.061803298372123],[-14.383312405805112,28.061948835901635],[-14.383528476049982,28.061768536611748],[-14.383933481771214,28.061726158709053],[-14.384100674232943,28.061758394731804],[-14.384232700567374,28.061883061992972],[-14.384282473086772,28.062006051371895],[-14.384379461804503,28.062036374439035],[-14.384670971126374,28.06179619296524],[-14.384901506546905,28.061741475693808],[-14.385001633426134,28.061771099253978],[-14.38523129127329,28.0619850187689],[-14.385308329940644,28.06195185576042],[-14.38540840234532,28.061797916270002],[-14.385575270685822,28.06171547099724],[-14.386418425796942,28.061605222573476],[-14.386626975091136,28.06161762764948],[-14.386776968159463,28.061869029562263],[-14.387048636817148,28.06198967794429],[-14.387822185175363,28.061766815163917],[-14.388041904915717,28.06174568773238],[-14.38818789202074,28.061878501593686],[-14.388223147242575,28.062114794079875],[-14.388484959814958,28.06209300497232],[-14.388701077697833,28.062226554905173],[-14.389124879409348,28.062142649289232],[-14.389304264012328,28.061977062980464],[-14.389644982497034,28.061807418492897],[-14.389971859609263,28.061911859481903],[-14.390015973146015,28.061827130130492],[-14.390005449971374,28.061463252991658],[-14.390175487263662,28.061316264581407],[-14.390428999362143,28.061250220965533],[-14.39074184696267,28.061323247301065],[-14.390975294588953,28.061040043028786],[-14.391132965268362,28.06097083777398],[-14.391274188664854,28.060988795680917],[-14.391393883303259,28.061222880099297],[-14.39148967015829,28.061235572263698],[-14.391657277386258,28.061057085278904],[-14.39233645369594,28.060610623871003],[-14.392670946104646,28.06054046612197],[-14.393273300618533,28.060551795092607],[-14.394496130164029,28.060595034219297],[-14.39467498039131,28.060639152134545],[-14.394816039394954,28.060744630837938],[-14.394909758594395,28.060893943190564],[-14.394943646930148,28.061158843504618],[-14.39488097655402,28.06141796529494],[-14.394962699481152,28.061478119865228],[-14.395632330997588,28.06124433777619],[-14.395869555518981,28.061368012717953],[-14.396152022293215,28.061284329915836],[-14.396664860483437,28.061370778697384],[-14.396978331841709,28.061566271079197],[-14.397132877140606,28.061531419749883],[-14.397396129312172,28.06127288851931],[-14.398093441117437,28.061344561018075],[-14.398269991927974,28.061509697369782],[-14.398387914592071,28.062459549989264],[-14.398458141798722,28.06265483951959],[-14.398678533960254,28.06278348195874],[-14.398994137357603,28.06277273168562],[-14.399348092050719,28.062892425224458],[-14.399631989150055,28.06290319941805],[-14.399808819684196,28.062843022689687],[-14.399969718243932,28.0627198041884],[-14.400255645809493,28.062460075721816],[-14.400429108684104,28.06220705904116],[-14.40077063406587,28.0619843931239],[-14.401012953763106,28.06174107321811],[-14.402103898183759,28.06137608488663],[-14.402223161806388,28.060949377118437],[-14.402673273134253,28.060322636630886],[-14.402914448334448,28.060049266575135],[-14.403163702670575,28.05998578055449],[-14.403397600547448,28.060123293500077],[-14.403452388641572,28.06022636649717],[-14.403433611747005,28.060383425947364],[-14.40330249023771,28.06068080847952],[-14.40356504570261,28.06070030105514],[-14.403752603706518,28.060900565995283],[-14.404458649660492,28.060887165171156],[-14.404789509801015,28.060765833452475],[-14.404894773557071,28.060809619075727],[-14.405136587848803,28.061106904202777],[-14.405391716852636,28.06115956222336],[-14.405577797987902,28.061370081942105],[-14.40584536462733,28.061211499285395],[-14.405959221009889,28.06123250116716],[-14.406031337924855,28.06130113811709],[-14.406333119869076,28.061752914951043],[-14.40694442085576,28.062983510100512],[-14.40735113139507,28.06357945585891],[-14.40744935636305,28.064053767245472],[-14.407510506788475,28.064779075139136],[-14.407928888234439,28.06520810720377],[-14.40807838469922,28.065820119491637],[-14.408309656709754,28.06622494568037],[-14.408798833147697,28.06651302665135],[-14.408984903234526,28.06646805221936],[-14.409363423625146,28.06605241092004],[-14.409593197836312,28.066017291526563],[-14.41049083203842,28.066445352109515],[-14.411498257129617,28.066671944872105],[-14.41232415405148,28.06702240636035],[-14.412826125644335,28.06717591810007],[-14.413190229182689,28.067171408863135],[-14.41355496129969,28.06732852877335],[-14.414093065520449,28.06732778438131],[-14.414280159488737,28.067356602407536],[-14.414553707663847,28.06747678050441],[-14.414934276866054,28.067476245538202],[-14.41580872059612,28.06782544878991],[-14.416513731863969,28.06797416917936],[-14.416674025907177,28.06808144057888],[-14.416780356795877,28.068389684124405],[-14.416991961441434,28.06834263183744],[-14.417257906750189,28.06844702027789],[-14.41762101881655,28.06830255038049],[-14.417723337677895,28.06831351886644],[-14.417986538748151,28.068458930759668],[-14.418717010630873,28.068696293159324],[-14.419171739525773,28.068940419945683],[-14.419343274769968,28.069115483054023],[-14.419672428116481,28.069639273378158],[-14.419929592982063,28.06979549742398],[-14.420093179522407,28.069980618137524],[-14.420446826516148,28.07008307807944],[-14.421208736499091,28.070496034880335],[-14.42172398000795,28.071072906977495],[-14.421970542358213,28.07151517356661],[-14.422201263542517,28.07160886973556],[-14.422303850500672,28.07170737928972],[-14.422417913537245,28.071875110542585],[-14.422599121765293,28.072397558147966],[-14.422871264003195,28.07296776127122],[-14.423088315948,28.073875836484458],[-14.423297358076985,28.07406620855771],[-14.426632035322381,28.074843064348308],[-14.427152233381218,28.075170648805038],[-14.427358264116664,28.075500811522325],[-14.42807343195046,28.076081075657747],[-14.428370956516076,28.076208701386673],[-14.42858121469459,28.07613345268896],[-14.428851561023649,28.076127356403745],[-14.42974358769749,28.076314204228954],[-14.429978103074511,28.076594661696845],[-14.430036211701681,28.076838549323533],[-14.430177344503567,28.077040914668334],[-14.430265571481787,28.077294035419598],[-14.430770147049648,28.077237914289473],[-14.431280536478855,28.07739183632639],[-14.431359804972526,28.077452672395577],[-14.431569694582338,28.077919187843353],[-14.43179638480378,28.078140970775575],[-14.432247988438657,28.078288137434637],[-14.432721872226502,28.07834815830205],[-14.434860069489194,28.079105557281235],[-14.434989476820235,28.079209213946434],[-14.43501774750382,28.079345962203874],[-14.440554836518416,28.080045251302415],[-14.440553501752099,28.079682190911125],[-14.441218446445488,28.07804489208701],[-14.441595440812966,28.077381176003275],[-14.441687631086365,28.07712504108884],[-14.441895822573048,28.076857534485],[-14.442145764059356,28.076388571133787],[-14.44251209334982,28.075288761673498],[-14.442571814895391,28.074949590570515],[-14.443001081567791,28.073847742217854],[-14.44345039543921,28.07311180926165],[-14.438386348252937,28.072858837826676],[-14.438495117105319,28.071810675126134],[-14.438465567839689,28.07104246824126],[-14.438395901775644,28.07055991783388],[-14.438171530579078,28.06968143456512],[-14.437849492468365,28.06890532291253],[-14.437815511083704,28.068404990680435],[-14.437626953587518,28.06807023423164],[-14.438123574810014,28.068469016427166],[-14.438215541674337,28.068733278056246],[-14.438692781228927,28.06910366581713],[-14.43997522904143,28.06977026425613],[-14.44040370358001,28.069749326870063],[-14.44095025303661,28.069920538605263],[-14.44107227294562,28.069916856004948],[-14.441170540218444,28.069956387977715],[-14.441205762906668,28.07007236537448],[-14.442221579114982,28.070349047915435],[-14.442509397078378,28.070299088396084],[-14.44268902126352,28.06997151606639],[-14.442765816177747,28.06989658806562],[-14.442909903677341,28.069892108766833],[-14.443076156855147,28.069962552797875],[-14.443137728189837,28.070045263923145],[-14.443129992358596,28.07024684982858],[-14.443421165925555,28.0703157871469],[-14.44442816652867,28.07089917205715],[-14.445869536238895,28.07153789693918],[-14.446291390922209,28.071642145626807],[-14.446537258181635,28.071620470484472],[-14.447041710690803,28.071836108668496],[-14.447319043362837,28.071862645536633],[-14.447516937985117,28.071987806725545],[-14.448155808353794,28.07222044699269],[-14.448721985723205,28.0723554636063],[-14.449317689755379,28.07240840580979],[-14.449466604579301,28.07228810496593],[-14.449609569035193,28.07235280587657],[-14.44986457355514,28.072327695067255],[-14.449985988688217,28.072403286013685],[-14.450094687259066,28.072354037088427],[-14.450135733911626,28.07243955151689],[-14.450116349586736,28.072576837250292],[-14.450559923032456,28.072854613100237],[-14.451485650163173,28.07330967303644],[-14.452363136510415,28.073629906093934],[-14.453151488545624,28.073778636169187],[-14.453775330270235,28.073743567983996],[-14.454546154941141,28.07362328879918],[-14.454922736118258,28.07364313660973],[-14.455337110609,28.073748772244127],[-14.456909577680252,28.07381464422258],[-14.457190590154415,28.07375856091231],[-14.457617875251003,28.073758227963896],[-14.457829100813264,28.073825943313675],[-14.457844880859737,28.07362624773861],[-14.457969084490202,28.073601896036617],[-14.458549382124266,28.07391255685214],[-14.459195894256553,28.073992078674408],[-14.45951948215102,28.074254350167344],[-14.459739983843305,28.07420971328354],[-14.459817855180294,28.074243392497497],[-14.45991550779531,28.074383586565315],[-14.460268642961232,28.074517699255722],[-14.460439561464622,28.074725486161103],[-14.460555864137786,28.074783427079858],[-14.460848910729519,28.07486112725079],[-14.461462882561918,28.074822383631084],[-14.462048322537873,28.075043926609183],[-14.462333164482336,28.075093707139946],[-14.462416208534572,28.075029038195854],[-14.462435904003765,28.075128773149846],[-14.462564751937574,28.075152964513467],[-14.462979094878575,28.075439558903103],[-14.463373328367334,28.075496986832025],[-14.463575416246496,28.0757010011122],[-14.463911434968397,28.07578319566976],[-14.464191746733784,28.075958899045084],[-14.464925176085389,28.07619762614356],[-14.465390457778387,28.076245792785723],[-14.465498628731554,28.076212065028248],[-14.465699280862394,28.076098519620576],[-14.465833030585838,28.075897567111994],[-14.46579014469604,28.075835429997266],[-14.465838033011282,28.07580803896134],[-14.465977736971166,28.075835293420727],[-14.465959491886474,28.07600956045299],[-14.46633896254003,28.07613062583449],[-14.467395365256609,28.07615206107372],[-14.467728361829419,28.075683796486416],[-14.467930810164217,28.075576835408686],[-14.468125447156114,28.075667137432045],[-14.468180133717642,28.075846309213986],[-14.468246938633293,28.075862879803093],[-14.468343100622006,28.07577919309092],[-14.468473685764474,28.075781720902505],[-14.468443273871896,28.075914344865062],[-14.468526093318504,28.076027033431913],[-14.468827203996495,28.076213495894606],[-14.469297000635889,28.07637880990226],[-14.470341529103976,28.076605711898655],[-14.47075775634012,28.076608797946317],[-14.471442218399051,28.07645497088772],[-14.471503079694905,28.076396854844475],[-14.471559143937723,28.07616266707518],[-14.471837988670089,28.076482934476434],[-14.472568214541633,28.076898374945245],[-14.473104542677415,28.07702162217939],[-14.473579252406944,28.077049730334753],[-14.475627029598268,28.07747728800778],[-14.476121895891568,28.077446247386145],[-14.477247758738693,28.077856104596453],[-14.47806275640339,28.07792173632139],[-14.478167277503507,28.07790148905371],[-14.478258639295012,28.077799000980477],[-14.478453786819877,28.077744127436855],[-14.47903872534546,28.07767528856401],[-14.4804748850771,28.077766813779213],[-14.480724679808437,28.077700453893428],[-14.480837238053184,28.077701899763262],[-14.480802647147113,28.077741478629783],[-14.481059555322899,28.077728160540133],[-14.481635463396723,28.07764050030141],[-14.48183223098212,28.07756151696558],[-14.481917623056795,28.077209136824845],[-14.482401772514436,28.076924835041254],[-14.48252662754664,28.07680673632847],[-14.4826703931799,28.07653126001074],[-14.482821439918233,28.076384373365325],[-14.482972152653641,28.07633265685543],[-14.483394609214496,28.076390864898773],[-14.48452071737367,28.07634368114713],[-14.484909650193462,28.07628663738824],[-14.48507990869254,28.076165375734906],[-14.48576475534579,28.076109881710067],[-14.486513513005146,28.07614923530464],[-14.48693696506591,28.07606675949966],[-14.487192007831863,28.07587950882558],[-14.487583164201345,28.075713582145795],[-14.488203629762888,28.0752918449964],[-14.48847088430442,28.074906341375666],[-14.488389404904881,28.074712787732857],[-14.488496526149467,28.074649636913158],[-14.488575948877719,28.074658598786677],[-14.48862496226885,28.074787750118976],[-14.48867567949857,28.07480642635785],[-14.489219304802726,28.07479169635866],[-14.48947109879528,28.074850983662692],[-14.490024097740848,28.0748254619709],[-14.4912890068355,28.074303114535855],[-14.49160668996482,28.074245516780586],[-14.491946078517614,28.074307434877728],[-14.492082359258516,28.074440374376568],[-14.49236341607681,28.074553357971602],[-14.492641338331975,28.074597137446325],[-14.493327386351549,28.07456038614403],[-14.493952022708084,28.074354419524543],[-14.494603245239963,28.07424300648823],[-14.494979525099847,28.074033656078036],[-14.495647273875788,28.074052730041064],[-14.495880170361668,28.074000858883956],[-14.496332341065894,28.07376276161334],[-14.496928189661258,28.073555962556995],[-14.497773453515578,28.073525838546566],[-14.498070621924699,28.07337887360949],[-14.498513516207828,28.073006566728335],[-14.499121198958722,28.072826936473554],[-14.499563758155254,28.072622301588588],[-14.499865899280204,28.072543251992848],[-14.501901872261396,28.07228721089505],[-14.502782445238537,28.07201280478074],[-14.503100850133064,28.071822151812107],[-14.503353843915377,28.071576512604917],[-14.503722954395403,28.07109675289434],[-14.504120124221425,28.070702443920116],[-14.504323667662092,28.0703737200853],[-14.504368306840586,28.06998724515536],[-14.504229488523256,28.069722143973383],[-14.504224249413312,28.069613069667533],[-14.504418460042425,28.06866513976279],[-14.504578932137278,28.068371519444614],[-14.504401281926805,28.068292442442967],[-14.504395480262612,28.068252711644202],[-14.504618006790343,28.068301466361522],[-14.504701352932592,28.06823532824528],[-14.504809783614265,28.068096197820587],[-14.504846627328709,28.06790003819101],[-14.50576961947567,28.066930621560093],[-14.506054941101139,28.0665639237077],[-14.506464822872118,28.065903166457623],[-14.50688190289162,28.065492455213246],[-14.507090804381985,28.065386036578648],[-14.507283635737643,28.0654203905528],[-14.507946189591872,28.06595225598093],[-14.508719457479023,28.066845306557653],[-14.508823222502512,28.06687138681796],[-14.509196642450917,28.067181229917654],[-14.509358056016781,28.06744769787717],[-14.50955777807149,28.067543312639245],[-14.50958890368656,28.06760046559378],[-14.509719716784582,28.06788272942062],[-14.509732007304013,28.068044826427133],[-14.509333069870737,28.068404770849742],[-14.508678661628135,28.068797885986378],[-14.508612058303122,28.068906549569114],[-14.508695996899402,28.068996109189115],[-14.508673991184306,28.069108687645464],[-14.508480414755356,28.0692096750259],[-14.508425862113363,28.069344803743032],[-14.508033583918182,28.069384706085103],[-14.507779448038674,28.069598574937487],[-14.507770781724181,28.069740511790652],[-14.50790563208089,28.069806278669862],[-14.507856560351279,28.0699711978955],[-14.507596450078289,28.069878983895975],[-14.507419999456566,28.069964279031353],[-14.507039928680468,28.069799570781328],[-14.50677375566773,28.069920939787455],[-14.506582105529125,28.07014311908187],[-14.50636646634723,28.070465718637436],[-14.50625115964802,28.07075532392842],[-14.506110422500422,28.071407073696086],[-14.506043875592814,28.072187788386344],[-14.5058069819551,28.0727146910448],[-14.505102359218695,28.073210289997466],[-14.504348320420858,28.073490520907903],[-14.503389541016803,28.073940996648997],[-14.502962576695404,28.073986111817963],[-14.502630144291219,28.074109696999088],[-14.50235597907545,28.074310041667637],[-14.502153416927202,28.07454660007862],[-14.50198644696585,28.07494809340175],[-14.501980236848263,28.07594147494257],[-14.502195429605603,28.077628220385602],[-14.50230071984925,28.077917024053427],[-14.502326841921665,28.07822924549185],[-14.502125571829897,28.07928749126501],[-14.501596357974913,28.079985487979567],[-14.500807107447974,28.08059601310886],[-14.5006838331819,28.08074534964987],[-14.500611627770501,28.080679939069903],[-14.500545109499418,28.080696451113056],[-14.50003857708366,28.081108413364102],[-14.499865349210117,28.081125538277195],[-14.499626104017043,28.081279361837495],[-14.49919856825789,28.08142352514999],[-14.498534131568764,28.081776979166627],[-14.498238569513477,28.08185375667486],[-14.497597380454565,28.082179560149907],[-14.497487450882364,28.08217207146731],[-14.49737774450795,28.082343986005338],[-14.4971874746233,28.082453192651418],[-14.497114880609649,28.082558804263634],[-14.496636625787353,28.082376222122782],[-14.496520853445181,28.082434283316218],[-14.496454854507181,28.082592203116025],[-14.496362391555907,28.082654258386757],[-14.49611159385614,28.08268207064926],[-14.495837087837458,28.082852223245112],[-14.495456280313386,28.082935171905223],[-14.49493034804285,28.082849177892474],[-14.49471555247358,28.082674202344155],[-14.494655812640893,28.082564214145908],[-14.494519871575648,28.08266019397516],[-14.494383555665273,28.08255801176181],[-14.494192029398736,28.0825175781758],[-14.49394151736428,28.08264073060747],[-14.493692082196647,28.082837971062787],[-14.49323506125211,28.083015803895087],[-14.49312910753235,28.083384002645015],[-14.492892455532527,28.08335539742515],[-14.492656597320591,28.083435118606552],[-14.492369649687394,28.083920503816223],[-14.492296096555972,28.084531755989335],[-14.492212532606198,28.084821619305554],[-14.492094341124858,28.084951459372974],[-14.492055641242514,28.085077260648436],[-14.492069955299524,28.08549616580723],[-14.492184387523215,28.08577605579768],[-14.492082788541277,28.085952906583017],[-14.492018599101774,28.08623488864516],[-14.491997790195422,28.086668242292006],[-14.492067328390942,28.087049221812325],[-14.492395792874513,28.087434048010564],[-14.49255615648519,28.0875228979757],[-14.49240854619512,28.08774362143549],[-14.492665010464647,28.087924820731274],[-14.492765059161606,28.088121328911953],[-14.492864093969386,28.088143784005165],[-14.492969370193082,28.088103019044148],[-14.492927520918645,28.088301160140652],[-14.49306218767493,28.088590963521547],[-14.492999559792958,28.088748740432315],[-14.493102824847313,28.08888488778107],[-14.493172324128015,28.089231916045147],[-14.493151012336195,28.089374400450435],[-14.493352398033803,28.08986692516251],[-14.493315529603256,28.090131541354715],[-14.493482994933371,28.09028712586246],[-14.493462480430228,28.090537359282713],[-14.493895216109498,28.090847751140416],[-14.49408266880141,28.090839623105513],[-14.494040256744787,28.090923525957148],[-14.494077133606607,28.091047584330852],[-14.493909570788707,28.09107729701604],[-14.493792241252054,28.09116121228794],[-14.493566919656523,28.09160365062782],[-14.493359321020074,28.091583665756165],[-14.492980076021782,28.091855682974327],[-14.492927862286981,28.092153596947128],[-14.492753630697502,28.09228496342982],[-14.492731388938108,28.092607676892705],[-14.493368712103601,28.0927053566848],[-14.49337622762653,28.09274366784999],[-14.493024561587417,28.092786564909254],[-14.492837145098532,28.093020140352465],[-14.49263251367076,28.093104598424233],[-14.49263730485299,28.093220007985266],[-14.492774828180636,28.09352686498718],[-14.492557308161256,28.093676404912067],[-14.49229301594064,28.094048349537637],[-14.49233332477302,28.09417835173833],[-14.492857565264503,28.094566211858794],[-14.493039391199147,28.094899076547804],[-14.493033259229746,28.09502557596497],[-14.492816464201029,28.095340790977968],[-14.49276273328131,28.09550191337723],[-14.492765019374069,28.095777786141266],[-14.49284469500639,28.0960135041694],[-14.492920753485734,28.096091931826464],[-14.493071460102168,28.096072403775548],[-14.493095960156948,28.096239610657978],[-14.493293079407918,28.096464054339005],[-14.493964584427841,28.096848987734266],[-14.494163792796392,28.097019285067816],[-14.494382279233898,28.0969425397834],[-14.494526726791257,28.097051106905887],[-14.495080913303608,28.096891673244535],[-14.49515566268859,28.097024094211452],[-14.495308543929006,28.09704474174946],[-14.495137940290181,28.097235052549827],[-14.495172475253018,28.097399100447028],[-14.495352474951925,28.09775059602301],[-14.49544961624171,28.09780554846938],[-14.495786970244152,28.09771795438262],[-14.495907319879313,28.097895180915167],[-14.496062740159742,28.098000184989324],[-14.496165287393499,28.098249119357973],[-14.496430194504297,28.098233337982958],[-14.496579483284284,28.098326186716076],[-14.496746023105274,28.098518025171813],[-14.497216870638576,28.098627786510498],[-14.497476973610633,28.098944178124622],[-14.497484591274691,28.099196961266593],[-14.497574689796929,28.099295793613575],[-14.497738340123153,28.099365566589988],[-14.497836721012483,28.09947844797901],[-14.497882277826625,28.09962882356175],[-14.498263304842503,28.099887441312053],[-14.498347026018465,28.100026979526174],[-14.499081182744074,28.100441445786373],[-14.499184952027717,28.10085012365151],[-14.499108231899632,28.10093001206157],[-14.49921467672837,28.101043192717906],[-14.499018066972122,28.10122185877102],[-14.498904442870147,28.101251638961187],[-14.498891905578555,28.10135587272912],[-14.498929656949043,28.101293616212647],[-14.498993505708746,28.101293560566294],[-14.49918862688611,28.10143552713319],[-14.498729889136667,28.101827418395274],[-14.49882235178368,28.10190892677281],[-14.498795771076372,28.101950714792903],[-14.498623497641587,28.10200930213551],[-14.498467873765865,28.10196382404153],[-14.498418206630854,28.10188260732733],[-14.498554720922984,28.101808002055105],[-14.498425527018824,28.101779509991605],[-14.498187739232755,28.1019860439462],[-14.497658505841121,28.102142557193858],[-14.497600816892968,28.10224502768187],[-14.497719953286609,28.10233472265105],[-14.49768103774068,28.102366932800695],[-14.497501226195975,28.10236511874838],[-14.49742128150719,28.10225390246883],[-14.497334491991056,28.102353242179657],[-14.497102559149313,28.102395008360023],[-14.497067243798464,28.10256328599344],[-14.497143864460455,28.10282845424771],[-14.49687119795249,28.102925225456932],[-14.496793717038136,28.10326348860166],[-14.496805650081466,28.103472533736504],[-14.496645820256123,28.103586337016676],[-14.49645868777095,28.103643269288888],[-14.496467173051164,28.1038231266257],[-14.49626976210124,28.103752785820298],[-14.496270728819123,28.103641712556968],[-14.496007305773057,28.10358976961803],[-14.495772329031077,28.103471916549566],[-14.495660021111393,28.103593981518433],[-14.495448598094868,28.103524743467343],[-14.495205107707454,28.10337290769921],[-14.494993200001648,28.103455166723393],[-14.494939744983832,28.103622374968975],[-14.49486872676653,28.10366617406475],[-14.494844707562432,28.103534499542018],[-14.49461481037096,28.103445260633997],[-14.494450895668605,28.103457077692816],[-14.494482318285236,28.103329669572844],[-14.494348195616539,28.103266627362757],[-14.494192034325046,28.10329233811482],[-14.493413016891868,28.103707312334897],[-14.493384316368342,28.103853082060688],[-14.493570993913176,28.1039454763527],[-14.493609353231472,28.104075470843153],[-14.493680437065144,28.104130617195615],[-14.493610487787695,28.104206754156216],[-14.493267227039354,28.104324786779152],[-14.493293858048052,28.104411544003206],[-14.493229875819615,28.104439616177306],[-14.493188138227708,28.104560648931972],[-14.49314885314758,28.104904963609158],[-14.493199504428503,28.1049841637691],[-14.49338895396022,28.104972289090526],[-14.493308667022143,28.10507309449148],[-14.49346833043689,28.10545542539988],[-14.493369531611616,28.10554403022437],[-14.493646865834613,28.105686732510886],[-14.493648508474408,28.105753177008584],[-14.493493184415026,28.105851259156353],[-14.493647591603553,28.105948444841847],[-14.493661662184369,28.10600453615897],[-14.493546611496773,28.106154608865413],[-14.4934099904756,28.10618067969011],[-14.493117785385644,28.106082695691715],[-14.492904255794551,28.106486738456884],[-14.492961701204031,28.106576074005808],[-14.492910407769541,28.106771868684824],[-14.492682043378956,28.106909678266902],[-14.492581932243723,28.107069048987555],[-14.492584851486347,28.107140986592462],[-14.492683388803128,28.107220941801526],[-14.492682939556586,28.107342397863377],[-14.492477799054118,28.107390745559506],[-14.492357952920628,28.107702427139486],[-14.492384150787213,28.107812003043758],[-14.492556491116714,28.107949561683828],[-14.492521980410897,28.108221831450308],[-14.492372722435114,28.108509563973126],[-14.492154953866368,28.108428589374338],[-14.49198200956377,28.108488321156063],[-14.491642699647793,28.108913867370397],[-14.491411652719016,28.109299644268884],[-14.491355618096797,28.109437801618693],[-14.49145165552403,28.1095213501805],[-14.491343049715457,28.109892135766746],[-14.491441111685225,28.109960959854433],[-14.491457160839841,28.11012409128601],[-14.491340317012845,28.110307374521224],[-14.491338931090542,28.110419872298547],[-14.490888277246018,28.11041373173987],[-14.490844799027322,28.110307268932935],[-14.490724253039232,28.110265360547015],[-14.49071313490147,28.110136197725115],[-14.490545567785444,28.1100655352275],[-14.490330474649696,28.110288315603118],[-14.490064671825381,28.110306238995374],[-14.490033462162268,28.11008572087579],[-14.489819997189366,28.109964182425486],[-14.489970966465906,28.1097986480235],[-14.489842518494473,28.109610987379995],[-14.48995853417617,28.109508448436582],[-14.489583403093421,28.10933489076602],[-14.489443177574207,28.109089124550582],[-14.489386550142251,28.10907678150598],[-14.489298705687803,28.10914678341467],[-14.48929223542254,28.10904263341502],[-14.489186608873476,28.108920628926253],[-14.488990436078632,28.108957585656626],[-14.488822079138725,28.1088737658551],[-14.488300733492231,28.108868508801322],[-14.48816113700257,28.108628232025858],[-14.488007437588788,28.108476583245874],[-14.487942856290674,28.108492807302643],[-14.487932060451616,28.108639509140673],[-14.487830881835947,28.108747454765023],[-14.487681439869961,28.108796869810167],[-14.487353088299436,28.10878957673712],[-14.48727543018161,28.10874682365217],[-14.48726082368629,28.108667043003738],[-14.48702895785043,28.108579806079206],[-14.486936436733892,28.10844282804607],[-14.486700647129462,28.10842721378409],[-14.486702310607386,28.108283077637626],[-14.486804675394252,28.108088613943607],[-14.486811403469856,28.107881389311004],[-14.486671026376039,28.10780604859155],[-14.48654325942746,28.107819146860987],[-14.486339332914865,28.107500769926002],[-14.486299820069863,28.10735807732073],[-14.486322661804467,28.107213442757345],[-14.486473702119959,28.107170101264078],[-14.486584993831094,28.10701640073615],[-14.486641665142168,28.10678827606433],[-14.486902895864784,28.106480017203552],[-14.48676575421736,28.10645250446543],[-14.487025318048456,28.10628895925404],[-14.487006506415629,28.105971871251555],[-14.486947110328364,28.10588281481549],[-14.486534511766727,28.106192664656604],[-14.486443263726285,28.106173700415976],[-14.486438681711139,28.106135399943838],[-14.48675921788572,28.105934973700794],[-14.486790997296387,28.105760330757136],[-14.486709867022471,28.105489362921947],[-14.486887978280732,28.105276135630184],[-14.486154961623589,28.105240885379146],[-14.48616552591043,28.10507482896731],[-14.485915957254479,28.104739390907007],[-14.485985202952055,28.104564310824152],[-14.48587508107012,28.10449861514509],[-14.485821492883238,28.104327696464743],[-14.485899559219412,28.10419006621598],[-14.485723178323457,28.104083103560452],[-14.485756633368895,28.103924489952036],[-14.485668497289753,28.10375719688761],[-14.485493339354882,28.103709897685405],[-14.485341352447165,28.10374774622113],[-14.485155800997491,28.104018138416983],[-14.484965170576546,28.103936405812327],[-14.484771512166176,28.10392599258048],[-14.484688559497076,28.10396958807372],[-14.484467660155262,28.103907807983347],[-14.484367918938112,28.103715339436587],[-14.484244703705903,28.103637614465068],[-14.483975294550964,28.10363804549681],[-14.483562151732626,28.103746971499138],[-14.48354375777398,28.103710505556876],[-14.483641896311036,28.10359952753794],[-14.48384947536449,28.1035174052537],[-14.484055285382947,28.103532622695273],[-14.484080217109698,28.103496319785773],[-14.483856689534187,28.10343943949821],[-14.483358529445006,28.103479006794903],[-14.483207432159094,28.103331117670578],[-14.483030316637612,28.103242347152648],[-14.483078305971677,28.103085097900212],[-14.482683357504392,28.103038826201555],[-14.482546764949541,28.10279192021498],[-14.482431394711202,28.10273457900716],[-14.482610896207463,28.10270767884828],[-14.482398846949446,28.10238926538164],[-14.482396453574593,28.101844326043018],[-14.481967488453847,28.10063655168202],[-14.481565556343996,28.100151765954454],[-14.481017933810302,28.099955001752924],[-14.480557625248007,28.09995903672826],[-14.480026711522925,28.100080947365708],[-14.478812208725923,28.100572315408463],[-14.478576255955872,28.100771176211282],[-14.478554219884465,28.100839977143334],[-14.478640433149355,28.101065328790494],[-14.47842737454356,28.10111031258027],[-14.478427253293253,28.101228014584976],[-14.478344824589778,28.101297894738263],[-14.478070141012982,28.10137975340484],[-14.477978708459398,28.101265458231715],[-14.478036518700815,28.10116688723219],[-14.477885763368448,28.10111036443275],[-14.477509972693591,28.101192324556465],[-14.477319182754442,28.101305409535183],[-14.476960443933997,28.101615860168636],[-14.476894043541872,28.101780989769665],[-14.476822747370397,28.10226700881915],[-14.476744967717307,28.10238543460908],[-14.476725317805165,28.102608361467613],[-14.476394473686623,28.10262371755754],[-14.476200145820613,28.10255060654583],[-14.476047251965506,28.102640725410637],[-14.475985037277963,28.10277365332851],[-14.47598800026604,28.102901341840315],[-14.47627412936027,28.103121834673615],[-14.476411163308882,28.10334622620535],[-14.476657942884513,28.10337692082719],[-14.476771284218477,28.103474257542256],[-14.476769467296792,28.103554996684178],[-14.476901691383532,28.103696754729054],[-14.476635363108354,28.103624525167753],[-14.476326236978341,28.10361959010028],[-14.476302528334726,28.10378083825799],[-14.476206201475637,28.103785516507276],[-14.476200318459865,28.103856554189388],[-14.476283237170117,28.10395479516526],[-14.476428746776124,28.103951748922373],[-14.476327584941211,28.104147057973005],[-14.476268249768724,28.104022331737454],[-14.476109032669,28.1039802809766],[-14.475843309498288,28.103984600719397],[-14.475751086633077,28.104099946671464],[-14.475560806151949,28.103997963980902],[-14.475565488746115,28.104106882996067],[-14.475456886544745,28.104106910037007],[-14.475319369790423,28.104274926224527],[-14.475061622522897,28.104422415271],[-14.474599875411673,28.10435840650706],[-14.474558935472071,28.104629049077488],[-14.47435612174358,28.104801011637488],[-14.474173517488161,28.104811730801483],[-14.473948016717731,28.104692432579093],[-14.47378223278681,28.104710996961742],[-14.473788307724359,28.1046009637345],[-14.473673603149262,28.1045413068562],[-14.473482986627769,28.104616834915884],[-14.473426959902493,28.104749207622834],[-14.473366798262228,28.104702623273408],[-14.473369606219158,28.104527872372806],[-14.47323271747478,28.1046082281577],[-14.473090622498924,28.10455395398222],[-14.47311354889097,28.10448716140805],[-14.473237123566236,28.10446481592838],[-14.473352308726726,28.10433426822261],[-14.473347292904851,28.104093915529855],[-14.473280552055192,28.1040438214786],[-14.473216252600455,28.103802374518054],[-14.473153551829157,28.10374220379421],[-14.472743861046933,28.103742498131336],[-14.472384831139728,28.103924987424467],[-14.472032866982993,28.103886658722622],[-14.47184621706127,28.103908895666557],[-14.471620291103699,28.104010282780482],[-14.47142472220673,28.10389976160753],[-14.471418216807585,28.103831276181218],[-14.47162852821338,28.103924811280695],[-14.471767954168296,28.103833643554992],[-14.471623879938985,28.103610222358274],[-14.471815905472337,28.10328845621396],[-14.471999385103752,28.103231525564702],[-14.472027522789817,28.10311508695973],[-14.471999061471589,28.102765300540906],[-14.471725066567792,28.10254688569471],[-14.471655734428648,28.10256061945247],[-14.471622638208489,28.102666793302017],[-14.471343752500806,28.102740245204195],[-14.471207139344301,28.102830999100558],[-14.471016570547357,28.103162744797775],[-14.470636039449564,28.103411584917083],[-14.470255834937142,28.103817412816113],[-14.469649735448513,28.10394461630732],[-14.469329706603704,28.103904382118472],[-14.468671697486014,28.104202982616478],[-14.46854468905777,28.10415351939479],[-14.468446316081524,28.10386269630191],[-14.468292305754032,28.103715068519104],[-14.467661304547462,28.1037390428802],[-14.467313813110403,28.103850927771653],[-14.466805415936825,28.103826421168915],[-14.466624555791835,28.103748167532206],[-14.46656548649428,28.10366257003086],[-14.46657517202884,28.103482646578463],[-14.466770171305052,28.10318009950991],[-14.467068781220716,28.102914793694268],[-14.466976714560916,28.102716700758688],[-14.46707024835051,28.10257667716521],[-14.467056494816124,28.10250051756409],[-14.466848244262508,28.10221387009624],[-14.466767242994447,28.102166335287652],[-14.466173548482343,28.102026085325033],[-14.465879968993141,28.10188413117694],[-14.465549983862715,28.101841385105693],[-14.465583157330332,28.101720769955758],[-14.465282718401525,28.101607520575968],[-14.464673539872766,28.101478622880986],[-14.464567095967855,28.101503780757813],[-14.464435596329395,28.10167918446232],[-14.464238473664462,28.10175265225325],[-14.464005513285105,28.101785963289238],[-14.46374989231271,28.10167592776699],[-14.463785974148111,28.101822521931663],[-14.463715813692717,28.10191266149828],[-14.463294585742108,28.101589799293837],[-14.463251649132426,28.10160161004102],[-14.463467147386593,28.10186980406193],[-14.463423579506683,28.101918451341742],[-14.463102878187449,28.10181869446382],[-14.463007034476925,28.1016366250048],[-14.462790908258379,28.10160111528714],[-14.462496474406256,28.10146015258778],[-14.46232086360132,28.101490219132216],[-14.462224887321685,28.10137589581034],[-14.461954118074582,28.101388988241087],[-14.461767085426317,28.101268087845483],[-14.461180481628404,28.101251341764446],[-14.46068849808781,28.101399905477194],[-14.46042049409655,28.10160090150182],[-14.460409781044328,28.101658631773557],[-14.460646597818192,28.10189658349888],[-14.460631354659425,28.10194822987045],[-14.45992783984742,28.102183772919936],[-14.459735732839635,28.10232007240557],[-14.45975349800638,28.10252105493659],[-14.460211531505875,28.102802900885862],[-14.460224948646898,28.10285581543397],[-14.46000857332756,28.102804701794312],[-14.459715860592777,28.102905517424517],[-14.459543627864344,28.10318721052466],[-14.459240775827437,28.10338517819394],[-14.459050780171056,28.103400316427006],[-14.458977795308577,28.103313812301764],[-14.458882673062128,28.103313725936935],[-14.458717454390708,28.10345490526279],[-14.458448959912127,28.103467999690338],[-14.458062942300788,28.103725006492905],[-14.45795792012042,28.10368530628519],[-14.458069623497323,28.103521809500997],[-14.45804545882498,28.103468563430283],[-14.45791424435756,28.103560345331488],[-14.45779558609139,28.103576341458965],[-14.457679079206486,28.103682759767906],[-14.457381430357486,28.103727800494436],[-14.457252304123239,28.103817125658164],[-14.456810361314576,28.104335174104417],[-14.456721001439,28.104589460938648],[-14.45656443037984,28.104718675056063],[-14.456509521977802,28.10492399171432],[-14.456286343418311,28.105082983181653],[-14.456255794691053,28.105262245263024],[-14.456330295115132,28.105387193484944],[-14.45627604003859,28.10544661935118],[-14.455993159847578,28.10521065301797],[-14.455804018352687,28.105249476767455],[-14.4556776922819,28.105210999192842],[-14.455567967696297,28.105392835485993],[-14.455355155084577,28.105280778800914],[-14.45535324384157,28.105207689180624],[-14.455498107041775,28.105034658409906],[-14.455324220373841,28.104762149043786],[-14.455151144676611,28.10465169414921],[-14.4548458475658,28.104597908213933],[-14.454759398542063,28.10462182897893],[-14.454691850909013,28.1047087967064],[-14.454626135007429,28.104691203716143],[-14.454628597912105,28.104590689606944],[-14.45433239232336,28.10434975624285],[-14.454325337201425,28.10422305325149],[-14.454259142471576,28.104147261557554],[-14.4543537824115,28.10400940867947],[-14.454335455353167,28.10396167357298],[-14.453933232083576,28.103918630201424],[-14.453438212878556,28.10397889924094],[-14.453431221876379,28.10394420796905],[-14.453586994695973,28.103868569096296],[-14.453539829281686,28.103766277579012],[-14.453162400794367,28.103547549310374],[-14.452642596850879,28.103396712176473],[-14.452629193136895,28.10330175856364],[-14.452566549532989,28.103256734985255],[-14.452597738163364,28.103120959010745],[-14.452567913349528,28.10305222627792],[-14.452394941836824,28.103050669246773],[-14.452288538835534,28.102858449207336],[-14.452126464268066,28.10271582636422],[-14.452223823312545,28.102403666725777],[-14.452203134979815,28.102307970843828],[-14.451975767026838,28.101944965311237],[-14.451874595464803,28.101597060281925],[-14.451528736478803,28.10136214203872],[-14.451510718002263,28.1012140192695],[-14.451560802106995,28.10103801379601],[-14.451521262761716,28.100910043359335],[-14.450933050187938,28.100250240557045],[-14.450795568291685,28.100189029196677],[-14.450530821920959,28.10017121498858],[-14.45025238911221,28.100026535064075],[-14.450037417970416,28.099981612907857],[-14.449580063755734,28.10023657669454],[-14.449262959053165,28.10077576438185],[-14.448960612846049,28.100760838242515],[-14.448828691406884,28.10088654083603],[-14.44853149611075,28.100971138300913],[-14.448396702743715,28.101084985588944],[-14.448020584299035,28.101083608003155],[-14.447542484795951,28.10122915623748],[-14.447218627893928,28.10120025619544],[-14.447004769117932,28.10123203558043],[-14.446358897572367,28.101402458432155],[-14.446426902430284,28.101608113559852],[-14.44619574616984,28.10170943752826],[-14.445908745702985,28.101520807270386],[-14.445653722898319,28.10144871690898],[-14.445607281416327,28.101334004588256],[-14.445375096894109,28.10119181262714],[-14.445214557245691,28.10095096590648],[-14.445098940481788,28.100858793692467],[-14.444740161930143,28.10077977347145],[-14.444668793382005,28.100722001085796],[-14.444516741172542,28.10074695871634],[-14.444393365923434,28.100564322735654],[-14.444121602609723,28.10045432086253],[-14.444007701748761,28.10047192212729],[-14.44389972687861,28.100627469740168],[-14.44403379085151,28.10074282665681],[-14.443788138678917,28.100788779843015],[-14.443112555509366,28.100553929441126],[-14.442848888961242,28.100579434039382],[-14.442825126177823,28.100678570519122],[-14.442753959555095,28.100708034180215],[-14.44219207368189,28.100408936097203],[-14.442165909393552,28.100429050012902],[-14.442259312556681,28.100698071125816],[-14.442072460681326,28.10092464534676],[-14.441749768466357,28.100749880099144],[-14.441510607317989,28.10078457195648],[-14.441346974853845,28.100655226826674],[-14.440988406169195,28.100724961394473],[-14.440835988394301,28.100631769060893],[-14.440804122306751,28.100769850397004],[-14.440437924774882,28.100881455396916],[-14.4401216008319,28.101072835310465],[-14.439627434505352,28.101009289925248],[-14.439373852323467,28.10103713991001],[-14.438668251340317,28.101290474418285],[-14.438574452649048,28.10141199008922],[-14.438185862671405,28.10136576094938],[-14.437668486130912,28.101544332802188],[-14.437502975761847,28.101510281663234],[-14.437421889138175,28.101544188233134],[-14.437418458686944,28.101639787302],[-14.437310051412775,28.10171227112802],[-14.437224068451295,28.101709029770937],[-14.437092894208385,28.10160292170143],[-14.436779985264403,28.101536489971096],[-14.436420749914147,28.10152230457538],[-14.436091549161143,28.101620319942743],[-14.435788925231774,28.101557259172026],[-14.435604420984957,28.10158134221874],[-14.434951175039176,28.101849893657],[-14.434713157210524,28.101766587479077],[-14.43431346912419,28.101740251124458],[-14.434263012715737,28.101671294030577],[-14.433980090899752,28.10157855781711],[-14.433722929362412,28.101566366229832],[-14.433356307369227,28.101632888085607],[-14.432555695789334,28.101885067236235],[-14.431761925872,28.101865893871334],[-14.43134988126867,28.101773637326538],[-14.43054957551799,28.101766309279196],[-14.430028507962811,28.10191633886158],[-14.429436495869119,28.101937275373693],[-14.428509036724822,28.10221143424792],[-14.428089129241387,28.102273811290615],[-14.427373857425088,28.102539910311528],[-14.426840990653242,28.10264831853127],[-14.425369932536189,28.103085700834427],[-14.424542563711208,28.103134804910972],[-14.424112254918185,28.10322992082014],[-14.423301599991465,28.103648387288256],[-14.422673683733942,28.103741358761308],[-14.42188812010054,28.104073128678678],[-14.420477274393358,28.104429984187043],[-14.419262698335583,28.104997658016142],[-14.418304745778894,28.105094988767974],[-14.417763364589161,28.105305735494127],[-14.41740241652775,28.10535056493212],[-14.417326051982311,28.105450908500764],[-14.41731632281433,28.105646272413832],[-14.417248394735852,28.10565480309541],[-14.417067938410886,28.105530692730973],[-14.416862822914107,28.105531400519656],[-14.416445492533118,28.10583639560171],[-14.416268675572356,28.106040598856634],[-14.416225655680408,28.10616433697974],[-14.416128644074096,28.1062345414352],[-14.416013856754356,28.106496627056142],[-14.415849515547354,28.106524813272507],[-14.415814738942812,28.106570016269618],[-14.415673950064026,28.106497643688922],[-14.41564792258371,28.106453761387854],[-14.415684970825966,28.106387634741697],[-14.415334112320348,28.10611041304064],[-14.4151365790307,28.106109435446754],[-14.414951191197169,28.10593388410212],[-14.41477610147954,28.105924317853272],[-14.413815654980601,28.106238540762586],[-14.412987060781782,28.106425220632204],[-14.41281070675974,28.106408424943147],[-14.412728831952196,28.10664480463151],[-14.412602204253746,28.10656713660798],[-14.412163654427586,28.106548648213494],[-14.411642928210554,28.10672809963361],[-14.411261641070597,28.106730372104256],[-14.410900234712251,28.10687267278138],[-14.408605361280314,28.10731341880755],[-14.406864783159527,28.107782233067322],[-14.405552549093962,28.107903072519857],[-14.403629827249741,28.108219539629427],[-14.401854479473256,28.10878346248138],[-14.401223700696663,28.10883343596433],[-14.399731192893949,28.109147835106324],[-14.398606036425821,28.109563910233085],[-14.398359375789251,28.109725321139564],[-14.398007042012267,28.109754971890716],[-14.397751090531822,28.109698522434535],[-14.396918952897773,28.109810274241653],[-14.395431493086889,28.110305610136617],[-14.394540711220875,28.110322478258176],[-14.393870085343972,28.110526050668312],[-14.393562929833417,28.11057379893281],[-14.392691142658046,28.110897950400414],[-14.391573447857668,28.111059090577065],[-14.389867856516833,28.111597168885464],[-14.38900337022327,28.111822521081503],[-14.38706434535843,28.112192716568828],[-14.386799552187437,28.11229465565259],[-14.385973310665744,28.112474095531656],[-14.384787351766063,28.112853965251706],[-14.38377973977567,28.11305121847307],[-14.383415433543066,28.113199345503585],[-14.383049224619478,28.113238581060127],[-14.382007806767337,28.113613164110504],[-14.380354949115027,28.114051839492756],[-14.379496937879676,28.114539309253786],[-14.379118221578498,28.11465618076394],[-14.378102917048938,28.115095114135013],[-14.377170076104044,28.115427554631296],[-14.374579974159541,28.116217060626557],[-14.37211851517308,28.11712033897445],[-14.370929703726409,28.11750456070664],[-14.370678913807499,28.117623710571817],[-14.370191826367762,28.117960305510326],[-14.36984870806578,28.118114577390983],[-14.368818836260429,28.118226539408276],[-14.368147639174873,28.118587545425868],[-14.367032210284638,28.11898840061506],[-14.366503630131978,28.119452466132145],[-14.366179585617642,28.119651147572903],[-14.364461871649121,28.120343235965365],[-14.362204485277962,28.121527761000646],[-14.361138508400712,28.12193197493194],[-14.36048025591363,28.122299646705503],[-14.359668506064752,28.12259742589411],[-14.359178565083493,28.12283590912394],[-14.3586154911316,28.12317441765666],[-14.358097671065195,28.12357292934947],[-14.357826143837762,28.123920887287547],[-14.357573758387634,28.124412054523482],[-14.357506612913195,28.124689621372255],[-14.35753764497013,28.12505892745629],[-14.357710695551383,28.125435253836905],[-14.357780951516819,28.12545580304043],[-14.358058919436852,28.125230640170635],[-14.358708964551314,28.12522674988775],[-14.35881972515156,28.125339633768444],[-14.358774149425061,28.125421898624165],[-14.358491947982742,28.12555792138804],[-14.35848880638516,28.12568198026894],[-14.35841053762694,28.125803223250553],[-14.358432699185135,28.12593229307583],[-14.358569994260284,28.126021326106507],[-14.358585812330304,28.126100836090416],[-14.358464095837116,28.126165701933996],[-14.35804898369557,28.126221530329687],[-14.358337503886315,28.12630376134124],[-14.358666127901248,28.12649103485093],[-14.358707029274768,28.12653729002667],[-14.358683132472768,28.126590192719267],[-14.35839317423947,28.126694558001866],[-14.357830233709317,28.12708201588625],[-14.357530227980336,28.127177088787423],[-14.357381709666077,28.12711226618496],[-14.357342123466454,28.12670219109252],[-14.357200096363858,28.12658713743243],[-14.357245794630435,28.12644365386024],[-14.357164818817001,28.126417565809554],[-14.356951591188597,28.12649484630455],[-14.357163469231256,28.126172743271958],[-14.356996457632661,28.125910696957806],[-14.356549468778374,28.1257596843522],[-14.356212324882309,28.12574510290953],[-14.3559371515787,28.12577442935456],[-14.35555401131199,28.125912011813615],[-14.354613662496913,28.12634896308771],[-14.353946287343799,28.12643665639782],[-14.35296555241314,28.12676046243658],[-14.352099699642258,28.12686889216645],[-14.351395182858083,28.1272360027814],[-14.350904658089584,28.127338410058588],[-14.350492951186203,28.1273685232427],[-14.349449202269335,28.127622814825862],[-14.348631424761523,28.127989824827537],[-14.348160384933509,28.128132303517173],[-14.347808180705492,28.1283237386821],[-14.347269827563917,28.12849737948445],[-14.34698865126031,28.128709217266216],[-14.345765932517375,28.129329630366016],[-14.344151976223841,28.129898612932887],[-14.343784463623246,28.129926470993663],[-14.342863060564163,28.130148656593114],[-14.34261286465627,28.130280773662353],[-14.342102554022116,28.130448173521376],[-14.341193697176875,28.130888648743387],[-14.340456328388841,28.131066351756516],[-14.337554856551147,28.13255774854289],[-14.336859322774176,28.132851041570568],[-14.336478529473045,28.133095593848303],[-14.335781064744712,28.13333110054534],[-14.334774090543883,28.13350559730209],[-14.333559527526345,28.134315140440147],[-14.332717133210126,28.134694066151848],[-14.331279344455583,28.135658773155157],[-14.329792840180014,28.136193831860567],[-14.328736174619829,28.136630187203448],[-14.328044401133141,28.13695911788967],[-14.327317076773724,28.13737728067769],[-14.326662901584564,28.137613241559276],[-14.326583131899984,28.137791516443293],[-14.326413998706734,28.137969045185727],[-14.32600202709622,28.13824230007063],[-14.325795276720987,28.138266702517576],[-14.325373675451253,28.13862021019989],[-14.324936308762117,28.13912948596244],[-14.324755050823308,28.139245579872348],[-14.324362943450424,28.139311817483833],[-14.323925369894397,28.139508970491153],[-14.32343883939456,28.13963380170304],[-14.322720224239305,28.140008654029355],[-14.322302143329441,28.1403696796246],[-14.322005225906233,28.140532859105136],[-14.321485559660827,28.140756615096077],[-14.32128782690705,28.14081643117278],[-14.321006261010218,28.140818502685807],[-14.3207433205584,28.14095135533426],[-14.320642327809924,28.141047070926845],[-14.320367565177794,28.141158651352157],[-14.320260898783024,28.141298064125028],[-14.320154549763574,28.14157426081808],[-14.320021777006392,28.141680632322124],[-14.3194848010779,28.141741361749695],[-14.318963192896666,28.142238202798072],[-14.318647573623815,28.142246030754794],[-14.3182787760385,28.14209614881845],[-14.317804091738562,28.142367197910893],[-14.317609945926074,28.142425871035705],[-14.316828583994164,28.14311163074749],[-14.31600315436731,28.14394850832325],[-14.315418838790958,28.14425784372947],[-14.314879109467277,28.14440319396699],[-14.314015883986384,28.144806739812616],[-14.31278549252613,28.145703249180514],[-14.30982925174459,28.14731853898779],[-14.309315016856408,28.147924855403264],[-14.30897655031055,28.148056022406237],[-14.308654663389209,28.148091949890226],[-14.30829180366825,28.148266031572163],[-14.308261721657352,28.148433704757334],[-14.308047943188017,28.148584563317193],[-14.307861788991696,28.148797953861813],[-14.307630483274412,28.148897974911826],[-14.30752450028142,28.149049287023622],[-14.307026104742928,28.14950157914094],[-14.306630038293568,28.149991631538843],[-14.306438369205534,28.15040256920064],[-14.306373127282443,28.150898934726435],[-14.306290578800022,28.151033836489365],[-14.306228309736495,28.15129002472077],[-14.306088811268193,28.15144356700777],[-14.305720481660604,28.151604326551734],[-14.304934830460889,28.151790409820595],[-14.304557839139077,28.151759186972008],[-14.304381765357059,28.151791358016307],[-14.30422360366247,28.151957802076854],[-14.304149216935997,28.152173460910927],[-14.303732171062025,28.152185965405806],[-14.303337972567986,28.152282885386928],[-14.303276939929333,28.15237833954474],[-14.303231028501617,28.152642543937006],[-14.303133684335721,28.15277781075803],[-14.302957811836432,28.152841484228333],[-14.302544452583936,28.153178920703883],[-14.302555940963462,28.153449212168635],[-14.30233671917185,28.153415780325297],[-14.302230372100427,28.15346588766245],[-14.302238767272828,28.153559672922928],[-14.302321957668562,28.153647330829696],[-14.302299047517447,28.153762756191302],[-14.302219043088126,28.153837162196822],[-14.30230323378632,28.154191573837632],[-14.302245480563336,28.154233317144364],[-14.302179955832557,28.15418561117439],[-14.302196934123629,28.15435048043638],[-14.302102805364308,28.154382109005017],[-14.302037637682869,28.154540024443815],[-14.301888331482518,28.154646428914027],[-14.301880477708401,28.154751820977697],[-14.301759500591368,28.1547616032252],[-14.301678081340137,28.154834133147943],[-14.301663023488633,28.154913338066535],[-14.30174550118542,28.154910003352036],[-14.301704324113873,28.1551281678587],[-14.301826715790034,28.155233221766164],[-14.301728399557508,28.155266516717976],[-14.301709361521628,28.15543799954611],[-14.30162856275521,28.155584326009603],[-14.301208825800268,28.155948011421586],[-14.300936621892964,28.156630396447348],[-14.30075488232664,28.15668044278315],[-14.300399911061621,28.156988282888783],[-14.300183988566861,28.15701346581506],[-14.3000168107536,28.15729237664648],[-14.299481515001988,28.157732301373205],[-14.299358464401395,28.157959867373194],[-14.299287914919612,28.15853346098944],[-14.298731856144268,28.158930643225712],[-14.298855813967334,28.158983118149525],[-14.298686503613068,28.159038153861836],[-14.298206011672695,28.159418560957],[-14.29793174577169,28.159524474104046],[-14.297350035906813,28.15956366425311],[-14.297125764835412,28.15966852333478],[-14.296580290714378,28.159583435883032],[-14.296249956639372,28.159643653368892],[-14.296146088969751,28.15970884316024],[-14.295930386532378,28.159668296967084],[-14.29579538567218,28.159709640387486],[-14.295484508341488,28.15999949614453],[-14.29556440856356,28.16009176281917],[-14.295491021529244,28.160199417013754],[-14.295070999339297,28.16030224574701],[-14.294783936524713,28.16051987335977],[-14.294424321071089,28.16055599681163],[-14.294184304395515,28.160675501472205],[-14.29389549911959,28.160959554729892],[-14.29375384746559,28.16128754085852],[-14.293723727136012,28.161525248183228],[-14.293651042256442,28.161606194943253],[-14.293052271546543,28.16182797008141],[-14.292993609387553,28.16180846751322],[-14.292998128299399,28.161684996543308],[-14.292965581618361,28.161677896043134],[-14.292753870553602,28.16180447673403],[-14.291852414616757,28.162615986318645],[-14.291559964925895,28.162696932932846],[-14.291464502367573,28.162790316812853],[-14.291159178567614,28.162908187368636],[-14.290938702811609,28.163096670034566],[-14.290853258651726,28.16310402675383],[-14.29050045382497,28.162958503727666],[-14.290098864572922,28.163081054539738],[-14.289710030554836,28.163079616429666],[-14.289517856275424,28.163140299148672],[-14.289364661746605,28.163338236144835],[-14.288955213224718,28.163465942161],[-14.28887344846478,28.163588434168894],[-14.288809995512974,28.163837521290645],[-14.288643878023155,28.164017770224316],[-14.288601441551418,28.16425543026026],[-14.288346922224775,28.164397090878992],[-14.28820055400585,28.16471420525973],[-14.287807667588954,28.16497935296266],[-14.287348033203767,28.1649199225254],[-14.287116928256738,28.165038440848946],[-14.286954013791307,28.164863856101455],[-14.286847420754118,28.16486532311278],[-14.286710141980336,28.165039789230423],[-14.28651390938295,28.16507271652404],[-14.286404494254839,28.16515562533093],[-14.286352742374545,28.165291983656374],[-14.286358351098269,28.16552742892583],[-14.286231772449597,28.16578991535556],[-14.28547969864855,28.16644544757117],[-14.285150285263496,28.166642017845067],[-14.284925486769236,28.166626112794383],[-14.28461392864522,28.166796507321106],[-14.28424617662734,28.166876178135173],[-14.283884262660754,28.167070282672867],[-14.283826466912135,28.167153016928708],[-14.283840646388644,28.16725694307115],[-14.283504171607687,28.16738732483176],[-14.283322886790653,28.16759146255074],[-14.282757622125871,28.16774795073961],[-14.282429356276042,28.16773454166076],[-14.282345985253988,28.167772522376545],[-14.282228490923277,28.16791126958368],[-14.282352617220978,28.168048701359723],[-14.282096811556107,28.168087511372967],[-14.281773038225387,28.16824930504159],[-14.28149503500532,28.168878414554605],[-14.281434289888596,28.168896004780695],[-14.281187879224172,28.168766307182356],[-14.281084063615689,28.168772270491683],[-14.28118565336767,28.169099343833334],[-14.281172294817582,28.16919603970968],[-14.28100624008238,28.169266226035788],[-14.280652416772632,28.169613167850315],[-14.280533025496265,28.16982167073153],[-14.280102838762456,28.169907510424775],[-14.279898672910077,28.170216954686037],[-14.279711791349293,28.170299874845917],[-14.279529242866097,28.170496201604294],[-14.279098203299935,28.1705446360889],[-14.279028349637972,28.17062614931651],[-14.278917913882177,28.171005410299394],[-14.27855000746728,28.171068906964592],[-14.278314467692008,28.171164856088232],[-14.277917036640575,28.171207686845847],[-14.277747280793418,28.171391369038144],[-14.27751349638272,28.17149874475761],[-14.277418182609791,28.171615516381188],[-14.277011085665004,28.17180487757713],[-14.2764821936887,28.172431053572208],[-14.276130294213374,28.172585328172715],[-14.27599058589839,28.17277767905794],[-14.275780279516436,28.172913348090315],[-14.275433153656941,28.17305420539286],[-14.275230929984595,28.173235825951796],[-14.274883907008991,28.173343039992755],[-14.274546795946781,28.173321747884223],[-14.274448220676764,28.1735648824067],[-14.274151069414854,28.17364187574621],[-14.273681116414869,28.17398383238321],[-14.273455672482434,28.174206208826824],[-14.273212700152449,28.174321038455556],[-14.27314251519477,28.174432452119117],[-14.272920963791007,28.174446449753614],[-14.272062473963684,28.17553635331196],[-14.27114902551212,28.176237586609275],[-14.270822279894736,28.176381004687403],[-14.270762646926592,28.176570174703414],[-14.270247328989571,28.176676462291834],[-14.27010044405094,28.176897229641057],[-14.269681032071977,28.177053149322404],[-14.269431483210207,28.177270768627963],[-14.269189687780269,28.177402639519325],[-14.269144069487679,28.177465790226144],[-14.269219998666102,28.17756527204258],[-14.268547851030426,28.17802284576177],[-14.268312010530545,28.17811155433168],[-14.268105948246781,28.1783091837949],[-14.267299553405936,28.178631274679166],[-14.267183485986527,28.178729441186512],[-14.267109949307333,28.178882870735393],[-14.266926390454124,28.17900074198139],[-14.26680556944421,28.17922222283836],[-14.266631995525008,28.179274017909986],[-14.26661383134097,28.179421948632225],[-14.266455621485624,28.179437565720562],[-14.265955749951331,28.179773575593995],[-14.265667914328475,28.180058285178248],[-14.265645943899505,28.180238257970313],[-14.265347335381145,28.180363904683084],[-14.265242518211117,28.180455043919615],[-14.265056062120756,28.18105558784427],[-14.264902540122515,28.1812910451105],[-14.264578081831308,28.18160890906103],[-14.264217999465906,28.18185640763586],[-14.26374199743763,28.18254809675681],[-14.263637589708424,28.182561111310548],[-14.26355471442142,28.182696579678083],[-14.263107917160703,28.182978830685073],[-14.26288317450464,28.18298008511832]]]}},{"id":"17","type":"Feature","properties":{"categoria":"Parque Natural","nombre":"Islote de Lobos","codigo":"F-1"},"geometry":{"type":"MultiPolygon","coordinates":[[[[-13.812094413916505,28.757942733952195],[-13.812392869109184,28.757471847906704],[-13.812548670708603,28.757431917599384],[-13.812692616757902,28.757328209833616],[-13.812812744965397,28.757323624510875],[-13.812819252052796,28.757096101077305],[-13.812754765142609,28.75688643760715],[-13.812601489468706,28.756877004223206],[-13.812349678958752,28.7566547197106],[-13.812232562565361,28.75663578424458],[-13.812197247453376,28.756588840383216],[-13.81228295286001,28.75648735572524],[-13.811888117862596,28.756171818876794],[-13.811449923121867,28.755999012860826],[-13.811107859896014,28.756077447629053],[-13.810751631587065,28.755862192751547],[-13.811225806771162,28.75537568041842],[-13.811389223254862,28.755108084337927],[-13.811405072396568,28.755028955004494],[-13.811347679059772,28.754887800745585],[-13.81149553187775,28.75476809067131],[-13.811515218483654,28.754690132249493],[-13.81139194028251,28.75466565455591],[-13.811298847729296,28.754540512943777],[-13.811491940015275,28.75445945881258],[-13.811542451853006,28.754329226491503],[-13.811846666962493,28.754148508514476],[-13.811943262750928,28.754022128839335],[-13.811850143410927,28.753754605036857],[-13.81129468095819,28.75381974713013],[-13.811181232573986,28.753524318516785],[-13.811080593077776,28.75349772925137],[-13.811129910057035,28.753425961136678],[-13.811112524110698,28.753340609845992],[-13.811234239535668,28.753300381040273],[-13.811207269463106,28.753261867717026],[-13.811464394167476,28.753032081157173],[-13.81140503328385,28.752930900477573],[-13.811482652841397,28.752866754770317],[-13.811378917453991,28.752853134867465],[-13.811453112225024,28.75262114356759],[-13.811541680534432,28.75258495505523],[-13.811514618811474,28.75241707305561],[-13.811904563272844,28.75190035852216],[-13.81241654140604,28.751054029894505],[-13.812249347748212,28.750838111566612],[-13.812270023474197,28.7507957031048],[-13.812380771478994,28.750768661968472],[-13.812476435567394,28.750829285867702],[-13.812569401464494,28.750751835713633],[-13.812490463900273,28.750632153187723],[-13.812519975781843,28.7505437484027],[-13.81230689427702,28.750462453765927],[-13.812139586275677,28.750332752551007],[-13.812204807017485,28.750158596863763],[-13.81230617327228,28.75014966823092],[-13.81231933446608,28.749982121743056],[-13.812440426027282,28.749840956836483],[-13.812447145677341,28.749605483804746],[-13.812541794637639,28.74952400510881],[-13.81254714796913,28.749398420588637],[-13.812827095674736,28.748975041270295],[-13.812984429282698,28.748548544769957],[-13.813085434564785,28.748484449972487],[-13.813193241765195,28.748485396681133],[-13.813262224314112,28.748384053092053],[-13.81308001285536,28.748355305073808],[-13.813116828548361,28.748131666604703],[-13.813348381980168,28.747799765242174],[-13.813095549753845,28.747578989521994],[-13.813356733408343,28.747445100754003],[-13.813298575487087,28.74733181951732],[-13.81342052565014,28.747067186546897],[-13.81328294798111,28.746927774859145],[-13.813314190606302,28.746512165177347],[-13.81322579823375,28.746232553654846],[-13.813311644439107,28.746204715366765],[-13.813436053191825,28.745994246441562],[-13.814015609323627,28.745659983141298],[-13.814098216170542,28.745541718878467],[-13.814368601061028,28.745412258891808],[-13.814480249431616,28.745304935034515],[-13.814577969218496,28.745096117151892],[-13.814613488520118,28.744562421780785],[-13.814590890964253,28.744299985489786],[-13.814521209372938,28.744126224647964],[-13.814571090062127,28.7439458679869],[-13.814663299213935,28.743952895039875],[-13.81468950027281,28.74390705081908],[-13.814573808609113,28.743810305255774],[-13.814585277700168,28.743763176620615],[-13.814723836009321,28.74367039353771],[-13.814769246211588,28.743537650988717],[-13.814701482652941,28.74315409665861],[-13.814458178538716,28.74297534748111],[-13.814457247989813,28.742796566827362],[-13.814357837243946,28.74272002705519],[-13.814353139509716,28.742254579880328],[-13.814441736495501,28.742022712626444],[-13.814443463076543,28.74184077835922],[-13.814321742402697,28.741697770351003],[-13.81436542324858,28.74158392066258],[-13.814334708993869,28.741536151272904],[-13.814216099171908,28.741592872576522],[-13.814015810802484,28.74159891329228],[-13.813884473511472,28.741505919792264],[-13.813958938891114,28.74146989448813],[-13.81377402431803,28.741402270124983],[-13.813818751744618,28.74137711208609],[-13.813790135519314,28.741339451237515],[-13.813969572425808,28.7412936611215],[-13.814046673337828,28.74115846216109],[-13.814103784465615,28.741161120244644],[-13.814383343846691,28.74094365377299],[-13.814585811201587,28.741016611730373],[-13.814734929921373,28.740985861561743],[-13.814890196994194,28.740816825783664],[-13.814826665222311,28.74066810994085],[-13.81492400550648,28.740666652866555],[-13.814970733112125,28.740783605831098],[-13.815053077695199,28.74074620493105],[-13.81518600823315,28.740796025349173],[-13.815258567457505,28.74068562338773],[-13.815220545411758,28.740570344289136],[-13.815315985374133,28.740417823326943],[-13.81542614776981,28.740383554063527],[-13.815627544425507,28.74042430792921],[-13.815803346079289,28.74029386251503],[-13.815784630474681,28.740151893473296],[-13.815920655693198,28.740090702337902],[-13.815937649598325,28.73978600452638],[-13.8157530143834,28.739759125421777],[-13.815477640715477,28.739460819160513],[-13.814847716740651,28.739343682479024],[-13.81469079865649,28.739368877075897],[-13.814489887651998,28.73952840591912],[-13.814389795177911,28.739512510043358],[-13.814352574061854,28.739460640265843],[-13.81439672757222,28.73926492641794],[-13.814517768398543,28.739253857974756],[-13.814564695148537,28.739200686450726],[-13.814567994397455,28.739082592620257],[-13.814798465883381,28.739043891420415],[-13.814719475493844,28.738987458774716],[-13.814805678100079,28.73872424338501],[-13.814925492399327,28.738705654781327],[-13.815061540471474,28.73845718121417],[-13.814984158991816,28.738345311544588],[-13.815237977549861,28.738212084929128],[-13.815117845482101,28.737543730302946],[-13.815522492464822,28.737140344668113],[-13.815832703611832,28.737033026098587],[-13.815907870475838,28.736963503933897],[-13.815852466994064,28.73693673704882],[-13.815750094475879,28.737036056986945],[-13.815682306723046,28.737021464948047],[-13.81566702433908,28.73672039223027],[-13.815707081506831,28.736567963250227],[-13.815857125633642,28.73651267103849],[-13.815918906839315,28.736565910767105],[-13.81593468518732,28.736735868588852],[-13.816069264350697,28.73699510700312],[-13.816186628685493,28.737106459774573],[-13.816343752277957,28.737160822979487],[-13.81660175884264,28.73713897521329],[-13.816669896523088,28.736849896308694],[-13.816958773155052,28.737152785858076],[-13.81703509952287,28.73716571912527],[-13.817318235040258,28.736931084249854],[-13.817402955271591,28.736904253153437],[-13.817530216143382,28.73698074547333],[-13.81749810820129,28.737224065959346],[-13.817302691564464,28.737438385583125],[-13.81710354893831,28.737536146926768],[-13.817043465431368,28.737662985910717],[-13.816556520710273,28.737693092278455],[-13.816220771071333,28.737885676267705],[-13.816152427856867,28.737989337787877],[-13.816130581417838,28.738096005744957],[-13.816171773896851,28.738191673392713],[-13.816208782116817,28.73805899197314],[-13.816400461469419,28.73799122082178],[-13.816675086752868,28.737988715225875],[-13.81685970977046,28.73806368861583],[-13.816856929155286,28.738117806919977],[-13.816610718512624,28.738350318092078],[-13.816774400442942,28.738404449430977],[-13.816844885903249,28.73821604996526],[-13.81718312089452,28.73816282744681],[-13.817229533173565,28.738133350830395],[-13.817187620254359,28.738014283660437],[-13.817242084291445,28.73796088829643],[-13.817446785281986,28.737911559910454],[-13.817606511612082,28.737771305276453],[-13.817595377810749,28.737654240275745],[-13.817759701796753,28.73750848413444],[-13.817734261515238,28.737396970925882],[-13.817785143878357,28.73749977160038],[-13.818061531635637,28.737571655907676],[-13.818209928086718,28.737517213116487],[-13.818328018843827,28.737378615274487],[-13.81845428119986,28.73738014305604],[-13.818824208235569,28.737516958912458],[-13.819088197570823,28.73742207194414],[-13.819070328152469,28.737135281901665],[-13.819327923506773,28.736909508074696],[-13.819162275137653,28.736808133355243],[-13.819297903389838,28.736548523358042],[-13.819248003019169,28.736516760778702],[-13.8192086693836,28.736324783382948],[-13.819002015276604,28.73616933183231],[-13.819188535428076,28.73603537424785],[-13.81933398609773,28.73606783596522],[-13.819463957102002,28.736019873422727],[-13.819833622833722,28.73610310107034],[-13.82028581452233,28.736026605372018],[-13.82035509984282,28.73610114509688],[-13.820451083102883,28.736045087178123],[-13.820459355018112,28.735921260216106],[-13.82057375140606,28.736005435307053],[-13.82095904447691,28.73609774931112],[-13.821142040758923,28.736376024351767],[-13.821394102080145,28.73638732858904],[-13.821546083858744,28.736286839216696],[-13.821639520151242,28.73632997323785],[-13.821891418259062,28.736523784507945],[-13.821988346247654,28.736810703709512],[-13.822035687995736,28.73683695562575],[-13.822204698384617,28.736893554638506],[-13.822434033128555,28.736646905733817],[-13.822501325940017,28.736697491968453],[-13.822271761598039,28.736953660665755],[-13.822460230730966,28.73756802925021],[-13.82263256738846,28.73771624534864],[-13.822843603071568,28.738007758782267],[-13.8229730952585,28.73797336275828],[-13.823195806529984,28.73803090645698],[-13.82329984397585,28.738115124510074],[-13.823399133244873,28.738056494011797],[-13.82346348543324,28.738092731057254],[-13.823506980765215,28.73822840770315],[-13.823824765667487,28.73825269826009],[-13.823906561389181,28.73830408689582],[-13.823966448481663,28.738387938390836],[-13.823932927807382,28.738641645496525],[-13.823969526192757,28.738884852469283],[-13.824149642734078,28.73923487665884],[-13.824462030989363,28.739430518106033],[-13.824449282245693,28.739779000002688],[-13.824568961767449,28.739801701389958],[-13.824680722498398,28.739635299141373],[-13.824767743477551,28.73973598371045],[-13.824640120730455,28.740071625708786],[-13.82468430742976,28.740193309773986],[-13.824964132320614,28.740359939491732],[-13.825166918594167,28.740375700266064],[-13.82538053749495,28.74070102301285],[-13.825348448594562,28.740815979066028],[-13.825541294628442,28.740995425816074],[-13.825545268193661,28.741090613961443],[-13.825484574570153,28.741144536193367],[-13.825319961891442,28.741125199647758],[-13.825201364578037,28.741181353219662],[-13.825204382778596,28.741391190322773],[-13.825247387971906,28.741431861978086],[-13.82540326825091,28.741364037735206],[-13.825437005328398,28.74141300426486],[-13.82541172512287,28.741486855140444],[-13.825456899475052,28.741608258731702],[-13.825318476743561,28.741697317807784],[-13.825343497043173,28.741862734099495],[-13.825408177080424,28.741921193367514],[-13.825722056263249,28.742013740102372],[-13.826185825348086,28.74203487105013],[-13.827046392940392,28.741757087888114],[-13.827384580947442,28.741492295769955],[-13.827685139481952,28.74110501006573],[-13.827748323237541,28.740787578885087],[-13.827698770470674,28.74051147157641],[-13.827517563053789,28.74042296836199],[-13.827124244460627,28.74043110870176],[-13.82696375755252,28.74033585311012],[-13.826905254268913,28.740223152019055],[-13.826865957972268,28.73967449739053],[-13.826560491083093,28.739346511411174],[-13.826526408593848,28.73926981645213],[-13.826577995068428,28.739216987941006],[-13.826690411448766,28.739226185739373],[-13.826897652664258,28.739378318630628],[-13.82746069729506,28.739635334136914],[-13.827559102420654,28.739637478264964],[-13.828629502458906,28.739346549254915],[-13.829439181906347,28.739213625537033],[-13.829886627862,28.73933577580971],[-13.830878695453382,28.73976284442446],[-13.830954160601008,28.7398829108109],[-13.830950896314903,28.74001791009217],[-13.830898122531407,28.740118672426423],[-13.830819337341161,28.740149624707087],[-13.830795040655472,28.74025323257887],[-13.830800100964806,28.740817763661713],[-13.830714193671078,28.74124546051802],[-13.830700589376995,28.741760867827946],[-13.830623269499476,28.741847708249193],[-13.8305806572305,28.74231954312203],[-13.830186504604818,28.742802641177356],[-13.830207739370728,28.74330853025172],[-13.83034088746499,28.743534665011],[-13.830575069573163,28.743604561457015],[-13.830726589105986,28.74371128768844],[-13.830968539043564,28.74406586332964],[-13.831066258266226,28.744490545293086],[-13.831183170469284,28.74473300097805],[-13.832025290058157,28.745270245697604],[-13.832072651609156,28.74549043892538],[-13.832325436431233,28.74599124341421],[-13.832311835456531,28.746595315201475],[-13.832399962332007,28.7470102291939],[-13.83261455943421,28.747504945102225],[-13.83287505449187,28.747902421409062],[-13.832908084893845,28.748103871387258],[-13.833076946267061,28.748361214524337],[-13.833630148191792,28.74897884320856],[-13.834112461130056,28.74967628258555],[-13.834554287261668,28.74999547313138],[-13.834662581726771,28.75012983687961],[-13.835418085313933,28.750552099292],[-13.835553496510368,28.750694205056934],[-13.835481910435528,28.750983977076906],[-13.83563583268149,28.751278020627268],[-13.83584756949571,28.751541506000837],[-13.835803111437833,28.751708632474948],[-13.835837211276504,28.752131878525006],[-13.835761537535834,28.752354340889262],[-13.835819321004314,28.752573990817158],[-13.835761455378458,28.752598095271843],[-13.835512671359721,28.752453857612707],[-13.83542063520421,28.752507938308906],[-13.83530634436221,28.752441104849385],[-13.83511532756142,28.75261389931833],[-13.835122489414324,28.75276587474494],[-13.83495207421993,28.75280612964114],[-13.835133248968361,28.753047691930973],[-13.835109675653031,28.753211685840885],[-13.83499229924532,28.753404311620766],[-13.834967984255396,28.753764247152702],[-13.83482317523561,28.75373036323904],[-13.834844086986802,28.75358844938818],[-13.834805041726696,28.75352241766135],[-13.834602708987996,28.75336745064494],[-13.834405497652487,28.753330515106548],[-13.834278197464473,28.75336162833301],[-13.834194984800103,28.753428916063662],[-13.834056491732468,28.753700510591006],[-13.834028756599356,28.75399556967621],[-13.833981222506491,28.75407415788392],[-13.833880591965746,28.754086710176097],[-13.833812641675445,28.753997035206147],[-13.833837185064155,28.7538934110761],[-13.833519905034334,28.753749156291693],[-13.833217834248801,28.75340504077043],[-13.833130237665852,28.75320702778521],[-13.832792064450713,28.75306676964398],[-13.83248433028849,28.753095880422894],[-13.832193272975267,28.753246145630897],[-13.831348748865619,28.75386093984475],[-13.83119415149187,28.7541175093022],[-13.831196422883819,28.75438438848415],[-13.831328721067356,28.754765469951092],[-13.831426470786834,28.75491605371007],[-13.831745369606383,28.75517989432897],[-13.83191615478632,28.755235666768087],[-13.831912045966817,28.755299322666456],[-13.831732806438152,28.75533689782088],[-13.831858028344037,28.755334514622827],[-13.831857829075583,28.755459143014406],[-13.832117750592023,28.7555451442194],[-13.832015174915838,28.75566238056781],[-13.831829101765978,28.75571391303362],[-13.831834702283917,28.755622986612526],[-13.831782525945416,28.75558108244743],[-13.831076631243196,28.755605880789926],[-13.831021027012842,28.755673134521402],[-13.83102975394854,28.75583118851034],[-13.830822624959142,28.755978133183984],[-13.830680015562546,28.755923180784087],[-13.830550237013593,28.755727824709258],[-13.830392712770552,28.7557466780227],[-13.830269891826248,28.755680632922566],[-13.830119367209816,28.755747777593676],[-13.829879163312157,28.755969389387765],[-13.829775205193625,28.75598624189067],[-13.829656870020868,28.755900018462523],[-13.829705987308847,28.75578636433698],[-13.829656146376477,28.75571879365281],[-13.829505789168866,28.755535830598614],[-13.829426085725805,28.755523145612703],[-13.829053084620062,28.755691619932584],[-13.828985015417565,28.755752392941922],[-13.828958938943233,28.75588646307831],[-13.828887552771835,28.755928741574564],[-13.828308893327264,28.756093545025724],[-13.828257269633417,28.756255407937314],[-13.827995255839879,28.756151475050377],[-13.827876823830763,28.756250086856703],[-13.82776259789549,28.756247209740163],[-13.827677315896523,28.756213121527516],[-13.827686728075022,28.75610403347443],[-13.827630885767727,28.756097041792316],[-13.827528553091833,28.75619203844716],[-13.827464334823567,28.756150046214902],[-13.827381197792366,28.75618065153558],[-13.827301245737669,28.756267177957138],[-13.827131402487229,28.756233510773846],[-13.826928130985937,28.756514914242935],[-13.826951261185686,28.756615331649773],[-13.827132383673367,28.756644205270447],[-13.827161700360893,28.756700623988078],[-13.82709179807618,28.75672731871415],[-13.826602357899112,28.75677865621855],[-13.826458740872537,28.756627093169605],[-13.826273639049544,28.756591406107948],[-13.82592701958032,28.756737266802666],[-13.825725917822028,28.75686101575968],[-13.825528579643024,28.757080374709986],[-13.825539402514039,28.75715657886469],[-13.82565221941501,28.757237848142253],[-13.825638024294742,28.757287246425555],[-13.825697381259356,28.757342635897494],[-13.82563646401633,28.75747424544921],[-13.825551810610897,28.757394953789387],[-13.825519197715895,28.7574207984864],[-13.825598724667506,28.75757744631057],[-13.825589041865104,28.757710502907795],[-13.825504182681017,28.7576788628425],[-13.825277605237321,28.757735963671212],[-13.824779737503116,28.757943042404875],[-13.824467466238168,28.758229423467256],[-13.824476859305742,28.758279604428886],[-13.824555382672548,28.758280729756013],[-13.824649958972003,28.758381191361078],[-13.824549022815354,28.758468111137432],[-13.824548179412998,28.758572652469248],[-13.824462752336961,28.75865017640681],[-13.824502442905358,28.758793481885622],[-13.824617652721608,28.758895278245916],[-13.824822249061883,28.758898926012318],[-13.824819391596526,28.75896750219887],[-13.824701910697648,28.759068429796265],[-13.824734158063414,28.759203295021926],[-13.82468646944239,28.759229008369964],[-13.824506367470589,28.75914528472621],[-13.824517767644261,28.75925035674595],[-13.824411337465278,28.75924249942729],[-13.824391786324526,28.759290849145618],[-13.824083082936298,28.75914144830299],[-13.824186620347062,28.759250228276695],[-13.82393283765452,28.759182884347265],[-13.823900555557842,28.759215680959045],[-13.823923984375725,28.759289242216166],[-13.8242787500123,28.759287555181295],[-13.824467340720362,28.759469277088446],[-13.82442728111142,28.759563657737754],[-13.82398927017585,28.759839124014196],[-13.8237831542377,28.759758909450117],[-13.823759071155775,28.75986064916533],[-13.823816440278875,28.75994721345359],[-13.824016353446341,28.759890036575076],[-13.824069306282125,28.759961255479553],[-13.823947068036768,28.75998936125423],[-13.823987007573745,28.760110430775],[-13.823815104383838,28.76028930436481],[-13.823789328290653,28.76042510872475],[-13.823600113236498,28.760620564147594],[-13.823548286228995,28.760828921333133],[-13.823369387295811,28.76088252595875],[-13.822923772144325,28.76116312088902],[-13.822709374208573,28.76119648759399],[-13.822478929265378,28.761111880342686],[-13.822407642975234,28.760951259304726],[-13.82212169825191,28.76077794585471],[-13.822180768210117,28.760683731670483],[-13.821972822896655,28.760708046985584],[-13.821973250223074,28.760582419124447],[-13.821843676522407,28.760446415930595],[-13.821626117843943,28.76042936537071],[-13.821498123989256,28.76057221095157],[-13.82133342348654,28.760558066777563],[-13.821194619434461,28.760601909973012],[-13.821138762908994,28.760574139307167],[-13.821141879195642,28.76051191930256],[-13.821206297200405,28.760408510352416],[-13.821109135148845,28.76032319529077],[-13.821056180829132,28.76039811220633],[-13.820908327436015,28.76037227337763],[-13.820844271046745,28.760337770399502],[-13.8208863037213,28.760243119304622],[-13.820831680451683,28.760222290674594],[-13.820490832677876,28.760308557450177],[-13.82025159762532,28.76046313826778],[-13.820092086408245,28.760395608387448],[-13.819944991671212,28.76044804214013],[-13.819820153975405,28.76038659091989],[-13.819704386238033,28.760411148258658],[-13.819662253714778,28.760467233178506],[-13.819716743775269,28.76053631012233],[-13.81966560723334,28.760577009559224],[-13.819552935389702,28.760559427822347],[-13.819468051301874,28.76044258535683],[-13.819375165316893,28.760436132999473],[-13.819197033747473,28.760614368493737],[-13.819057111977186,28.760593642072703],[-13.818984770731545,28.76066189953981],[-13.818981723612705,28.760739697657197],[-13.819286270710133,28.76081038257706],[-13.819416219037466,28.760952880589223],[-13.819296443791293,28.761024036025923],[-13.819334996385992,28.76112227884568],[-13.819454906105586,28.761086512568337],[-13.81962118072357,28.761106448957328],[-13.81965588097037,28.76115020868614],[-13.819520793696311,28.761213143929588],[-13.819420234231394,28.761371552010417],[-13.81948698393886,28.76156721604724],[-13.81945876142724,28.761646833918093],[-13.819380595928704,28.761642820624356],[-13.819262344685345,28.761549368733643],[-13.819188005157496,28.76156215768151],[-13.819187666013507,28.761650529980866],[-13.819127917466774,28.761670070942245],[-13.819072890379962,28.761608651512557],[-13.81883216019176,28.761593550925795],[-13.818777727160759,28.761614022673907],[-13.818797783887074,28.76172481148816],[-13.818738129526327,28.761735977665367],[-13.818552054555084,28.76165883648431],[-13.818541588397235,28.76159867290136],[-13.818460779197867,28.76156748800703],[-13.818181818507037,28.761531122392753],[-13.81807084801684,28.761606108222285],[-13.818150708915582,28.761819658271474],[-13.818004765397706,28.761798742684036],[-13.817878547273155,28.762016112660113],[-13.817874821409237,28.762103164686724],[-13.818049649601774,28.762305839880295],[-13.81807942030185,28.762427110839763],[-13.818255154387929,28.76248034460826],[-13.818214037988527,28.762755218963672],[-13.818072438881766,28.763134051603327],[-13.81808078908134,28.763371100572847],[-13.817990307848618,28.763587339146174],[-13.818028330242111,28.763819873330988],[-13.818083502350026,28.763886646418175],[-13.818250787025896,28.763904571752402],[-13.81830984614057,28.76396818381096],[-13.818265952768293,28.764042176961905],[-13.817430671864505,28.764461726532254],[-13.817395953822404,28.76452856144204],[-13.817462289472253,28.76473896998124],[-13.817349387681391,28.764810472506145],[-13.817286380011339,28.765060741508545],[-13.817157084322776,28.765219897914204],[-13.817045285818239,28.765240733084394],[-13.816898985270972,28.765192953970242],[-13.816853076055864,28.7652348532528],[-13.816756307069625,28.7651545836516],[-13.816616067576131,28.765121586513594],[-13.816634654396678,28.765090133889288],[-13.81649145833931,28.764999637984168],[-13.816286879138126,28.764975318733896],[-13.816117624628415,28.765131813553204],[-13.81574680978905,28.765286830336137],[-13.815715693311908,28.765430095009688],[-13.815642204899747,28.76547608422831],[-13.81527850397849,28.76552343678108],[-13.815280072915323,28.76580894593977],[-13.815235000785465,28.76589272909986],[-13.815148643960399,28.765924471663244],[-13.814765141119723,28.765936549977855],[-13.814561402095594,28.76589577342424],[-13.81441614072189,28.76598807243528],[-13.814293558941495,28.765947872265947],[-13.814222309739632,28.765813817830562],[-13.814067830258196,28.765706758321006],[-13.81379376814364,28.7652182891631],[-13.813460023610435,28.76494632521524],[-13.813324550096377,28.764984702013976],[-13.813382133483977,28.76518579366555],[-13.813316951958926,28.765221746296643],[-13.81315399015881,28.765140315138854],[-13.813079667056547,28.765151367949215],[-13.813030080384221,28.76522846811596],[-13.813097620494457,28.765447553416596],[-13.813259147209273,28.765713808875027],[-13.813260245038231,28.765801462583262],[-13.813195243833146,28.765857651305872],[-13.813103532877161,28.76583387641939],[-13.812799615752096,28.765684934141223],[-13.812745591941303,28.765574847924114],[-13.81271394848277,28.76479783099656],[-13.8127616580497,28.76463680682484],[-13.81256354060894,28.76428429992935],[-13.812537800939678,28.76406804564301],[-13.812641844387272,28.76370795055425],[-13.81274863172965,28.76371350989569],[-13.81283197016352,28.763618935683517],[-13.81278450142353,28.76349808580793],[-13.81269643341979,28.76357615639812],[-13.81256145278278,28.763386532226498],[-13.812559932105575,28.763271131197996],[-13.81272615685734,28.76279245833348],[-13.812943874112232,28.762564038183573],[-13.812964448815864,28.762472820345057],[-13.812925112847493,28.76239723133129],[-13.812849968630323,28.76239412526941],[-13.812808489956135,28.762334113010276],[-13.812831771907208,28.76204348825685],[-13.812979427492577,28.761844217625796],[-13.812780603253158,28.76139886214424],[-13.812809367113902,28.761289945568507],[-13.8128991995573,28.761211448103392],[-13.812818768737811,28.761165109816602],[-13.812929773085438,28.76073980489183],[-13.813075272267332,28.76059696802232],[-13.812953830207462,28.760525432092223],[-13.812889579856527,28.760399678493233],[-13.812756171759416,28.760285004907384],[-13.813021463713552,28.760214556113546],[-13.813093291203359,28.76016304824708],[-13.813115215300325,28.76006837650216],[-13.812998674977385,28.759766415073546],[-13.812937750840693,28.759716051491356],[-13.812694535741928,28.759707425436407],[-13.81258817855173,28.759809017589465],[-13.812446262139304,28.759848916463],[-13.812347771762765,28.759794774808924],[-13.812408563812399,28.759588946970506],[-13.812493741664673,28.759523423222515],[-13.812517573337978,28.759310916720132],[-13.812749825691965,28.758934195212102],[-13.81272768208719,28.758834650765216],[-13.812851288977013,28.758830538247086],[-13.81276168158357,28.758708298252245],[-13.81284928560045,28.75869982608733],[-13.812994646505494,28.758529127062737],[-13.812886730054416,28.758316040652534],[-13.812763005181708,28.758301668478595],[-13.81253125376216,28.758091266254723],[-13.812354961390277,28.758088272866917],[-13.81211928189303,28.75798612030698],[-13.812094413916505,28.757942733952195]]],[[[-13.818159796311264,28.737383164608186],[-13.818065251038888,28.737364919250812],[-13.818007703378774,28.737295679569332],[-13.817695592331665,28.736534962144333],[-13.817502884951232,28.736497906617096],[-13.817281378681535,28.73662491312579],[-13.817067498387274,28.736500298009464],[-13.817081337672098,28.736337106660997],[-13.817176631748557,28.736284221978668],[-13.817150440931872,28.736176691266984],[-13.81742459390938,28.73607020867929],[-13.81737710348587,28.736010009792512],[-13.817386548969468,28.735927781854176],[-13.817488573992122,28.735742681290933],[-13.817614873423388,28.735631592672856],[-13.81773156701273,28.735638813579854],[-13.817723877877956,28.735757889087317],[-13.817877209043742,28.73591618857991],[-13.817867884419833,28.736064130695265],[-13.8180021071864,28.736249853252133],[-13.81800430720402,28.736374637983236],[-13.818185746811828,28.736412036533547],[-13.818260543905435,28.736579044373595],[-13.818415765355123,28.736645960769767],[-13.818513913188157,28.73663064525539],[-13.818544024718022,28.736673787525916],[-13.818356995739595,28.736958362647773],[-13.81832227496992,28.73723749089831],[-13.818159796311264,28.737383164608186]]]]}},{"id":"38","type":"Feature","properties":{"categoria":"Parque Natural","nombre":"Pilancones","codigo":"C-10"},"geometry":{"type":"Polygon","coordinates":[[[-15.598149177128493,27.92960021231628],[-15.597971123671732,27.929661945600206],[-15.597645032867256,27.92900077098086],[-15.597508204555288,27.928929572036335],[-15.597426231323656,27.92872007433713],[-15.597111433777435,27.928548118916282],[-15.59699921236335,27.928367774250006],[-15.596911228209084,27.928395886899978],[-15.596929363223522,27.928488959095855],[-15.596720469004458,27.928335031248498],[-15.596538096946245,27.928331921566343],[-15.59636390478271,27.928256270433806],[-15.596279346977855,27.927990165123013],[-15.596080370897104,27.927943074386643],[-15.596000047018643,27.927855741622444],[-15.5959061186404,27.92786741389327],[-15.59568997183981,27.928069689722957],[-15.595567476906837,27.9281209247868],[-15.595491361285767,27.928118942966588],[-15.595473201313542,27.927950611599904],[-15.59540863247791,27.927919115300497],[-15.59511186774303,27.928039835698275],[-15.594825916114893,27.92823476582458],[-15.594155451679802,27.92820617325721],[-15.593618519744727,27.92833442585582],[-15.59333293299553,27.92835486617845],[-15.592973161753225,27.92822440303938],[-15.592619900357914,27.927975475135884],[-15.591343378630999,27.927560948007258],[-15.591025484676628,27.9275946657252],[-15.59025523910523,27.927551027824414],[-15.590198395777097,27.927504474821202],[-15.590201046466758,27.92703447536935],[-15.590111909524556,27.926820526331124],[-15.589634237200103,27.927219359285353],[-15.588410993093895,27.927694632976824],[-15.588306998858494,27.92782208885121],[-15.588301110420401,27.92806729066745],[-15.588233084589843,27.928136548440957],[-15.587892748275394,27.928313308324526],[-15.587687874346942,27.92850564796441],[-15.587124761803663,27.928731732741447],[-15.586888027729753,27.928559989673353],[-15.586646579749722,27.92859741569886],[-15.58646775629682,27.928513683403494],[-15.586195598106908,27.928525530156268],[-15.585599398466133,27.9283365469481],[-15.585187507626834,27.928611855649336],[-15.584472229498367,27.928777516621775],[-15.584388236328989,27.928611069812856],[-15.584278818447276,27.92855505131537],[-15.5837108501617,27.928656252518575],[-15.583440031931739,27.92861493643166],[-15.583135586494928,27.928640644175687],[-15.583045523250238,27.928554789331585],[-15.58305508456386,27.928003164285375],[-15.58298312188802,27.92780530539762],[-15.582644132360345,27.92766606109623],[-15.582513939876314,27.9275262218881],[-15.581889160821232,27.927312347207906],[-15.581428693641422,27.927019935172382],[-15.581003522580458,27.927002375194427],[-15.58073935955656,27.92704913045679],[-15.580493455410842,27.926678393695806],[-15.5800505922228,27.92645349792936],[-15.579850555852364,27.926388767126387],[-15.579105767157841,27.926294705488186],[-15.578972246257452,27.92612988069739],[-15.579174293682005,27.925971462612004],[-15.579177819452978,27.925839723846106],[-15.57910630560048,27.925724477225334],[-15.578579340167783,27.925400848366458],[-15.578163339499254,27.925216428579148],[-15.578487985015382,27.92510932160352],[-15.578604514356304,27.92494841993791],[-15.578770958356204,27.92488543340993],[-15.579500769106799,27.92495900521646],[-15.579637347960395,27.925013225233393],[-15.579908940303644,27.925247238884204],[-15.580442040870919,27.925120599456413],[-15.580821039522755,27.924704024446797],[-15.580776319550225,27.92451355993983],[-15.58063804472759,27.92431310861505],[-15.580819107553173,27.92422848315161],[-15.580869359371835,27.924122924579528],[-15.581190545837547,27.923995370380755],[-15.581298261689742,27.923745766918255],[-15.581664602764885,27.92373808194784],[-15.581887550923408,27.923599295945433],[-15.582068042703078,27.923560258296508],[-15.582667081995396,27.923621457158124],[-15.58286034590131,27.92338674645468],[-15.583076812555653,27.923214766117766],[-15.58348235717656,27.923032235337654],[-15.583542164920715,27.922605991521564],[-15.583719804770292,27.922452680287897],[-15.58380133945767,27.922173937919496],[-15.58402892354993,27.922142461466727],[-15.584266059203213,27.92195946880947],[-15.584589499889061,27.921931737302447],[-15.584767570148463,27.921821121249444],[-15.584881928489281,27.921693533678194],[-15.58495769767636,27.92138276878571],[-15.58506344662425,27.921279590886662],[-15.58563394207829,27.921194568368612],[-15.585829507879733,27.920955239909343],[-15.585923312557977,27.92091773942099],[-15.586538138919098,27.92083703818049],[-15.58681062202297,27.920557661425395],[-15.586885830259263,27.920219455391607],[-15.587020765287038,27.919950955095196],[-15.587438627128957,27.919531217470162],[-15.587670925874177,27.9194707378525],[-15.588705110664637,27.91951236048298],[-15.588827690535894,27.919459208388524],[-15.589871178273992,27.918200062831882],[-15.58977277173548,27.917782076469187],[-15.589412581282264,27.916952309080415],[-15.589085004102484,27.916645072396292],[-15.589145643659185,27.916339425035577],[-15.58951149882692,27.916171941215932],[-15.589572686822784,27.916061367757134],[-15.589588871748369,27.91586017386963],[-15.58944942073782,27.915481179440413],[-15.589580393576927,27.915027727470953],[-15.589732255804245,27.914697316120886],[-15.589631092051032,27.914632121815593],[-15.589459421677219,27.914608031786457],[-15.589246799825755,27.914415670270603],[-15.588699127875314,27.913622630178875],[-15.588570100531873,27.913309578539653],[-15.588251961465843,27.913072620687363],[-15.588000851212614,27.912996871616535],[-15.587616083449795,27.91276597397201],[-15.587574917199133,27.912613771354877],[-15.587606529101803,27.912464778937316],[-15.587805113034332,27.9121294761804],[-15.587805044315605,27.911928803057563],[-15.588041306760138,27.911495665497114],[-15.588018539287944,27.911419663834646],[-15.587883732162041,27.911314802037946],[-15.587878093110195,27.910986057466744],[-15.587817731162424,27.910948491258964],[-15.587905348856223,27.910726952363675],[-15.58774051251089,27.91053718281572],[-15.58769912690692,27.910419464814613],[-15.587377531351509,27.910255549092312],[-15.587146216776732,27.910043042954573],[-15.587122024331256,27.9093265710441],[-15.586956421641744,27.90874944878328],[-15.586991480323578,27.9082224749886],[-15.58663483157471,27.907963831366484],[-15.586676522676033,27.90779954026778],[-15.586538581310924,27.90760234262574],[-15.586244037966484,27.907365279270195],[-15.585956360917645,27.90670499315405],[-15.585720675722412,27.906358269215044],[-15.585658845055828,27.90536807266001],[-15.585559572102486,27.90527452185243],[-15.585511355825002,27.90511404336647],[-15.585650819101524,27.904858884947828],[-15.585576324807382,27.904158513671966],[-15.585603047439028,27.903573169540564],[-15.585728334206328,27.903327549767297],[-15.586387142132272,27.90250824167165],[-15.586430640507109,27.902057511117125],[-15.586638736679339,27.90179303242709],[-15.58653964471821,27.901638367615377],[-15.58637476972094,27.901513772261787],[-15.586304205933553,27.901335605539856],[-15.586292349609648,27.901058792993158],[-15.5864394245443,27.900953993808024],[-15.586444113276213,27.900900171983505],[-15.586293658674958,27.900566446109725],[-15.586270650165128,27.900331928084157],[-15.585949995132827,27.899846186131832],[-15.585980330444102,27.899479283566745],[-15.585475717133304,27.899002988500044],[-15.585212583323244,27.89844234564745],[-15.585096372274437,27.89829650870487],[-15.584818550230104,27.898140434629475],[-15.584282110214549,27.897941404010638],[-15.584281855688628,27.8977615839465],[-15.583959555443307,27.89749247792399],[-15.583889771668934,27.897299375551892],[-15.583764220085417,27.89720356945039],[-15.583520246075222,27.89714755087552],[-15.583324815699692,27.89693533696621],[-15.583151658092872,27.896715517927646],[-15.583113063834773,27.896494840562596],[-15.582752208944235,27.896227284883633],[-15.582612297028495,27.895904631470177],[-15.582083822654008,27.89511021646855],[-15.581701809552266,27.894772136717798],[-15.581580693414207,27.894514876894927],[-15.581543909035233,27.894048462662518],[-15.58148361626713,27.893888574969797],[-15.581253198340866,27.893740056812835],[-15.580855392024004,27.893639636399453],[-15.580698006433527,27.893296634987312],[-15.580659908023963,27.89308772610698],[-15.580723409570131,27.89295439802719],[-15.581012092896994,27.892655465271158],[-15.580333827772524,27.892109379904184],[-15.580080919241729,27.891686167094164],[-15.580112900317094,27.891414946360115],[-15.579632087549586,27.890855297901787],[-15.579547368193504,27.89062934272075],[-15.579600270813623,27.890489921189403],[-15.579901897232489,27.890084686363995],[-15.579975222664352,27.889545274687023],[-15.579969797173543,27.88942325003156],[-15.579670065467326,27.888638784846986],[-15.579878974851246,27.888013676601368],[-15.579676935440581,27.887773139429253],[-15.579633918793458,27.887155048503118],[-15.579684603679798,27.886733085347657],[-15.579954679579991,27.88607152064209],[-15.58034990934896,27.885389207706403],[-15.580606351187662,27.88518230814851],[-15.580542557401117,27.884821940715224],[-15.580606847902523,27.88447547738976],[-15.580579300441798,27.88397738295477],[-15.580380513733184,27.88284043312011],[-15.580517867089007,27.882687837008156],[-15.580911922489543,27.882549866747606],[-15.581076699183356,27.8823391097158],[-15.580890516163695,27.881736787728034],[-15.581054032832215,27.88079528495809],[-15.580999407861878,27.88055367669613],[-15.58092404633647,27.880443050046487],[-15.580916255208356,27.880201424952407],[-15.580709015475039,27.87963114745811],[-15.580700319728855,27.87902934111731],[-15.580622627052858,27.87872897246733],[-15.58071035082547,27.878395860677692],[-15.580753179895037,27.877873818181058],[-15.580977426552842,27.877424402496786],[-15.581006634594521,27.87718668364901],[-15.580673121656913,27.87655826099806],[-15.580671952042579,27.87609128902216],[-15.580747490280602,27.875835681774372],[-15.580616620490021,27.875735579606143],[-15.580540220134337,27.875543712220686],[-15.58048785061156,27.87520992634019],[-15.580536990350458,27.87497600530353],[-15.580481458529444,27.87465875247767],[-15.580272367005138,27.87431037010694],[-15.580123452389195,27.873968956013478],[-15.580112830888371,27.873824836300198],[-15.580233446604137,27.87365967272056],[-15.580741021920009,27.873327501716822],[-15.580789236485195,27.87301558942042],[-15.580958753998152,27.87283920606722],[-15.581051263336505,27.872642474697148],[-15.580989847166663,27.871907738664923],[-15.581082383143839,27.871506721546545],[-15.581092380504908,27.870924424813598],[-15.5812634706754,27.870282050177007],[-15.581094366145857,27.86994478424117],[-15.581150232824958,27.869601515051148],[-15.581279108173144,27.86927211085316],[-15.581190915207287,27.86886842478785],[-15.581251870645994,27.86854616746059],[-15.581210393512084,27.86815934589623],[-15.580902310925264,27.86791338860387],[-15.580825168228268,27.86767656873684],[-15.580633104715966,27.867718992846804],[-15.58048740251046,27.8676547907895],[-15.580364651283976,27.867360659269],[-15.580018196457344,27.86690867991573],[-15.579977093101462,27.86647662993906],[-15.580004080605583,27.866241628438498],[-15.579788179109613,27.865755427837335],[-15.57977050159466,27.86518227418797],[-15.579939744160223,27.864841688165438],[-15.58048327505113,27.8641924215132],[-15.580555572506864,27.863692190176298],[-15.580452477262988,27.86334977046772],[-15.580043410996376,27.86290672036334],[-15.579795327008503,27.862765945790112],[-15.579893478232032,27.862580746104452],[-15.580232180076406,27.86236167565228],[-15.580214689275483,27.861537744942545],[-15.580479592378484,27.861289736097078],[-15.580618748334127,27.860984842977356],[-15.580322361538519,27.860375218340547],[-15.58031900439586,27.860164446919953],[-15.580390205179594,27.859897212529546],[-15.580625107729087,27.859528725967635],[-15.581118375859786,27.85898312012246],[-15.581850665602124,27.858500327051285],[-15.58199209729289,27.85835664904153],[-15.58202286894939,27.85827978785896],[-15.58179436816793,27.85803864166932],[-15.581670936840371,27.857824946224945],[-15.581658127128723,27.857232814571447],[-15.581783150344295,27.85702186287639],[-15.582065090246532,27.856885626406875],[-15.582454127152696,27.85628250074308],[-15.582959435716278,27.855903570269867],[-15.583069537487447,27.855733032142382],[-15.583084343832255,27.85567185527635],[-15.583027362798864,27.855576678353497],[-15.58267244756423,27.85524687868755],[-15.582743123614224,27.85501611518849],[-15.582885229129252,27.854828561104647],[-15.582834409306834,27.854593887456563],[-15.582855491678613,27.854452793166224],[-15.583304057983403,27.853759321848976],[-15.583212709974301,27.8532393788087],[-15.583415797580859,27.853003451270826],[-15.583480840657845,27.852783453569245],[-15.583673127598242,27.852446466405794],[-15.583607523943035,27.85212537468602],[-15.583632013184998,27.851937956164107],[-15.583890380026453,27.851309741646133],[-15.583972857351933,27.851216321892004],[-15.583952445482952,27.850989283256705],[-15.584248440295816,27.850276323655372],[-15.584344499053083,27.849855789707888],[-15.584662653510247,27.84963977450878],[-15.584677523376435,27.849155220161006],[-15.584834667012451,27.848933116297626],[-15.58487432776879,27.84795836851886],[-15.585150896731426,27.847356343554306],[-15.585210696713744,27.847144672219976],[-15.585229897012756,27.846786209725053],[-15.585522217119207,27.846451594037156],[-15.585736333030134,27.845908690378934],[-15.58596489775854,27.84573033492102],[-15.585916359666397,27.845504860216227],[-15.58608162944542,27.845076628683202],[-15.58601567314509,27.844765920613956],[-15.585859278867435,27.844577825206592],[-15.585874577162901,27.844438650590902],[-15.586159760850288,27.844100452934384],[-15.586480360840094,27.84381419132431],[-15.586980748332081,27.843421004119676],[-15.587102513569448,27.84339060601001],[-15.587157894767964,27.844290647331896],[-15.587081429709748,27.84481642978892],[-15.587188018032036,27.845509114207847],[-15.587280230694475,27.845704730066952],[-15.587356266444854,27.846788459410952],[-15.587331738839335,27.84709180648565],[-15.58714515852847,27.847598278765172],[-15.587144532407335,27.847813914829075],[-15.587052135351371,27.84797665361612],[-15.5870319057609,27.848233410845623],[-15.587090921814275,27.848419906019572],[-15.586960440137128,27.84887341126316],[-15.586970527507491,27.849056801600376],[-15.58708429954714,27.84924206179303],[-15.587123053643282,27.84952832175528],[-15.587108008560504,27.849902898280824],[-15.587022123839558,27.85015877930047],[-15.58702695631903,27.850694037061594],[-15.587206989020334,27.851293834156788],[-15.587295139008766,27.85185040253293],[-15.58768562355183,27.852481367596997],[-15.587780651235862,27.85280594276805],[-15.588133055180418,27.853004050939095],[-15.588327057122239,27.852818057489454],[-15.588235664792151,27.852595285239442],[-15.588251502359448,27.852338122462513],[-15.588124837031133,27.85201556012702],[-15.588150606311732,27.85173929853833],[-15.588319257816746,27.851342961516597],[-15.588325619418796,27.8510162211508],[-15.588428459016344,27.850861236562036],[-15.588438119082968,27.85057363317333],[-15.588800405065646,27.850346036980934],[-15.589052754062779,27.849862120818717],[-15.589124389018666,27.849405976291298],[-15.589062387801167,27.849058728959406],[-15.589112762802305,27.84890843628713],[-15.58921966542171,27.848814250163755],[-15.589406374474102,27.848753791836103],[-15.589557701054563,27.84855093552973],[-15.590523311694888,27.848319464908965],[-15.590597748140915,27.848231771831735],[-15.590607024650291,27.84808440782479],[-15.590523518346078,27.847667635209817],[-15.590760512409801,27.847531275612806],[-15.59125554214115,27.84745333575637],[-15.591376216113229,27.847382180612303],[-15.591415953933105,27.84706902739143],[-15.591324173113556,27.846782345928684],[-15.591374884090348,27.846567434106305],[-15.591450381628801,27.846466005610186],[-15.591710969742296,27.846366229917237],[-15.591856457380397,27.846256566138983],[-15.591959812367833,27.846018670664918],[-15.591912622496366,27.845766977369315],[-15.59195926228298,27.845558212268475],[-15.59231343642834,27.84512800759533],[-15.592555606686687,27.84498873402209],[-15.592901391472681,27.844510611244424],[-15.593357021547172,27.844301974575284],[-15.593681939423412,27.844289888919324],[-15.59410578297471,27.84391411203153],[-15.59489572377932,27.8435697055681],[-15.59523895250489,27.843370195310804],[-15.595481777723375,27.843411765276517],[-15.59571933043437,27.843588684712817],[-15.5958673483382,27.843883985209466],[-15.596022614502488,27.844048549035417],[-15.596205719554328,27.844460419595663],[-15.596214954389346,27.844663456126348],[-15.59613561215324,27.84483336626483],[-15.59588161840927,27.84500849909294],[-15.595617371570754,27.84532957369922],[-15.595459416771003,27.845595285617485],[-15.595430674234892,27.8457772630499],[-15.595586390649341,27.846023864755633],[-15.59585682611874,27.846210463514435],[-15.595952663975705,27.84650152059342],[-15.596202012542344,27.846754072314404],[-15.596195514713749,27.847229871030972],[-15.596151600357938,27.84740078354916],[-15.596303889120762,27.847703286669237],[-15.59635134179283,27.848060415055695],[-15.596025881389618,27.848331915632475],[-15.595884002672255,27.848625885932478],[-15.595440786860287,27.849265184058538],[-15.595304350616416,27.84939576469768],[-15.595188059896739,27.849823217678054],[-15.594630357872612,27.8501803557675],[-15.594480180607519,27.85041383288178],[-15.594416643532595,27.850682178871853],[-15.594527555313766,27.850876688915942],[-15.594615266565492,27.851197111166385],[-15.594882133236334,27.85150187515741],[-15.594933646915301,27.85215694766142],[-15.594753133897935,27.852370623740747],[-15.593961185896305,27.852835515529478],[-15.593855603250736,27.85299296231365],[-15.593816770228367,27.853172960603388],[-15.593832003612022,27.85334419546832],[-15.593896143346466,27.853424514366306],[-15.594277341024904,27.853625795719346],[-15.59464617688457,27.853646025320714],[-15.594744336920918,27.85376635022657],[-15.594791631458584,27.854094881338042],[-15.594541786354743,27.85429007939671],[-15.59448546653586,27.854392293478565],[-15.594359145347832,27.855574454652036],[-15.594580042917784,27.85585139649397],[-15.594892940486549,27.856072189235054],[-15.595066053002105,27.85610928473031],[-15.595326711912493,27.856048652828708],[-15.595470008909126,27.855718577354782],[-15.59555827434338,27.855157787137905],[-15.595862381965711,27.85462914050539],[-15.595898474883223,27.854427786134966],[-15.5961474552833,27.853896632674555],[-15.596270507360005,27.853483449012423],[-15.596334265136285,27.852754785716858],[-15.596327184648434,27.852199462142885],[-15.596403280876975,27.852003423235928],[-15.59663919974424,27.851666590904898],[-15.596608153139321,27.851193699106908],[-15.59670819136918,27.851089417432103],[-15.597099761879903,27.85087468120534],[-15.597503500896694,27.84996746766697],[-15.597636335356576,27.84980642460521],[-15.597913566782395,27.849596514345247],[-15.59836265123374,27.849584746019126],[-15.598523712456942,27.849533639516192],[-15.598671098810422,27.84920802037489],[-15.59910359611873,27.848835819772688],[-15.599194936462117,27.848572686049216],[-15.599650195596098,27.84812223629709],[-15.599873416003627,27.847699514538395],[-15.599944549971733,27.847304752027597],[-15.600112216620595,27.846801243080513],[-15.600464967811813,27.84626168640418],[-15.601157345720674,27.844756542789575],[-15.601208973967553,27.84436908627966],[-15.601215566846786,27.8437045097379],[-15.60147643502777,27.843013982229223],[-15.601489868657488,27.842647201846177],[-15.601408117655087,27.842378619139637],[-15.601245415890615,27.842137398512975],[-15.600951112639036,27.841452611411363],[-15.600544443180087,27.840839663751215],[-15.600471564580527,27.8401160696127],[-15.600516774511028,27.839296922950318],[-15.600680708609032,27.83867513635798],[-15.600814472611072,27.838383805191636],[-15.600861313301259,27.837894397749928],[-15.601425293020043,27.836863848400323],[-15.60176289901901,27.835588598726666],[-15.601808800729197,27.83551892503795],[-15.601894182723619,27.835504109177382],[-15.602614724072046,27.836491071764343],[-15.602799986197896,27.836967767040875],[-15.602605613656245,27.837782943905236],[-15.60279731888795,27.838340928191666],[-15.60280630790852,27.8388501688823],[-15.602903643984368,27.839141936938482],[-15.602917738760656,27.839516541288052],[-15.602805482473508,27.839817890951633],[-15.602592328484445,27.841292931196314],[-15.60269059605288,27.84196239415977],[-15.602879721648755,27.842757660628425],[-15.602900524437489,27.843397599615376],[-15.60294570781327,27.843491429727443],[-15.60302715077789,27.84352718274916],[-15.603133507107358,27.843484253930047],[-15.603185720874352,27.842609179845315],[-15.603270844646527,27.842194277821708],[-15.603342963797921,27.842013418141505],[-15.60360590410492,27.84166735633052],[-15.60382809344835,27.84106351045096],[-15.603933005997083,27.840382615539987],[-15.603869127236067,27.84005589295043],[-15.603894117264376,27.83995828960287],[-15.60402416786413,27.839969564211724],[-15.604147525825391,27.8400962720042],[-15.604276464965393,27.840401766454427],[-15.604352759977502,27.840831994734128],[-15.604629925617791,27.841319983884844],[-15.60468594518415,27.841785542992692],[-15.60465710400974,27.84223616370771],[-15.60471277133323,27.842931087839524],[-15.604638761118048,27.843089280106913],[-15.60416412402699,27.843587061410876],[-15.604149267979848,27.84369184217309],[-15.60418308008827,27.843756690111988],[-15.60462227580991,27.844017350271997],[-15.60473095199179,27.8441839859212],[-15.604729760571066,27.84435370280813],[-15.604460775365173,27.844690693704706],[-15.604466403248553,27.84485951409918],[-15.60463160315578,27.84517192643492],[-15.604622528403313,27.845495068274637],[-15.604480979157103,27.845814312960346],[-15.604817066394245,27.846383504692707],[-15.60491831380471,27.84702652063438],[-15.605162438586737,27.84730377724572],[-15.605191507566134,27.8477981965199],[-15.605296005613205,27.84794679548329],[-15.605725030759828,27.848329255378044],[-15.605685872620631,27.8485931662313],[-15.605411059700232,27.84888425399924],[-15.605342800205669,27.849025089070043],[-15.605307848998946,27.849318879463976],[-15.605453013350651,27.849533162372012],[-15.605834116838606,27.849741796486555],[-15.605987462271369,27.84987818321323],[-15.606010517612427,27.85016695260136],[-15.605807137370297,27.850559707736583],[-15.605930958913824,27.85088052357247],[-15.606091443210918,27.851076684032442],[-15.60651465485367,27.85137900508095],[-15.606765307397305,27.85147626347353],[-15.607108777878631,27.851542185826293],[-15.607330887839542,27.85147285435488],[-15.607953645405741,27.852235474185374],[-15.608288540264375,27.852163712341486],[-15.608558112054974,27.851930705056883],[-15.608605034900645,27.851745187670662],[-15.608523694162994,27.851412623180963],[-15.608612574379897,27.85129104998347],[-15.609767442967955,27.85096559371727],[-15.61024570300025,27.85096883245192],[-15.610515497730628,27.85109243099398],[-15.610723248404529,27.850989540327046],[-15.610911968490173,27.85097050604354],[-15.61139207962892,27.851100971008346],[-15.611489479897497,27.85125681828842],[-15.611587462519521,27.85116885627573],[-15.611672910389355,27.851163855574953],[-15.611872008188026,27.851372403857674],[-15.612144040125637,27.851488767493986],[-15.612165865713411,27.851439851564514],[-15.612055621819598,27.851312082182297],[-15.612036601356506,27.851165998126405],[-15.611887868099608,27.850955493511677],[-15.611772784972052,27.850457548845444],[-15.611858735274437,27.85010609083267],[-15.6120352205714,27.850037342319176],[-15.612332257172074,27.850103638196238],[-15.612591033575566,27.849867782322963],[-15.612878840363141,27.849737595830053],[-15.61348657403603,27.849662767781115],[-15.614117458082635,27.84937072985666],[-15.61481189842342,27.84914755425952],[-15.615403665999551,27.849086049907886],[-15.615592922541511,27.84952065975113],[-15.615689878089391,27.849395570571183],[-15.6157646126021,27.84909983101149],[-15.616032819428126,27.84926388577063],[-15.61612196526635,27.849466040036063],[-15.61644051009221,27.849404216322284],[-15.616602141176035,27.849423137326433],[-15.617096369713844,27.849722355057846],[-15.617819772940384,27.849943858990503],[-15.618322107453706,27.850238720947385],[-15.618594529604636,27.850480439773005],[-15.61878359156517,27.850522055962774],[-15.618807433106802,27.85042806621527],[-15.618694928635051,27.850218119724296],[-15.618579504801199,27.849779996763075],[-15.618423579986992,27.84947809504439],[-15.618233219710726,27.848863365461657],[-15.617843746199014,27.84812402207366],[-15.617732661647581,27.847504314712786],[-15.617784363407244,27.84725116819566],[-15.617889298680426,27.84712995053437],[-15.61794193447067,27.847127692741864],[-15.618082685566847,27.847276272953298],[-15.618285111960494,27.84732591842081],[-15.618555119448667,27.847487053498785],[-15.618863992736186,27.847824937792282],[-15.619070335363663,27.847852177073],[-15.619555735211502,27.848195631858612],[-15.619791699936764,27.848256101563386],[-15.619978044190388,27.848249044705415],[-15.619696905088663,27.847988455674646],[-15.61949593770055,27.847541753492298],[-15.619117141927822,27.847166766610044],[-15.618641022566395,27.846879164975807],[-15.618499447476218,27.846442160950218],[-15.61819569780578,27.84623322438204],[-15.618028332171209,27.846029598222373],[-15.61770056624639,27.845883452975002],[-15.617561881024464,27.8456688651967],[-15.61716845803187,27.845610395793326],[-15.616574216240071,27.84537632279515],[-15.61651874942222,27.845280087858526],[-15.616524454887092,27.844880996762065],[-15.616436796084898,27.844608983437],[-15.616258835472905,27.84440208033143],[-15.616190543845466,27.84416406705946],[-15.61585940168105,27.843821500375388],[-15.615783697146265,27.843335226626117],[-15.615581986448618,27.842863976497334],[-15.615607215983864,27.84229607964895],[-15.615732952882155,27.841542721718596],[-15.615574284476159,27.841125433610667],[-15.615562430155544,27.840982784346828],[-15.615612231459925,27.84068401431164],[-15.615772882221517,27.84053164048941],[-15.615793141265886,27.8403462395169],[-15.615773535726115,27.840097031533467],[-15.615626612710289,27.839802749923265],[-15.615548412955096,27.83924788906319],[-15.615518474486732,27.83871694262534],[-15.615652096895182,27.838560491813286],[-15.615665060366894,27.838345586308975],[-15.615566259888556,27.837919003666492],[-15.615586505987295,27.837738513518833],[-15.615456319654227,27.83749774248534],[-15.615392457809708,27.837212189498665],[-15.615391070243287,27.836933868579077],[-15.615431006401625,27.836812653608046],[-15.615698009164658,27.836446907748588],[-15.61637780615929,27.83578597019957],[-15.616691841003627,27.835693284284595],[-15.617030203988326,27.8351908699539],[-15.61716111425208,27.835150276067726],[-15.617420410772496,27.835236788779305],[-15.617498654914462,27.835192097080416],[-15.617593116561977,27.835002175144567],[-15.617542515090816,27.834673955305966],[-15.617619561661808,27.83450750980154],[-15.617784086132254,27.834499696209253],[-15.618153515471077,27.834664143055935],[-15.618739698728968,27.834704702883975],[-15.61921763092398,27.83455724860574],[-15.618726876674883,27.834370536732848],[-15.618526644302312,27.83413051577868],[-15.618366536548317,27.833717145671457],[-15.618262535903506,27.83365694863355],[-15.618087310191774,27.833672023446375],[-15.617783467093489,27.833497461228145],[-15.617675343584127,27.833397706868062],[-15.617542309368485,27.83312728694956],[-15.617816169269696,27.8328311783829],[-15.617880371899815,27.83281771127743],[-15.618018530177673,27.832486877132666],[-15.617977374209897,27.832427842830946],[-15.618033618084974,27.83228221669112],[-15.618055553301705,27.8318522784047],[-15.618020963065552,27.831806791649466],[-15.618112054721884,27.831648226906022],[-15.618155571278685,27.831439322719927],[-15.618139803180512,27.830606289193263],[-15.618193504938224,27.82990828060025],[-15.618110870216487,27.82965763065488],[-15.61812537746528,27.82874833477277],[-15.618365902692299,27.828417077882563],[-15.618591739744193,27.828335904380822],[-15.61901307126305,27.827711642913208],[-15.619048350044489,27.82754755033493],[-15.619237112566504,27.827371647852456],[-15.619318834936063,27.827196658643082],[-15.619287688735694,27.826836431551758],[-15.6193562481601,27.826632325365367],[-15.61966545461056,27.826323867773162],[-15.619881048197819,27.825527204168687],[-15.620238155333938,27.82515425637393],[-15.620335629902227,27.824982228927137],[-15.620320467988648,27.82477286539701],[-15.62020131000316,27.824420544474137],[-15.620267383539261,27.82423695882962],[-15.620443720822205,27.823991492546018],[-15.620253009948097,27.82351238977246],[-15.620373088876425,27.82334098290621],[-15.620482805655424,27.822979400742053],[-15.620453595580898,27.8227315359749],[-15.620277078260175,27.8225126424279],[-15.6202399880833,27.82190719024356],[-15.620357912201317,27.821617789093455],[-15.62051026807583,27.821441181817832],[-15.62041457034138,27.821149996180548],[-15.620607656995995,27.820683323319862],[-15.620656970054531,27.82009900365354],[-15.620912351594793,27.819453202773552],[-15.621076420676724,27.819180248698803],[-15.622063168753117,27.8182115540277],[-15.622181829181686,27.817967347311836],[-15.622332018506617,27.81735512958929],[-15.622605899397717,27.817093152373097],[-15.62300887193435,27.81785688039941],[-15.623192813850766,27.818434082126014],[-15.623533919982975,27.818906146921762],[-15.623625560761509,27.81933918458354],[-15.623919277438617,27.81990751205278],[-15.623936092898633,27.820032084052446],[-15.624003119355951,27.820162351007184],[-15.624116253583578,27.82023059106368],[-15.625108010190855,27.82032217253251],[-15.625677035501699,27.819718941616213],[-15.625879756978321,27.819410555506348],[-15.625862466800418,27.819033566547574],[-15.6260494130412,27.818541908659885],[-15.626568584500953,27.81810543442667],[-15.627295119025394,27.817763975866704],[-15.627566051159281,27.817683305213553],[-15.628236239805863,27.81796109484022],[-15.628800269947956,27.818298944312883],[-15.629023471127297,27.81851593525585],[-15.629932850544677,27.818770871086507],[-15.63033086535325,27.818982638915983],[-15.630730492884974,27.81931509218529],[-15.630987522490004,27.819621926736794],[-15.631271029374176,27.820029834892754],[-15.631372002533665,27.820318966500633],[-15.631472546357042,27.82097252888411],[-15.631608964067944,27.82133308401176],[-15.63162552770328,27.821616101854783],[-15.631538567213969,27.822169687630637],[-15.631334934709283,27.8224415257286],[-15.631577176493975,27.82257763158397],[-15.63204130043264,27.823033368250194],[-15.632179874871094,27.82308184189111],[-15.632451991075664,27.82308122758952],[-15.633058730182888,27.82401827040864],[-15.633274701523927,27.823878260864458],[-15.634365561505138,27.82365768321545],[-15.634771967277215,27.82370149304927],[-15.635187862472778,27.823456658010343],[-15.635599885888473,27.822669394269788],[-15.635936320156732,27.822310818787532],[-15.63614910695935,27.821747623640576],[-15.63619870131779,27.821250176121186],[-15.636375442133705,27.820948574832993],[-15.636463705491254,27.82053571451572],[-15.636600800359332,27.82026110650276],[-15.636650029727788,27.819980042819406],[-15.636712800906178,27.81987955127786],[-15.636727018419649,27.81960153770729],[-15.636846621311507,27.819322406213082],[-15.637023032588582,27.81919132972995],[-15.637389568785322,27.818739270410678],[-15.637812797423486,27.81846785371784],[-15.638201647327595,27.818082219791226],[-15.638664367349575,27.817376950449685],[-15.638737990589663,27.817167422193325],[-15.63920830991089,27.81667227855051],[-15.639511818101287,27.81654593660622],[-15.639531083873816,27.816420332939114],[-15.639724605051741,27.81604318209819],[-15.639993103862993,27.815677960537847],[-15.640309819272847,27.815477496353427],[-15.640992193031268,27.814766867543675],[-15.641483614988609,27.8149637441732],[-15.641606305928073,27.815140396542045],[-15.641899625522255,27.81532001109655],[-15.64215738058552,27.81575688553172],[-15.642505588346088,27.815987951394774],[-15.643012219360498,27.816117896128457],[-15.643234006681714,27.816544148382434],[-15.643598463163025,27.816721649473756],[-15.644063627767801,27.817091546318],[-15.644496988387623,27.81724695898054],[-15.644649894508845,27.817446297289475],[-15.64537481181514,27.817205919801616],[-15.645615568472039,27.817038513151225],[-15.645932207664199,27.81672333679264],[-15.646164696385686,27.81660029147919],[-15.64629661632078,27.816639845217058],[-15.646454309318473,27.816796722192517],[-15.646697008822851,27.81694056281019],[-15.647000191075886,27.816925060175482],[-15.647160452756578,27.817103950677524],[-15.64779465794627,27.817235500461706],[-15.647650309291834,27.818118316378012],[-15.647986584659737,27.81877507494419],[-15.647914977327396,27.819191384643343],[-15.648021711524683,27.819491047410715],[-15.64841472293219,27.819416668833146],[-15.64870944369016,27.819421639696102],[-15.64893249340168,27.81963180113847],[-15.649231511203347,27.819442440104506],[-15.649488497048385,27.8194636190353],[-15.650122566556629,27.819738393156577],[-15.650331078350186,27.82002497281944],[-15.651148864490153,27.82059842636472],[-15.651296123459918,27.820556423366476],[-15.651468457992829,27.81998992079936],[-15.65154976852012,27.81998004955785],[-15.652942446107941,27.820053903323085],[-15.65324568143304,27.819910290665916],[-15.6535200154103,27.820027158582832],[-15.653906424721942,27.819988317676486],[-15.654102101151764,27.820025575920162],[-15.654364146332442,27.820243334164434],[-15.65458910433427,27.820202457945097],[-15.654850673351133,27.82022216077818],[-15.65511798020837,27.819776844919918],[-15.65555927515023,27.81927446317596],[-15.655969907648533,27.81836735582555],[-15.657133436696666,27.817955229551327],[-15.657237099043012,27.817986936214055],[-15.657279608066188,27.8180994926154],[-15.657206149079519,27.81827987167118],[-15.657369068422064,27.818728379800124],[-15.657584224296995,27.818839202320117],[-15.65777496756852,27.818821232422454],[-15.657830464535495,27.818864876330338],[-15.657803091911362,27.81904862893835],[-15.657888847244413,27.819287901475494],[-15.6579224168937,27.81978189022612],[-15.658103191243793,27.820355004889795],[-15.658427885493742,27.820682778026143],[-15.65855288827974,27.820967730070944],[-15.659263921266392,27.821326426686618],[-15.6592947343781,27.821514207642075],[-15.658834363900077,27.82179197820255],[-15.658480460511864,27.821928189660436],[-15.658331613744474,27.822093943595785],[-15.65824617251266,27.822252408059843],[-15.65826219590487,27.82235525971031],[-15.658029771233629,27.822714277709313],[-15.657765604051184,27.82287441502515],[-15.657676854936268,27.82301494883901],[-15.657283901600744,27.823223064315762],[-15.657175672996674,27.8233528579138],[-15.656869676576108,27.82355463646501],[-15.656649070607203,27.82385741069718],[-15.656353096740755,27.82388582739751],[-15.656104322473196,27.824043432999733],[-15.655967632279392,27.824246147159894],[-15.655937407343043,27.82451522885037],[-15.655829388409327,27.824629701264836],[-15.655588724175113,27.8250779339567],[-15.655624226860256,27.825168290038793],[-15.655528030210656,27.82547275552278],[-15.65532306034887,27.825548365398774],[-15.655276210317517,27.825685358735228],[-15.654937319699702,27.826099355941842],[-15.654818827779362,27.82637768464835],[-15.654835266260331,27.8264638343982],[-15.6547178948235,27.826962854428825],[-15.654656589280107,27.82703809790426],[-15.654338638524662,27.827081012964975],[-15.654278003797891,27.827129324988753],[-15.654357988787977,27.827463105369677],[-15.654279891580357,27.827505108912504],[-15.654294744575953,27.827646936905015],[-15.654189672973532,27.827777886750365],[-15.654224593520992,27.827989652580875],[-15.654191903668249,27.828190581192718],[-15.654278199540645,27.82877064750201],[-15.654410263124555,27.829119012594255],[-15.654205662267668,27.82937427819238],[-15.654352592427857,27.829526267654437],[-15.654337569306247,27.829621954823047],[-15.654251374809087,27.829714296219187],[-15.654026482340065,27.82968638460395],[-15.653882002983856,27.829739968340757],[-15.653743618482137,27.82987190612743],[-15.653661710343934,27.830084902292366],[-15.653318544541532,27.830300335704177],[-15.653134143937281,27.83086053275112],[-15.653110793902806,27.831573790890946],[-15.653198098134958,27.83189194715804],[-15.653183867644485,27.83216093432151],[-15.653061652835671,27.83230091035179],[-15.653093754328061,27.832482890943165],[-15.65289283448431,27.832628565213444],[-15.652775506596125,27.832811541436346],[-15.65270463508269,27.833192977183526],[-15.652517951176346,27.833471220005915],[-15.652572686010332,27.834388032741273],[-15.652657586177856,27.83444681353907],[-15.652684394897245,27.83466407034044],[-15.652783479406848,27.83474115429746],[-15.652896976039452,27.834945868515053],[-15.653318187767502,27.836005607267104],[-15.653283173721922,27.83636505471903],[-15.652914238791444,27.83728008007188],[-15.652894534764094,27.837854608702397],[-15.652964926084085,27.837991389498328],[-15.653263521232047,27.83828215916591],[-15.653343341954697,27.838545167258335],[-15.65359498829742,27.838906434950477],[-15.65375700414747,27.8393164401745],[-15.653213785172126,27.839177998731344],[-15.652917400230528,27.839280550664306],[-15.652575237060493,27.83924428186468],[-15.652385674934084,27.839284175431015],[-15.652278535370009,27.839504547721507],[-15.652154738912936,27.840400484100435],[-15.652234332576992,27.840590039723576],[-15.652428922382025,27.840819782321127],[-15.652413899616736,27.840970354380605],[-15.652274217305232,27.84108829566806],[-15.652323265841593,27.84158369176891],[-15.65276264248774,27.842152402375667],[-15.652839712739107,27.842676606749773],[-15.65321937230574,27.84345055107547],[-15.653243204185546,27.843882261944028],[-15.653292525138799,27.844033982804774],[-15.653277068533189,27.844154379108478],[-15.653152706645857,27.84422461237457],[-15.653189677553279,27.84472881236794],[-15.653089171378461,27.8450907719726],[-15.653180359941864,27.845258615811016],[-15.65366372923019,27.84561021904594],[-15.653735749651787,27.84623615557267],[-15.649631111361044,27.848222334337194],[-15.64967785364274,27.84877177845703],[-15.649495993160345,27.850465228131362],[-15.649326371155798,27.85109395601161],[-15.64893255561056,27.851596455264495],[-15.649010223708881,27.851932893412876],[-15.648993240244572,27.85220207302459],[-15.648970619113248,27.85236024504416],[-15.648840215096962,27.8525793969268],[-15.648614718168362,27.852752912092043],[-15.64814718156971,27.852832526162555],[-15.647724390437435,27.852785115012342],[-15.646761592007719,27.852489785317236],[-15.646663042449415,27.85247753699425],[-15.646610811541473,27.85252095871307],[-15.646612209030112,27.85261956491023],[-15.64684102160669,27.852976870800276],[-15.646911174598669,27.853187705302336],[-15.646750143040052,27.854127357424655],[-15.646812834546816,27.854278801103533],[-15.646990442669063,27.854468621993416],[-15.64705774823875,27.854747065098326],[-15.647024559553447,27.854877636148576],[-15.646700630616497,27.855115161026344],[-15.646515302372826,27.855432052477948],[-15.64629652153793,27.855670970317217],[-15.646285450382019,27.856133348213714],[-15.646102036533868,27.856526933910793],[-15.646114327749101,27.85684924525157],[-15.646231991759114,27.856984029309416],[-15.64631253090162,27.85722298006183],[-15.64658190830387,27.857564749823283],[-15.646485765591029,27.858044578595024],[-15.646414547888236,27.858116985144918],[-15.646331822647243,27.8581192503947],[-15.645929755859825,27.85792166944327],[-15.645612476981395,27.857888057037325],[-15.645029528063697,27.858045762195918],[-15.644752890317461,27.85817921299348],[-15.644703547653826,27.858244439142343],[-15.644812556234964,27.858289715419083],[-15.645323747734134,27.858168022179786],[-15.645509715755187,27.858177262550875],[-15.645260564904504,27.858311019046226],[-15.645066582088672,27.858485247683085],[-15.644772477251445,27.858547285102222],[-15.645468003706075,27.858817302689776],[-15.645865137811803,27.85952230645157],[-15.645856320677225,27.859734666447665],[-15.646039454023875,27.860306924980062],[-15.646371639878941,27.86049964227648],[-15.646240976916284,27.861239316604674],[-15.64629487228122,27.861640167616937],[-15.646158370333936,27.861724425612913],[-15.64613464556968,27.86186190293371],[-15.646186854031823,27.86186872663564],[-15.646252201371466,27.861789135017595],[-15.646299264236806,27.86180522658876],[-15.646336378100132,27.862253666075233],[-15.646217063592138,27.862358795616974],[-15.646195103826805,27.86243765136819],[-15.646247471661983,27.86252951909739],[-15.646472950777122,27.862701639428007],[-15.646655598148781,27.86313581977732],[-15.646967126947331,27.863628469075746],[-15.64702710858478,27.8638220186902],[-15.647102410459024,27.86382787612434],[-15.647143773726171,27.863951317908867],[-15.647135549172242,27.864263045902774],[-15.647440030577735,27.86444403767667],[-15.64747834732261,27.86468029688606],[-15.647444868307007,27.86492989219039],[-15.647966130295552,27.8648810810104],[-15.64879243102858,27.865160865867324],[-15.649024280467469,27.865121933320737],[-15.649177164331626,27.86517162143819],[-15.649255971507657,27.865305285566258],[-15.649386327080808,27.86593108355153],[-15.649620698408246,27.865963921967484],[-15.649706254332067,27.8660537904294],[-15.650002405370982,27.86584152102483],[-15.650524051609068,27.865917778433285],[-15.650714865966002,27.866215712894594],[-15.650963031782622,27.86645921354807],[-15.651011342474794,27.866687047249798],[-15.650993656640251,27.867178062796523],[-15.65086186662933,27.8674564318534],[-15.65084768183361,27.867717491489483],[-15.651099723894987,27.868010658886753],[-15.65083856682884,27.868344234695765],[-15.650645231841224,27.86919629783222],[-15.650401790497963,27.869557809470642],[-15.650308465065269,27.869933200784075],[-15.650160350607363,27.870098319401833],[-15.65013715466449,27.870228509813447],[-15.650173887395283,27.87030696302237],[-15.650405115380558,27.87043098887675],[-15.65058651482156,27.87071598660788],[-15.650878671082998,27.870700354244992],[-15.651190659445353,27.870607156737023],[-15.65132532401522,27.870758041308044],[-15.651486429864962,27.870845962942294],[-15.65183738415699,27.871343315643102],[-15.652121440335836,27.87228528120175],[-15.652494616368452,27.872777182890257],[-15.652584587092289,27.87314477529841],[-15.652569831795978,27.873449023354947],[-15.652423688057347,27.873743204937508],[-15.651977672951682,27.874065669167493],[-15.652078844206603,27.874373268742147],[-15.651994101311955,27.874537701425634],[-15.652353068742753,27.874693157076546],[-15.652718088979267,27.874127884139828],[-15.6528611293188,27.87407521075659],[-15.653266845499681,27.874110408967244],[-15.653134387040687,27.873867809381967],[-15.653130575113853,27.87377423414619],[-15.65327930504028,27.873555867486154],[-15.653432677552175,27.87308876315387],[-15.65377552707017,27.87296436923728],[-15.653897636650258,27.872860519916394],[-15.653881216570126,27.87253836529586],[-15.654068058789647,27.87227966439253],[-15.654089888337012,27.871993725757967],[-15.654211245560157,27.871900143579364],[-15.654590521917939,27.871860926397122],[-15.654975440019133,27.87194909031009],[-15.65514425484362,27.871858739311975],[-15.655272717499429,27.871680032717986],[-15.655541695042418,27.87151598622525],[-15.655975779938736,27.871132173835097],[-15.656097075432978,27.870951207680708],[-15.655982587045044,27.870508339586753],[-15.656143494925553,27.870400981768224],[-15.656325548758259,27.87037743032403],[-15.656430419248213,27.870302980949774],[-15.656569577690632,27.869877104509428],[-15.656983371134924,27.86974154144111],[-15.65723387668362,27.869507231246168],[-15.657394384677742,27.86906478674672],[-15.657728366938219,27.868659067746567],[-15.657742481721051,27.868520343676774],[-15.657674333128801,27.8682429128066],[-15.657937085548586,27.868520056400765],[-15.658102936608111,27.86881806319763],[-15.658277838604787,27.869319317567527],[-15.658286184765425,27.870532162962242],[-15.65839397013882,27.870765342765417],[-15.658560623011017,27.87144210528088],[-15.658889712679208,27.871766936277066],[-15.658853573990212,27.871865035208522],[-15.658356868980768,27.872472044278936],[-15.658225949462498,27.87333937265949],[-15.658132812496342,27.87342427496624],[-15.658131216830519,27.87373342553037],[-15.658331012539508,27.87406278341593],[-15.65834284947592,27.87440763528776],[-15.658429131414689,27.874457350970967],[-15.65891572077584,27.875068140016275],[-15.658868749097927,27.875148958604914],[-15.658548094800441,27.875369027915447],[-15.658433235342674,27.875539277277852],[-15.658454201438031,27.875727230189117],[-15.658383189767362,27.875864492645874],[-15.658482835976216,27.8760543808074],[-15.658479878619325,27.876156654169026],[-15.658369442760259,27.87629925032653],[-15.6580632002023,27.876420303433342],[-15.657954584690266,27.87681048647643],[-15.65788003353443,27.87686655757083],[-15.657844980272367,27.876990035286134],[-15.657462491574451,27.877334456820652],[-15.657202319008801,27.877982950702812],[-15.657042444978265,27.878142075378655],[-15.656892879412323,27.878723448494323],[-15.65677012927751,27.878735172686458],[-15.656561261291614,27.87890340382325],[-15.656350387490615,27.878951348786696],[-15.655953009926332,27.879510826953197],[-15.655573127718602,27.88034791305787],[-15.65503570714902,27.880971352527734],[-15.654758560787831,27.881443252639837],[-15.654299127389159,27.881977943397597],[-15.654245838858639,27.882104124577463],[-15.654263024899473,27.882428116579685],[-15.65421549876712,27.88258342798986],[-15.654043234607615,27.88267406510253],[-15.65355965561595,27.882741985390734],[-15.653254491121423,27.882863763106684],[-15.652988375665009,27.88300882572594],[-15.652619624485217,27.88335288004491],[-15.652710274061645,27.88386591341537],[-15.652711001251564,27.884173554147562],[-15.652549438143994,27.884507690387085],[-15.652497703101634,27.88501219000553],[-15.65240009141041,27.885117366503447],[-15.65186791096258,27.885452171994203],[-15.651512372307822,27.885934817413332],[-15.65139104751922,27.886491731891137],[-15.65127692455689,27.886792242129765],[-15.651071538736867,27.88713895078145],[-15.650856955890472,27.887290084957755],[-15.650895638840675,27.887659562690473],[-15.650867622257085,27.887799524977098],[-15.65018654699675,27.88814522760807],[-15.649792883516284,27.888541207568085],[-15.649471202477441,27.888707829399856],[-15.649155520080312,27.888994573142856],[-15.64886389012054,27.889122091031208],[-15.648846840750322,27.889457600815852],[-15.647736063830155,27.890083023509813],[-15.647576474715057,27.89020823013616],[-15.647454226060706,27.89052689281697],[-15.647379527606505,27.890594838678673],[-15.64690572943047,27.890742363410027],[-15.646793944114172,27.89107658428923],[-15.646759322182275,27.891569491773637],[-15.645506220017332,27.89110410495479],[-15.645046368218782,27.890999918136792],[-15.644803954911545,27.89106938755187],[-15.644666461805516,27.891184765284883],[-15.644446119737054,27.891224070555406],[-15.644215101240523,27.891244829510146],[-15.643885356930227,27.891167653685457],[-15.642906697879308,27.89143563285801],[-15.642172128938759,27.891470922621924],[-15.641861255660357,27.891440775595836],[-15.641170619078348,27.89163825333741],[-15.641056864988784,27.89178285523233],[-15.64086466016899,27.89189053978479],[-15.64077165091325,27.89184854470798],[-15.640459342985148,27.891488459952626],[-15.640342906502,27.891453614577614],[-15.639955669559981,27.89148204289181],[-15.63960928392866,27.89161553680857],[-15.639178206921008,27.892033415830973],[-15.638851546675477,27.892221791565692],[-15.638681708637511,27.89226320064062],[-15.638155468034586,27.892203441042895],[-15.637995497555455,27.892264302175683],[-15.63751312820153,27.893085384159974],[-15.637299501093494,27.89330085642449],[-15.637069575836566,27.89337052540882],[-15.637312126015015,27.893825725135347],[-15.637364594305424,27.894526528678117],[-15.63728571759605,27.89483327382398],[-15.636982473612534,27.895396162368446],[-15.636623507717095,27.896351716451495],[-15.63641818360507,27.8965462963531],[-15.636480539671535,27.896819078725258],[-15.636369764174509,27.89702324200379],[-15.63645586313373,27.897272985862728],[-15.636008565327712,27.897476987275535],[-15.635744093921005,27.897756964821664],[-15.634959580529456,27.89779055132328],[-15.634455704111181,27.898033083366112],[-15.633947224597096,27.8982009804901],[-15.63312217940319,27.89877808527514],[-15.632352226908033,27.89895828081828],[-15.632069963781849,27.899203759174558],[-15.63157237719448,27.89951684400322],[-15.631131049213316,27.899947383064333],[-15.630399328995988,27.901116133017013],[-15.629708265973111,27.901861520092112],[-15.629626496338291,27.902071557533656],[-15.629639753961408,27.902267701358188],[-15.629428655125352,27.902363964956823],[-15.62930143248428,27.90248596069619],[-15.629102987735454,27.902802545029175],[-15.629099201528676,27.90297362617971],[-15.628737553402003,27.903094615124047],[-15.62805841699584,27.903453019291437],[-15.627605195971075,27.90357099229898],[-15.627009519870795,27.90386636302725],[-15.626910113238795,27.90396701629383],[-15.626750013808117,27.904344626691945],[-15.626238376391132,27.90520660511106],[-15.625754975650707,27.9057499767331],[-15.625295522866107,27.906023327223565],[-15.624981314348583,27.906338806053146],[-15.624017289222834,27.906780809652624],[-15.623571993428364,27.906813246861002],[-15.622783936466675,27.907109740789704],[-15.622536473178592,27.90745966683646],[-15.621947673228616,27.908075086444004],[-15.621405098961507,27.908209781647013],[-15.62079934301332,27.908437919253693],[-15.62025794620671,27.908512393786033],[-15.619183323788713,27.909257992321464],[-15.618868748887856,27.909246045440124],[-15.618561568756647,27.909051355752737],[-15.618123149482944,27.909026241844245],[-15.61807309772667,27.909230930626194],[-15.617887585438337,27.909595916643497],[-15.61765558273705,27.909844841524816],[-15.617218774599813,27.910676932769334],[-15.61663124001687,27.910878791959142],[-15.616629742724397,27.911223995670664],[-15.616429390517531,27.911410580005107],[-15.616303040113323,27.91190601184346],[-15.616022533127977,27.912150908202996],[-15.615758073184246,27.9125918012718],[-15.615651921116122,27.912814523274815],[-15.615651067299048,27.912986764482817],[-15.615571009742593,27.913205668694054],[-15.615087780619001,27.913759112900728],[-15.615083611927798,27.91408203145965],[-15.61500399314951,27.914271053617053],[-15.61445095440347,27.914629009062203],[-15.61396631042614,27.91470013686334],[-15.613265267860296,27.915232067720545],[-15.61265702921735,27.91555261866853],[-15.612513170524469,27.91577622811162],[-15.61230662433854,27.915840155533388],[-15.612141591957034,27.915967358823632],[-15.611730723125513,27.91650864431095],[-15.611718408952138,27.916595810659995],[-15.61151066094738,27.91669937127996],[-15.61143455664122,27.916936490323852],[-15.611467179664288,27.91702706804262],[-15.610733557440126,27.917607516093547],[-15.610678063393514,27.91776916692868],[-15.61019124573121,27.918379300305258],[-15.610267433878851,27.918608973703105],[-15.609901615177312,27.91881478713164],[-15.60975906833827,27.91916530913112],[-15.609559256491137,27.919344208124866],[-15.609346546439951,27.91947035526649],[-15.609219387488789,27.919484368082973],[-15.608459519804413,27.91935737493583],[-15.607712012911058,27.919405088015704],[-15.607207073110368,27.919358839027254],[-15.60684472489359,27.919568871856963],[-15.60665573965364,27.91957638431983],[-15.605956184279691,27.91938456782481],[-15.605841089493895,27.919247500773928],[-15.60585497671498,27.919077007706445],[-15.605042588292585,27.919390659734525],[-15.604980195350146,27.919574364809407],[-15.604860642851326,27.919658751728583],[-15.604760751874595,27.919660363823944],[-15.604699641544995,27.919599789312304],[-15.604632233109012,27.91963104821425],[-15.604446705420948,27.91984002776452],[-15.60405129914072,27.920119255818737],[-15.603977390874977,27.920480574357125],[-15.603567443297134,27.920466122357457],[-15.603044105743567,27.92023677850817],[-15.60292247064602,27.920147671640994],[-15.602732186983548,27.919884641629743],[-15.602601729598527,27.91983556321179],[-15.60178644807577,27.919941494774942],[-15.600883355374085,27.91984469434832],[-15.600207809726232,27.920024119662525],[-15.598927284826038,27.92011047682382],[-15.59821415741125,27.92037212138499],[-15.597530173930078,27.920811280639864],[-15.597107969629853,27.920878287245838],[-15.597011351246957,27.92093936829749],[-15.596952559210289,27.921078189444962],[-15.596781537375005,27.921248369595446],[-15.596793223323324,27.92150721687822],[-15.596720907465834,27.92199652943984],[-15.596535744174751,27.92218283882207],[-15.596445720709701,27.922519940337693],[-15.59618245277974,27.92284515375393],[-15.595940399150928,27.9232584698725],[-15.595944779251486,27.923612404373074],[-15.596020073668772,27.923924778075694],[-15.596163658637293,27.924197046559247],[-15.5961798488031,27.9244453125712],[-15.596255950579824,27.924663800551077],[-15.59663537286545,27.925076231519036],[-15.597064311710897,27.92573244974887],[-15.597533189710777,27.926202354111698],[-15.59753583080557,27.926294509516353],[-15.59728985258107,27.926733842951865],[-15.597273735287825,27.926944966824063],[-15.597587831846054,27.927747920358136],[-15.597748833432572,27.927990141349348],[-15.597848381135986,27.928404956512786],[-15.598034158387408,27.928587219819217],[-15.598157524917958,27.928860566690343],[-15.59820067218765,27.92911024976735],[-15.598149177128493,27.92960021231628]]]}},{"id":"39","type":"Feature","properties":{"categoria":"Parque Natural","nombre":"Tamadaba","codigo":"C-09"},"geometry":{"type":"Polygon","coordinates":[[[-15.707680079863556,28.096014711508086],[-15.707834489928238,28.096286451577573],[-15.70819936567729,28.096046261311017],[-15.708308869823874,28.09613249752634],[-15.708227735931244,28.096327028386305],[-15.708092087713464,28.09645424803042],[-15.707956028134683,28.096490912963773],[-15.707775044798986,28.096432540861922],[-15.7075821500449,28.096525970211793],[-15.707515261337319,28.09648394347467],[-15.707359066478302,28.096259729248306],[-15.707370380712723,28.09585221985615],[-15.707269678978921,28.09551855841399],[-15.70680192011656,28.094972312002778],[-15.706618182231688,28.094273754624886],[-15.70652585549409,28.09417385224204],[-15.706443854082064,28.093937700427343],[-15.706381086648662,28.093896726060965],[-15.706127938289189,28.093884850141087],[-15.705849342123987,28.093679994559377],[-15.70582329255234,28.093339006161457],[-15.705658138590625,28.093035472333373],[-15.705183419571021,28.09266573858234],[-15.704746701089816,28.09242061237679],[-15.703639107105401,28.092030418257874],[-15.702999006216608,28.091490737841006],[-15.70273429770061,28.09137212780348],[-15.702674182985056,28.091097208654915],[-15.70235019368178,28.09054994800476],[-15.702080723466453,28.0903560775245],[-15.701789816216365,28.0899960425013],[-15.70169184597532,28.089737654956906],[-15.701749012186747,28.089190302378622],[-15.701614271797816,28.089006122563685],[-15.701601204810293,28.08884991739929],[-15.701300446499866,28.088636490716215],[-15.70107300615138,28.088346448378235],[-15.701053378879651,28.088208086537055],[-15.701133146609289,28.088068494681362],[-15.701159887332544,28.08782282899585],[-15.701220221701488,28.08768444668842],[-15.701380219700347,28.087545554943905],[-15.701309503793063,28.087339383138364],[-15.701356608790425,28.087098090605956],[-15.700883786789323,28.08704547918778],[-15.700388179845493,28.086853897425016],[-15.700089036699428,28.08683173768988],[-15.69996812910655,28.086748730198],[-15.698969049455018,28.086825180040616],[-15.698838237741715,28.086743521852945],[-15.698424419791548,28.086641775396124],[-15.69802841504935,28.08644881143422],[-15.697442473415135,28.086525025423285],[-15.697296424619362,28.086605375114743],[-15.693327604276908,28.08576866122702],[-15.693375347243052,28.085627150342702],[-15.693367509830116,28.08531025848731],[-15.692836138415926,28.084538531944183],[-15.692554602664705,28.08390275012299],[-15.692262417942223,28.08347866412983],[-15.691979889226362,28.082528247138374],[-15.690927406969063,28.08181431121849],[-15.690595469781787,28.081428442509747],[-15.690190686773358,28.081159502704683],[-15.68969390819573,28.080869792951045],[-15.689169692167185,28.080669232666217],[-15.688688876737805,28.080414535324763],[-15.688308718538458,28.079801823964257],[-15.688218975554108,28.079837577960326],[-15.688075311610167,28.079809556915915],[-15.68787018489644,28.079534003214693],[-15.687434813123375,28.079110271851004],[-15.686917282698289,28.078749190276156],[-15.686718878411552,28.078892879320517],[-15.686619404491777,28.07907564678424],[-15.686024728866906,28.079207587033196],[-15.685962367657188,28.07915750195279],[-15.685627582869932,28.078237427076832],[-15.685294942456864,28.078193006483385],[-15.684729033399838,28.078212873745397],[-15.684622337348488,28.077796447565717],[-15.684740222243809,28.077409501942803],[-15.684648225676634,28.07720531353815],[-15.684655346696275,28.076864560137892],[-15.684476137981838,28.0761831696647],[-15.684421007078788,28.075577861219724],[-15.684255682585498,28.0753395104576],[-15.684053777776642,28.0752643935678],[-15.68364970049338,28.075254996946644],[-15.683595370745811,28.074904015216838],[-15.683156766409247,28.07483557302117],[-15.682444401744906,28.074897033068424],[-15.682392314569602,28.074819733436108],[-15.682308483828228,28.074157652320192],[-15.682076819087323,28.07369821819247],[-15.681849217665942,28.073756254247495],[-15.681593944419305,28.073970700033794],[-15.681487922958926,28.073971370910744],[-15.68128738570393,28.07390260701335],[-15.680808726795693,28.073552862967567],[-15.680553041269873,28.07352452290744],[-15.680235305230338,28.07361723296402],[-15.680001962690417,28.073620266777652],[-15.679433003631152,28.073307072565665],[-15.678949553017453,28.0725790846497],[-15.678912312663439,28.0721982637021],[-15.678947957607052,28.071399428031494],[-15.678829905661527,28.070900827178384],[-15.678583069152175,28.070488401310858],[-15.678044933445271,28.069868433526118],[-15.677426366901384,28.069559943826402],[-15.676939614545939,28.069524504516718],[-15.676664325657026,28.069299107264285],[-15.676455575319231,28.069272270225266],[-15.676227239021873,28.069341990311276],[-15.675971949195533,28.069579976928047],[-15.67526341178432,28.06982884119473],[-15.675123504572792,28.069927028414273],[-15.674977194072126,28.070120994818854],[-15.674773889735441,28.07015810177521],[-15.674081289648477,28.069416743977794],[-15.673575720125816,28.068971421401354],[-15.673244118577628,28.06895773857709],[-15.672540330983502,28.068740788700698],[-15.671945019785468,28.068738215688583],[-15.671428242538145,28.0684557934475],[-15.671314714782564,28.0685021238897],[-15.671055601192915,28.0688861296544],[-15.670835679571962,28.068895446088217],[-15.670385704709009,28.0685147519929],[-15.669640156517437,28.068310276616828],[-15.669164823377823,28.06811934745826],[-15.668829759387247,28.06791415688115],[-15.668389170266606,28.067530494642583],[-15.668062285879136,28.067729142274107],[-15.667740303958976,28.06782714283369],[-15.66674552718468,28.06774904823717],[-15.666196552836153,28.06785498083848],[-15.665894179394295,28.06803555899544],[-15.66465361232361,28.06800314376031],[-15.664062879875258,28.068153781526224],[-15.664024177172344,28.06772831427097],[-15.663856349028809,28.067189131198536],[-15.663729694947882,28.067010794962684],[-15.66363570526731,28.066682960161373],[-15.662947101499546,28.065250220320547],[-15.662612994823574,28.064135967306967],[-15.662532437211325,28.06366103697332],[-15.66254357582885,28.063087884952],[-15.662826971743645,28.06278436945376],[-15.662842283642258,28.062626289091583],[-15.662797466406118,28.062486697200782],[-15.662585675916175,28.062173882056516],[-15.662331762557125,28.06208093883346],[-15.662195002945815,28.062108597908487],[-15.661861366856204,28.062343894499563],[-15.661644760568336,28.062334250716926],[-15.661382490284263,28.06223254480205],[-15.661209712705142,28.06206828443242],[-15.660910102881084,28.061485083143374],[-15.661016240759556,28.061317439505515],[-15.661458864163956,28.06097474166994],[-15.66161917618732,28.06078196751231],[-15.661716764456859,28.060516287486095],[-15.661759201676649,28.060101532505175],[-15.66184714726515,28.05981008196805],[-15.661932662620025,28.05971333485247],[-15.662115824072027,28.059656268402907],[-15.662236802839619,28.059501578042873],[-15.662371497925417,28.058898654813472],[-15.662399050184364,28.05861255028709],[-15.662360818287981,28.058454583751995],[-15.66240807432954,28.05835498786424],[-15.662639431710486,28.058116428424235],[-15.663047904697335,28.057851160445455],[-15.663081827675963,28.057595355325436],[-15.663184002768714,28.05731871148168],[-15.663427703855278,28.056886988029966],[-15.663700255039934,28.05670614426297],[-15.664180610900017,28.056558524902638],[-15.664442099839958,28.05637282256352],[-15.664449363945932,28.05609129310114],[-15.664281866917117,28.055705906353964],[-15.66430941598336,28.05549966224221],[-15.664119115383754,28.055188469204523],[-15.664133847152659,28.055095384936894],[-15.664306157430914,28.05499605911122],[-15.664604103706745,28.05499779485876],[-15.664862579695587,28.054908576625348],[-15.665655678417263,28.054840607329],[-15.665845148628328,28.05470263356015],[-15.665978210828492,28.05452578352399],[-15.666041003147068,28.054306234028264],[-15.666020377559885,28.053521924915387],[-15.666211244029792,28.053297276757434],[-15.666416163277846,28.0527577023904],[-15.666521490800717,28.052601639922496],[-15.666765480796595,28.052484478049795],[-15.667014798265374,28.052521685713224],[-15.667228929346601,28.052239006658706],[-15.667285831905318,28.051989019447745],[-15.667258267707465,28.051483061035903],[-15.667367653029993,28.051163916531593],[-15.667832196272768,28.050938658049677],[-15.668001675700962,28.050754985165558],[-15.668160067215785,28.050673911448662],[-15.66831113199659,28.050642123896644],[-15.668930367413108,28.050685904406386],[-15.669085933428768,28.0506514943363],[-15.669120426895478,28.049806698632832],[-15.669223608796885,28.049430063564603],[-15.669419795873448,28.049455592301367],[-15.669695869749189,28.049386481502516],[-15.669817332787375,28.049167375314138],[-15.67032028786474,28.048759226019943],[-15.67050928160853,28.048520860221007],[-15.670727850505452,28.048352678202363],[-15.671089607574206,28.048408971918374],[-15.671276907995939,28.048556964071164],[-15.671418319884756,28.048835889606664],[-15.67148731839177,28.04872665192308],[-15.671444574161383,28.048263095634347],[-15.67190041436418,28.048422050347934],[-15.672137318223355,28.0484015374932],[-15.672253011966117,28.04850077247285],[-15.672739906261095,28.04854503925098],[-15.67300473495805,28.048407688551382],[-15.673133911579077,28.0482668138087],[-15.673166139399514,28.04802733509231],[-15.67304531260129,28.047938786785295],[-15.673025105396645,28.047809647902415],[-15.673164867693579,28.047770833373853],[-15.673414344576873,28.04746919562682],[-15.673631272039103,28.04737829625306],[-15.673634729955268,28.047291521902764],[-15.674062056095991,28.047249192457116],[-15.674849898299843,28.047291297445522],[-15.675050453612561,28.04721187724699],[-15.675162846347861,28.047091890082548],[-15.67511702307141,28.04692297861897],[-15.674749073607174,28.04679673142706],[-15.674574294169048,28.046591289563516],[-15.674584858918127,28.046353794492216],[-15.674744539042774,28.046115855785175],[-15.674305844841237,28.045938339150776],[-15.674223648416952,28.045832875353764],[-15.674400689012064,28.04470155108437],[-15.6743973226837,28.044393497992463],[-15.674469874823723,28.044310094371717],[-15.674806104171049,28.044265547117195],[-15.6750056615202,28.04413472379798],[-15.675231893342941,28.043866704800813],[-15.67533964861567,28.043418585822273],[-15.675636624571805,28.04340369332443],[-15.675727307919118,28.043349952482487],[-15.675860571728938,28.04300179773715],[-15.675942497006497,28.042491122652144],[-15.67595433747188,28.042012278192523],[-15.67603848805669,28.04170148348799],[-15.67582949140517,28.04136295644758],[-15.675749775057254,28.041315379742834],[-15.675784614765206,28.04093176408372],[-15.675874802001971,28.040776202263448],[-15.676018441369399,28.04065287414199],[-15.676751966749519,28.040577778258825],[-15.676959717622927,28.040453835402836],[-15.677125804982415,28.04022420317008],[-15.676837883036686,28.039610096509023],[-15.677288369124712,28.03936393340226],[-15.677338735454569,28.039267350077036],[-15.677317924984834,28.03911551205103],[-15.677003440804452,28.038366458157487],[-15.676789021765968,28.038097285637487],[-15.676230844659084,28.037940736888718],[-15.67607496178061,28.037950458835812],[-15.675510603371386,28.038289468950854],[-15.675351625172203,28.03814248938346],[-15.675312276231292,28.03791492523694],[-15.675515762927551,28.037239146262447],[-15.675710090013089,28.037081041319254],[-15.675896970914252,28.03674085511272],[-15.675884378134661,28.036549113576612],[-15.675657379095835,28.036362723515783],[-15.676683412974036,28.032723949638534],[-15.677089619424393,28.031749985819157],[-15.67724437970312,28.031489275364816],[-15.677788101867195,28.030003104032016],[-15.67782532491267,28.02935688298666],[-15.678568444758948,28.029127361854993],[-15.679184217293308,28.028998394099776],[-15.67960046294347,28.028928724420922],[-15.679836758662207,28.028990084818275],[-15.680741814437654,28.028694332720573],[-15.681212507271033,28.028660857097783],[-15.681528734306701,28.02823330947234],[-15.681998270052713,28.027839121955605],[-15.682674067691813,28.027454921051138],[-15.683001417571415,28.027018197647145],[-15.683958864925339,28.026871622553518],[-15.684307087253883,28.02675255714528],[-15.684786523328402,28.02666352846561],[-15.685545704597526,28.02624647339184],[-15.68568254641432,28.02624793900886],[-15.685620427176753,28.025434835010152],[-15.685651876856536,28.02520464557609],[-15.68594329374766,28.024743026845773],[-15.686073050470705,28.02431883685463],[-15.686440655328012,28.023668075117072],[-15.686390229580157,28.023356790548792],[-15.68663391848946,28.02338229276037],[-15.687175379001554,28.023171516102916],[-15.687496032242835,28.02319067414467],[-15.68829292308176,28.0228687575938],[-15.68903332827405,28.022782631535357],[-15.689323545147634,28.022670867340228],[-15.689892508186784,28.022802422680158],[-15.691192426286184,28.022945014870988],[-15.691329741644095,28.022693249994507],[-15.691432680618531,28.022608095897343],[-15.692293530874062,28.022380346112545],[-15.692654623537694,28.022106455860087],[-15.693005157447965,28.02174072410214],[-15.69339720627943,28.021218526398478],[-15.693680113019267,28.021015076691537],[-15.694293185911725,28.020713280696583],[-15.694478568739525,28.02046690265672],[-15.695071016830523,28.02027587722014],[-15.695735537190469,28.02012839122717],[-15.695828445702809,28.019950686753795],[-15.695893110524791,28.019645521019296],[-15.696030786590695,28.019494887050133],[-15.696126132694944,28.01954766281883],[-15.69659340004736,28.019478947481545],[-15.697032703487135,28.01950650883876],[-15.697242031452115,28.019473040432455],[-15.697351494846659,28.01942762136292],[-15.697758290445979,28.01905157230782],[-15.698307148965513,28.018796031514718],[-15.698839014350105,28.01838242375478],[-15.699500437139564,28.018137589444702],[-15.700045633260961,28.017600240762775],[-15.700141116833747,28.017281104967488],[-15.700316651636616,28.017024839760595],[-15.701780801090633,28.01624871325074],[-15.701867742192597,28.01613003502398],[-15.701763088564602,28.014751349944635],[-15.701843915919596,28.01446331321048],[-15.702186304782003,28.01391520244992],[-15.702273310544896,28.01352774773995],[-15.702463588742955,28.01324416128951],[-15.702487963221534,28.013128745171727],[-15.702682150627785,28.01298847656065],[-15.703059082284499,28.012310289959665],[-15.703352786072617,28.0119386755054],[-15.703905272447171,28.011547844144342],[-15.704080554122827,28.011322673119693],[-15.70432612985548,28.011180595388474],[-15.704401585502545,28.010935995008833],[-15.705354661336386,28.010460363943697],[-15.705496351133915,28.0104846322895],[-15.705837404175481,28.010204392601487],[-15.70591024235751,28.010041001807252],[-15.706459110850703,28.009828126149387],[-15.706880244819024,28.009789131412887],[-15.70721212998674,28.009820643311425],[-15.707553810261823,28.0097105441856],[-15.708601022846693,28.009557894137526],[-15.708713849287852,28.009265572218332],[-15.708826387451124,28.009162356148764],[-15.708868714737621,28.008880462596036],[-15.709004103539941,28.008641643848488],[-15.70898811495092,28.00850187259348],[-15.709081257075244,28.00797324645316],[-15.709865332570324,28.007302906453976],[-15.710188934181977,28.007173504454574],[-15.71043743378215,28.0069154593689],[-15.710628915025334,28.006598564360903],[-15.71066629855176,28.00640573710561],[-15.711044168969018,28.00627653099562],[-15.711306875083334,28.006006414131416],[-15.711374434102328,28.005802805891832],[-15.71145752374295,28.00570604988043],[-15.711602851586981,28.005650125301948],[-15.7117941374376,28.00531518492942],[-15.712049595375417,28.00508026396093],[-15.71220160296547,28.005089108264464],[-15.712367445202682,28.005011755078392],[-15.71259970180279,28.004619145088583],[-15.71293059116101,28.004331637970044],[-15.714187529388111,28.0037714763907],[-15.71457152706173,28.003686632190313],[-15.714540455652665,28.00353702842721],[-15.71462669121916,28.003211792422608],[-15.714839590147063,28.00299615236564],[-15.714897149346369,28.002844318539193],[-15.714808712600487,28.002365874323786],[-15.71487891726324,28.00225932588899],[-15.714944709616697,28.002211592555835],[-15.715224432078179,28.002201832927984],[-15.715574677346297,28.00202913125954],[-15.715990996100858,28.002020735254316],[-15.716405825849176,28.001674992525974],[-15.716405879748612,28.001497090138113],[-15.716729133608974,28.001197535803776],[-15.716963991065766,28.00068365568456],[-15.716998125645942,28.000493642001093],[-15.71725176852305,28.00004792482355],[-15.717716795206096,27.999609860011205],[-15.717776404361127,27.999043833049953],[-15.717918307773658,27.99886435957505],[-15.718251564466444,27.99861654583135],[-15.71858925550178,27.998102234029666],[-15.71879658757687,27.997622002461128],[-15.71905701015207,27.99732645414457],[-15.719432809100393,27.997053952202105],[-15.71950052701006,27.99694473345405],[-15.719520079992686,27.996780341546167],[-15.719380048049615,27.996398514154713],[-15.71925420339871,27.995809806047298],[-15.719184756032883,27.995183521692994],[-15.719369238667372,27.99441833904865],[-15.71959601618288,27.994201644200047],[-15.720017460980616,27.994067861988064],[-15.720373693230808,27.993791217335403],[-15.720655441682222,27.99349313508086],[-15.721235748828516,27.99333002764327],[-15.722134780201317,27.993291007224446],[-15.722472732762597,27.993187137840643],[-15.722972912997566,27.99294980964292],[-15.723572663183097,27.992333728587827],[-15.723884351318674,27.99216554189172],[-15.72387282636271,27.991901746210004],[-15.72395888843936,27.991753883854496],[-15.724513045584953,27.991560317253512],[-15.724776573809525,27.991535910022026],[-15.724932712643083,27.990994556143495],[-15.724930426515742,27.990835243368313],[-15.725172168622647,27.990701183110474],[-15.725565968787128,27.99035870151368],[-15.725733725995081,27.990110479211406],[-15.725725227062785,27.989904349605297],[-15.72593020745185,27.98961133772932],[-15.7259214515027,27.98950351245667],[-15.72603090985925,27.989251174319165],[-15.725996699185167,27.988956445982566],[-15.72611286077565,27.98868930436953],[-15.726016274993727,27.988599779939292],[-15.726246788864703,27.988323783906086],[-15.72631332591639,27.988176745338333],[-15.72630453382059,27.98795734772226],[-15.726365524038899,27.987741372865788],[-15.726522346425881,27.987622472616497],[-15.726605941754757,27.987471733029306],[-15.726621983017269,27.987134222567338],[-15.726485466967752,27.98705108379116],[-15.72632417684332,27.986776344227177],[-15.726352156443935,27.986672387043086],[-15.726449821757212,27.986618251396063],[-15.726479701860836,27.98646409454847],[-15.727327821617736,27.986469361138408],[-15.728036949601165,27.986356022629405],[-15.72816151318232,27.986309867607638],[-15.728269195273588,27.98618788559617],[-15.728409349194092,27.986191927658275],[-15.728932091178496,27.986428100315603],[-15.729165882133401,27.98639914844834],[-15.729293209385247,27.98655220150896],[-15.72950815496024,27.986669404272174],[-15.729778978605085,27.986688368316486],[-15.730231954327374,27.98708865410652],[-15.730499365334603,27.987400738302753],[-15.731329640026521,27.98756641067911],[-15.731595337536831,27.98771139582372],[-15.731971449915145,27.987705693568522],[-15.733090656063611,27.98784208655713],[-15.73338058633213,27.98781382120896],[-15.733957770087853,27.987977739771587],[-15.734340931859672,27.98799178035895],[-15.734640826557373,27.9881433471128],[-15.734934892852015,27.988455009233626],[-15.735116244470754,27.988505493297048],[-15.735398577567357,27.98840649344083],[-15.735723843023209,27.98817556097113],[-15.73580411062295,27.988030791523755],[-15.736043796099162,27.98794122595486],[-15.736504687994161,27.98829017550552],[-15.736898289631366,27.988388716963286],[-15.73729733483248,27.988390459823073],[-15.737784471547235,27.98820207399872],[-15.737965288025162,27.987964779873657],[-15.738197260259039,27.987844894528852],[-15.738432136450562,27.987575200972522],[-15.738768615500518,27.987410828672207],[-15.738952690760618,27.987106130021214],[-15.739159523999763,27.98700882802326],[-15.739486012540311,27.986973854006695],[-15.739665048069815,27.986863846421922],[-15.739887824400911,27.986809651269095],[-15.739970368126844,27.986966446593716],[-15.740229334348687,27.9871964302863],[-15.74061176935065,27.987303849535838],[-15.741920877788639,27.987205811795715],[-15.742327527084136,27.98702379290946],[-15.742847546116936,27.987074424341287],[-15.744341846240763,27.987648687607415],[-15.744886875830227,27.987928819824],[-15.745370286146617,27.98802889057774],[-15.745680331573352,27.98825540947022],[-15.745913936921637,27.98831783635404],[-15.746934645718184,27.988330061495883],[-15.748005158496351,27.988129551554316],[-15.749334898699681,27.988214892545933],[-15.749724951397544,27.988100219674077],[-15.750076941742307,27.98841911561427],[-15.750126512921767,27.988555331622436],[-15.750120709763058,27.98875121038646],[-15.749339364435743,27.990016632819554],[-15.749210909804892,27.99045235586408],[-15.749197515274872,27.990653619827526],[-15.749120941881117,27.990780268784633],[-15.748815063647077,27.9909969909243],[-15.74868131613167,27.991300011114276],[-15.748439796427352,27.99152692543039],[-15.748435275032355,27.991932374050112],[-15.748754321494424,27.99230513518974],[-15.748702742696958,27.992658402865864],[-15.748772396147734,27.99284867117313],[-15.748640349104997,27.99304783687667],[-15.748631935553378,27.993431488644834],[-15.748459178286808,27.993779241461855],[-15.748320090701982,27.993936957673398],[-15.748463004918666,27.993876819170957],[-15.748853191668339,27.993379733450382],[-15.748849989457737,27.993340177082263],[-15.748765030723355,27.993316231049352],[-15.748771872385174,27.993270265071185],[-15.749264326056137,27.992859423710847],[-15.749538040373057,27.992555640192315],[-15.749722590439687,27.992493251439864],[-15.74995630158281,27.992616331258578],[-15.750219783723145,27.99264753524626],[-15.750230973278406,27.992477624590663],[-15.75053004376883,27.992223384698168],[-15.750511184564058,27.991990666553974],[-15.750686473466612,27.991854090074526],[-15.750797449208127,27.991646804979837],[-15.750845218715542,27.99132894270612],[-15.750935358012864,27.991328739384922],[-15.751130625147963,27.99151889822976],[-15.75125566734665,27.991557066847037],[-15.751378352606439,27.991155603477853],[-15.751529009888731,27.99103966957322],[-15.751581039067782,27.990893510984414],[-15.751843378889872,27.990593540292675],[-15.752046196207727,27.990444390629815],[-15.75278286874735,27.99023859152277],[-15.75347391688195,27.989938816000887],[-15.753707676480232,27.989949179734204],[-15.754013905424296,27.99005654568522],[-15.754134621311227,27.99013071652524],[-15.75430693067121,27.99035607514927],[-15.75439023026855,27.990358055484606],[-15.754595101930148,27.99023579091322],[-15.754996154600375,27.990276647904],[-15.755077673886177,27.99018367493915],[-15.755159623823177,27.989933632044156],[-15.755288162226192,27.989816930902347],[-15.755416119061332,27.989587667780224],[-15.755578086468018,27.98945254846943],[-15.755731527344292,27.98940720290391],[-15.756061268080735,27.989473814184624],[-15.75646744461404,27.989695446913828],[-15.756685597566566,27.989932014458574],[-15.756710155657025,27.990143108020554],[-15.757092642614117,27.990190199314224],[-15.75746085684632,27.990159376030558],[-15.757705693193289,27.990241254988906],[-15.757847821479325,27.990410447711294],[-15.758062553197666,27.99098590032736],[-15.758249119796925,27.99114013383994],[-15.758382309833681,27.9913832149845],[-15.758679400893316,27.991346190986512],[-15.759262622468553,27.991507622154852],[-15.759839580041481,27.991370115782345],[-15.760071134154044,27.991370009669456],[-15.76030525877648,27.991460879713777],[-15.760421323553109,27.991798871623203],[-15.760496397029243,27.991877603986524],[-15.760864084714267,27.991666869123165],[-15.761180829949764,27.99188854909434],[-15.76136850677583,27.991762867277107],[-15.761895994787965,27.991549511702317],[-15.762179607937496,27.99129379792734],[-15.762387560734782,27.99123469279506],[-15.762586130916999,27.991272948915466],[-15.762854986604923,27.99141453347328],[-15.763123975381154,27.991300566414118],[-15.76340229527109,27.9912986606071],[-15.763470560580556,27.991360566950327],[-15.763630505239684,27.991903420634053],[-15.763949849599916,27.991892836746434],[-15.764125720142848,27.99195945272066],[-15.76436635180582,27.991867846869127],[-15.764474449702254,27.991942493852605],[-15.764517774288736,27.992066895817395],[-15.764501613263754,27.992379387059934],[-15.764607667844746,27.99265148064438],[-15.76513195082504,27.992517422415748],[-15.765387482267668,27.99250805678149],[-15.765654595815947,27.992566219263995],[-15.766062038540479,27.992752575227087],[-15.766272861210942,27.993001408319067],[-15.76640159798586,27.99337115288193],[-15.766455485166809,27.993378218452428],[-15.766672136518523,27.993616908319392],[-15.766781671322226,27.993853884286988],[-15.766771294781101,27.994109149251468],[-15.766884892442022,27.994388420324896],[-15.766939119839122,27.994693442034894],[-15.766900746359326,27.9951828390346],[-15.766748815149867,27.995531039418427],[-15.766318826207337,27.99577333393472],[-15.766292882671406,27.995944338698173],[-15.766043002263936,27.99638870553189],[-15.766166032060877,27.99648305471837],[-15.766588853744489,27.99656402493232],[-15.766901259172911,27.99683843217589],[-15.766976571348282,27.99706463107758],[-15.76697920435594,27.997252663639973],[-15.766881718513693,27.997640856232383],[-15.76675862072013,27.997882008865357],[-15.766523890208765,27.998053166755763],[-15.76580394569131,27.998134303790916],[-15.765383863917119,27.998004345366162],[-15.764914503852147,27.998085238077024],[-15.76491471147652,27.998298992654167],[-15.76464005901119,27.998439750393832],[-15.764315092455954,27.99869113146446],[-15.764247049785533,27.998756656438683],[-15.764274339294436,27.998865251174667],[-15.764080858609622,27.999025776731994],[-15.764179671608407,27.999100908658274],[-15.764111175768939,27.99930984559365],[-15.764177989469657,27.999554426760763],[-15.764038368432452,27.999991822198844],[-15.76408470276029,28.0001705038675],[-15.764059489006208,28.000275463712878],[-15.764159434056586,28.00040998597253],[-15.764076303837921,28.000594595611954],[-15.76450735872911,28.000505686146216],[-15.764759393318002,28.00054573575569],[-15.764836924555539,28.000602498564735],[-15.764881262202596,28.000731516314232],[-15.765085804222053,28.000800570986307],[-15.765084028107688,28.00087164017941],[-15.764933911915806,28.001017915946697],[-15.764959904239701,28.001083775609132],[-15.765247683888335,28.001069897647017],[-15.765242886188652,28.001173913577613],[-15.765419238325205,28.00119416304062],[-15.765931452199016,28.001096564769192],[-15.766046617491137,28.001044506257053],[-15.766333654927434,28.00074177122768],[-15.766534607043807,28.00067132487605],[-15.766664172023205,28.00067666849881],[-15.766796731039216,28.000737167355286],[-15.766986617049005,28.000922277771057],[-15.767384933973695,28.001581397565484],[-15.767507273087684,28.002036533936852],[-15.767489978378249,28.003158124843527],[-15.767445530283291,28.003269583603487],[-15.76725390513461,28.003390962846623],[-15.7673885657471,28.003563815395225],[-15.767455361006025,28.003758422213643],[-15.767460375812433,28.0039838575133],[-15.767367536570418,28.00431640986288],[-15.767672977772301,28.004936328605282],[-15.767693788719136,28.005232157166724],[-15.767538451300274,28.005632227244337],[-15.767420510468728,28.00572949988406],[-15.766946707533908,28.005899835497083],[-15.766505038988548,28.00626510535583],[-15.766852389071886,28.006322673073527],[-15.767144347810772,28.006279448488034],[-15.76805795449266,28.00653676621528],[-15.768143851366444,28.00662496587535],[-15.768146296157454,28.00674020680563],[-15.768040626256626,28.006915710143772],[-15.767800619831766,28.00714848076719],[-15.768403606955037,28.006974053140972],[-15.768751656242491,28.007063756642253],[-15.769544679381902,28.007683308232963],[-15.76977959188649,28.007810246164915],[-15.770312991687657,28.008403705849748],[-15.770746838123161,28.00865481048639],[-15.771423017529603,28.009244034824558],[-15.773649005544318,28.009238737187477],[-15.773856250839087,28.009112350558546],[-15.773970076162835,28.009099866530462],[-15.774518546333157,28.009269370138338],[-15.775353934232308,28.00934698525932],[-15.775781330875423,28.009465172160866],[-15.775933289961408,28.009576535887472],[-15.77606199324872,28.00975244611521],[-15.776288211932911,28.010415686985382],[-15.77649455243298,28.010683746348473],[-15.776890166552764,28.010935985931606],[-15.777038881719152,28.01095204352558],[-15.777183735566473,28.010889264527957],[-15.77730694690345,28.01091456505975],[-15.777441257350613,28.01159883241239],[-15.77755354213561,28.01185022593668],[-15.777710366820116,28.01195289432039],[-15.777993802065446,28.01197049940663],[-15.778378918069471,28.012105400260385],[-15.778743595916364,28.01211091716539],[-15.779057129932085,28.012272913911527],[-15.779401102388135,28.012297168728225],[-15.779789464829735,28.012148090783803],[-15.779900909407747,28.01207870127611],[-15.780087539237927,28.011845544855948],[-15.780666646260478,28.011385717057433],[-15.781034899767453,28.011319029231185],[-15.78118069995988,28.011248116543523],[-15.781329671022828,28.01107822475616],[-15.78151977828223,28.01062435919177],[-15.781904302369012,28.010373176878247],[-15.782092074952423,28.010121804206438],[-15.782153329759636,28.00977049326298],[-15.782269056205463,28.01007187181711],[-15.782389516549165,28.010159820484816],[-15.782791236727608,28.010648691117296],[-15.782925605707009,28.01100720186774],[-15.783762735237335,28.011941029540186],[-15.783968486019102,28.0122455038369],[-15.784095854803097,28.012122572422612],[-15.784354864578022,28.011685939430762],[-15.784538743811572,28.01166133909673],[-15.784912436756619,28.01222869778186],[-15.785565456257597,28.012445501035856],[-15.785596999938509,28.01255379585061],[-15.785429316883729,28.012881876467112],[-15.785425735603198,28.01310605050593],[-15.78564823966954,28.01333544075451],[-15.785794139521814,28.013571181148126],[-15.786202804634845,28.01366372489104],[-15.786332408423684,28.013739395362837],[-15.786421903832872,28.014367717335674],[-15.786581006243004,28.01442385627881],[-15.787105927404754,28.01432235077731],[-15.787316968260729,28.014364903970492],[-15.78743351431542,28.014477035195647],[-15.787579133558832,28.014877568411002],[-15.787658944480985,28.01497618918781],[-15.788297936849995,28.015316988327303],[-15.788491020491762,28.01528179557686],[-15.788603798492945,28.015105378755003],[-15.788478300607439,28.014161101415397],[-15.788436921793014,28.01339557742246],[-15.788254707435385,28.01284448028583],[-15.788354771063684,28.012707412159113],[-15.788730778125704,28.012606330336062],[-15.788826298231283,28.012538189506436],[-15.788964308706836,28.012204191145717],[-15.788900687309653,28.01182586399495],[-15.789220019465791,28.011585587917597],[-15.789271331314694,28.011480726835725],[-15.789222460196024,28.011317649439395],[-15.788968030998523,28.011095949481717],[-15.788917242690648,28.010904177734076],[-15.789382031938176,28.010370011268613],[-15.789796549861556,28.01028457458315],[-15.790091771753529,28.01008631940861],[-15.790373169021434,28.009443437732276],[-15.790998924921897,28.009359671310193],[-15.791305824062974,28.008978499495072],[-15.791736049285253,28.00879433077109],[-15.791897661784729,28.00879671268204],[-15.79214785088318,28.00889479163342],[-15.792453351342491,28.00874571342753],[-15.79280530327345,28.00880665497938],[-15.792914638834416,28.008759229423696],[-15.793087369934058,28.008546635762816],[-15.793189578978854,28.008503872829376],[-15.793528313704652,28.008648810951136],[-15.793904714418746,28.008604022087223],[-15.794155066598082,28.00876853365774],[-15.794297442758323,28.00878850878507],[-15.794788326133684,28.008510814500102],[-15.794889907957044,28.0085157154286],[-15.795061011543279,28.008613957486823],[-15.795261907834973,28.008625216266882],[-15.79564833727732,28.008439402167923],[-15.795881902729779,28.00824595985441],[-15.796031485709237,28.00822805113671],[-15.796314707981947,28.008259205106445],[-15.796538575577268,28.008428911699482],[-15.796865922016373,28.00841892648195],[-15.797088874084277,28.00853042366644],[-15.797265986724263,28.008538351135872],[-15.797722182361913,28.008258401407367],[-15.798448319818005,28.008195123317982],[-15.798747340128376,28.00783087015073],[-15.799126082234974,28.00794970017884],[-15.79947761811773,28.007799896582778],[-15.79997669003001,28.007707889695816],[-15.800115477209683,28.00772672426005],[-15.800219276978417,28.007811621829095],[-15.800563036562298,28.00876731764247],[-15.800703554952694,28.008866019568057],[-15.800855356852468,28.00886209322612],[-15.800952070869249,28.008758850006746],[-15.801234308519936,28.007886878250766],[-15.801362094862604,28.00773852729975],[-15.801796682225522,28.007421274140043],[-15.801997616523279,28.007415922609965],[-15.80230270897055,28.00758759208694],[-15.802483502975706,28.007609356512916],[-15.803655113883972,28.00720648880119],[-15.804516185665586,28.007085764852665],[-15.805037789980418,28.006895531782543],[-15.805856546032281,28.007099867148995],[-15.806354626827805,28.00694154129493],[-15.806867517320851,28.006980127275746],[-15.807512047822161,28.00625362226399],[-15.80785715294767,28.006157571674684],[-15.807946335852332,28.006071256999423],[-15.807950113287784,28.005773278698406],[-15.808318885186152,28.00470595024915],[-15.808697510205677,28.00454774066809],[-15.808924132411924,28.00416973769153],[-15.809248366848733,28.00394123010626],[-15.809489847732626,28.00385344016497],[-15.809780013844962,28.003856777295898],[-15.810141170233805,28.00371339840074],[-15.810848690290547,28.00373335586451],[-15.811083998847263,28.00379940691156],[-15.81148003148155,28.004010824071745],[-15.811593310079457,28.004143896189028],[-15.811658041459653,28.00431307310614],[-15.81170710385061,28.004910139720543],[-15.811622481119159,28.00512670437099],[-15.811263213344821,28.00552253703552],[-15.811011841760203,28.005680580704635],[-15.810976798531588,28.00580341625409],[-15.810753736339308,28.006004332145157],[-15.810472225008734,28.006223212562414],[-15.810059906451619,28.00642422297166],[-15.81002852048507,28.006492289308095],[-15.81010814717548,28.006545403063466],[-15.810514789827662,28.006564381533245],[-15.81065745898159,28.00664254266747],[-15.811413555751914,28.006432126882455],[-15.81149702195624,28.006563208533592],[-15.81176302862284,28.006577236284453],[-15.811864410241528,28.006661417089003],[-15.812133228215801,28.006746486313432],[-15.812174857976084,28.00689716809608],[-15.812394046351285,28.00715338884455],[-15.812389539548981,28.006726196150808],[-15.812471378847597,28.006727012343127],[-15.812522887623418,28.00682520810244],[-15.812846290873795,28.006353181644783],[-15.813024407709934,28.006235141306156],[-15.813249689693045,28.00620030136732],[-15.813315315003605,28.006079026521935],[-15.813617259960818,28.00591389124272],[-15.813928261497276,28.005549246018838],[-15.81408385782284,28.005509617878126],[-15.814185334697108,28.005565786318073],[-15.814407828909525,28.005874547212322],[-15.814543766092406,28.006206793754625],[-15.81457018768994,28.006387750424366],[-15.814501074246632,28.00652378723654],[-15.814426197986634,28.00699708944726],[-15.814498002014451,28.007153802121422],[-15.814639131419133,28.006964631229916],[-15.815183156955413,28.006772205060805],[-15.815458428573713,28.00654699729809],[-15.81554866691648,28.00653677625287],[-15.815615063761818,28.006926050101395],[-15.815404396274738,28.007151317295566],[-15.815397919387753,28.007242056733155],[-15.815528036124135,28.0074274440149],[-15.815584908670255,28.007654012590187],[-15.816247615210294,28.007467945979624],[-15.816781478356308,28.007438489015385],[-15.81697217853418,28.00750307069827],[-15.817176831961294,28.007642960755618],[-15.817264775113184,28.007762457881874],[-15.81735208281442,28.00777349305519],[-15.818158442062575,28.00751522449753],[-15.818673447224361,28.007566346068437],[-15.819117417957905,28.00712639950172],[-15.819498786565582,28.00802386058832],[-15.819606049533904,28.008497090241665],[-15.819565119763677,28.008593523496984],[-15.819394037699169,28.008737527377757],[-15.81910670104752,28.008959348528748],[-15.818849087975233,28.009090435508757],[-15.818808101222068,28.009241318339168],[-15.819015640706414,28.009377442238346],[-15.819080208133762,28.009652048910294],[-15.819164258766072,28.009727074997972],[-15.819912934850658,28.00971814310316],[-15.819910591711304,28.010182349399912],[-15.820000692998915,28.01056194699701],[-15.820246016749909,28.010765860199125],[-15.820711262691885,28.010999656505675],[-15.821168105796142,28.011348312769666],[-15.821393234644894,28.01169981466661],[-15.821415901162771,28.011877461249636],[-15.82153823214394,28.012085573251056],[-15.821939518474585,28.012232088642975],[-15.822363487269346,28.012686523297482],[-15.822626006650108,28.012774922076037],[-15.822761883016865,28.012901936699798],[-15.822964126109287,28.013196072373095],[-15.822983467634417,28.013449725754196],[-15.822880449945762,28.013620614242626],[-15.82235536109353,28.013976017031766],[-15.821823024735743,28.014186455372872],[-15.820949796385898,28.01406342172218],[-15.820062548261497,28.01430485833017],[-15.819918158658512,28.01436435757895],[-15.819637331863163,28.014606794261244],[-15.819169194167365,28.015092119599615],[-15.818050586715104,28.01531917944213],[-15.817271617057719,28.015629279238702],[-15.816322197862151,28.015870492955763],[-15.816078480557058,28.01598819595905],[-15.815752132403675,28.016241302983442],[-15.815722277093359,28.016447570169476],[-15.815617973291747,28.016557665755357],[-15.815310972980468,28.016700602659427],[-15.814931768073272,28.017045435333753],[-15.814738918517769,28.01706766522469],[-15.814358887346025,28.017346353135974],[-15.814192860147491,28.017407843201763],[-15.813916711395951,28.01732557513676],[-15.813714440469163,28.016938974122734],[-15.81361636496184,28.016838743869872],[-15.812877912709647,28.016785495650225],[-15.812760415343146,28.016829519015236],[-15.812759712573055,28.017061032592565],[-15.812683525443932,28.017166491469315],[-15.812426338823007,28.01720354137067],[-15.811647231007479,28.017480247540373],[-15.811620028776638,28.017542223472176],[-15.811710965294573,28.017732331683558],[-15.811564079221581,28.017742289096745],[-15.811242833593084,28.01765232935974],[-15.811218707492444,28.01752219749202],[-15.811277721044585,28.0174051511232],[-15.811202634920608,28.017313015828602],[-15.811044837790696,28.01723508930061],[-15.810133759267002,28.017275414462716],[-15.808896719082483,28.01720962011613],[-15.808688955395104,28.017152782606416],[-15.808507422347917,28.01700985562691],[-15.808461656542653,28.01674654317566],[-15.808349767104051,28.016626459235116],[-15.807572998521543,28.016257822843865],[-15.806988323025493,28.01608953177165],[-15.806278398229484,28.015954180531253],[-15.805316836685181,28.01592616628392],[-15.805091389252242,28.016004756286577],[-15.80455451939676,28.016317410190833],[-15.804208482543572,28.016199704278417],[-15.803862557884289,28.016253144504297],[-15.803285031478099,28.01626071863085],[-15.802650010539486,28.016481649039044],[-15.802447452538013,28.01664343627501],[-15.80212705229477,28.016732026859653],[-15.80190767801533,28.016870297406545],[-15.801115180750443,28.017100516397274],[-15.800914409649723,28.01708912127203],[-15.800504850491832,28.0169450569197],[-15.800088380570871,28.016986044443065],[-15.799422729579117,28.01714055685151],[-15.797924120417802,28.017091205380474],[-15.797084662594449,28.017222307072913],[-15.79664219141442,28.017401508665888],[-15.796260777079635,28.01745455785455],[-15.795741381163966,28.017732846937086],[-15.795083805380505,28.017747484865836],[-15.794702098650738,28.017938316299286],[-15.794288399576837,28.018293980157722],[-15.794042881714418,28.01838942190745],[-15.793922125252893,28.018389830694566],[-15.79357688064819,28.018271371249288],[-15.793312220612117,28.018314314121955],[-15.793238458993246,28.018395376168385],[-15.79317444994943,28.01861079074067],[-15.793013677814718,28.01872510399749],[-15.792849091379267,28.01871867872372],[-15.792686386979911,28.01852479213883],[-15.79251025176191,28.018563648243138],[-15.792415874457275,28.01865489360516],[-15.792314684786316,28.018993864189692],[-15.79236689636806,28.019189697190768],[-15.792452288312083,28.019293771119894],[-15.792451133952602,28.01942507238308],[-15.792299240597197,28.019463057277378],[-15.79197515505412,28.01934504957707],[-15.791666746658164,28.019567955732754],[-15.7910584330585,28.019863917521278],[-15.790959084915697,28.019787517936088],[-15.79083636813318,28.019408512337677],[-15.790708705858645,28.01928808033269],[-15.790319111191376,28.01922517500787],[-15.789912641755812,28.019369918536242],[-15.789652694927037,28.01958820881741],[-15.789690398120324,28.019714511651106],[-15.789653737035291,28.01993178950742],[-15.78910541064884,28.020289222522422],[-15.789098856427653,28.02037245104578],[-15.789181712819083,28.020530846743217],[-15.789113208766246,28.02066397002232],[-15.789131644000337,28.020848597391197],[-15.789310801062541,28.02095560109928],[-15.789340828453755,28.02105595094083],[-15.789302157067839,28.021109322785904],[-15.789031520842732,28.021156940642758],[-15.78883286452529,28.021098865377066],[-15.78856859915784,28.021127399230448],[-15.788291556864406,28.020801135701525],[-15.78828659019566,28.02064156152349],[-15.788379019147115,28.02050555724733],[-15.788355024162191,28.02042885886387],[-15.788227376569415,28.02035493048705],[-15.788074589092462,28.02034316020663],[-15.787861461924741,28.02039572661517],[-15.787722935945768,28.020523762357147],[-15.787554091292693,28.020938951437397],[-15.787281979050832,28.0211193132664],[-15.786921210629455,28.02121915779178],[-15.786374370979924,28.02113100914371],[-15.786203093907044,28.021187016454704],[-15.785311788581737,28.02201001234345],[-15.785268387470904,28.022194118049597],[-15.785298112662694,28.022342998563175],[-15.785062796816872,28.022730978622565],[-15.784966423780125,28.022772835759284],[-15.784783193736066,28.022752073566465],[-15.784189743115963,28.022835763775525],[-15.784143073374898,28.022998656775748],[-15.784034855140051,28.023093297321847],[-15.783750983455596,28.02319933859434],[-15.783549246699152,28.02316553730582],[-15.78313092111475,28.02340984000117],[-15.78306216456567,28.023489667600167],[-15.782999016777431,28.023759820201974],[-15.782819018823378,28.023871044805357],[-15.782569749675654,28.023906694206552],[-15.782448479417537,28.024152046966066],[-15.782304681318685,28.0242530991968],[-15.782024893975036,28.02436474641988],[-15.781616292557223,28.024398845499174],[-15.78142838122502,28.024611935543593],[-15.780884349147872,28.024618638959428],[-15.780442275517006,28.024821473073807],[-15.780329391541489,28.024941267843474],[-15.780381210984688,28.02511067728291],[-15.780146926602747,28.025323306817633],[-15.779952772707693,28.025754806508964],[-15.779611119575446,28.026206640745457],[-15.779620310006678,28.02634987088616],[-15.779259752612084,28.026705612985904],[-15.779213437046389,28.027054526486378],[-15.779285309110719,28.027157972130034],[-15.779302155405952,28.027350102123428],[-15.778975285998877,28.02763807785242],[-15.778865451030224,28.028207460592014],[-15.778378283318464,28.028363604522873],[-15.778256273093774,28.02834969934009],[-15.777890747875727,28.028581988556557],[-15.777893952005835,28.02864278391432],[-15.777958387685052,28.02866277450847],[-15.77829999396379,28.028499368649527],[-15.77832840058568,28.028737515033626],[-15.7782448785523,28.028915211133246],[-15.777973035871598,28.028979568064724],[-15.777919291994174,28.028771470822136],[-15.77761327417982,28.02877146091069],[-15.777587593286967,28.02873116622094],[-15.777632756486133,28.02867400572112],[-15.777178019198338,28.028335004779688],[-15.77692416163045,28.02843320766856],[-15.776834218096441,28.0285102634315],[-15.77680045226176,28.028638851443237],[-15.776892075990432,28.02890624862653],[-15.776749392650146,28.029053650444965],[-15.776417532968601,28.029098710320124],[-15.776343507776112,28.029171342953223],[-15.776295392874726,28.029407033574767],[-15.776436166239163,28.029452599737017],[-15.776289360773806,28.029700546742696],[-15.776365100864382,28.029730737668768],[-15.776197822708166,28.030125539790788],[-15.775642294477366,28.030147452804012],[-15.775530409942862,28.030252073041666],[-15.774840077195101,28.030039333915532],[-15.774494558194586,28.03011234096544],[-15.774352493351504,28.030275768438553],[-15.774463613940666,28.03060992784707],[-15.774216070814973,28.03068180419419],[-15.773918830025226,28.030677990551137],[-15.773766813619151,28.030747441369293],[-15.773572026919542,28.030981510765365],[-15.773583516241256,28.03110867873797],[-15.773521203296093,28.031226305685234],[-15.77335083763174,28.031324763153357],[-15.77314443404652,28.03134570251831],[-15.772885353808109,28.031671258231427],[-15.772839479914058,28.03178894585183],[-15.772882346912247,28.031933846529082],[-15.77275838684748,28.03214874060217],[-15.77262934678055,28.03217661894131],[-15.772487301684338,28.032047278398224],[-15.772412613803166,28.032141730436532],[-15.772486189238666,28.03230176802794],[-15.772471359002182,28.03239039523258],[-15.772165058515332,28.032395005665215],[-15.771864021486255,28.03249569412355],[-15.771801103994306,28.03260025290383],[-15.771701194376684,28.033060963985506],[-15.771876112571928,28.03323777307037],[-15.771915329330309,28.033441486041017],[-15.771865254419216,28.033560921053702],[-15.771987686500772,28.03363605819462],[-15.771949192775962,28.03378171417658],[-15.772039044447576,28.03396434483567],[-15.771851468972704,28.03393291138895],[-15.7718728175872,28.03377680847043],[-15.771810081375373,28.033675907399527],[-15.77127599547553,28.033922702456103],[-15.77120274099883,28.034127200458133],[-15.77115021684438,28.034157247606153],[-15.770825050626,28.03421048905844],[-15.770639186534707,28.03412227485109],[-15.770491316882858,28.034180722266964],[-15.770381421170104,28.034337321558787],[-15.770319604232492,28.034685317089508],[-15.7701291781919,28.034916604056203],[-15.769798146418239,28.03556405562545],[-15.76954924060197,28.035903990992423],[-15.769303174782632,28.03607130870888],[-15.769157836056708,28.036371667617637],[-15.768958430809668,28.036508411499],[-15.768768065954902,28.03652016466646],[-15.768295257468484,28.03666997357719],[-15.768222289682424,28.03684282950336],[-15.768020868048529,28.036856376620083],[-15.767746545415976,28.037219992753865],[-15.767785027143988,28.037432809993227],[-15.767928516294656,28.0376305973731],[-15.767916365710049,28.038048497448113],[-15.768088489062274,28.03821824982306],[-15.768047898686325,28.038533764539515],[-15.76810169116836,28.038656083692498],[-15.768022921876133,28.038704185571483],[-15.767991044632636,28.038825539433805],[-15.768144097652549,28.039172034549154],[-15.76830913555571,28.03937807779856],[-15.768389165587633,28.039873886914695],[-15.768390178724026,28.04044885156835],[-15.76819852437669,28.04053499198829],[-15.768062947005548,28.040514952423223],[-15.767790513010945,28.040681557393413],[-15.767615550631765,28.040937885046045],[-15.767539709198582,28.041169394635936],[-15.76761840467944,28.04150042755535],[-15.767618438845659,28.04182625828557],[-15.767691615859757,28.0420677581829],[-15.767689844557973,28.042230972387678],[-15.767635114538638,28.042272007127856],[-15.767684639259,28.042369075207958],[-15.76764723907815,28.04255819682023],[-15.76774030242836,28.04261993442086],[-15.767742099502208,28.042735467237335],[-15.767330614479727,28.04356649778032],[-15.767202819530926,28.043726083086117],[-15.767180011106788,28.043929990161647],[-15.767103938640536,28.044014625927108],[-15.766957802299576,28.044480213127635],[-15.766724736163361,28.04476228348916],[-15.766635097769031,28.04500007093821],[-15.76615905267956,28.04534054566467],[-15.766081663202458,28.04560427059329],[-15.765914296770681,28.04564766602019],[-15.765820606258012,28.045796372153074],[-15.765589932634926,28.046003324432277],[-15.765643234628106,28.046199883410175],[-15.765420198107455,28.046310170138263],[-15.765272937101443,28.046227375651636],[-15.765121688383196,28.046248149464038],[-15.764968966143835,28.04635976785141],[-15.764645941908777,28.04646830837903],[-15.764560432427965,28.046416058971317],[-15.764087089910902,28.046446865765812],[-15.763990590939162,28.0464059425657],[-15.763761374079506,28.04654326914812],[-15.763727830689795,28.046265575100172],[-15.763589704437765,28.046139110560357],[-15.763614189403096,28.04598717095944],[-15.763339253738614,28.04598971931879],[-15.763063980884663,28.04589837235926],[-15.76304883769369,28.04580559792897],[-15.762963964845115,28.04586644058917],[-15.76296105196367,28.045707431852165],[-15.762750071158628,28.04566065340755],[-15.762739034304944,28.045549946983108],[-15.762838934002676,28.045450088462534],[-15.762749729143113,28.045361254793413],[-15.762647871050754,28.04532195812581],[-15.762332586994606,28.045324719458133],[-15.76211103341992,28.045071176897764],[-15.761445376953095,28.044907909368693],[-15.761047461272288,28.044925568679613],[-15.760921124040735,28.04499025055751],[-15.760192288795228,28.045128171845743],[-15.760092055772887,28.04529380855166],[-15.759755939049693,28.045439094954006],[-15.759610782668956,28.045608725929828],[-15.759252552019118,28.04575788856535],[-15.759046992586184,28.045741115605235],[-15.758594741026936,28.04583113805004],[-15.758416906204182,28.046007167737233],[-15.758316467009976,28.046007568873325],[-15.758233271788106,28.045913436429974],[-15.758153794465956,28.045908386885696],[-15.757793453166373,28.04601234219322],[-15.757604933314274,28.046150589482913],[-15.757222621356558,28.046162654389395],[-15.756972260124265,28.046117817304747],[-15.75694805461866,28.046008762607123],[-15.75701581725461,28.04582871981047],[-15.756938481492428,28.045804015451886],[-15.756838331677516,28.04591548861898],[-15.756779290271945,28.04617867421387],[-15.756490241901231,28.046490941791433],[-15.756325403368551,28.046617213755113],[-15.75596026458086,28.046783574896022],[-15.755313528547427,28.04727819081425],[-15.755130614126337,28.047334079560713],[-15.754989321842517,28.04730958132516],[-15.754682453740372,28.04740529100984],[-15.754723520859203,28.047178312239154],[-15.754526929884452,28.047254350933706],[-15.754346886674652,28.04739514696172],[-15.754246889536992,28.047368687993625],[-15.754120024232092,28.047405347414088],[-15.754108074179765,28.047279182314576],[-15.75406308258809,28.047270474766016],[-15.75390952906522,28.04742816737585],[-15.753803024829086,28.04746948088261],[-15.753772037335244,28.047440909638343],[-15.753900552903065,28.04733448239718],[-15.75389807772983,28.047259681896097],[-15.753684116939313,28.047345780323578],[-15.753394648143898,28.04726952145107],[-15.75315269650181,28.047450517862938],[-15.753018214903603,28.04742800224881],[-15.752892083075482,28.0472939417271],[-15.752871937643693,28.047580309959823],[-15.752810958010246,28.047641195983378],[-15.75230157983763,28.047824342570184],[-15.752062388598537,28.047794167116685],[-15.751810543975898,28.047864005220166],[-15.751303043377954,28.048373330235748],[-15.750880758303486,28.048627342953594],[-15.750612642629116,28.048867296621783],[-15.750633816863312,28.04898167679719],[-15.750846222117293,28.049120503259584],[-15.75092013563524,28.04902737586836],[-15.750977655185284,28.04907743087928],[-15.750859163800333,28.049315230790583],[-15.750612633786437,28.049447719765677],[-15.750723432713494,28.04958334655668],[-15.750679218732486,28.049686710373322],[-15.750421520345327,28.049758311126432],[-15.750185387796929,28.049747180346394],[-15.749712431482715,28.0500682646221],[-15.749140813278865,28.05025376141989],[-15.748709984342318,28.05033814647119],[-15.748370648816428,28.050563860681752],[-15.747682953959098,28.050558651937365],[-15.746840722687837,28.050900909375184],[-15.74674865499863,28.051119605846655],[-15.746574409589305,28.051234543660787],[-15.746265107582337,28.051208891669482],[-15.745888118413047,28.05098072026257],[-15.74565954444119,28.050913682831645],[-15.74524922567265,28.050904066985577],[-15.745118736663281,28.05098143065778],[-15.744826648611944,28.051402725342843],[-15.744436937667986,28.05183263667176],[-15.744025201850544,28.05218525239503],[-15.743867818034627,28.05226265228998],[-15.743395696439338,28.052290808914094],[-15.74264123134305,28.05263498491292],[-15.742172647492511,28.052988949696147],[-15.741687161078687,28.05310144695575],[-15.741528975678301,28.053090638610534],[-15.740850462740902,28.052785584168923],[-15.740720464426682,28.05281954019179],[-15.739066417969662,28.05380266117474],[-15.738597652051396,28.054151812646428],[-15.737805631136384,28.054627016939097],[-15.737694347500883,28.05473333676929],[-15.737585526976314,28.054942657182423],[-15.737603384925524,28.055145447729313],[-15.737499293231894,28.0555423196696],[-15.73754680568477,28.055948378989385],[-15.737492898723616,28.05622752455472],[-15.7370764185119,28.056797366239103],[-15.736782275720563,28.057382329127343],[-15.736750673732896,28.057857380735577],[-15.736860009401546,28.058152692597876],[-15.736978058924846,28.058321618467726],[-15.736954176476965,28.058543878183848],[-15.736814970697841,28.058738918146442],[-15.736502984112638,28.05897167812952],[-15.736438817753164,28.059227191923707],[-15.736355885455904,28.05931822969341],[-15.735981247839707,28.059293085765034],[-15.73578073041103,28.05944028632034],[-15.73529087657386,28.059518880079402],[-15.735131938075689,28.05963050806872],[-15.735203571437053,28.059964910532884],[-15.735042429798577,28.060859643258382],[-15.7350550610932,28.06108892857648],[-15.734847152147259,28.06175686928965],[-15.734549964206654,28.06220445574146],[-15.734202326262407,28.06225152146713],[-15.73407712567196,28.062393009024422],[-15.734158799456743,28.06274656726395],[-15.734255489009751,28.06271615342657],[-15.734345417876709,28.06248458638655],[-15.734457590453175,28.062507383814683],[-15.734498749112447,28.06260118676259],[-15.734275972926403,28.06307091441158],[-15.73426511822417,28.063701683875955],[-15.7341909845955,28.063861818561637],[-15.73388196510288,28.06405498334594],[-15.733719241720607,28.06409298032695],[-15.73343868497022,28.063994092437323],[-15.732996093516212,28.063986635061703],[-15.73271224347981,28.06385816438166],[-15.732336440307055,28.06383143725479],[-15.731922147212767,28.063650935144096],[-15.731549044245972,28.06366216720374],[-15.730924296720318,28.06385253915111],[-15.73044776596711,28.064123135300136],[-15.72997431475783,28.06456067316315],[-15.729574435536376,28.064826661267166],[-15.729507105044531,28.064958602753578],[-15.729548485862976,28.06517920549417],[-15.729461828019923,28.065342446287648],[-15.729396549954787,28.065320262237087],[-15.729300978440284,28.065176187708992],[-15.72873140086888,28.065509376649302],[-15.727858285453923,28.065864537405186],[-15.727516969492408,28.066100032485814],[-15.727225260603362,28.06615848305259],[-15.72704784095251,28.06604286872241],[-15.726905529579382,28.066117714339935],[-15.726629399944457,28.066507400924177],[-15.725998855595034,28.06688076371987],[-15.725776929429575,28.067486805205522],[-15.725408797312772,28.06780389475865],[-15.725277525902843,28.068062393856053],[-15.725021124672704,28.068093789494586],[-15.724658086605599,28.067957343591164],[-15.724390522673753,28.067975220665538],[-15.724343901891688,28.068043203805594],[-15.724457789640441,28.068148180303037],[-15.724373952766273,28.06827225381812],[-15.724100046197464,28.06838852887934],[-15.723912908113729,28.06852656983873],[-15.723342624746541,28.068686579268082],[-15.723284451811052,28.068801562304994],[-15.72328059167514,28.069149078460764],[-15.723164361119405,28.069396375304166],[-15.722660825697282,28.069409561387676],[-15.72247602374351,28.069361870661954],[-15.722250872784297,28.069416340711513],[-15.721962974717208,28.069608212442695],[-15.721415308056738,28.07020584985853],[-15.721125190121171,28.07033404742408],[-15.72071746867853,28.070358566215717],[-15.72028156224602,28.070502836858797],[-15.720179476780302,28.070626137040406],[-15.72012114795662,28.07113352378646],[-15.720183049605524,28.0713084002555],[-15.72007303732701,28.0715861273654],[-15.720111756004453,28.071898332874465],[-15.71994866462097,28.072643854484618],[-15.71974848187896,28.07280550919822],[-15.71926065861392,28.072906566817586],[-15.71914532568333,28.073046111682093],[-15.719084828702707,28.073253250733256],[-15.718925622838514,28.07335778461966],[-15.718583546220001,28.073457931966637],[-15.718453962655323,28.07356057708115],[-15.718315877598164,28.073783575791982],[-15.718250669292894,28.074038545081354],[-15.718301367425935,28.07419700705823],[-15.718455986296263,28.074305241560133],[-15.7184383905094,28.074450629062863],[-15.717694572449949,28.075236169304567],[-15.717529283655857,28.07533567839706],[-15.717286345183878,28.075386631749584],[-15.717140512886427,28.075614580350067],[-15.717034761131274,28.075656006227423],[-15.716694620803313,28.075635251906412],[-15.71665008262152,28.075794356182584],[-15.716825792658357,28.076037956592646],[-15.71670433441897,28.076138824496706],[-15.716521266913038,28.076013405124286],[-15.716399839074477,28.076118894326292],[-15.716376665803828,28.076307639327194],[-15.716444304663106,28.076362891359146],[-15.716485885225248,28.07666900781729],[-15.716227573945694,28.076682921377845],[-15.716071925306544,28.076490198928735],[-15.71588675433869,28.076609307693314],[-15.715966285244667,28.076864820702518],[-15.715961365616572,28.07705607011901],[-15.715911986907944,28.077123920386995],[-15.715670361411853,28.077226280738472],[-15.715543760552366,28.07736544808256],[-15.715212897956683,28.07744010924024],[-15.715098517135171,28.077528229124805],[-15.714868267798854,28.077556725676615],[-15.714692932606667,28.077781512545922],[-15.714687553804563,28.0780513335894],[-15.714625347191516,28.078198686050182],[-15.714384697907091,28.07842451669646],[-15.714320105763822,28.078383699719435],[-15.714039272286403,28.07851688021362],[-15.713871616308383,28.078699868110146],[-15.71372759957779,28.078936324985435],[-15.713670836638418,28.079439385891035],[-15.713728772838648,28.079581780252788],[-15.714034490793342,28.07966511409799],[-15.71396321263392,28.079795317393874],[-15.71405294560549,28.079845554067404],[-15.714065425609892,28.080008982520344],[-15.713899898136885,28.080070928043785],[-15.713706406269697,28.08023818101593],[-15.713644581350165,28.08024659054154],[-15.713600175495547,28.080155677858325],[-15.71355564005388,28.080168330303813],[-15.71355744188105,28.08029310741037],[-15.713433674776995,28.080366118736592],[-15.713413298518246,28.080523137516142],[-15.713049818144095,28.080804712944055],[-15.712618975049566,28.08076188909882],[-15.712478977005803,28.080966549462946],[-15.712488010054521,28.081129273814526],[-15.71233302308264,28.08120648122593],[-15.712272489956625,28.08133981434022],[-15.711865617502335,28.081792976644724],[-15.711997712670748,28.08192054411335],[-15.71204800567803,28.082286843405463],[-15.71180640491632,28.082395262957405],[-15.711602584975468,28.082380297457444],[-15.711334325335077,28.0824466812189],[-15.711314496031333,28.082625433381445],[-15.711187652560318,28.08270177149366],[-15.71113695163598,28.08289110054443],[-15.710947324648581,28.083003717519947],[-15.710829473273591,28.08315973340502],[-15.710526725269993,28.083754470292476],[-15.710279536011676,28.08410324560652],[-15.710191763632332,28.084645163333356],[-15.710384125963337,28.085120782496684],[-15.710408294689898,28.08552679099147],[-15.710456711393926,28.08560857584051],[-15.710360064701465,28.085918731403908],[-15.710427159655085,28.085946547644852],[-15.710519951601892,28.086139312824407],[-15.710358534420966,28.08662644006208],[-15.710075474797229,28.08679963091028],[-15.709909955804303,28.086812186087766],[-15.709814651122715,28.08690584468656],[-15.709667325806663,28.086914541282024],[-15.709197336051528,28.08728715110341],[-15.709103786270608,28.0873010574373],[-15.709091207653081,28.0873942879942],[-15.708973429135975,28.087463355818286],[-15.70893437708843,28.08756754627321],[-15.708861271448322,28.08759478771194],[-15.708711305731478,28.08779674256249],[-15.708607928580346,28.08805020727128],[-15.708686589548204,28.08805048704876],[-15.708740546100158,28.088111012842187],[-15.708932321437985,28.088122298557877],[-15.709126423742457,28.088267746244057],[-15.709021692995401,28.088587763758838],[-15.708644351332499,28.08863676079407],[-15.708585027616513,28.088555645490164],[-15.707797498502439,28.088636699792026],[-15.707536657253605,28.08889339508479],[-15.707625397422312,28.089238546330563],[-15.707435225556802,28.08941934975672],[-15.707170317207327,28.089528016877203],[-15.70726479375018,28.08977941356626],[-15.708063368879863,28.090362830619213],[-15.708098649345269,28.090502608955404],[-15.708086760958949,28.09065156724477],[-15.707860790657442,28.091259333677485],[-15.70786072316358,28.091621425698534],[-15.707408559405389,28.09186033198216],[-15.707171733403861,28.09224153565008],[-15.707177828659088,28.092513030095596],[-15.707276284351792,28.0926536293555],[-15.707404814849298,28.092705105428657],[-15.707513210354424,28.093389715903562],[-15.707658626213354,28.09365962513956],[-15.707458743814856,28.093804362491912],[-15.707382677747779,28.094324697725003],[-15.707525577966894,28.09465787975078],[-15.707570717543279,28.0950343167145],[-15.707670752766685,28.095210436888536],[-15.707587504500744,28.095408589022888],[-15.707753011801662,28.095485293408423],[-15.707730728593345,28.09569150794264],[-15.707653964287273,28.09575776337131],[-15.707680079863556,28.096014711508086]]]}},{"id":"56","type":"Feature","properties":{"categoria":"Parque Natural","nombre":"Majona","codigo":"G-3"},"geometry":{"type":"Polygon","coordinates":[[[-17.15924081341158,28.16480597801442],[-17.158998856963198,28.164870431769458],[-17.158729865064014,28.16480041002008],[-17.158251730310766,28.164988959842802],[-17.15790876336834,28.16494166880085],[-17.157618593125648,28.164754943759796],[-17.157427043745777,28.164703009216904],[-17.15687326143051,28.164627996566676],[-17.156351975725084,28.16470604998488],[-17.155814267529642,28.16453892047067],[-17.15547458719788,28.16457928003118],[-17.155358171447027,28.16446073912979],[-17.155313807668524,28.164238737177413],[-17.154785379466954,28.163899378873857],[-17.154748196927066,28.163578365883033],[-17.154473513474986,28.163417107066717],[-17.154286957789402,28.163375376191556],[-17.154199415574094,28.163229128828583],[-17.154113254536433,28.16330429687018],[-17.154101552814954,28.163426659450085],[-17.15403928640948,28.16348493846058],[-17.15383444562927,28.163485995431255],[-17.15366240744024,28.16341314779935],[-17.153271021026697,28.1638229440917],[-17.15310720104305,28.16403187943772],[-17.15287350323494,28.16447181477626],[-17.152679933679945,28.164535000286183],[-17.152676739125834,28.164822991166062],[-17.15247889762976,28.165417954745923],[-17.15216435469817,28.165717337345487],[-17.15183009950088,28.165906942104957],[-17.151700121363447,28.165822900573556],[-17.151549831671232,28.165563399822457],[-17.15159864088418,28.165412571499793],[-17.151744914456106,28.165334023803386],[-17.151781124161076,28.165123477235213],[-17.15192996301234,28.165010328935036],[-17.1519060488724,28.164883834040918],[-17.151780721683277,28.16470650639324],[-17.151500574105683,28.16456725461515],[-17.151200182321787,28.164591736434218],[-17.151288992968567,28.16438929672991],[-17.15116475533704,28.164179827558133],[-17.15115361608575,28.16378080162211],[-17.15094144831376,28.163527596066675],[-17.150613632474403,28.163310947374036],[-17.15048924997222,28.163272295212465],[-17.150064710935762,28.163274811968606],[-17.14981456344993,28.163184353856835],[-17.149682962750983,28.16288647786654],[-17.14943176447115,28.162646605728785],[-17.1492131820017,28.162612138233868],[-17.148999499687616,28.162700584300442],[-17.14864016963692,28.162608408673126],[-17.14845565656601,28.162801249679305],[-17.148194385656666,28.162826644842927],[-17.148125643319663,28.16290749150092],[-17.14784990740048,28.16295296476065],[-17.147817753040915,28.16287243777431],[-17.147909417495665,28.16274124124082],[-17.147762426997286,28.162702309554017],[-17.147532405868013,28.16253862117988],[-17.147270833609216,28.162523413340015],[-17.147355699416508,28.162408656396604],[-17.146873225423416,28.161992837792134],[-17.146573353362324,28.161833942579626],[-17.145896531558897,28.161342481712175],[-17.145519278819858,28.161234516555865],[-17.145012713956376,28.1612386635667],[-17.144681987960812,28.161314228121785],[-17.14450283853267,28.16142910672289],[-17.144125423065287,28.161364002117207],[-17.143031085301896,28.161349010977343],[-17.1427690438425,28.16189263080309],[-17.142469360672333,28.16195245449435],[-17.14237558914431,28.161370007134874],[-17.142290837546952,28.161122734081502],[-17.142153174857334,28.16095894460395],[-17.14174009759442,28.160984446390486],[-17.141610827220408,28.1607921008206],[-17.140968683657356,28.160716509563414],[-17.140652375013342,28.160738960875165],[-17.140282571268603,28.16061101265628],[-17.139881579084268,28.160624679478378],[-17.139414288570414,28.160734850455444],[-17.139045278128922,28.16069279085453],[-17.13875838718051,28.16058177073108],[-17.13833699368043,28.160301673356415],[-17.137894875463967,28.160085243696102],[-17.137780922823662,28.160186733419565],[-17.137791195338874,28.160047880638157],[-17.13749043034774,28.159935359860793],[-17.137103896595622,28.159897719276064],[-17.137001891699747,28.159929269612743],[-17.136933715064576,28.160028690676548],[-17.13687800154975,28.159920104130073],[-17.136749427552317,28.15993654836392],[-17.136644775397226,28.159809234468646],[-17.136485535667088,28.159804229666175],[-17.136375023133752,28.159545894319816],[-17.136249690679193,28.159458967457994],[-17.136184430486544,28.15946431692186],[-17.136175071198814,28.1593519388405],[-17.13606355319587,28.159371003864262],[-17.13605872969093,28.159230672132495],[-17.13555254805683,28.15867432277358],[-17.135415311316933,28.158213372541407],[-17.135294071386557,28.15805040225859],[-17.133503051090667,28.15708635597286],[-17.13340871011221,28.15689851078357],[-17.133221594632747,28.155934366958117],[-17.13299856911848,28.15565440985817],[-17.132709592053477,28.155432057469472],[-17.132421144130273,28.155128483764855],[-17.131963311379597,28.15485723420835],[-17.131597574460518,28.1547326268603],[-17.130906005114035,28.154750247899166],[-17.130121180106972,28.15496350414686],[-17.129590387566815,28.154940808670233],[-17.12908076595373,28.15477376511248],[-17.128464905810052,28.15416170193069],[-17.12847764722203,28.154044106656436],[-17.128353867686517,28.15383947990517],[-17.127893271872054,28.153288797548658],[-17.127642757606516,28.153157155105895],[-17.127550317226532,28.153008077284266],[-17.127377177711676,28.15289174545105],[-17.126665360887532,28.152677752028772],[-17.12608000175442,28.152278612034973],[-17.125686503080537,28.15219610836794],[-17.125058304592745,28.152277144304254],[-17.12473434739265,28.152421676125545],[-17.12440457145809,28.15272529384186],[-17.124071046959155,28.15282368135446],[-17.123842114158574,28.152748365393876],[-17.12368220985783,28.15263696691849],[-17.12297340840262,28.152678546741416],[-17.122354036126502,28.152484754096086],[-17.121712600579556,28.152349141904384],[-17.121535817390875,28.15224386766846],[-17.121302692084697,28.151945457633303],[-17.121057797401733,28.15233068007245],[-17.12078610690735,28.15252907650993],[-17.12074626725331,28.15273922243729],[-17.12079871336398,28.153039438952135],[-17.12063103861637,28.1534323982637],[-17.120429695255194,28.15349642554395],[-17.120028699547746,28.15334869051002],[-17.119588585834098,28.153334117060112],[-17.119418239138906,28.15348835075212],[-17.11915278517751,28.15351781520091],[-17.11935233759941,28.153750424724603],[-17.119290236775026,28.153771328038026],[-17.118960899584565,28.153540004753843],[-17.11875808653747,28.153519139832557],[-17.118545900463193,28.153430742243707],[-17.118904566102188,28.15339884418143],[-17.118982373200662,28.153193254670928],[-17.11893795682686,28.15303684021426],[-17.1190368414673,28.15291926606055],[-17.11894452007555,28.15264123217077],[-17.11858921531128,28.152517961715862],[-17.118582798973982,28.152471318471278],[-17.118676578216327,28.15240986041725],[-17.118607985131693,28.15232853565131],[-17.118347577898003,28.152272917577324],[-17.118190996998607,28.152112823537518],[-17.118015458077064,28.15206022348016],[-17.11779407224179,28.15189219776147],[-17.117700791595567,28.15170486538748],[-17.117698207256076,28.151547713306524],[-17.117994744301075,28.15151215340787],[-17.118298596607612,28.151308567152906],[-17.118764075173893,28.151087438644744],[-17.119196585038722,28.150595734491535],[-17.11928433925396,28.150373916471697],[-17.119304639717445,28.150127545638945],[-17.119690430732582,28.149711928653524],[-17.120267571332864,28.149738782824343],[-17.12081413023015,28.149891211934587],[-17.121377331637433,28.149792974910174],[-17.12172092061331,28.149812918709692],[-17.121827689098385,28.14982696576247],[-17.122149321999025,28.15001382504466],[-17.122295365400415,28.150037008680226],[-17.123765681032655,28.149923438792808],[-17.12486328643558,28.149908489430345],[-17.126216621182127,28.14976413294827],[-17.12762764568609,28.149894674056466],[-17.128040624256272,28.149375508513774],[-17.12862915187695,28.148979168234263],[-17.129542097501517,28.14884488983667],[-17.130101476696783,28.148615545623834],[-17.130349049462012,28.147994335270937],[-17.13369657597445,28.147707693509513],[-17.133886843317654,28.14736899701709],[-17.13411549625638,28.147414567965086],[-17.134211030042394,28.14726568781004],[-17.13429831823518,28.147321645571594],[-17.13435596540822,28.14727980715906],[-17.13441150145506,28.147131541143843],[-17.134634037248006,28.146868770777537],[-17.134917244412616,28.146167111870145],[-17.13502587789786,28.14602796201144],[-17.135100381328524,28.145998872600334],[-17.135314199303078,28.14603420551754],[-17.135774549486236,28.146166632083233],[-17.13593798395174,28.146103950239425],[-17.135904981520984,28.14602714165851],[-17.135442490981983,28.145814023738378],[-17.13535090286519,28.1455177359113],[-17.135345499560536,28.14524543367108],[-17.136034522519083,28.144802658246117],[-17.137061076259922,28.144435239658574],[-17.137640109275985,28.144341969070883],[-17.1376669853839,28.144296368485968],[-17.137613693837636,28.14417807966439],[-17.13747863852564,28.144024097080568],[-17.136679581850892,28.14358616901257],[-17.13582874469738,28.143380589067934],[-17.13518182988359,28.143367465937807],[-17.134467380641336,28.14315317306575],[-17.134163297882402,28.14294774224498],[-17.13391890948607,28.142637934092008],[-17.133578949962946,28.14202761181005],[-17.133527177529594,28.1418090090478],[-17.133586532972366,28.141555621917863],[-17.13384161166384,28.14108879150034],[-17.134138711408188,28.14086174918285],[-17.1344257699394,28.14081219472631],[-17.134627593023914,28.140565601888877],[-17.134696213338973,28.140408415084995],[-17.13502347655642,28.140131803461447],[-17.135016087112437,28.139423619359984],[-17.134866139466364,28.13907771704076],[-17.13485465162166,28.138874206078757],[-17.134893096807723,28.138791383796725],[-17.13495517495858,28.138673443268846],[-17.135447561555797,28.13838062266959],[-17.135829252299647,28.138244822585293],[-17.135860094219726,28.13799330491698],[-17.13596549897209,28.137733947234626],[-17.13649228053501,28.137189550059517],[-17.136535629730425,28.137050271386514],[-17.1365296028857,28.136705573291156],[-17.136682124919417,28.136317435305166],[-17.136961010530214,28.13586452187056],[-17.137243050202,28.135555214567592],[-17.13726396673142,28.135378206023375],[-17.137125272101635,28.13506282883573],[-17.136969537176846,28.134494063585368],[-17.136809232055075,28.13427449283668],[-17.13679245406374,28.134058954859753],[-17.136899593050163,28.13393648476822],[-17.137576782792962,28.133604445846746],[-17.138182517784557,28.133217428133488],[-17.139653833767916,28.132792042045768],[-17.14019025471636,28.132452019415442],[-17.140986545531415,28.13219141157386],[-17.14117194889935,28.132024104314002],[-17.141648100642872,28.131732671731516],[-17.142278654138444,28.13157932091676],[-17.14254575413831,28.13145257692596],[-17.143135018999452,28.13068196831469],[-17.144095053704863,28.130062819214068],[-17.145275527351806,28.129514557956234],[-17.145525766594147,28.12949734807881],[-17.145728468588576,28.129566362622036],[-17.145923263742368,28.12956140802195],[-17.14666675380821,28.129361692389196],[-17.147061497666648,28.12938670199459],[-17.14758963113447,28.129221153327162],[-17.14792751255935,28.129172002550398],[-17.148422301866713,28.128999510951125],[-17.14848004309537,28.128880495972695],[-17.148644102847264,28.128731470778543],[-17.14870411551519,28.128545726833817],[-17.148684223942343,28.128375222423937],[-17.14874408186348,28.12831436721291],[-17.14968302427083,28.128291879660924],[-17.14984533913334,28.128030085805975],[-17.150155966841904,28.128191967509323],[-17.150718909953376,28.128210383945365],[-17.15133886124193,28.12803046730769],[-17.15136795816984,28.12792786366092],[-17.15130018348135,28.127714617951625],[-17.151393321769934,28.127480437774505],[-17.151761151757505,28.12711750926117],[-17.15190834953156,28.127046979532686],[-17.152121806070117,28.126752165939628],[-17.152030428463064,28.126330666361078],[-17.151886689118353,28.126156512890965],[-17.1515778866043,28.12597881503942],[-17.151568483395128,28.12586986770304],[-17.151635038844667,28.125690968088072],[-17.151570859517182,28.12550988011732],[-17.15122038893964,28.125350521782387],[-17.151158390299347,28.125140975084108],[-17.15087995399363,28.124888354288313],[-17.15082844265366,28.12477068325273],[-17.150816404465317,28.12443799249762],[-17.15100407158664,28.12429933231448],[-17.151065887510487,28.124158316116493],[-17.151233138026342,28.124031977477117],[-17.15128012407909,28.12389760073366],[-17.151235394357048,28.123701588978566],[-17.151267162640885,28.123656333342456],[-17.152257233050825,28.123866827843898],[-17.152911677671003,28.12374375323176],[-17.153092508367386,28.12375210143103],[-17.153710195954805,28.12417308999121],[-17.153991932043503,28.124213869914847],[-17.154410728920915,28.124145745761403],[-17.15450177139836,28.124346622713055],[-17.154524255902555,28.125007606148223],[-17.15463414305727,28.125158286364872],[-17.154789462942016,28.125239582770668],[-17.155457667959343,28.124923987351668],[-17.155968694968845,28.124271756443964],[-17.156143363185386,28.123855278151087],[-17.15700295372533,28.12421803296286],[-17.15708077768888,28.124302441500905],[-17.157098883065075,28.124515292870203],[-17.157216985836307,28.124522096354596],[-17.157477962306075,28.124420713895304],[-17.157919374368294,28.124678785353595],[-17.158114613821468,28.124527363549916],[-17.15799153102126,28.124124685803892],[-17.15805371871798,28.123901095453284],[-17.15835906527766,28.123972174603033],[-17.15880122283149,28.12396782665547],[-17.15872072284213,28.12361689659317],[-17.158922403650692,28.123615352690518],[-17.159295789997213,28.12373967959375],[-17.160400995981348,28.12442239727239],[-17.161571147688697,28.124825885245084],[-17.16172048109669,28.12480647509555],[-17.161834528905764,28.12473293880568],[-17.161940656885175,28.124599520842942],[-17.162014528358824,28.12438034669434],[-17.162116702285964,28.1243237813063],[-17.162199222659392,28.124337729073986],[-17.16262894404531,28.124641628457095],[-17.16306697185638,28.124598801299978],[-17.163149135167927,28.124696312046744],[-17.163142469459395,28.12490161243955],[-17.16320700936695,28.125013568277375],[-17.163762525028748,28.125093769818847],[-17.16385935057211,28.125262424708357],[-17.163845377004122,28.125635858616878],[-17.164033037657454,28.125781332238432],[-17.164197800774666,28.12578008368129],[-17.16438582619175,28.125634722682346],[-17.164609339098117,28.125644637212137],[-17.164963244747483,28.125518221268557],[-17.165088981006,28.125545200226636],[-17.165401598959736,28.126448297903682],[-17.165565374251415,28.126559857324548],[-17.16683893999941,28.126212621650915],[-17.167042549974205,28.125911174490486],[-17.167243941401434,28.12583336496661],[-17.167397046981613,28.12590529719545],[-17.16767289778733,28.126341010773103],[-17.167847908949526,28.126499943567055],[-17.168516865513304,28.12695127245513],[-17.168645053485477,28.12697351701104],[-17.16887160579264,28.126846128714224],[-17.168984726642236,28.1263577903724],[-17.169226889038733,28.126035246585314],[-17.16964398115405,28.125983796394614],[-17.1697713107447,28.126064525876036],[-17.17003049315362,28.126516108897796],[-17.170150955590167,28.12661968597735],[-17.170923533200995,28.126611238134906],[-17.17102638708475,28.12665923787243],[-17.17117630063825,28.1270724852581],[-17.171162446650705,28.12741523701905],[-17.17103878397313,28.127607411880618],[-17.171089783204817,28.127769207385754],[-17.17137013542187,28.127892086672926],[-17.171616262414112,28.127837022899442],[-17.171714087624533,28.127857670303055],[-17.171964413520623,28.128086508953956],[-17.172795378493877,28.12851963696673],[-17.173484493763453,28.12868213930611],[-17.173638593834063,28.128666791224262],[-17.17411293326023,28.12826421715614],[-17.174221121190918,28.12827377987983],[-17.174535003333407,28.128459014172755],[-17.174863368674917,28.128378546706436],[-17.17501707285765,28.128414186102415],[-17.175424151851804,28.128874508819766],[-17.17550459820474,28.129193655650237],[-17.175438539065418,28.129551402967227],[-17.175515021333574,28.129659192368447],[-17.17573104613431,28.129771623814754],[-17.17586788369946,28.129788490429345],[-17.176403469476938,28.129651579975846],[-17.17649838114878,28.129679037742754],[-17.176634367938156,28.12981999000692],[-17.176710988621195,28.13001512379966],[-17.176655873616372,28.130652245161343],[-17.176857763191993,28.130941398547165],[-17.177087945382002,28.131033931553304],[-17.17757502142962,28.131009678279803],[-17.177731871770316,28.13104463278154],[-17.178319707821206,28.131502884825185],[-17.180141139052232,28.13251946361959],[-17.180347641385506,28.132578349202117],[-17.180617531703216,28.132540396374473],[-17.18090987873761,28.132319631064167],[-17.18101946361538,28.132287387333413],[-17.18200160725946,28.132522330846953],[-17.1828578911132,28.132247642261078],[-17.183022990879266,28.132091883649355],[-17.18306754700142,28.13189473299632],[-17.18300813796797,28.131730820966958],[-17.182814748686333,28.13153547621539],[-17.18279136843946,28.131366297861874],[-17.1830095073496,28.130974994087094],[-17.183191103850127,28.13080462519249],[-17.183382744765634,28.130718014193594],[-17.184663655141566,28.130578125746887],[-17.184863878318968,28.130628622646483],[-17.185168337775117,28.130804777809775],[-17.185707005226835,28.13091538559267],[-17.185982769282642,28.131121954468597],[-17.186031195718815,28.131075613408825],[-17.18602745295931,28.130747869197087],[-17.185936816135985,28.130470355252285],[-17.18551721759558,28.129938285561096],[-17.18518214029299,28.129565393723926],[-17.1843946635892,28.128918940051292],[-17.1838039726679,28.12816479040666],[-17.183428684669035,28.127958719703273],[-17.183149394660834,28.127657906051613],[-17.183042638821732,28.127407671773717],[-17.18313918217939,28.127159161403892],[-17.18313129770283,28.126986126728173],[-17.182982523425483,28.12661122584946],[-17.18283070250701,28.126542936543494],[-17.182872573756413,28.126445384572474],[-17.183516007518627,28.125783566712684],[-17.184190950937424,28.125265059812875],[-17.186180818481233,28.124845175135814],[-17.187138230086784,28.124243580505617],[-17.187337791093736,28.124057534967466],[-17.18807289232009,28.12398765226648],[-17.190908671281274,28.123884557248108],[-17.192551075585314,28.123877219962566],[-17.192647049932795,28.12432839813392],[-17.192774961883316,28.124519438069186],[-17.193074290706225,28.124809641453556],[-17.193114912445807,28.12487335355108],[-17.193109388910806,28.125047756286815],[-17.192779333888346,28.12556394977796],[-17.19258335615735,28.12577237066668],[-17.192270802338875,28.12597088790438],[-17.192110886301545,28.12618372276938],[-17.192775880993736,28.12602898739476],[-17.193447752642186,28.125767691963212],[-17.19398858589414,28.125879577587842],[-17.194164217233027,28.125983329441425],[-17.19491188349553,28.12663459067557],[-17.195117597517907,28.126877726774403],[-17.19527982988895,28.127176321678405],[-17.195284479702515,28.127311629668363],[-17.194995175659596,28.127948895170945],[-17.194326348902486,28.128905524362345],[-17.19408003897837,28.129136389847744],[-17.193593935263063,28.129420984658548],[-17.193182485482513,28.1297348730575],[-17.192841285950934,28.13012270191929],[-17.192070376991655,28.130406958747606],[-17.19185359837927,28.130548358957306],[-17.191461067016974,28.130649465089963],[-17.191049425814057,28.130963991188167],[-17.19080776043301,28.131010482289184],[-17.19061859303659,28.13127541211979],[-17.190444974097705,28.131404055825964],[-17.19009312950974,28.131429919992712],[-17.18978446391267,28.131511868629282],[-17.188830460376995,28.13141163972268],[-17.188732118094148,28.13165727679382],[-17.188585635668606,28.13178755110987],[-17.18854675237496,28.13197083374582],[-17.188145388461905,28.132094540137327],[-17.188105461322838,28.132198451099278],[-17.188174731252257,28.132341313826043],[-17.18939284710658,28.133522846237412],[-17.19082038653935,28.133415386336317],[-17.191842373343455,28.13351555966656],[-17.192315180523657,28.13371360253864],[-17.192370526610105,28.133648749817866],[-17.192270383412808,28.133115768373635],[-17.19235611479892,28.133053479377047],[-17.192489641758797,28.133089926801333],[-17.19296223258846,28.133474286613026],[-17.193364801076562,28.133681074835113],[-17.193444542129832,28.1336615167433],[-17.193508674601244,28.13355082830614],[-17.19349741739195,28.133447446714236],[-17.19321430121879,28.132832972311768],[-17.19354701184776,28.132612211610812],[-17.19478646141187,28.132027595058187],[-17.196987337017088,28.13211245868712],[-17.197140179665656,28.13198560192761],[-17.197838701942256,28.13096576150033],[-17.198394509921776,28.130269143444092],[-17.19917297518987,28.130040846965784],[-17.199836952628164,28.12997472126552],[-17.200787234677094,28.12906348203279],[-17.201052845240838,28.12920893182931],[-17.201437946903667,28.12932071695947],[-17.202172528415172,28.130084843586488],[-17.202543066563535,28.13039208968631],[-17.20268554055195,28.130452439707117],[-17.204605648146813,28.130516574140216],[-17.20551265509078,28.130038734410018],[-17.205841680229007,28.129883739774307],[-17.20601563358083,28.12985147779726],[-17.205998664772327,28.13014505611847],[-17.20570162925021,28.130377498221435],[-17.205569621174178,28.130695983169463],[-17.205535935049504,28.13105403195002],[-17.205395567275676,28.13123278885694],[-17.205189723407262,28.131335720243865],[-17.204837238846633,28.131425491000527],[-17.204436016222353,28.13164047757691],[-17.204318944677713,28.131599951237803],[-17.20407375032808,28.131356925719597],[-17.203571554177902,28.131119386847583],[-17.20329742696994,28.131163498318124],[-17.20307078885304,28.131513821485484],[-17.20256950539218,28.13142533068337],[-17.202357960073623,28.131458688974487],[-17.20211969723844,28.131658867788744],[-17.201963700619885,28.131964651334467],[-17.201769661001883,28.13255546354536],[-17.201666668840975,28.13266088769807],[-17.201526884615422,28.132659524568115],[-17.201410858120553,28.132590465017415],[-17.20096074125766,28.131838287424802],[-17.200861205700157,28.131744328552276],[-17.200615277336443,28.131644329233385],[-17.200490477934036,28.13151946464338],[-17.200480268337,28.131353598026145],[-17.20055233983579,28.131074970893373],[-17.20046953976679,28.130873454641257],[-17.200231367643138,28.13081916884668],[-17.200055390726035,28.130844733653177],[-17.19961513166594,28.131067551942298],[-17.19953364645612,28.131209354515676],[-17.199504806453316,28.13144686235134],[-17.199227931619042,28.131939653598934],[-17.199113931246213,28.13234843903674],[-17.199000931717844,28.13251222287527],[-17.198686422947635,28.132752420424644],[-17.198578808008314,28.133184924810127],[-17.19877994223797,28.13340412392185],[-17.199281248241494,28.13364286765007],[-17.199520851945923,28.133961246847345],[-17.200100398887532,28.134466996904283],[-17.20013897127285,28.134705768247986],[-17.200091385187864,28.134862727482705],[-17.20002680435697,28.134910325316685],[-17.199508964264947,28.135103258920932],[-17.199418055691115,28.135586116856324],[-17.199126732225476,28.136014893441363],[-17.198573672101972,28.13617328808611],[-17.198283496862352,28.136329537831582],[-17.198193295977443,28.136448560154772],[-17.198124508827007,28.136728938231332],[-17.198039573150698,28.136806729263434],[-17.197746096151437,28.136791405773334],[-17.197517588297217,28.136697528441076],[-17.197278678943423,28.13602920698368],[-17.19681273315054,28.13571788243573],[-17.1967230056763,28.13521166418865],[-17.19659653062242,28.135114434590285],[-17.196330522368054,28.13504326369105],[-17.19621976426121,28.134967979344516],[-17.195938256902306,28.134611013917475],[-17.195770735985462,28.134272974827475],[-17.195619299313815,28.134189498953074],[-17.195494626277,28.134205483219436],[-17.19517511998858,28.134400906865597],[-17.195025595662248,28.13441620609624],[-17.194783724314842,28.13438046831807],[-17.19454149863595,28.13417753183553],[-17.194356257783934,28.134148465810583],[-17.193799334192512,28.134511824849195],[-17.193091296135034,28.134582805642427],[-17.192390192439582,28.134379540170972],[-17.191962599405638,28.13430607361552],[-17.191689956763916,28.134153788771094],[-17.19149566595904,28.13417016122758],[-17.191112877787255,28.134302521566557],[-17.19032502772913,28.134152030075217],[-17.19012708626966,28.13425015712697],[-17.18978874251175,28.134280650636697],[-17.189669547732624,28.134385874074386],[-17.189689714940943,28.134511609127912],[-17.18983962882484,28.134650519956836],[-17.190236434836578,28.13523205341067],[-17.18965643771154,28.13522769933404],[-17.189508111345678,28.13526697579654],[-17.189065786591474,28.13573063011487],[-17.188991355753885,28.135754648705323],[-17.18868004231885,28.135708008555863],[-17.188402880317188,28.135433521759115],[-17.18831823224639,28.135390568810216],[-17.188230268393976,28.13540984025925],[-17.188018672733588,28.136127515249704],[-17.187943174221342,28.13616914604638],[-17.18768520478013,28.13615783570099],[-17.18763324930491,28.136200895061222],[-17.187639471548025,28.136797605974547],[-17.18775039763482,28.13684627559273],[-17.188020934779935,28.13684980533405],[-17.1881963626135,28.136926770537233],[-17.188506688811927,28.13748045426205],[-17.18879503460464,28.137718938833444],[-17.188895863919758,28.1379868577452],[-17.189100578737,28.13816234076889],[-17.189213887712896,28.138448197055304],[-17.189332106857275,28.138535008082204],[-17.18743665485734,28.14181100859168],[-17.18588133934608,28.14414006198943],[-17.187148231813996,28.150548092722964],[-17.178930868879053,28.152929447592946],[-17.169543003617342,28.160684981557576],[-17.169392162592533,28.160873273195424],[-17.168789312097736,28.16114225755211],[-17.168214476342573,28.161544442428443],[-17.167687854664045,28.1620601440472],[-17.16748774297525,28.162161767296773],[-17.167429147199844,28.162185037038316],[-17.167420733418123,28.162140404757952],[-17.1674446057748,28.16183963526224],[-17.16703521529775,28.16185071745918],[-17.166933542708996,28.162044887699487],[-17.16661321336757,28.162403226373193],[-17.16606391865718,28.162773037376056],[-17.165874521360106,28.16299476285257],[-17.16563712000752,28.16301701633186],[-17.165596815412055,28.163083525276544],[-17.165592219756217,28.163330570693578],[-17.16524290131025,28.163731233924423],[-17.16444482797116,28.164433879112597],[-17.16407479775746,28.164640591399905],[-17.163920146875142,28.16470710260979],[-17.163651325191246,28.164716494656883],[-17.163332900168406,28.164831342458047],[-17.162847204986104,28.164780273379396],[-17.162038946335905,28.16497757021982],[-17.16164243740171,28.16481464083103],[-17.16106665583877,28.164450699367006],[-17.16069798524379,28.164360598471674],[-17.160468754551747,28.164485672298717],[-17.160287805626275,28.16439378088819],[-17.16010642092533,28.16420922475657],[-17.159584185886793,28.164042046536174],[-17.159538374186255,28.164204650776796],[-17.159705900138125,28.16475875821065],[-17.159440806251375,28.16483720321074],[-17.15924081341158,28.16480597801442]]]}},{"id":"77","type":"Feature","properties":{"categoria":"Parque Natural","nombre":"Cumbre Vieja","codigo":"P-4"},"geometry":{"type":"Polygon","coordinates":[[[-17.812289996116878,28.638146624366158],[-17.81309168341406,28.63783739355356],[-17.813070621653477,28.63639834339926],[-17.81512682154429,28.636428043436002],[-17.815067204348715,28.6359619114204],[-17.812979963999595,28.635453846415718],[-17.811821762303833,28.635222919101516],[-17.812142694811346,28.634565539553815],[-17.814362783654982,28.63466322870833],[-17.812930098039754,28.633585457267998],[-17.81207889659051,28.633025849367318],[-17.81228255135196,28.632761314179753],[-17.812630297232534,28.63254626743113],[-17.814485701076727,28.631992093937058],[-17.81583943331909,28.63153003648428],[-17.81501151904272,28.63078066679649],[-17.81382422423765,28.63041554707259],[-17.814263734195997,28.629816912933787],[-17.815330398073,28.62962072672066],[-17.81609631203014,28.62916551096767],[-17.81466279833148,28.628258837109865],[-17.814994280150955,28.627880328288263],[-17.815581157134694,28.62730955872784],[-17.816895082554787,28.625837165081336],[-17.817346349497882,28.625454093989504],[-17.81772825037964,28.625247138179983],[-17.818066760275688,28.625215721581966],[-17.818550183950382,28.625254129127256],[-17.819283878599542,28.625557453841722],[-17.820259299268493,28.62542184505904],[-17.82110157378732,28.62536333187184],[-17.821806707953694,28.62557142155191],[-17.8231171966541,28.62542154911752],[-17.823358880784372,28.62540742735238],[-17.823509748025003,28.625452812471153],[-17.82362709041214,28.62509193646404],[-17.823664743918854,28.624694547052208],[-17.82359829131965,28.624024536509232],[-17.823434674759586,28.623334568425182],[-17.823456043070752,28.622944807039254],[-17.82387641518628,28.622555947764198],[-17.824012133005645,28.622317478737564],[-17.82402965796808,28.622148490687998],[-17.823862103093663,28.62183851892364],[-17.823062831277603,28.621237321158578],[-17.8221745145248,28.62084043855502],[-17.82156232159074,28.62041348777225],[-17.821569069750606,28.620374549966144],[-17.822857605310382,28.619991247649146],[-17.82254672299011,28.618708162920512],[-17.82265396046208,28.618444207166505],[-17.82258484939954,28.618000936033447],[-17.82245002563154,28.6178143145855],[-17.821913033968478,28.61776506509806],[-17.821710206893957,28.61763488464384],[-17.820740672914486,28.61574633504646],[-17.820389511347955,28.615420789440037],[-17.820293533880655,28.6152721449012],[-17.820065419089804,28.61404288584096],[-17.820224748592487,28.612967028260304],[-17.820246945212585,28.61222958902019],[-17.8201711727546,28.612033616816596],[-17.819857653629654,28.61162429651079],[-17.819656821780573,28.61107100769445],[-17.819740273698645,28.610904195072575],[-17.819969960355746,28.610854311694613],[-17.820984510776423,28.611294139006063],[-17.821935389081645,28.612143012136993],[-17.822819559934565,28.613096101629218],[-17.823245406404897,28.613385806619622],[-17.82420360874039,28.613819565653536],[-17.82451434074936,28.613818499580425],[-17.82483555382936,28.61371257635041],[-17.824898550348053,28.613621959693393],[-17.824847192699725,28.613536433752877],[-17.824479449255918,28.61350801949199],[-17.824287230868084,28.613392054228584],[-17.823917186992414,28.61251395410087],[-17.82361687183269,28.61149097309407],[-17.82373047753018,28.61088513280793],[-17.823785599965824,28.61019481652336],[-17.824081182314004,28.609666367626282],[-17.824305103393566,28.6090194392366],[-17.82443103614959,28.608874289843413],[-17.824686529100585,28.608715704822615],[-17.82458846946709,28.6086076087398],[-17.82421205564629,28.608483756177232],[-17.824120617073163,28.60839004473106],[-17.824226262028468,28.60813617018731],[-17.824140206600738,28.607441580116287],[-17.82425613109956,28.60722808362893],[-17.824564164532642,28.60689782583565],[-17.824455585209897,28.6068892647317],[-17.82417955952579,28.6070023627055],[-17.82389613136522,28.60737360124701],[-17.82367234750211,28.607949264074104],[-17.82355888364459,28.60802559697583],[-17.823401651728503,28.608032481828733],[-17.822924859332545,28.6077862340474],[-17.822283214959104,28.607712823966562],[-17.821460796432294,28.60739276557526],[-17.820796465220752,28.60728121282308],[-17.819912282580262,28.606745757207214],[-17.819865500934824,28.60667817477484],[-17.819896852697735,28.606589121021823],[-17.820474697449974,28.606256864511792],[-17.821038609053627,28.605594744332027],[-17.82106684108645,28.605427276687614],[-17.82072831278868,28.605209713313442],[-17.819529628246872,28.605125513597486],[-17.819211003033004,28.60517454003607],[-17.818471310684636,28.60541724624063],[-17.818141663055666,28.605474617993845],[-17.817682641137832,28.605433649313373],[-17.817687866433634,28.60536137628055],[-17.818481607549934,28.60457812152357],[-17.81847811608506,28.60444739626414],[-17.81826720574737,28.60428129493124],[-17.81823424358785,28.604118708649082],[-17.818663956464974,28.603866215708486],[-17.818995859513475,28.603357768881487],[-17.819023097063177,28.60319122423532],[-17.81894903961496,28.602714676132823],[-17.818883270391286,28.60262493685904],[-17.81853341696917,28.602422937773518],[-17.81809947447514,28.60198093586266],[-17.817886769317184,28.601555981182706],[-17.817617599980217,28.601351399518645],[-17.817751227104516,28.600575559753036],[-17.817465738149593,28.599950959225282],[-17.817293754996083,28.599443069483435],[-17.817169446846105,28.599266144736877],[-17.817254719365966,28.59901450263679],[-17.817199090256512,28.59827056126368],[-17.81761565623498,28.597909197144958],[-17.817630842932658,28.59778890802011],[-17.817405703507383,28.597510343396657],[-17.817211952318107,28.59710574009301],[-17.816942973844352,28.596792905693878],[-17.816798603100434,28.595710733231673],[-17.816597074157592,28.595474072775257],[-17.81621552238717,28.595232132382282],[-17.81581207460858,28.5948589455047],[-17.815690826928197,28.594643166899694],[-17.815296348580077,28.594299559782495],[-17.815014067821696,28.59394730662956],[-17.814793535247716,28.593917608839767],[-17.814548066545164,28.594064329668843],[-17.814328591247172,28.594074299686064],[-17.81404210457586,28.594484370063643],[-17.813849282695205,28.594574069029953],[-17.813364351650222,28.594479497678783],[-17.813095846700627,28.594260458806783],[-17.812829309918467,28.593950297714198],[-17.81269890101187,28.593977332695886],[-17.81263960536361,28.594053434071217],[-17.812466621477235,28.594887819237776],[-17.812028246855515,28.595274878020092],[-17.81185156980481,28.595510372704197],[-17.811758432037287,28.595543877108582],[-17.811679909384143,28.595512130052104],[-17.811188406574885,28.59486382350052],[-17.810907513445827,28.594678413243315],[-17.810760863560812,28.594659805336757],[-17.81066278664714,28.594699725814454],[-17.81053764798987,28.595335566159275],[-17.810303950570535,28.595387319427573],[-17.810225747828586,28.595482755152414],[-17.810269646991305,28.595826431300885],[-17.81024057229591,28.595924456540114],[-17.81014737203234,28.59599404352192],[-17.809787389731014,28.59606284743015],[-17.80963299096916,28.59621398612706],[-17.809590687325,28.59650622818898],[-17.809862471281733,28.596880351153832],[-17.808777238519443,28.59728340846071],[-17.807937877796086,28.598297262382737],[-17.80715489076812,28.598808795720032],[-17.806267819706264,28.599214016604698],[-17.80611978587614,28.599221619405185],[-17.80595398071101,28.599142829867823],[-17.80573784870207,28.59860958674283],[-17.80541603007942,28.598479208275336],[-17.805235899444398,28.59834705976253],[-17.80516791848544,28.59812355618995],[-17.805010833335867,28.597924728057812],[-17.805207167536587,28.597507439155205],[-17.805233545615415,28.597105061182067],[-17.805340491115953,28.596701024477287],[-17.805458665475793,28.596538778144595],[-17.80574067007049,28.596376594934135],[-17.805500348318922,28.596124672244827],[-17.80551691991502,28.596006745581356],[-17.805738923457458,28.59557637704318],[-17.80575823680455,28.595379724888712],[-17.80564115422863,28.59503650615202],[-17.80579818952716,28.594446013645705],[-17.805592687593304,28.594174237286335],[-17.805494441350096,28.593784776599115],[-17.805554435139662,28.59319629304201],[-17.805525481303416,28.592683619674307],[-17.805665746504392,28.592423628769932],[-17.80595748815047,28.592325579008957],[-17.806051302555474,28.59224064716236],[-17.806021263604332,28.592187145414954],[-17.80585536853147,28.59213645620713],[-17.805841309331836,28.591838165076773],[-17.805703977128132,28.59140080221087],[-17.805813491947216,28.591099050890147],[-17.80621213522612,28.59040883987366],[-17.806221397676094,28.59029589048382],[-17.806022241965184,28.590092250900565],[-17.806084767732592,28.58980799794783],[-17.806417492116527,28.58956025903039],[-17.806945928521795,28.589408595319735],[-17.80723170536054,28.589240306035048],[-17.807944628663797,28.588989379592146],[-17.80852728531541,28.588574808848247],[-17.808842645709824,28.588519923797232],[-17.80979397080435,28.588506340822057],[-17.81019162118532,28.588383084630113],[-17.810379558316086,28.588371250026285],[-17.811300946419717,28.588473199537415],[-17.81182932733642,28.588419752684],[-17.812263002379797,28.588471193623747],[-17.813286467181303,28.588411166869665],[-17.81381721282269,28.588304622219606],[-17.81441458640766,28.588289540938938],[-17.814902173237016,28.588206372995025],[-17.815687483904625,28.58786758029099],[-17.81565855151578,28.587799029585028],[-17.81544043501475,28.587706138002638],[-17.81538550598197,28.58752416125386],[-17.815219098146596,28.587339087459256],[-17.815218304838897,28.587002636484982],[-17.81470311669659,28.586423389513538],[-17.81444633970761,28.585646636907935],[-17.814283783543484,28.585299111270885],[-17.81419126185998,28.584818430969968],[-17.81418766018902,28.584529847118663],[-17.8137738483329,28.58395751157745],[-17.81380600556048,28.58386032384617],[-17.814024260891742,28.583651928198382],[-17.813825396311344,28.583322294514446],[-17.81378315048,28.583117502051074],[-17.813941218675872,28.582683037097002],[-17.814052327740235,28.582173773867137],[-17.81386241842267,28.581834933572924],[-17.813811666215074,28.581617688796932],[-17.814168416668476,28.581237733511863],[-17.81426480278722,28.580828002213817],[-17.814594597092107,28.58047205907174],[-17.814910953909003,28.580302218245034],[-17.815289900026237,28.580218576651784],[-17.815361167135375,28.58001683978368],[-17.81529458870543,28.579704306110557],[-17.815310654504156,28.57957858639558],[-17.815548376381017,28.579295815761665],[-17.81552667626417,28.57917178238965],[-17.81536031931323,28.578873047557746],[-17.81525756126469,28.57877505291405],[-17.814865093225123,28.578581140901303],[-17.814751247083755,28.578335438436106],[-17.814771711079537,28.57822135419432],[-17.81507953080678,28.577961484668826],[-17.81516252398828,28.57781633412075],[-17.815093111348823,28.577627441041518],[-17.81480251719576,28.577344815685045],[-17.81471891660801,28.577045263688106],[-17.81486022459038,28.576595810949247],[-17.81509320789576,28.5762887840878],[-17.815078736041986,28.57563058171365],[-17.815144979193313,28.575393769007587],[-17.815169533179674,28.574742874838584],[-17.81523009275043,28.5744845306995],[-17.81508791816508,28.57432601405594],[-17.81505197098528,28.574127405367275],[-17.814979292043038,28.57404592484862],[-17.814420371030952,28.573932141176137],[-17.81437909984855,28.573878874272257],[-17.814506727210677,28.573759859497585],[-17.81489462723852,28.573591240690263],[-17.81510744217219,28.573371230385426],[-17.815251074043662,28.573085903855183],[-17.8151717654887,28.572832267786946],[-17.815191903773666,28.57274434995913],[-17.81554100549706,28.57223194854812],[-17.81579733401747,28.572111162323782],[-17.816242080399057,28.572005405700768],[-17.816424876036006,28.571886145551268],[-17.816568502555118,28.571524142987656],[-17.816675855101664,28.57075967363503],[-17.817031083509484,28.570362605162742],[-17.816943026629648,28.570087502502],[-17.816929100572157,28.569603386363084],[-17.817177621767538,28.568998354654948],[-17.81725851327891,28.56831471789063],[-17.81746522174674,28.56805784697809],[-17.81756688584665,28.56765522076053],[-17.81750848271518,28.567495867776074],[-17.817531187904972,28.567121041747495],[-17.81741912679882,28.56640533126716],[-17.817524982222395,28.565814989796316],[-17.817444569674564,28.56544320809482],[-17.817587513578456,28.565209311315485],[-17.81764765451423,28.564782290096307],[-17.81728427466943,28.563722703562583],[-17.817803455663693,28.562845941089773],[-17.817902688735305,28.562505607267042],[-17.817850871019182,28.562056556485988],[-17.818426315487496,28.561527719887916],[-17.818463135125008,28.561260847424442],[-17.818729773313397,28.560723091629672],[-17.8190114347543,28.5599441735094],[-17.819521828877434,28.559160500350483],[-17.819724192079878,28.558971371592722],[-17.820014566676107,28.5588643041757],[-17.820076170079705,28.55879897722457],[-17.82006378158022,28.55867926104138],[-17.819896741260646,28.558392271111693],[-17.81995358191033,28.55807176070528],[-17.82006089215366,28.55784311300258],[-17.820051336400244,28.55759975589769],[-17.820642343192038,28.557195973903784],[-17.82066591713396,28.55689239211563],[-17.820857142588167,28.55643919048373],[-17.821160483297867,28.55593765193376],[-17.821256189990887,28.555886950244407],[-17.82158242153504,28.556013669209705],[-17.821821722648455,28.556022222102495],[-17.82188117145052,28.55591454254987],[-17.821867960721328,28.555687498797514],[-17.821912274567374,28.555625236985897],[-17.822102149568565,28.555542807759462],[-17.822382063662385,28.555503607759302],[-17.822434762544376,28.555449289846152],[-17.82240082632688,28.55517306425455],[-17.82251715018124,28.554937912989484],[-17.8224032660084,28.554613737704845],[-17.822679237911636,28.554312120460875],[-17.822576984769714,28.554040924673778],[-17.82262554065431,28.55375486408789],[-17.822516189903507,28.55321770883002],[-17.822545966646544,28.55314672875568],[-17.82284727249813,28.552914042652702],[-17.822910297702673,28.55278734511529],[-17.822699048811295,28.55237499022883],[-17.822680625396547,28.55218233319471],[-17.822875465114734,28.552056501109714],[-17.823132173789578,28.55202860758525],[-17.823211188147024,28.55192683480569],[-17.82315060102217,28.55176211707442],[-17.822899796238445,28.551628419396415],[-17.82280975043438,28.551355165466692],[-17.822804347630946,28.550846517214428],[-17.823006119473565,28.550521186014638],[-17.82307957747568,28.550287828515525],[-17.823194674881286,28.550160047289822],[-17.82328752189059,28.54969626145496],[-17.823717589094343,28.549465404496797],[-17.82364350907405,28.549216174319334],[-17.823622447814152,28.5488864595198],[-17.823806274783333,28.548463176552033],[-17.824808821688247,28.547558289442666],[-17.825053021597128,28.547253721665733],[-17.82545593608245,28.547154223488832],[-17.825439272143228,28.546912819190002],[-17.82560353578631,28.54671365181458],[-17.825668167681577,28.546456121499837],[-17.8260364068818,28.54628247320491],[-17.826137048460897,28.546187464972956],[-17.825990368265813,28.545974026583533],[-17.825989712818764,28.545873009840417],[-17.826476659018958,28.54547768803307],[-17.826529223420888,28.545150950423533],[-17.826983552192885,28.54491146029245],[-17.826878868674665,28.544740446519093],[-17.8265862831176,28.544533656801853],[-17.826534296105525,28.544193762271814],[-17.82663398493638,28.54391024369957],[-17.826904217278763,28.54366286245294],[-17.826924245912288,28.54357133740884],[-17.8268213113141,28.543312787526407],[-17.82690898426953,28.543153100948455],[-17.827118861603562,28.54297914138411],[-17.827266149127105,28.542374400472966],[-17.827435546838203,28.54221481481924],[-17.82745260232393,28.54205028506681],[-17.827707269460817,28.54160297023388],[-17.82768982850728,28.541447277867242],[-17.82754792934711,28.541183226061143],[-17.827586090592263,28.540891066454336],[-17.828100593906772,28.54072519024413],[-17.828212362796815,28.54062634062062],[-17.82817617386203,28.540495394621757],[-17.827855101237333,28.540137366618332],[-17.82797926317341,28.539931202820235],[-17.827890638414843,28.539405346515476],[-17.82793250251576,28.538869554281966],[-17.828075794986667,28.53857430152653],[-17.828382929608324,28.53814122728831],[-17.828199918421937,28.53740896318671],[-17.828362055587775,28.537283806235035],[-17.82877866756045,28.537163267301985],[-17.829059804143355,28.536866042249944],[-17.829361789842544,28.536699180196397],[-17.82947406825888,28.536581375945964],[-17.8295074862918,28.53649408173305],[-17.829464595134873,28.536227065227298],[-17.82933085861062,28.536000731198303],[-17.829325481987517,28.535914245853974],[-17.829515092248922,28.535747020287765],[-17.829867913182277,28.53530397010744],[-17.82988968580154,28.53489578653448],[-17.829968353961174,28.53462894144789],[-17.83012316242908,28.534420946292027],[-17.830602959949886,28.534295476446157],[-17.830755821056016,28.53420569063263],[-17.830819904555028,28.534042885848983],[-17.830692382061997,28.53385791808925],[-17.83045700746595,28.533688730469297],[-17.829772750623885,28.533349393577105],[-17.829665200689917,28.53299442156797],[-17.82928662770757,28.53266494501672],[-17.829195795022653,28.532351389229298],[-17.8284212677766,28.532405085756963],[-17.827755227720484,28.532263801906247],[-17.82725851801677,28.532098952599764],[-17.826667873798304,28.532050610218555],[-17.825995485096975,28.532164912665042],[-17.82498558860613,28.53195124897879],[-17.824365903175995,28.532064725988327],[-17.823747647680364,28.532023954390727],[-17.822919142104542,28.531832813943613],[-17.820838625501125,28.531585698998757],[-17.819114781968256,28.531131039107873],[-17.818655393231687,28.531037961940058],[-17.8182645933839,28.53101849244514],[-17.817117604323684,28.53074157535882],[-17.816266388583852,28.530384469935484],[-17.81575113589051,28.530381367925298],[-17.814777781031193,28.53055268958297],[-17.81328027130844,28.5302604927327],[-17.812323570769674,28.530229154694354],[-17.810849299234796,28.529815057949182],[-17.809870768503032,28.52964958428957],[-17.809502891924595,28.52949338461614],[-17.80882973921148,28.529022546714575],[-17.808358791312642,28.528838888926664],[-17.80743061177204,28.528083485982812],[-17.806713461266902,28.527770867104863],[-17.805874002888206,28.52751805389164],[-17.805373912805372,28.527236391521342],[-17.802575474172873,28.52590970587465],[-17.80219472809091,28.525764214810174],[-17.801629450119666,28.52563155214232],[-17.80109938729536,28.525362849897338],[-17.800337043824225,28.52523244395607],[-17.79993223194206,28.525103679983],[-17.79973321947959,28.524916545967688],[-17.799305056803867,28.524638517928803],[-17.79885064476001,28.524410643537674],[-17.798496596724775,28.524308792519395],[-17.798002846330657,28.524292810754325],[-17.797513118154722,28.52439040527392],[-17.797324465613002,28.52451787683603],[-17.796692679751846,28.525269691554403],[-17.796031408729814,28.525524167429698],[-17.79502358606262,28.525456690411573],[-17.79439708719495,28.525581800025385],[-17.794209321387203,28.525579289492004],[-17.793693163168026,28.52535188264372],[-17.793390472879803,28.52527767027136],[-17.79342073881618,28.525176495613792],[-17.793342814174203,28.525010313627174],[-17.793453645415045,28.524759060715173],[-17.793613750067333,28.524749451304775],[-17.793782371880628,28.524636830105553],[-17.793794165682225,28.52454186972147],[-17.7939249729084,28.52450580075734],[-17.793973185616576,28.524436250881447],[-17.793853644629866,28.524279946489276],[-17.793871755771544,28.524230861793704],[-17.79417654081245,28.52436260551907],[-17.794311949864955,28.524268708821676],[-17.794585061135376,28.52393563415734],[-17.79457992372888,28.523779681361106],[-17.79471616214158,28.523678550653184],[-17.795040130042242,28.523105378949047],[-17.79539670764402,28.52280035266735],[-17.795445265092393,28.52258916988037],[-17.795529775666107,28.52254052178649],[-17.795749678769123,28.522552230364013],[-17.795920182321225,28.522278999154462],[-17.79612666573324,28.52220799290304],[-17.796333077621973,28.521824870892218],[-17.796442336447807,28.52132106817042],[-17.79643707812988,28.520541786180203],[-17.796212494473554,28.519772434198092],[-17.796030215129278,28.51963817142558],[-17.795968412410925,28.51950232926968],[-17.796058700764824,28.519285776495025],[-17.796244825746665,28.519101528507882],[-17.796244314567307,28.518927439065013],[-17.796566395081282,28.51878639603497],[-17.79620307041754,28.518796585988806],[-17.796155852893452,28.518787635703802],[-17.79616176053243,28.51874060626101],[-17.796418799656916,28.518650517171064],[-17.79652577884477,28.518485940541584],[-17.796773838345878,28.51832657622768],[-17.79772540005744,28.51846934309177],[-17.79802352321921,28.51858137053127],[-17.798102180771966,28.518697920768073],[-17.798227409435285,28.518760288831665],[-17.798680700574604,28.518714862202902],[-17.798870985623623,28.518649598524732],[-17.7989779494121,28.518368653265433],[-17.799209457817668,28.518201507270614],[-17.79973172491779,28.518099628730333],[-17.80028984960351,28.518117886101564],[-17.800555898675587,28.517982500021155],[-17.800733090305147,28.517615310276376],[-17.80096861571515,28.516711989001262],[-17.800841200080256,28.515987548621432],[-17.800788637072664,28.515930900429836],[-17.80056667834463,28.5158795506607],[-17.800410507157885,28.51568972879509],[-17.800445767480753,28.51555549500145],[-17.80061962713746,28.515564537785757],[-17.80078941456622,28.51545819928466],[-17.800854347277554,28.515326059511672],[-17.80070766006023,28.515031402089587],[-17.80094295108323,28.5148145616399],[-17.80081407209913,28.514768508486803],[-17.80078572775429,28.5145462816748],[-17.80094674096161,28.514533037350482],[-17.80093274748441,28.51442868580816],[-17.80098636493263,28.51437074923444],[-17.80127826373258,28.51451807912382],[-17.801592600852604,28.514509789200066],[-17.802165934963224,28.51386831247578],[-17.80215306597632,28.513652081165],[-17.80193868618151,28.51342377118608],[-17.802201802781948,28.513486898502528],[-17.80247117800894,28.51367077353339],[-17.802659633570702,28.513498196459693],[-17.80271281520545,28.513385241978018],[-17.80310575221832,28.513259861252735],[-17.803468742890747,28.513044890758948],[-17.80379378487678,28.512553767554824],[-17.80389736360398,28.51229995116334],[-17.80379421379359,28.512222699051915],[-17.80384827118864,28.512104313696444],[-17.80372458289719,28.511984186276536],[-17.803842758994243,28.511896049375938],[-17.803851865367662,28.511661323152886],[-17.804119746115195,28.51164992777667],[-17.804130507586795,28.51142373704295],[-17.804274473694473,28.51142256796869],[-17.804488786644765,28.511185407674635],[-17.80445281250615,28.511099551992366],[-17.80403280270548,28.51089623974154],[-17.803963026898117,28.510806571575294],[-17.80422631219142,28.510760541301863],[-17.804277378011356,28.51064492380811],[-17.804403275343113,28.510617065717135],[-17.80422817209412,28.51048356743941],[-17.804331608610145,28.510417384276934],[-17.80448589953712,28.51042051215919],[-17.8044308446488,28.51019252350623],[-17.804298557662886,28.51001754783355],[-17.804486124861118,28.51000465332415],[-17.80444604638119,28.509763726361747],[-17.804780457993996,28.509974218080995],[-17.8053572605125,28.51022819654814],[-17.806179099933356,28.51072340053744],[-17.806797061435255,28.510887776335714],[-17.80737646505664,28.511453437764672],[-17.808201896994866,28.512080761282757],[-17.808818316234895,28.512432690045454],[-17.809241274749017,28.512819812117176],[-17.809723327865594,28.513057184441045],[-17.810216241601935,28.513559501781835],[-17.81083503255663,28.513975219739205],[-17.81133979958249,28.514381983745672],[-17.811910487012078,28.514515705139413],[-17.812543984947048,28.514809827276206],[-17.81351429807821,28.515153607692216],[-17.813770847354252,28.5153831979218],[-17.814140429006898,28.515891275706046],[-17.81450705446964,28.51620417964126],[-17.815362872985514,28.516649582476948],[-17.815929031406075,28.51683359787311],[-17.8181773935644,28.51808742306833],[-17.818836752512855,28.51827004117352],[-17.81919699681913,28.518430263309277],[-17.82045077461666,28.519237907348014],[-17.820931826775364,28.519357484476338],[-17.821465210132555,28.519580854946053],[-17.821874634399894,28.519647360557244],[-17.823228552457348,28.520076312045884],[-17.82328351087309,28.519908540405236],[-17.823421384340588,28.519831704005917],[-17.823895282138544,28.519831769768896],[-17.823959264559164,28.519779923437323],[-17.823962469114168,28.51970859398952],[-17.823719602505623,28.519295089666027],[-17.82370127172393,28.519067249568852],[-17.8239125454586,28.518640690583876],[-17.82404472256097,28.518005596554968],[-17.824168440906455,28.517704440863003],[-17.824308326928968,28.517128722290487],[-17.82441287252551,28.517066109305297],[-17.824466392255925,28.516966671263344],[-17.82448995879191,28.516739763750504],[-17.82444437131989,28.516638779300646],[-17.82448807703501,28.51643941668931],[-17.82497951770197,28.515374682998836],[-17.825220942543154,28.514509093625374],[-17.82541328203105,28.514215529731864],[-17.825519913311915,28.51346550251992],[-17.826343720653604,28.513069490967535],[-17.826901055897714,28.512561755150955],[-17.827536611523406,28.512153419094624],[-17.82766918178251,28.511954911325148],[-17.827852176802036,28.511388214945864],[-17.828473817438336,28.510994597723172],[-17.828667268579274,28.510666728442974],[-17.828837137601784,28.510564865096008],[-17.828909936766035,28.510308065597176],[-17.829745168601335,28.509844142618004],[-17.83001234765197,28.509600430797164],[-17.83024375111375,28.509470221560512],[-17.83053922328368,28.508985971412493],[-17.83121127006004,28.508148381188942],[-17.831641897140596,28.507868784431704],[-17.83295129446606,28.50653980361748],[-17.835163259466608,28.505358851705427],[-17.836068268118535,28.504604777783754],[-17.836508196610215,28.504597393702003],[-17.83675549309142,28.50448939366597],[-17.836950669472138,28.50449433704231],[-17.837275364822116,28.504225957232503],[-17.837478574019595,28.504149546967366],[-17.837779638710018,28.503917832254853],[-17.838334320920897,28.503844810278395],[-17.83887053328469,28.503467367492963],[-17.839512055549818,28.503247384752154],[-17.839821064416665,28.503308577558474],[-17.839957780746378,28.50326602816127],[-17.840731613586705,28.50261073742962],[-17.84064334046093,28.502974759009863],[-17.840341335381055,28.50336535126535],[-17.84028482471494,28.503619108647435],[-17.840046164969866,28.50385863431767],[-17.840091163031005,28.504051635155108],[-17.840242809480777,28.50410890132053],[-17.84065512442411,28.504138163607042],[-17.84108095975417,28.504100389709855],[-17.841360812549343,28.504330873025765],[-17.841889989222658,28.50433874320479],[-17.842314270744478,28.504661819647538],[-17.84288375106096,28.50495389136047],[-17.84364584515135,28.504964996794715],[-17.84418806156599,28.50507812502228],[-17.84425733598635,28.50533826959544],[-17.844511009966112,28.50550615043851],[-17.84433753967025,28.505434913537282],[-17.844129041639164,28.50546634205925],[-17.844171337704857,28.505558367708545],[-17.844297932816243,28.50563329279648],[-17.843555012445417,28.505575785050954],[-17.843358248507556,28.50562590983029],[-17.84343937549841,28.505718926784116],[-17.843771581209122,28.50573091346965],[-17.843921238940393,28.505790021037054],[-17.844302484655348,28.506221336211556],[-17.84442994017162,28.50621415626161],[-17.84486601942747,28.505873065716205],[-17.845030466282793,28.505798358345544],[-17.845258739568795,28.505818833148695],[-17.84547022849781,28.506012853400808],[-17.845735320519903,28.50599737581088],[-17.845944465448202,28.506066059068825],[-17.84629433356403,28.506393387679378],[-17.84670778362158,28.506882653824814],[-17.846921603043764,28.50773331657152],[-17.84746591991833,28.50792396316084],[-17.847637860841857,28.50805205705031],[-17.847695549987055,28.508374683770917],[-17.847479346429772,28.50868952350808],[-17.847454279054407,28.508858732834135],[-17.847495243910572,28.50893905844114],[-17.8478263531577,28.50917810399232],[-17.848976055597348,28.508648359848863],[-17.850494688757816,28.50745446729738],[-17.850554961142485,28.50784471901581],[-17.85047515213632,28.508446257916678],[-17.850511424434753,28.50861778810229],[-17.850693473721172,28.508855715792084],[-17.850693121430865,28.50910829726049],[-17.850605862204716,28.509508835372742],[-17.850633944046574,28.50971752148252],[-17.850739423268312,28.50995615441297],[-17.851687264867937,28.511099895458475],[-17.85187519220611,28.51163176582943],[-17.851982186303452,28.511774748446634],[-17.852244756801603,28.511968585844386],[-17.852640517103225,28.512443769911005],[-17.853660778374156,28.513279276567676],[-17.853777715062083,28.513487898100188],[-17.854073561514372,28.513741469342236],[-17.854527755505362,28.514679071385604],[-17.854805526275456,28.514981731363942],[-17.855319758444573,28.51526678917807],[-17.85538639506025,28.515351984291556],[-17.855434688992723,28.515620121537854],[-17.85534432909127,28.515913040558313],[-17.85536598328698,28.516261677533457],[-17.85559950726529,28.516779051322317],[-17.856031005980284,28.51748979013361],[-17.856052225641708,28.517963838532467],[-17.8563129764067,28.5184680091774],[-17.856316771119296,28.518722306557883],[-17.856170845798044,28.51978708593853],[-17.856311758262716,28.519975355047947],[-17.85645126389734,28.520300764676257],[-17.856786046465064,28.52055801945028],[-17.85693991699121,28.520847946328708],[-17.857012788150573,28.521277590834544],[-17.856942073988595,28.52168499994391],[-17.857010473834848,28.522100305746513],[-17.85699254073448,28.52223057783787],[-17.85688461161665,28.522394315632663],[-17.85689392430352,28.52258805958031],[-17.856798727542234,28.522754325700582],[-17.856799517834542,28.5232151644912],[-17.856959668043462,28.523699800862556],[-17.85707450697335,28.523792098611615],[-17.857307195948533,28.523861168522124],[-17.857524998566806,28.524324745416912],[-17.858020579456706,28.524862755407856],[-17.857998721022298,28.525301609767098],[-17.858165828617903,28.525703109494618],[-17.8580241732316,28.526130955656136],[-17.858060345980245,28.526335860335376],[-17.85818828264684,28.526387289086703],[-17.859010306235003,28.52611199194929],[-17.8595402669038,28.526107142417942],[-17.859997812487336,28.526332935986222],[-17.860235455202552,28.526622896964234],[-17.860356686379497,28.527027164226038],[-17.86042273362664,28.52761931745523],[-17.85996042500767,28.528389483049928],[-17.859886542266818,28.52890610717549],[-17.859925760275903,28.529147930711076],[-17.860071292300354,28.52943081204297],[-17.86035583010971,28.529754963837526],[-17.8605803967801,28.529900872216786],[-17.860639736247514,28.530055675107256],[-17.8605716891607,28.53018339548996],[-17.860144522857357,28.53062898749315],[-17.86010268005099,28.530819298530695],[-17.860108790627507,28.531385653392654],[-17.8603947522399,28.531837864980375],[-17.86068592732708,28.532067161142937],[-17.86080712850928,28.53224321096291],[-17.861083325995867,28.532371793014935],[-17.861337799346256,28.532565779613865],[-17.861757164183945,28.532738247871134],[-17.86207882098569,28.53322578429715],[-17.862495112237294,28.533511070225014],[-17.862635452836088,28.53375256355269],[-17.86305009612029,28.534052315017217],[-17.863251659531315,28.534480140752954],[-17.863332060602758,28.53443153816879],[-17.863411450240587,28.53396801743403],[-17.86345349715379,28.533936460813546],[-17.86351670831806,28.53434736034624],[-17.863606639600793,28.53457548346103],[-17.863774763602112,28.534786621716236],[-17.864177387115806,28.5351326271099],[-17.864319644989514,28.53552020864373],[-17.864624707968282,28.535884508398226],[-17.864740803866617,28.536173417027786],[-17.864937200316568,28.536372230167995],[-17.865202555344982,28.536778860569637],[-17.865308656081986,28.537000326507123],[-17.86528990851259,28.53736424495393],[-17.865530748359042,28.53761984922725],[-17.865574513778267,28.537727169942894],[-17.86558202214776,28.538117595124685],[-17.86574890928474,28.538471278934505],[-17.86589997262072,28.5386178273005],[-17.865992843547414,28.538954131075425],[-17.86619824539509,28.539183421118793],[-17.86635114160855,28.539586109668676],[-17.866560316581822,28.539709510006197],[-17.866895663950213,28.540757180734055],[-17.866969161295422,28.540868382826662],[-17.867279176933085,28.540999844193923],[-17.867415274303863,28.541159335349832],[-17.867415675698176,28.54124953085248],[-17.86720161652469,28.541756490563674],[-17.86713478833772,28.542607624280198],[-17.867161978455304,28.54270627409555],[-17.86752576699943,28.543163136614076],[-17.867580675251066,28.54330449840226],[-17.867567651181307,28.544173960917885],[-17.86805371618586,28.544207309580077],[-17.869037704243286,28.544128513590646],[-17.870204493383156,28.5442537363326],[-17.871856449354464,28.544323028101207],[-17.872394486478658,28.54421586010027],[-17.873263409528747,28.543921780900806],[-17.874239475640522,28.54370401209003],[-17.87585689223018,28.543099056606877],[-17.876344334002944,28.543076871214556],[-17.87652155208671,28.542944754480512],[-17.87683675348373,28.543040903673454],[-17.87692610731525,28.543133722799144],[-17.876996016127084,28.543337904545307],[-17.877008712181002,28.543579380842576],[-17.87694696866413,28.54378815823981],[-17.87698680302737,28.5438630845538],[-17.877132300987533,28.543916827478714],[-17.8771467432747,28.54403468785324],[-17.876841795324992,28.54442164178252],[-17.876844277498886,28.544798405436936],[-17.876751749944916,28.54502093306842],[-17.87673176671148,28.54523949601029],[-17.876905118861693,28.54555523096183],[-17.877232838509933,28.545822869859222],[-17.877292484806404,28.546060148092586],[-17.87741275239629,28.546236651371512],[-17.87740996738431,28.546467378835132],[-17.877580129697797,28.546860592963313],[-17.87761796299724,28.547199857643314],[-17.877836022781842,28.547329635411252],[-17.877909291019762,28.547431815178278],[-17.877941913486197,28.547729696626984],[-17.877910989856517,28.548019905746877],[-17.87779122180971,28.54823622860278],[-17.877612226789616,28.548415922214236],[-17.8771571155941,28.548660104071523],[-17.877082692566827,28.54881593039873],[-17.877058046242958,28.54903654960856],[-17.87730810628499,28.549291032224918],[-17.877682478166204,28.549308348412637],[-17.877901716785214,28.549368644156978],[-17.87816769273328,28.54968232165776],[-17.878179887744654,28.549942750853365],[-17.87811948038795,28.55005047251534],[-17.8783969219134,28.550222286796664],[-17.87852359781221,28.55063623045007],[-17.87832509130527,28.550769505503364],[-17.87813340625086,28.550828740915122],[-17.877166509225116,28.550861329779334],[-17.87624745176284,28.55103098999981],[-17.87508081307445,28.55108934859735],[-17.874455229360475,28.55101253748253],[-17.873431496690372,28.551003042423275],[-17.87271129841285,28.55121301821187],[-17.871751667197913,28.551290742116823],[-17.87157300589313,28.551260932307674],[-17.871085351443277,28.550979832991477],[-17.870210956530347,28.550708349159155],[-17.870064240568873,28.550593403589055],[-17.86991124577771,28.550310306490918],[-17.86976378051979,28.55056492329453],[-17.86964729414613,28.55062241176664],[-17.86946194496196,28.550581005037238],[-17.86871196116577,28.55019403450483],[-17.86801797329784,28.549957643725282],[-17.8678111985099,28.54983167946397],[-17.867600662192224,28.549543598750887],[-17.867433214753778,28.549396714125578],[-17.86632402145811,28.549442750366055],[-17.86609842371173,28.54954306076149],[-17.865942436057985,28.54967651151055],[-17.865902830704908,28.549985737514035],[-17.86551883972913,28.550129308355853],[-17.865033689215252,28.55045731690118],[-17.864718827615853,28.550790613002807],[-17.864476421297688,28.550893990992318],[-17.864118494146002,28.551031442162216],[-17.862753900139815,28.551381372518627],[-17.861652196740035,28.551555258289838],[-17.860931183010244,28.55156629875371],[-17.860982192053843,28.55171281502103],[-17.861426387254824,28.55219596072451],[-17.861397672449677,28.55241846859069],[-17.86127968423863,28.552588737025932],[-17.861317483437798,28.55281525414575],[-17.861236886615103,28.553008186928775],[-17.86171264923343,28.55320712686076],[-17.861685782318453,28.55324948521481],[-17.861731649972185,28.553434338043086],[-17.86156887117372,28.553761604777666],[-17.861421605814108,28.553869348105895],[-17.86130190164622,28.554165036536492],[-17.861299814154503,28.554465460281275],[-17.86123755722313,28.554505561274322],[-17.860814495819543,28.55450185582859],[-17.860739772968923,28.55460987261605],[-17.860712373534025,28.554881062876404],[-17.860649415375484,28.554970790685687],[-17.860358922358493,28.554693675615255],[-17.860246163155427,28.554641930823443],[-17.860139390276995,28.554660418956672],[-17.860134958691862,28.554874296264916],[-17.859880051198285,28.555119613951163],[-17.859809597394673,28.555121099355684],[-17.859685530118234,28.555029000636168],[-17.859328073767642,28.554580102878955],[-17.859086552570883,28.554715989867923],[-17.859039006557087,28.554809000309604],[-17.859045281735277,28.555192235928452],[-17.858918433133113,28.555299546406523],[-17.858753943006374,28.555299405035058],[-17.85866295596388,28.55544835547315],[-17.858644285461097,28.555815880118907],[-17.858685534074546,28.55605675809742],[-17.858918762637035,28.556180834551814],[-17.858893219272442,28.556294128180443],[-17.858669211410746,28.556624486584727],[-17.85873125912585,28.556689930000697],[-17.858975398815943,28.556726278245566],[-17.859250347511793,28.556844062402423],[-17.859318549458905,28.556948163588363],[-17.858337698651876,28.557362127115024],[-17.858253092218614,28.557709392175408],[-17.85801909041545,28.558085964457398],[-17.85803115837489,28.55823003692074],[-17.858147654370114,28.558495488641398],[-17.858217565745353,28.558981785642615],[-17.858518396615167,28.559289924705737],[-17.85860663514643,28.559449196732306],[-17.858978550690836,28.5596010189954],[-17.859340434926743,28.560175207059004],[-17.859803444464983,28.560521751358124],[-17.859761681091978,28.560617075674024],[-17.85932745771724,28.56086644436059],[-17.85930310891544,28.56102391288563],[-17.8595710559091,28.561297896497727],[-17.859885553421595,28.561744089791883],[-17.860379128875767,28.562313693192262],[-17.860391834492784,28.563009800667473],[-17.860474804711192,28.56324411474252],[-17.860484591323548,28.56356801151878],[-17.860875908657235,28.564549295550357],[-17.860882580245658,28.56502606352237],[-17.86138802594584,28.565312441619408],[-17.861326850773505,28.565770155620196],[-17.86149164749553,28.56634222498515],[-17.861534373273578,28.566810790068917],[-17.86160682448563,28.566934870268547],[-17.862065444287474,28.567274091586423],[-17.862198679326113,28.567500713266504],[-17.86225095159662,28.56784926751099],[-17.862220333555054,28.568428563024188],[-17.86215409063976,28.568548128373532],[-17.861973542412546,28.56863492667944],[-17.861953586494522,28.568690372265092],[-17.862017979255086,28.56876658860661],[-17.862538430887287,28.569006369902876],[-17.86313228462324,28.569202203423508],[-17.86340497482351,28.569235233144163],[-17.8635455975394,28.56933419400549],[-17.86363052255419,28.5698664074599],[-17.864009861781984,28.5706675243809],[-17.863994568463276,28.57085727545745],[-17.863907589317982,28.571003438702586],[-17.86391638976489,28.571177346235892],[-17.863994608969445,28.57134888549933],[-17.863957225203276,28.57162840494514],[-17.86431014582249,28.571906896335236],[-17.86446384469769,28.57211111821574],[-17.864517507169214,28.57228137177767],[-17.864421947660304,28.57245026757337],[-17.864449733938088,28.572565716912376],[-17.86468495882929,28.57276276706152],[-17.86473829075582,28.572968037835622],[-17.865076041942828,28.573278265334032],[-17.865371793632605,28.57367068623773],[-17.86540854997275,28.57388612757753],[-17.865202391126747,28.5741759761547],[-17.865479384558373,28.574568971362986],[-17.865530214893987,28.57473661146119],[-17.865308238371462,28.575112755523964],[-17.865393728807195,28.575216373657398],[-17.86556942185149,28.575258614881893],[-17.86561717811677,28.575438719994295],[-17.865848766479772,28.57550951464106],[-17.865933469135488,28.57569694824952],[-17.865923685232914,28.575907820081376],[-17.865754235172844,28.576082742443262],[-17.86571428202551,28.576196266980926],[-17.865764604031362,28.57647092977047],[-17.865927432840472,28.5767161823336],[-17.865955288339606,28.576839940707156],[-17.865922244112795,28.577089333620233],[-17.865973373502584,28.577393714387213],[-17.86609696789301,28.57743435283753],[-17.86620405096175,28.577205020282022],[-17.866420469346743,28.577168006454308],[-17.86644834427364,28.576953864363073],[-17.86660382638314,28.576815417033654],[-17.866515676239118,28.576501006492933],[-17.866537006323156,28.5764393074261],[-17.866614994211844,28.576410949100488],[-17.866917194272688,28.57681751152837],[-17.866852402086938,28.577028154078715],[-17.86690117287493,28.57713085698302],[-17.86691737380667,28.57746426789187],[-17.866996477134926,28.577479733824468],[-17.867069965835892,28.57736362113118],[-17.8671633099862,28.57703781606434],[-17.867179452946765,28.576728978226566],[-17.86721632838762,28.57665693751117],[-17.86726561853019,28.57666581751231],[-17.867326809666988,28.57673668631133],[-17.86731760223419,28.577075144664267],[-17.86749764802538,28.57727068676529],[-17.86751400784249,28.577383997309862],[-17.867466935646625,28.577607435036573],[-17.86723771485746,28.577746145127918],[-17.867234688238668,28.57782288222118],[-17.867506693293254,28.577980397930205],[-17.86782566502501,28.578061148534644],[-17.867837446132313,28.578269269638948],[-17.8678891778621,28.57833041580785],[-17.86806013539202,28.57826636289312],[-17.86818170142885,28.578039184179623],[-17.868426813863195,28.578598672760236],[-17.8686029437345,28.57876272472881],[-17.8686126105467,28.578968184298766],[-17.86961528772761,28.57938986372952],[-17.869871351285862,28.579562144264724],[-17.869990681169934,28.579478434969772],[-17.86998634586849,28.579318866563188],[-17.869753209209478,28.57912535410046],[-17.869676029712544,28.5788798301901],[-17.869388210295735,28.57870461314989],[-17.869394389942656,28.57859353201902],[-17.86951144620474,28.578576621902524],[-17.869992991889607,28.578736011275165],[-17.87029486538889,28.578901909073096],[-17.87065421382284,28.579377791111074],[-17.870906757211753,28.579570890933912],[-17.870915204852245,28.57961851987012],[-17.870781839256395,28.57967456409811],[-17.870764852420987,28.57972633977797],[-17.871281075519704,28.5805597115119],[-17.87144544805247,28.580629294783048],[-17.871772347593495,28.580550207547297],[-17.87188683493205,28.58063419710748],[-17.871943992050124,28.58084965481171],[-17.871897019979357,28.5813395523051],[-17.871647001931002,28.581728213124784],[-17.871619597713426,28.58184786211854],[-17.871706760929246,28.581896529609654],[-17.872293421148722,28.58171181226135],[-17.872398870133093,28.581756483722437],[-17.87201475008379,28.58228689977779],[-17.872012037777594,28.582450225353817],[-17.872737444258817,28.582219268786314],[-17.872424628856972,28.582666089836685],[-17.872437824821525,28.582737972906127],[-17.872547817623648,28.58276180113921],[-17.87282398254759,28.582620643821592],[-17.872907617039868,28.582652246621958],[-17.872829450688418,28.582821681383656],[-17.87264779527975,28.58301856614111],[-17.872659676885387,28.583192406805065],[-17.872725859655368,28.58325865678889],[-17.87285795448733,28.583268485852024],[-17.873284956274592,28.582999650239778],[-17.873451276579505,28.582952827241314],[-17.873635900162785,28.58297777868676],[-17.873746597994238,28.583102618662846],[-17.873645532944884,28.58340694218736],[-17.873653877373176,28.583525833645655],[-17.8739083719364,28.583677392121547],[-17.874012746620696,28.58379514961075],[-17.8740098723662,28.583877295531256],[-17.873766411149738,28.583905909951557],[-17.873665428091478,28.58425082324099],[-17.87295814377268,28.584021364335996],[-17.872789181773417,28.584008708606852],[-17.872677235575804,28.584063398936728],[-17.872797741210338,28.58443609096872],[-17.872806609750636,28.584724553644552],[-17.872677252114006,28.58489056309954],[-17.872628550913028,28.585354338229383],[-17.872398112427476,28.58567403114276],[-17.87245737751119,28.58589918560938],[-17.872182242063694,28.586116091569654],[-17.872158229027143,28.586285280617407],[-17.87195867314882,28.58659491935111],[-17.87213426888671,28.587020043409794],[-17.87202969019416,28.58719544971118],[-17.87184934145213,28.587290376300082],[-17.871761316304838,28.587435664596793],[-17.871845600293863,28.58752859236726],[-17.87208465111676,28.587638085507166],[-17.87210110891187,28.587829869849507],[-17.87177377970502,28.588044273041337],[-17.872200732135845,28.588110997255825],[-17.872497955461764,28.58833020691938],[-17.872430529782207,28.588481373305367],[-17.872189665139068,28.58864343129555],[-17.87212512382685,28.58886309094891],[-17.87222663141813,28.589514011845736],[-17.872430325098417,28.589826308720415],[-17.872088685954648,28.590341393150297],[-17.871635260846322,28.590804723374085],[-17.87148514105381,28.591259822541893],[-17.871152440009382,28.591427432828855],[-17.87106133848856,28.591534900598646],[-17.871041882950973,28.591871771139765],[-17.871404224711082,28.59211756627001],[-17.871303701632293,28.59229198426926],[-17.871105015353212,28.592314234088843],[-17.871140945160846,28.592470426707226],[-17.871254527657367,28.592625876255095],[-17.87102035276962,28.592846423083042],[-17.871045904859873,28.592921652573054],[-17.871338956158233,28.593024590232634],[-17.8711900819173,28.59318740409273],[-17.87116954904402,28.59371011621004],[-17.87128996437092,28.593853694452765],[-17.871498140603514,28.593842067543985],[-17.87153116214469,28.59392886506941],[-17.871634532926826,28.593950407279124],[-17.8714854765884,28.5940903948984],[-17.87133047327738,28.594366092930056],[-17.87114203919407,28.594577552700304],[-17.871025270741377,28.59531969346837],[-17.870641133195615,28.596114403699914],[-17.870535588278962,28.596265177152205],[-17.870153505228373,28.596448561957345],[-17.869988837065733,28.596594570638157],[-17.869894191637485,28.596759843024895],[-17.869806964397295,28.59716038894442],[-17.86965792661268,28.597392661481248],[-17.869594814347547,28.597627624552707],[-17.869580520753598,28.597778566786424],[-17.86963417573974,28.59791002949089],[-17.869971799768308,28.598373740812296],[-17.87035884203503,28.598700197398866],[-17.871159131097826,28.599151398392987],[-17.87116540811746,28.599269431648295],[-17.87068988008929,28.599823431957322],[-17.870358255723087,28.60036987248106],[-17.87000404895749,28.600762543023126],[-17.869828153191385,28.601322822664628],[-17.869549189587012,28.601814024270883],[-17.86957160487173,28.601999368347887],[-17.869426605696468,28.6022676366632],[-17.869321724708563,28.602244600715213],[-17.86925779531984,28.602073666152258],[-17.86905671177831,28.602121221572464],[-17.86856923068609,28.60202348791764],[-17.86836416140897,28.60223841780502],[-17.868159858422256,28.602329635353],[-17.86737655959542,28.60227856079201],[-17.866456636930145,28.602051769166405],[-17.865982229490033,28.601594550341442],[-17.865810490032057,28.60149570250768],[-17.865914134509914,28.601696829017623],[-17.86595938011344,28.601913145087227],[-17.865898037937324,28.602010040115804],[-17.865948974932433,28.602617339867322],[-17.86572597870043,28.602995904446132],[-17.86576036853378,28.603464352255678],[-17.865568123323182,28.603633544526758],[-17.865148084623527,28.60371642102526],[-17.86502894107432,28.60378588032366],[-17.864979216084887,28.604443640006007],[-17.864896420718065,28.604726802224373],[-17.865214479780814,28.6049425311437],[-17.865473693272886,28.605025591414236],[-17.86561447135546,28.60497295126223],[-17.865850877511228,28.60472444702686],[-17.8662649781759,28.6048548354102],[-17.86614072933184,28.60547355299887],[-17.86622590571438,28.605862331866586],[-17.86627868008824,28.605961341198984],[-17.866528628959838,28.606131949883565],[-17.866540622543386,28.606535807249134],[-17.866661825756537,28.60693374581031],[-17.866928193385604,28.607219466481386],[-17.867081614433783,28.607298304983566],[-17.8673512670589,28.607704827645737],[-17.867398394459343,28.607896865353755],[-17.8673564101433,28.608031363072698],[-17.867386926199146,28.60825719972261],[-17.86761530430567,28.608717003299247],[-17.867568456766637,28.60921600731197],[-17.867645521500044,28.609546685072925],[-17.867744983598794,28.609693505371332],[-17.868181635537162,28.609993478590503],[-17.86825393210872,28.61010731795482],[-17.868290422875475,28.610438132563512],[-17.868770010434623,28.610918503075705],[-17.86881519552112,28.611129163014454],[-17.86878346593644,28.61143210593971],[-17.86881688013417,28.61159331313998],[-17.869016667000817,28.611880799409896],[-17.869268437763964,28.612087625087625],[-17.869171071336304,28.612562983469612],[-17.869240890776737,28.612826160881106],[-17.869326322245385,28.61296804508122],[-17.869574444133548,28.61316649525186],[-17.869566993068016,28.613266480939696],[-17.869417295546892,28.61337753487025],[-17.869164264720986,28.613823536838645],[-17.869087856001396,28.613889379829466],[-17.868791672511236,28.61394778998364],[-17.868738980693493,28.61409638808353],[-17.869171140605644,28.61467761533682],[-17.86986362076951,28.615268389982788],[-17.870027385214254,28.615554021425172],[-17.87007705960445,28.61603465365133],[-17.870192380067753,28.616320589577978],[-17.871058282926143,28.617137880617307],[-17.870946358218625,28.617510085493446],[-17.870135461663647,28.618274692929127],[-17.869923648333643,28.61860147665496],[-17.869587057639208,28.61982021613273],[-17.869326428167117,28.620378141472816],[-17.869375110892232,28.62049166810239],[-17.869550468513474,28.620556868245934],[-17.869708045169073,28.620712467570772],[-17.8701690578021,28.620816264819254],[-17.870498355692238,28.621109933121144],[-17.87051859870159,28.621237682642494],[-17.87043740331456,28.621447050876373],[-17.870435066367463,28.621635354178515],[-17.870221331910734,28.62210957105551],[-17.870282852411947,28.622300309613955],[-17.870843163230223,28.62253270394988],[-17.87102435894169,28.62248926396835],[-17.871323010975587,28.622250389479213],[-17.87142674731295,28.622283188992483],[-17.871353401284956,28.622484182815572],[-17.87112966041824,28.622654628955225],[-17.871107474973222,28.622755946227706],[-17.87116286245124,28.623006709082503],[-17.870936268314317,28.623263900548977],[-17.87089415139736,28.623474244726584],[-17.87098720634026,28.62364410890434],[-17.871218133872297,28.62373374620273],[-17.871283161135356,28.623809130361863],[-17.871244965809527,28.624125921209025],[-17.871282705073135,28.62422786232652],[-17.871534679276728,28.62431696259206],[-17.871558119002728,28.624373194260755],[-17.871449467664153,28.624652881114564],[-17.87137107382804,28.62470235078674],[-17.871117168772315,28.62468879109858],[-17.870983417366208,28.624882856873768],[-17.870749734819924,28.624898634813253],[-17.870024595402565,28.62481207424569],[-17.869840420132448,28.624731186230413],[-17.869222328879236,28.624783971670762],[-17.86898598812694,28.624664498248418],[-17.8688014296973,28.624749843139345],[-17.86887240707286,28.624998851655725],[-17.868842575029984,28.625292643623563],[-17.869426542192116,28.62515037970951],[-17.869425586985972,28.625227974580792],[-17.869283510586484,28.62541680305264],[-17.869240935260724,28.625617955872613],[-17.869299044782622,28.625687083127705],[-17.869577898229004,28.625640583488355],[-17.869401345159588,28.625914933477638],[-17.869576333502955,28.625921148126],[-17.869602017459684,28.62600088462144],[-17.869540895126743,28.62615913303628],[-17.869331799471396,28.626364716151368],[-17.869281975263277,28.626675168256863],[-17.869194204217678,28.62679338977809],[-17.8692005974978,28.6268780451987],[-17.86930617469524,28.62696330530227],[-17.86929176662491,28.6271476247896],[-17.869003388484472,28.627370221784304],[-17.869009586859093,28.627560418919543],[-17.86890501641921,28.62762487436015],[-17.868882172304478,28.627837335493616],[-17.868310018477402,28.628113750173725],[-17.868275687659377,28.62820468039515],[-17.868377841661616,28.62842712236138],[-17.868757663046544,28.628484022970202],[-17.86901508189722,28.628926878693395],[-17.869562454026617,28.629092078811727],[-17.86960269817283,28.62921841227286],[-17.869587295688962,28.62951640860272],[-17.86981085612383,28.629654191774005],[-17.869848827349813,28.629734569767933],[-17.869636258898346,28.629887909453892],[-17.868911890810487,28.630131471400333],[-17.868877670030095,28.630489400409612],[-17.86871023061241,28.630760850673777],[-17.86885460429046,28.631219631584145],[-17.869030421885093,28.631406234962725],[-17.86891553518874,28.631692808577903],[-17.86868245187695,28.631843875546096],[-17.868854475842454,28.63192863006169],[-17.868915344186366,28.632023857696915],[-17.868894526022284,28.632160505319984],[-17.86910524980069,28.632314797891702],[-17.86911383869166,28.632630326414848],[-17.86869020752579,28.63288014396049],[-17.868605382704782,28.633031678009402],[-17.86860728224133,28.633251733130084],[-17.86850744005565,28.633377426401964],[-17.868348666954308,28.63347911113043],[-17.868137411600518,28.63345562311927],[-17.868019487261915,28.6336682939933],[-17.867953845362507,28.633660664034164],[-17.867717116426615,28.63341491338253],[-17.8676335886758,28.63338871941332],[-17.867500286145923,28.633374403847974],[-17.867297410251773,28.633508592423578],[-17.86724841238004,28.633849695548044],[-17.867325572760187,28.634017643387075],[-17.867430428759246,28.634113744246847],[-17.867376787356562,28.634246576659407],[-17.867200330119392,28.634374793524845],[-17.867132374367458,28.634357289844825],[-17.867021281127272,28.63421982740721],[-17.866946589595102,28.63421780077245],[-17.866871570971174,28.634278923178215],[-17.866797753580855,28.63449697347651],[-17.866606261940387,28.63463633230248],[-17.8665231577251,28.634776102405674],[-17.866517778326067,28.634879047812667],[-17.86681074192945,28.63516239719464],[-17.86682566058242,28.63529738593419],[-17.866708508888724,28.635275511497756],[-17.866360513168164,28.634998739090477],[-17.866212158688818,28.635032548631884],[-17.86612807298597,28.63513625806256],[-17.866170617478193,28.635798350262125],[-17.86598074769153,28.636147847234046],[-17.865926232788972,28.63677501065319],[-17.865857944674705,28.63697618378864],[-17.865549896543957,28.636760876269015],[-17.865066704551527,28.636900543267767],[-17.864660025855624,28.637135558155553],[-17.864038064163022,28.637199229833314],[-17.863723775647784,28.637109360269932],[-17.863383245061605,28.636806263331724],[-17.8631873288298,28.63674546014815],[-17.862633006379493,28.63681491117664],[-17.86127609606144,28.63711149681429],[-17.861126653434493,28.637067749148127],[-17.860872638818176,28.636862942933874],[-17.860537504529216,28.637097336161883],[-17.859097591780994,28.637048370941336],[-17.855596135172714,28.637215174110175],[-17.855479695276003,28.637257319423213],[-17.855226931279393,28.637513415822333],[-17.854975761543272,28.637903881480074],[-17.85453035037651,28.638237635927695],[-17.854543939597157,28.63857057041587],[-17.854367588051872,28.638779050536414],[-17.85431928147447,28.638920786518717],[-17.854404137452722,28.639071441575823],[-17.85434932008353,28.63931253875754],[-17.85404705468496,28.639515554737468],[-17.853932404938988,28.639737166250182],[-17.853910747213693,28.639956817482854],[-17.85358360475341,28.640071957424382],[-17.853376375717367,28.64031085443344],[-17.853022189928943,28.6409717717028],[-17.85241282258074,28.64123976181547],[-17.85161312489572,28.641501709757723],[-17.851581091024553,28.641640396095035],[-17.851047827229216,28.64256272048984],[-17.851232744020784,28.642710332161023],[-17.851482390477898,28.64309385185092],[-17.851622985887097,28.643407414985628],[-17.851607614693755,28.643692908556247],[-17.851744737680974,28.643757636729863],[-17.85185100648598,28.643906038156143],[-17.852744615409307,28.645527111347125],[-17.852960358465246,28.646206307677552],[-17.853047940647336,28.64683498461984],[-17.853032367457114,28.647090588879625],[-17.85326004804062,28.64760626436994],[-17.85360966353659,28.648131095312728],[-17.85359176656318,28.64962343852947],[-17.853778442217298,28.65153440550608],[-17.853893609307082,28.65146280925246],[-17.854341062990393,28.65135824545596],[-17.855326569453766,28.6512792781792],[-17.855705896534854,28.651449670833788],[-17.8563867081382,28.651516488190303],[-17.85667027811535,28.651603413061952],[-17.85701229975535,28.65188484474519],[-17.857204435293085,28.652219953452637],[-17.857195956915355,28.65232206217409],[-17.85707369413996,28.652478078895967],[-17.85569507958388,28.65331350083159],[-17.85513011874512,28.653522063195663],[-17.85470630007273,28.65358061485751],[-17.854369675111432,28.653550740110116],[-17.854108345244075,28.653357866728545],[-17.85361609943711,28.652776583463936],[-17.85339469894284,28.652713679745087],[-17.85314555599368,28.65275157652989],[-17.852675970912635,28.652714000437726],[-17.852010278327253,28.65248561626301],[-17.851610071374797,28.65284245078475],[-17.851295605223378,28.65296918182727],[-17.850774892425935,28.653286454640575],[-17.85029619507006,28.65334149390129],[-17.849750745658678,28.65330487390156],[-17.849172253437853,28.653127174186523],[-17.848884007088145,28.652914597016036],[-17.84870197938889,28.652853220066618],[-17.848602566399215,28.652917291330507],[-17.848523086404732,28.653184099740816],[-17.84838088648397,28.65333322235861],[-17.848301574884523,28.653565452054995],[-17.847357179381717,28.6534061784758],[-17.84674360722556,28.653103371929344],[-17.84595662191811,28.652400095856578],[-17.845523519535167,28.65211513739601],[-17.844867036540847,28.6518889949793],[-17.8432485928831,28.65144672551956],[-17.838886672366858,28.649453665076305],[-17.83836405444286,28.64914710627461],[-17.83811810522225,28.648899691681986],[-17.837263223400825,28.647266876284903],[-17.836887190325648,28.646745258517036],[-17.836557378161842,28.646459006116125],[-17.83535863771982,28.645687615481965],[-17.83490865958369,28.6453434385548],[-17.83460723575951,28.64497179427909],[-17.833167474704993,28.642879423941064],[-17.83289904207134,28.6426694526755],[-17.832591954919167,28.642619049439922],[-17.832409678006634,28.642685104196403],[-17.83225435095202,28.64284079938125],[-17.832193720866577,28.643019770600247],[-17.83218894610727,28.64329860229929],[-17.83256660083379,28.6461637123991],[-17.832803168811477,28.64708967160194],[-17.832782609762255,28.647313808754657],[-17.832573845802987,28.647916232560156],[-17.832822675102168,28.6484233864141],[-17.832837364481104,28.64900760342055],[-17.832730800637737,28.64934178567526],[-17.832166439552662,28.650258345198317],[-17.830879499575435,28.650961799764147],[-17.830496199145497,28.65112045714173],[-17.828647933708595,28.651593375357137],[-17.828054589222532,28.65158580254304],[-17.82768050184874,28.651669281696826],[-17.827123999383648,28.651915357201933],[-17.826578696910072,28.651909002576094],[-17.826290518027935,28.651654536377016],[-17.825949407446455,28.651680836079223],[-17.82535498492746,28.651582798631345],[-17.825334414185377,28.65180747683475],[-17.825139707192957,28.65203840571434],[-17.825170709911994,28.65257581144838],[-17.825104739687344,28.65290551538296],[-17.824811342611458,28.653434402176835],[-17.824622186601715,28.65335581255126],[-17.824428576449066,28.65334334543021],[-17.823416081028302,28.65361889254674],[-17.82272812771324,28.653569990152366],[-17.822075075311997,28.65365726033871],[-17.820762482576008,28.653973421919098],[-17.81899315092879,28.6544897238631],[-17.818799101487766,28.6546137379298],[-17.818022243138994,28.65531457059437],[-17.817081256343094,28.655920492176275],[-17.81684194311818,28.656225855760024],[-17.816562927927137,28.656759812825513],[-17.816553707445077,28.65695800466815],[-17.816716747315336,28.65708901695487],[-17.817580883722325,28.657237547800477],[-17.817779421831734,28.657323078029126],[-17.817940233123434,28.657523592922516],[-17.81788610804824,28.657641084239913],[-17.816053679831775,28.658260145527954],[-17.815327526109023,28.6582581144314],[-17.81499362752271,28.658418958807957],[-17.814668711058797,28.658038240935824],[-17.814415956426824,28.6572951831815],[-17.81387715377866,28.656912091226662],[-17.81345347156804,28.656701078592526],[-17.813112471087685,28.65638510620884],[-17.813458757324977,28.655940873255474],[-17.81410762217001,28.65556858345303],[-17.814452524677986,28.655442070341774],[-17.81455400176595,28.655259549923162],[-17.81452086360741,28.65505276732895],[-17.814330759816926,28.65486548561654],[-17.8130816774778,28.654313237790728],[-17.812923058347952,28.65415596926307],[-17.812650535820183,28.65371601919385],[-17.81251577606627,28.653609671246492],[-17.81229492476611,28.653572765888235],[-17.811952871142342,28.653781733882752],[-17.81122556594227,28.653855746137584],[-17.810300741281804,28.653645938618414],[-17.809276753857883,28.653299212461864],[-17.808411715755327,28.653355762914018],[-17.80813872957267,28.653319138594057],[-17.80555872161044,28.652528688209134],[-17.804304471337637,28.652317024550058],[-17.803417637277768,28.65228955285678],[-17.802865757748204,28.652198463429425],[-17.802255803505965,28.651941305715518],[-17.80125790985615,28.651644473468355],[-17.800852512881118,28.651479866233718],[-17.800568129343617,28.651290879093377],[-17.800993103511924,28.651206528994827],[-17.801097503292727,28.65112765791682],[-17.80128877987169,28.651146734296507],[-17.80130446256821,28.651098900334368],[-17.801399493054888,28.651072065773388],[-17.801297529965797,28.650931786304092],[-17.80142375492628,28.650713176451028],[-17.80149539964757,28.650157135913368],[-17.801544396931593,28.650056405046296],[-17.8018609103016,28.649813382649192],[-17.802357569493694,28.649482069108757],[-17.802837132724058,28.649289401471698],[-17.803078265710557,28.649220434511918],[-17.803825111766606,28.64915744116679],[-17.804158936857828,28.648924687465737],[-17.80486252456459,28.648306697821113],[-17.805051705556725,28.648200444634814],[-17.805763656007745,28.64807413334666],[-17.806124084424297,28.648150499226308],[-17.80706394217884,28.648154466288954],[-17.80759446080142,28.647949833109156],[-17.808282882031246,28.647863694590814],[-17.809624060744518,28.647835752726554],[-17.810334564901183,28.64773639131678],[-17.81134104121021,28.64778492334191],[-17.81201803762068,28.647593797671757],[-17.812743214369696,28.647305761398634],[-17.8123316662645,28.64685209128373],[-17.81246988555447,28.646414276953667],[-17.81236998679687,28.646010004712704],[-17.812339423001216,28.64547185255462],[-17.811258594108033,28.64556301140785],[-17.81088681214686,28.64565185322018],[-17.80988380725334,28.644103318485083],[-17.810562841785668,28.6437888750784],[-17.81284501096927,28.6430355660365],[-17.813498725580843,28.642712081928366],[-17.81377790411069,28.64262664658964],[-17.813215789256276,28.640446294812925],[-17.813330913991436,28.639946176862317],[-17.813560832897803,28.63929861423794],[-17.812289996116878,28.638146624366158]]]}},{"id":"83","type":"Feature","properties":{"categoria":"Parque Natural","nombre":"Las Nieves","codigo":"P-3"},"geometry":{"type":"MultiPolygon","coordinates":[[[[-17.73537204774475,28.758768353289206],[-17.73555630921118,28.75862432203425],[-17.7356428455265,28.758456515411922],[-17.73590221384088,28.75820092664196],[-17.736278601483715,28.757992138367364],[-17.73665620128845,28.75802598208279],[-17.737040847764508,28.758212132151204],[-17.73735462563928,28.758271623352556],[-17.737529939787258,28.758438561176852],[-17.737623705388753,28.758461918355803],[-17.73810895653496,28.75830594449853],[-17.738278193508517,28.75808330943076],[-17.73886653640342,28.757680781064238],[-17.739610197117354,28.757737862174523],[-17.739867563602555,28.757871559710885],[-17.74020017579015,28.758338398297266],[-17.740741126687748,28.758825363547956],[-17.741125126737636,28.75906473674338],[-17.741587213637633,28.75923667227937],[-17.741753218938303,28.75955624308282],[-17.742066097948346,28.75981600082704],[-17.742319018063533,28.760170790724317],[-17.74333219283169,28.761059497341122],[-17.743397888574766,28.76137929940332],[-17.743714284017525,28.76181217869054],[-17.743775891084795,28.76201479453198],[-17.743965648957342,28.762146248930136],[-17.744361628373092,28.762646968461475],[-17.744335534892354,28.76282340225435],[-17.74446627918841,28.763085953163806],[-17.744516135382614,28.763504401836972],[-17.744713805437513,28.76382061825917],[-17.744846494322626,28.76435284766537],[-17.74486387408856,28.765446703541876],[-17.745067083633238,28.765466026024775],[-17.74511994406354,28.765529900235293],[-17.74499136354277,28.76605390995417],[-17.74553304741616,28.76676184437586],[-17.745709855156367,28.767217681132852],[-17.746187029022476,28.76754568333739],[-17.74633670463641,28.76758630791487],[-17.746474645617422,28.767557296871512],[-17.746619356243684,28.767408046692335],[-17.746653475291208,28.767197721100818],[-17.746584448996312,28.766832263425037],[-17.746491666425843,28.766694393503553],[-17.746587720088566,28.766578887253026],[-17.74674455423077,28.766514554575668],[-17.747329010453527,28.76651139519969],[-17.747500282781818,28.765485939809864],[-17.747584599195264,28.765300797635312],[-17.7479316914872,28.764935604260646],[-17.74827117595024,28.764657921132994],[-17.748650162512934,28.764456677088763],[-17.74874356381881,28.76432919892108],[-17.74934215954905,28.763994784237855],[-17.750040054574512,28.763748507438383],[-17.750148352333067,28.763797481482907],[-17.7501704953906,28.76390049332551],[-17.749978035634435,28.764183786892396],[-17.749999829671005,28.764343784682534],[-17.750186588831042,28.76440023393665],[-17.750509470951297,28.76429655124335],[-17.750730365954368,28.764144848884857],[-17.75093794070849,28.763792214900313],[-17.751257843608162,28.763455784251768],[-17.752069459268146,28.76343239764456],[-17.75271582011425,28.76314219763039],[-17.753062990341405,28.76306824942542],[-17.75327665166889,28.76292631888238],[-17.753910677559695,28.762300850832474],[-17.754376113897802,28.762067122067148],[-17.75449372192787,28.76215297199965],[-17.7546414783129,28.762158933319167],[-17.754701487739386,28.7618600547402],[-17.75487824137055,28.761544433502763],[-17.75558511856749,28.760885917790464],[-17.755627958084165,28.760521628788343],[-17.75584755512757,28.76010070014334],[-17.756492586370392,28.75931213797065],[-17.756932201679174,28.75891663789367],[-17.757135417333423,28.758657105485664],[-17.757064464352744,28.758212429244786],[-17.75706968392782,28.757890790880015],[-17.758126249912447,28.757800000349206],[-17.75830106439165,28.758014168745685],[-17.75858413909143,28.75802800254588],[-17.758922604967886,28.757693498773037],[-17.760088632436982,28.757200373431186],[-17.760803486984884,28.757291626948323],[-17.761303408433008,28.75728201901757],[-17.76319833309774,28.75667107192768],[-17.763248656234275,28.75674177419344],[-17.763261491538703,28.756965872389006],[-17.763120435816457,28.757232575640323],[-17.763180084357643,28.757272570354335],[-17.763357966749254,28.757201086402606],[-17.76377230890968,28.756707153607465],[-17.763785194374005,28.756552087089283],[-17.763622151410928,28.756044225380336],[-17.7636642878374,28.755862156902435],[-17.76378160478931,28.75566585782777],[-17.76402406162698,28.755373985893122],[-17.764632274054527,28.755022640731422],[-17.76521563059072,28.754606934715582],[-17.765474550799308,28.754268456626033],[-17.76588616525065,28.753554660564433],[-17.766713013202697,28.753149603471634],[-17.76814699046261,28.752956928479488],[-17.769676597134115,28.75208004058277],[-17.769841508779002,28.751924120270417],[-17.770004894119147,28.751634843522524],[-17.77020480935296,28.751508279565286],[-17.7713894945748,28.75135771392452],[-17.77148510485335,28.751271923633354],[-17.771672249824757,28.7508825972931],[-17.771878325851404,28.750321130186798],[-17.77216552237416,28.7500785354914],[-17.772714960990562,28.7497805558175],[-17.772848060856184,28.749632348348516],[-17.773001887001936,28.749316058616476],[-17.773111588614267,28.74923490323555],[-17.77446922128169,28.748417279128557],[-17.77482674497546,28.74829651888523],[-17.775133705469965,28.748272955989897],[-17.775327696730027,28.748207323435544],[-17.775424713379294,28.747885532416465],[-17.776084930742105,28.747368968220176],[-17.777648996633015,28.746965355114963],[-17.778885237209845,28.74650924922782],[-17.779400122657524,28.746149054447528],[-17.780020087759123,28.744991433494683],[-17.78082797821997,28.74445702384723],[-17.782054499010155,28.743538363525392],[-17.782596163347808,28.743232135354784],[-17.782718472518198,28.74288744821634],[-17.782769646069543,28.742533086037195],[-17.782977647169144,28.742369182337043],[-17.784135945422566,28.74220410682357],[-17.785463600455998,28.741680895886418],[-17.78636982163445,28.741706750167708],[-17.78673256197818,28.741668227935918],[-17.78723682074444,28.74134646271033],[-17.787618021619615,28.74124469317136],[-17.78813136946777,28.741205476819122],[-17.788302118246722,28.741065607230496],[-17.788641315323744,28.740603456679263],[-17.788782635295465,28.740491246612113],[-17.789824607212537,28.73995834059385],[-17.79038752499284,28.739784408118233],[-17.791026285513567,28.739680691792213],[-17.791376082257113,28.739686517186133],[-17.792355241360642,28.739378220370362],[-17.79366766220561,28.739367260235696],[-17.795115002021436,28.739008750210985],[-17.796012983508355,28.73885842343773],[-17.796507007213492,28.738704961343622],[-17.797622983848633,28.738535886005547],[-17.79800538570991,28.73852796649005],[-17.798528779544988,28.73839298527718],[-17.799251331806534,28.738530579083218],[-17.800157111559297,28.738928788689236],[-17.800527882324104,28.739026137539472],[-17.801097367973146,28.738987639142103],[-17.80133694680453,28.738903092715706],[-17.801763673869782,28.738865594298222],[-17.80230391845036,28.73860637090582],[-17.80294921250567,28.7383733533819],[-17.804281197768518,28.738367585513583],[-17.804607864484336,28.7384414201453],[-17.805223127290603,28.738462012425924],[-17.80616159620068,28.738608778116657],[-17.806784403811662,28.73887163126813],[-17.80710025540297,28.73892939344821],[-17.80845082389105,28.739624339384626],[-17.809174129041963,28.739730111279876],[-17.809615487404457,28.739927194118277],[-17.809832242231675,28.73997012437304],[-17.810255987758293,28.73993519575221],[-17.810611181495624,28.73981394123908],[-17.81109054597585,28.739784527974734],[-17.811631681335605,28.73956238668606],[-17.812044948681933,28.73954100282699],[-17.812372556117126,28.7395980837315],[-17.812716627041155,28.739728310491582],[-17.813215827828504,28.739742144596825],[-17.81389440148042,28.73987312341217],[-17.81435284415356,28.739902072549484],[-17.815158838890543,28.74016644522522],[-17.815695068112205,28.740166445827636],[-17.815987378443314,28.740282227667986],[-17.81682608427396,28.7402017162099],[-17.817994444013678,28.739746371815457],[-17.81884590898821,28.739660259862713],[-17.818992214391173,28.73967971282933],[-17.819717125029587,28.73996569386296],[-17.821581203457324,28.740023966859308],[-17.82195667358783,28.739999219739616],[-17.82321485205279,28.739670405277337],[-17.823906376123535,28.739209785224986],[-17.82432469342651,28.73879418659813],[-17.825242572175902,28.73817927630593],[-17.825499970433455,28.737884828274776],[-17.825687034967263,28.73745963955359],[-17.8255099041235,28.737335404116273],[-17.82537278462596,28.73714613775154],[-17.82537284060422,28.73653996696468],[-17.825216627988045,28.736363728194274],[-17.824429465983176,28.73590210665512],[-17.824404225568593,28.735762818342597],[-17.824525418876885,28.735664668555607],[-17.825123943036143,28.73554390949519],[-17.825964019916466,28.735234079694393],[-17.826150339810933,28.73504616654709],[-17.826110292156958,28.73488914762444],[-17.824928498121558,28.73463242724729],[-17.82418385336377,28.73434310595404],[-17.82332814245797,28.734223880632783],[-17.822983955645842,28.733831469243672],[-17.822302703292834,28.733225179703233],[-17.82135222873692,28.73332156896482],[-17.821018755818137,28.733310662727806],[-17.82089453112317,28.73321722521047],[-17.820487335432414,28.732450792232044],[-17.819966133411704,28.73202580529251],[-17.819763730670967,28.731952805793735],[-17.81966105706492,28.73197655239657],[-17.819301022502458,28.732218325518982],[-17.81898457640431,28.73224187756851],[-17.81879784205342,28.732206227969094],[-17.818197349028644,28.731589264717503],[-17.81724928066692,28.731139306659713],[-17.817163765230607,28.73106451532389],[-17.817004670864964,28.73075298351801],[-17.816890306843053,28.730672091256263],[-17.816687666820336,28.73058092470612],[-17.816186157724733,28.73051602168801],[-17.815839252819195,28.730418371074975],[-17.81543305318021,28.73016920310545],[-17.81518311373075,28.729520826437145],[-17.815008304872677,28.729298831296187],[-17.813966965414206,28.72879333124447],[-17.813670081608958,28.728556755539],[-17.81310893292818,28.728247642649052],[-17.812901576757092,28.727731856211477],[-17.812424961916026,28.727142716154223],[-17.811697588977236,28.72643856243078],[-17.811276650609003,28.726137134111877],[-17.81097085749721,28.725831387834983],[-17.8103763929301,28.72496510585025],[-17.810105194654458,28.724972531688],[-17.809852157640336,28.724834539407635],[-17.809505502182464,28.72440530098346],[-17.80880049234947,28.723826824809354],[-17.808496572397367,28.723679730272995],[-17.80809145589426,28.72362785611137],[-17.80802912465622,28.72358419328508],[-17.807903355668802,28.72307431767921],[-17.807682718010884,28.722638333072673],[-17.8075883764907,28.72254139262319],[-17.807366803908334,28.72245158736733],[-17.806916096652746,28.722146850419644],[-17.80674891725758,28.721903238856438],[-17.80651414890487,28.7211728569597],[-17.806447005961882,28.720506194659517],[-17.806272641971624,28.720170562390557],[-17.805534271840614,28.720371065791674],[-17.805063748786885,28.72037812632419],[-17.804475912294407,28.720283884053025],[-17.80413568381505,28.720303572360905],[-17.80389944737604,28.720270587635675],[-17.80343934330624,28.719977946053643],[-17.8030572083333,28.719846054554306],[-17.802808676457868,28.71981242080862],[-17.802483006840337,28.71991749765322],[-17.802339234718232,28.720166738336747],[-17.802187955232032,28.720288043522736],[-17.801828799179106,28.72032706151301],[-17.80156483053833,28.72021346310566],[-17.801175987706557,28.719830033313013],[-17.800895827540543,28.71964640917385],[-17.80056832900974,28.71968296354593],[-17.79999314632564,28.71990956908761],[-17.799427235348787,28.719869875289092],[-17.798981525164532,28.71930666518225],[-17.79845656590645,28.718849010556145],[-17.798322804233973,28.718667761653833],[-17.798080144107338,28.71870074920409],[-17.798001367557085,28.718778152393853],[-17.797556153813535,28.718966876848587],[-17.797265463377343,28.718963873030134],[-17.79701293002406,28.718895131198824],[-17.796537350272065,28.718635258921577],[-17.796346776446903,28.718472322372545],[-17.796399228532643,28.718213250232825],[-17.796378434087565,28.71808558906674],[-17.796003802188903,28.717543087723012],[-17.79584639714083,28.71712688946333],[-17.79549420210451,28.716696678813722],[-17.79525054354256,28.716615121048484],[-17.79489312041867,28.71660356928486],[-17.794469106475745,28.716819808679034],[-17.794024432341992,28.716809517310665],[-17.793614929117066,28.71644417094041],[-17.793405921459716,28.716010994706135],[-17.792192464791366,28.71555346871561],[-17.791827624532583,28.715301213349377],[-17.791596373648986,28.715031765067803],[-17.791373203666012,28.71460428989246],[-17.790861165435516,28.714049274758583],[-17.79077586911915,28.713611735117627],[-17.790607845575614,28.71337255128422],[-17.790452913336726,28.713318018241957],[-17.790081389024245,28.713391537439335],[-17.789861380307144,28.71334087269221],[-17.789171045327755,28.71272169556772],[-17.788595566391724,28.712501199183432],[-17.78808722150701,28.712431402214424],[-17.787731025580555,28.712272770231603],[-17.787674761466512,28.712157565292777],[-17.787664498801263,28.711770794743845],[-17.787509672023216,28.71160440094104],[-17.787120210703776,28.71146449425118],[-17.786869035494867,28.711253179185583],[-17.786670200387313,28.7111634643684],[-17.785533523064075,28.710908805704552],[-17.78618808687066,28.710362470860673],[-17.78656912915784,28.709750734631605],[-17.78689520291602,28.70941486118957],[-17.78925081570537,28.708216544570394],[-17.793343321729786,28.70353274667812],[-17.79713028511415,28.701645862613532],[-17.800257723288727,28.699913758278853],[-17.80342658494909,28.698254985612827],[-17.80398454505275,28.690498809035034],[-17.80460925372684,28.690275830502422],[-17.806454219783692,28.69050157809418],[-17.807567023761692,28.69047865216371],[-17.808367321116553,28.69069007378065],[-17.80925084121904,28.690760548441318],[-17.810102762338296,28.69090836607526],[-17.811037153052183,28.691248034658233],[-17.812169040861043,28.691428996686305],[-17.812941012515644,28.691737796153046],[-17.81357229609544,28.69210438063138],[-17.814135890696928,28.692161335582174],[-17.81510332796789,28.692134615281866],[-17.81588116091649,28.69239821797553],[-17.81669248211755,28.692383107818888],[-17.81853593137491,28.69281627922522],[-17.819266469540214,28.69277492785272],[-17.820138391567102,28.692633446887697],[-17.820747748167975,28.692646861086672],[-17.821494693978924,28.692586501223676],[-17.822892835703428,28.6926580721208],[-17.82367447619996,28.692787271050793],[-17.824492193854347,28.69248173896824],[-17.825152099211163,28.692305307013488],[-17.826998015347314,28.692152000345516],[-17.827604150132235,28.692026356174345],[-17.827904972149373,28.691909168898444],[-17.82844197501213,28.6919053982443],[-17.829734364152046,28.692140169615136],[-17.830288468813873,28.692143493570914],[-17.831426773922786,28.69201146532202],[-17.832935861327474,28.69159320114291],[-17.833473570377095,28.691500346426487],[-17.834757124210757,28.69144523098561],[-17.835156423658724,28.691565346688883],[-17.835625826789027,28.691593183013605],[-17.835778964989746,28.69173339594919],[-17.835928074330372,28.692293140932648],[-17.835809768823342,28.692989289222535],[-17.835844265533826,28.693737257422693],[-17.83600594533582,28.6941181349066],[-17.836485471113964,28.69482654313845],[-17.836639354040013,28.69524648365683],[-17.83677206388673,28.695460321589856],[-17.83696036068035,28.695655176140196],[-17.83736150588766,28.695931685931388],[-17.837880430182206,28.696466465401457],[-17.83876327240356,28.697154526222963],[-17.839169940608524,28.697403320829345],[-17.839292496890096,28.697568670475142],[-17.83945063477616,28.697968442627417],[-17.839585325650862,28.698093649084484],[-17.839953536525496,28.698246784944224],[-17.840523792574672,28.698854261223715],[-17.841679736673463,28.700255927074803],[-17.841900623749417,28.700695816219273],[-17.842129760888124,28.70095379854162],[-17.84212694977295,28.701107492177425],[-17.842183324273467,28.70121693264265],[-17.842587772415108,28.701661161014847],[-17.84272447919572,28.70173613229174],[-17.8429627757339,28.70222741192422],[-17.84331369492499,28.702752647436643],[-17.84372248290249,28.703082348526028],[-17.843979498220897,28.70322649044408],[-17.84447072612383,28.703787693608025],[-17.84493735249599,28.704040087179994],[-17.84525502789264,28.704117949452794],[-17.84544985209408,28.70421973876695],[-17.845488413747525,28.704314226927963],[-17.84546018397357,28.704823116624194],[-17.845348869426154,28.705393325248632],[-17.845244971865196,28.705615526771542],[-17.84533728798223,28.706012643153933],[-17.844732389912007,28.707073679821146],[-17.84476889046794,28.707511119319943],[-17.844465556812693,28.70802615861116],[-17.844154640929588,28.708771465490873],[-17.844160065071982,28.7088433336037],[-17.84430348069787,28.709027397739344],[-17.844345778242868,28.709244348703614],[-17.84434902843223,28.710063596755845],[-17.84430917539108,28.71026576904939],[-17.84413619309501,28.710656380837175],[-17.84378302336762,28.711126193294966],[-17.84357135351271,28.71121408428793],[-17.843308017434005,28.711597034341274],[-17.843137307290725,28.711965948491123],[-17.843162248847328,28.712135186510903],[-17.843363396766367,28.71236539382753],[-17.84345674586405,28.712563230454332],[-17.84349103429637,28.71291899255541],[-17.843464855818638,28.713089666663272],[-17.843248004050796,28.71340588068417],[-17.843051372247945,28.713853005111915],[-17.842961081558105,28.71393455375496],[-17.84250375984057,28.714140634744197],[-17.842214245144337,28.714354370962205],[-17.841830046595412,28.714532753198263],[-17.84113507939553,28.71530065148503],[-17.840264865624547,28.71603226930002],[-17.839609898559857,28.716005800586153],[-17.83918350556912,28.71621726486032],[-17.838720924596227,28.716350559899563],[-17.83871671552722,28.716399267964917],[-17.838505470855626,28.71646558412361],[-17.837945233579646,28.716790625407683],[-17.83775310587691,28.717083581225292],[-17.837627698000187,28.717918341440058],[-17.83752772388534,28.718096247013325],[-17.837374407275977,28.71863283903973],[-17.83740587995366,28.718794093560103],[-17.837698266579633,28.719170597927235],[-17.837769295871997,28.719337787016368],[-17.837726975235828,28.7199149855644],[-17.8376628383758,28.720165744819763],[-17.837673540111776,28.72039517812793],[-17.83744435703724,28.72118554501208],[-17.83737848559129,28.721714897892262],[-17.83746281541174,28.72186869220157],[-17.837632602863174,28.72202069207641],[-17.8376486371553,28.7222183429336],[-17.837763363144855,28.72250821107865],[-17.838116642622904,28.722944313402596],[-17.838121579036,28.723395768014687],[-17.838229678102845,28.72352591630254],[-17.83829606791341,28.723805234909893],[-17.83844871196319,28.72403872250638],[-17.838399360002803,28.724359439924985],[-17.8382430320044,28.724534831462744],[-17.83785819680374,28.724774556025654],[-17.837648651229106,28.72496874439534],[-17.837402379949037,28.725053565235743],[-17.836908914903237,28.7254428703703],[-17.83668613185779,28.72570778417737],[-17.836253300064964,28.726012105502033],[-17.83597156484733,28.726299543618502],[-17.835663430842672,28.726757658959077],[-17.8355912015202,28.72696028334178],[-17.835533187775344,28.727303164455865],[-17.835618167670194,28.727479794634853],[-17.835566155620423,28.727975552936755],[-17.83573697910414,28.72841225121293],[-17.83576845356531,28.72866821951181],[-17.835525107107333,28.729324703594532],[-17.83553752420095,28.729424487674915],[-17.835709956944108,28.729689558014336],[-17.83568969520419,28.730225665432165],[-17.83581410269586,28.730471781408426],[-17.835720315974118,28.73111031542167],[-17.835728990814854,28.73144280361547],[-17.835669695498353,28.731668564419078],[-17.835794649117563,28.732123092856604],[-17.83522961828513,28.73242549614152],[-17.83516644008533,28.732499976882636],[-17.835157597370728,28.732600739277782],[-17.83531711683206,28.733524538769668],[-17.835452495878208,28.733734171839135],[-17.83570137032761,28.73439341388485],[-17.835601379604007,28.734709582758043],[-17.83559122223586,28.735086683795444],[-17.835454017699988,28.735783507222052],[-17.835379933294664,28.735928638817708],[-17.835308346792708,28.736412097970955],[-17.83555727839614,28.737214482363044],[-17.835423058161542,28.737393782387137],[-17.83537471865969,28.73773877852294],[-17.83515321633915,28.738057795075544],[-17.83509058976586,28.738250548030845],[-17.835454602344598,28.73916844899307],[-17.83564284870545,28.74010970254029],[-17.835636966544413,28.740243877206307],[-17.83537318273667,28.740831126483755],[-17.835355884307205,28.741759023522157],[-17.83551648786804,28.74196387777081],[-17.836083545760754,28.7422269401764],[-17.83641400630926,28.74244228057545],[-17.836756414411187,28.74286855308967],[-17.836954500376706,28.743026001170392],[-17.83716878365163,28.743130267657598],[-17.838090183311756,28.743398903360713],[-17.838302955959136,28.743577788711853],[-17.838316382748467,28.743697287408228],[-17.83815948817338,28.74402068819061],[-17.838124530762414,28.744422321802578],[-17.83813478186826,28.744670733482177],[-17.838260438599633,28.745146693232016],[-17.838541411257545,28.745657301270015],[-17.838692995178818,28.74617933253328],[-17.838881363955355,28.746368056478932],[-17.839280002754858,28.746642482124113],[-17.839647098401795,28.746793260739718],[-17.840391788453154,28.74686363806284],[-17.84067536619253,28.747105128336553],[-17.841021863971267,28.747278670501643],[-17.841323675369452,28.74752930117624],[-17.841896896647093,28.747624925615863],[-17.84202859179815,28.747837884048113],[-17.842521022483336,28.748143340043175],[-17.842735082045877,28.748341872655885],[-17.8432315040149,28.748493454816522],[-17.84372341852488,28.74876905976921],[-17.84423115074936,28.748899761505662],[-17.844532974194887,28.74915038408234],[-17.845476318340868,28.749605448741118],[-17.845782991308596,28.749650953104883],[-17.846079609060574,28.749525797467278],[-17.846313685299094,28.749539383229653],[-17.847133364034725,28.74974671117508],[-17.84871221200326,28.749894329034024],[-17.849409386423577,28.750030386736967],[-17.849595076160586,28.750115399754304],[-17.849840899559805,28.75038912843441],[-17.850534602701227,28.7516235692816],[-17.851084873131523,28.752303184986083],[-17.851819055561027,28.753468669118146],[-17.852692045581794,28.753876690407637],[-17.853543632032743,28.754455751980892],[-17.853584953034584,28.754793369361053],[-17.85351996109788,28.755048662566992],[-17.85340638471109,28.755235346060093],[-17.852700298487772,28.755836119790594],[-17.852650743622352,28.756030587780018],[-17.852492776377627,28.756271671355883],[-17.852092392647066,28.75668238631234],[-17.851866319663717,28.75703894167906],[-17.851541946908714,28.757381588687473],[-17.851357787470068,28.75754537946152],[-17.85058786520768,28.757910222508144],[-17.849893710345526,28.75844353925736],[-17.849527406346503,28.758978945773816],[-17.849570620929985,28.759462430613233],[-17.849510310574782,28.759612447386665],[-17.849024310399976,28.760117535936907],[-17.848476597872192,28.760592047226623],[-17.847629706572505,28.76172165786937],[-17.847056451787804,28.762325936035705],[-17.846689155987125,28.762620723274445],[-17.846208978740517,28.762798325563853],[-17.844809228546794,28.763561086983024],[-17.844469698232132,28.764303688032093],[-17.844271543924933,28.764478518922058],[-17.84392328975782,28.764666836760423],[-17.843876367668855,28.764729012837325],[-17.84387847471544,28.764985976783457],[-17.84364725777188,28.765263685979814],[-17.84322146967571,28.76592984782722],[-17.842912051511547,28.76612738856172],[-17.84254424335411,28.766526207707358],[-17.84237683777374,28.766911019476638],[-17.842284946477676,28.76739757761517],[-17.84210880373395,28.76775850696847],[-17.841960418679918,28.767950488287028],[-17.841524378151536,28.768266121698332],[-17.841424192499762,28.768596063474774],[-17.841028268343,28.769199482123668],[-17.84065668521215,28.76958233778432],[-17.84050910483686,28.770251798543402],[-17.840026548552448,28.771088660424354],[-17.839715915205147,28.771148649406133],[-17.838815438731057,28.77103217603512],[-17.83843984273767,28.771043636953586],[-17.838155348884513,28.77113513989361],[-17.83794721674727,28.771360449594624],[-17.837689072206917,28.771529793048728],[-17.836572583613528,28.77183297751783],[-17.836234415068812,28.772032503995998],[-17.83504367235112,28.77239247667552],[-17.83488791464504,28.77249996836783],[-17.83460053633178,28.772933610789273],[-17.834144243691973,28.773249647484104],[-17.833620053989513,28.77374527719577],[-17.833512134850153,28.77379029883288],[-17.83306236303025,28.773749856910054],[-17.832741683752793,28.77384923445779],[-17.832274517538444,28.774211812751084],[-17.831982273602847,28.774354241262344],[-17.831332151073788,28.774827554599273],[-17.83078628931612,28.774970853116606],[-17.82995478921146,28.775501418293462],[-17.829681427747317,28.775557031533342],[-17.829228571230182,28.775402606808736],[-17.82910786034516,28.775422961012655],[-17.828847286563665,28.775503245757708],[-17.828309208111722,28.7757853476561],[-17.828036315082436,28.775858762969076],[-17.827617162740264,28.776092042133808],[-17.82712034592545,28.776255677102164],[-17.82676419489642,28.776152967742046],[-17.826672767546935,28.775940551816067],[-17.8266185425862,28.77591164858729],[-17.825572873633806,28.776064250924716],[-17.82484005686929,28.776425454005793],[-17.824495013789445,28.776671425057625],[-17.823895647134513,28.77692984233132],[-17.823167252798196,28.777650632855963],[-17.822710105532398,28.77797466124761],[-17.822428048660072,28.778308395204807],[-17.822201983247027,28.77846991399484],[-17.8218222678124,28.779229735566567],[-17.821131049862057,28.780915052381154],[-17.820977140272994,28.78143513570228],[-17.821069464723045,28.781859868692898],[-17.820760490033816,28.782115829659737],[-17.820413845888627,28.78256994258097],[-17.820393461477526,28.7827255186884],[-17.820444354081978,28.78301851872063],[-17.820391761349793,28.78315672720822],[-17.819885215124486,28.783528487132624],[-17.819579597834576,28.783985529549845],[-17.819013693146985,28.784647719355817],[-17.81891451156291,28.78489631749719],[-17.818970648137935,28.785509792186957],[-17.818721484132116,28.78596087299029],[-17.818526294137104,28.786165201745515],[-17.817572075079923,28.786807532791187],[-17.816998198627903,28.787254294981615],[-17.816560605039196,28.78824935495229],[-17.81636001997434,28.788557978764576],[-17.816055560987735,28.78886877004628],[-17.815600462972295,28.78963606764984],[-17.8151986720336,28.790779122884125],[-17.815050610937906,28.791624894698735],[-17.814882495567637,28.792124702576842],[-17.814645688371186,28.792491900505922],[-17.814426146253115,28.792629079335512],[-17.81384983109079,28.792864804149595],[-17.81353365588447,28.793102318825085],[-17.813114332289462,28.793647413264658],[-17.81313858725676,28.793982285109283],[-17.81331368612649,28.79425646185282],[-17.813455544459494,28.79437203165827],[-17.813683429861197,28.794392717133267],[-17.814169677159207,28.794287862498578],[-17.814697793948948,28.794567302428767],[-17.81485748703367,28.794847210499977],[-17.814812746208823,28.795201742254815],[-17.814726766298524,28.79527930702746],[-17.814177120098442,28.795517183597926],[-17.813930879848357,28.795712829537667],[-17.81381383081762,28.795945109659264],[-17.813713760905344,28.796527206364626],[-17.813566106178037,28.796748578510634],[-17.813306118042608,28.796790983454397],[-17.812851428120826,28.79670638122395],[-17.812506416387542,28.796755337995105],[-17.812052665163446,28.797018268552765],[-17.81156120443482,28.797478627746145],[-17.810697507109868,28.79784390823081],[-17.81053804298011,28.79796900536176],[-17.810474439104798,28.79811736253791],[-17.810168838484124,28.798368180593624],[-17.81016415990076,28.798499073589564],[-17.810346795014233,28.7986648525158],[-17.811004637233545,28.798984901721823],[-17.811241703969994,28.799347091449953],[-17.811288007358726,28.799469705758],[-17.811234550729274,28.799717526975975],[-17.8111826015902,28.799815578512302],[-17.81105067932252,28.799898608703792],[-17.810853557386352,28.799918050496988],[-17.81059114606127,28.799832411714767],[-17.81022574332042,28.799534232694988],[-17.809609330041898,28.799193472143074],[-17.809018368405678,28.799190443138222],[-17.80888364807339,28.799245566314013],[-17.80872383343021,28.799395925865234],[-17.808679970283514,28.79951681019147],[-17.808707332542962,28.799658762666503],[-17.80897200891034,28.799867035310637],[-17.809514229406552,28.80003795646914],[-17.809616281116735,28.80016590513006],[-17.80961641667512,28.8002739664943],[-17.809420431432606,28.80043500258331],[-17.809086016458384,28.800566447489587],[-17.808574192330237,28.800955959979312],[-17.80843170028434,28.80098869363968],[-17.808281204652744,28.800952136773045],[-17.80821311247766,28.800857036026372],[-17.808248078249342,28.800633504599713],[-17.808196459054766,28.800541669085845],[-17.808017357046467,28.800423621794543],[-17.807635921618918,28.80033693656376],[-17.807187474520575,28.800493210722834],[-17.807177247766102,28.8006846558449],[-17.80729300080868,28.80102953230527],[-17.807291196162325,28.801267708197624],[-17.80723878481262,28.80137541984664],[-17.807025044278816,28.80157723352417],[-17.80671049655091,28.801533263809283],[-17.8062088028764,28.80111703580387],[-17.805267543546904,28.800921024019523],[-17.804931309004136,28.800984843740466],[-17.804594008427696,28.801123554146283],[-17.804274366238865,28.801500937394977],[-17.80373317799273,28.801789112310107],[-17.803550162085607,28.80180013210385],[-17.80286876611335,28.80163298058236],[-17.802465134718375,28.801665901489418],[-17.802231908221373,28.801790537263376],[-17.80199274678479,28.80207603968306],[-17.80191015436829,28.80228071439922],[-17.801892660114458,28.802736608587395],[-17.801809951972906,28.802822216217653],[-17.80159668655071,28.80285100048533],[-17.800705635450363,28.80277117987587],[-17.800374533022087,28.802835784108503],[-17.800064268609326,28.803066832797107],[-17.799467681498275,28.803734999026535],[-17.799361957046273,28.803764254252574],[-17.79911378978904,28.803721144555098],[-17.798791151758934,28.80348203216108],[-17.798709100179252,28.803477420157467],[-17.79835547429554,28.803963740759308],[-17.797943776318707,28.804269954466864],[-17.797777589401882,28.80429775640348],[-17.797577406657883,28.804210801670337],[-17.79750649735965,28.803734189428077],[-17.796929029353603,28.803815620767953],[-17.796631419424966,28.80375413761494],[-17.796326414478695,28.803580683073115],[-17.796072059517904,28.803210073710172],[-17.795629543211543,28.803167828356013],[-17.79512219783269,28.802768813290978],[-17.794676250937467,28.80278977886671],[-17.794312911927538,28.802606071921026],[-17.793753560279047,28.802522040039648],[-17.792938011545054,28.802655300701502],[-17.79278795127073,28.802555465562225],[-17.79249668431563,28.802146932473445],[-17.792314875745234,28.801564546673564],[-17.792372332804618,28.801321004898934],[-17.792287451274774,28.80077606813933],[-17.792708154618396,28.800485552050006],[-17.793105543163787,28.800280066132462],[-17.793543017353443,28.79989902297282],[-17.793752654448948,28.799786202072582],[-17.794140271977437,28.79969363515895],[-17.794423665516693,28.799529952876348],[-17.794481858518086,28.799314575066308],[-17.794611418250255,28.79913717440534],[-17.794706209768556,28.798814424618886],[-17.79513769099886,28.798311496252047],[-17.794745256825227,28.798206122869136],[-17.79450686946588,28.797986651415247],[-17.794255016910775,28.79794925258323],[-17.793303387563586,28.798144153739354],[-17.792435967651304,28.79843261909706],[-17.791707364254634,28.79844769735776],[-17.791322089856568,28.79838803350765],[-17.790205600827516,28.798005333439782],[-17.789018418468046,28.797910124199262],[-17.788188255357355,28.797713109519453],[-17.78815420178106,28.797634911161346],[-17.788234964807987,28.797380293031708],[-17.788335055441717,28.797334235051835],[-17.78855719226349,28.797062954415125],[-17.788643287681445,28.796790661991754],[-17.788686307798706,28.796485422049408],[-17.788631952304176,28.796367799979375],[-17.788665762428774,28.79621465517073],[-17.788457405664996,28.79592760008006],[-17.788523924034543,28.79417783717094],[-17.78889933125906,28.79319941549234],[-17.789040166412057,28.792965427002247],[-17.789253851701258,28.792825738972038],[-17.790123700151433,28.79259359126644],[-17.790562156834376,28.792429534602213],[-17.790706150169495,28.792313836843128],[-17.79156734115688,28.79199731037116],[-17.79287989080544,28.791102192078917],[-17.793573109435446,28.790721494577053],[-17.79390384320453,28.790415934733993],[-17.79425083455515,28.789939559894716],[-17.79453149722169,28.789674490979515],[-17.79512793610209,28.789261972625848],[-17.795552878434233,28.78889246016293],[-17.796053518430796,28.788724275075776],[-17.796397933497055,28.788452243878165],[-17.796865435837468,28.787880364935443],[-17.797109846364094,28.78769494435498],[-17.797861076588145,28.78757228964264],[-17.7981377454803,28.787397465036644],[-17.7984634882663,28.78690600599539],[-17.798954576746343,28.786619660641204],[-17.799339944476724,28.786205864877843],[-17.799614661358355,28.786058220492443],[-17.800008742728963,28.78542896048082],[-17.8002765400681,28.785233281308557],[-17.80074752283047,28.78507897052936],[-17.800897386576043,28.78493132307708],[-17.801176553495424,28.783995070504837],[-17.801344229210173,28.78373110335141],[-17.801331730085792,28.782863263231256],[-17.801485388973074,28.782605309613803],[-17.801838799433455,28.782211104930887],[-17.80243129811903,28.781151423105513],[-17.802742652209254,28.78078639573911],[-17.802916537399746,28.78066022711372],[-17.802946569055287,28.779754395042758],[-17.803135528178736,28.779183072087786],[-17.80419615667934,28.778602505670648],[-17.804709247837057,28.778176670784628],[-17.805469907334494,28.777802300888013],[-17.80562986259204,28.777780105441174],[-17.805862185784875,28.777662042840596],[-17.806585684612468,28.777099723280674],[-17.806689130758198,28.7769654682854],[-17.80690106509031,28.77688557842597],[-17.80710845119741,28.776635937398876],[-17.8075909369941,28.77626734107027],[-17.807780967118024,28.776169025792047],[-17.80883650216332,28.77601497043756],[-17.808909867151232,28.775956822656344],[-17.809041353510356,28.775671016948557],[-17.809324472139657,28.77535140406614],[-17.809851253358207,28.77503849043724],[-17.810390758070813,28.774800801761273],[-17.81085031989061,28.774376059853623],[-17.811218661719536,28.77414193212856],[-17.811489197111914,28.77385321951719],[-17.81146863655601,28.773485651416866],[-17.811508898007116,28.77339045946772],[-17.811736892452007,28.773112067817085],[-17.81179576564525,28.77291269037092],[-17.812047441843543,28.772718732063037],[-17.812129481455145,28.772584928310014],[-17.81211632205817,28.772094537742138],[-17.812308555126798,28.771680086853742],[-17.81227292436672,28.771548734382645],[-17.812132341161625,28.771495041926777],[-17.811704960609518,28.771522814816652],[-17.811116798788394,28.771940810702144],[-17.810734483115613,28.772052560283818],[-17.81019596927059,28.77209300683927],[-17.810217334077933,28.77174437428984],[-17.810097149712238,28.771538504667255],[-17.81007292224421,28.771360404866616],[-17.810082847592216,28.77119602679258],[-17.81016112661032,28.77106089524852],[-17.810150409659833,28.770699399877266],[-17.810109110530696,28.770610055453446],[-17.810112775401436,28.770326738259254],[-17.810004315552618,28.770099877430855],[-17.810125254055865,28.769952131436142],[-17.810444587770604,28.769834532865346],[-17.810439028127394,28.769741738379018],[-17.81029383053435,28.769633809954613],[-17.810038933954914,28.769520046398142],[-17.809756347064184,28.769595385285708],[-17.809477611232033,28.769547063776255],[-17.80935922657962,28.769599139672923],[-17.809064705462823,28.769878586895185],[-17.80886955409804,28.770160476253135],[-17.8085385187164,28.770299963662165],[-17.808182896182185,28.770782737669066],[-17.807773610855,28.77090581019624],[-17.807270416297044,28.771306859316727],[-17.80698490351066,28.771464339395397],[-17.80676091907857,28.771358045317832],[-17.806634412684687,28.771030527950717],[-17.806151030034236,28.77079522112427],[-17.805972232677412,28.770617626986816],[-17.806031148335002,28.770485606196505],[-17.80619438252228,28.77034961290306],[-17.806466062694092,28.769866784729334],[-17.806385294989862,28.769603263180233],[-17.806714722152034,28.768868466307527],[-17.806834124922922,28.768739697916594],[-17.807140505120504,28.76859711928854],[-17.80709799936149,28.768271463690713],[-17.807126545959488,28.768190588344893],[-17.80751517401729,28.768022845681266],[-17.807573775222934,28.76776454494076],[-17.807636303556933,28.767691081210142],[-17.80832389136256,28.76740977579056],[-17.80860590418767,28.767160357952182],[-17.808859610991576,28.76711538997446],[-17.809252333938392,28.766795112340166],[-17.809465831530144,28.76647224902505],[-17.80968357306673,28.766265750689655],[-17.809794043140357,28.766036949019977],[-17.80971322993315,28.765962859328297],[-17.809287651274033,28.76605019292784],[-17.809017188894874,28.766195636857958],[-17.80813275912516,28.76612202684259],[-17.807689437270234,28.766234981717112],[-17.807154893443442,28.765999839296903],[-17.80671871252132,28.765997181028855],[-17.806482332493623,28.7659245191233],[-17.806271928369124,28.76601909690313],[-17.805300787150987,28.765995078715726],[-17.80453851374702,28.766163360542446],[-17.804399218251774,28.766154328963545],[-17.804221764897363,28.76632388265857],[-17.803284737202898,28.766748341538257],[-17.80300648649733,28.766871691168557],[-17.802711324942077,28.766917012661867],[-17.80215446167603,28.76715067305395],[-17.801824644946727,28.767562509166584],[-17.801401425466814,28.76780645470973],[-17.801224396280237,28.767836260189064],[-17.800911633950808,28.76777742311403],[-17.800393616699086,28.76780123068876],[-17.799700323388375,28.76792012957111],[-17.799055977815968,28.76820784735949],[-17.79826476139966,28.769099567722222],[-17.798003395078716,28.769300945416557],[-17.79787114821743,28.769342880138705],[-17.797742376456046,28.76951538609336],[-17.797333954878415,28.76975901296622],[-17.79675475814323,28.770267463502684],[-17.796253632670453,28.770369293711465],[-17.79582383958992,28.770616056094735],[-17.79567750108642,28.770809905707598],[-17.79470565610871,28.77147920138955],[-17.79469720363392,28.771572245272377],[-17.794912596900996,28.77162551706762],[-17.795416339622324,28.771515591056968],[-17.795459830321455,28.77202912791962],[-17.795336303120106,28.77219585841134],[-17.794949069591585,28.772533878826525],[-17.79501251807238,28.77292908044638],[-17.79373671970426,28.773248077883004],[-17.793327958104204,28.773612737455544],[-17.792686915263197,28.773924957609157],[-17.791511249718052,28.774008097369272],[-17.790255298949383,28.773989538727523],[-17.79010251817675,28.7740369692026],[-17.79006341229482,28.774106333205278],[-17.7901257047983,28.774177209607085],[-17.790449969392945,28.774320247036492],[-17.790958011570137,28.774636285602224],[-17.79085324377272,28.774777367196037],[-17.79042782499146,28.774872758703186],[-17.790415107857452,28.774933458860716],[-17.79048366075779,28.77500871588567],[-17.790779027655937,28.775104541161642],[-17.791469217539383,28.775032538972997],[-17.79206034746227,28.77527739707633],[-17.792045051624825,28.775394979711535],[-17.79182142704743,28.775570994139404],[-17.7917660409123,28.775913113866377],[-17.79140311992189,28.776048710239852],[-17.791145868866153,28.776230831321005],[-17.790459584424827,28.776449785429914],[-17.790063143413544,28.776441743489976],[-17.78940779978893,28.77659239917773],[-17.78858804700299,28.77656694055529],[-17.788437896967853,28.776618753079273],[-17.78805343413778,28.777099368693214],[-17.788568501703136,28.777294396153266],[-17.78890043106993,28.777301971173376],[-17.789123992430774,28.77712325637814],[-17.789324907783495,28.77709384731353],[-17.789669541675053,28.777194068969077],[-17.789940463512867,28.77714066091023],[-17.790372893703253,28.777269735669837],[-17.79024226487619,28.777554777256434],[-17.789856631588666,28.77768362291266],[-17.789586628400354,28.778117676508796],[-17.789429899034108,28.77824853742742],[-17.78863578889288,28.778339933459144],[-17.786858760670043,28.778983372103774],[-17.786140087974104,28.779076587891712],[-17.78562513119893,28.779196292520574],[-17.78497442277113,28.779155182366246],[-17.784614950845928,28.779305763451056],[-17.784298051673307,28.779312300921706],[-17.78397849600031,28.77950977546208],[-17.783476387111804,28.780113238737066],[-17.783062894145406,28.780182284024423],[-17.783115857384484,28.780238472194345],[-17.78351183116424,28.78034396508937],[-17.783905666505667,28.780060716911844],[-17.78414937730272,28.780023216140513],[-17.7851901140832,28.780118108794746],[-17.785382464886332,28.78018991167171],[-17.785007086672998,28.780397010910022],[-17.784708645478876,28.780725200711718],[-17.78468121924858,28.78092602180231],[-17.784781702115595,28.781470591232676],[-17.784715197517997,28.78166500220963],[-17.784512428327,28.781894698335783],[-17.783804998168723,28.78247577945848],[-17.78317398350083,28.783253691779223],[-17.78216155229944,28.783500480231584],[-17.78171195432821,28.783765387372252],[-17.78126060536385,28.783879719730006],[-17.780832118244994,28.784092664753008],[-17.780326534334904,28.78411298977198],[-17.78012162652003,28.784404857543553],[-17.779737514992142,28.784653855335716],[-17.77917944577852,28.784919817686088],[-17.778830800356864,28.784943468332937],[-17.77781826429165,28.785218691915322],[-17.777208791214466,28.785287162577355],[-17.775944781794056,28.78557837178707],[-17.77471857668196,28.785557583486398],[-17.774359737959298,28.785424240275276],[-17.77352607742363,28.785610961839406],[-17.77320004794568,28.785633898745246],[-17.772553951905206,28.785902734951904],[-17.77211151384337,28.78602025078971],[-17.771806643565924,28.786165690889646],[-17.771541672258124,28.7865854052673],[-17.771522857265886,28.78691143696868],[-17.771432633659728,28.787032332472524],[-17.77102500447411,28.787226909267112],[-17.770488591095283,28.787257361903407],[-17.77024561971283,28.787323689554526],[-17.770162006742375,28.787259555825884],[-17.7698462248312,28.787205599764143],[-17.76963255743563,28.787412045621984],[-17.769390254251448,28.787542404048818],[-17.769075531739634,28.787799633898704],[-17.768622681507047,28.788347236492807],[-17.76812391200506,28.78841176316388],[-17.767202994199916,28.788817497424446],[-17.766912185236027,28.789176372168143],[-17.76684705194201,28.789333799589595],[-17.766679538842965,28.78940510484732],[-17.766762609267783,28.789514737610105],[-17.766710605141817,28.78967625810139],[-17.766505914690175,28.789719589804392],[-17.76589793163958,28.789631605680725],[-17.765502386051892,28.789681456605926],[-17.765109320932115,28.78963526317637],[-17.764640937392354,28.789724927165402],[-17.764441687144117,28.78967691271748],[-17.7642864170564,28.78970926741085],[-17.763926390736877,28.79005005876425],[-17.763454029514463,28.790405070183045],[-17.762608863716626,28.79090097165752],[-17.761700492808927,28.791508474544997],[-17.76096888070297,28.79176430468433],[-17.760560347677345,28.791999079900382],[-17.759883841114707,28.792051706677974],[-17.7596731294031,28.792021737910822],[-17.75946274676238,28.79208196806142],[-17.759015939588036,28.792463961913196],[-17.75847499203069,28.792594102360788],[-17.758424865068722,28.79168365834995],[-17.758666453683325,28.791602224895115],[-17.75874596603258,28.791465344444784],[-17.75877049871565,28.791183066351234],[-17.758713590318983,28.79096444281277],[-17.759004566683895,28.790845781442055],[-17.759704072410496,28.79094419002471],[-17.76004989291741,28.790722968204165],[-17.760217684470707,28.79053919639989],[-17.760600652696105,28.790272128485984],[-17.761157051035795,28.79003532023362],[-17.761384574134972,28.789692536694016],[-17.76156888391784,28.789076384083987],[-17.761837043948812,28.788548333282964],[-17.76225398462547,28.7882237361497],[-17.762753392023615,28.78812501197215],[-17.762862732466775,28.787920495786395],[-17.76290407106771,28.787675227581094],[-17.763170108739708,28.787248356815162],[-17.76352264837637,28.78706520053662],[-17.76413572086219,28.786926221361288],[-17.764621772252966,28.78660074316983],[-17.765123251263844,28.78618255846489],[-17.76543802915876,28.785850808412093],[-17.765806561825876,28.785610173448966],[-17.76643156478604,28.785425963244737],[-17.766846477906526,28.785454333614968],[-17.76713128896772,28.785408280513423],[-17.767759391335044,28.784699815345114],[-17.767970315458676,28.784604264505884],[-17.768668642680513,28.78459594801326],[-17.769349037612404,28.783880729391054],[-17.76942199512589,28.783638789136898],[-17.76950371742471,28.783540925886125],[-17.770020146808186,28.78337731170669],[-17.770412055847427,28.78281841783833],[-17.77049245848006,28.782487210162813],[-17.770619316193827,28.782231137269935],[-17.770699350698294,28.782179872173284],[-17.771224834451242,28.78141406272617],[-17.771331792431354,28.780696536117173],[-17.77155445604241,28.780366321806977],[-17.77197169893698,28.780115100358366],[-17.77228336242054,28.779743366693737],[-17.77241140337087,28.77947463029509],[-17.772917588927264,28.778754314413753],[-17.772968495785182,28.77859493076346],[-17.773210230023913,28.778331832151945],[-17.77399895646513,28.777948208848937],[-17.774066853003628,28.77780335059833],[-17.77436432069282,28.777638521248647],[-17.774596491686953,28.777209214019134],[-17.775061963220104,28.777001905570707],[-17.775328212031464,28.776773290255893],[-17.7765236330426,28.77627913713931],[-17.77711171820281,28.776217995677438],[-17.7772818685703,28.775943221976362],[-17.777538397863367,28.775723762219357],[-17.779042422170413,28.774816298740088],[-17.7792139117909,28.774753683623512],[-17.779408084558163,28.774493646911175],[-17.779700547964776,28.77435959639072],[-17.779869555968297,28.774203479647284],[-17.78018523240767,28.77389169666015],[-17.78029763667417,28.77370720295833],[-17.78185134914282,28.772945264301864],[-17.782171361483464,28.77244926311094],[-17.782647690101026,28.772099277455684],[-17.78221833952626,28.77110600873623],[-17.782029172950896,28.770922803394512],[-17.781847793926055,28.770823138759212],[-17.781377330934554,28.77077374795777],[-17.780738519867235,28.77090507669477],[-17.779391024995544,28.77084293611622],[-17.777490616772756,28.77020577809525],[-17.777289861063217,28.77012536765627],[-17.777191466894358,28.770030781730448],[-17.777027436435958,28.769526948535475],[-17.776650533742906,28.76874369775788],[-17.776603226895034,28.76850918017135],[-17.776666563976864,28.76831465732592],[-17.777201127154527,28.76747203950882],[-17.777477421739526,28.767263104747183],[-17.777578797794973,28.767109473948718],[-17.777550828836976,28.767019843853113],[-17.77728646958696,28.766856597868962],[-17.777091624518043,28.766766792076282],[-17.77680919478141,28.76673291068566],[-17.776936055732104,28.766575147969274],[-17.777366294805955,28.7663146247963],[-17.777485060445212,28.766121847999123],[-17.777245546817067,28.76596891534802],[-17.776857300998234,28.76592097354397],[-17.77697110706645,28.765618248419937],[-17.777211583747253,28.765421164377663],[-17.77722265599983,28.765259468734378],[-17.7770363262546,28.765104539558898],[-17.776970449273097,28.764975096465676],[-17.776665053454384,28.76484697105157],[-17.77674287633747,28.764725559578743],[-17.776739254233217,28.764612390017536],[-17.776509809788838,28.764244595570364],[-17.77621780033219,28.763990194573275],[-17.776062307512188,28.763784177809864],[-17.77571899807111,28.762912543028815],[-17.77575782760752,28.762227778757687],[-17.77586108540515,28.761846016669914],[-17.776732072979765,28.760942632203193],[-17.77714063012279,28.7606767292475],[-17.77734307660011,28.760447204854945],[-17.77753584890612,28.760093269217286],[-17.777752785418663,28.759384851601503],[-17.778088090574112,28.75897640370271],[-17.7781803034475,28.758634476740475],[-17.778061961055,28.75836031409304],[-17.77805599356514,28.75822896224905],[-17.77825478596216,28.757426327734574],[-17.778135092012224,28.75717180355546],[-17.77813772757985,28.756877940760027],[-17.778270216976843,28.756515430146006],[-17.778505847603817,28.756195773855566],[-17.778503774674203,28.755842454229537],[-17.778436193568766,28.755458793149472],[-17.778478891325197,28.755322083122987],[-17.778621990292674,28.75511207200495],[-17.778987160441577,28.754749626246845],[-17.779198912569,28.75421282138553],[-17.77951427391019,28.753777981110954],[-17.7796062618851,28.753346754547216],[-17.779906915505858,28.752865399545705],[-17.780553806201432,28.752258295738066],[-17.78108955720155,28.75187626732445],[-17.78144175019758,28.751508066244792],[-17.782329245175525,28.751036584596406],[-17.782429519668053,28.75093714202923],[-17.782395966568632,28.75090242762691],[-17.781933613857866,28.750788009554753],[-17.78096097764155,28.75077580976663],[-17.7800745510652,28.751183503324267],[-17.779469703258037,28.751343699978293],[-17.77900534198256,28.75152549418793],[-17.77861139414498,28.751798912379776],[-17.777656303530044,28.752296964294302],[-17.77707601474919,28.752456113346117],[-17.776734260298426,28.752605331455236],[-17.77612497037053,28.753024017296987],[-17.77523086272213,28.753910398003807],[-17.77495794653919,28.754125635127224],[-17.77404578553924,28.754632848000035],[-17.77380139186606,28.75496140893297],[-17.773695773341554,28.75503109725449],[-17.77258935913489,28.75546852918157],[-17.771947472218788,28.755638925752898],[-17.771565284464764,28.75588065571893],[-17.77062192405517,28.756052461163183],[-17.769266818387557,28.756021622230126],[-17.76848122073938,28.755926776225245],[-17.767657079781067,28.756078075853537],[-17.767543753651495,28.756205784713657],[-17.76754651369675,28.75638794430646],[-17.76785801781548,28.756866742097532],[-17.76756052801101,28.75668623901035],[-17.767169773028407,28.756658164114135],[-17.76686828957311,28.75671575890581],[-17.766399036732775,28.75708800084908],[-17.766172928309928,28.757170209805782],[-17.765670075166668,28.75751066347846],[-17.765411125947658,28.75782266727829],[-17.764923282053676,28.758111393554486],[-17.76450354770056,28.75856579461837],[-17.763582702349602,28.75890468548601],[-17.763485597149007,28.758987858286687],[-17.76289422728594,28.75906330197117],[-17.762149780013363,28.759024705513344],[-17.761587465018426,28.7591345131348],[-17.761135440936744,28.75900058121172],[-17.760673972106204,28.75871083806985],[-17.760437667658707,28.758756811888734],[-17.7600350547404,28.75931417233175],[-17.759601152453612,28.75974935529319],[-17.75894644065949,28.76005066794924],[-17.758646150469527,28.76037906841642],[-17.758574689236674,28.760684778892745],[-17.758918398856853,28.760797855693863],[-17.75910695583768,28.761316433156477],[-17.75922062501643,28.761406186275092],[-17.75949400688769,28.761472239172903],[-17.759495574962205,28.76169284270214],[-17.759405543892953,28.76197889554978],[-17.75920529681118,28.762267200596934],[-17.758818416006505,28.762555575197883],[-17.7581784838284,28.763202519466116],[-17.75796613560187,28.76332523476431],[-17.757991987005635,28.763417547090974],[-17.75819013645796,28.76364542904505],[-17.758172040832395,28.763867372491124],[-17.758236973771314,28.764358707874216],[-17.758032573482783,28.764795666123714],[-17.75804865422074,28.765173798252857],[-17.757939028083204,28.765435552119683],[-17.756939282241795,28.767061732938373],[-17.75614248307211,28.76707800105],[-17.755477966098816,28.76699425011432],[-17.75496966913486,28.767020842058617],[-17.75414361947365,28.76732424502559],[-17.753761209254616,28.767533449313692],[-17.75312303565792,28.76775190954665],[-17.752963668176076,28.76775515923937],[-17.75250220514512,28.767570453153933],[-17.751484480653968,28.767303916633896],[-17.751122181808714,28.767268207412403],[-17.750792265875408,28.76732759783798],[-17.750682869630037,28.767388661376227],[-17.750671958680048,28.767506884025234],[-17.750948867377154,28.767690428780494],[-17.751003228418675,28.767822241044158],[-17.750781047403102,28.768010504433427],[-17.75005120364482,28.76830110723283],[-17.749549559567,28.768581655639615],[-17.74866419677856,28.76872944600706],[-17.748221818424295,28.76916557133317],[-17.747906498503276,28.769301751958267],[-17.747703514907673,28.76927884834209],[-17.747492429264405,28.769180416850716],[-17.74730614375551,28.76900698091933],[-17.746905401760184,28.769120053038044],[-17.746823269636845,28.768960099901708],[-17.74641693447974,28.768534471926852],[-17.745908129758067,28.76814430316604],[-17.74505539650386,28.767795404048954],[-17.74480109908347,28.767858306544],[-17.74473395141736,28.767835315800777],[-17.744737328616985,28.76772970514841],[-17.744615517385057,28.767613108434286],[-17.744762847831332,28.767453153437977],[-17.744814765915372,28.76724642636914],[-17.7448355937447,28.76698620725055],[-17.744779521969722,28.766799716946508],[-17.744544174981478,28.76649148343791],[-17.744262570897877,28.766293339952227],[-17.743788366901946,28.766090089246365],[-17.74372968289306,28.76599927076722],[-17.743930558847843,28.765264512757376],[-17.743954625474792,28.764893273330514],[-17.743915047755884,28.764593688670754],[-17.74381160716294,28.76427916451745],[-17.74338321894872,28.76343992404382],[-17.743380343191387,28.763212660996757],[-17.74327181692375,28.763094890700675],[-17.743276510909315,28.762961289060524],[-17.74318115971329,28.762877529637816],[-17.743229346628844,28.762762889919504],[-17.7432033215597,28.762629010292944],[-17.743115920319656,28.762536068598045],[-17.742783565243997,28.762588825602617],[-17.742953877157397,28.762329178220643],[-17.74291934009407,28.762065573391137],[-17.74230433944624,28.761566591169863],[-17.7419169978926,28.761121617822038],[-17.740393112458822,28.76004120146105],[-17.739119941115113,28.75926960188249],[-17.738634241248032,28.759055739208534],[-17.738338513387706,28.75902114313077],[-17.73780169055197,28.759201617404646],[-17.7376012398937,28.75948351946031],[-17.737594810679635,28.759668574577287],[-17.737467166514968,28.759876834685933],[-17.737208133094743,28.760071520754668],[-17.736925846005946,28.760120541967837],[-17.736792199079577,28.76009889473137],[-17.73673323101595,28.760036042696758],[-17.7368270643972,28.759748184026773],[-17.736881914017594,28.759653256835573],[-17.73708128799423,28.759565323118952],[-17.737107476462064,28.759431285599888],[-17.73735348862507,28.75916920831386],[-17.736966216762365,28.75907873223673],[-17.736494054285224,28.758481206346435],[-17.736323939960478,28.758356559154706],[-17.736222236743547,28.758382073815714],[-17.736096731486885,28.758593897662784],[-17.735831512288318,28.75878690226953],[-17.73548892039509,28.758878637436315],[-17.73541882843388,28.75886021166338],[-17.73537204774475,28.758768353289206]]],[[[-17.73498449260996,28.7590061242012],[-17.73507770550115,28.759047535811728],[-17.735217947464893,28.759439803288682],[-17.735152935313067,28.75953764192997],[-17.734935013455463,28.75958174693617],[-17.73472887664815,28.759449708646326],[-17.734700828634455,28.759355558966192],[-17.73476123172905,28.75915948788086],[-17.73498449260996,28.7590061242012]]]]}},{"id":"86","type":"Feature","properties":{"categoria":"Parque Natural","nombre":"Los Volcanes","codigo":"L-03"},"geometry":{"type":"Polygon","coordinates":[[[-13.72262938873043,29.084811502220813],[-13.722385109384321,29.084865201362344],[-13.721993705252082,29.084799095120694],[-13.721784331317165,29.084831601755173],[-13.721747219285612,29.084775222998864],[-13.721774334596248,29.084735916926135],[-13.722034764937908,29.084678907525177],[-13.722107676062675,29.084621709011145],[-13.722068903901791,29.084496717949033],[-13.721752227592566,29.08418325256289],[-13.721539291232908,29.084058352951683],[-13.721140052450433,29.084200964070252],[-13.720967377781955,29.084190212375876],[-13.720594964122824,29.08406754468531],[-13.720582636960245,29.083814736638978],[-13.720390565468273,29.083900408385027],[-13.720225218431194,29.083739130477923],[-13.720300812312527,29.081932320491745],[-13.719771339918845,29.080866104298586],[-13.718683521038615,29.079392578872724],[-13.7187184290517,29.07930800856186],[-13.718693589688852,29.07916337675812],[-13.718039903249622,29.078068821634954],[-13.7178565404498,29.07787675746377],[-13.717948081691391,29.077376736315134],[-13.717492861607443,29.076148497085107],[-13.71680388673115,29.073526770199816],[-13.716728190782469,29.073348152352466],[-13.716547135661196,29.07311987439328],[-13.716104643503192,29.072936014767162],[-13.716018675843731,29.072827031769727],[-13.715974373163368,29.07199893733277],[-13.716264520466664,29.071892415768733],[-13.716304325432633,29.071837059955584],[-13.716288260967897,29.0717274551993],[-13.716112641478938,29.071468752797486],[-13.71564477545905,29.07106183877791],[-13.715570492631015,29.070928573632262],[-13.715534868304815,29.0701067802102],[-13.71539909871168,29.069948379083534],[-13.71517086156235,29.069277782109964],[-13.71499978628155,29.068573808583597],[-13.714699093056728,29.0679843978588],[-13.714340148616957,29.067602798993136],[-13.713982517435557,29.066807801053745],[-13.713657315037974,29.066340022087633],[-13.713553423206124,29.066023957164894],[-13.713502164425535,29.065582331100817],[-13.713338429803185,29.065152062729293],[-13.713034006949432,29.064662668954085],[-13.71250694491324,29.06433099372835],[-13.712227544621134,29.063855276080997],[-13.711859631890746,29.062636961921832],[-13.7116827550933,29.06238559647044],[-13.711225616935309,29.06198296745431],[-13.710688617456661,29.061711835485248],[-13.710579075571687,29.06161317260872],[-13.709951035768574,29.061648588004118],[-13.70759243493481,29.061624013124536],[-13.704049257646073,29.05627815224266],[-13.702379804678243,29.054659245056364],[-13.7010627995394,29.053297285914535],[-13.700917903774206,29.053057632606105],[-13.70072483730732,29.052308377988908],[-13.700148161523114,29.051774023031083],[-13.699897964540433,29.05143040494646],[-13.699319561625293,29.05101803408501],[-13.69872304926139,29.050196288690984],[-13.697952828525242,29.049618598212984],[-13.697918516252795,29.049326579511966],[-13.698036098357221,29.049285141249207],[-13.69808349556718,29.049200985831618],[-13.69780872280234,29.048836179612096],[-13.697606123614928,29.048831750695904],[-13.697425285888725,29.048524168677528],[-13.697399343006921,29.048068072402483],[-13.697588263232555,29.047836851866954],[-13.697570938198703,29.0475678211134],[-13.697726765417286,29.04719766117027],[-13.697844314839676,29.047137424248238],[-13.698092197204142,29.046764402135356],[-13.698411468450109,29.04648030550498],[-13.698464585356597,29.045914215184506],[-13.698944522987757,29.045564233429335],[-13.699343253435456,29.04547857176899],[-13.699467246028128,29.045339998346172],[-13.699386402395463,29.045035255674986],[-13.699225787327054,29.044756326194122],[-13.698956602613713,29.044663751388992],[-13.69872930552098,29.044460993982714],[-13.698701176867948,29.044329168541008],[-13.698774159017038,29.04414389565566],[-13.698658403635845,29.04398293796442],[-13.69866606198512,29.04377373005836],[-13.698606256125037,29.043712703230458],[-13.6985797261365,29.043532087652103],[-13.69859788136908,29.04341112569152],[-13.6983624773706,29.0430887116981],[-13.698372913946756,29.04291178521967],[-13.698313280796137,29.042756857976897],[-13.697838999301059,29.04226478311961],[-13.69790701223154,29.04206631323927],[-13.698042124708703,29.041869667141395],[-13.698161248810269,29.04136933031529],[-13.69809850034099,29.041210753865897],[-13.697849477461952,29.041073763588763],[-13.697782195631504,29.040883665199285],[-13.697791204351413,29.040748517973043],[-13.69792726256375,29.040697277255138],[-13.697956507909334,29.040574771502943],[-13.698089131016014,29.040481334058786],[-13.698175186895272,29.040275395115124],[-13.698182392466084,29.04001555446292],[-13.698333244749964,29.03970021452469],[-13.698456731261933,29.0395851641755],[-13.698458043083969,29.039480635190706],[-13.698290977131894,29.039438296909566],[-13.698230577122535,29.039362643696766],[-13.698303558788645,29.039168977992347],[-13.6983656681277,29.03906013762894],[-13.698622729002338,29.039031719525642],[-13.699243241377799,29.03941864483292],[-13.699301254454289,29.039394813005394],[-13.699301964044492,29.039321891518764],[-13.699470141911112,29.03927558111156],[-13.69954561559856,29.039169613248795],[-13.699472839757497,29.039076784508993],[-13.699550697567194,29.0389838171069],[-13.699854831429786,29.038895703173665],[-13.700081545886336,29.038659158641547],[-13.700183815114665,29.03861190251269],[-13.700362465498122,29.038627087566354],[-13.70058006353188,29.03896390065168],[-13.701021495305321,29.03898261045934],[-13.701084962578815,29.038910295949872],[-13.7010726794221,29.038752940360826],[-13.700932269138967,29.038569030709926],[-13.700762997536856,29.038536375266283],[-13.700716942301197,29.03845175681086],[-13.700675340571989,29.038319801301675],[-13.700791773121546,29.038223181478834],[-13.700775507806428,29.038114863447742],[-13.700639272439792,29.038093771958778],[-13.700600168864876,29.03768373674556],[-13.7006339574237,29.037626169975848],[-13.700784113214551,29.03758530626886],[-13.70075116776128,29.037529693190283],[-13.700829471987143,29.03732954301065],[-13.700957876315913,29.037266583380045],[-13.70089707710409,29.03718831105881],[-13.700969669766177,29.03696447026441],[-13.701127327749552,29.036855830538816],[-13.701456512922066,29.036810208146868],[-13.701673323282437,29.03653722326031],[-13.701967630746312,29.036327671796524],[-13.701956103316478,29.036077026189805],[-13.701872373211184,29.035966765593045],[-13.70171294879969,29.035934477606133],[-13.701561949022091,29.035668910257666],[-13.701759009380984,29.03525726770572],[-13.701939296169144,29.0350731834821],[-13.701711252526996,29.034652233525616],[-13.70216946011374,29.03346987022652],[-13.702231930491465,29.033089424147693],[-13.702403150975979,29.032861337142293],[-13.702649453125847,29.032716379440323],[-13.70322747455951,29.03204755506491],[-13.703425451605677,29.031676484370895],[-13.704063181201459,29.031159919922285],[-13.704296145187667,29.031121321651423],[-13.704668086280737,29.030360480687673],[-13.704666264685622,29.030147760262338],[-13.704520803186853,29.029892663880876],[-13.704591132652597,29.0298490041459],[-13.704992625637523,29.029869200925816],[-13.705060810644316,29.029813101937883],[-13.705046588355003,29.029731679727778],[-13.704805298075629,29.029460335819593],[-13.704706667037016,29.02916526069727],[-13.704457060282486,29.029071649688493],[-13.704274319027999,29.028721687506405],[-13.704256955729575,29.02857612286035],[-13.704366141474761,29.028305424276894],[-13.704321714591712,29.028136477746486],[-13.70416391746235,29.02797482992752],[-13.703883069958856,29.027924605134476],[-13.703826876928492,29.027783575803173],[-13.703766954682234,29.027513691452366],[-13.70379552660235,29.02729463949681],[-13.703747210815969,29.026629937276187],[-13.703815108467682,29.02630572135137],[-13.703744850772406,29.02607414619212],[-13.70346335846233,29.0258294233651],[-13.702755254158447,29.025646713921482],[-13.702466689386917,29.025310951626636],[-13.70223591848453,29.024495353029923],[-13.702220585922813,29.023813216911662],[-13.702125709895578,29.023629369978334],[-13.702169123789934,29.023583284972066],[-13.702038015736102,29.02332124051477],[-13.701570276245707,29.022846705032617],[-13.701410150029242,29.02279332804376],[-13.701038794445115,29.022835213357432],[-13.701002289339822,29.02270663789934],[-13.700867841804486,29.02271169101228],[-13.700714788255572,29.022487129300202],[-13.700300154477711,29.022679053799322],[-13.699912170680244,29.02259588240205],[-13.699201524142255,29.022713336324014],[-13.699064895209453,29.022782568331913],[-13.699100358593846,29.022879367614006],[-13.698562865832024,29.023021354466263],[-13.698379668048604,29.02315314498609],[-13.697969975283675,29.023321438343846],[-13.696720997557641,29.024165012911652],[-13.695728210676856,29.02455244581595],[-13.695760237178284,29.024636523766194],[-13.694910830692903,29.024806304262533],[-13.692520397159829,29.025701691068065],[-13.690878466961712,29.026782974312017],[-13.69004104389483,29.027459088412467],[-13.689537335531792,29.02797861711648],[-13.689071289559063,29.028143589034165],[-13.688790234082916,29.02845491362698],[-13.68838616672003,29.028733404411213],[-13.688136910336858,29.029017873691412],[-13.68799110406969,29.02911492666321],[-13.687864907796213,29.029350212542298],[-13.687752889210993,29.02944197304987],[-13.687615316617496,29.029693319654207],[-13.687467983914217,29.03014470195388],[-13.687179543563657,29.029957923991542],[-13.686928052843003,29.030192868845134],[-13.687022275672161,29.030450929527625],[-13.686739652750997,29.0305736547805],[-13.68666824757822,29.030763268295857],[-13.686755928823773,29.03089240262829],[-13.686681759762864,29.030977529073372],[-13.686393546601696,29.03104850537057],[-13.686189575989346,29.03076594219847],[-13.68595843022956,29.030818686677662],[-13.68577590481195,29.030736978312977],[-13.685543460413141,29.02981915165146],[-13.682631044959942,29.025310669611805],[-13.681858905934773,29.023275641679437],[-13.681718597809242,29.0230338570745],[-13.681499740584416,29.02286492426231],[-13.680023707854348,29.022330608587406],[-13.67798102711278,29.020539821642057],[-13.677176753011011,29.020252934759817],[-13.676657782890851,29.019941265273435],[-13.675526973782762,29.018595339155496],[-13.674878641590942,29.01824239915505],[-13.674429379760054,29.018062826007192],[-13.674040067625171,29.01798389918581],[-13.67362458278409,29.01797344434141],[-13.673481384564756,29.017918027515922],[-13.673314884494916,29.017767503698646],[-13.673092077043183,29.01736013254773],[-13.673194804671176,29.017188740007015],[-13.67322306742593,29.01699857155676],[-13.67301951812406,29.016704017982878],[-13.673028819560281,29.016525773751503],[-13.673554397408642,29.015983861859674],[-13.673658974128918,29.01572858491955],[-13.673925123080812,29.015546387112504],[-13.674084460013837,29.015305819016792],[-13.674107741012824,29.01516467711401],[-13.674033848096306,29.014930895336192],[-13.67408385216454,29.01471032979223],[-13.674462368823256,29.01442440891049],[-13.674740446783742,29.014285356114893],[-13.674809141877235,29.014189713665683],[-13.675024193404886,29.014149382633892],[-13.675083358834614,29.01409567320804],[-13.675059439609655,29.01397805393865],[-13.674735550790206,29.013752049654613],[-13.674558720114709,29.01354253055255],[-13.674525602137427,29.01339274665909],[-13.674572981419777,29.013310042702805],[-13.674871288791683,29.013104479066016],[-13.675195100770575,29.01243523541055],[-13.675550929445096,29.01214995386822],[-13.675655795374404,29.0119904206576],[-13.675768783377153,29.011657693677908],[-13.675747996875065,29.011278308478573],[-13.67610293215899,29.01094347996989],[-13.676545367919832,29.010796223899913],[-13.676908242874248,29.01075647848886],[-13.677085841517824,29.010509290663983],[-13.677391604858823,29.010261387753633],[-13.677269321532979,29.010151707385724],[-13.677243898785049,29.010058466769742],[-13.677335574867215,29.009705737388792],[-13.6771195114278,29.0095844941154],[-13.677012383550572,29.0094578161755],[-13.676750275758453,29.008895985552833],[-13.676332034485242,29.008630954081],[-13.675857876594636,29.008123499921574],[-13.675813617422278,29.00779109148764],[-13.675564702464188,29.00705208997202],[-13.675545026399266,29.00689479436968],[-13.675648506595842,29.006492510876424],[-13.675626254251304,29.00607354649895],[-13.675748395484565,29.005743797281355],[-13.675894355916173,29.005520133057],[-13.675957322886891,29.00507441976657],[-13.676100115650863,29.004739918942118],[-13.676512741690248,29.004256840509175],[-13.676751424814773,29.00374269923934],[-13.676888574241916,29.003610764200896],[-13.678456308988414,29.003051072754985],[-13.679447123807053,29.00285070810307],[-13.680176451719527,29.00280658510308],[-13.680758654217161,29.00184720095614],[-13.681539653017408,29.001058958986537],[-13.681600305062876,29.000871109521707],[-13.681543902356418,29.000568924189114],[-13.681568751552142,29.000458407800895],[-13.68196530789277,29.000013516958347],[-13.682210510310586,28.999794996915703],[-13.682913638867408,28.99947237892607],[-13.683764619417504,28.998991504727677],[-13.684174150999771,28.99861026768992],[-13.684733347949438,28.99423320928454],[-13.684910652746304,28.99269149363013],[-13.684921219767062,28.992168018990913],[-13.684263731825075,28.98618232572642],[-13.68353384815127,28.983110955805387],[-13.68340653870574,28.982904856846563],[-13.68516795321917,28.98221018702109],[-13.686171944269274,28.981382506584364],[-13.686404242283858,28.98125495539988],[-13.688723615042143,28.98062421260836],[-13.689285638347924,28.980553468928814],[-13.689470887632535,28.980940062316233],[-13.68972472791685,28.981308146309832],[-13.690022643560452,28.981462664457144],[-13.69032058938721,28.98152694373084],[-13.690778909683553,28.98170741694917],[-13.690825199372064,28.98178728520903],[-13.690836869895387,28.982164560457313],[-13.690699538971916,28.982480893991163],[-13.690427217760291,28.982683148119058],[-13.68958121445089,28.982626100297278],[-13.689377892293473,28.98253299545857],[-13.689068454099173,28.982266466005445],[-13.68864362933632,28.982236179033116],[-13.688243132641967,28.982506623878244],[-13.688034242306014,28.982871062247185],[-13.68769326073485,28.98323998648525],[-13.687333908341788,28.983762945053467],[-13.687255348725104,28.98397588347844],[-13.687328539316745,28.984126345473644],[-13.687816805132615,28.984371096854623],[-13.687975411221505,28.984565692490733],[-13.687972947545383,28.98478688272917],[-13.687786820116653,28.985107221533617],[-13.687896437142136,28.98540992500452],[-13.687779981409799,28.9858668113542],[-13.687827076688073,28.985986830404084],[-13.68802531439042,28.98605056650961],[-13.689711355346166,28.986108133929275],[-13.705997964021826,28.983679556886152],[-13.706320805047309,28.98356166815737],[-13.706823227725778,28.9835506721897],[-13.707657696948692,28.983770958035656],[-13.708596668410616,28.984091983703397],[-13.710029048230503,28.984800821540603],[-13.710393507113638,28.984907290121107],[-13.710911661840608,28.985008797188645],[-13.71142092868516,28.98499437516981],[-13.711626691442506,28.9849191126503],[-13.712417127581814,28.98429847917823],[-13.712627713376884,28.984294431045484],[-13.71274173674529,28.9842371867157],[-13.713067660351598,28.98391050531019],[-13.71349415763817,28.983790405850776],[-13.713705239596722,28.98367646604439],[-13.71407118281886,28.983609076967774],[-13.714375904083118,28.983439365109263],[-13.714599854852244,28.98343334793635],[-13.714843511960918,28.983287950311528],[-13.715078782503443,28.98295073188421],[-13.715137158840417,28.982418809564525],[-13.715296154985765,28.98208003167577],[-13.715878168102515,28.98176809950839],[-13.715981086234276,28.981429614692914],[-13.716067932692049,28.981312038878034],[-13.716675904464939,28.98105676521053],[-13.717275522265092,28.98059824227442],[-13.717659965810647,28.98019570335708],[-13.718196782073505,28.97988116379408],[-13.718509180389937,28.980009766275757],[-13.718953729344868,28.979915523777567],[-13.719253046499967,28.980119664072692],[-13.719576357187075,28.980519102961267],[-13.719711544018766,28.980609627325858],[-13.719783527295867,28.980605114507192],[-13.719791302686744,28.980480429502226],[-13.719681279611725,28.980282668612286],[-13.719422675352593,28.979456224554585],[-13.719430699169484,28.978804774209095],[-13.719569935100823,28.978116254236152],[-13.719851137459505,28.977697356182382],[-13.720088448673089,28.977465448550173],[-13.720186759336187,28.97748060720266],[-13.720311027103747,28.97763080746829],[-13.720474061419077,28.97762989498873],[-13.720646060246429,28.9775844580913],[-13.720783552912472,28.977487287629152],[-13.720997410688899,28.977216123413584],[-13.721780534359374,28.977123358091873],[-13.722744730352458,28.97683448409418],[-13.723350692991156,28.976742779779595],[-13.724936770357031,28.976609811990322],[-13.725408672251135,28.976613419121463],[-13.725947510983998,28.97670256435247],[-13.726275245439737,28.976678521829502],[-13.726488979926915,28.976496584645208],[-13.726648286636207,28.97597524089068],[-13.727064240397699,28.97559579568333],[-13.728245196372281,28.974284003633837],[-13.728366431869201,28.974199377953116],[-13.728947735354046,28.974000849326742],[-13.729268150521019,28.973822514479913],[-13.729433809789505,28.973542505794708],[-13.729504194002537,28.973302162809528],[-13.729284603207905,28.97262055523529],[-13.729651346692119,28.9717846488434],[-13.729818759189705,28.970913628846652],[-13.730045842811455,28.97040678240803],[-13.729999314916414,28.970004765417382],[-13.730068403114789,28.969312175884113],[-13.730193688707928,28.96870689040524],[-13.730110242528523,28.96814468613362],[-13.730121762104282,28.967264973434162],[-13.730256483464872,28.9666027491276],[-13.730251017807033,28.966361112058465],[-13.730470278026761,28.96582155642897],[-13.730512840828629,28.96450167949568],[-13.740616024401264,28.958809914388087],[-13.748469997052926,28.95524528268099],[-13.7727562053771,28.960300948803553],[-13.774153002343139,28.957331841890337],[-13.776674792060918,28.95628171404711],[-13.77827574836981,28.95553387210935],[-13.778839088016017,28.95457856215176],[-13.777949245190824,28.952518709110684],[-13.779678473532474,28.951892848327727],[-13.78006522560301,28.951866897709056],[-13.780350883977217,28.951923492699294],[-13.78178309358836,28.952445564707208],[-13.78232084346701,28.952525285368306],[-13.782558947382713,28.952615947130543],[-13.782881809703367,28.95263619638815],[-13.783220554636797,28.95254250372858],[-13.783451718010824,28.95227010937245],[-13.78375984773008,28.951280223194466],[-13.784098020569214,28.950673770648102],[-13.784394056557227,28.950378469032316],[-13.786064073804173,28.949286734575395],[-13.78720123925317,28.948290526192206],[-13.787852493663184,28.94758261902597],[-13.790782593026222,28.94391512646314],[-13.793739774764441,28.9467340459389],[-13.793912251117066,28.947008795545514],[-13.793911989761112,28.947353754803082],[-13.793588420230854,28.94766839778334],[-13.793719147398706,28.947805882888048],[-13.794031086282837,28.94832518699355],[-13.794036139922715,28.94859756939078],[-13.794221453864253,28.948915907078913],[-13.794158013508726,28.949074313293167],[-13.793936141565222,28.949197817256767],[-13.7938964104111,28.94940697597651],[-13.79376548569737,28.94947411207743],[-13.793611036257026,28.949694082572858],[-13.793471818042855,28.94968345737761],[-13.79340869822042,28.94987074606003],[-13.793146713676682,28.950112007798534],[-13.793070240520127,28.95040314373119],[-13.793115458194508,28.950581160530195],[-13.793312447051132,28.95066783430323],[-13.793374132676869,28.95074593915661],[-13.793648323433512,28.950811490918323],[-13.793730138785683,28.951022623842757],[-13.793831409911386,28.9511345656338],[-13.794079468363371,28.951149496385447],[-13.794149951541474,28.95107417382086],[-13.794321759788424,28.95103874709734],[-13.794616243176085,28.95072010576405],[-13.794747869109166,28.950762718494698],[-13.794723667280008,28.95089621541475],[-13.794816332659032,28.950964489209934],[-13.795794190516341,28.95116009693688],[-13.796185941290611,28.95105457180776],[-13.79635727136512,28.950907815554707],[-13.796556440636659,28.950873632134495],[-13.796853986261196,28.95071558532771],[-13.796976719768026,28.950561733494016],[-13.797280167650062,28.950329652078818],[-13.797408968445415,28.950112336076945],[-13.79763360735036,28.950107990186773],[-13.798038656631027,28.949959258046558],[-13.798422076785618,28.949881529878667],[-13.797665272354537,28.94295227856835],[-13.799473575303606,28.942884670446766],[-13.807853076764577,28.939625631399224],[-13.808205691550036,28.9405001006679],[-13.810901730425913,28.942487048747278],[-13.811105637991187,28.94250156700092],[-13.811712484064335,28.942222611338163],[-13.812135973280151,28.94231299030316],[-13.812294354449147,28.942278233587068],[-13.812557238903564,28.942368114221168],[-13.812674124846206,28.94252263398075],[-13.812801692425769,28.942593360022784],[-13.81348590057141,28.94278582351799],[-13.813985048409874,28.943036858827867],[-13.814065058421436,28.943103410576803],[-13.814062839293108,28.943280272179216],[-13.814408136403898,28.944258746609414],[-13.814532443458834,28.944396290968648],[-13.814928554095106,28.944516897193378],[-13.815090555505531,28.944505039019703],[-13.815182511984755,28.944445200301697],[-13.815240795698182,28.94428600699347],[-13.815448934156255,28.94409678871636],[-13.815526856133557,28.94387438537349],[-13.815524293040673,28.943724475682416],[-13.81542774660852,28.943552944436266],[-13.815401336995972,28.943345488688188],[-13.815275085909438,28.943013619777698],[-13.815883101555446,28.942949604895357],[-13.816133217459862,28.94276422013972],[-13.816480871384712,28.942641514381673],[-13.817038748229225,28.94254996004849],[-13.81738098170999,28.942839304457642],[-13.817659846755657,28.942944567958374],[-13.81817787374797,28.943055549835414],[-13.818743739333302,28.94309921739568],[-13.822984501823,28.942827934269392],[-13.823927919546632,28.942670121828968],[-13.824461199329258,28.94241210719662],[-13.82498705967478,28.942033036553095],[-13.82539604646449,28.94158736796408],[-13.826029199947376,28.940689387170213],[-13.826253668636978,28.940523551737094],[-13.828793290107933,28.939476091737873],[-13.830279414048569,28.938806731698257],[-13.83092575376532,28.93859328242972],[-13.831235164165063,28.938551494406692],[-13.831504615011257,28.938589067690785],[-13.832016334374835,28.93889241885018],[-13.833104203637264,28.93975641862863],[-13.833253257928234,28.940020231552296],[-13.83326860709719,28.940291260343997],[-13.834543435578825,28.940458412021265],[-13.83444828262143,28.94049382370857],[-13.83409995618531,28.940462792876907],[-13.833918155456374,28.940678549955617],[-13.833770387368581,28.940680734944287],[-13.833814986666434,28.940901612602765],[-13.833663352254025,28.941043832864644],[-13.834063596840393,28.94121769379986],[-13.834140976473712,28.941304002931624],[-13.834076282880595,28.9413749118982],[-13.833494741074714,28.941441206521535],[-13.833405096493596,28.941489967542402],[-13.833443929621575,28.941686978419934],[-13.833734440473947,28.941673458384855],[-13.833795445916259,28.941708354806885],[-13.833774477375139,28.941763044987482],[-13.833579901674259,28.941811032855355],[-13.833528867715135,28.941900849801968],[-13.83353475082293,28.94200211691596],[-13.833688738798667,28.942177598398917],[-13.833584806120836,28.942300169566487],[-13.83354606607434,28.942545450078118],[-13.833608419876224,28.942947289338665],[-13.832824699374425,28.943592319217277],[-13.83271512180662,28.943848401819352],[-13.832554545069904,28.944055523496072],[-13.83246113635197,28.94460626957205],[-13.832491078369321,28.945041653689024],[-13.83245895166335,28.945260439832047],[-13.832487265552627,28.94531209195558],[-13.832678184558832,28.94538594849864],[-13.832755751283,28.945506898252575],[-13.832657318743621,28.946251304728243],[-13.83276379219597,28.94644803538839],[-13.832929308594151,28.94697220155365],[-13.832822055970269,28.947108451459982],[-13.832764080778261,28.947048302594943],[-13.832680108254474,28.94705927963644],[-13.83261352479316,28.947210458048936],[-13.832406927249808,28.94733400533132],[-13.832554189888244,28.947377736594426],[-13.832447727039755,28.947531321494044],[-13.832458142634483,28.948329946833802],[-13.832490112377974,28.94840704553075],[-13.832644722238847,28.948439865991784],[-13.832912543949748,28.948643348153485],[-13.832686465904969,28.948688461753918],[-13.832760515720116,28.948848810982323],[-13.832917496955254,28.94875804552677],[-13.833042591731871,28.94882800031844],[-13.832901701287348,28.948859990466335],[-13.832533142636468,28.949078881665184],[-13.832522454356814,28.94940615353121],[-13.832574239556946,28.949513305779814],[-13.83267448578669,28.949551873052062],[-13.832680889866413,28.9496249953569],[-13.832787944732432,28.94959444492568],[-13.832835904121723,28.949691455897547],[-13.832986971708078,28.94977680739382],[-13.833177265157028,28.949995058472975],[-13.833227797550924,28.95008589131804],[-13.833142738267938,28.950233886111825],[-13.833183210419843,28.95040203031869],[-13.833636212816701,28.950266178263405],[-13.833811645623635,28.950364022783802],[-13.83395870248727,28.950584055167255],[-13.833931529788147,28.95065386286161],[-13.833838012303767,28.950677600784914],[-13.833841498018252,28.950787799319784],[-13.833937459287146,28.950848151342502],[-13.834066667799606,28.950765491425802],[-13.834181408018088,28.95078179191855],[-13.834136529736618,28.950937220433122],[-13.834245453544165,28.95120905952322],[-13.834199574731471,28.951464828900406],[-13.834046606063419,28.951636784221364],[-13.834106870490885,28.951679759993063],[-13.834107815343836,28.9517529704341],[-13.83378253517687,28.951859607030446],[-13.833489124905233,28.952023123881343],[-13.833436147789584,28.952110036189506],[-13.83351762152085,28.95223448473956],[-13.833505822513107,28.95248521487162],[-13.83362941210045,28.952514146877267],[-13.833669225096587,28.95279982709293],[-13.833880382763654,28.95293321544505],[-13.834152603852141,28.95320689389007],[-13.834429302001217,28.953293485494726],[-13.834064512237097,28.953508216272155],[-13.834127316221334,28.953870492700474],[-13.834332765969679,28.953920060736912],[-13.834334313933017,28.95398707607964],[-13.834179328302525,28.954074972756207],[-13.833899354677675,28.95406445960066],[-13.833385911471419,28.95418983379209],[-13.832882485127323,28.95414661508948],[-13.832829596415328,28.95422544147791],[-13.83287875338124,28.95430369058974],[-13.833204070418239,28.954399506210112],[-13.833103044351457,28.954506930399873],[-13.83316246114479,28.95462556483618],[-13.833723175004582,28.95475432229612],[-13.833937443584768,28.95499141688594],[-13.834073844967744,28.955067687288413],[-13.834050616281244,28.955129713192257],[-13.833894865223561,28.955128228410043],[-13.83384580037876,28.955375016439817],[-13.833574935061895,28.95537180195163],[-13.833341801948036,28.95547013003556],[-13.833320495246753,28.955543742942595],[-13.833130709234634,28.955630758717017],[-13.833080618512577,28.955774860208894],[-13.833232327790048,28.95589169617702],[-13.833248304885592,28.95601890726135],[-13.833396694010032,28.9560510958194],[-13.833338036543127,28.956174040670387],[-13.833427475412426,28.956234462687394],[-13.833444142020022,28.95631851284455],[-13.833551701885735,28.956360743842566],[-13.833513879158843,28.956494266027054],[-13.833547556542921,28.95661340864245],[-13.833717382564805,28.95657878082034],[-13.833715824173037,28.956787416514295],[-13.833414810934258,28.957031018537528],[-13.83373432942101,28.957070024335078],[-13.833645635691937,28.957190263172944],[-13.833399681431464,28.95733715155825],[-13.833584802885472,28.95740287047776],[-13.83355244489056,28.95746627959882],[-13.833134907203126,28.957452839506466],[-13.832865131232245,28.95735201846015],[-13.832449656394498,28.957535267934638],[-13.832311125905571,28.957531466217894],[-13.83222775559589,28.957451458007263],[-13.832185014665221,28.95753297102462],[-13.832249493463351,28.95770896780424],[-13.83219879681245,28.957767885565936],[-13.832285684651007,28.957984373807662],[-13.83200577768498,28.958299759853624],[-13.831801262790522,28.958429542113937],[-13.831784440418216,28.95862273882071],[-13.831730408939798,28.958697069222882],[-13.83115906909287,28.95888777771685],[-13.830806383727735,28.959191843513107],[-13.830575073070342,28.959700432864068],[-13.83048767184374,28.960260234915427],[-13.830522080031054,28.96066471914049],[-13.830737160087716,28.961144111428958],[-13.830882708519704,28.961272601931636],[-13.831091178867839,28.961346749157343],[-13.831457995533015,28.961597879912713],[-13.831459498799761,28.96163948053643],[-13.831313383234388,28.96164903199301],[-13.831310621510356,28.96171947572542],[-13.831732147316721,28.962110418496458],[-13.83178883627286,28.962285788665607],[-13.831926750735663,28.962414482243698],[-13.832239462171282,28.96243596938792],[-13.832418144847825,28.96253846517268],[-13.832437940198634,28.962570540727814],[-13.832308455077122,28.962696488649726],[-13.832312580331667,28.96276785811199],[-13.832486912555751,28.962888645910798],[-13.832714160276236,28.96331646339819],[-13.832838049386142,28.963425838580232],[-13.833064306424134,28.963396900315292],[-13.833483440510674,28.963778999670257],[-13.833753266989412,28.963701052768695],[-13.833772632605251,28.963837399054576],[-13.83394735220948,28.96389465189282],[-13.834125526924568,28.96409416000693],[-13.834108953275566,28.964389901864262],[-13.834183539368922,28.964620722046277],[-13.834108088964596,28.96474178851063],[-13.834076024272616,28.965024246334465],[-13.834214284768137,28.965140965309846],[-13.834202912999121,28.965177697788803],[-13.833964705117149,28.965364219787112],[-13.833701061887993,28.965446841097407],[-13.833710503107906,28.965512769652854],[-13.833951384077102,28.965732324832658],[-13.83387776288074,28.965884173229206],[-13.83388171916555,28.965981668763927],[-13.833784910264612,28.96602314744147],[-13.833598177301173,28.96599365016303],[-13.833456965647743,28.966052207491327],[-13.833356189507077,28.966178432815543],[-13.833346887497001,28.966281291494077],[-13.833439796972446,28.966605842109644],[-13.833602422324892,28.966815901861324],[-13.833726477081122,28.966841390362585],[-13.833891215482328,28.96677508587029],[-13.833982259282328,28.966797534833983],[-13.834121053220038,28.967090291484123],[-13.834085555008615,28.967122329299173],[-13.833961031691272,28.967068977068084],[-13.833916241985884,28.967208503481405],[-13.833905424743293,28.96726530353215],[-13.834030059904444,28.96750277608975],[-13.833940854519165,28.967561630997906],[-13.833939223308663,28.967813315228167],[-13.833874913733672,28.9680718120173],[-13.833906903022168,28.968147754802004],[-13.834235889121809,28.968341350272638],[-13.834301426436303,28.968442132047606],[-13.834277156650485,28.968545465325334],[-13.834141319744171,28.96847584243222],[-13.83409305275294,28.968562930423513],[-13.834176767961896,28.968799894995666],[-13.83412646555975,28.969068620694834],[-13.834239347578057,28.969146266541358],[-13.834204972432044,28.969283148879953],[-13.834577991262307,28.9693172832454],[-13.834673650539221,28.9695911820233],[-13.834547648535738,28.96966951026215],[-13.834492675342988,28.969809237210068],[-13.834247835322856,28.969784453657535],[-13.834079310147057,28.96987685322352],[-13.833695000000006,28.9699233301273],[-13.833916540691147,28.97039326088314],[-13.833673830340086,28.97069828651904],[-13.833612375557731,28.970896023936827],[-13.833730094969457,28.971380785525913],[-13.83327149988402,28.972076417372296],[-13.83325896916836,28.972549363500537],[-13.833485247790847,28.97287160548891],[-13.833450734407762,28.973126758832134],[-13.833481519852453,28.973310125378152],[-13.833312934561347,28.973524396650266],[-13.833168225302332,28.973582769380485],[-13.832796611562538,28.97344049667141],[-13.832680608663,28.973446709752302],[-13.832779446211042,28.97359456651452],[-13.832659541981803,28.973666727827283],[-13.832447011837788,28.97367037042767],[-13.832642599874465,28.973888668326975],[-13.83234158470164,28.974215440202887],[-13.831955232054836,28.974431284664306],[-13.831495095900358,28.97446165454931],[-13.831071421886483,28.97472511303068],[-13.830924418639132,28.9749179084911],[-13.830886844585901,28.97487137390939],[-13.830885180749911,28.974650563169483],[-13.830544474927253,28.974563424518163],[-13.829982037711458,28.974735702090673],[-13.829546461668889,28.97494735668664],[-13.82925391000757,28.975137466662424],[-13.829296347483046,28.97518590366558],[-13.829267804937409,28.97528167191024],[-13.828824107487193,28.97561990074188],[-13.828646422647605,28.97589371521217],[-13.828535165560037,28.976236417428755],[-13.828519713610078,28.976849982280353],[-13.82857828941366,28.977149553892914],[-13.828748903777788,28.977427132335198],[-13.82885851874371,28.977463609678782],[-13.82890264830706,28.97733634411966],[-13.82899460210135,28.977406303600528],[-13.829098786166146,28.977808353582105],[-13.829034142417916,28.97797818258402],[-13.829090488115796,28.97802026065799],[-13.829259964340313,28.978020003265176],[-13.829343153451264,28.978175677612647],[-13.829676318858484,28.977999945584052],[-13.829813112147056,28.978003599918836],[-13.829777437142829,28.97808011042645],[-13.829588957328758,28.978203944171383],[-13.829411183906906,28.978561952688796],[-13.829405363961781,28.97864132183587],[-13.829557697515131,28.978810882585286],[-13.829870609538172,28.979052370876374],[-13.830016352005213,28.978884763573085],[-13.830089242841408,28.978945179493834],[-13.830264532063495,28.978935576279238],[-13.830457343915082,28.978601821516996],[-13.830798121108838,28.978555977526373],[-13.831033144071467,28.978725371474813],[-13.830986726114796,28.978793413369914],[-13.830790540662889,28.978802970804193],[-13.830701049079524,28.97887525908875],[-13.830665093598695,28.978994951737526],[-13.83055452241703,28.979101712826917],[-13.830430574694862,28.97944501948676],[-13.830156936114465,28.97961347288658],[-13.830076458487447,28.979712833139708],[-13.830227839317146,28.979773931294517],[-13.830549398322079,28.979674068895736],[-13.830638840977882,28.97975224549471],[-13.830615551913064,28.97992474508175],[-13.830690754966101,28.98011180994969],[-13.830634797931832,28.98019927184618],[-13.830701850194469,28.980253283267057],[-13.83065948238691,28.980311540930554],[-13.830693168190905,28.980393699402796],[-13.831113571203048,28.980675333438597],[-13.831316037812625,28.980954629916493],[-13.831610880771828,28.981518907497218],[-13.83183940260065,28.981741382234187],[-13.831925352366193,28.981955263329482],[-13.832172005138068,28.982161009517057],[-13.832111299649636,28.982320342049785],[-13.831932738275482,28.982554875719355],[-13.832015097326895,28.982708365978862],[-13.831977295575813,28.983324913610844],[-13.832021095549097,28.98395776545507],[-13.832250552157726,28.98436798603675],[-13.83223473434425,28.984431095737882],[-13.832398631386692,28.984431363971527],[-13.83252502765634,28.984495130759605],[-13.83266473935048,28.984700371656867],[-13.832747656633734,28.984950614484852],[-13.832692831733775,28.985035912266486],[-13.832459476051586,28.985067539798806],[-13.832204132197388,28.98523642742991],[-13.832389264841716,28.985440636963382],[-13.832304933938863,28.98555022603436],[-13.832635045651166,28.985706580683438],[-13.832598032217053,28.98575593255147],[-13.832378055622193,28.98576601698405],[-13.832459865025216,28.98593942943174],[-13.832273418442734,28.986027473486807],[-13.83254839521222,28.98607015819463],[-13.832668750442313,28.986291846041293],[-13.832620296916636,28.986336188932594],[-13.832481181856751,28.986322562823727],[-13.832420185465452,28.986460078965443],[-13.83250075626188,28.986930213385413],[-13.832608062885518,28.9871439902573],[-13.832551603269842,28.98736371869132],[-13.83264189081221,28.9875135234156],[-13.832798265016134,28.988107344536893],[-13.832876897790996,28.988143413764313],[-13.832882063100449,28.988250160977675],[-13.83300250632059,28.98828875072603],[-13.832997784947398,28.988434995576267],[-13.833321133218142,28.988540036935596],[-13.833299839197798,28.988663015869527],[-13.833444731928143,28.98885359016627],[-13.833630120804516,28.988911361313033],[-13.833544354937693,28.989060793101373],[-13.833562668476288,28.98914485724521],[-13.833692928895195,28.989197817639482],[-13.833547689920595,28.989484355666143],[-13.833567364349483,28.989556861191613],[-13.833650732226483,28.989533325419764],[-13.833695005348863,28.98956894296452],[-13.833618642908341,28.98978776816211],[-13.833681338268814,28.98985011536692],[-13.833930840222923,28.989921013612687],[-13.833830698350484,28.990092847518373],[-13.833723723173984,28.990021064286125],[-13.833515217962498,28.990017910739844],[-13.833455957117387,28.990059272050367],[-13.833341194905158,28.990275164987498],[-13.83335587052565,28.990478471774868],[-13.833105847191026,28.990845233816827],[-13.83315885465254,28.991028079605986],[-13.83325740977713,28.991085539955286],[-13.833245748190679,28.991228241008972],[-13.833300484545585,28.991344966657856],[-13.83298139305487,28.991485288518824],[-13.832794011176402,28.99167398010638],[-13.832810126483587,28.991730724999645],[-13.832708150288717,28.991732880785595],[-13.832458599555073,28.992163046252035],[-13.832463137140738,28.99226718909636],[-13.83270561864976,28.992554050926667],[-13.832665972989217,28.992983728930092],[-13.832748728168474,28.993044228617872],[-13.832709285767086,28.9931231708801],[-13.832831894173992,28.99324364454392],[-13.832638030986125,28.993424193732494],[-13.832571129356753,28.993549682613924],[-13.832610042201859,28.993770085874555],[-13.832237159918638,28.994096078200442],[-13.832252228137305,28.99415830097178],[-13.832453878013217,28.994260690012876],[-13.832464923373664,28.994326424686314],[-13.806503254478791,28.98963380110187],[-13.794225025027037,28.98393999641468],[-13.781330134679648,28.983930310359316],[-13.7291833276913,28.993996374415676],[-13.71625650892424,29.003085391854242],[-13.729990165034291,29.005104757156563],[-13.737804233205669,29.018827455996405],[-13.76384078689626,29.04268294492231],[-13.781974274898307,29.058158542892134],[-13.781748359949354,29.05851716008717],[-13.781349508572637,29.058977342819535],[-13.781262592140688,29.05921307585269],[-13.781057553919549,29.059263485754425],[-13.781028648820632,29.059373542454697],[-13.780911753948786,29.059447278700127],[-13.780904641311396,29.05967116458515],[-13.780689794880967,29.059772889946128],[-13.780675283445282,29.05987832142555],[-13.780526065686347,29.059888075074674],[-13.780042661650375,29.060231832630365],[-13.77981694491953,29.060541235786257],[-13.779649163152886,29.060934067346746],[-13.779496114610764,29.061101466663853],[-13.779503099768482,29.06120607328658],[-13.779648753055035,29.061398001225847],[-13.77935209465907,29.06173709985193],[-13.77937952374612,29.061846648794234],[-13.779320613166185,29.061964518358504],[-13.778761152672255,29.061843776722522],[-13.778620041887812,29.061946304940612],[-13.778520588696864,29.061951618280503],[-13.778393128001571,29.06177804863338],[-13.778197836928893,29.061959501382592],[-13.778088242944689,29.062194159184973],[-13.777824059428418,29.062214280196148],[-13.77769258727816,29.062481814103002],[-13.777581700467952,29.062557758502034],[-13.777192192920504,29.062473926176562],[-13.777008997026558,29.062344032850955],[-13.77694469202011,29.06222244290615],[-13.776968003307433,29.06252055439044],[-13.77687334308677,29.06263145516104],[-13.776620461356464,29.062706971224298],[-13.77682448568781,29.062743196841772],[-13.7769041382535,29.062890783175924],[-13.776879833263635,29.062944854762755],[-13.776768222618362,29.062988023021067],[-13.776535471685227,29.06294531715944],[-13.776496093798889,29.06306842664727],[-13.776336119795033,29.06312572863447],[-13.77599017009295,29.063111022926563],[-13.775798748130903,29.06288792588568],[-13.77587101289793,29.062697404185464],[-13.775831008797095,29.062671760688016],[-13.77569538252444,29.06278965982731],[-13.77560024532101,29.063358003647977],[-13.775459818699215,29.063447403434775],[-13.775229371233515,29.06344963313602],[-13.775026163158639,29.063326909752345],[-13.774863651373545,29.063338133065788],[-13.774772365765456,29.0630140049331],[-13.77482132045563,29.06274832027751],[-13.774930945660419,29.062595105173042],[-13.774893490182253,29.06238871845813],[-13.774495748669487,29.06223360632038],[-13.774317765848911,29.062259010420096],[-13.773791234864916,29.06257632309021],[-13.773467985446946,29.06263301461212],[-13.773353453129468,29.06286733452954],[-13.773312012264187,29.062879797841866],[-13.773268135244292,29.062771830389632],[-13.77317052431009,29.0629650074731],[-13.77298907082005,29.062893018465747],[-13.772876593205389,29.062610281921906],[-13.772758362272867,29.06254624398424],[-13.77222189661718,29.062659454495485],[-13.772079320145341,29.062801815837165],[-13.77191099676691,29.062710614714298],[-13.77159170394543,29.062925578362478],[-13.771170646928741,29.063025265255966],[-13.77124467032834,29.063085569584537],[-13.771221687212684,29.063138786280973],[-13.770975623351077,29.06328339378421],[-13.77104033736903,29.06335256560476],[-13.771173523695369,29.063387239570996],[-13.771255011370592,29.063516254867015],[-13.771179776752659,29.06362386347284],[-13.771037024821336,29.064092575951356],[-13.770914028079007,29.06421894289266],[-13.770901480932684,29.06432410183295],[-13.77057959311399,29.064358985888422],[-13.770513877558434,29.064190594919936],[-13.7705005934791,29.063925072952742],[-13.77042803591417,29.06397321392792],[-13.770357801088997,29.0643345635549],[-13.770376130383736,29.06470120989128],[-13.770193066427025,29.064726679178914],[-13.77026461938443,29.064846317050566],[-13.770271345722833,29.064972003954423],[-13.770399314255556,29.06507425338811],[-13.770393531048207,29.065246474807164],[-13.770126261880522,29.065591579043897],[-13.769765341786673,29.066227947389745],[-13.769606018590471,29.066347355772624],[-13.769249759944405,29.066397227267508],[-13.768970255198399,29.066239582087217],[-13.768909466556003,29.06626530454561],[-13.768871017739889,29.066357789583858],[-13.768726194063014,29.06637378904144],[-13.768650623186769,29.066167051255462],[-13.769013073753063,29.06599376994815],[-13.769057249623017,29.065917221070723],[-13.768773322871535,29.065588994072858],[-13.768743944585966,29.065395386562606],[-13.768592213851907,29.065118044429813],[-13.76834889679759,29.064947887452664],[-13.768243921534394,29.065123665674353],[-13.768182535256614,29.065116748506387],[-13.76809868601999,29.064880748246722],[-13.767856702524753,29.064857734400203],[-13.767834543395937,29.06474823176202],[-13.767900901809812,29.06453051348781],[-13.767831710913118,29.064361070362708],[-13.767835908511824,29.064108279765808],[-13.767775927494977,29.063983259537306],[-13.767392121703638,29.063762410029053],[-13.766664582020686,29.06370678527607],[-13.766104061155577,29.06383432492072],[-13.766031486993555,29.063966502635594],[-13.765745053549427,29.064160401229508],[-13.765626266363299,29.064374305903407],[-13.765629322886323,29.06471439656963],[-13.765714771861232,29.064781162220044],[-13.76580378483471,29.065062687158836],[-13.765902063434707,29.065090737284653],[-13.765953890992103,29.06517222905467],[-13.766044479269107,29.06515602314349],[-13.766007999681532,29.065441727842586],[-13.765791557123594,29.065399306949224],[-13.765659833684959,29.065436658550844],[-13.765558303215773,29.065664294745154],[-13.765457385295313,29.065543959694743],[-13.76525725400843,29.065577486860757],[-13.765140776756562,29.065549133322587],[-13.765089536275273,29.0657941356183],[-13.764822333044545,29.065525545458552],[-13.764649749403217,29.065543748912166],[-13.764512835634054,29.06575099688678],[-13.7644267328987,29.065539232233643],[-13.764213174634191,29.065547816129097],[-13.764056485569514,29.06549423695497],[-13.763617629170009,29.06554146502746],[-13.763530654426967,29.065650828827994],[-13.763533977298104,29.06599554213553],[-13.76343946862839,29.066092283640412],[-13.763197562740103,29.066128021619825],[-13.76305933430619,29.066021780951885],[-13.762975623505154,29.066040069744357],[-13.7626113428642,29.066266013131912],[-13.762306548853013,29.06652022777137],[-13.762215823464018,29.066695689532523],[-13.761880275267515,29.06691005522177],[-13.761637714267987,29.067034750641803],[-13.761200673384234,29.067159807738843],[-13.761003383820173,29.067312625894917],[-13.760718339720407,29.067289201022174],[-13.760610330137897,29.067569640628427],[-13.76080462596809,29.067632794124137],[-13.760951181484467,29.06774706515649],[-13.761005874584532,29.06789278689143],[-13.760651350591793,29.06780552069303],[-13.760516306814354,29.0679379841727],[-13.760540312812104,29.068074515797708],[-13.760389971441965,29.068359031429242],[-13.760432140870265,29.068433640477206],[-13.760702118727561,29.068535189538473],[-13.760481812294273,29.068595534030045],[-13.760415894381685,29.068692536761404],[-13.760413452084675,29.068748982256754],[-13.760557305064667,29.06881442271722],[-13.760555755747362,29.06886148155333],[-13.760432866428609,29.069059748247287],[-13.760315798687886,29.068998174002],[-13.760202365213333,29.069027738392652],[-13.76033089647628,29.06919238199453],[-13.760321067855623,29.06924456250376],[-13.759668267841123,29.069882961236317],[-13.759482335868373,29.07013668820853],[-13.759354191994387,29.07052637489274],[-13.758947786914383,29.07112807850161],[-13.758878412993436,29.07133145935406],[-13.758872395586263,29.071658758440154],[-13.75861024025826,29.072011394442434],[-13.75863548024768,29.072062030769693],[-13.758718508576427,29.07205658103237],[-13.758722798029616,29.0723020939016],[-13.758946458638462,29.072401485294208],[-13.758983746204308,29.07255431218927],[-13.759132129023806,29.072698211823663],[-13.759155515212466,29.07280412621148],[-13.758839057950576,29.07272278350979],[-13.758901139760166,29.072863999162077],[-13.758999100857396,29.07293610165818],[-13.75873268427989,29.072948077058555],[-13.758673525907257,29.073001822640908],[-13.758700772822445,29.073124946481457],[-13.758650713963053,29.07318744017156],[-13.75846038342689,29.073313767565654],[-13.758242509157185,29.07330741998889],[-13.758073267102795,29.073467288444323],[-13.758279032633972,29.073835804568592],[-13.75834046938269,29.074130228001206],[-13.758299887340877,29.07415280213881],[-13.758097910406727,29.07407137996496],[-13.758016962753482,29.0741327210781],[-13.75836626809058,29.07447355123325],[-13.758229107156332,29.074490322188133],[-13.758142868310527,29.074598841169202],[-13.75800977498977,29.074649880650583],[-13.758043090354716,29.074760353737524],[-13.75796028811112,29.074811858601425],[-13.758014912202835,29.075071275199317],[-13.757929184034369,29.07528447614977],[-13.75799947380554,29.075738376461643],[-13.75728676134663,29.076330885331984],[-13.757193973960597,29.07644727542459],[-13.757150840002796,29.07668237617687],[-13.756917720614089,29.076850026604454],[-13.756880050334834,29.07700302598548],[-13.756713638234435,29.077255042709872],[-13.756254331651283,29.077587517232125],[-13.75532114858262,29.07789466718914],[-13.7541135845343,29.077682172687485],[-13.753913397241792,29.077745426928864],[-13.753776770151221,29.07789837277172],[-13.75341188222694,29.07792386262314],[-13.753358948884525,29.078159755501297],[-13.753163361319315,29.078004725505178],[-13.752742497717286,29.078310398530373],[-13.752448222606514,29.078276626568012],[-13.752193574739815,29.078330419816982],[-13.752060322041924,29.078411061901292],[-13.752049673792017,29.07878652672586],[-13.752140907767563,29.078980441214735],[-13.752123525102016,29.079058830577416],[-13.752054333164939,29.079098906844994],[-13.75197737042322,29.07907450993621],[-13.751786484873467,29.078693109287325],[-13.751725266026497,29.078671747225354],[-13.751469326083177,29.078767843661826],[-13.751468039873489,29.07897331547049],[-13.7514129822287,29.079013522921375],[-13.75130423226899,29.078844434258446],[-13.751107683635324,29.0788680184413],[-13.750870950278554,29.078799239858263],[-13.750682523541036,29.078847888320883],[-13.750484326325903,29.07876287093824],[-13.749855250542037,29.078695787698102],[-13.749559029169149,29.07854414660675],[-13.74919645459379,29.078622784031626],[-13.748704332535226,29.078556836504976],[-13.748079135012889,29.078359536351254],[-13.747955404677464,29.07821147793235],[-13.747710947683961,29.078222679237626],[-13.74755069150946,29.078045310022866],[-13.747339612785733,29.07799280146325],[-13.747262258079079,29.078028178165443],[-13.747150069088542,29.077953777344078],[-13.747014959022053,29.07800767483158],[-13.746821536548865,29.078000517262854],[-13.74664337892076,29.07787973571282],[-13.746231459028875,29.077781299815328],[-13.745796020681503,29.07786719782485],[-13.745538301461892,29.077865655127457],[-13.74507750803884,29.07799216841334],[-13.744765982798477,29.07815457799289],[-13.744497410858308,29.078739619541594],[-13.743916606069138,29.079256741704935],[-13.743865733779222,29.079402258208304],[-13.743639589423251,29.07967016005816],[-13.743284107603435,29.079905218518544],[-13.743443372256833,29.08024517301035],[-13.74337681951769,29.08032816322205],[-13.742970012072583,29.08037675917597],[-13.742960817877517,29.08031156009038],[-13.743130204178923,29.080207007443722],[-13.742885089677088,29.08021266175032],[-13.742984745910045,29.080110921191622],[-13.742797978941294,29.08002239888944],[-13.742433510643748,29.07996858022916],[-13.742490752777405,29.080090562468637],[-13.742405240316053,29.08020181189963],[-13.742203047913899,29.080202515440693],[-13.742209754002666,29.080391294011942],[-13.742079709114064,29.08036943549287],[-13.741982368123649,29.0804090888701],[-13.741762213847819,29.080362704119203],[-13.74171025685743,29.080319899807755],[-13.741704124128029,29.07989460762767],[-13.741645767044021,29.079864450239207],[-13.741581532171937,29.080091414785947],[-13.741413416639743,29.080064289070076],[-13.74126360892951,29.080119910604527],[-13.74095608314509,29.080077461235017],[-13.740941694632324,29.08031442296927],[-13.740565207356331,29.08053585773759],[-13.740357357711305,29.08058604208928],[-13.740109947278867,29.080530428028617],[-13.740014624631021,29.080627008945683],[-13.73990495554305,29.080507863641653],[-13.739668851911693,29.080495673964126],[-13.739645209110858,29.080672345146144],[-13.739582216560976,29.080688792054456],[-13.739427767041775,29.080639537278106],[-13.739384312893014,29.080482315498127],[-13.739145920671131,29.080404989952058],[-13.739110270499614,29.080281919248268],[-13.739173046710402,29.080202225468494],[-13.739101203928431,29.08010855970424],[-13.73863076292235,29.07994616994665],[-13.738345347551483,29.079940751663308],[-13.73797626298651,29.080023187158364],[-13.737920142438547,29.079988292842938],[-13.737913560384591,29.079870847066573],[-13.737778471545251,29.079841563635597],[-13.737702348859656,29.079920400245822],[-13.737261474228225,29.079938641772507],[-13.736813372763342,29.08004734113593],[-13.736631221230109,29.080399394320537],[-13.736596323373654,29.08056511977423],[-13.736471688004519,29.080514274513128],[-13.736302408710817,29.08054891457604],[-13.73607075073964,29.080367835515265],[-13.73602845345889,29.08038563132248],[-13.736095889676475,29.0804899420415],[-13.736014749395258,29.080548803790595],[-13.735599969031906,29.080459125348057],[-13.735282128852242,29.080480676696],[-13.734924581115086,29.08081923352028],[-13.734535010203192,29.080924749553585],[-13.733951913363448,29.08121263268908],[-13.7333851621033,29.081281077986493],[-13.732939918049883,29.081219251891028],[-13.732721543065866,29.08127956800549],[-13.73194123399789,29.08165903862395],[-13.731309585652689,29.081640649647866],[-13.731280123064684,29.081855076880835],[-13.73118309881071,29.081901963101508],[-13.731109413157983,29.082066454189277],[-13.730974671552703,29.08214286458053],[-13.730991431764588,29.08219702632946],[-13.731179199314548,29.082283842042234],[-13.731156503583753,29.082408826697893],[-13.730986126967412,29.082388443837583],[-13.730932833187447,29.082283975798436],[-13.730719214892522,29.082385053140396],[-13.730409600325233,29.08240551552716],[-13.730367904300637,29.082357317260257],[-13.73039035158171,29.082205779645122],[-13.730356059208306,29.082160403895042],[-13.73031100689195,29.08232227749645],[-13.730218646553872,29.082320536983694],[-13.730122502778313,29.08242286059287],[-13.73007869874456,29.08240251942695],[-13.730097015395675,29.082249345388377],[-13.730044908756524,29.0822089990644],[-13.729995412884492,29.0822238362744],[-13.729947174268688,29.08234049283484],[-13.72984589363842,29.0823523765012],[-13.729777340112506,29.082275929335303],[-13.729766071318165,29.082079003218606],[-13.729471979954859,29.081932978834963],[-13.728913387670124,29.081748060948023],[-13.728713410008295,29.081809122558393],[-13.728408723054647,29.08177648973778],[-13.728353867851862,29.08171907812779],[-13.728288221665792,29.08145956544303],[-13.728124959559368,29.081459019301963],[-13.727949316444798,29.081375780113625],[-13.72760121561652,29.081434993359203],[-13.727560785978351,29.081558076817846],[-13.727463633916091,29.08158183778082],[-13.727165930334555,29.081248638279455],[-13.726993779205454,29.081389532019287],[-13.72682076386909,29.08140679679019],[-13.726617090309237,29.081597928859466],[-13.726658813580046,29.082037997900347],[-13.726812132274855,29.082028478849647],[-13.72671430483459,29.082300898862464],[-13.726632678513063,29.082398736819684],[-13.726624581598774,29.082736255138922],[-13.72670497488269,29.082962562793227],[-13.726615934733914,29.083028292881192],[-13.726620384727807,29.083237842585078],[-13.726523139198957,29.08328572519777],[-13.726487086970971,29.083383571471224],[-13.726556989133737,29.083554043010906],[-13.72652160045478,29.08359789187067],[-13.726207044434137,29.083368359759024],[-13.726048785318204,29.08337840842339],[-13.726165388081878,29.08376129539529],[-13.726127853678419,29.08393608064771],[-13.725562281554875,29.083907182165788],[-13.7254597528297,29.083823325995112],[-13.72533938378847,29.0839067975468],[-13.725377497654344,29.084132261914977],[-13.725249811600058,29.084185783413105],[-13.725161424771986,29.084325142115713],[-13.724979016280956,29.084133673663356],[-13.72484081800381,29.084186517603072],[-13.724626770981704,29.084134810995657],[-13.724288166043065,29.08416955881716],[-13.72386715333471,29.08381178787039],[-13.723595435650008,29.083707991227765],[-13.723836767737374,29.084116460308042],[-13.72401256509365,29.084257328930285],[-13.7240437867999,29.084408238206866],[-13.724002764877273,29.084508924433216],[-13.723678483359276,29.08470510462521],[-13.723595425249686,29.084695361937573],[-13.723530619057302,29.084601890571097],[-13.723513542901948,29.084270351470007],[-13.723420171755558,29.084227146176435],[-13.723230626611095,29.084348078274953],[-13.723152133278584,29.08447468733002],[-13.723145006984398,29.0848924971569],[-13.722732967134824,29.0849001268549],[-13.72262938873043,29.084811502220813]]]}},{"id":"91","type":"Feature","properties":{"categoria":"Parque Natural","nombre":"Archipiélago de Chinijo","codigo":"L-02"},"geometry":{"type":"Polygon","coordinates":[[[-13.497238251247971,29.16662883401952],[-13.497114453027388,29.166863443572694],[-13.497141972896578,29.167232838194323],[-13.497071330427781,29.16756503474706],[-13.497135399783456,29.16762756887942],[-13.498392044908199,29.16728755990443],[-13.498803167946065,29.16725508016061],[-13.499124452124576,29.166938325594558],[-13.499739010886517,29.166957845626452],[-13.500318099971862,29.166729705036353],[-13.50051011523746,29.166605517654283],[-13.500744695064757,29.166262069412152],[-13.501045261661076,29.165367986030848],[-13.501355521039157,29.164959958757052],[-13.501395771145008,29.164807901634987],[-13.501150783336216,29.164473974998582],[-13.500936711660517,29.16392291284076],[-13.500654924126108,29.163701916307343],[-13.500660188232638,29.163566072080677],[-13.500905194548517,29.163332382952753],[-13.501726461066418,29.16309143150368],[-13.501714592964863,29.163018494324675],[-13.501812983403344,29.162782089254634],[-13.501988997717204,29.16262350100315],[-13.501984873009715,29.162477047570015],[-13.50204215400889,29.16236131321611],[-13.502463406941482,29.161875978303076],[-13.502718337495907,29.161660652361775],[-13.503544798254962,29.16118273089714],[-13.503602628152173,29.161088524461217],[-13.50384184186273,29.16095849715679],[-13.50489688878572,29.160166337335347],[-13.50561353784994,29.159537168495227],[-13.505763632450094,29.159191161353395],[-13.5059783009697,29.15899776848516],[-13.506311719402113,29.158950221068793],[-13.50691127120945,29.158955037893403],[-13.507542623908202,29.15902156148028],[-13.508156670258089,29.15928396577716],[-13.50850508419332,29.15970121465858],[-13.508787150116628,29.159684294715422],[-13.509084993202071,29.159844838001312],[-13.509584703354635,29.15986094877679],[-13.509970934364258,29.159710310637077],[-13.51055039077993,29.159611931292307],[-13.510737319682066,29.159539217809634],[-13.511086861590666,29.159132333984886],[-13.51144196743549,29.15896388374549],[-13.511749672079969,29.15900253336237],[-13.511986273604503,29.159189534406924],[-13.51208428033666,29.159328656501646],[-13.512212659859728,29.158912806133113],[-13.512410577874535,29.158726607338963],[-13.512990246147185,29.158595877031473],[-13.513044624524902,29.15881757233575],[-13.513378096127253,29.15850633122551],[-13.513643703636028,29.1585525948665],[-13.51391542254798,29.158388663110625],[-13.51391871271379,29.15830297019354],[-13.514045055712446,29.158310688809454],[-13.514241594259847,29.158227139638498],[-13.514368583057601,29.15804716277309],[-13.515001214337037,29.157879109576143],[-13.514938076491438,29.15769431685457],[-13.515189321409167,29.15745254766639],[-13.514978402820706,29.15739245483162],[-13.514836183448413,29.157273564006818],[-13.514814958805417,29.157176770232386],[-13.514880400749927,29.156987086202033],[-13.514540686716204,29.156589866136187],[-13.513768125166711,29.156123771775537],[-13.51372376686685,29.155991526967302],[-13.513534243043571,29.155945205558456],[-13.513324498291507,29.15580390586755],[-13.513163688930005,29.155619833123055],[-13.513118251717433,29.155491185814093],[-13.512865663854262,29.15546943106551],[-13.512724191417808,29.1553703995146],[-13.51194843415194,29.15505586523066],[-13.511309676934392,29.15450912373706],[-13.510775310020692,29.154494159813442],[-13.510276142295423,29.154177276306353],[-13.509563479969529,29.15383726020156],[-13.509284413396607,29.153513797733414],[-13.509230814273893,29.153238867218395],[-13.509279009802345,29.153104943789828],[-13.509727648112882,29.152648801720204],[-13.509906198394091,29.15252896195755],[-13.51024498989975,29.15241812340141],[-13.510650787853482,29.15215191115918],[-13.510818272037803,29.15200090401274],[-13.510901820488442,29.151853295234446],[-13.511238117156818,29.15177265724983],[-13.511495488701614,29.151825601329072],[-13.51181678696828,29.15163009823062],[-13.512007476556283,29.15160207580464],[-13.512170183374467,29.151511295170515],[-13.513004605667936,29.15139115359972],[-13.513122586212928,29.15133651337714],[-13.513354931954309,29.151335482375732],[-13.513661234432362,29.151445727249623],[-13.51380581831822,29.15135690930183],[-13.513938482524967,29.151417669753602],[-13.514010383363432,29.151293302262836],[-13.514092157445374,29.151254322543362],[-13.514368034981796,29.15122859522055],[-13.51470368821424,29.151263811487123],[-13.514896365044772,29.15113329247535],[-13.515029684940247,29.151255694144712],[-13.515063393327514,29.151149221730265],[-13.515166378481549,29.151079252859198],[-13.51573090241609,29.151033349149213],[-13.515724382097893,29.1509863512596],[-13.515606205739662,29.150983237012344],[-13.515487219327643,29.150893481725934],[-13.515513847952578,29.150621608063474],[-13.515378453482322,29.15030751066355],[-13.51491385317545,29.149803324914814],[-13.514275167940747,29.14925262775525],[-13.513365503434654,29.148695401521728],[-13.513093258579577,29.148419399352488],[-13.512789717517775,29.14832506654544],[-13.512299296951875,29.148355529819536],[-13.511681884761462,29.148016771525956],[-13.517297253623996,29.140851667522725],[-13.517340845157868,29.14007507542185],[-13.517579286239755,29.139361193609343],[-13.51791472806945,29.138763893668223],[-13.518202743310715,29.138104703844604],[-13.519069588742184,29.13693392311184],[-13.519333081451428,29.136263630346747],[-13.519759857223152,29.13574674703604],[-13.520033825719722,29.135492583552157],[-13.520430049399367,29.13524247658117],[-13.520717775429947,29.1349604884994],[-13.520844322201468,29.134808474045197],[-13.521026495828725,29.134288886228163],[-13.521520218379345,29.1339766824138],[-13.521707406281049,29.133680948909173],[-13.521882588683262,29.132931165505838],[-13.521895475528567,29.132533340462544],[-13.521794908911767,29.132306626267333],[-13.521319670769264,29.131902513982627],[-13.52119625215301,29.13169269320544],[-13.521179601220519,29.13156346342897],[-13.52118127840201,29.131302682580586],[-13.521534673805608,29.13045289221509],[-13.521775188909798,29.130164965937187],[-13.522522677167807,29.129858263645936],[-13.523077713560689,29.12949709603518],[-13.52342754199731,29.129111104867032],[-13.523541375691243,29.128912923947368],[-13.523501127814443,29.12849285491367],[-13.523139400900094,29.12762615527488],[-13.52310533349732,29.127205251779458],[-13.522776471577837,29.126987753921853],[-13.522774412058833,29.126844246311954],[-13.52289106466823,29.126520660415974],[-13.522969907934568,29.126067999753012],[-13.5243372529396,29.12240981684182],[-13.52425603970134,29.122339436296876],[-13.524255234272434,29.12225189252245],[-13.524106495118694,29.121944333974632],[-13.52363230095809,29.12168553164874],[-13.523518262087915,29.121538985719564],[-13.523642536716949,29.12118480033844],[-13.523576167835458,29.120435059300124],[-13.523466227633584,29.120289460900846],[-13.523263878460934,29.119834667461653],[-13.523220019318401,29.119467349776418],[-13.523074957342024,29.118974834162323],[-13.52272797282862,29.118517092708107],[-13.522722255219948,29.11740705071595],[-13.522931404126753,29.116905506338476],[-13.523372853574234,29.116610160239507],[-13.523454241921712,29.115876484901985],[-13.52345120501779,29.115729356608462],[-13.523009872488549,29.115402330423457],[-13.522921670206799,29.11524614204084],[-13.522826850746679,29.1149057865379],[-13.522761147231266,29.114110028472197],[-13.522909499052306,29.113940202726784],[-13.52301261921248,29.113699489556875],[-13.52299512083707,29.113557616446084],[-13.523106208027215,29.113478524590317],[-13.523147700950544,29.11330752136344],[-13.523125451719233,29.113138523247674],[-13.523358644363086,29.11271244099125],[-13.523367782458195,29.112576275800002],[-13.523646669316163,29.112352559165178],[-13.523875071841092,29.112040020120432],[-13.523985031243438,29.112085837455922],[-13.524152854724308,29.111939543133104],[-13.524398980651732,29.111897067827712],[-13.524773493042213,29.111147620591396],[-13.52489921557011,29.11104793241715],[-13.525488827395264,29.110839857701826],[-13.525995069042555,29.110294981764753],[-13.52625179541805,29.10961007573631],[-13.526601103822047,29.10887039859634],[-13.52713135431226,29.10829235586295],[-13.52755443657125,29.10816795586528],[-13.52766911058957,29.108052802356013],[-13.528163584279126,29.107821795774566],[-13.528602319518107,29.107824806050292],[-13.528948675344958,29.10767609654468],[-13.529071374153142,29.107574566182443],[-13.529083805138049,29.107495289181117],[-13.529025344181903,29.107415234502746],[-13.529051041778828,29.107342420011005],[-13.529315327589241,29.10696720298745],[-13.529529890509357,29.10698128763262],[-13.529771306169827,29.10691354570376],[-13.530142812664948,29.10710665625768],[-13.53037080508129,29.10702840852831],[-13.530845639891366,29.107094074352375],[-13.530853609728608,29.10689472573395],[-13.531055089842718,29.106600035200223],[-13.531333575556435,29.106381991480895],[-13.531633420440553,29.106251716296917],[-13.531943463512066,29.1058372880623],[-13.532238720082752,29.10565855768386],[-13.532400425490163,29.10549666110287],[-13.532495554604674,29.105309997680326],[-13.532473947256673,29.105167177963427],[-13.532517846908712,29.10497002716761],[-13.532713762365882,29.104777247065364],[-13.532895533276974,29.104494971749432],[-13.532819620499144,29.104196340679227],[-13.533342260941458,29.10386094088159],[-13.53379081966044,29.103677238997783],[-13.534233980319705,29.103656815711744],[-13.535010560117751,29.103746520145624],[-13.535288075806303,29.10382078701133],[-13.535406837076033,29.10377160453711],[-13.535575894445028,29.103443162716914],[-13.53559350242315,29.103288137636234],[-13.535352841273108,29.102795491761768],[-13.535126534870631,29.10259538848346],[-13.535157379020674,29.102376435752493],[-13.53502296479518,29.10207265455666],[-13.534931550611592,29.10127210593179],[-13.534820949372847,29.10081066001229],[-13.534733269229365,29.100689679300718],[-13.534372163300956,29.100431249078884],[-13.534334001388505,29.100296370447666],[-13.534135487343155,29.100020765504368],[-13.53402107648371,29.09997349115786],[-13.533762534471366,29.10001849336885],[-13.533709261651936,29.099934887681083],[-13.533725533072966,29.099729312321756],[-13.533681071680776,29.099676485464993],[-13.533530793919889,29.09962250156866],[-13.533427898002058,29.09948781726629],[-13.533307605455976,29.099420624626877],[-13.532943294820667,29.099327988088387],[-13.533004339683833,29.098779292132534],[-13.532982319401226,29.098593151391366],[-13.53316770409356,29.097843786430353],[-13.533446575870277,29.097056255607946],[-13.533644310856403,29.096688148492706],[-13.533902714907404,29.09599971428356],[-13.534133053974697,29.09557944187937],[-13.53473267845223,29.094927676123536],[-13.535826598101467,29.094006512051237],[-13.536657042972093,29.093551726827105],[-13.537030853195514,29.093491732153424],[-13.537579252983502,29.09307357122796],[-13.53815120389161,29.092951661120185],[-13.538323022165086,29.093007679300868],[-13.538438615540223,29.093116327899175],[-13.538540778022117,29.093230244633123],[-13.538556427302693,29.0934316566838],[-13.538353709513117,29.094235246161713],[-13.538380681170398,29.09467004279717],[-13.538799372495983,29.094999114325166],[-13.539540506057504,29.095120892378556],[-13.539660288640714,29.095224171025002],[-13.540010993665758,29.095200013729595],[-13.540720250413703,29.09495956443774],[-13.540841445191207,29.094962778076088],[-13.540838252602695,29.09518916270408],[-13.541095711314595,29.09521993867231],[-13.541515849092809,29.09500792501927],[-13.541748367876133,29.09499295202858],[-13.542031096858363,29.094681432981435],[-13.543222451148802,29.094497648255977],[-13.543555253831874,29.094518823746533],[-13.544658996947996,29.094743753690743],[-13.545984553696378,29.095951455138568],[-13.546410210166837,29.096503139923076],[-13.54692900376103,29.09694642193238],[-13.54723585798518,29.09712734425752],[-13.547361607770712,29.097327385249525],[-13.547642071471005,29.09753805370721],[-13.54789799316831,29.097904395762306],[-13.548181679808803,29.09803495323582],[-13.548241327255202,29.098110256931854],[-13.548236892971914,29.098200731673938],[-13.548692273815147,29.098637536131836],[-13.548650903770579,29.09878276770473],[-13.548739096298632,29.099011856344806],[-13.548931111491425,29.099035592337213],[-13.549042192649887,29.099241591598783],[-13.549164591189154,29.099212115823203],[-13.549422252649961,29.099267460468205],[-13.549440644891689,29.09946531863763],[-13.549498162758738,29.09953726880137],[-13.54981550483005,29.099501580309507],[-13.550189218919906,29.099604960328293],[-13.550535022645365,29.09945635891829],[-13.550853784294882,29.099586288273148],[-13.551124981720534,29.09945002755357],[-13.551244431445998,29.099278917664645],[-13.551471094994719,29.099191131976916],[-13.55170510123974,29.099198279658044],[-13.552014058631473,29.099074400096985],[-13.552553948156527,29.099191985030945],[-13.552934944764086,29.099533684790416],[-13.553429193896113,29.09861310664209],[-13.553698960487507,29.098205409966646],[-13.554326194605437,29.097436984116502],[-13.554539262351636,29.09704221082758],[-13.555831107382682,29.095622163284265],[-13.556175146871762,29.095429119049925],[-13.556571510778646,29.095282697139858],[-13.56972179434629,29.087496581815724],[-13.570447399871284,29.086956537586993],[-13.571024385889151,29.08639054042698],[-13.57158678528747,29.08568992225897],[-13.57274331395881,29.083997528572947],[-13.580540002192608,29.084666842094038],[-13.577616663478853,29.09740986505597],[-13.590440468700123,29.109498946198087],[-13.600392730402893,29.10655094999589],[-13.601843712965552,29.10608366938526],[-13.60273584832534,29.105692140450227],[-13.609944446209251,29.102081982245657],[-13.61000702426044,29.10212170661269],[-13.610092393546585,29.10231130110397],[-13.610121365288155,29.102617574385047],[-13.609983394361267,29.102876914051475],[-13.609631560269548,29.10328205496648],[-13.60993213831513,29.10400712454967],[-13.610143651172267,29.104316075211024],[-13.61016700247981,29.104116949478414],[-13.61024657785294,29.104006773809914],[-13.610957014427228,29.103518693706967],[-13.611538143936432,29.102895348474807],[-13.613242168913748,29.102528151612404],[-13.61369908037135,29.10231802201958],[-13.614743263570904,29.101689737797113],[-13.615105551424229,29.10161015691016],[-13.615746465369952,29.101681190256343],[-13.615947409278998,29.101727447848205],[-13.616015419996907,29.101854347416896],[-13.616698114241968,29.10167657055254],[-13.617979701350302,29.10149397140057],[-13.618330852429,29.101589440347286],[-13.61962912795377,29.102247353269043],[-13.620026393176481,29.10265862407927],[-13.62022251181442,29.102760701315585],[-13.620441210844325,29.102993908964674],[-13.620792671610445,29.103520346357982],[-13.620974428761345,29.104293507196832],[-13.621174376879809,29.10446936490663],[-13.621593596861478,29.104565263735278],[-13.621808084341719,29.104702146605163],[-13.622024474499431,29.104879407411264],[-13.622185744894283,29.10517319816308],[-13.62237446925618,29.105055996397265],[-13.622609836487372,29.104578331787405],[-13.62292889846499,29.104308167901387],[-13.623221877752087,29.10422183412716],[-13.62363939847568,29.10418024875021],[-13.623777887191357,29.10405258436855],[-13.624216469668486,29.10415642570877],[-13.624381659680793,29.10426165782006],[-13.624627855012728,29.104763198959922],[-13.624770787431757,29.10489019491229],[-13.625097451693723,29.104834723175728],[-13.625339455169739,29.104711872613617],[-13.625339787360042,29.104601831880835],[-13.62595116513757,29.104531299598545],[-13.625962204853563,29.104452132912613],[-13.625888072066598,29.104404455188504],[-13.625922027661161,29.10430819637094],[-13.626298307272965,29.10431567020412],[-13.626212802825984,29.104548554663754],[-13.62721918220619,29.104609397581417],[-13.62802601694263,29.10419545453174],[-13.630261037873279,29.102641991453783],[-13.630838652409578,29.10265096115111],[-13.630722180394754,29.102399234866354],[-13.630543775760598,29.102238865104216],[-13.630205635512327,29.102170961294448],[-13.629838380470648,29.101968489870263],[-13.629228427902964,29.10189327979971],[-13.62880958345588,29.101599251804544],[-13.628449573704055,29.101600332932584],[-13.627986387082391,29.1011351533841],[-13.627862065034359,29.100865579688197],[-13.630176460656187,29.095088815484946],[-13.631332153917688,29.094615363921537],[-13.632625966729249,29.09421617727625],[-13.634293657686461,29.094376557807],[-13.635458614352908,29.09477191861771],[-13.636395624375211,29.095324649547308],[-13.636723934091032,29.095361485764595],[-13.636893444403377,29.09550686932299],[-13.637240496388674,29.09614283175195],[-13.637355410445778,29.09685440663775],[-13.637521023229361,29.097236705712703],[-13.637875513646271,29.09763305184846],[-13.638204724554019,29.098451341844108],[-13.638391354921023,29.09871112032189],[-13.638452953814634,29.098968050021938],[-13.638460814458078,29.099320156845337],[-13.63873148291532,29.099890363841155],[-13.63968770710779,29.100471415201525],[-13.640641159269837,29.100929563479294],[-13.641036198374316,29.10081920872269],[-13.641333241542542,29.100600008403976],[-13.641446448234142,29.100667864230495],[-13.642105514755432,29.102646488531203],[-13.641995951995005,29.10270944393746],[-13.641696130962453,29.102739166415653],[-13.642028534729242,29.10328012132312],[-13.642327877382783,29.10403850154364],[-13.6424582967348,29.104201360125508],[-13.642543178025555,29.104702175783235],[-13.642943258039148,29.108512751616505],[-13.64293216352139,29.108653421216665],[-13.642786551539762,29.10878641220066],[-13.642729357139142,29.109699110497687],[-13.642745999065827,29.11031023607508],[-13.642897686424385,29.111437123655637],[-13.642881862665492,29.11170318552968],[-13.642348402913981,29.11178983463536],[-13.641989295556417,29.111730787704428],[-13.639410931972522,29.114832436831744],[-13.637826629256272,29.116268422576393],[-13.637621302514438,29.11660973371296],[-13.62965130795806,29.137537326389147],[-13.531270864136037,29.40033767091474],[-13.531150424917952,29.400479101191856],[-13.530888489204319,29.400620956706103],[-13.53041515710671,29.401001779009974],[-13.530377499700062,29.40111226716911],[-13.530119320696816,29.401429767184183],[-13.529990946387866,29.401499368968224],[-13.529968970612087,29.40166588778248],[-13.52977496024888,29.401870935529065],[-13.529175584054764,29.40222311024804],[-13.52913657021255,29.402298841105896],[-13.529271363418687,29.402298885112746],[-13.529170516920923,29.40243908586964],[-13.529199911009421,29.402609239634803],[-13.528976762984714,29.402733471536024],[-13.528853135063683,29.402917005829014],[-13.52873527172906,29.402978582836997],[-13.528624719099062,29.402941826111952],[-13.52850541186567,29.403061428513578],[-13.52860595231067,29.403286060083534],[-13.52857654064474,29.40340340658903],[-13.528490616214114,29.40348051420273],[-13.528434983389067,29.403459325384482],[-13.528128939912364,29.403570367802953],[-13.52795063693731,29.403736151856897],[-13.527913247839585,29.403863516789684],[-13.528059118432347,29.403931724434806],[-13.527989802913941,29.404029048165455],[-13.527673750418137,29.403992077688955],[-13.527580141436509,29.403894397665223],[-13.52750648187466,29.40389268128965],[-13.527315486212226,29.404016633908803],[-13.527103522585412,29.40407953359272],[-13.526950323408576,29.404212295660574],[-13.526886759444768,29.404439535813903],[-13.527084028262612,29.404673990962028],[-13.526552515226415,29.4047135044343],[-13.52637495708204,29.40461300021029],[-13.526165193648044,29.40473042682984],[-13.526089188573483,29.404869816957117],[-13.526151475250279,29.40500270556538],[-13.526366130819964,29.40498197868764],[-13.526416243755836,29.40491575631319],[-13.52660362739885,29.405199643849645],[-13.526329024848243,29.40536102181345],[-13.526195501542778,29.40534411415157],[-13.526163887060891,29.405228168753784],[-13.526087318051438,29.405228043684055],[-13.526038276300062,29.405319995785252],[-13.526051095517326,29.405431492076065],[-13.52598707660947,29.405440078447324],[-13.525973076831756,29.40551039994602],[-13.52604822321255,29.405609140179372],[-13.525939845592989,29.405649360761405],[-13.525952563133579,29.405717902340882],[-13.525908097344052,29.405742677222992],[-13.525988238710404,29.40586664932946],[-13.525932481786729,29.405952571335355],[-13.52584816523197,29.405925108336096],[-13.52579443192094,29.405785095145717],[-13.525653108803882,29.405730200407337],[-13.525539472758437,29.405749156393135],[-13.525281391023842,29.405636840723453],[-13.52507037993118,29.40561203565452],[-13.524891605838858,29.405645700819026],[-13.524866519321364,29.40575578490421],[-13.524912391593906,29.40589769665968],[-13.524990752218145,29.405916521643206],[-13.524995814054494,29.405979925183452],[-13.525124439376782,29.405950667913896],[-13.525328223574885,29.40626911961855],[-13.525496188771417,29.406306081351385],[-13.525514544495358,29.40642666279916],[-13.525452372355847,29.406578568250108],[-13.525404105657103,29.406559625396724],[-13.525465385797784,29.4067693864538],[-13.525427760991567,29.40681282602008],[-13.525440218432799,29.406927927875312],[-13.525371630144003,29.406967415196487],[-13.525305460822722,29.407150589109225],[-13.525224888373263,29.407159262580706],[-13.525115399028765,29.407283482263203],[-13.525076882308335,29.407360119648455],[-13.525114525428087,29.40744391681385],[-13.525033626088533,29.40746521994751],[-13.525065700147282,29.407499324248473],[-13.524911964829162,29.40746883618033],[-13.52485522825335,29.407329872265635],[-13.524758915775303,29.407355155558456],[-13.524760770270708,29.40742655481427],[-13.52457795520343,29.407297384323382],[-13.524466576361947,29.4069887080416],[-13.52447693135391,29.40687828044915],[-13.5243806276598,29.4067246204591],[-13.524392570108303,29.406618451665548],[-13.524323934735845,29.406539905850025],[-13.524283673792082,29.406109473052872],[-13.524265198113019,29.4062255859657],[-13.52416107000019,29.406271176207337],[-13.524075799107843,29.4064167791284],[-13.524024722421466,29.40665653671792],[-13.524013095100864,29.406541155197306],[-13.523979939451067,29.40655342130257],[-13.524001141556237,29.406783584080433],[-13.524120444492612,29.407014472605564],[-13.524042333151595,29.40709960469724],[-13.524051517032841,29.407150149796873],[-13.523625062238953,29.407277083058638],[-13.523476798023454,29.407210378073337],[-13.523399365148935,29.407006122222732],[-13.523284728189786,29.406915966723894],[-13.52312114673012,29.406896557071594],[-13.52294955644639,29.407003392410957],[-13.522863988878127,29.407133000924926],[-13.522833800289385,29.407354129677536],[-13.522855381516905,29.407714691452266],[-13.523021785920562,29.408066391070097],[-13.522959448521492,29.40823652156191],[-13.523183411196529,29.40827112917077],[-13.523221469231165,29.40822634150719],[-13.523410981731347,29.40819875347427],[-13.523583445540854,29.40831680174498],[-13.523352981859942,29.408489490927032],[-13.52341166564905,29.40865762405562],[-13.523292048147669,29.408783534642744],[-13.523359602828997,29.40886558830808],[-13.52344834533116,29.40885078008991],[-13.523531137599553,29.40894816261772],[-13.523661329907911,29.40899616843216],[-13.523728095994338,29.40910429211912],[-13.523893032748578,29.409159252062334],[-13.523842937118493,29.409301743167433],[-13.523898380713238,29.409451702245185],[-13.523723555395486,29.409418452406943],[-13.523492047127446,29.409542040412827],[-13.523876394440302,29.409696546525552],[-13.523984222632313,29.410065553456047],[-13.523828213463881,29.410149371092064],[-13.523886074071287,29.41022481992092],[-13.523982562969119,29.4102017952576],[-13.524013030574944,29.41024725206892],[-13.52386367205817,29.410378608885537],[-13.523984925638414,29.41074433548369],[-13.523674771360048,29.410861277110182],[-13.523500971782283,29.411113372480504],[-13.52343899569695,29.411122972792857],[-13.523323025073832,29.411046338262782],[-13.52326590518055,29.41106934762065],[-13.523167994460291,29.41124052760267],[-13.523270042159409,29.411367721980202],[-13.52325815263915,29.41142732807994],[-13.523009517402363,29.41135941962551],[-13.523003393369192,29.41104884104848],[-13.522880990178436,29.41093955872888],[-13.522592617489227,29.410861553418744],[-13.522431212819933,29.410904972911954],[-13.522341897668847,29.41098772363337],[-13.522324922725282,29.411092482719223],[-13.522388685658417,29.411230081721012],[-13.522700616432633,29.411426561148087],[-13.522805252312924,29.411686886344462],[-13.52292667417088,29.411778561355547],[-13.522902152792424,29.411827920650552],[-13.522787366670594,29.411876008376694],[-13.522577329316524,29.41174030678289],[-13.52242695295217,29.411926064379355],[-13.522356364481151,29.411839915864597],[-13.522111331063106,29.411815089428742],[-13.52197996166074,29.411705797066617],[-13.521955250334637,29.41142641530824],[-13.521759405674525,29.411271558888775],[-13.52166638598545,29.411311134037597],[-13.521565788007296,29.411218497853543],[-13.521407585735005,29.411383069686412],[-13.521320816690475,29.411595971806797],[-13.52122395964298,29.41160870321966],[-13.521147319985975,29.411527720752332],[-13.521083288592456,29.411558232462955],[-13.52116626287163,29.411671500412012],[-13.521093330690588,29.411797114891243],[-13.521045651476925,29.41180154871258],[-13.521006061575132,29.411717097207845],[-13.520788094024185,29.4117868499522],[-13.52069369269603,29.411744580835528],[-13.520632288784173,29.411607909658795],[-13.52053482294321,29.41160574446438],[-13.520382682271737,29.411877477308998],[-13.520286213263965,29.41189185467904],[-13.520280578103936,29.41174017346901],[-13.520150006595808,29.4116684274004],[-13.520124250491904,29.411582414785563],[-13.520063349855242,29.411595995948627],[-13.519952421475557,29.41152004621643],[-13.519903620417201,29.41141699319495],[-13.519975984421512,29.411309330526183],[-13.519950276252182,29.411163129374255],[-13.52008365057001,29.410941812303733],[-13.520014587992131,29.41070786897904],[-13.520037582896785,29.41046520252562],[-13.51997932109808,29.410417631314886],[-13.520078456208301,29.410233382792995],[-13.520042922114815,29.41025320148086],[-13.520032493189062,29.410190550384495],[-13.519904649869483,29.410158268619785],[-13.51979973155559,29.410400205359327],[-13.519839095521847,29.410599708706428],[-13.519730821683806,29.410589572123957],[-13.519774553386474,29.410693922460155],[-13.519684378778244,29.410757621494557],[-13.519659132972103,29.410856873972826],[-13.51957807140077,29.410896219572802],[-13.519406581859245,29.410697494808616],[-13.519212991107338,29.41064274324303],[-13.51899613516181,29.41018174107107],[-13.518890432758848,29.41017199335573],[-13.518785183827092,29.410230470847587],[-13.518528672069644,29.410173114716773],[-13.518484648682064,29.410252395938073],[-13.518574180180611,29.410360955710214],[-13.51875890716032,29.410265732641783],[-13.51889145931897,29.410286697808157],[-13.519006482743892,29.41039211163546],[-13.518929648373991,29.410559281445043],[-13.518764808676826,29.41065472584937],[-13.518821201849363,29.41076715822775],[-13.518798149252156,29.410864359422458],[-13.518518259382445,29.41096204362326],[-13.517988111566728,29.410997386218725],[-13.51785679194217,29.410963168805193],[-13.517828038546845,29.41105543351085],[-13.517912329917388,29.41121970274496],[-13.517898793930046,29.41142096425033],[-13.517732734635118,29.411614482865104],[-13.517425026547636,29.411627581549478],[-13.516927794730279,29.411999234534623],[-13.516821385768191,29.411980543675067],[-13.516838290089002,29.41206627783662],[-13.516526334657582,29.411972927079027],[-13.516523624584588,29.41208145364069],[-13.516417305682772,29.41212609273518],[-13.516378686516598,29.41223261315125],[-13.516290276208974,29.412273950327634],[-13.516177742401043,29.412024902481324],[-13.516094432550064,29.41202731337505],[-13.516122022030114,29.412093314193825],[-13.516009172445994,29.412085920979425],[-13.516101905483431,29.41211592042785],[-13.51610687492702,29.412227871324976],[-13.515982877302832,29.412193282410023],[-13.515941858532724,29.412242907755967],[-13.516010453395259,29.412316945399347],[-13.516233435782357,29.412298854727094],[-13.516196190121551,29.412429285491843],[-13.515940027986613,29.412355405547242],[-13.51585200180014,29.412227739325417],[-13.515452793683451,29.41233717215043],[-13.515230365801266,29.412125701395347],[-13.514920634792595,29.412262208693296],[-13.514801370247866,29.4121927492204],[-13.514646357316083,29.412235688963307],[-13.514529251536215,29.412124112030106],[-13.514461333719444,29.41216657885635],[-13.514271111716754,29.41261068598181],[-13.514326651907746,29.412909001518777],[-13.514673112026369,29.41307475231686],[-13.514675816718919,29.413172239836992],[-13.514557626197895,29.413206024719916],[-13.514536208394768,29.413346395213583],[-13.514436976931414,29.413472596871635],[-13.514544726236537,29.41370318411417],[-13.5141788421605,29.413930204028404],[-13.514017738129882,29.41385323859154],[-13.51407922744346,29.414011841449835],[-13.513786202369042,29.41423218311141],[-13.513636039239788,29.414239080381417],[-13.513573763338004,29.414113315288276],[-13.513516325476337,29.414108342949273],[-13.513512893149338,29.414245015617134],[-13.513451840442428,29.414360922179995],[-13.513317988261017,29.414450930054368],[-13.513289543670295,29.41466321393365],[-13.51315600154516,29.41467525924255],[-13.513097461018187,29.414519486296488],[-13.513014856281906,29.41455826909496],[-13.512686771806731,29.414553072472472],[-13.512603227412503,29.414606824067267],[-13.512516242016416,29.414569198042894],[-13.512479876839274,29.414449876036315],[-13.512600606873463,29.414206497976092],[-13.512522468301613,29.414150941138427],[-13.51252839204206,29.414062664043048],[-13.51245137069478,29.414009664359238],[-13.512465561645651,29.41393968965798],[-13.512364850879289,29.41390544762362],[-13.512338866167264,29.413807248958076],[-13.51220476466685,29.413779943219502],[-13.512154604007476,29.41381313210812],[-13.5120486306562,29.41391373722541],[-13.512099331377046,29.41402033343702],[-13.511850323632379,29.4140912766638],[-13.511882481488207,29.414487240275108],[-13.511792637147872,29.41453478477828],[-13.511787202604769,29.414752107937193],[-13.511696499540594,29.414823194947967],[-13.511725009473935,29.414996319645937],[-13.511862254548367,29.415026548638576],[-13.511945810845754,29.415148852425183],[-13.511932643444398,29.41521078923135],[-13.511700457345293,29.415145660301633],[-13.511489220241934,29.41485246238723],[-13.51135802879484,29.414795138964923],[-13.511318089781662,29.414819959347675],[-13.511387611862132,29.414978743345856],[-13.511509539008241,29.415084782098198],[-13.511555111874728,29.41530276538825],[-13.511648224945139,29.41544114829776],[-13.511740147002229,29.415470329608556],[-13.511833425631943,29.415646885006634],[-13.51163898990855,29.41567169396816],[-13.511539594299132,29.415568343514444],[-13.511437041944031,29.415554293534427],[-13.511543737333406,29.415665937303284],[-13.511398270187723,29.41565456610951],[-13.511340566108728,29.415568826652475],[-13.511197201915476,29.41567478839631],[-13.511033684031714,29.41564318218683],[-13.511047413341286,29.415556887456635],[-13.511380217532427,29.415323370657784],[-13.5113245339079,29.4152616571344],[-13.511355781541686,29.41511897877483],[-13.511290475974322,29.415095147998013],[-13.511269618878918,29.414906858494078],[-13.511077293177715,29.41470221450079],[-13.51093592317401,29.41462907545993],[-13.510933395548994,29.414710532301804],[-13.51107755105628,29.414811766561392],[-13.511097806101732,29.414885807797486],[-13.511064750223385,29.41493335482077],[-13.510898441179572,29.4148882717833],[-13.51100143864475,29.41508379615365],[-13.510969199528256,29.41520255021483],[-13.510613874446545,29.41561629055022],[-13.510555164111418,29.415641983672053],[-13.51046603132519,29.415591175573766],[-13.510522893606407,29.41575577414828],[-13.51031925882684,29.41583886240963],[-13.51023168040039,29.415801607262345],[-13.510147709934213,29.415686607107336],[-13.510129504150317,29.41575471378639],[-13.510022099081331,29.415762446079448],[-13.509491371458795,29.41546143003935],[-13.509408832622938,29.415340219024998],[-13.509394175696926,29.41522166255357],[-13.509224548066596,29.41517094553342],[-13.509146760166615,29.41507027159374],[-13.509077081722499,29.415127153954796],[-13.509035298087053,29.415440624839725],[-13.50881850799949,29.41558465477865],[-13.508796100129391,29.415686373044107],[-13.50859632465284,29.41562439891567],[-13.508502721193706,29.415661702134],[-13.508352160626853,29.415625094152084],[-13.50817223127845,29.415750405264486],[-13.508086156945001,29.41574429772375],[-13.5079901526226,29.41589581514925],[-13.507947096274892,29.415851747884375],[-13.50795821352162,29.41576100261426],[-13.507902441715597,29.415733667444446],[-13.50772862415894,29.41588432209182],[-13.507651282606501,29.4158385080618],[-13.507619869047476,29.41572418539591],[-13.507529815026874,29.415701248622568],[-13.507433550546622,29.415785896273036],[-13.507335219997742,29.415574720171186],[-13.507091010133278,29.41540161398625],[-13.507058012448997,29.41542389394373],[-13.507090357635827,29.41574938433958],[-13.50697288099165,29.415741029149522],[-13.50696111139852,29.415643710799184],[-13.506838154807674,29.415573120022],[-13.506845698365018,29.41537441003489],[-13.506793022286008,29.415530111982736],[-13.50688202225072,29.41582952697588],[-13.506758591177322,29.41602396009344],[-13.5064853905177,29.415803513783093],[-13.506346662713321,29.415930367148725],[-13.506289039594373,29.415853469844116],[-13.506214036628462,29.415851455712925],[-13.506183920187777,29.415606302066788],[-13.50625172830665,29.415451943160868],[-13.506121410910811,29.415659112269267],[-13.50605582810624,29.415675431785623],[-13.50605221983278,29.41576003464169],[-13.5058927225475,29.41595388196227],[-13.505875980668185,29.4160485344007],[-13.50565475677882,29.41607258291005],[-13.505606015783764,29.415945161402686],[-13.505483347907024,29.415883055008198],[-13.505333733023555,29.415648110968576],[-13.505353220542531,29.415534900367323],[-13.505247074454992,29.415519993175003],[-13.505125100549055,29.41536828785036],[-13.504972813437327,29.415738359657354],[-13.5047706609248,29.416015558009917],[-13.50482385848402,29.41617641789781],[-13.505015174913511,29.416315546495117],[-13.50493465085048,29.416479417448958],[-13.50486031075831,29.41653065043261],[-13.504784444624475,29.41643270275299],[-13.504588786780332,29.416428160253627],[-13.504495170894634,29.416479537590995],[-13.50431883638696,29.416436409273146],[-13.50418588307772,29.41646433400303],[-13.503886451539946,29.416254777445097],[-13.50436885288524,29.416385174216053],[-13.50450817680563,29.41629523704643],[-13.504687972636175,29.416263867337857],[-13.5045842255454,29.415986574291356],[-13.504713842239386,29.415933074322034],[-13.504663407416183,29.4158721389284],[-13.504742597040991,29.41582754785334],[-13.504677636249655,29.415745062996173],[-13.504827978724393,29.41569089317318],[-13.504863978271185,29.415435472328372],[-13.504769351406333,29.415401112387823],[-13.504717305009047,29.415612136433],[-13.504488598498869,29.415816394653895],[-13.504432380329845,29.415601448137128],[-13.504214959190703,29.415675528840413],[-13.504136808864809,29.415550664224842],[-13.503894952631756,29.41535095851517],[-13.503953707567655,29.41519568703595],[-13.504112368439301,29.415199814967373],[-13.504305542445646,29.415289334467033],[-13.504341529123701,29.415253011627993],[-13.503972434281774,29.41507118836466],[-13.503597912722137,29.415090985165836],[-13.503540897720343,29.414972764533438],[-13.503398944885289,29.414925689857405],[-13.503294118320639,29.41451844096835],[-13.503327617148015,29.414398710499995],[-13.503157496318407,29.414248357511955],[-13.503135984588766,29.414147951575018],[-13.503293494753638,29.41420305200775],[-13.503419354930063,29.414187050069266],[-13.503487802757768,29.41404551360885],[-13.503180189022029,29.41408537187353],[-13.50310855220853,29.414008496272697],[-13.503178983972616,29.413914447479193],[-13.503218884422436,29.41373062970311],[-13.503356331944314,29.41376853987821],[-13.503393263747668,29.413527757497352],[-13.503104738767615,29.413347549974105],[-13.503111028542538,29.413171566210224],[-13.503215257966236,29.413056871661805],[-13.503193484453401,29.41298136848455],[-13.503128142343991,29.41298135621127],[-13.50308455440323,29.41310738019452],[-13.502934135437858,29.413096666120804],[-13.502851783592957,29.41296336143793],[-13.502919359131393,29.41291647515858],[-13.502702509064674,29.412804308619446],[-13.502681585746446,29.41271302326332],[-13.502749171585634,29.412602158403836],[-13.502719409207103,29.412558419401115],[-13.502653397380065,29.412568957226203],[-13.502672179166021,29.412658684470703],[-13.502610434004707,29.412828089190654],[-13.502409729091543,29.412992502777087],[-13.502302599366903,29.412974604393096],[-13.502152346043843,29.4131212664352],[-13.502025744393615,29.413102878178282],[-13.501917630589324,29.41327852898551],[-13.501773729977101,29.413266082137874],[-13.501655393959478,29.41340083016538],[-13.501346007482079,29.413561583220055],[-13.501195079367083,29.413515307667556],[-13.500943491035098,29.413705495944466],[-13.500845300539607,29.41366134747256],[-13.500666227257202,29.413756067287796],[-13.50044817988493,29.41373953589875],[-13.50046479217261,29.41349959960177],[-13.500319255582529,29.413402038340113],[-13.50024776563078,29.413259198939226],[-13.500002702736701,29.413299754065637],[-13.499879029373016,29.413243406552642],[-13.499588430297932,29.41331079024678],[-13.49948220307749,29.4131893968065],[-13.499319073821086,29.413363342852186],[-13.499167488608327,29.413375892780294],[-13.499115499045798,29.413322878799036],[-13.499075382885014,29.413114157605957],[-13.498961302896294,29.413057285675382],[-13.498691924692958,29.413286612935366],[-13.4985350177523,29.413548971057],[-13.498402060253763,29.41355631577485],[-13.498145430160772,29.413402184059287],[-13.498042784120669,29.413086457354016],[-13.4978468850238,29.41304273911915],[-13.49775044998061,29.412935441644517],[-13.49761759196274,29.412929070552813],[-13.497484458678578,29.412626174364735],[-13.49735494768374,29.41250442644928],[-13.49732610952368,29.412222919753297],[-13.497557147767903,29.412231842214958],[-13.49748326988338,29.412090508534426],[-13.497504100616093,29.412007020702276],[-13.497389227213684,29.412002819430857],[-13.497226923817305,29.411896402935064],[-13.497018531967212,29.41193141057417],[-13.496830212067213,29.41169502817833],[-13.496240017766768,29.411692157617477],[-13.495869074848423,29.41157472147066],[-13.495504814120425,29.411241600924082],[-13.494998672723575,29.41094125735641],[-13.494969480565358,29.410859081796882],[-13.494722338617727,29.41069133474013],[-13.494575035614636,29.410490515272905],[-13.49435124209185,29.410486813172042],[-13.494323647539776,29.410380201066317],[-13.494386706987141,29.410199355070308],[-13.49424418081944,29.410184930504634],[-13.494186205017282,29.410125801079445],[-13.493713348816597,29.410119824058654],[-13.493775669195259,29.409877337531213],[-13.493936489559339,29.409706440276516],[-13.493955734712758,29.409617412547192],[-13.493873167982501,29.409199128874878],[-13.493786946838767,29.409196439617883],[-13.49378270848283,29.409365046338166],[-13.493694569163756,29.40937361506937],[-13.493638359587235,29.409096941813374],[-13.493815207234743,29.409104084783458],[-13.493864396375105,29.409018192952548],[-13.49374786601169,29.408918335760426],[-13.493425882077986,29.40882933008838],[-13.493561223275519,29.40872284569228],[-13.493503101861368,29.408491991610347],[-13.493858567672772,29.408008635536913],[-13.493796737331719,29.40797337543402],[-13.493207537888992,29.40810017506912],[-13.492985198843849,29.408298620139],[-13.49300064958364,29.408229311724146],[-13.493157026972439,29.408107995931616],[-13.493132716541275,29.407981478156024],[-13.493273185552304,29.407834715670827],[-13.493301502070953,29.407675675749026],[-13.493066183714555,29.407706131711052],[-13.492967417370052,29.40782737717718],[-13.492745220461188,29.4078695314301],[-13.492684238375725,29.407825707817434],[-13.492582534073296,29.407838724510768],[-13.492542021709882,29.40771373785034],[-13.49231745649253,29.407832566800426],[-13.492082024303079,29.407640312621755],[-13.492047804879343,29.407382296163945],[-13.491975797267663,29.40726859356417],[-13.49145066762511,29.407174396182967],[-13.491345595708525,29.406975856233622],[-13.491330399715833,29.406790606277436],[-13.491147299238191,29.406676818363717],[-13.491153017170896,29.406457153883544],[-13.491047787978262,29.406380974494432],[-13.491186568188304,29.40596483498515],[-13.49130841143699,29.40576038207371],[-13.491228560074624,29.405689453274082],[-13.491239080547583,29.405584192595107],[-13.49134861393184,29.405445636322458],[-13.49085204890329,29.40541366341806],[-13.490749985195029,29.405374426963053],[-13.490705571149748,29.405248673680994],[-13.490675019815876,29.405391354649712],[-13.490613930694545,29.405306109731043],[-13.490550897788248,29.40532452609104],[-13.490577244092865,29.405550148546364],[-13.490344596626306,29.40544897300598],[-13.49024844038499,29.405295922907154],[-13.490211425857819,29.404718342024015],[-13.490026977567723,29.40452873756732],[-13.490051547471186,29.404428220291305],[-13.489982536495313,29.404321228233787],[-13.489920994479213,29.40441311483984],[-13.489781327305465,29.404477766478085],[-13.489744272925023,29.40459321191475],[-13.48980220421752,29.404815312272913],[-13.489656653393698,29.405208182427327],[-13.489268911858868,29.40517653479934],[-13.489105398828114,29.405118372307975],[-13.488872030278884,29.405220780701878],[-13.488607636085558,29.405265048429754],[-13.4885369361439,29.405160833873136],[-13.488556426596913,29.405020644888733],[-13.489059032844079,29.40463002068876],[-13.48913397967262,29.40446799121376],[-13.489139696248833,29.404248687791377],[-13.489248631566092,29.404150661323975],[-13.489302327687236,29.403920351425192],[-13.488418602475228,29.404124824348262],[-13.487927410731038,29.40412024373168],[-13.487791198892818,29.403812159967448],[-13.487880232645226,29.403575754627898],[-13.487677414149339,29.403569392101897],[-13.487714359688384,29.40341965565643],[-13.487675947487872,29.403390000673333],[-13.48753078924063,29.403512321805103],[-13.487491456872757,29.403788454303033],[-13.487519186361952,29.404059392329017],[-13.48740572705454,29.404121812283318],[-13.487325555760906,29.404044921895835],[-13.487263779338106,29.403832342134603],[-13.487135309632,29.403753188774065],[-13.487071947405573,29.403752812244697],[-13.486886301937282,29.403915225792627],[-13.48677854915985,29.40375238618084],[-13.486496043468824,29.40360867726423],[-13.486315471034008,29.403742343718573],[-13.486092400832394,29.403412697360743],[-13.485971635653826,29.403397879762938],[-13.485930147431091,29.403214225591544],[-13.485869338397553,29.403173017831275],[-13.485797524971131,29.403290232813788],[-13.485637184343828,29.403372963426712],[-13.33502614733322,29.2774097329401],[-13.33514303566585,29.27731012541762],[-13.33521466837284,29.277005479213635],[-13.335339289215545,29.276898658742482],[-13.335378114683639,29.27703052604864],[-13.33547083605887,29.277062993213757],[-13.335578295434647,29.27688467229378],[-13.335983858719855,29.276735511197835],[-13.336311164328391,29.276677505230325],[-13.336337739504533,29.27672701477301],[-13.336417724990449,29.276668906242236],[-13.33649120154868,29.276707630046147],[-13.33671324103694,29.276489316500985],[-13.3368460520085,29.276232534081352],[-13.337049387217151,29.276120465534817],[-13.337215431026586,29.27612487838582],[-13.337600982399115,29.275920960592547],[-13.337679094902303,29.275832237949484],[-13.337717632898595,29.275657749831325],[-13.33807355950795,29.275439926579097],[-13.338402308986819,29.27508243989025],[-13.338401203685407,29.274737273296243],[-13.338498488145639,29.27466575293062],[-13.338462736108545,29.274598172690364],[-13.338514614057782,29.274400569263555],[-13.338667787761864,29.27444903584614],[-13.338706819853922,29.274308121305086],[-13.33892489520104,29.274200654564524],[-13.463580007255748,29.225281432928742],[-13.461013362556725,29.22286959712683],[-13.458313459344296,29.220026625535308],[-13.458488321514722,29.21906314120465],[-13.458344159168671,29.218526260208495],[-13.457817518308966,29.217279495600767],[-13.45639569230982,29.2148436760049],[-13.456313536019893,29.214615180034134],[-13.45632185817262,29.214477245687743],[-13.456410204663207,29.214344990333366],[-13.456396200226951,29.2136461672082],[-13.456259885152352,29.213253893198576],[-13.456447364558185,29.21214343887011],[-13.45648324909451,29.21125230404265],[-13.456580715750798,29.210925858832084],[-13.45702208279842,29.210987800754804],[-13.457272723476082,29.211284872203496],[-13.457710089785285,29.21147671078452],[-13.458670227430325,29.211700861331956],[-13.458879801529083,29.211601184746925],[-13.458986631578016,29.211473372642438],[-13.459026220166448,29.2113023733463],[-13.45900020809577,29.211184762222427],[-13.458884445545177,29.21110847548705],[-13.459127209684677,29.210946187574297],[-13.459171224350753,29.2108230661939],[-13.45886202488625,29.210452229542852],[-13.458493780068574,29.210246752838763],[-13.458457772021658,29.210143247995024],[-13.459368597227192,29.209393975908682],[-13.459913201317093,29.209028602856712],[-13.46038153674959,29.208590735630683],[-13.46077629354361,29.20818667224081],[-13.461610944147091,29.207184855710164],[-13.462682754059497,29.206139420329986],[-13.463894917694882,29.206038728332427],[-13.464530957417344,29.20593338240962],[-13.465515045359544,29.20602753898744],[-13.4671669528107,29.20629020209462],[-13.469149063596875,29.20641944962715],[-13.469811684303297,29.20654773404929],[-13.470451868126549,29.206790688326034],[-13.471208186559293,29.20700682075732],[-13.472336010710196,29.20710460016574],[-13.472683625589333,29.20697459844599],[-13.473482499570416,29.20694220595326],[-13.474724211709463,29.20671200237264],[-13.475221816182623,29.207052403701923],[-13.47573823477153,29.207039571530135],[-13.475815378011296,29.207317487279894],[-13.475718883220551,29.2073741416527],[-13.475650704215429,29.20760340165952],[-13.475676228587098,29.207750110098495],[-13.47590278047759,29.208014233653273],[-13.476456195288392,29.20830463020608],[-13.476667379075767,29.208624679767944],[-13.47683060050557,29.208782761600574],[-13.476809566358602,29.20929248670483],[-13.476897050741249,29.209430647518698],[-13.477143001962109,29.21019044386558],[-13.47709392968906,29.21057077045587],[-13.476687948093732,29.21092783969791],[-13.476514927678027,29.211276145246508],[-13.475407748089674,29.21143404139619],[-13.474967759109745,29.211575296728746],[-13.474700178379363,29.211862746845128],[-13.474556595041031,29.212178361650313],[-13.478594695417668,29.21663662512352],[-13.478886100430541,29.215921818027205],[-13.479398276141325,29.215298415177646],[-13.479693750329632,29.214994235364045],[-13.480765487825407,29.214117446777912],[-13.480905629415446,29.21386361363518],[-13.481242921813049,29.213683362424884],[-13.481734006821908,29.213238457964525],[-13.482060207907061,29.213014898821744],[-13.48270438460508,29.212723619684276],[-13.483204527149312,29.212556896250113],[-13.48344936569929,29.21241253532324],[-13.483551992143697,29.21229718955776],[-13.483865444323262,29.21160610039079],[-13.486013490719126,29.20977133244239],[-13.486804428596459,29.209024148041955],[-13.487325059223878,29.208074345481577],[-13.487858454269421,29.207343138538263],[-13.487965160344533,29.20652045030198],[-13.488058395374246,29.206405093845426],[-13.488401995592238,29.206190594381734],[-13.488782610713264,29.205626379483235],[-13.488782548084997,29.205350243283796],[-13.488544740470402,29.204103142672317],[-13.48893606751993,29.203081538214715],[-13.489054413205302,29.202597453428716],[-13.489160717343495,29.202418172902068],[-13.49013486321044,29.20115671472144],[-13.491894219161875,29.199826820940466],[-13.492438929089689,29.199106674231004],[-13.492553193901665,29.198821740999897],[-13.492659204769343,29.198264805265527],[-13.492864467997578,29.197891452714508],[-13.493242265525597,29.19741586659362],[-13.493774407117659,29.196924602915484],[-13.494182361639227,29.19635866017998],[-13.494335295377526,29.196302804050163],[-13.494434203283447,29.196145348332074],[-13.4947438749178,29.195856452093825],[-13.494778638430464,29.195729603822496],[-13.495292486710351,29.19534556060542],[-13.495401548438716,29.19518884759142],[-13.495957675643922,29.19423999104522],[-13.496087836535237,29.194097619538162],[-13.496153131119295,29.19380944773909],[-13.496244690311821,29.193655253512468],[-13.496169641429155,29.19351248878293],[-13.496338398482841,29.19329174304071],[-13.496929608618196,29.192807474436698],[-13.497349390080904,29.192577553131876],[-13.49815510562377,29.192480906506532],[-13.498761836904484,29.192330910902573],[-13.498781220429116,29.192129855362676],[-13.498702168513411,29.191976497922774],[-13.498737541556778,29.19188926189989],[-13.498683153545544,29.191601614085652],[-13.49860001352719,29.191525601197515],[-13.498372658575613,29.191454612103126],[-13.498295252810534,29.191106488258058],[-13.498189812777783,29.19094894509078],[-13.498243731321725,29.190704095227392],[-13.498055878569224,29.190609869667],[-13.497971210195523,29.1904892152101],[-13.497990765234611,29.190426058575042],[-13.498230326095197,29.190291580683553],[-13.497962777646247,29.189885166315555],[-13.497924629093784,29.189664677114468],[-13.498319521955265,29.188747749744515],[-13.498721288408362,29.188417463157283],[-13.498796949129138,29.188306413143753],[-13.498980952500386,29.18788795451679],[-13.499008749823574,29.187532717456673],[-13.499137622234779,29.18708656806066],[-13.499307763335699,29.186843020592477],[-13.49972155143474,29.18646323296287],[-13.499756535071109,29.185967300433585],[-13.499938078813948,29.185650334839178],[-13.499982839782277,29.185256031392463],[-13.50014697387711,29.185097660029694],[-13.50024940581794,29.18488722577926],[-13.50115091092147,29.18441662173449],[-13.501144334647304,29.184232173711713],[-13.50122902505055,29.184206952069225],[-13.501225602621815,29.184088698177145],[-13.50156232812057,29.183915595540935],[-13.501666679190063,29.183811181678433],[-13.50181018361938,29.18341843498434],[-13.50206525804651,29.18306122809102],[-13.502118062890041,29.182399450481824],[-13.502373612691944,29.18193847108842],[-13.502545340855624,29.181796908959928],[-13.503016462269683,29.181573868233315],[-13.503181371828138,29.1814060591164],[-13.503626564468323,29.18149554368328],[-13.503629275055351,29.18131022377097],[-13.503758164684918,29.181153272988723],[-13.50417830926548,29.180951176112192],[-13.504450820297487,29.18060309992865],[-13.504651891661254,29.180532831883895],[-13.504894528108625,29.180266746208126],[-13.505410087951477,29.18010361497852],[-13.505854622643236,29.17985682031415],[-13.50611793691527,29.179783811859856],[-13.506330619551619,29.17960845510598],[-13.506686105728438,29.179419232607135],[-13.506803237875628,29.179182593909378],[-13.507655933096734,29.17815357132053],[-13.508591110451373,29.176730268500027],[-13.508843122263317,29.176442041793933],[-13.50894368201953,29.17624709691292],[-13.50908600709853,29.175577772534847],[-13.509356882136245,29.17519172233002],[-13.51035972029777,29.174397179010533],[-13.510889629374287,29.1741178934388],[-13.51133512457913,29.173999662335216],[-13.511716769327927,29.173621518493658],[-13.511744202942912,29.173279073982215],[-13.511888311646967,29.17267655227965],[-13.512027357112474,29.172287225133765],[-13.51229593945563,29.17180457454882],[-13.512277896074712,29.171556941391025],[-13.512156231308133,29.171304133706336],[-13.512037057276967,29.171185434204588],[-13.512033061771954,29.171095195388652],[-13.512055949899795,29.170912527969033],[-13.512283986958318,29.170512149565724],[-13.512307714458329,29.170290875922372],[-13.51218090097991,29.17011577605107],[-13.512136412518203,29.16996200507179],[-13.51243581619551,29.16909726623248],[-13.510728719050913,29.16933472153161],[-13.510431053481165,29.169510160668423],[-13.51034970873502,29.16986573590507],[-13.51011044345852,29.170052508484208],[-13.50965346688173,29.17016379841222],[-13.508464976784994,29.17030419232917],[-13.507760546147166,29.170545130127614],[-13.50724442664116,29.17087781814109],[-13.506511568429223,29.171499457571088],[-13.504427520589786,29.17263301599049],[-13.502973884097994,29.173523938465454],[-13.502158377845413,29.174387349971283],[-13.501851609072343,29.17484768460431],[-13.50170396897597,29.174940018594828],[-13.500234970398164,29.175282668135406],[-13.499616648040282,29.175671068371912],[-13.49901198975931,29.17579856977124],[-13.4980572107826,29.17619849513913],[-13.496918543976035,29.176572092471414],[-13.496774740537933,29.176558773764548],[-13.496571357331966,29.176403152821255],[-13.496357105651665,29.176375199646163],[-13.495193608000449,29.176534650429446],[-13.49509752512872,29.17657849239819],[-13.494940540659341,29.176760963536093],[-13.494807488885833,29.176777506959382],[-13.494599141326582,29.17668320007543],[-13.494169372687107,29.176333710363632],[-13.493784325398556,29.176225710583104],[-13.49300172743093,29.176226587165246],[-13.492408075574378,29.17630667052122],[-13.492190973669501,29.176257156182842],[-13.49182825172441,29.176017722881582],[-13.49156165628654,29.175685232449837],[-13.49122953687242,29.175630044059336],[-13.491281417612353,29.175527754176237],[-13.491337384158976,29.175427315122736],[-13.491701097358389,29.17516428204721],[-13.491992334835704,29.175026642468456],[-13.49242330412271,29.17458130227198],[-13.493330593628052,29.174058245508366],[-13.49345854384102,29.173750168100728],[-13.49367219914256,29.173607320181294],[-13.493533268263645,29.173342398219564],[-13.493631682611555,29.172934606002173],[-13.493784037484609,29.17279006652296],[-13.494037758564223,29.172742385457543],[-13.494373831250725,29.172485404743085],[-13.494728950936015,29.171734839007225],[-13.49498925899406,29.170319457414998],[-13.495338155122745,29.16922778097906],[-13.495751399445192,29.168678136611764],[-13.496512377620988,29.167890829270082],[-13.497041039693082,29.167263195733323],[-13.497089739401881,29.167148327849777],[-13.497082913782044,29.166840529362734],[-13.497238251247971,29.16662883401952]]]}},{"id":"135","type":"Feature","properties":{"categoria":"Parque Natural","nombre":"Corona Forestal","codigo":"T-11"},"geometry":{"type":"MultiPolygon","coordinates":[[[[-16.552322701546615,28.277255924100672],[-16.55233559784011,28.27724449616335],[-16.55230321419192,28.27727419576539],[-16.552322701546615,28.277255924100672]]],[[[-16.450835312458633,28.28356374677572],[-16.450909840073884,28.28298903503251],[-16.45105966633162,28.28288921165156],[-16.45137625053544,28.28282923177708],[-16.451654683337406,28.282594168435697],[-16.451946127556837,28.282581783245448],[-16.45204595254672,28.282477382058513],[-16.452315132592062,28.28246523280189],[-16.45263269975149,28.28266034916871],[-16.452796582525124,28.282689634977523],[-16.45288640533645,28.28264083625467],[-16.452939513735057,28.282478618854284],[-16.452996595078957,28.282447587240554],[-16.453561988820592,28.282432735049326],[-16.45350076215199,28.282284649513887],[-16.453378490190964,28.282181979143562],[-16.452904415724483,28.28195178749099],[-16.452346306674862,28.28159945466659],[-16.452372864971437,28.28150097679213],[-16.452772530596416,28.281273042631707],[-16.4526236224738,28.28104661089291],[-16.452551321778486,28.28071943592475],[-16.45253801280406,28.280604197807122],[-16.45263753168938,28.280412813465194],[-16.452888060630716,28.28037448058061],[-16.45317081165503,28.280426635195816],[-16.45342954962587,28.280416228559996],[-16.453619678289943,28.28049478315307],[-16.453858997331288,28.280372767747153],[-16.45425169083778,28.280508659901407],[-16.454142980017643,28.280047288055982],[-16.454208948938692,28.27989611562918],[-16.45446305488382,28.27983304855127],[-16.454663842080244,28.279891704710213],[-16.45482134408278,28.279778113235857],[-16.455355245067278,28.27983784068297],[-16.455723396490836,28.28019622939338],[-16.456123336302852,28.28078070509359],[-16.456386361810168,28.280989453829896],[-16.45641883897683,28.280894666674246],[-16.456383245888613,28.28072450398413],[-16.45646544801234,28.280292001014452],[-16.4563905681137,28.279907960291247],[-16.456415870649796,28.2797774372046],[-16.456463195439536,28.27969491053306],[-16.456551322488064,28.279709855285798],[-16.457009464131772,28.2802437435418],[-16.45713577296753,28.27975618462187],[-16.457212121109784,28.27967277044192],[-16.457050568255223,28.27921297577573],[-16.45714503551677,28.27904662430373],[-16.457442872618152,28.2788411351524],[-16.457691415301895,28.278837038749046],[-16.458045229143657,28.27914849814517],[-16.458606694939505,28.27926799108678],[-16.458835041862553,28.279373855966185],[-16.458572464711335,28.278862867675134],[-16.45865436079813,28.27880365350191],[-16.45887162839931,28.27883873387074],[-16.45917181555784,28.27906917428812],[-16.459350104375655,28.279475646406883],[-16.459519149352953,28.279670663905105],[-16.459783701977045,28.279835635036125],[-16.46021106331645,28.280013305575928],[-16.460332252081418,28.28016782265874],[-16.460812611948615,28.280559221278843],[-16.461018842963647,28.280813189397687],[-16.461138843701924,28.280796887553464],[-16.46124692341783,28.280899125061215],[-16.46123794566862,28.280731422769545],[-16.46094781695545,28.280067376409157],[-16.46090891676532,28.279822737559606],[-16.460483371434158,28.279156528262764],[-16.460436927004427,28.27874142776579],[-16.46033986447963,28.278466074705385],[-16.46036523442533,28.278388691261508],[-16.460224960778834,28.278030767300816],[-16.459636898107778,28.277336111609085],[-16.459814841939412,28.277262873894724],[-16.460151307950003,28.27747444070195],[-16.460542059489523,28.277587808481783],[-16.460329222115277,28.277219685712414],[-16.460413112736983,28.276756837571767],[-16.460528637702087,28.27671170325188],[-16.4609651295238,28.276758443368568],[-16.46084400004023,28.276261397705614],[-16.461097378635642,28.2761220805828],[-16.4613652380136,28.276111561620528],[-16.461345519809946,28.27598151939377],[-16.46151564216229,28.27574186441278],[-16.461770567981226,28.275536825321222],[-16.462044584053416,28.275403928271626],[-16.46225812220366,28.275405252604084],[-16.462586738603356,28.275579641073797],[-16.463194125639166,28.275742234097915],[-16.463352767691394,28.27562963173494],[-16.463457668261196,28.275308651243996],[-16.463589238517503,28.27526810784976],[-16.46379001734333,28.27538610117091],[-16.463853248619905,28.275572716552468],[-16.4641453107296,28.27585305281203],[-16.464559687941094,28.27595272626939],[-16.46478302985878,28.276134014214296],[-16.464717866036214,28.275961282908252],[-16.46428084491439,28.275529866128476],[-16.46416001655031,28.27527051073498],[-16.46410916979568,28.274784844846394],[-16.464253940393725,28.274695783740235],[-16.465013096338012,28.275090244250492],[-16.465519908162236,28.27517433856519],[-16.46573782042053,28.27554283173534],[-16.46603932820536,28.275607321831355],[-16.46589719669082,28.275388774459454],[-16.465815267565187,28.274992396297282],[-16.4656959029339,28.274887828491625],[-16.46550616273507,28.27484943098207],[-16.465015089835916,28.274425383369334],[-16.46494279573974,28.27419641072469],[-16.46493651597206,28.273987813175268],[-16.465220533849013,28.2738354524282],[-16.465534115423928,28.27378140238135],[-16.465655998261752,28.273795979201303],[-16.466020654827645,28.2739816695056],[-16.465985052288726,28.273752159254123],[-16.466071771178623,28.273450144670143],[-16.466350004147575,28.273399649068512],[-16.466397760333024,28.273313648812763],[-16.466773306716227,28.27305974250128],[-16.467198200789895,28.27332045093615],[-16.467466887618173,28.273596987842666],[-16.467610340655032,28.273662017234138],[-16.468125869996534,28.273787452492186],[-16.4687348400599,28.273792169658915],[-16.469015738471313,28.273983517733242],[-16.46975897558681,28.274179999642964],[-16.469873963194566,28.274381361996575],[-16.470123338662752,28.274391241521187],[-16.47023193045083,28.27450689606133],[-16.470300730061577,28.274385577712906],[-16.470423778843656,28.274318693510587],[-16.470391603625163,28.274137523312422],[-16.470122724081,28.273930741912267],[-16.469958261631934,28.273618720626377],[-16.469519774171314,28.27327138006131],[-16.469096975032702,28.273021820750696],[-16.468906417999143,28.272827867748706],[-16.468412936944777,28.272775555891293],[-16.468328351341498,28.272649822220846],[-16.46828928701839,28.272465548524934],[-16.467539706129628,28.271769485996476],[-16.4676803620982,28.271630645976945],[-16.467925251045525,28.27162977462217],[-16.468101758805485,28.271814999229466],[-16.46848597597911,28.272083216728195],[-16.46874308898196,28.272193810208417],[-16.469619260140707,28.272296011730717],[-16.46977856149755,28.272244189419823],[-16.469883304129908,28.272317286388102],[-16.47016091344993,28.272221735604813],[-16.46886741072844,28.271744241355943],[-16.468794146031343,28.27144421611822],[-16.46893391179797,28.271288940343332],[-16.468966879576495,28.271100137721465],[-16.46919218450911,28.270806594944148],[-16.46922698330148,28.27062051626003],[-16.468818753325444,28.27040887672536],[-16.468257904563487,28.270022413738776],[-16.46854958255317,28.26989451286147],[-16.46891099195262,28.269523117278414],[-16.469161409158385,28.26951464827095],[-16.46921778357908,28.269343788840057],[-16.469516183247148,28.269361229212613],[-16.46965318529816,28.26927744476154],[-16.469723781069217,28.269061377883464],[-16.470038454985325,28.268981168884547],[-16.469943377089148,28.26882767891611],[-16.469953766186393,28.268752765497663],[-16.470233518928996,28.268730838096634],[-16.470415200474672,28.268824478635697],[-16.470585302916337,28.268835066475503],[-16.47041464619868,28.268439646117866],[-16.470425231481865,28.268141480904863],[-16.47061607975702,28.267964408158264],[-16.47062210425422,28.267809252668595],[-16.47090480123438,28.267799999877134],[-16.470903722833143,28.267709614155613],[-16.470768470580264,28.26752868716451],[-16.470798656704556,28.267470167100512],[-16.471142168705395,28.267435565909324],[-16.471575725139523,28.267627286926434],[-16.471953604786812,28.26809946260515],[-16.47262654735111,28.268453077558465],[-16.47281401810201,28.268433872467703],[-16.47265204339459,28.26829078075378],[-16.472398534804864,28.26782506461455],[-16.472396448571345,28.267744509315566],[-16.472559993111087,28.267551121677105],[-16.472401008653318,28.267352545991734],[-16.47239362496168,28.267088365075686],[-16.472105208105823,28.2669661298899],[-16.47213526729603,28.26686284547362],[-16.471933395594128,28.266641048928],[-16.47200546983862,28.266390596720452],[-16.472127871433106,28.266277364256307],[-16.472009914355997,28.266061306175995],[-16.472107034224564,28.265888706992587],[-16.472218169918957,28.265810252968386],[-16.47245718747378,28.26575626911298],[-16.47263420246764,28.26583104010266],[-16.472806717125135,28.265815750865876],[-16.472967214769238,28.26565012132546],[-16.47250142945492,28.26510683769185],[-16.472472890963893,28.264952921065927],[-16.472522819114264,28.264835703979486],[-16.472219052681858,28.264450673312886],[-16.47225387606561,28.264278745286592],[-16.472064122103106,28.264071980651895],[-16.47207098432277,28.263966058060365],[-16.472475811866616,28.263729926224848],[-16.472433518496505,28.263631320386832],[-16.47222872617232,28.26351699262109],[-16.472156871749036,28.26339170152567],[-16.472376849607087,28.26328189405011],[-16.472404906799984,28.26318729541418],[-16.472323028856124,28.26308030741269],[-16.472343666736766,28.26303921848417],[-16.47289359989451,28.262870836031208],[-16.472913767980213,28.262570256819863],[-16.473052408637606,28.262238797434616],[-16.47316925223615,28.262219920326256],[-16.47332682147492,28.262339810118775],[-16.47348671973087,28.26270010841596],[-16.473598793844157,28.262619043944404],[-16.47360623151211,28.262495786528586],[-16.47349053959605,28.26225457873684],[-16.47341543076502,28.26192831204304],[-16.47348744058781,28.261827751852117],[-16.47364770655135,28.26179988619536],[-16.473838423087717,28.261626276367583],[-16.47395840424807,28.26158657048414],[-16.47450727922855,28.262183249131606],[-16.474740954548597,28.26235791171743],[-16.475132069218027,28.26252437600824],[-16.475569973611243,28.262914305401562],[-16.475565114261546,28.262537895047448],[-16.47572580567007,28.262375148434657],[-16.475589999650495,28.262130405262486],[-16.475087383730983,28.261726670788086],[-16.475011122253,28.26157758397942],[-16.47503949606947,28.261424750257092],[-16.4753408403178,28.2612786264762],[-16.475588406829235,28.261268913437128],[-16.475646132865943,28.261285979594668],[-16.47575438307638,28.261529847097393],[-16.476011827475322,28.26170432298753],[-16.47617461796501,28.261726571617487],[-16.476163162048223,28.261575792560073],[-16.476244796669544,28.261537726403812],[-16.476522214004355,28.261682111814856],[-16.47636881387407,28.261276187387086],[-16.476455953993103,28.260838873111805],[-16.476606226937974,28.260736978297757],[-16.47676364852019,28.260710006210115],[-16.47713441705241,28.260867821941876],[-16.47721565953003,28.260845734222475],[-16.477040543012095,28.260498709686463],[-16.476884450929806,28.260378104250233],[-16.476912924463722,28.26027707427164],[-16.477639709049104,28.26017363894135],[-16.477854510771582,28.26010182119781],[-16.477758310251712,28.25993363749845],[-16.477464496513488,28.25968663374835],[-16.477342171437062,28.259523605846617],[-16.477320975658813,28.259413184969404],[-16.4774133350163,28.259273377459092],[-16.47741096276331,28.259160496747324],[-16.47749429103932,28.259090191300334],[-16.477955714092428,28.25899242134505],[-16.478120120961158,28.25884398209565],[-16.478412168176376,28.25870454081788],[-16.478476668507714,28.258617976374264],[-16.47836402701465,28.258547299642704],[-16.477970110146245,28.25855083880364],[-16.47751227592994,28.258317432092227],[-16.47730677002074,28.258139148192846],[-16.477152407147177,28.25766319854196],[-16.47737669849516,28.25722286669379],[-16.477633472464873,28.257024151316745],[-16.477465756552473,28.256962065694797],[-16.477339512859423,28.256832473593846],[-16.47734815621738,28.25678662192119],[-16.47791324751459,28.256556955080768],[-16.477685034774222,28.256431895670396],[-16.477631566317203,28.256331661328936],[-16.47781698540092,28.25613281466139],[-16.477808871552156,28.255987956223162],[-16.477902977148418,28.25577547592983],[-16.478003863919824,28.255699926161967],[-16.478226040568753,28.255638768369437],[-16.478254445588156,28.255473839791943],[-16.478494450530146,28.255362569837455],[-16.47854523312234,28.255280711561827],[-16.478918094363515,28.2553698179018],[-16.47891982089066,28.255295521080132],[-16.478765886600886,28.255109280347927],[-16.478781392239544,28.255021567241116],[-16.479839297709756,28.255013635318026],[-16.48020140755394,28.25508444299154],[-16.480230683051737,28.255034396557257],[-16.479723512690832,28.254305501367483],[-16.47976348467168,28.254173840843876],[-16.480064271515,28.25409260507598],[-16.48081496031084,28.254232307070367],[-16.481145167716825,28.25424434236167],[-16.481634702626298,28.2541689995932],[-16.48181147236339,28.254723762535306],[-16.482117669589233,28.255085243986606],[-16.482288682972897,28.255400447323407],[-16.482853846116623,28.255685471469274],[-16.48309150047354,28.255700735437447],[-16.483016333151934,28.255517011285107],[-16.48307940242606,28.25535324001074],[-16.482858497966603,28.255204102757407],[-16.48283756338526,28.25509079187676],[-16.482569037304117,28.254623307620182],[-16.482580958611283,28.254527239533935],[-16.482755605907673,28.25438319651351],[-16.482730754577858,28.25397209375772],[-16.482791964330584,28.253828649656565],[-16.4824152343639,28.25359970387952],[-16.48218557550448,28.25335820532139],[-16.482034997459955,28.253094982316835],[-16.481657131296306,28.25305629967858],[-16.481396214974584,28.252932052148488],[-16.481358696452432,28.252806014554817],[-16.481438050391205,28.252692067529704],[-16.481197611003928,28.252552254623158],[-16.480950036016154,28.251999340854006],[-16.48098408268349,28.2518963543709],[-16.481180371145385,28.251769587918215],[-16.481523543299847,28.251687799495514],[-16.481479073456548,28.25161923809713],[-16.481519478866534,28.25158549678142],[-16.481900470185128,28.25142306264677],[-16.482134188493443,28.251423416325004],[-16.482216740718776,28.251349235708894],[-16.482191854888992,28.251222790563485],[-16.482347599633943,28.25111992793411],[-16.482321363226113,28.251021114839922],[-16.482187757631035,28.250911823578036],[-16.482137690927335,28.25079233020846],[-16.482226610264284,28.250500571094705],[-16.48217786262351,28.25034378898104],[-16.48226781553638,28.249905718691238],[-16.48225694602819,28.249672532845725],[-16.48237577253763,28.249560864809308],[-16.482543175365855,28.249512568810538],[-16.48266013570312,28.24937655249983],[-16.483176767833957,28.24947861873999],[-16.483382764854166,28.249435227819415],[-16.483528512903618,28.249317309933932],[-16.483563215103135,28.24904103023074],[-16.483741851406297,28.24882510153299],[-16.484119564554817,28.248677137546217],[-16.484649769711858,28.24864818425661],[-16.48439607331411,28.248433881659757],[-16.484427120129336,28.248372172525347],[-16.48460332481316,28.24844444654326],[-16.48513567624554,28.248518988099928],[-16.485347290413227,28.24849132749231],[-16.48538242429735,28.248459808440167],[-16.48520542885997,28.248420973688326],[-16.484889414533587,28.248252096539456],[-16.48480374315851,28.248164101118384],[-16.484664069400477,28.24785578934354],[-16.48446061180183,28.24778056226275],[-16.484364827770747,28.247686476000304],[-16.484408614815575,28.247573274624404],[-16.484703299521613,28.24745779934061],[-16.485109472440456,28.24715753779025],[-16.485334526780953,28.247173233111926],[-16.485604104851692,28.247283390132946],[-16.485626944835992,28.24741644533545],[-16.485584988948112,28.247632244649637],[-16.485647979387952,28.247786885129553],[-16.48572608590216,28.247848220330383],[-16.486356721774207,28.248138385814688],[-16.486453497883737,28.24811278459045],[-16.486266852735532,28.247890355553995],[-16.485956820837256,28.24770013419391],[-16.485957557410018,28.247562129600233],[-16.48626713684312,28.247300820984762],[-16.485968629987237,28.24694197220965],[-16.486062247529407,28.246798896422618],[-16.486069428239333,28.246361182300475],[-16.486336163779043,28.24622236123456],[-16.486645845413587,28.246225942813325],[-16.486642373497492,28.246027063318962],[-16.4867272670749,28.245938504450827],[-16.48713897978753,28.245928159202595],[-16.487608926977323,28.246023406504097],[-16.487632921340616,28.24599715254877],[-16.487525228978367,28.245838216085527],[-16.487146005644128,28.245428172320377],[-16.48709837225193,28.245285910570406],[-16.48717201365597,28.245165073091687],[-16.487331267641864,28.24515449552983],[-16.48781858961068,28.245304878126916],[-16.48816821708972,28.245330223707533],[-16.488265445880174,28.245388822214174],[-16.488358330638697,28.245538262273957],[-16.488539218964544,28.24563972220407],[-16.488670551209093,28.24567489844481],[-16.488782377613457,28.24560891507501],[-16.48875792065073,28.24534501151532],[-16.488525896940107,28.245135444355643],[-16.48840517217328,28.244882065552662],[-16.488061981900355,28.24460818443736],[-16.488050335743335,28.244400639467717],[-16.488160102018423,28.244231844977705],[-16.48839135162196,28.24406290095041],[-16.488616437906927,28.24402263393715],[-16.488898795858287,28.244121363845476],[-16.488853613830795,28.243788823092025],[-16.489080326408892,28.243689602532584],[-16.489294445636485,28.24366696294367],[-16.489279254100556,28.24354916803545],[-16.48938908138409,28.24349499301716],[-16.48935809051436,28.2433403666105],[-16.489428094137015,28.243175840136693],[-16.489413385084884,28.243021622970105],[-16.489453283010857,28.24292976213964],[-16.489732077999783,28.243153619608577],[-16.49025726506874,28.24341829232567],[-16.49045256068126,28.243427264128297],[-16.49067017706799,28.24334835678957],[-16.49069217749243,28.24331806269278],[-16.490569380885297,28.243157759039953],[-16.490630623597824,28.24308380594908],[-16.491098121932936,28.243120945452795],[-16.49135629044721,28.243070656080114],[-16.49106883358399,28.242920362255123],[-16.490926369287003,28.242745562247006],[-16.490903480077527,28.242572707055366],[-16.490810401112856,28.24241668235688],[-16.490842496156233,28.242115610026435],[-16.490546174666623,28.24162804669303],[-16.49052059984859,28.2411373502746],[-16.49122437503235,28.241177869809384],[-16.491596133092777,28.241299725565447],[-16.491443220830774,28.241041186155833],[-16.491415775535284,28.24088516775027],[-16.491504752169735,28.240709738332928],[-16.491518498850038,28.24047447981392],[-16.491608316472746,28.240440106278346],[-16.491856690711863,28.240550663209255],[-16.492086804677193,28.240754379347973],[-16.492112235878167,28.240451484187606],[-16.492020210337945,28.240129473888935],[-16.492048384752454,28.239751999966007],[-16.492105637549038,28.239589281057512],[-16.492200450396076,28.23952579123248],[-16.492630268746574,28.23964655026987],[-16.49336983844366,28.240106433767362],[-16.49345733587114,28.23990556804433],[-16.49361149560355,28.23982987654308],[-16.493729473007964,28.23970277514868],[-16.493417754202284,28.239229646235884],[-16.492826610897485,28.23880893633442],[-16.492601584647197,28.238354804505327],[-16.492793243037976,28.23822031097919],[-16.493019082688594,28.238169288746924],[-16.493220153164447,28.237978915627878],[-16.493260020489558,28.237548606127596],[-16.493361230322204,28.23737385423364],[-16.493360248668367,28.237113124631747],[-16.493410298229037,28.23700418430711],[-16.49419252464146,28.23731576389674],[-16.494569189517,28.23724278377312],[-16.494629795939208,28.237189413582744],[-16.494610183152375,28.23703989865841],[-16.494677306954326,28.236993496914085],[-16.49497877846441,28.23711186133705],[-16.49514474559938,28.237086670895],[-16.494790128752975,28.23692087345734],[-16.49461209795947,28.236892133940614],[-16.494418752149283,28.236671232931293],[-16.49438194381691,28.236428584539304],[-16.49399067411287,28.2361699544169],[-16.493900954067648,28.23603546537277],[-16.49399295614211,28.235653502975243],[-16.4942228543746,28.23557238036566],[-16.494275195990237,28.235394010293682],[-16.494521031762847,28.235257297794412],[-16.494396636668597,28.235128242252447],[-16.494454067361794,28.2349713869081],[-16.494338843598747,28.234732573891886],[-16.49446611249553,28.23452676020247],[-16.49463144405265,28.234068724987594],[-16.49469503008143,28.2339806651452],[-16.494869714937607,28.234142564158375],[-16.494996214777427,28.233903635636686],[-16.495112415781506,28.233839729548805],[-16.49553612015247,28.23391081763931],[-16.49590022040459,28.23382930733115],[-16.49652765864768,28.233789082808478],[-16.49667316332552,28.23308627203037],[-16.496886203116993,28.232644805944986],[-16.497087185588775,28.23236393197021],[-16.497217793312533,28.23186287247257],[-16.497694797199532,28.23120117584669],[-16.49793460563163,28.231042501851682],[-16.498001233486296,28.23069173557708],[-16.498338628824868,28.23064646835004],[-16.498581298021303,28.230488483941162],[-16.49891732427237,28.230542923501453],[-16.499144039333572,28.230701719643093],[-16.499400950180696,28.231125166290937],[-16.49987892924193,28.231587433012603],[-16.50022851453943,28.2317439768054],[-16.500557854786177,28.232092258075134],[-16.50070307892566,28.232027306814807],[-16.500761653624444,28.23189471446642],[-16.500702781184447,28.231561786687294],[-16.50048285484363,28.231232972920992],[-16.500587323292816,28.231117566525523],[-16.5010905224923,28.231058794055166],[-16.502068744600987,28.23105418846612],[-16.502259650133137,28.23111508749915],[-16.50257623917192,28.231367565329844],[-16.502825345850635,28.2314802607325],[-16.50330474478217,28.23155558634846],[-16.50347003839616,28.231439509062813],[-16.503490514571187,28.231329987967126],[-16.50326086227135,28.23126753112602],[-16.50290737481943,28.230970875682733],[-16.502791089846045,28.230562767735005],[-16.502112380642984,28.23045903422354],[-16.50173787239617,28.23022542235876],[-16.50157979156308,28.230179775786542],[-16.50146455178243,28.230049723594007],[-16.50148124079411,28.229829684759135],[-16.501682379147116,28.22972639291031],[-16.501780969846262,28.2295989563436],[-16.501853780038076,28.22963681187599],[-16.502151140194194,28.229624854139328],[-16.502399875960638,28.229529522111093],[-16.502678282221424,28.22918810553306],[-16.502641754373002,28.229090221780222],[-16.502775300603542,28.228890378755143],[-16.502650558976157,28.2289040239907],[-16.50235747927706,28.22923089053999],[-16.50205556185831,28.229392510647124],[-16.50156859460905,28.229358147923552],[-16.501292747033602,28.229183740013898],[-16.500690346581152,28.22923105663888],[-16.50056214225859,28.22916477407006],[-16.500230591519816,28.228847202611348],[-16.499954423608568,28.228802669112174],[-16.499077309628877,28.228428171987016],[-16.498720895633596,28.228088306025295],[-16.498646027501323,28.22784246570933],[-16.49837408035521,28.227545445586735],[-16.498523797053,28.2273282812895],[-16.498773435116163,28.22714449826409],[-16.499275184906892,28.22693222882708],[-16.499273254449392,28.226874307703458],[-16.49913625578424,28.226754509937226],[-16.499261073126814,28.226629765947823],[-16.499471065324865,28.226518618602828],[-16.49889318837617,28.22599363575581],[-16.498482477522124,28.225727197981172],[-16.498498272610302,28.225617818986834],[-16.498729529664203,28.22554091635284],[-16.49862835514069,28.225425057502935],[-16.498625830670598,28.225302702343498],[-16.498990272281517,28.225094736629487],[-16.49849923659136,28.224658240373373],[-16.498448533151873,28.224500763248027],[-16.49852695360883,28.22435188929505],[-16.498681424593002,28.224271135048227],[-16.499058945509674,28.224255625413868],[-16.49948671131537,28.224284509720153],[-16.50016832264399,28.22447486834677],[-16.500422231011143,28.224436793909234],[-16.500449816837506,28.224398314310115],[-16.50041734853781,28.224364554992682],[-16.500161543209014,28.224310682625333],[-16.49973428987692,28.224114375857635],[-16.499527688261587,28.22395743546691],[-16.499278714388765,28.223874605593622],[-16.499273299291385,28.223764195503154],[-16.499624958630456,28.223611783594265],[-16.499631470401262,28.223487163296127],[-16.499581366912206,28.22338726131872],[-16.499623744590597,28.223189594206012],[-16.49948439813724,28.222930652491947],[-16.499479845900908,28.22282366254671],[-16.49959253822646,28.222662859881588],[-16.49979213809997,28.222581519338757],[-16.499888019332218,28.222420900805076],[-16.49996564959594,28.2223760962564],[-16.500476175745145,28.222487102524013],[-16.50062509749216,28.22241786916395],[-16.500682352851914,28.2220965726623],[-16.50028080401417,28.221529948677176],[-16.50026454918001,28.221489693724042],[-16.50032039646494,28.22144657199108],[-16.500657052463836,28.221497030055605],[-16.501425086654567,28.2219226261611],[-16.501635349086516,28.221962646195138],[-16.501409453226895,28.22166467478166],[-16.5011975540144,28.221107072476546],[-16.50092657108364,28.220878187186425],[-16.500197855883965,28.220456849818227],[-16.499941653183367,28.22010781818052],[-16.499953162704685,28.220002529325747],[-16.500088744546417,28.219874336318497],[-16.50093287649823,28.219498404902872],[-16.50098059112211,28.21940791723072],[-16.500975437667613,28.219014733127995],[-16.50103472644703,28.218955517381993],[-16.501227913662305,28.218946591973733],[-16.50181042031355,28.2191986900832],[-16.50219776959608,28.219262802705348],[-16.502660516700626,28.219102529656194],[-16.50305694127313,28.219095105042758],[-16.50270570269304,28.218727547229374],[-16.502215573889973,28.218391098858497],[-16.50211341936839,28.218215902898702],[-16.502129710385812,28.217888232560693],[-16.50271939738515,28.217703090495874],[-16.502814071022712,28.217542699915622],[-16.502973528294948,28.217429675079927],[-16.502982057045074,28.217293660614487],[-16.502732860410614,28.216981506621742],[-16.502703799861024,28.216623422878964],[-16.502828108572825,28.216421262601624],[-16.50313994762618,28.216306463968074],[-16.50317732238977,28.216254175903295],[-16.502921160127173,28.21603963495112],[-16.50264963167604,28.21558989189715],[-16.502501147992955,28.215220962866976],[-16.50239934628207,28.2146639032356],[-16.502450359900465,28.214591682128965],[-16.50253657769886,28.214576339742074],[-16.502822072777125,28.214703068183248],[-16.50287798455491,28.214584105307125],[-16.50297778238202,28.214530806515352],[-16.502796133037556,28.214324047490035],[-16.502833511216135,28.214082120169163],[-16.502614045615847,28.213531389422858],[-16.50268492231996,28.213290014706676],[-16.502678955760658,28.212925702306798],[-16.502780502593183,28.212554974116582],[-16.5033775439815,28.212024134761133],[-16.50356492262462,28.212096055569774],[-16.503960840324407,28.212435340967232],[-16.503668897460273,28.211720724274667],[-16.50371110520864,28.211260078951018],[-16.503580815866677,28.210027357007124],[-16.503501447454763,28.209764745029055],[-16.502976959821165,28.208900524481287],[-16.50286429007089,28.20821885446664],[-16.502928521557255,28.207602759186504],[-16.503242222542855,28.20701008722912],[-16.503271407475133,28.206571759987604],[-16.50319884707733,28.205347066556925],[-16.50306442559524,28.20505083497984],[-16.502832088996303,28.204802700616586],[-16.50314678352264,28.204376823498375],[-16.50330991221184,28.203931446824065],[-16.503363754067152,28.203640303805138],[-16.50334578824078,28.203147349892504],[-16.502955112715973,28.201739444229773],[-16.502661356192696,28.201206928766606],[-16.502657713222497,28.200786416741927],[-16.502796787387112,28.20081284972526],[-16.50286255438807,28.200771784276547],[-16.50274020673093,28.200517369008764],[-16.502755319196684,28.200338583256105],[-16.50244289176615,28.200006877589242],[-16.50210312787531,28.19982191584612],[-16.50169050683263,28.199222597740512],[-16.501656639692317,28.198926506119125],[-16.501702463911055,28.198807103817884],[-16.501825026868577,28.198755244029922],[-16.501994490645117,28.19878847436067],[-16.50230065458207,28.198712838665642],[-16.502738102271703,28.198692475594665],[-16.503451274473598,28.198782187012224],[-16.503816904407582,28.198967971300192],[-16.50406806237122,28.1991619804335],[-16.504266357083175,28.19859511457502],[-16.504189320863624,28.19833114101869],[-16.504204221982253,28.19822473135244],[-16.50498183407145,28.197622839650176],[-16.50518808763183,28.197691275255707],[-16.505241698815823,28.198063105534832],[-16.505347344707975,28.19827992239822],[-16.505852350196708,28.19893293280339],[-16.506024538255275,28.19912328561887],[-16.506130460879188,28.199167868987296],[-16.506325536372003,28.199014340325572],[-16.506385102000273,28.198893756440896],[-16.50630659016025,28.198134185291725],[-16.506376132696506,28.198004439208145],[-16.506750641369337,28.19812003643054],[-16.5070661685275,28.19829751885577],[-16.507230094469815,28.198253321504396],[-16.507454066112274,28.19806698194786],[-16.508238031332823,28.198499977798196],[-16.508341959749135,28.198515709518297],[-16.508382089617868,28.198365690979525],[-16.508095900062695,28.197710856411884],[-16.50809317818309,28.197646879022884],[-16.50814446565062,28.19762036604819],[-16.509780195255267,28.198393412853513],[-16.510146206512793,28.198525980702403],[-16.510451633096643,28.198738142467455],[-16.510784901260475,28.198823443543162],[-16.511288792188168,28.198806200397197],[-16.5115772931043,28.198883212351305],[-16.51191838492274,28.19907043698063],[-16.512045653394445,28.199350971501797],[-16.512203274884385,28.199326467862665],[-16.51257252895483,28.199121772555785],[-16.51302401882111,28.199090219538444],[-16.513980141862632,28.19921042014178],[-16.5144076213967,28.199385599495706],[-16.514584024716232,28.19936086720179],[-16.514585649051725,28.199289675885698],[-16.51447436271948,28.199173452704425],[-16.513986032153554,28.19878492136517],[-16.513753161333838,28.19845625193197],[-16.51259711067284,28.197959360279885],[-16.511875165617283,28.197475884961914],[-16.511121461022537,28.197233361499723],[-16.51072619925544,28.19672228257299],[-16.510179248788717,28.19623542166001],[-16.509938658696647,28.196162228045463],[-16.509780596331424,28.195983321795715],[-16.50917336177376,28.19573246525762],[-16.509129955131193,28.195637528549323],[-16.509197687287827,28.195419163672902],[-16.50890548843207,28.195103513195306],[-16.509006271275997,28.194802753050375],[-16.50874556330562,28.194579977179387],[-16.508583204095125,28.19430733489721],[-16.508576737274872,28.194139914716594],[-16.508736774395583,28.194121056502677],[-16.50887176009401,28.1940353622114],[-16.50916026000503,28.19366088927067],[-16.509697840182806,28.193618596927504],[-16.510045647019673,28.19381464274976],[-16.510505388103827,28.19381501126458],[-16.510827230704027,28.19394661222314],[-16.5111458415159,28.19418659671266],[-16.511569957915576,28.194639964267456],[-16.512373322713156,28.19434098830045],[-16.512046367928434,28.194167019672626],[-16.511984041981776,28.193867969405623],[-16.511560200856007,28.19333560163427],[-16.511284737578464,28.193127795063692],[-16.511165326924072,28.192940945365223],[-16.5109393745602,28.192780299017958],[-16.510603160469977,28.192416789440266],[-16.51012223710836,28.19214034538454],[-16.510056636394662,28.192000626600688],[-16.51012377577781,28.19188095040817],[-16.510440320015093,28.191706445832658],[-16.510493971257496,28.191581674637376],[-16.510042548388228,28.191294056150344],[-16.509983436484536,28.191181097913216],[-16.50998989615046,28.19098116141735],[-16.510110622062108,28.19087128210497],[-16.510323090661995,28.190876762468985],[-16.510398920484864,28.190837667379316],[-16.510594642388153,28.19031285224678],[-16.51112497281686,28.190240156343844],[-16.511405527749666,28.190343421454237],[-16.511495576059165,28.190330306008715],[-16.511412601911328,28.19010770188369],[-16.511429674682386,28.190010680940404],[-16.51187694705137,28.18965894377091],[-16.512156022242245,28.189678126022258],[-16.512423690536743,28.189803092873188],[-16.5123899935099,28.189721326045326],[-16.51193798801273,28.189370362530745],[-16.511869697629873,28.189185764422763],[-16.511891694536207,28.18883209083384],[-16.511931314747248,28.188769477892414],[-16.511894638134045,28.18861707575456],[-16.51195657772634,28.188432925290346],[-16.511624901099122,28.188060992128193],[-16.511448791676177,28.187492754780596],[-16.51147358929104,28.187316361250897],[-16.51165209643115,28.18712248491813],[-16.511789665986356,28.187042391220555],[-16.5120752271828,28.187055355962766],[-16.512563513069534,28.18729027732912],[-16.513117824877547,28.18741352803998],[-16.513506066607068,28.187725256067246],[-16.513830504697903,28.188107219493254],[-16.513986798619673,28.188188496312172],[-16.514453210610274,28.188267126978566],[-16.515012307176942,28.18804581251017],[-16.51536685233175,28.18805726660213],[-16.51564453048882,28.18829396675535],[-16.515946724846675,28.18889571130552],[-16.51594402619907,28.189037988741656],[-16.51588386823269,28.189124133547004],[-16.51595244389169,28.189287318323274],[-16.51614268854375,28.18942749459298],[-16.516301274378243,28.18966441138022],[-16.516402087818914,28.189709702439007],[-16.516301770530752,28.18951840384466],[-16.516265212581743,28.189249277739172],[-16.51638525544061,28.188934264941224],[-16.516230575509528,28.188617476273258],[-16.516264990370722,28.188459044192903],[-16.516590466108255,28.18804408353225],[-16.516667831152567,28.18806282014291],[-16.517307599285783,28.188580973639684],[-16.517599514820258,28.188982196150693],[-16.517706541725644,28.189039736867848],[-16.51773677483236,28.188976260727276],[-16.517705395178684,28.188611716516565],[-16.517426131009532,28.188255155441425],[-16.51724736785285,28.18792316561862],[-16.51714248387273,28.18792495101825],[-16.51711354467648,28.187883845739623],[-16.516993037522706,28.187438502001232],[-16.516786369028875,28.187247380569588],[-16.516381979025706,28.187024018023227],[-16.51632079366515,28.186949199343893],[-16.516247556297955,28.186657699633617],[-16.516274429350133,28.18658275376935],[-16.516453859572458,28.186548103389953],[-16.516666424838377,28.186675784482404],[-16.51672330639134,28.18662177861559],[-16.516772259512447,28.18637485480474],[-16.516847593387297,28.186298857361333],[-16.51697559617639,28.186290417075465],[-16.517383043117803,28.186434628379775],[-16.517561005492222,28.186634352439146],[-16.51787524974124,28.186801590188107],[-16.51789796878042,28.18698644682689],[-16.518436313000652,28.186982885253578],[-16.518691755869106,28.187060872543025],[-16.51880278757533,28.187210146113447],[-16.51886374616531,28.187532529627084],[-16.51890542911834,28.187567879372104],[-16.519079385137385,28.187430578579065],[-16.519308393195995,28.18739814494227],[-16.52004431411954,28.187780633096995],[-16.520260097084552,28.187721304998078],[-16.52043959979142,28.187849392381526],[-16.5205532607978,28.187785467189542],[-16.52049546412131,28.18764442144393],[-16.520515528941747,28.187586680442703],[-16.520701872699636,28.18750431226622],[-16.52087919433185,28.187566818566744],[-16.521407233039863,28.18791867580884],[-16.52154063440659,28.188055423973267],[-16.521668500574197,28.188421304022008],[-16.522235320834934,28.189000723083105],[-16.52257357503912,28.189627032723354],[-16.523188779632665,28.190256531868314],[-16.52340800340359,28.1903512849357],[-16.523639716240698,28.190596151244886],[-16.523755575898768,28.19082005075942],[-16.52381245746054,28.191275337769262],[-16.524277180271678,28.192326948777005],[-16.52456336561709,28.192514212018008],[-16.52464909659731,28.192744547320885],[-16.524761090133044,28.19288090773077],[-16.525154559341953,28.19314164928343],[-16.52540699685284,28.193660152742982],[-16.52580773019523,28.194165910213812],[-16.52592913823007,28.194872984994483],[-16.525918938783715,28.195042773542415],[-16.525784290983296,28.19536218052589],[-16.52578844862335,28.195603947848856],[-16.526074564339517,28.196062254750984],[-16.52622192777707,28.196665673288685],[-16.526562270640532,28.196752418221724],[-16.527086076636287,28.197059975534316],[-16.528167135033463,28.197236408191],[-16.528303032435026,28.197338076111464],[-16.528727750664174,28.197784901047452],[-16.529005330890623,28.198237709901928],[-16.529070965395928,28.198518753638922],[-16.52929598720518,28.198923259341974],[-16.52966093256145,28.199919817663616],[-16.530135379880278,28.20037793181254],[-16.53066442994997,28.20068621006157],[-16.530814468963886,28.200880397212366],[-16.531027596673646,28.200980024813916],[-16.531341254471357,28.201029565073462],[-16.531466530838465,28.20102242287948],[-16.531919706584162,28.200479878997964],[-16.532174590312106,28.20034939922704],[-16.532777700626426,28.200343754452774],[-16.533290892352568,28.200464854214726],[-16.533351531215217,28.200388714713302],[-16.53347796938609,28.19984017912922],[-16.53349667723503,28.199003583075292],[-16.533126729955267,28.198200502614306],[-16.532491600339405,28.19746918141793],[-16.531923775757505,28.197086398314724],[-16.531851651975188,28.19695507622492],[-16.53190742335355,28.196787710568135],[-16.532008971434582,28.19684216917675],[-16.53227206618403,28.197153590499337],[-16.532371959376334,28.197166993492164],[-16.53260986910972,28.197334635291902],[-16.533874104485506,28.19764306765489],[-16.534783734069336,28.198284796642724],[-16.535119180716475,28.19837600622492],[-16.53569662502621,28.198330276003222],[-16.535532585549266,28.198110556573205],[-16.535456039156852,28.197911804529472],[-16.53544722941142,28.19769177801694],[-16.535527123758072,28.19741004339384],[-16.535366485610286,28.19704972656621],[-16.5353437809872,28.196560326390927],[-16.53512320184756,28.196184887547865],[-16.535188786935482,28.19578865703228],[-16.535144015790568,28.195202121986632],[-16.535067806998825,28.194929837194376],[-16.535052062229163,28.19462362513479],[-16.534968069559543,28.194372600764765],[-16.534993459753647,28.194314455181292],[-16.535300055669857,28.194444210194334],[-16.535868375420122,28.194824067784126],[-16.536465157091026,28.19532253780967],[-16.536726292319226,28.19541023691402],[-16.536987267289618,28.195420500836633],[-16.53704790785936,28.195366922851463],[-16.537019221308565,28.195242344907733],[-16.53792124737613,28.19575950029198],[-16.538112366741487,28.195933813454406],[-16.538406127257154,28.196100708934495],[-16.538542921036925,28.196236670289434],[-16.53862340015505,28.1964067121906],[-16.539070568278447,28.196796681425884],[-16.539378708629513,28.197162012962124],[-16.53945407351249,28.1971613185367],[-16.53961291530694,28.1970279617544],[-16.539999793275484,28.196962633901105],[-16.540050714567776,28.196916158541214],[-16.54002951760243,28.19682681276154],[-16.539671020268006,28.19644293389979],[-16.53956175727047,28.196254155238773],[-16.5394699738484,28.195827861586285],[-16.539478209842173,28.195539638672077],[-16.53925934494204,28.195212147554894],[-16.539099705266814,28.194772113243147],[-16.53823307198254,28.19343620505318],[-16.538109475876485,28.193053489514103],[-16.53812616196897,28.192851452703334],[-16.537981833417394,28.192460657768674],[-16.53764820247154,28.1921471337979],[-16.53740656543162,28.191838324597985],[-16.537449973702483,28.19176165495467],[-16.53755531066308,28.191730110653307],[-16.537873467368033,28.191776860495374],[-16.538137444123937,28.19154419268388],[-16.538396615975014,28.191523806711867],[-16.538384867658237,28.191125231128883],[-16.538463474453614,28.191034672796707],[-16.538815662430807,28.191077130007876],[-16.539010563477202,28.191206616505763],[-16.53922841152983,28.19144460766324],[-16.539289865737313,28.191402544815723],[-16.539278676414888,28.19124583023386],[-16.53915311287742,28.190929193345617],[-16.538869090222907,28.19052238007911],[-16.538929149622888,28.190349548457593],[-16.53886063196737,28.19020781049225],[-16.538166976874255,28.189463255768977],[-16.538318281748776,28.188894508755116],[-16.53864146738066,28.188796507982456],[-16.538411704574013,28.188505617265104],[-16.53839931764156,28.18808230149558],[-16.53850700611168,28.18761840329917],[-16.538921428213236,28.18751913267459],[-16.539415577045208,28.187641670778742],[-16.540066624399703,28.18801281965935],[-16.540336718651655,28.188471429760746],[-16.540616314517628,28.188752830208138],[-16.54122885201293,28.18915338668579],[-16.541669310827395,28.189347107229175],[-16.541711448973857,28.18929152453079],[-16.541732560714497,28.18889296737834],[-16.541492946528816,28.18829160789983],[-16.54154705983709,28.188046920158627],[-16.54177256450268,28.187967449030918],[-16.542027961385088,28.188010474095435],[-16.542093196977227,28.18779631955179],[-16.54239942705629,28.187601913138533],[-16.54264070877605,28.187325928052946],[-16.542666137845995,28.187150985260942],[-16.542612968429733,28.1863863174866],[-16.54272992626188,28.186057879891596],[-16.542862382802436,28.18602216320505],[-16.54302770041256,28.186085100727013],[-16.54366162701334,28.186568275106907],[-16.54418847645815,28.18716517192127],[-16.54425677021799,28.187131531534526],[-16.544364211816074,28.18689394867633],[-16.54454269222018,28.186926420052387],[-16.54458281690057,28.187075316621268],[-16.544962932880217,28.18735498695719],[-16.545065233766227,28.187558334615048],[-16.54507514520171,28.187768022991538],[-16.545178620831383,28.187815022422136],[-16.545365554984723,28.187753119790035],[-16.545116767028215,28.18713057112887],[-16.545179295694467,28.186692521080186],[-16.54539983447169,28.186689570867],[-16.545541728760067,28.18658555046556],[-16.545649343281045,28.18658469624717],[-16.545736635163454,28.186666598067433],[-16.545796562378907,28.186894024663843],[-16.545948340707866,28.186589189392958],[-16.546403719100205,28.18643253880183],[-16.54632541479363,28.18636788234558],[-16.546075528416985,28.18642590349635],[-16.545681560009754,28.186313350193245],[-16.545584971117115,28.185888170733705],[-16.545501984250063,28.18573655449328],[-16.545653187403573,28.185495164300175],[-16.54598743582776,28.185489755811425],[-16.54650625013881,28.18566800929839],[-16.547078300721125,28.185675912749147],[-16.54714742564056,28.18572984228063],[-16.547189841076978,28.185983855905388],[-16.547342713546666,28.185949176697694],[-16.547525097078083,28.185997394207714],[-16.5476510659434,28.185914481224977],[-16.547705711387547,28.18576082273564],[-16.54769796921225,28.18549344799577],[-16.547337615159268,28.185145944872893],[-16.546957742534104,28.18503090727538],[-16.546447190727132,28.184785360279136],[-16.545969553239257,28.184653888388294],[-16.54527331768304,28.1841655164806],[-16.544859333723306,28.18403317755495],[-16.54475097450021,28.18380277710921],[-16.544762801072896,28.183674575688908],[-16.544860564061256,28.183622073684706],[-16.545403859083976,28.183671039829278],[-16.54544810315488,28.183388204206764],[-16.545716120463716,28.18324142413053],[-16.545809814557536,28.18296701008506],[-16.54603826569102,28.182892237225644],[-16.546301583431298,28.182909560608927],[-16.54657509818656,28.183015423028866],[-16.54681056171855,28.182899956163638],[-16.547009828870582,28.182902252945993],[-16.547431000792976,28.18312151631786],[-16.547532398402264,28.183249394528993],[-16.548081522861896,28.18352491640311],[-16.547842784511595,28.183167618347852],[-16.547765872526213,28.18286217209821],[-16.547579895929477,28.182646126270125],[-16.547709654759004,28.182151909221595],[-16.547846352861423,28.18209219600394],[-16.548164605680338,28.182189787691215],[-16.548235986366116,28.181882168020092],[-16.548550442723233,28.181733268880443],[-16.548706708996963,28.18171614006938],[-16.54878704047357,28.181602849163685],[-16.548814096693096,28.18142707473355],[-16.54888556432129,28.181360995706864],[-16.549085543424965,28.181451755702607],[-16.54944924154031,28.181747718844154],[-16.549566431563086,28.1817366811504],[-16.549194212254676,28.180994445526927],[-16.548953359288408,28.180839383203406],[-16.548635626223184,28.18081721112448],[-16.54854478225564,28.180672382238587],[-16.54854617689424,28.18049842338799],[-16.548731848578825,28.180398697065694],[-16.54914957917956,28.180331624127884],[-16.54949139939265,28.180355896037874],[-16.54964838878937,28.180151710375057],[-16.550019203340476,28.1801291367793],[-16.549916264269093,28.179766504813806],[-16.549949552331725,28.179594296785577],[-16.550082041181906,28.179603924722773],[-16.55039909271433,28.179472464982574],[-16.550821357202963,28.17956747372481],[-16.551071430580965,28.179540642423955],[-16.5510557804019,28.179472516915602],[-16.550756856523023,28.179298070664647],[-16.550724372031535,28.179074062732965],[-16.55078351404221,28.17890289738745],[-16.550660339884534,28.178576578008844],[-16.550580055264017,28.17851137767329],[-16.550631681534238,28.178319106298403],[-16.55077086063512,28.17810070789909],[-16.55131411684217,28.17805917395524],[-16.551621133126982,28.17795758138335],[-16.551885503819296,28.178016894788648],[-16.552222691118583,28.177991673186124],[-16.552674993273623,28.177793747346268],[-16.55253745629226,28.177746155883668],[-16.55210277913514,28.177828006706292],[-16.551824925337392,28.17756845967404],[-16.551444999899694,28.177456647376257],[-16.551442646898884,28.17719129654526],[-16.551252522455638,28.177105428080914],[-16.550849701284687,28.176717476146212],[-16.550724504579005,28.176545185934636],[-16.550623025839744,28.176259667291216],[-16.550348857493937,28.17608563434817],[-16.550115457107214,28.175844226231455],[-16.54999507033274,28.175517260686338],[-16.549878578426,28.175350186898072],[-16.549412785422014,28.17495804248443],[-16.54916912791488,28.174667488984266],[-16.549109621956102,28.174490428521104],[-16.54914193293605,28.174326742420398],[-16.549481887716237,28.174143067739823],[-16.549557937872564,28.17399744239119],[-16.54978100852782,28.17385119978494],[-16.55003927775973,28.17378549655259],[-16.550488561630477,28.173793026493527],[-16.55074776298686,28.173927554016455],[-16.55096287632251,28.173958438434244],[-16.55123988590429,28.17416453181907],[-16.551754051570203,28.17419831683779],[-16.55238199814571,28.174477162201903],[-16.553039143396862,28.174857189000832],[-16.553810770014433,28.174886781830303],[-16.554025366385275,28.175146636900042],[-16.554127596989986,28.174713592869985],[-16.554131941695562,28.17448925794536],[-16.55398611961132,28.17433187084667],[-16.553545243397924,28.17405630741212],[-16.55346812645131,28.173932490058927],[-16.553342032877474,28.173199096544966],[-16.55320628870399,28.17291566528978],[-16.55282407787025,28.172568396214363],[-16.55255716106859,28.172417904204046],[-16.55231374466172,28.17208776892608],[-16.552194383041343,28.172040052029047],[-16.551880907587535,28.171779040097515],[-16.551624810242053,28.17112112468813],[-16.5515776093392,28.17069659855553],[-16.551308735963204,28.170306280672513],[-16.551224689310278,28.170035663812374],[-16.551237123136527,28.16976871015709],[-16.551039086985213,28.16964035856629],[-16.55089842370784,28.16930885778765],[-16.550904232760626,28.16911565209521],[-16.55097016549248,28.168941846520692],[-16.55091223470192,28.168536421527197],[-16.550815299510244,28.168405787178354],[-16.550570739512565,28.168320199790248],[-16.550516980054695,28.168061964928565],[-16.550032234390795,28.16817501581957],[-16.549412389114384,28.168237003773672],[-16.548097229333347,28.167778749161428],[-16.547720255865922,28.167404456024833],[-16.546943206085924,28.166446822977903],[-16.546440048417697,28.165678708946565],[-16.54611888156566,28.165518671760776],[-16.54591597470195,28.165286432553756],[-16.54571722937283,28.16487743171785],[-16.545589481850584,28.164723061764505],[-16.545434562000285,28.164570704105568],[-16.545125355140822,28.164428327243044],[-16.544621791432213,28.16389555268931],[-16.544080148193043,28.16359214000656],[-16.54322232717478,28.1633000862685],[-16.542358309422358,28.16292570523245],[-16.54183146634982,28.16295278400969],[-16.539809246907772,28.16232116001282],[-16.539604371302612,28.16183474537911],[-16.539361312202733,28.161651015696044],[-16.539175795605725,28.161332297761994],[-16.53921902655258,28.16129108086031],[-16.539508219174905,28.16138530312243],[-16.53959515231142,28.161350751862155],[-16.539606295058757,28.16125766636342],[-16.539073939518662,28.160916069017542],[-16.538730120531785,28.16090140356976],[-16.538401439428565,28.16077884160376],[-16.537873599713322,28.160365185057362],[-16.537599931737045,28.160231822817686],[-16.537475956468565,28.16005374711895],[-16.537467194047544,28.15954113782886],[-16.537216139049264,28.159260454051964],[-16.53627051589163,28.158919845908777],[-16.535632196084798,28.158851020682064],[-16.535282390440734,28.158664716593705],[-16.534353862312035,28.157958271024096],[-16.533698684907133,28.157714408572765],[-16.533392688658015,28.157443330739184],[-16.533234363696252,28.157220869990994],[-16.533165517626873,28.156761666981946],[-16.53307243005069,28.156483565874126],[-16.532923049012464,28.15632334222694],[-16.532555942245605,28.156124715324346],[-16.532852620541068,28.15597521282672],[-16.533230337796507,28.15561572277506],[-16.53338816646494,28.155381266001402],[-16.533622193094004,28.155150224870983],[-16.534663034828714,28.154947257927656],[-16.534896328247008,28.15482569059682],[-16.535209378821857,28.154568752241026],[-16.53522923356673,28.154385885033715],[-16.534953825441967,28.154113528939867],[-16.534769318192478,28.15349673259207],[-16.53488781106123,28.153438410184545],[-16.535300189624042,28.153468129849614],[-16.535128761094818,28.153346991441794],[-16.534868451546714,28.15297642415467],[-16.534858124775234,28.15279715326972],[-16.534950280290218,28.152686481439332],[-16.5350031897642,28.152417999973707],[-16.53522475775112,28.152277222412753],[-16.535558448680955,28.152239167962637],[-16.535768844857255,28.152369508003318],[-16.535986764561624,28.15223289469718],[-16.535847049181793,28.15205270106893],[-16.535842977297943,28.151713901399997],[-16.5358908903445,28.151519320541798],[-16.53585407994192,28.15117190776143],[-16.535939845564016,28.151083861142148],[-16.536277646278847,28.151099296956247],[-16.536362770214872,28.151064046173506],[-16.536338394722232,28.150793876875635],[-16.53682549357079,28.151155065158697],[-16.537091907788458,28.151486652252466],[-16.537444611584483,28.15203477958872],[-16.537740998916334,28.152714846904832],[-16.538441055743874,28.15380446895272],[-16.539219511929115,28.154592628134044],[-16.540088133161415,28.15527774702532],[-16.54032154914825,28.155554932765252],[-16.541357349036396,28.156155834420037],[-16.541657879911085,28.1563933454545],[-16.542170147089173,28.157171007616757],[-16.542466145169243,28.15748339620781],[-16.54313362802869,28.15787969469153],[-16.543179077380138,28.158042314199363],[-16.544383782810872,28.15877464557585],[-16.544601216600018,28.158714043828653],[-16.544714363551016,28.158739437358246],[-16.54588325292433,28.159208287593973],[-16.54586998975755,28.159358229421],[-16.54571085019306,28.159687001473255],[-16.545742107969552,28.159748959031514],[-16.54592362975999,28.159736143045304],[-16.54666406950233,28.159508117540675],[-16.546900681152454,28.159488739509488],[-16.547298292125785,28.15937075546043],[-16.547694307120835,28.159414412463676],[-16.548130338447464,28.159566668041023],[-16.548498839919162,28.15957435220159],[-16.549028202563374,28.15967831144067],[-16.54940960107497,28.159815675396704],[-16.550711088206622,28.160680554058032],[-16.550793838292332,28.16077644884601],[-16.550823957788506,28.161240248744512],[-16.55106656101765,28.161571209465873],[-16.55133073582935,28.16153293755665],[-16.551593200277708,28.161582256389984],[-16.55223470683808,28.162177222665015],[-16.552822652190056,28.162443390096634],[-16.553288446625483,28.162540426754035],[-16.5533416840843,28.16250985011432],[-16.553343035162406,28.162441215956843],[-16.55381293013808,28.162719855105706],[-16.554410622122738,28.162997583555406],[-16.554742457179692,28.16309997133163],[-16.555245736918778,28.16313884123713],[-16.555836585275966,28.16329661744283],[-16.55637258340922,28.16325768114827],[-16.556881674148883,28.163366550776104],[-16.55751649923313,28.163397544887538],[-16.558173937372164,28.16366714920092],[-16.55994100885573,28.16402284139504],[-16.560377104756725,28.164050787940855],[-16.560996416650813,28.164166869757597],[-16.56123998689602,28.164080582795354],[-16.561404787184415,28.164099750625763],[-16.561708720325477,28.16401297312462],[-16.562203102693303,28.163971043816996],[-16.562563987922623,28.163837613250323],[-16.562639036712813,28.163886206000637],[-16.562651266288785,28.163986345524744],[-16.56257228637884,28.164191496213263],[-16.56267967472902,28.164271985027852],[-16.563134656793824,28.164078761155345],[-16.563399137279355,28.164131508684527],[-16.563511758267758,28.164206224136837],[-16.56372363313706,28.16445539148863],[-16.563920193030636,28.16514232034378],[-16.5640565049707,28.165233235721235],[-16.564305826603242,28.164853423185523],[-16.564560200405193,28.164760111683925],[-16.565468351188308,28.164931572521816],[-16.565469625034698,28.164661569122046],[-16.565520674770013,28.164531952241607],[-16.565812519946174,28.16435164036563],[-16.565948664075883,28.1643309772383],[-16.56644769426567,28.164698407527414],[-16.566786795909827,28.164842026890963],[-16.5671283363187,28.165247997942767],[-16.567428781643,28.165330813047916],[-16.567172509509064,28.164925455407694],[-16.567057916283265,28.164412267482152],[-16.566655555361166,28.163946523125148],[-16.566649385574873,28.163647408406216],[-16.566560494098503,28.163485466338447],[-16.566210484064847,28.163272892139798],[-16.565239980527355,28.163059450285346],[-16.5651494746541,28.16297534095999],[-16.56508192428213,28.16277512172181],[-16.56515719011989,28.162500590300297],[-16.565029925554207,28.162045829743114],[-16.56507400324314,28.16195430683806],[-16.56588967836874,28.161912130911904],[-16.56614237453804,28.16193847392026],[-16.56661310169957,28.162094640917143],[-16.56666086476399,28.16206535828437],[-16.566618663686757,28.16192904609825],[-16.56669007845449,28.161843482499098],[-16.56699089834823,28.161817080665458],[-16.567365296248333,28.161903941678613],[-16.56761770235073,28.162122783710082],[-16.567727652765328,28.162153970657453],[-16.56778644655498,28.16170701963749],[-16.56764612111918,28.161334323975883],[-16.56789256514035,28.16128183706966],[-16.567940420535248,28.16122051349841],[-16.567843384555754,28.16084911840154],[-16.568037203173937,28.160304457894576],[-16.568005073082848,28.160129745932558],[-16.567879147795992,28.1599309545473],[-16.567466513372928,28.159541917381492],[-16.567439708177822,28.159409680064755],[-16.5674974713588,28.159302214730097],[-16.567306231924785,28.159094386941575],[-16.56696256190578,28.158440860443182],[-16.566568372582488,28.158088459110587],[-16.566135028577133,28.15784782118142],[-16.565834772112854,28.15758965864091],[-16.566138357457156,28.155165744060668],[-16.56623378442191,28.154823048714366],[-16.566524887029487,28.154586580485933],[-16.566779719595246,28.15465592156754],[-16.567127176044515,28.154563653032685],[-16.56720377736314,28.154593317893656],[-16.567350463720604,28.15476454436453],[-16.567736443870906,28.155025991564845],[-16.568056925571984,28.15507625761583],[-16.568343803231187,28.155215237362473],[-16.568621734040548,28.15547947143964],[-16.568722016204184,28.155491950979837],[-16.569062559549074,28.155723698261113],[-16.56919223405682,28.155705696560556],[-16.56928898893473,28.155615960557817],[-16.569530464620687,28.15563918624203],[-16.569638319350105,28.155779826424595],[-16.56987800026911,28.155924280480754],[-16.56999837412029,28.156057466449234],[-16.570061820348354,28.156260167150815],[-16.569991549537757,28.1565667463916],[-16.570197380328885,28.15682400568518],[-16.571508151416715,28.157789713025558],[-16.5717628689542,28.15813134488798],[-16.572143182819996,28.15841184193839],[-16.57240294029213,28.158691862830437],[-16.572524447352652,28.158741911340982],[-16.572691191711797,28.15919055219113],[-16.573435433507395,28.15936950497407],[-16.573669293223805,28.159523160433285],[-16.573961205237715,28.15962054557981],[-16.574243061426518,28.159606112739908],[-16.574469186744054,28.1595241281895],[-16.57506327284374,28.159615111282523],[-16.57524397587497,28.159718501240594],[-16.575403914384843,28.15992267032843],[-16.575709014158843,28.160000603592263],[-16.575907148124983,28.159964659906134],[-16.57594408969631,28.159903892465152],[-16.5757389299331,28.159727852369663],[-16.57568182069151,28.159557518355317],[-16.575699111978306,28.15933572414251],[-16.575818068291607,28.159226098427048],[-16.576176508830503,28.159204049716948],[-16.57656227507492,28.159585950365383],[-16.576822058398943,28.159674330507407],[-16.57698318289118,28.159658423104133],[-16.57717321642015,28.15952083908689],[-16.577784489245484,28.159333276717277],[-16.578192797971937,28.15939521410669],[-16.57824203794682,28.15930934072879],[-16.578174135698134,28.158896409153282],[-16.578337244086057,28.158803429409136],[-16.57882551148873,28.158661386069276],[-16.57899319932062,28.158327515996767],[-16.579724943614618,28.158783648515946],[-16.58023878561481,28.158890896301074],[-16.580296233183745,28.15901032236497],[-16.58032713217707,28.159306478772226],[-16.580582473586563,28.15972309421588],[-16.58063178398517,28.159248487131464],[-16.580969522494744,28.15892933965446],[-16.580923456616073,28.158695397515025],[-16.581019906077614,28.15810313554059],[-16.580960403205175,28.15768172422379],[-16.581074450889542,28.157670272434988],[-16.58108041643111,28.157298754625817],[-16.58078292352064,28.15735012123823],[-16.580945130047937,28.157285478920098],[-16.58100568319188,28.156896282424704],[-16.581162318487017,28.15669374541233],[-16.58227218225334,28.15573445870269],[-16.583126510962863,28.15635490429458],[-16.583686992973448,28.15666620079527],[-16.584387628356875,28.156658621124432],[-16.58499356962326,28.156787186261617],[-16.585385700240593,28.157008006063528],[-16.585692458374268,28.157038299238096],[-16.585881579260892,28.15712933943841],[-16.586122896397757,28.157164892913734],[-16.586339904801093,28.1574973032267],[-16.58678369595488,28.157735760318552],[-16.586932982042512,28.157970399476497],[-16.587189831517534,28.15815300740588],[-16.587466661647138,28.15849985763444],[-16.58751424359817,28.15878796661409],[-16.587490477707973,28.15902135277295],[-16.587619738591787,28.159251999390136],[-16.587550753479636,28.159402255592457],[-16.58776479752657,28.159573914572654],[-16.587563313761674,28.16022847095385],[-16.587624155313176,28.160484107024423],[-16.58785083009266,28.16088622998818],[-16.5877582485399,28.1612827493511],[-16.587998124082596,28.161520731963428],[-16.58802231862442,28.161676496229546],[-16.587923534870594,28.162010904311963],[-16.587580237055068,28.162451421926075],[-16.58755407582998,28.162621894383484],[-16.587342842019673,28.162999879430437],[-16.587331908243414,28.163122260827915],[-16.587419237656892,28.163234261452256],[-16.58793159713708,28.16354061843788],[-16.58819459478645,28.163970947009037],[-16.58845070492065,28.16410786621333],[-16.588234727304684,28.163868046158044],[-16.588208833051965,28.163728276219317],[-16.588317461580544,28.163236409412324],[-16.58850880455785,28.162849538291095],[-16.588601962440737,28.162861724617304],[-16.58871227224668,28.16300782555633],[-16.589144533926575,28.16299820727104],[-16.58956291969821,28.163186670074012],[-16.58969786553141,28.163325173832582],[-16.58981932205743,28.163377824446368],[-16.589894819704444,28.163311335157932],[-16.589901574978764,28.16312073598031],[-16.589932721328946,28.16307900311683],[-16.590148576338425,28.16344746624017],[-16.590512315875188,28.163748652801814],[-16.59051994586792,28.163541527470002],[-16.59047025154621,28.16339021152875],[-16.590512020944875,28.163274204606548],[-16.590624096733077,28.16316766972298],[-16.590684313884847,28.163149100493666],[-16.59120252669333,28.163421686141053],[-16.591264400683325,28.16341185178842],[-16.5911675015362,28.16322254729392],[-16.591011767595816,28.163090152894465],[-16.590770286191134,28.162565258272377],[-16.590802152992673,28.162378789695733],[-16.590993125014315,28.162187855474695],[-16.5911860295744,28.16207252922386],[-16.591462434397652,28.162046303268934],[-16.591854151545814,28.16214617138161],[-16.59206500079828,28.162266281685582],[-16.59241701074135,28.161953980484963],[-16.592579348753816,28.161872130000795],[-16.592640028686027,28.16191239844981],[-16.592695236838107,28.16206455195143],[-16.592848320624427,28.162141741427327],[-16.592983264944095,28.161736748207648],[-16.593166204113334,28.16166386304934],[-16.59339816287309,28.161689683803022],[-16.59434071754031,28.16244242052639],[-16.594462082475403,28.162681166269092],[-16.594856204210746,28.16311456644714],[-16.59493769315698,28.163433783863603],[-16.594944623014005,28.163720476635593],[-16.595015250208732,28.163895734287113],[-16.595192778284943,28.163967347552248],[-16.595422333555657,28.1639667129804],[-16.595635680072434,28.164151679099774],[-16.59599089277135,28.164316309502173],[-16.596090112458945,28.164496648354945],[-16.596329347527913,28.164507947946124],[-16.59643385292556,28.164766463707732],[-16.596630252353435,28.164756322055627],[-16.597016662475756,28.16506020456972],[-16.597169099570856,28.16510707209706],[-16.597268796907958,28.16522544696614],[-16.59740073722941,28.16526704798106],[-16.597461609390493,28.165595619407515],[-16.5973921682868,28.165894114061338],[-16.59767945907772,28.16671457526971],[-16.597677819160374,28.166870160374632],[-16.597986673336294,28.166991464005665],[-16.598372108544506,28.167344053158207],[-16.598376973720253,28.16766657206661],[-16.598415988287456,28.16771514106789],[-16.59853052636951,28.167784768450606],[-16.598898154771746,28.16785795676647],[-16.599011744683924,28.16811171615221],[-16.5990146375044,28.168335017832888],[-16.59922086642931,28.16853275024627],[-16.59918849246558,28.168693802437637],[-16.59922053979685,28.16877305671025],[-16.59963164913609,28.168877070271968],[-16.599794601812597,28.169107310360484],[-16.60028719964592,28.169302452955755],[-16.600390799237577,28.169516915119296],[-16.600770488666317,28.169487197324894],[-16.601116355642368,28.169532719206053],[-16.60143848661289,28.169456760115718],[-16.601845270689864,28.16958870503872],[-16.601975980776107,28.16967987265014],[-16.602576620710117,28.169722608280615],[-16.60276467241653,28.169897994066503],[-16.60317787634449,28.170054561474405],[-16.603365464703334,28.1702240403652],[-16.603658615746102,28.170312961018467],[-16.604244415788852,28.170638628356258],[-16.604651601727582,28.170678928164723],[-16.605777258588134,28.171184069278862],[-16.60593003069095,28.171204813115626],[-16.60636889279183,28.171133980256243],[-16.605918405287305,28.16942137426716],[-16.605844834251,28.16854308449469],[-16.605537171589475,28.16672556292843],[-16.606211804933146,28.166413830161854],[-16.606935694974336,28.16578521356698],[-16.607335214868623,28.165527063750787],[-16.60772373488653,28.165383407976115],[-16.6079307854344,28.165170917786273],[-16.608276181252933,28.16507266671029],[-16.608769622811742,28.164820738116266],[-16.60946082812093,28.164832516216435],[-16.609710619663186,28.16478493297425],[-16.609969975090834,28.164641525749666],[-16.610226337728403,28.16438533960974],[-16.610569903921174,28.164337283882595],[-16.610956190138165,28.164499929874715],[-16.611303872395162,28.164892455738567],[-16.611509492361677,28.164826309949873],[-16.61165869826725,28.16493786392843],[-16.61204250051581,28.164934546591233],[-16.612529712285113,28.16512154985027],[-16.612874433449367,28.16513006197281],[-16.613179136379006,28.16599973966205],[-16.61323142361424,28.166006018826952],[-16.613314848438222,28.165767062613103],[-16.61337737790513,28.1654166039852],[-16.61480205662369,28.165790145452736],[-16.616564458634333,28.166484587773848],[-16.61761837728137,28.167110665133496],[-16.617945691261795,28.167226380147984],[-16.618306601870472,28.166931056728853],[-16.618681679342146,28.167048461740798],[-16.62000402592915,28.16768262799008],[-16.621642283803496,28.168202482913664],[-16.62222633947752,28.1685131156647],[-16.622028847283637,28.169256753121868],[-16.621861283975907,28.170502660354387],[-16.624616760159938,28.170380706588443],[-16.624914743043533,28.16979493763706],[-16.625008710958,28.169434219404355],[-16.625107243456476,28.169254263768178],[-16.62564360028601,28.168720184220827],[-16.625953060895977,28.168677250799345],[-16.625994589548448,28.168615116577378],[-16.625983843716426,28.16848031974019],[-16.626168516212385,28.168304033473103],[-16.626303836456312,28.168086727688593],[-16.62646463422047,28.168011985628954],[-16.62664131610779,28.167836064426723],[-16.626689996871306,28.167600473913076],[-16.626630330433645,28.167209468652562],[-16.626697723599317,28.166964748109855],[-16.6269666221743,28.16680108804413],[-16.627046109247626,28.16666314337231],[-16.626951112192412,28.166146144195007],[-16.62736133630107,28.16592493914529],[-16.627502027962727,28.16571298345846],[-16.627678455152434,28.16522452670474],[-16.627902640583663,28.165160428239783],[-16.627989556729283,28.165223445685495],[-16.628149630011997,28.165217580511854],[-16.62826707021866,28.165157015902423],[-16.628513755361674,28.16457735495522],[-16.62897723685848,28.164091592546885],[-16.629256834814235,28.163709232438816],[-16.629247215235495,28.163411691899128],[-16.629463095212735,28.16313512294812],[-16.629666554291806,28.162966370270762],[-16.62983907685453,28.162651924194837],[-16.629914274741353,28.16260702308184],[-16.63010697315519,28.162633465153288],[-16.630422689674123,28.162182235976818],[-16.630534301799855,28.162092885858577],[-16.631011185614998,28.162239730183217],[-16.631345208946303,28.162206239643528],[-16.631497375101212,28.16232122894833],[-16.63151300636172,28.162466201467772],[-16.631640609536372,28.162674459187986],[-16.63190690374434,28.16274641953169],[-16.631667112883008,28.163360858622134],[-16.631679149867793,28.163658884417064],[-16.631761435263247,28.163993202136393],[-16.631800689763367,28.164012020703638],[-16.631932511193394,28.163782053364443],[-16.63236565646923,28.163510652201698],[-16.63297083362944,28.163230429628143],[-16.634606499316536,28.162847657538496],[-16.635166606959956,28.162910914637344],[-16.635930531946517,28.163653124335806],[-16.63620573260969,28.16503200818608],[-16.637304780678317,28.1662168659683],[-16.637553468609212,28.16636931340578],[-16.63772887280963,28.166370916134408],[-16.63784080752721,28.166317770228655],[-16.63793830130169,28.16613897976923],[-16.637835971811832,28.16545190959174],[-16.63785375767459,28.164700493997156],[-16.63802372435254,28.164461687996717],[-16.638920838954096,28.163656960212876],[-16.63913939713607,28.16330101711149],[-16.639118643597442,28.162527121679503],[-16.63930451995722,28.161308884203606],[-16.639391649002388,28.161178312336727],[-16.639586134389493,28.16107488831114],[-16.640307480529916,28.16092408435324],[-16.64039850933399,28.160815579854134],[-16.64042825228373,28.160662159493313],[-16.640840841209435,28.160686930305346],[-16.641375550225124,28.16097373644219],[-16.641718214576287,28.161633012810857],[-16.641794785534167,28.162000685483793],[-16.641930300486287,28.162300369879897],[-16.642270362868015,28.1627306930977],[-16.64228607630925,28.16284007733165],[-16.642928419784067,28.163410144585516],[-16.643088171312037,28.16361279777034],[-16.64313833581009,28.16377541314618],[-16.643163870159754,28.16427490272198],[-16.643277640851874,28.16406080901498],[-16.643314526527913,28.163788894113704],[-16.643398080541722,28.16364538651819],[-16.643563568445682,28.16360558561504],[-16.643994575546383,28.163767645293838],[-16.64396016608595,28.163461930137455],[-16.64415870036307,28.16324565391039],[-16.64438179749866,28.162131545460724],[-16.644444977810288,28.16200109742705],[-16.644567260181717,28.16191307915855],[-16.644732572606944,28.161928602328597],[-16.644877185864935,28.162002314468644],[-16.64517148351482,28.162301477949054],[-16.645299663687464,28.162346055766072],[-16.645986472630952,28.163226313937685],[-16.646422991506572,28.163907959223906],[-16.64634814483919,28.16278389263709],[-16.64653414310593,28.16255404583226],[-16.64680693895487,28.16128221125664],[-16.64693493570455,28.16113527921091],[-16.64676438755863,28.16091739080503],[-16.646709932423647,28.160553254948823],[-16.646814057080537,28.160297136766612],[-16.64693380013711,28.160236402526653],[-16.6474281558763,28.16045942089164],[-16.64769887932126,28.160356257174072],[-16.6477982126981,28.1602262752347],[-16.64775827815988,28.159899509152822],[-16.64815707174757,28.15996956372752],[-16.648284725292342,28.15988485298311],[-16.64833117092325,28.159792446537953],[-16.648565770297072,28.159715112305737],[-16.6487691884595,28.159562731152548],[-16.648965003335906,28.159552783554478],[-16.64908732219177,28.15972264130277],[-16.64917157210296,28.16031400061573],[-16.64944600062679,28.160633889785238],[-16.64953199981741,28.16096527165888],[-16.649657214436992,28.16099045029814],[-16.649816297269762,28.160854169759258],[-16.64992738188586,28.16084313862109],[-16.65037006005349,28.160999442208684],[-16.65039448040991,28.161324679448846],[-16.650489945635773,28.161612391886475],[-16.65059438591009,28.16172510071898],[-16.650699264262972,28.161714387409504],[-16.650874208665506,28.161565243379496],[-16.651299924708066,28.161509904670975],[-16.65137018475507,28.16128532791345],[-16.651337104898477,28.16076039105399],[-16.651452024844573,28.16069805950897],[-16.651789016407527,28.16068562914288],[-16.65195240249631,28.159931289980396],[-16.652341776755726,28.159460253287627],[-16.652347024500273,28.159329210274294],[-16.652183795821536,28.159079183733976],[-16.652206564550085,28.158931269206594],[-16.65241863472619,28.15875522320505],[-16.65240619506407,28.1585546303982],[-16.65228071374285,28.158155912969796],[-16.65260387031734,28.15775847912133],[-16.65262248903281,28.157417362429037],[-16.652786529673797,28.157272959501913],[-16.652900616126484,28.1573455605442],[-16.65306120285359,28.157725921032693],[-16.65343558843372,28.158860391529007],[-16.653916187428216,28.159707621206035],[-16.65444042068093,28.16011329780628],[-16.654568359235395,28.160304309234224],[-16.654672142919438,28.160635635002784],[-16.654902735936563,28.160656187270774],[-16.654806744998645,28.159566488351434],[-16.654677123133467,28.159176640921434],[-16.65472764369571,28.159098623214273],[-16.654698468281417,28.158943023969154],[-16.654581437449288,28.15870301953029],[-16.65464471512544,28.15842094621061],[-16.654620994052912,28.15807043155916],[-16.654875701694454,28.157847144417598],[-16.655132098740946,28.15776020395302],[-16.65538293606971,28.157470809538722],[-16.655540771706903,28.15714643897742],[-16.655609415902436,28.156631004494315],[-16.655679687280273,28.156512469198315],[-16.655783917018805,28.156483141447325],[-16.656083688637796,28.156548287424183],[-16.656357041675534,28.156398867350976],[-16.65649346631954,28.15574236451838],[-16.656660890146068,28.15546570922582],[-16.65675739080481,28.15550984738201],[-16.657185240601784,28.155957093724506],[-16.657407575312767,28.156440308435513],[-16.657805229764687,28.15578867529651],[-16.657831950341908,28.155632761180744],[-16.657765237183412,28.15527491587901],[-16.657899267374173,28.15455616844848],[-16.657884544158573,28.154168994381067],[-16.65805045473084,28.1542240239627],[-16.658215380776902,28.154439800194094],[-16.658401175269002,28.154562636963345],[-16.658491897201237,28.15468770770679],[-16.658682697238884,28.155181410153556],[-16.659030115724143,28.155378188661963],[-16.659043080887265,28.155915198352496],[-16.659092801451635,28.156128307555505],[-16.659192528828992,28.156315541000733],[-16.659366782753303,28.15643589885854],[-16.65942417794726,28.156420312255165],[-16.65954569062232,28.156204406500787],[-16.65973823840549,28.156038630963394],[-16.66004904055989,28.155855086715878],[-16.660279522992372,28.155805092347105],[-16.660553871640023,28.15535123962957],[-16.660965114918785,28.155216564214395],[-16.661223639904577,28.155294563357966],[-16.661593933520393,28.15517879369446],[-16.6626748938586,28.155275031257716],[-16.66396500890706,28.15573320166427],[-16.66444224264776,28.155703080622875],[-16.664749778352896,28.155513049633697],[-16.66506899495774,28.155152096585898],[-16.665365766206932,28.155096360247306],[-16.665801242558306,28.155269831008304],[-16.665965122594084,28.155255852600032],[-16.66618378904109,28.155136851900096],[-16.666408974268442,28.15492004025143],[-16.666572388800304,28.154613519364172],[-16.66682142844372,28.15448358750223],[-16.668077317640346,28.154023826876152],[-16.668985469724213,28.15389753058417],[-16.6699444761473,28.15345783237925],[-16.670165569049885,28.15318748080969],[-16.670289552648068,28.153142778545934],[-16.67106699837802,28.152391553057864],[-16.67139887083184,28.1521472144936],[-16.67231610091342,28.151729093140425],[-16.67352261499947,28.15102865116508],[-16.673718516333455,28.1511066698709],[-16.67397066342529,28.151311523412936],[-16.67420074487793,28.15155752915747],[-16.67449212475638,28.15212407312051],[-16.67479208040046,28.15235821309555],[-16.674947125215944,28.1521531657999],[-16.675230912060314,28.152355915200918],[-16.67531719803331,28.152371556004447],[-16.6763942031211,28.151940073002557],[-16.67662116255464,28.151926465186577],[-16.676794539290277,28.15198327571733],[-16.677036518820696,28.152175522650474],[-16.67735234595585,28.15232354512309],[-16.677608762652735,28.152710191779857],[-16.677892090540322,28.153340181421168],[-16.678289052668003,28.152781548157616],[-16.67864743998759,28.152557128580856],[-16.678892589128953,28.152045117800952],[-16.67900562157791,28.151915036780334],[-16.679312807630307,28.15178329747457],[-16.679495071803036,28.151593975966033],[-16.679644879872182,28.151536816214175],[-16.679700023063095,28.15169696428026],[-16.679508760678395,28.152921104634686],[-16.679546490144986,28.15354426460096],[-16.67934128804098,28.154496645406038],[-16.67965260270282,28.153634232482972],[-16.67979688047819,28.152931126910175],[-16.680001431960747,28.152380299594228],[-16.680215270208755,28.152021986163252],[-16.68041905865114,28.151359285589525],[-16.68074522356599,28.151182709130545],[-16.681264263193754,28.15069272057282],[-16.681407608472,28.150343302820126],[-16.681741600723583,28.149998096535654],[-16.68192599965954,28.149323664937093],[-16.682578726106918,28.148323665096527],[-16.6826523587677,28.14795738647449],[-16.68262420053282,28.147546800312465],[-16.682881719097438,28.14710883400216],[-16.68279004307998,28.14664992349066],[-16.68286224004386,28.14637360480842],[-16.682954617492065,28.1462177646463],[-16.683546527747914,28.14578319750084],[-16.683683694564596,28.14579858691712],[-16.68415398909054,28.145677106513787],[-16.684774419916902,28.145416797896964],[-16.685079501875347,28.145080116161193],[-16.685267984039868,28.144793106416156],[-16.68534418649275,28.144509066131448],[-16.685598829347697,28.144110966489805],[-16.686195815678325,28.143521539532884],[-16.68636026892401,28.143420087771105],[-16.686480931268434,28.143415506920967],[-16.686483668626828,28.143527183720163],[-16.68625012435494,28.143934871396784],[-16.686050587561006,28.144445394320577],[-16.685977995936803,28.14508332991612],[-16.685963098069568,28.145804063026077],[-16.68604011313438,28.14601655457229],[-16.6862471985454,28.146263878674848],[-16.68663842267086,28.14659223542732],[-16.68689705249297,28.147198187738958],[-16.687093455643623,28.147328886587214],[-16.686855788882184,28.148145581116243],[-16.68685777006632,28.14823884727939],[-16.686929111604133,28.148245703104255],[-16.687211441302242,28.1477170391035],[-16.687395489388592,28.147517487483416],[-16.687485287580248,28.147237782186544],[-16.68730363109845,28.14605387494981],[-16.687509549487586,28.145364831114293],[-16.687697833035433,28.14498892522352],[-16.688354912426068,28.144205254589327],[-16.688506501279633,28.143899761053863],[-16.68874167485789,28.143594536665113],[-16.68898365919691,28.14282474253569],[-16.689066311911937,28.142695524610893],[-16.68923330342656,28.142589336233105],[-16.689347478742974,28.142606799518685],[-16.689419419122878,28.14270459085843],[-16.689432223833013,28.143379668135243],[-16.689048261724995,28.1442723548928],[-16.689475309588346,28.14427012152314],[-16.689666658625853,28.144315115371747],[-16.68980707891237,28.144432755948763],[-16.68992606763959,28.144770281988496],[-16.689869580499828,28.14546686268012],[-16.68994718672441,28.145804077811757],[-16.69006705251863,28.14566626878952],[-16.690151725705505,28.14530646590141],[-16.690216811631185,28.14520814873297],[-16.690437995786063,28.145078132286844],[-16.691000487674764,28.144556960003474],[-16.69154016849452,28.14373654850366],[-16.69173656888086,28.143534167511003],[-16.69189215947934,28.143552606317634],[-16.69194733309371,28.14367497956468],[-16.691704418782308,28.14428975985863],[-16.691700102251158,28.144419356695117],[-16.69199876337453,28.144955014879802],[-16.692088379183655,28.144862774520583],[-16.69213038210916,28.14460779847405],[-16.692334120521394,28.144374767662324],[-16.69244227821446,28.144115571914444],[-16.692749942021422,28.143788823527984],[-16.693144793559025,28.1435199476785],[-16.693397506371173,28.143496274532758],[-16.693513570629484,28.143542455262573],[-16.69347995769884,28.14434017592348],[-16.693629360881314,28.144613669781585],[-16.693962406059722,28.144769590673214],[-16.694005149894608,28.144765759023294],[-16.69405376743846,28.14450826400988],[-16.694171407183063,28.144307728959916],[-16.69452368416614,28.144027020597115],[-16.69476591507334,28.143896285800576],[-16.694935296429957,28.143906563475753],[-16.69512706313271,28.1440006218791],[-16.695318726160647,28.144293644210915],[-16.695333976924104,28.14457733367599],[-16.695495503641272,28.144885872402938],[-16.695487480994494,28.14513162675738],[-16.69540148407464,28.145459971544266],[-16.695378553393223,28.146029965782095],[-16.695573311932712,28.146876799772482],[-16.695551506815477,28.14715722400161],[-16.695459574194846,28.147358263276793],[-16.69497299226933,28.14786485055027],[-16.69485235472519,28.148100800949848],[-16.69424895115099,28.148842413504045],[-16.69406404334148,28.14925961096784],[-16.693983726368714,28.149599209313784],[-16.69404813671383,28.149660504046686],[-16.69433697144006,28.149660216765444],[-16.69436552719644,28.149827365601006],[-16.694013195063775,28.150667825690395],[-16.69392823353226,28.15117362972436],[-16.6939220323324,28.151583057559154],[-16.694115535858113,28.15262927573434],[-16.69411415717808,28.152943322925523],[-16.694223035677965,28.15303170168974],[-16.694343489021797,28.153052647590904],[-16.694446565244625,28.153174742734187],[-16.694596898854165,28.153486903924545],[-16.69463345460987,28.153800472676856],[-16.694586066512326,28.154002945753998],[-16.69441733023204,28.15412839451191],[-16.693776529778624,28.15438866536194],[-16.6937271095752,28.15446217054915],[-16.69372167003461,28.154518318486915],[-16.693947536454843,28.15466410198662],[-16.694057289760078,28.154812458434876],[-16.694034453225385,28.155108856538835],[-16.69377007176506,28.155277946112292],[-16.693229937035404,28.155380734276598],[-16.692788548903994,28.155610765742505],[-16.692714581577217,28.15583671935429],[-16.692850261904645,28.15589797973079],[-16.692948710792212,28.156040646051732],[-16.69319703034635,28.156154814530673],[-16.693309683517846,28.156435859126518],[-16.69293739653684,28.156795051721396],[-16.69280735746571,28.157374644954828],[-16.69283190713255,28.157406315551817],[-16.693624964110885,28.157176116900114],[-16.693686977750723,28.157216187634287],[-16.693554580530627,28.157578504514937],[-16.693669254168597,28.15803985557593],[-16.693877127147818,28.15808491806445],[-16.69390325356654,28.158281951130792],[-16.693810483654367,28.158725444276172],[-16.69402956453627,28.15915750834613],[-16.694087010333117,28.159394982492763],[-16.694311543944334,28.159727451094003],[-16.694844610198526,28.159976647100407],[-16.694994653158965,28.159958803106292],[-16.695119305480638,28.1598560092153],[-16.69512558362296,28.159737365565547],[-16.695356686350006,28.1591410858778],[-16.695476427273622,28.15894905217706],[-16.695518809790983,28.158717147569163],[-16.696043776115598,28.15794844198107],[-16.696468961553325,28.15769429670626],[-16.69661809683241,28.157420240857583],[-16.696536554614582,28.157115009723334],[-16.696587946039905,28.156481476278078],[-16.696675913597392,28.156221778580967],[-16.696917852709774,28.155994206060793],[-16.697158289678114,28.155668894246368],[-16.69716509092283,28.154641200904376],[-16.696565736189054,28.154097386464983],[-16.69643978995676,28.1538947855342],[-16.696372260349573,28.153504799280366],[-16.696541072938672,28.153019534112946],[-16.69650888779821,28.15195148552847],[-16.696628404764837,28.151745844192693],[-16.69685723419077,28.15068818084967],[-16.6969779193658,28.150557386205897],[-16.69743069986107,28.150565385612058],[-16.697495856667633,28.150469871019123],[-16.697326026520454,28.150286559239238],[-16.69711874118858,28.150144224005942],[-16.697035642336267,28.15014155334138],[-16.69688964172162,28.14976399187337],[-16.69699929420085,28.149634859104733],[-16.697069690647933,28.149623021733078],[-16.69706590132504,28.14937757367117],[-16.697311208429696,28.149061099978432],[-16.697536052616474,28.148877888257342],[-16.697668189836158,28.14839983591292],[-16.69764533838456,28.148123397991746],[-16.697947752702884,28.14756688450965],[-16.698133034399774,28.14736100440677],[-16.698174962777145,28.146987314548536],[-16.698059076067914,28.14606797774096],[-16.698535809929105,28.144903298940886],[-16.698732353137494,28.14471457019425],[-16.69900341221723,28.14459012189587],[-16.699111774170603,28.144446148626024],[-16.69933101194357,28.144281369420074],[-16.699503171767635,28.143945240756484],[-16.699637840384842,28.143880486121283],[-16.69976492961013,28.143892843790397],[-16.699861287033862,28.14401586678612],[-16.699851633097648,28.144590195016285],[-16.69997510220834,28.145182328990632],[-16.70004546034224,28.145355212013694],[-16.700180289472186,28.145451359495084],[-16.70013963766295,28.145121598329666],[-16.700176563161282,28.144800359538902],[-16.70045100618605,28.144129075687683],[-16.70049026761642,28.143901630530557],[-16.700761324897684,28.143661344481014],[-16.701063175980398,28.143499381598584],[-16.701515620245033,28.143812630248046],[-16.70158398691833,28.143916126820727],[-16.701634020467964,28.143831167840137],[-16.701733648013775,28.14382473201754],[-16.702316706839586,28.143991885100316],[-16.7024859551199,28.14416494585135],[-16.702718612423485,28.144117688084407],[-16.702954889688257,28.144157023771065],[-16.70312028233332,28.144030992990107],[-16.703274196471135,28.144059168432193],[-16.703432166854746,28.144364230666078],[-16.70342786727142,28.144890948898787],[-16.7032722454717,28.145848708559942],[-16.70327610618866,28.145911230025703],[-16.703313789648462,28.145893244202558],[-16.703504358234238,28.14562274554252],[-16.70382248531987,28.14486483310877],[-16.703880006583216,28.144409110515507],[-16.703788908909242,28.143918207205243],[-16.703844731418158,28.143741103677385],[-16.703728042633745,28.14355925058378],[-16.703374848205335,28.143474061512233],[-16.703169148706333,28.14347339702243],[-16.702921330643978,28.143322314646095],[-16.70290284045449,28.143217386572267],[-16.703111753484897,28.142634823764833],[-16.703486580870358,28.14245495466389],[-16.703528350551927,28.14217477231673],[-16.703446520357375,28.142008035304766],[-16.70345660033248,28.141928274429045],[-16.7036748316198,28.14191551617125],[-16.703984017251443,28.142000737584098],[-16.704316664588532,28.14187137068861],[-16.704718598273203,28.141929246433232],[-16.705275212746265,28.14145903648079],[-16.70532974402003,28.141284086552822],[-16.705440166818725,28.141134746338935],[-16.705422644307642,28.140883022797752],[-16.70527387021357,28.140604939403858],[-16.705004323357812,28.140392344008365],[-16.70491608865374,28.140233479014725],[-16.705255203990454,28.140014014596478],[-16.705471908577042,28.13995592258912],[-16.705801800438703,28.14001620828874],[-16.70589519186229,28.140100285478706],[-16.705859104261226,28.14089347087877],[-16.706259289736625,28.14076544252084],[-16.706698628842656,28.140776594237465],[-16.706759271302463,28.141239744355076],[-16.706830812056328,28.141368567610858],[-16.707382964753283,28.141253975919316],[-16.707681644890897,28.141429758097264],[-16.707732474218258,28.14165461993487],[-16.707631277735537,28.142234619096744],[-16.70818584419887,28.142180812566203],[-16.708386326808103,28.142114376495552],[-16.70873318453336,28.141901848329894],[-16.708885184134996,28.141917073047622],[-16.708978860738064,28.142082218525754],[-16.708980530083295,28.142187366820878],[-16.708605811450266,28.142789645657743],[-16.70855588378991,28.143281157847504],[-16.70862847460404,28.143330945202734],[-16.708795575187686,28.1432347678235],[-16.70895931450214,28.143236642207235],[-16.70934242408924,28.143577560104244],[-16.70943524991125,28.143356384745985],[-16.70984568455409,28.143124016843405],[-16.709999869361486,28.143124998447693],[-16.71021407920961,28.143216634378913],[-16.71047401329711,28.143055724983093],[-16.71077169515366,28.143216116113027],[-16.711252153639137,28.143169395449657],[-16.71204142064963,28.142914780440307],[-16.713007920581603,28.1427354775904],[-16.71325908179454,28.14289114730433],[-16.713324742703954,28.14302287787553],[-16.7133965060561,28.143055980738595],[-16.713799535140534,28.14300353373333],[-16.714091925676026,28.14317111074643],[-16.71438499216988,28.143225001715457],[-16.71486756260962,28.14314989249194],[-16.71505286587468,28.14316484027856],[-16.715290456803032,28.143262419013244],[-16.7156468882956,28.143231257597908],[-16.716077993363637,28.14316405605789],[-16.716403217795815,28.143016901982175],[-16.716679213358713,28.14277779619259],[-16.71705859740511,28.14254039941317],[-16.71822040841758,28.142412309936855],[-16.71979965725343,28.142065723329704],[-16.721216548122314,28.14207796446893],[-16.72134928112919,28.142149768005666],[-16.721620030878185,28.142621794117545],[-16.72163617922833,28.142716676818004],[-16.721502620641576,28.142843195383715],[-16.721611120377485,28.142963998559175],[-16.721647556664895,28.1431885917408],[-16.721078972597514,28.143298424343154],[-16.72086895328859,28.143773223789168],[-16.720545954946584,28.143866373832882],[-16.720595727896534,28.144271794011335],[-16.72043393773916,28.144558830130503],[-16.71963130897842,28.145110217026055],[-16.719008058911754,28.145733280115014],[-16.718809434263758,28.145862165184823],[-16.71870587056344,28.146206173648054],[-16.71876424702529,28.146415548419412],[-16.71859653711864,28.14694129149795],[-16.7182195663566,28.147082475817136],[-16.717372931572562,28.147517729098112],[-16.71665167751355,28.148306380128446],[-16.716480166172957,28.14838776744791],[-16.716234509777845,28.148412387730307],[-16.716255230312388,28.149137030248124],[-16.716715694903115,28.149743204033737],[-16.716672955976104,28.149846638352336],[-16.718211237359352,28.15219236827537],[-16.718021620920226,28.15221979967909],[-16.71787291283381,28.15232221046771],[-16.717621549088285,28.152644282276306],[-16.717432342504654,28.153098067828882],[-16.71735842599508,28.15369442586712],[-16.71725070661688,28.153808731239824],[-16.717055466590526,28.153826611433676],[-16.716959289847484,28.153963640806868],[-16.716992401595775,28.15447332718104],[-16.716923731756403,28.154659115805657],[-16.71653472484813,28.155029298793444],[-16.71627563326691,28.155121620796457],[-16.71642037706513,28.1557194708091],[-16.715844759313615,28.15612310812197],[-16.715730347432554,28.156079164592757],[-16.715550782523753,28.15580318739514],[-16.715340439916236,28.155699238693323],[-16.715222217182838,28.15569341821563],[-16.715170638846214,28.155914874739665],[-16.715105229891275,28.1559790662304],[-16.714056515983792,28.156478787022163],[-16.71394385662346,28.15664581168622],[-16.713769049177575,28.156675931056256],[-16.7135553756696,28.156559774598286],[-16.713324400055388,28.156511908585134],[-16.713067707037286,28.156708584984923],[-16.712880302540796,28.15678727905006],[-16.71222393289687,28.157025692100976],[-16.71175811259663,28.157114344967198],[-16.711595725447413,28.15751238449414],[-16.711418293374635,28.15768169676921],[-16.710982193990638,28.15773580763952],[-16.71065997424895,28.157902884616288],[-16.710528853660964,28.15821573502869],[-16.710537808070512,28.158356203158085],[-16.710635825803788,28.158736964332117],[-16.711827054411035,28.159041974095693],[-16.712080720665224,28.158893927403945],[-16.71296336500503,28.1585715153392],[-16.71339934380324,28.158123555801982],[-16.71361163267317,28.15809442987821],[-16.71415879193172,28.15787893738062],[-16.714356013154898,28.157894780133898],[-16.714806997220744,28.15804819671916],[-16.71482186128701,28.158127853286217],[-16.715175207471155,28.15814875216138],[-16.716175461074016,28.158397742927693],[-16.716417516798213,28.158405142155633],[-16.717674333152896,28.15863727450733],[-16.719235413421693,28.15982827322246],[-16.71937138583948,28.159987213560164],[-16.71966993554999,28.159956855133238],[-16.720189872442145,28.159618045575336],[-16.720414731248777,28.160213701523574],[-16.720664886105762,28.16054189565609],[-16.720919399880376,28.16110742314108],[-16.721004176220188,28.161338502977557],[-16.720875947127904,28.161437058944706],[-16.719921748360175,28.16179136673295],[-16.719747964974164,28.161817780897202],[-16.718900610414284,28.161740572076848],[-16.718461864376533,28.161752134219533],[-16.71790570888855,28.161983279710842],[-16.717530783595553,28.162085586028443],[-16.715726625678602,28.16206539753193],[-16.715156931554453,28.162252028813384],[-16.71484689617966,28.162271001138457],[-16.714541366985898,28.162393151340755],[-16.714277270543306,28.1625662417742],[-16.71419215647924,28.16268564079368],[-16.714168295851444,28.162898347816828],[-16.71436930618989,28.163082961227026],[-16.71436639859327,28.1637112518774],[-16.71441582198328,28.163840473275034],[-16.714568915231492,28.16393673867161],[-16.715219795768483,28.16412094987044],[-16.715456066941915,28.164510768102907],[-16.714845840676468,28.16531571035034],[-16.714880093057882,28.165370140873346],[-16.71566168428122,28.16627515342599],[-16.71582128553646,28.16612527288219],[-16.716191217673714,28.166019233945654],[-16.716459563355325,28.165817288267316],[-16.717445537993544,28.165418744188038],[-16.717783286224897,28.16543514729634],[-16.7191244241292,28.16580347699576],[-16.721324768867504,28.165441961457674],[-16.722326346095258,28.16522677828141],[-16.7233255412006,28.165478994229794],[-16.726152993519385,28.16640502575141],[-16.726882695741946,28.166796805246797],[-16.72740848695209,28.167358725575593],[-16.727800900952474,28.16808386144375],[-16.72863111738518,28.172317474888946],[-16.729438200891487,28.17460918607266],[-16.729207965319077,28.174637363783283],[-16.72852142326655,28.17500058122915],[-16.727759785938304,28.17527700426566],[-16.727200902973372,28.175666481638117],[-16.726918874356627,28.176152910404255],[-16.726848392286957,28.176434749867493],[-16.727175577729607,28.17674931413421],[-16.72716343199729,28.17708362776297],[-16.72746825103962,28.177902389739764],[-16.72751215319813,28.17830575751358],[-16.728080399215088,28.178243867942996],[-16.728245986893036,28.178310537196367],[-16.728461253846135,28.178306745280747],[-16.729006459238747,28.1778199136961],[-16.729157633486363,28.17773516581922],[-16.729625752754238,28.17770137434584],[-16.729852733466597,28.1775477655181],[-16.730204528725444,28.177516335456005],[-16.73039211024329,28.177420720530392],[-16.730404221916302,28.177614428446812],[-16.730742708770407,28.177652132487403],[-16.73077331233238,28.177702627182686],[-16.730732860288196,28.178246691230864],[-16.730599500444686,28.178443429541947],[-16.73076897646623,28.17850921624226],[-16.73121278269125,28.17844543052276],[-16.731226266489635,28.178600919113034],[-16.7310810571316,28.17886374265423],[-16.731084096303718,28.178935451089355],[-16.731489426566537,28.178930523156026],[-16.731594567338956,28.179157600873435],[-16.731893053896755,28.179320503009013],[-16.732211666544917,28.17967675794234],[-16.732171697156684,28.179785226932466],[-16.731640274506088,28.18013091170717],[-16.73161654074288,28.18018637128722],[-16.731754488081755,28.180234505972678],[-16.732166049357087,28.1802348306814],[-16.73227437393565,28.18028139034182],[-16.732334211285366,28.180393253030243],[-16.732250903390565,28.180616659324617],[-16.732290735267313,28.180693632786667],[-16.732377673479142,28.180688489420042],[-16.732679839352667,28.180523338273268],[-16.732896780237684,28.180542260437917],[-16.733134278791788,28.18048249683404],[-16.733627289552032,28.18083885924526],[-16.733634639084787,28.181017916556065],[-16.73356859502792,28.181169836425873],[-16.733326169813473,28.181377624057575],[-16.733075556564685,28.181502785028073],[-16.732934073690775,28.18170609009783],[-16.73363571908025,28.18173327704909],[-16.733854594938695,28.181687637094402],[-16.7339522806299,28.18177853334895],[-16.734262781751905,28.18171204902333],[-16.73477757464491,28.181787443170258],[-16.734870086418546,28.181843595854676],[-16.735032058678396,28.182123548171425],[-16.73527745067066,28.182217552686627],[-16.735393863861987,28.18234032047907],[-16.73567811567039,28.182461591670595],[-16.735669286482228,28.182517801458122],[-16.735401785619995,28.18274823790261],[-16.735915757396537,28.183005739301205],[-16.735961112282766,28.183156418804884],[-16.735417075441344,28.18356318624688],[-16.735387147484268,28.18364432816111],[-16.735676104210448,28.18363039400997],[-16.736056073693163,28.183731002108463],[-16.7361887575367,28.18378644572139],[-16.736208755685706,28.183882531185738],[-16.736082897377756,28.18417328044783],[-16.73606821215686,28.184349927531915],[-16.735866544905505,28.18457775200573],[-16.735767116998467,28.184783432469487],[-16.735747869206918,28.184950056748455],[-16.735812811874233,28.18501879585118],[-16.73580242089738,28.18512019428092],[-16.735493385740526,28.18537382793243],[-16.735723795447132,28.185403692967665],[-16.73600619718255,28.18528824957638],[-16.736098786078063,28.18519449933757],[-16.7362380276712,28.184888536043594],[-16.736603626792245,28.184782206923714],[-16.73685258638054,28.184789588736034],[-16.737038127732557,28.184932830216262],[-16.737095875822263,28.185193453767415],[-16.737046612765898,28.185501795556384],[-16.736905287431984,28.185680645512445],[-16.736893194052282,28.18589593975487],[-16.736677811575817,28.186088824208124],[-16.73673511875443,28.186206230858307],[-16.736721836928997,28.18647909092708],[-16.736638773504367,28.18669965368011],[-16.73673209955575,28.1866810877812],[-16.737443236897974,28.186212991444894],[-16.737791297257065,28.18623183821807],[-16.73800328482052,28.186302706998596],[-16.738086059809977,28.18638121789199],[-16.738163750137037,28.187061499472495],[-16.73758739939,28.187427659650606],[-16.73786595809695,28.187545460290885],[-16.737759574550847,28.188123924886643],[-16.737970656692372,28.188473561055616],[-16.737930493150724,28.18863091194473],[-16.737743199248765,28.18874504355527],[-16.737729498965933,28.188838849130942],[-16.7376217886173,28.188940526676767],[-16.73771661510737,28.18911096404984],[-16.73736529227561,28.18936082514693],[-16.736674011464018,28.189691195774856],[-16.73655628163911,28.18981210504304],[-16.73640336397333,28.189864620007455],[-16.735841167275503,28.190253227801964],[-16.735653166263397,28.190317603250726],[-16.735624701170977,28.190380307155397],[-16.735754831556356,28.190509199508618],[-16.736236856863215,28.1906285917888],[-16.7366477598391,28.190585762840374],[-16.737210980908895,28.190427504124692],[-16.737795145292555,28.19066421531333],[-16.738129845311104,28.190560891164054],[-16.738290074017005,28.190576833253143],[-16.73827101765656,28.190719196761982],[-16.737969566955176,28.19094544902331],[-16.73771217097182,28.191012477445568],[-16.737336555062043,28.19103160491437],[-16.73773617532851,28.191328949714702],[-16.73804785866304,28.19140074505059],[-16.738031769102946,28.191637731234486],[-16.73795449645706,28.191783099280308],[-16.73794906239626,28.191986152511266],[-16.737896539451075,28.192098013245026],[-16.737921879570525,28.192165196402797],[-16.738373863037012,28.19202700853564],[-16.738997176777684,28.19155479384482],[-16.739209275288534,28.191565121070955],[-16.739466710878762,28.191706217546635],[-16.73950895249289,28.191942724038],[-16.739322896739974,28.192312214812894],[-16.73957944092679,28.192418902031292],[-16.73964282769193,28.19252949742636],[-16.739102806330518,28.19295655272657],[-16.739203947051802,28.193025245017676],[-16.739728242320947,28.19311587593605],[-16.739763857474983,28.193227447026075],[-16.739689932939378,28.193440458840087],[-16.739813022895504,28.19359763877087],[-16.739816785295794,28.19368590686886],[-16.739473207488068,28.19407555828403],[-16.739156298386682,28.194569213794313],[-16.73895977262571,28.19470193821284],[-16.738535599275895,28.194871045638166],[-16.738505763997843,28.194947232387356],[-16.738565273047534,28.195005137011712],[-16.73906139675343,28.195127525119055],[-16.739649586785692,28.195135480676267],[-16.740070594628012,28.195494094474682],[-16.740097484192642,28.195625964664497],[-16.73980517837426,28.196094093680372],[-16.739428091203596,28.196308983304554],[-16.739428970725804,28.19656455219927],[-16.739220896812984,28.19667377909988],[-16.739127142731768,28.19679725572778],[-16.739086887545145,28.19687790689301],[-16.73916509566345,28.196983314301924],[-16.739219946294533,28.19729442118166],[-16.73915996678039,28.19748434169663],[-16.73899723070771,28.19763188856863],[-16.73865967332242,28.197558114506506],[-16.738487121396595,28.197451739620202],[-16.737901320831998,28.1972460174281],[-16.737763836950723,28.197141181607627],[-16.737014464881042,28.19699980342521],[-16.736778587133887,28.196901720710756],[-16.736693855426005,28.196688819912293],[-16.736443294463157,28.196331462015273],[-16.736281417191936,28.196229822082188],[-16.736120559565585,28.196222748172094],[-16.735852939618454,28.196360160727288],[-16.735736215426698,28.196512264201345],[-16.73601838798847,28.196815074005922],[-16.73612183731222,28.19712728051747],[-16.73627771193811,28.19738052193537],[-16.736306830958178,28.197549727050234],[-16.73659737946949,28.197815879049788],[-16.73690896677723,28.19790893981979],[-16.737382723239033,28.198152909829854],[-16.737893500734675,28.19895964077192],[-16.738175841673183,28.19921542469676],[-16.73848209804277,28.19936269773044],[-16.739597117637462,28.199587319454025],[-16.739980858760884,28.199612672644665],[-16.74024261814213,28.199503212885247],[-16.740672343490083,28.19922321468052],[-16.74097977382211,28.198914899569953],[-16.741063118884814,28.198909687661793],[-16.741166670374533,28.199019825129973],[-16.741216262224413,28.199244902077496],[-16.74110119336548,28.199385707977463],[-16.740587190347686,28.199619670690925],[-16.740226182622102,28.199915941613433],[-16.739994406847174,28.199996140968334],[-16.739570696109325,28.200006311952112],[-16.739512158406644,28.200046313724627],[-16.74015276507183,28.20024465301232],[-16.740196496976637,28.20029680111813],[-16.74017446970791,28.200345634241447],[-16.73989647058116,28.200528039641355],[-16.73973557126004,28.200707421330527],[-16.739173222646524,28.20077476574906],[-16.738829483010907,28.201030698810012],[-16.73899085200184,28.201100349197787],[-16.739329044747898,28.201030260014882],[-16.739501721588123,28.201043316443734],[-16.739758333918523,28.201175514534558],[-16.739985095652447,28.201188063076817],[-16.740440234913596,28.201011165420795],[-16.740799550554968,28.200968509793306],[-16.740888814360893,28.20107693398977],[-16.74088832313508,28.201266549410352],[-16.74065865426419,28.201596256400595],[-16.74067444482713,28.20165913822647],[-16.740830515490792,28.20172231086381],[-16.74158457599168,28.20176731351262],[-16.741673626127223,28.201862473538387],[-16.741654930563236,28.201965954193657],[-16.741186689986666,28.202396707232893],[-16.741163849719182,28.202608988314992],[-16.74030185503993,28.202592520929716],[-16.740141290785832,28.202660714425292],[-16.73976496136824,28.203055729104342],[-16.73950689457838,28.203242753758616],[-16.739322061599726,28.203284451509628],[-16.738817477052596,28.203277328567818],[-16.73844350572794,28.203352834939764],[-16.73817744668422,28.20343777188185],[-16.738187135400633,28.20351898854099],[-16.738428842419275,28.20362376269958],[-16.739257364492282,28.203780730720272],[-16.73966929102028,28.20365221563797],[-16.73994504608899,28.203708001150527],[-16.74035721110508,28.203644549147803],[-16.740715784243747,28.203813171335604],[-16.740771503151667,28.20408302309662],[-16.741015250034195,28.204131181685277],[-16.741723570090894,28.2041625963208],[-16.742338974967026,28.204118209941623],[-16.742915242135357,28.203953478672023],[-16.743100822933368,28.204102187741928],[-16.743175029177056,28.204261701410665],[-16.743154308630206,28.204384701361434],[-16.742949907043542,28.204764718670656],[-16.74282718876831,28.204823588961812],[-16.742516443715335,28.204840452711437],[-16.74226816834513,28.20490886345998],[-16.74212576433458,28.205054169756178],[-16.741966524568852,28.205135073418557],[-16.74196842863876,28.20529009356895],[-16.741688990288107,28.205579012630174],[-16.741450534559963,28.20571281628673],[-16.74096831969684,28.205810554703824],[-16.74081095649493,28.205925636825402],[-16.741235249938413,28.2061132753593],[-16.741552594092067,28.206195241135475],[-16.742404019529328,28.20621779062185],[-16.742475934397586,28.206305136195596],[-16.742430258640937,28.206428453906856],[-16.74210941108023,28.206620344258297],[-16.741599281980275,28.20664290372724],[-16.741341777065795,28.206575969640195],[-16.74091356590161,28.206724822338707],[-16.740554140367422,28.20694409371224],[-16.740389002479954,28.20711387378407],[-16.740199695024234,28.20745182064922],[-16.74009534171801,28.207537799841973],[-16.739886894626775,28.20788293879617],[-16.739755420393696,28.207980182589086],[-16.739736124203304,28.208065621218253],[-16.73889850752503,28.208412171055866],[-16.7394135610297,28.20829055774906],[-16.739815786195795,28.208291579388366],[-16.740038318977316,28.20818685998282],[-16.74040562755243,28.208170725868477],[-16.74046049763938,28.208243579082605],[-16.740387503414233,28.20841011109977],[-16.74039387932239,28.20855830585312],[-16.740492837971317,28.208805587084573],[-16.74082073820858,28.20847634481625],[-16.740936314571254,28.208435345745066],[-16.741500568498836,28.208413994617242],[-16.741849411878828,28.208145129354957],[-16.742069653359753,28.208225803207796],[-16.742637461089082,28.20829167099315],[-16.74278509112793,28.20841785066462],[-16.74294518692444,28.20825138091765],[-16.743253056766605,28.20823879413733],[-16.743417289496826,28.20808246905087],[-16.743599166863078,28.20800894607435],[-16.743748084634753,28.207881965583685],[-16.7440098003608,28.207837837553697],[-16.74445470384053,28.207913747904012],[-16.745062840780463,28.208122944894573],[-16.744952494220655,28.208454205001658],[-16.745048382764647,28.208668671896614],[-16.745022613218392,28.20876926494859],[-16.744615331015364,28.208921020972156],[-16.74417055910145,28.209016488525513],[-16.74382664686455,28.209206150166203],[-16.743430220820322,28.209562354167833],[-16.74338856490766,28.20985790232215],[-16.743495976243636,28.20988496108225],[-16.743699209630837,28.209721099255102],[-16.7440569939584,28.209701647205744],[-16.74470847539207,28.209869230432624],[-16.744823969184882,28.210036248228953],[-16.744910408905923,28.210076749413343],[-16.74536476633795,28.210069328240554],[-16.745533479546282,28.21014469746532],[-16.745598357061116,28.210350264143763],[-16.74556508738866,28.210841631676107],[-16.745710025513276,28.21100231657703],[-16.745154349093784,28.211439162895857],[-16.745175210334168,28.211487810536653],[-16.74548891647911,28.211570444656484],[-16.745579235564325,28.21164266275044],[-16.745539030544613,28.211738927746143],[-16.745317995072455,28.21188569205594],[-16.74520159589963,28.212107397643354],[-16.74640965529208,28.21198700338833],[-16.74684309231808,28.211839239613127],[-16.746986399335288,28.211949586143973],[-16.74698844977075,28.21223203247859],[-16.747126722146515,28.212665165709442],[-16.747081962301,28.212800746653585],[-16.746974128051328,28.21287937525376],[-16.746479888827633,28.21305995355419],[-16.74609068443628,28.213321765124775],[-16.745965876503785,28.213434271714334],[-16.74587154307091,28.213616420744813],[-16.74594072443391,28.213641709240672],[-16.746480931028906,28.21353093835655],[-16.747133053125822,28.213754995387205],[-16.747159814796824,28.21382179714731],[-16.747098842104606,28.2139628195061],[-16.746876261246218,28.214240102970773],[-16.746876782877358,28.21432222088671],[-16.747340726798814,28.21433308048262],[-16.74745970473666,28.214406916488965],[-16.74741347903588,28.214709021540543],[-16.747299646050443,28.214888622961748],[-16.746915395990907,28.21499190032844],[-16.746258678880377,28.215393762719586],[-16.745644878408456,28.21542786007524],[-16.74535334673894,28.21551912010185],[-16.745447919210683,28.215608340510755],[-16.745632884176462,28.215673845464643],[-16.74569946280721,28.215808365886755],[-16.74687485189694,28.21620641777089],[-16.747218652375253,28.216509496809177],[-16.747991566540833,28.216779746344635],[-16.74804147480752,28.217010230328565],[-16.74835840964205,28.217402452424245],[-16.748389694162626,28.2175028580615],[-16.748327662579154,28.217603915159252],[-16.7480419615281,28.21774558146454],[-16.74857729037453,28.21817342934213],[-16.748620588026526,28.218273230072743],[-16.74856619332815,28.218461548430568],[-16.748422805456865,28.218584492728027],[-16.747745432778892,28.218463556721634],[-16.747280858830138,28.21844638985372],[-16.74674178571623,28.218509319338807],[-16.746543413147453,28.21860318257709],[-16.745889077064493,28.218119602331925],[-16.745630769118442,28.218124163088547],[-16.745370415703537,28.218059349685234],[-16.745185400453586,28.218135081388958],[-16.744854763220037,28.218090115681484],[-16.744251737027973,28.21826151570224],[-16.743879576814525,28.218288372202025],[-16.74378163474242,28.218368045544786],[-16.743719914884398,28.218582627220755],[-16.74336370175847,28.218688064507006],[-16.74301049849371,28.21896628521796],[-16.742845185408328,28.218994383145763],[-16.74229034918253,28.218915176822232],[-16.741416401055663,28.218967550822214],[-16.741193380001913,28.21882996631858],[-16.74096750621522,28.218397220149175],[-16.740732589983168,28.218416220236502],[-16.74064643926599,28.218358069668092],[-16.74055577120858,28.21857415566595],[-16.740578624804236,28.218932190136577],[-16.740626098395204,28.219007212818354],[-16.74084453983188,28.219132582974527],[-16.740884246768275,28.219218714540805],[-16.740857357725275,28.219300910755845],[-16.741103963800406,28.21940381145362],[-16.74115127419856,28.21950013427122],[-16.74109807012815,28.21966849034158],[-16.740766093567814,28.220125214329805],[-16.740928779177406,28.22007946391005],[-16.741475749856463,28.219667471816205],[-16.741898087268392,28.21966209307218],[-16.74242975675072,28.219883012840988],[-16.74257585582167,28.219901366583446],[-16.743867674917535,28.219681212789514],[-16.744290249828033,28.21954631947291],[-16.74443011997093,28.219551303913324],[-16.74473570242427,28.219759485593606],[-16.744973066163016,28.220033063462086],[-16.745351758632715,28.22028841230236],[-16.745461701913207,28.220464163468375],[-16.745871318722585,28.220572284613603],[-16.74619166588179,28.220829639292564],[-16.74615698570757,28.220927458339055],[-16.74596843208759,28.221017675871796],[-16.74570739031432,28.22138064169214],[-16.745563389233425,28.221447547772158],[-16.74517300860922,28.221451086297662],[-16.744865747170188,28.221622414859883],[-16.74487460979431,28.221666161699762],[-16.745861582255806,28.221977550541837],[-16.746139632743564,28.222002247643633],[-16.74752862559193,28.22166674607893],[-16.74765427440441,28.221705480622315],[-16.74789978638,28.221953138278863],[-16.74789355118727,28.22204572081205],[-16.747832344744843,28.22206626714593],[-16.74678170634009,28.222284308001043],[-16.7467676235645,28.222343030921245],[-16.74627790287323,28.222753771287472],[-16.74571069304879,28.222948636395774],[-16.74564715778079,28.223013973879645],[-16.745724404285085,28.223077423913043],[-16.746223988536332,28.22309089948112],[-16.746596031336725,28.223012055505855],[-16.747183433700105,28.223006085805117],[-16.747411183223065,28.223126452643207],[-16.74745948101697,28.2232266409857],[-16.747410561876148,28.22346362213132],[-16.747111713664992,28.223601096004217],[-16.746790202265263,28.224186482262276],[-16.746378064901922,28.224456439938162],[-16.74638630046362,28.224524200261797],[-16.746570861747273,28.224651527488682],[-16.74652231024748,28.22476730237742],[-16.746038936352054,28.225080404407503],[-16.745991133738944,28.225354913475005],[-16.74605802396996,28.225814858875722],[-16.745905406788076,28.22612274385706],[-16.746335669206605,28.22570139277749],[-16.7466243302115,28.225206944504524],[-16.74696296617738,28.22512852604257],[-16.74711296185416,28.22487265554902],[-16.74740748567405,28.224682171815225],[-16.74780262633461,28.224244659833918],[-16.748012708217463,28.224149742391447],[-16.748169035640156,28.223976275316126],[-16.74846331341891,28.22403351956989],[-16.74888222910716,28.223836027397745],[-16.749145647541066,28.223869117777312],[-16.74918820604596,28.22391089904605],[-16.75118347972803,28.231654656546798],[-16.75113230053667,28.231786593610092],[-16.750683540617285,28.232249186451146],[-16.75044318417328,28.232409798302946],[-16.751925258253163,28.233917441184634],[-16.753011678325663,28.23487778752699],[-16.753437083443963,28.235161147332946],[-16.75448737383214,28.236059159987654],[-16.75486968867137,28.236605621625138],[-16.754995706557743,28.236882314433494],[-16.755204954999428,28.237040437787705],[-16.7553648310678,28.237101421965452],[-16.755537829244687,28.23709499492784],[-16.75600273337968,28.236813781655307],[-16.756154121792715,28.23679082758295],[-16.756374707170263,28.237072973288694],[-16.75688047679113,28.237114800950177],[-16.756885032081392,28.237537058734695],[-16.757168070457155,28.23730019744068],[-16.757354337682045,28.237234775037084],[-16.757972184851436,28.23728362285274],[-16.7583470367445,28.237150634067213],[-16.759038939172633,28.237263591984966],[-16.760165928567385,28.23698042260689],[-16.76191842459397,28.236446259040584],[-16.762408208566743,28.236381114060897],[-16.763216399090158,28.23642333282968],[-16.763695953546133,28.23623197069675],[-16.76424246264383,28.23615558270368],[-16.764448823818412,28.236159227533143],[-16.76461549032662,28.236227657685113],[-16.764927045611678,28.236174361326874],[-16.765523564276872,28.236318118508247],[-16.765835361764825,28.23653260395718],[-16.766018795579207,28.236527590143904],[-16.76633371213985,28.236355438288122],[-16.766656968213265,28.236309747968793],[-16.76700350761792,28.236042635221693],[-16.767624808828124,28.23569489009393],[-16.767882212847514,28.23563062748354],[-16.768309813240087,28.235677620198402],[-16.768453704304974,28.235631637612574],[-16.769318459407486,28.234934281261502],[-16.76954377354727,28.234569415602532],[-16.769959972335432,28.234469161204075],[-16.770444935572513,28.2341802313445],[-16.770602811116223,28.234205007785867],[-16.77085379537407,28.233960908637776],[-16.771250319562125,28.23371481520041],[-16.771343565279054,28.23395028595112],[-16.771512825144047,28.2341293967531],[-16.77178253137227,28.2341094768268],[-16.77145020208013,28.234798298519323],[-16.77146582049161,28.234929494139017],[-16.77171837567504,28.235148045623703],[-16.77179398357936,28.235295881159566],[-16.77210596068224,28.235428830600775],[-16.772266312184783,28.235340025614878],[-16.77239364955334,28.235337652776167],[-16.772412982213282,28.235483871139643],[-16.772315078013612,28.235775010119827],[-16.772471378564,28.235909615865975],[-16.77266580068951,28.23583525921159],[-16.772888297081465,28.236029019548244],[-16.773064928568594,28.23604965116711],[-16.77318100350094,28.236173406807357],[-16.773087803261205,28.236385339669443],[-16.77322775634151,28.236572679575513],[-16.77311063612857,28.236700001416096],[-16.773134930495733,28.236739484703598],[-16.773415132218688,28.236762291979645],[-16.773540666079644,28.23689720527911],[-16.77343105570534,28.237108900026715],[-16.773541479094106,28.23726052431632],[-16.773433090913276,28.237545509870912],[-16.77319371360493,28.2376936131008],[-16.772941625620227,28.237935222020944],[-16.772936994954616,28.237994122344166],[-16.7731588994704,28.238108653891924],[-16.773353073758567,28.238351784072933],[-16.773401596571585,28.23835277900492],[-16.773538592255736,28.238207149870448],[-16.773762545180396,28.238408470260048],[-16.773957763862885,28.23837588512986],[-16.774190510419313,28.238141745083443],[-16.774260382863105,28.238152028665606],[-16.7743302119478,28.238486024323883],[-16.774515950395816,28.238520975030475],[-16.774573556645223,28.23859052864417],[-16.774519697003413,28.23878426350189],[-16.77434429647453,28.23901684753748],[-16.774450744754116,28.23940216878765],[-16.77478359232366,28.239729951897317],[-16.775008170082316,28.239734796967202],[-16.775021033128944,28.239791574987265],[-16.774848288371714,28.239999939315307],[-16.775039748523245,28.240318727957572],[-16.77498685494827,28.24042924385801],[-16.775035026495253,28.240495129410824],[-16.775306233946978,28.240608024235595],[-16.77469871865531,28.241004962551393],[-16.774741487619956,28.241156922514136],[-16.774518864057054,28.24137495866583],[-16.77455181735665,28.241617291832327],[-16.774479828554476,28.24192253497997],[-16.77428508445649,28.242125769538827],[-16.774624924365742,28.242419890491032],[-16.77499004005484,28.2429355964445],[-16.775090454855796,28.243171548298037],[-16.775038586203316,28.24341787066279],[-16.774537129177343,28.244152574546234],[-16.774547509375694,28.244219402075533],[-16.774672391177038,28.244271206067342],[-16.77468598975439,28.24440314917458],[-16.774520530202455,28.244694986126962],[-16.774799045132923,28.245217772773113],[-16.7751506196458,28.245278274041738],[-16.775241596165714,28.24554719763237],[-16.77542708602296,28.245812456776665],[-16.775708609700207,28.245944348337996],[-16.775908109594404,28.24596639325569],[-16.77600226742487,28.24608889649568],[-16.77618043941587,28.24612150615196],[-16.776219336624937,28.246273244995812],[-16.776429802643055,28.246428078390217],[-16.776519384295202,28.246588002394702],[-16.776525181022446,28.246802440843275],[-16.776471404864818,28.24706882290285],[-16.77637334334845,28.247245805694057],[-16.7763743266098,28.24737890517326],[-16.77647003354622,28.24761933886692],[-16.776673853311078,28.24764971924265],[-16.776691912381846,28.247847663779233],[-16.776648354768426,28.248029623656105],[-16.776739807849147,28.248148641852314],[-16.776870412482868,28.248170317447173],[-16.77687347604699,28.24853947225727],[-16.776960300129478,28.24864356969662],[-16.77705099657072,28.24867388609497],[-16.777266844455973,28.248581375146742],[-16.77739480923339,28.248615899417587],[-16.777482420071845,28.248742818397975],[-16.777443919721463,28.248971550140034],[-16.77779294945095,28.248976124990488],[-16.77781873565753,28.249240389465093],[-16.77790291752459,28.24937556508318],[-16.77782705695761,28.24956381145752],[-16.77793831901915,28.249672644035872],[-16.778052073331697,28.249667554235806],[-16.77855017288888,28.24997097577414],[-16.7785958995216,28.250226858386778],[-16.778357453861496,28.250272015927383],[-16.7783204146965,28.250484304130556],[-16.7785272312163,28.250670316028874],[-16.778729114333725,28.250626626770114],[-16.77876042178227,28.250744440867443],[-16.778726823788002,28.25094910373445],[-16.77896874766555,28.251088813229302],[-16.778872690006715,28.25134960967612],[-16.778966281618114,28.25160938126617],[-16.77884128978864,28.25164367721703],[-16.778677172461958,28.2517952599718],[-16.778815292809764,28.25219568622835],[-16.778777818111028,28.25240012880702],[-16.778862555716426,28.252458046301275],[-16.77916304960555,28.25243599495467],[-16.779241872931454,28.252536675309944],[-16.77920809295976,28.252607596835162],[-16.778851839419453,28.25288685177455],[-16.778854818256285,28.253502106557082],[-16.779037588486748,28.253602155766057],[-16.779228264603052,28.253603699387927],[-16.779493671494617,28.253916241114887],[-16.77949393201004,28.253967483542674],[-16.77979438602277,28.254094787378357],[-16.780035380647362,28.254260858415556],[-16.780577538945177,28.25480203564729],[-16.780929651170396,28.25506141465527],[-16.78104997446709,28.25521151536728],[-16.780974629064215,28.255501496620102],[-16.781166854606624,28.255875675212845],[-16.781596767874138,28.255833521078223],[-16.781549215474264,28.25595876992062],[-16.78136636106455,28.25608695592595],[-16.781491820210775,28.256270503735337],[-16.7818937567603,28.256611263374264],[-16.7819542493805,28.256804411706845],[-16.782301817551883,28.257149660323204],[-16.782386225972065,28.257353452235076],[-16.78238866190428,28.2575096531487],[-16.78249991314883,28.25759989108531],[-16.782577882885686,28.25776766871771],[-16.782732606623245,28.257863548161367],[-16.78289681762945,28.258215889042173],[-16.782932172529556,28.25840497890689],[-16.782925400836582,28.25849475303882],[-16.782825076083796,28.258597515900707],[-16.782824777847758,28.258729629870334],[-16.78305127555624,28.25894233339841],[-16.78315094152956,28.2593308200979],[-16.783286005697796,28.25943458110525],[-16.783493754229827,28.25943501897683],[-16.783611865784934,28.25948534110582],[-16.783658444555215,28.259628538855125],[-16.783561714925572,28.25974645262217],[-16.783861920727716,28.259807555077952],[-16.783900573341615,28.25988178249955],[-16.783830810033976,28.260137221044207],[-16.784153364253545,28.26029103776589],[-16.784059766831792,28.260447689352045],[-16.78407876490717,28.260663650801515],[-16.784026711796944,28.26085579479127],[-16.784240245791306,28.260984935824936],[-16.784406126492485,28.260854458763834],[-16.784480662856335,28.260870884530902],[-16.78440734045159,28.2611885577774],[-16.78450714200353,28.261344930694825],[-16.78454635782554,28.2615452682081],[-16.78451549574154,28.261758216831925],[-16.784415327332475,28.26191571254396],[-16.784720309824497,28.262138903062162],[-16.784628078210545,28.26223136382391],[-16.784574073608983,28.262455010991516],[-16.784623508339394,28.26268134995993],[-16.78453913205206,28.262903940896955],[-16.784698692881477,28.26299470986053],[-16.784790020794166,28.263112207241626],[-16.78496451737682,28.263137100311976],[-16.78516651482706,28.263550942443075],[-16.78508095385182,28.26367918880913],[-16.78505550800861,28.263858694047002],[-16.784921846091592,28.263973445444815],[-16.78477633002978,28.26402277944437],[-16.784887554889142,28.26420201520138],[-16.784917333349195,28.26445367185717],[-16.78513438713811,28.264684615857092],[-16.785174932697597,28.264792127534577],[-16.785082853695755,28.26486938935447],[-16.784818978182564,28.264952460405777],[-16.784719037234577,28.26509621807127],[-16.784778542841206,28.265290658991393],[-16.784980938401635,28.265584451875927],[-16.784949302685472,28.265648244399546],[-16.784722864683445,28.265770497925118],[-16.784775807645666,28.265966233839045],[-16.78502843710275,28.2660087865947],[-16.785152866992252,28.26625481135054],[-16.785332348790977,28.266423110331925],[-16.785199734801388,28.26667608585045],[-16.78519023667252,28.26715675624366],[-16.785076337496367,28.26752109322825],[-16.785215182590886,28.267691917704916],[-16.7850410433939,28.267839939216138],[-16.78488522117065,28.268072362083448],[-16.784955693282242,28.268237844228366],[-16.785100230789087,28.268270717918675],[-16.785189384524188,28.268206751263403],[-16.785327355255678,28.26778526323515],[-16.785707438453706,28.26719788942281],[-16.785715141410527,28.266886596516393],[-16.785902678145394,28.26673283995784],[-16.786426230305544,28.266440494993766],[-16.786665149163465,28.266083356969936],[-16.787126165249497,28.26590602346909],[-16.788438200163686,28.265751815949447],[-16.789786614596,28.265744606080062],[-16.789819141322763,28.26586815511643],[-16.789974707738295,28.265872474152726],[-16.790175273770963,28.265852888971303],[-16.79039239121649,28.265749059459395],[-16.791384762074077,28.265747474924673],[-16.79202692823189,28.265613431586857],[-16.7931602748638,28.265564302826927],[-16.793886968780388,28.265855052114716],[-16.794993094190378,28.26574286850874],[-16.795297099168376,28.26584015546775],[-16.795646028610207,28.26584768931535],[-16.795835227596655,28.265944164768282],[-16.795818583891297,28.266177034774685],[-16.796024744044303,28.26638224858266],[-16.796025053801177,28.2664882280448],[-16.795904351770144,28.266758293299205],[-16.79599462188538,28.266876220676657],[-16.796563233886403,28.267206864019],[-16.79702837494048,28.2673690253652],[-16.797115063794056,28.267502430906053],[-16.797034194007697,28.26764833767556],[-16.797112521632595,28.267780950750957],[-16.7971246128712,28.267908009759086],[-16.796848380100638,28.268279842324823],[-16.7966840404659,28.268963532610318],[-16.7967243519296,28.269276187887233],[-16.796679527400077,28.26984689887243],[-16.79653991828081,28.26995733615089],[-16.795747936986537,28.270195094403572],[-16.795319676702306,28.270434241323215],[-16.795320459662953,28.27048093271991],[-16.79558758490455,28.270692258275425],[-16.795620461083097,28.270766548788885],[-16.795591030496464,28.270897700380317],[-16.79454351909327,28.271303778775135],[-16.794558449920213,28.271565112089586],[-16.794200992685838,28.271625850002675],[-16.794149702247957,28.271710595802176],[-16.794125434226626,28.272149919527255],[-16.794221077592713,28.27219536489094],[-16.795040297828475,28.272007134832986],[-16.795031539533237,28.272113403523154],[-16.794673681274382,28.272480485335187],[-16.794352254396188,28.27275888103782],[-16.794098556479042,28.27285747606848],[-16.793605091095564,28.274253645912193],[-16.79361171817419,28.274332802850786],[-16.793719527073613,28.274405775842816],[-16.79345966184309,28.274743743937364],[-16.793329959676043,28.27499466707284],[-16.793375028628954,28.27523329622721],[-16.79328670779812,28.275555104719114],[-16.793296796887194,28.27567601759924],[-16.793717951081444,28.276015041706245],[-16.793762459577124,28.27610152531802],[-16.79366335517395,28.27644103726592],[-16.793706970634652,28.27663359730247],[-16.793573639530916,28.276912598351334],[-16.793737625729488,28.277101474821187],[-16.793622235869993,28.277356758586805],[-16.79343028608032,28.27744645579903],[-16.793313531134444,28.277655010459977],[-16.792930039111223,28.27791605192922],[-16.792783792773136,28.278133837328156],[-16.792708025203964,28.27836239317252],[-16.79235383340009,28.278600667798933],[-16.792104744547135,28.279021715911114],[-16.792114929875346,28.27927261618885],[-16.792300417584116,28.279151067885813],[-16.792591693494717,28.27911552384653],[-16.792921515447592,28.279227961888562],[-16.793136771937448,28.279234954349974],[-16.79376051660381,28.279374827647807],[-16.793994500206765,28.27957703384025],[-16.7942661756692,28.279600023731952],[-16.79450587522854,28.279719886809637],[-16.79482641299503,28.279685776405955],[-16.795129203132564,28.279792716378395],[-16.79466630626972,28.279972990654755],[-16.79465034397877,28.28002843018607],[-16.794715678601708,28.28013598254858],[-16.794640644628604,28.280264637810053],[-16.794142761371177,28.280514443468437],[-16.79399748140302,28.280687753859002],[-16.793949046447278,28.28087923064478],[-16.793786205673634,28.281091152596712],[-16.79327341659336,28.281259696142076],[-16.792249294017797,28.281813039075537],[-16.792117081488477,28.282094875895886],[-16.791898425630922,28.282302862564396],[-16.79134997836503,28.28257439412317],[-16.791263268155102,28.282740941204345],[-16.791042847569937,28.282884478861405],[-16.790921956976707,28.283026223556156],[-16.79047217210524,28.28330840616692],[-16.790270451421524,28.283516231494712],[-16.789904913638413,28.283760135962314],[-16.789692234007656,28.28387301318756],[-16.788929318902753,28.28376783054953],[-16.788946217862314,28.283644424977947],[-16.78886824382623,28.283516667103974],[-16.788915980538004,28.2833480690427],[-16.788882896891458,28.283258916405646],[-16.788800091022576,28.283220807818175],[-16.78866145096142,28.28324501361014],[-16.788523508878395,28.283509820909416],[-16.78830441150772,28.283635865564307],[-16.787463919861057,28.28364127488589],[-16.786965575534992,28.2836981899716],[-16.78659814033855,28.28364700988738],[-16.78640789318528,28.28346539927219],[-16.786028297688897,28.283442370667736],[-16.785276608754586,28.283088251374593],[-16.78503668264472,28.283102587273287],[-16.784936611240337,28.283165487531786],[-16.784278801261404,28.283134890923986],[-16.784122975568916,28.283265706468942],[-16.784112577050823,28.283400226096695],[-16.78423378193786,28.283846573295307],[-16.78398791335938,28.284161320261383],[-16.783880125634433,28.28444880491989],[-16.783725613228,28.284572311116612],[-16.784219350269538,28.28475044766599],[-16.784309560502553,28.28489329080557],[-16.784262827670652,28.285066928075718],[-16.784049293486127,28.28524831285741],[-16.78382289426025,28.285223105199954],[-16.783608175872104,28.28508399082654],[-16.783502881579377,28.285080808773348],[-16.78324379258863,28.28513601121353],[-16.78290296964142,28.285293291580373],[-16.78266194647344,28.285102592180664],[-16.782405546482632,28.284980814596796],[-16.781856641991812,28.28508520841128],[-16.781375006588938,28.28498964199592],[-16.78111660148639,28.2848416267875],[-16.780904756868505,28.284515374529697],[-16.780188771161967,28.284501544670935],[-16.780052194647627,28.28433871814034],[-16.779990496075445,28.283996148979952],[-16.779582474995493,28.283838177566405],[-16.779236967797544,28.28354953671713],[-16.779042516690613,28.283290314286795],[-16.778927158417055,28.283234791250955],[-16.77876540869947,28.283268457010898],[-16.77861630003458,28.283430295502352],[-16.77848309836908,28.28396283405878],[-16.778285158736647,28.28401322376823],[-16.778141180742047,28.28396122234259],[-16.777574030630976,28.28341465468958],[-16.776612214215547,28.283162401285587],[-16.776255882052133,28.28286036561244],[-16.77549671511488,28.282729347554064],[-16.774946698604897,28.28294226581245],[-16.77477442092595,28.282866154057633],[-16.774461650715292,28.282567463967947],[-16.773707505820116,28.28257128720202],[-16.77331500128759,28.28226422640891],[-16.77303511993177,28.281832968614705],[-16.772592737458016,28.281553554536995],[-16.77253403971085,28.281338278222655],[-16.772181245644237,28.281348569479093],[-16.771739598194213,28.281570807645213],[-16.771273272625358,28.28123592815399],[-16.77015917300954,28.28126407328056],[-16.769725083479305,28.281312331321917],[-16.76838663113567,28.28164006926087],[-16.768123284799326,28.281650845944302],[-16.767864617936176,28.281776973858715],[-16.767766731448365,28.28190260431122],[-16.767690882402846,28.28225660029776],[-16.767490772609047,28.282689444275583],[-16.767210209727143,28.283146504470512],[-16.76687548123683,28.283571542005117],[-16.766286807421572,28.284087311567202],[-16.765684373162816,28.284428740025735],[-16.764771552229757,28.28469906639028],[-16.763976753605732,28.28478393288132],[-16.76318543804977,28.284732560309823],[-16.762598448871664,28.284584049750475],[-16.761679802310212,28.284712916861025],[-16.76110360887637,28.284516556712926],[-16.760810537490144,28.284753205803792],[-16.76044893086525,28.284749818290642],[-16.760004419550736,28.285037737247873],[-16.759809330864964,28.285285737681686],[-16.759569188780276,28.285984986867707],[-16.759607907422755,28.286035702300353],[-16.760023248464226,28.286049770249697],[-16.760132071431087,28.2861725725178],[-16.76011976302434,28.28648349180342],[-16.76001207861941,28.28677946846565],[-16.760021297374223,28.28705788355855],[-16.76008602205347,28.287241700703305],[-16.760472244727247,28.287896678296022],[-16.760507089728016,28.288058255869384],[-16.76046802575162,28.288094735749283],[-16.760254851727577,28.288122766576546],[-16.759378170731843,28.28802380371748],[-16.758244813171444,28.287719871832483],[-16.758060580655716,28.28771206435589],[-16.757820902857315,28.28779336601579],[-16.756748029259576,28.2884884381688],[-16.756621559004113,28.288674816174176],[-16.75622349564147,28.288864254521716],[-16.75597582696488,28.289095012387428],[-16.755715820312037,28.28925926401848],[-16.755147818962747,28.289270456280132],[-16.754897755861684,28.28934053356113],[-16.753459566614048,28.290025646920345],[-16.753135544347057,28.29092445865015],[-16.752751197319775,28.29105589071412],[-16.75233969425532,28.291449076018605],[-16.75166728993338,28.29156683868689],[-16.751356909575012,28.29194748815177],[-16.751225809216177,28.292261645684377],[-16.751652337162565,28.292711445642425],[-16.75176880341314,28.292994162156187],[-16.751785857684467,28.294177407498005],[-16.752594625469595,28.29437879789492],[-16.7527851204347,28.294500521301508],[-16.753226760772105,28.295016037106105],[-16.755759027468567,28.297494747886127],[-16.75633540242243,28.297859154195912],[-16.756901299551828,28.298776527763717],[-16.75709234701905,28.299712351226223],[-16.75808350000397,28.30731170948755],[-16.761599303365823,28.33243407263058],[-16.761719200126002,28.332573994596334],[-16.76202306069136,28.332771175123877],[-16.7621421836614,28.33302912710534],[-16.762089658944003,28.333252535307473],[-16.761778323636165,28.333343053922544],[-16.761579814844662,28.333458063833532],[-16.761512967233873,28.333554073806337],[-16.761479632078114,28.33375560974245],[-16.761586148184957,28.333937209351777],[-16.76161435087056,28.334266167015013],[-16.761490561967857,28.334514314971315],[-16.761311327518527,28.33469137090797],[-16.761040353869742,28.334829289682098],[-16.76053016530445,28.334728340035216],[-16.76008710764148,28.334218759191973],[-16.76001819689704,28.33447851619212],[-16.75981384480967,28.33485029110035],[-16.759449538739666,28.335340229394102],[-16.759094289394795,28.33562124567917],[-16.758949891826127,28.336059428944775],[-16.758226649355155,28.335942411199884],[-16.75819196157084,28.33526827673405],[-16.758090387389004,28.335100376595424],[-16.756675362640234,28.33515019440963],[-16.756646183216283,28.335662711032175],[-16.755603106110925,28.335459552966377],[-16.755189930261203,28.33580328977024],[-16.754780925912492,28.33638160902233],[-16.75475277323791,28.336666243337962],[-16.755275186247747,28.337557459768934],[-16.754650715699306,28.33790391432325],[-16.754874079277247,28.339198313601063],[-16.754698939657423,28.339674353753562],[-16.7553310663098,28.34070403731311],[-16.75505392346672,28.341199439730364],[-16.754947814315706,28.341221110377575],[-16.753958997494536,28.34178207025329],[-16.75359772522938,28.341910803245625],[-16.753383473178378,28.342276794571266],[-16.753277777647103,28.34228492187825],[-16.75294397893092,28.342165125981325],[-16.752248566071618,28.342095098649217],[-16.752082062339852,28.341894186433137],[-16.752146205121107,28.341121766521866],[-16.752259352563566,28.340790918046885],[-16.7524250382161,28.340495492441356],[-16.752432187281446,28.33955233892702],[-16.75249960677459,28.339057380451564],[-16.752239656845074,28.338503456718865],[-16.751599665781026,28.338157465421737],[-16.750842340916737,28.337167724056517],[-16.750641434039753,28.336617551027814],[-16.750337100678777,28.33627175671008],[-16.749009521679064,28.335298345507823],[-16.748655081914247,28.335142704716926],[-16.74830838938328,28.33481775371709],[-16.747367758406867,28.334173272619065],[-16.74669154362956,28.334513585513072],[-16.746399797075842,28.334487991564156],[-16.746081646706543,28.33464096960021],[-16.745114430501786,28.334806765212964],[-16.744867085925282,28.335001701109704],[-16.74474077247186,28.335425214175736],[-16.74399423480984,28.335734827799993],[-16.743584736630815,28.335798722783704],[-16.740630069341005,28.33554993254171],[-16.740710533417698,28.33381844800499],[-16.740801084343282,28.333135938683753],[-16.73970991616764,28.332482043091048],[-16.738288483791184,28.332019607062648],[-16.73718836119288,28.331264278101173],[-16.735698334928237,28.330482315466025],[-16.733202534816314,28.330453133745028],[-16.73108234263571,28.330786891893723],[-16.730117298017486,28.331105971121843],[-16.729259434910198,28.33194259858455],[-16.728858708038324,28.33406394316244],[-16.728711466793193,28.335620293693676],[-16.72794754342388,28.335528447269994],[-16.725328967778612,28.335049450771393],[-16.723645037866444,28.334515728494726],[-16.719711489761792,28.333410230022857],[-16.717082976347996,28.332288193581164],[-16.713483630766028,28.33166112055953],[-16.70856646100287,28.331438523130693],[-16.707512496400067,28.33200222355438],[-16.705087082770966,28.33203256297657],[-16.704350444057788,28.33187030068711],[-16.700269280823477,28.3327266831131],[-16.69172853380768,28.333220936825327],[-16.690409184209084,28.333074849263646],[-16.689397452189827,28.333373917405705],[-16.68892674396317,28.333217302109087],[-16.685733129163488,28.33334931077577],[-16.68455992711173,28.333354780026],[-16.673346383183915,28.33675975550336],[-16.671279573084153,28.340525845718016],[-16.666188734059528,28.347437908372505],[-16.66550251300796,28.34789527193329],[-16.664153652982947,28.3473386698461],[-16.65670299970208,28.34955697980598],[-16.656684764932923,28.349737696356335],[-16.656444403184544,28.35014898647245],[-16.655973672982796,28.350711982590333],[-16.655900531190326,28.351155083644493],[-16.65606018270117,28.351746521916862],[-16.656289308287295,28.35221302568387],[-16.65655965210926,28.352521095121034],[-16.65726680535083,28.35309910991629],[-16.657619006462856,28.35401760835806],[-16.65802042406472,28.354389510273805],[-16.658426427991614,28.354666595352313],[-16.658998361405498,28.35540417794838],[-16.659402226723053,28.35630173647091],[-16.659457126763932,28.357248665333323],[-16.659837110540124,28.357799060542],[-16.659897155994237,28.35846164722445],[-16.660166005876984,28.358753933374885],[-16.659849048667557,28.359037559563664],[-16.65867677606622,28.35983923577897],[-16.65844618880401,28.359711182593067],[-16.65562692381641,28.360641157030763],[-16.655244243003203,28.36036829346482],[-16.65437281676573,28.359417736656],[-16.653187012467026,28.358423606491236],[-16.652773490622614,28.3580112258553],[-16.652488365582936,28.35757246950172],[-16.65234800221528,28.357258304519895],[-16.65187547506323,28.356720289452266],[-16.65056904749095,28.35577723217639],[-16.649813626121354,28.355396054904013],[-16.648775124808992,28.355160436965242],[-16.648372693008795,28.354989320239316],[-16.6479980439902,28.35475920548189],[-16.647093605646592,28.35397595535377],[-16.64672256342268,28.353524686429576],[-16.64642588190569,28.35326429483775],[-16.64513352530162,28.35322800229212],[-16.644089043488037,28.353078155170678],[-16.643744446332246,28.352955963143252],[-16.643046092597277,28.353027554082217],[-16.642369792917563,28.352667942474785],[-16.6409383968271,28.352421202156986],[-16.640570506961893,28.352172935227703],[-16.64015851218245,28.352290701731537],[-16.640128264955845,28.352189536715606],[-16.639725475821955,28.351993579758332],[-16.638868951802678,28.351979059551546],[-16.638652712803022,28.35184854284937],[-16.637217734782535,28.351367161168444],[-16.636818201719386,28.350904924706278],[-16.636229225052215,28.35066606800447],[-16.63475249495811,28.350246077931875],[-16.634077302153855,28.349976658465657],[-16.633003440612022,28.35061223529872],[-16.633257299579665,28.35132666689078],[-16.633332915347367,28.352038720770146],[-16.63334711302887,28.353674296486343],[-16.634330328055803,28.35398740707449],[-16.63470277685232,28.354429669563043],[-16.634686320669875,28.354770553030303],[-16.634036797943107,28.355179942800493],[-16.63385822881384,28.355448314482242],[-16.633525813851406,28.35551772754655],[-16.633192258863943,28.355512698855858],[-16.63179708661353,28.354967610549448],[-16.630722071089046,28.354989497713678],[-16.62972674339321,28.354593026366793],[-16.62851387289572,28.35473161016075],[-16.62794132728433,28.354566976286755],[-16.6273617396353,28.354630300639062],[-16.626735233026505,28.354439231240004],[-16.624968975756527,28.354268516332922],[-16.62439172269514,28.35448522224829],[-16.623802398043225,28.35439071305737],[-16.623533297545347,28.35432623155722],[-16.623105959750387,28.35410795510251],[-16.6223930119043,28.353556901217146],[-16.622034752005973,28.353178808761985],[-16.62204828798432,28.353121646890116],[-16.621614407986353,28.352890249014926],[-16.62121052294854,28.352788432613803],[-16.620857525497158,28.352618143293604],[-16.620173541090917,28.352035822670665],[-16.620154539223893,28.352141566867104],[-16.620224614612027,28.352474120697043],[-16.620108389168678,28.35264834545905],[-16.619706108440745,28.35280395702522],[-16.619411849318876,28.35274151686623],[-16.619321707932887,28.35276312800286],[-16.619071439861916,28.353102780772392],[-16.61888315831991,28.35323880970806],[-16.618709983744083,28.353259077915872],[-16.618696021426487,28.353195456109155],[-16.61895834782658,28.352843594601946],[-16.61913715111005,28.352501839588644],[-16.619220389834407,28.35243276769742],[-16.619436459841467,28.352373417239725],[-16.619426816845806,28.35232419297546],[-16.61908398144404,28.352329175996505],[-16.61867303418956,28.352620314203957],[-16.618500670292597,28.352689929352152],[-16.618432280649646,28.352667935383813],[-16.618437577671337,28.35253424167919],[-16.618687175852987,28.35215306566077],[-16.618982763719586,28.351546787048303],[-16.61898215015319,28.351467348653685],[-16.618779427621472,28.351552396059848],[-16.618428463170243,28.351850591734987],[-16.618200436113373,28.351969068865294],[-16.61802176311841,28.351985195824497],[-16.617999091531885,28.351847050839012],[-16.618266218185447,28.3516227359261],[-16.618710368407697,28.350531251763982],[-16.619193356824987,28.35019342998017],[-16.619667996307612,28.349344710141175],[-16.619791969208805,28.349228757384076],[-16.62007006405445,28.349134916373778],[-16.62008506005997,28.349011937181697],[-16.61999437070794,28.348999251764425],[-16.619573688481026,28.349152094016407],[-16.618946610379723,28.349748150035033],[-16.618753492937902,28.349796361195164],[-16.618418939555976,28.349765731222263],[-16.618163920967437,28.350106043390625],[-16.617891369266182,28.350331622719896],[-16.617303059012333,28.350469137401856],[-16.617236585281265,28.350397763164057],[-16.617296022769114,28.35024652373329],[-16.617706293272843,28.350079976753186],[-16.617940669097027,28.349808535271592],[-16.618030972112724,28.349546763006927],[-16.6180521856438,28.349096279738866],[-16.618132589682443,28.349020013272423],[-16.618387912405133,28.34894813260326],[-16.61842473108122,28.34853656873613],[-16.618610426310674,28.348325340153664],[-16.618602933405068,28.348283301112772],[-16.6184665634072,28.348264577767356],[-16.61803067743926,28.348569880980882],[-16.617704002609194,28.348521692560748],[-16.617484177630033,28.348642471665066],[-16.61686954775093,28.34845891251065],[-16.61663621953659,28.348669539352304],[-16.61642024378363,28.348775822358856],[-16.616218406866214,28.348789829814997],[-16.615874535893177,28.348730415361963],[-16.615666069171112,28.348879936532324],[-16.61554119623237,28.348898978424597],[-16.6154417866675,28.3488526944702],[-16.615490308038396,28.348698597843484],[-16.61565466146191,28.348555655304015],[-16.615938299826542,28.348426235162115],[-16.616103991208128,28.348072609113647],[-16.616585585038752,28.347941879277286],[-16.61718255167139,28.347543023013465],[-16.616979534981933,28.34750660562657],[-16.616655146435672,28.347604391522385],[-16.61556354623507,28.348057218222507],[-16.615121130249165,28.34812906257022],[-16.614581977130275,28.34802578648468],[-16.61444458696427,28.34815333701675],[-16.614329350144114,28.34817948357944],[-16.613895242625084,28.347967727751826],[-16.61364421343085,28.347927595846627],[-16.613351692129907,28.347784493399168],[-16.612405200555255,28.348501883913343],[-16.612037366498488,28.34852653888329],[-16.609612945972557,28.350281184664304],[-16.608334040989128,28.350923504117777],[-16.60642455210496,28.352202727535406],[-16.605856229049245,28.352527548985417],[-16.605016394762657,28.352860076992823],[-16.604724663679118,28.35292217252366],[-16.604521749765727,28.353208844137832],[-16.60409558593936,28.353574853644904],[-16.603850837758543,28.353920678191397],[-16.602994271198764,28.353883371013957],[-16.602347793144435,28.35369693527248],[-16.60253551359076,28.354096336107407],[-16.60286850825767,28.355082902030222],[-16.603123907638718,28.355555280390263],[-16.6029242581326,28.355759112301442],[-16.602726561528456,28.35622396138004],[-16.602059548758618,28.35719746278082],[-16.601360497754595,28.357566670718438],[-16.600639251930293,28.358114377127162],[-16.600077447121357,28.358366900053984],[-16.599765517700323,28.358316411495643],[-16.599786448604846,28.35867039241686],[-16.59957965130468,28.359507620366184],[-16.599350548712604,28.361430351279623],[-16.598994370201968,28.361980534748614],[-16.59902184520402,28.36249463046949],[-16.598766208688733,28.363158701158564],[-16.59809463816185,28.363662944341307],[-16.59758850119379,28.365356529399616],[-16.597587525584927,28.366610998618757],[-16.598304553285562,28.367159878510563],[-16.59901006761916,28.367620896955685],[-16.599589848402974,28.36822327266074],[-16.599871632694178,28.36862157197401],[-16.600580215904692,28.3699444202638],[-16.601229015738102,28.370555002478625],[-16.601822238998224,28.371884764808676],[-16.601584260901934,28.371915838460946],[-16.600997520385103,28.372168659769944],[-16.600212209067376,28.372299718460415],[-16.600035972095988,28.372430347834833],[-16.59961477126269,28.372566088551658],[-16.598963942013103,28.37291819602349],[-16.59821155649639,28.37287470902615],[-16.59741939505774,28.37269613478085],[-16.596637549359272,28.372800007957093],[-16.596207896657308,28.373043412544355],[-16.59604634042414,28.372914996790836],[-16.595479677730218,28.37336117027026],[-16.594579548918592,28.373121788408415],[-16.594500654218205,28.37277049429617],[-16.59455918782781,28.372599393375374],[-16.594386072764685,28.3724933500047],[-16.594136736062353,28.372475484286387],[-16.593846094491088,28.37236665837828],[-16.593696298401746,28.372405818561358],[-16.593546722065717,28.372951918504242],[-16.593341540806183,28.373142847199514],[-16.59320831815658,28.373124974129766],[-16.593169191711947,28.373039965931817],[-16.59305068836657,28.3729964975494],[-16.592413706027834,28.3731426542895],[-16.59169775084919,28.373029543133917],[-16.59110331990701,28.372622151968468],[-16.590487083058044,28.372319069468062],[-16.589959467750287,28.371745647573064],[-16.5891621594095,28.371102627748783],[-16.588947255431265,28.37102625584889],[-16.588837357969346,28.370889004970827],[-16.58880929264527,28.370799624724718],[-16.588859644328494,28.3707069838484],[-16.589307548057135,28.37056783214843],[-16.589567488327578,28.37035253529913],[-16.589591679937676,28.37005885396678],[-16.589758293666346,28.369750244869905],[-16.589774262672822,28.369568929049937],[-16.589260270746635,28.36977825422249],[-16.589118485926885,28.369692185484343],[-16.588966433258598,28.36880546656015],[-16.589118202514722,28.36859143164102],[-16.589271405057453,28.368163480851127],[-16.589254656902334,28.367724344300775],[-16.58941473250571,28.367072387530264],[-16.589502359907055,28.366970530538023],[-16.589597223613048,28.36668881320275],[-16.589959164660772,28.366215459657006],[-16.58998130901098,28.366039820575118],[-16.58992253048723,28.365751131976797],[-16.590103076645264,28.365569259031883],[-16.590275722888663,28.365190184804785],[-16.590290973282332,28.365049705865548],[-16.589964106664134,28.364387084543157],[-16.58959933197537,28.363838897816507],[-16.5896169101749,28.36304209550776],[-16.588796930098596,28.36305834199178],[-16.588348797530138,28.36291645325818],[-16.587993207495664,28.36289719208869],[-16.58719093282973,28.363341182413485],[-16.586986758562777,28.363590973848293],[-16.58684679163216,28.363923574779854],[-16.586753228055038,28.36395974375083],[-16.586534118877513,28.36314690291508],[-16.586426527890385,28.362903959171337],[-16.585952730115157,28.362171947814957],[-16.585935478449265,28.361913341204446],[-16.585699556016362,28.361772364039904],[-16.585273866210198,28.36101716486602],[-16.58467647217957,28.360493346416927],[-16.58458156039923,28.359806065283784],[-16.584387056611977,28.35955518610601],[-16.584388875853836,28.359114406106613],[-16.58426353492715,28.358516508984128],[-16.58435499297343,28.358275627001568],[-16.584589925008597,28.35799479372049],[-16.58457771187574,28.3577144953874],[-16.584454434888087,28.357554995835603],[-16.583948063063296,28.35717298890844],[-16.583783489219474,28.356794978781586],[-16.583974413887653,28.35652695874077],[-16.58443908686182,28.356231011013573],[-16.58443273212419,28.35592883126798],[-16.58431576955141,28.35556163980098],[-16.584350965327115,28.355045582907728],[-16.58442790427149,28.35470654305031],[-16.584607067030426,28.35435513323361],[-16.584649346673633,28.354173953882754],[-16.584655474892593,28.354063146865265],[-16.584518242016863,28.353803082216626],[-16.58451524692477,28.353665288404258],[-16.58456194916436,28.353371110759106],[-16.584672523918776,28.353113932983497],[-16.584490001342385,28.35283911540924],[-16.584524423907112,28.352486093548706],[-16.584406977979786,28.351910873959334],[-16.584175166576397,28.351696057710424],[-16.584139113918546,28.351568268478665],[-16.584168433992186,28.35142191354918],[-16.584019611718425,28.35123572550091],[-16.583887947024884,28.350571702687866],[-16.58371740005354,28.350253740908027],[-16.58328908661904,28.349890849775733],[-16.58315947058629,28.349620975070884],[-16.583155464275066,28.34955240503484],[-16.58370735301224,28.3484885361683],[-16.583635365391114,28.347905829169783],[-16.58347674530426,28.347658420617172],[-16.582886236077616,28.347566823451352],[-16.582575630805028,28.347384948094128],[-16.582685406521794,28.34695147892508],[-16.582604118880095,28.346616893279297],[-16.582433594676335,28.346370614241764],[-16.582289454844016,28.34592499285065],[-16.582346434438964,28.345527658613946],[-16.58227437989264,28.344958326130126],[-16.582433859717145,28.34466316513826],[-16.58244725244003,28.344534404352693],[-16.581981706831755,28.344203626646145],[-16.581577795488975,28.344181236727987],[-16.58076278322788,28.344296729367056],[-16.57933692580429,28.343848464842104],[-16.57889858080993,28.34356699842266],[-16.578727457020655,28.3433771993378],[-16.578497799570528,28.343260277126628],[-16.578038692807958,28.343342302377884],[-16.57615228119139,28.342919638253736],[-16.572886278626584,28.34260988394473],[-16.568749441408265,28.342650763355127],[-16.56703546560081,28.34285322398188],[-16.566267007950966,28.3427311894347],[-16.566010908672215,28.342788280288005],[-16.565009914368456,28.34267793355057],[-16.56474963790959,28.34273281373797],[-16.564495346820024,28.342956843222023],[-16.563795665877148,28.34337324854822],[-16.562537667483582,28.3434982239243],[-16.56078178868538,28.34384548654068],[-16.560581966993734,28.343958329445698],[-16.56039726849576,28.344233448887774],[-16.560356372552683,28.344554304024847],[-16.560084680252256,28.344679249789763],[-16.558931081189893,28.345078260382227],[-16.5574080131072,28.345522093892793],[-16.55657982703024,28.345851937058367],[-16.555695034398617,28.346126014842245],[-16.555834067019568,28.346762947447502],[-16.55603942940172,28.3468982355166],[-16.55630802661985,28.346953832857587],[-16.556457649075167,28.347245437609853],[-16.55658509828534,28.34735002658019],[-16.556655170101237,28.347586132873236],[-16.556778858860255,28.347760708289087],[-16.557307167361614,28.348289406842333],[-16.555869032680775,28.348680360685425],[-16.55439141124777,28.34918456224653],[-16.55335778083277,28.349879984812844],[-16.551991917696245,28.35046411291074],[-16.551985083051942,28.35058602825861],[-16.551460978711425,28.350718342638118],[-16.55051667712131,28.351135209055087],[-16.54959033378287,28.35103292701001],[-16.548668018805106,28.35120811196107],[-16.547899824006716,28.351480816379432],[-16.54612035858068,28.351643149584227],[-16.54569095148687,28.351887180987383],[-16.544565809241483,28.35210299398588],[-16.54375302250993,28.352247574031008],[-16.541186789611682,28.352569918016655],[-16.538969803715204,28.35299206043275],[-16.536500291674017,28.35383442113737],[-16.53610067080064,28.35448872659808],[-16.535360438449295,28.355135585755452],[-16.53522142491429,28.35551169019239],[-16.535524391738708,28.356514569915856],[-16.535689781996503,28.356796995679748],[-16.535167377115783,28.35705106750589],[-16.533936794045292,28.357500376635986],[-16.53335241993178,28.357791239065556],[-16.530377754229107,28.359525836173244],[-16.530180298237294,28.359740188747036],[-16.529757178007504,28.360049532567555],[-16.529528074249434,28.36008143460166],[-16.529071400333258,28.360007588370436],[-16.528519719506743,28.36004536268538],[-16.528108479526257,28.360004847714],[-16.527016719449406,28.360423208312177],[-16.526426950528002,28.360874296962933],[-16.525399854041375,28.361088857216302],[-16.524847622163918,28.361311636624606],[-16.52434088117649,28.360947276567657],[-16.524049500009184,28.360481231439287],[-16.523743890022505,28.359509941330934],[-16.52169847278956,28.359704263785176],[-16.520752003292735,28.359714825010215],[-16.52086822996655,28.359950436410234],[-16.52067962196789,28.36085504690251],[-16.520867962479173,28.3613628619719],[-16.520894424243238,28.36163106238584],[-16.520197011934638,28.361936668488347],[-16.519875676159657,28.361985376832852],[-16.519702251260025,28.361964747611662],[-16.519624534035543,28.361724193466593],[-16.519523365636786,28.36158317639108],[-16.519516488374407,28.361100411981642],[-16.51940882309052,28.360727071716266],[-16.51881502904457,28.360539649553488],[-16.51769215950896,28.360813881976835],[-16.517085057121065,28.36078905167974],[-16.516787016625415,28.360726936294935],[-16.51655251915102,28.36076113292712],[-16.516328277372953,28.360686914189802],[-16.516078269028682,28.360504680719846],[-16.51569319922146,28.360420968032034],[-16.51542156413554,28.360466856952396],[-16.515296626625847,28.36040281390704],[-16.51445566962497,28.360457284128284],[-16.514256455291846,28.36039406523674],[-16.51394969862709,28.360593767717344],[-16.513631360429322,28.36065145309857],[-16.513784056356897,28.361121318074527],[-16.513536837239833,28.36115790709739],[-16.51297802537595,28.36105355290129],[-16.511842091846997,28.36126245076146],[-16.511215155628136,28.361165613604626],[-16.511276782102964,28.361284512819832],[-16.51069687868204,28.36153687397689],[-16.510643862131808,28.361485567232897],[-16.509920142991145,28.36148907254758],[-16.509931525867387,28.36157242853858],[-16.5062411193048,28.362872254934878],[-16.504304282911974,28.36378712683377],[-16.502601279987346,28.3640789188525],[-16.502349075624945,28.36204202516628],[-16.501678723040047,28.361918547162364],[-16.499992250167157,28.362273299703848],[-16.49819384960359,28.362183421165938],[-16.4979530532128,28.36195926619651],[-16.497429195348833,28.361672490402864],[-16.49700582191615,28.361667284823564],[-16.496433695049685,28.361381035127245],[-16.495986593846286,28.361007943105008],[-16.495883682561498,28.360818434741244],[-16.495488885396206,28.360996969130046],[-16.492559741406264,28.362700312520055],[-16.49271423644721,28.36289990261164],[-16.492793173098416,28.3632432918305],[-16.492721347523535,28.363408008643777],[-16.49267424515766,28.36401506645468],[-16.49249789036428,28.364656325506825],[-16.492475972573928,28.365237810951946],[-16.491648294741818,28.366526129343203],[-16.491375610307085,28.366570200056994],[-16.49143762005499,28.367028526313014],[-16.49112764286589,28.36739256424323],[-16.490685657662798,28.367594114995132],[-16.490223078602483,28.367648352245613],[-16.48997976924461,28.36788566020548],[-16.490156972405117,28.368222830978965],[-16.491033647410443,28.36862306936298],[-16.490671050470844,28.369200791262106],[-16.491537163750262,28.369744600173618],[-16.49149077002114,28.3698096196138],[-16.49157017377924,28.369939528497063],[-16.49211698637899,28.370620972257814],[-16.492245498901415,28.371136830858447],[-16.492335951477695,28.371296875644347],[-16.49287134259298,28.371735084126268],[-16.49316289720512,28.372324361923898],[-16.49293777249006,28.372303651657607],[-16.492813365304478,28.37234372308468],[-16.49243684841631,28.372251891605103],[-16.492026396886285,28.37243809728525],[-16.49180066170019,28.372459087860666],[-16.491696093495815,28.37237320320284],[-16.491381071264623,28.371805351779912],[-16.490940760198313,28.37148350500182],[-16.490696137883347,28.371411705473022],[-16.490386863433223,28.37141870686149],[-16.489995054099502,28.371768490495626],[-16.48987616972527,28.371827036477168],[-16.489662569125336,28.371826943528855],[-16.489405330516018,28.371601446360412],[-16.489018775181346,28.37148601499669],[-16.488864616557578,28.37150517175297],[-16.488686906999547,28.37160908781869],[-16.488260295801823,28.371458857704035],[-16.488030211537087,28.37123248370108],[-16.487698594234644,28.371171727600455],[-16.487552352111948,28.371025456116485],[-16.487031029461882,28.37073599616975],[-16.486207072390997,28.370469825138976],[-16.485864034593433,28.370478222241463],[-16.48564192792854,28.370870032746105],[-16.485553821482938,28.37094355515894],[-16.48546103663059,28.37095300494046],[-16.485364164214573,28.370844829524607],[-16.485355697965577,28.370742495556694],[-16.484977847734022,28.370324778096588],[-16.4845215998823,28.370169082772666],[-16.484159289666646,28.370105773181606],[-16.484057859893365,28.370024108094977],[-16.483699842299373,28.3700499820565],[-16.483358409089416,28.370180988929423],[-16.483027533244147,28.37021495912718],[-16.4827559911679,28.370161524389584],[-16.48223519013533,28.369853330798225],[-16.48079900231557,28.36997564595561],[-16.480441647073558,28.369936848033337],[-16.479711470981773,28.369711648525627],[-16.478191153958107,28.37007633546666],[-16.475540354598113,28.37004455376259],[-16.47474416373711,28.370884324673337],[-16.474632232735697,28.370946717281956],[-16.474276729253507,28.370935689690658],[-16.47387219829354,28.370989784411876],[-16.47309838361164,28.371474209249357],[-16.472189055485465,28.371396454305586],[-16.47177179471388,28.37142375829968],[-16.47063704206733,28.371354148969996],[-16.470101957241475,28.371117352170963],[-16.469546891676274,28.371069069743513],[-16.469461357155936,28.371005759835136],[-16.468930049103914,28.370927255164354],[-16.467854875170275,28.37055017862778],[-16.46757276984252,28.370251513963957],[-16.467111095643137,28.370105366691146],[-16.466676781927056,28.36970497299729],[-16.466372170851784,28.36953751218577],[-16.465372334178785,28.369128558229146],[-16.464985931258898,28.368828725749662],[-16.464929656891623,28.368965331032364],[-16.4641212338225,28.3699848377151],[-16.46350027015811,28.370654018265864],[-16.46339957782791,28.370882994298334],[-16.463352664479952,28.37109669084436],[-16.46354312044486,28.371854890998513],[-16.463276947847916,28.372506874349778],[-16.463238998581865,28.372899052482133],[-16.462606832388154,28.37363980768099],[-16.462286760059275,28.37385330141274],[-16.461873560045813,28.37398091809106],[-16.461010727005508,28.374150465786972],[-16.460908960507535,28.374650164757668],[-16.460948246609696,28.375021356542565],[-16.46111969306596,28.37576706537087],[-16.46103635323167,28.37645933160315],[-16.460713138526472,28.37720689298182],[-16.45972259949851,28.378240793716028],[-16.459515068072985,28.37852029722589],[-16.459150428511137,28.379173591019118],[-16.458822259046958,28.379612334942795],[-16.4580583120931,28.380233952868924],[-16.45798607625766,28.380359589171242],[-16.457830909778444,28.381031675921914],[-16.457309422653772,28.382157450662618],[-16.457126226996778,28.38238247620558],[-16.456881585466956,28.382520875969753],[-16.45635244151153,28.38268655802842],[-16.455799501212148,28.3827142986942],[-16.455438960723118,28.382790884205],[-16.455100999150176,28.38291572900395],[-16.45471518890957,28.383147770555105],[-16.45430082199526,28.383695320480864],[-16.45416948448566,28.38454846082492],[-16.454104847169866,28.384655430471742],[-16.45364159079323,28.38505360894619],[-16.45339432878422,28.385428226100863],[-16.452561321757482,28.38603227638462],[-16.452016112552357,28.386498361980934],[-16.4515135027424,28.386603138928677],[-16.45092439469654,28.38679368101989],[-16.450238068960356,28.387087104734775],[-16.449960936038146,28.387254935548906],[-16.449615467575697,28.387634429692586],[-16.449515211585553,28.387916757436727],[-16.449519235262652,28.388212524301693],[-16.44963007933201,28.388708407335816],[-16.449587637688598,28.388810699164193],[-16.448803277767798,28.38955129230401],[-16.448524883705403,28.38962699559335],[-16.448237987872083,28.38947971301983],[-16.447442283486467,28.389386337879255],[-16.447053996118374,28.389438954971528],[-16.446612281342617,28.389591550813066],[-16.44580124808776,28.38998325269215],[-16.44539056840106,28.39040465572411],[-16.444427066253766,28.390058451356044],[-16.443802954484855,28.390094164194046],[-16.443336854923857,28.390244841958037],[-16.442244456052812,28.390719268424057],[-16.441603275224743,28.391114003176504],[-16.44103968561688,28.39116845824444],[-16.439597369688,28.391743685092212],[-16.438702914569056,28.3917775111678],[-16.43843546617944,28.391853069516692],[-16.437777278174163,28.39220674815816],[-16.4375370863162,28.392272324035886],[-16.43537324855688,28.39351960932317],[-16.434739006346092,28.3940257731948],[-16.43388560761899,28.394531822481543],[-16.43355298625616,28.39465171244855],[-16.43227844756299,28.39480816890145],[-16.430043201658524,28.394826805888684],[-16.429251989667254,28.395070307003515],[-16.428860346821615,28.395282934440495],[-16.42860937690757,28.395363156576753],[-16.427661614747276,28.3953730928495],[-16.427008262756004,28.395683024022084],[-16.42637314844298,28.39571877317495],[-16.424332838942295,28.395975319786636],[-16.42419889205229,28.396380816228884],[-16.423605212352278,28.39756519447387],[-16.42326980798917,28.39802073742881],[-16.42368257960082,28.398157055039796],[-16.42386509297664,28.398283657624372],[-16.424650636215045,28.399252587722852],[-16.42467938944058,28.399354127695545],[-16.424119954894017,28.400952994528637],[-16.424077321595476,28.40145834778222],[-16.424460928204844,28.40307358873837],[-16.42452194169891,28.40386139440706],[-16.424421941842194,28.40393234971406],[-16.423962491623104,28.404038137457178],[-16.422680906852122,28.404863278029257],[-16.4225605706412,28.405054850030073],[-16.422449929613073,28.405479352078483],[-16.422507460773428,28.40650023550337],[-16.422480372608533,28.406772394387676],[-16.422397752282873,28.406994646161177],[-16.42205674767246,28.40742543456508],[-16.421763854005974,28.40800719929684],[-16.42147536251131,28.408425795528675],[-16.42115845277142,28.40868932749035],[-16.420046340628765,28.409062145553253],[-16.418493366895802,28.408825019538714],[-16.41794286871688,28.408822855503217],[-16.417760441521654,28.408846180767597],[-16.4172152265293,28.409148109227818],[-16.416652668812933,28.409102040413206],[-16.416260566772852,28.40914320352778],[-16.415231705092935,28.40953589303859],[-16.414850152928512,28.409597592249735],[-16.41443940432558,28.409728302817474],[-16.414285896649005,28.40979951788344],[-16.4136398386022,28.41042157608524],[-16.413222462505324,28.410533994540156],[-16.412609871426675,28.4105426520617],[-16.411980407823805,28.410399027339608],[-16.411691149385312,28.4102043734207],[-16.41157013490005,28.409993390190184],[-16.411424608828575,28.409940765164738],[-16.410504757142654,28.410064320981405],[-16.4099337815128,28.410239926645136],[-16.409582552344954,28.410215403952588],[-16.409183732967684,28.410081273790674],[-16.408873901570445,28.409902828387086],[-16.408315243344575,28.409390061099053],[-16.40749038732752,28.408738590042482],[-16.406495892313863,28.40814674480012],[-16.406254470853614,28.407900185932373],[-16.405992268274726,28.407414048978602],[-16.405446861285782,28.407103505732493],[-16.405283120166523,28.407040718969508],[-16.404447076033428,28.40696984887269],[-16.40395890273181,28.4068353066273],[-16.402777885164046,28.406712341338114],[-16.401072656315993,28.406182358883523],[-16.400377450874807,28.406070176994255],[-16.399662929839963,28.405821772967744],[-16.399138728032643,28.405713874031285],[-16.39553109474985,28.404458341484812],[-16.39421579312415,28.403928444887413],[-16.392734438448606,28.403516813072972],[-16.391296186510466,28.4029947963988],[-16.39063534950948,28.402657654348573],[-16.39028981603014,28.402398022159307],[-16.389984351559143,28.401897193803585],[-16.388911615199756,28.400567238768275],[-16.387992883653908,28.399631888872072],[-16.387603046849037,28.398942049064278],[-16.38726087582368,28.398771363892532],[-16.386922260793853,28.398415929565108],[-16.38665821363487,28.3978327846913],[-16.386377898704144,28.396408925061486],[-16.38597274750143,28.39591967169585],[-16.38581629740601,28.395475229086447],[-16.385746503721933,28.395145757827116],[-16.385676799430453,28.39410231278913],[-16.385492582315244,28.393434869825683],[-16.38581855080964,28.393281681702405],[-16.386104603967308,28.39307227332714],[-16.386275901031382,28.39269359832778],[-16.386572575256096,28.392530515007607],[-16.387099055075304,28.392332400186547],[-16.38739976343671,28.392109671322217],[-16.387591095736585,28.391900051057306],[-16.387597181627793,28.391438750082553],[-16.387450782007956,28.39104805701342],[-16.3891200409136,28.38975614069305],[-16.389029044904184,28.38941196065075],[-16.389095400045257,28.38904577582972],[-16.389031860845652,28.38877405250164],[-16.388744655338616,28.388455101255435],[-16.388282937819426,28.388287693872822],[-16.38798696214017,28.388044200762277],[-16.387787487439272,28.387330894527977],[-16.387605994955546,28.387165955026465],[-16.387412503422887,28.38684599208895],[-16.38739643982382,28.386777021659633],[-16.38753531764743,28.386443890575602],[-16.3870706141287,28.38583379877647],[-16.38658778464357,28.385494586394753],[-16.386366472461397,28.385306674687364],[-16.38636677751578,28.385239911211965],[-16.38700505391911,28.385005823621555],[-16.38726359846542,28.385012821556035],[-16.38808780581267,28.3855631042765],[-16.388157291654615,28.385656061207364],[-16.38835507945207,28.38569088736674],[-16.388858091068766,28.38593060901806],[-16.38982038015153,28.385970327698825],[-16.390389249695744,28.38607449737507],[-16.39089447770174,28.386239603469864],[-16.391232249105638,28.38622455743956],[-16.391254893466638,28.386067303714736],[-16.39108283101911,28.385854131552644],[-16.390735530498553,28.38518664427833],[-16.390515780632168,28.38492655704921],[-16.390345898627118,28.38476448101731],[-16.389977039781417,28.384535724912524],[-16.389907768487994,28.384413894716186],[-16.389422320291782,28.38416203912305],[-16.389798626319134,28.38407775868128],[-16.390394042636647,28.38382856912354],[-16.390655098144336,28.383843639803192],[-16.391099775693867,28.3836849301374],[-16.39142926905341,28.3837508983903],[-16.39192391385725,28.38374561168893],[-16.39197337223815,28.38369898705858],[-16.39199361801148,28.38354885160202],[-16.392333729467136,28.38298869490268],[-16.392881186324768,28.38269632930164],[-16.39329023108599,28.382619728238296],[-16.393316068903072,28.38249547420367],[-16.392641148318802,28.3824323011522],[-16.391952567971067,28.38247884973857],[-16.39153482525789,28.382582611590284],[-16.39031630356219,28.38231214201859],[-16.389682237128866,28.382041586615795],[-16.38911372616951,28.382043863475015],[-16.38886710904498,28.38214497905616],[-16.38859035022278,28.38210391847869],[-16.388471650287,28.38203863842271],[-16.388268186109926,28.381732036134707],[-16.387297626580594,28.381427162221524],[-16.38619068848693,28.380970616976857],[-16.38592629733181,28.380937818628865],[-16.385756718022773,28.380751680846796],[-16.385500275621652,28.380577445971216],[-16.385643068029747,28.380319448828597],[-16.385668607491148,28.38017237395],[-16.385304250739264,28.379669287566216],[-16.384917770465055,28.379314431497974],[-16.385376856132478,28.37923173202378],[-16.385458942009564,28.37917658300188],[-16.385163370160907,28.37863655096161],[-16.385148113626624,28.37853208427496],[-16.385261845070556,28.378328580063943],[-16.38525652829814,28.377994840862783],[-16.38546811905555,28.37778711966538],[-16.386230665216203,28.377714472897956],[-16.386071476584103,28.377497525405573],[-16.38605360946556,28.377400314672155],[-16.38624709048852,28.37725115240811],[-16.386508762020068,28.376942964574205],[-16.386859485032826,28.376718464578083],[-16.386874542526765,28.376638888349476],[-16.38609337510192,28.376523504416546],[-16.38642987317421,28.376302200769594],[-16.386836524143593,28.375788907606715],[-16.387372948825167,28.375695622253303],[-16.387596355415734,28.37554728168268],[-16.38756322297745,28.375473719533243],[-16.387331364498475,28.375476007767272],[-16.386604055638855,28.375127684723935],[-16.38640715319721,28.375131131968566],[-16.385999183991437,28.375257304195713],[-16.385927194887273,28.375175183633498],[-16.385816006213613,28.37484860403061],[-16.385783990253415,28.374246126761616],[-16.386283271378137,28.37382064858291],[-16.38626798483824,28.373712319419724],[-16.386075838421668,28.373524109652283],[-16.386352051714834,28.37335785127904],[-16.38646310007802,28.373194987461012],[-16.386462018364874,28.373143192981033],[-16.386213251250354,28.373010884722138],[-16.386092280662837,28.372826553916607],[-16.38604149886593,28.372154230708603],[-16.38611571783387,28.372023420664085],[-16.386474555615994,28.37191011286832],[-16.386443929690024,28.371634429284157],[-16.386362568812785,28.37150628466243],[-16.38657208183113,28.37078600647857],[-16.387656916935683,28.370890761328802],[-16.387760394436647,28.37096976260335],[-16.388141020285012,28.37088447802003],[-16.38833281315051,28.370779184368413],[-16.38860470314141,28.370892931840004],[-16.388943726640186,28.370888394426586],[-16.38915103334296,28.371018412743062],[-16.3898863187373,28.37116534033219],[-16.390318102372255,28.37107501533662],[-16.390504575766727,28.370702803377924],[-16.390844412118486,28.370525959225038],[-16.391032255420438,28.37016510453473],[-16.39113477733602,28.370076873419432],[-16.39160814198386,28.370530347969027],[-16.392212857290627,28.370594570172294],[-16.392476278726814,28.37055965878828],[-16.392825746578794,28.37022991244849],[-16.393102650360934,28.37028980863244],[-16.393406716856244,28.37024969661498],[-16.39346612290508,28.370274540735206],[-16.39371807010599,28.370689025395436],[-16.39398401687123,28.37080047617787],[-16.39458176416586,28.370909073428454],[-16.39495118422851,28.370786700246786],[-16.395614858894422,28.370825754928266],[-16.39604722643916,28.371240373050487],[-16.396200374228282,28.371200175924177],[-16.396298907601334,28.371228408596718],[-16.39698751897415,28.371534982450168],[-16.397437359382785,28.371623783124036],[-16.39799620010118,28.37183077908308],[-16.398275800206584,28.371994608614735],[-16.398895140260475,28.37206045585281],[-16.39918303937065,28.37224224892741],[-16.39939546503952,28.372232486753553],[-16.399538227610286,28.372349523310216],[-16.39979569105586,28.372451392483228],[-16.399897756368574,28.372383195821993],[-16.400284722938363,28.372485899921642],[-16.400440945377287,28.37257878986402],[-16.40062819809017,28.372416034534584],[-16.40032384463911,28.371968347286035],[-16.400363668231485,28.371737341252857],[-16.40055383956094,28.371657047458157],[-16.400861928103524,28.371767690494316],[-16.400912512192058,28.371664552723335],[-16.400872296395445,28.37140738352131],[-16.400917062136983,28.3713351721347],[-16.401553472331546,28.371450019861722],[-16.402002786996643,28.371289080313357],[-16.40266497112073,28.37175744998341],[-16.40297624271698,28.371776358241405],[-16.4032593209707,28.371924798522105],[-16.40335842149013,28.371890501849443],[-16.403584857544033,28.37212036434276],[-16.40445817327651,28.372038262982294],[-16.40469978190323,28.3722221457117],[-16.40530028790635,28.37247678670738],[-16.405389271551726,28.372677503548278],[-16.405644993827906,28.372686319527364],[-16.406239793625495,28.373142369621466],[-16.406574575956302,28.373303265724253],[-16.407196917591065,28.373773467645243],[-16.407740019847356,28.374416958518843],[-16.408076596233045,28.374635955130707],[-16.40885870320983,28.37485442534502],[-16.409209708291296,28.37501984917044],[-16.409199640691803,28.375234006190766],[-16.409535609122344,28.37548378156935],[-16.41006728309516,28.37552383226673],[-16.41050373476254,28.37561908136724],[-16.410643554520696,28.375695242669707],[-16.411634678860846,28.376620794213256],[-16.412267605233158,28.37670445344926],[-16.4129979044314,28.37752559404103],[-16.41308857501244,28.377748210160778],[-16.41342792046915,28.37797201979054],[-16.41353967391703,28.37796751227962],[-16.413945165184533,28.37773027290049],[-16.414230472377294,28.37773442430439],[-16.41467953148383,28.377857534275954],[-16.41473169016954,28.377937678808195],[-16.414758363021132,28.378192772184686],[-16.41504780927249,28.378272628036235],[-16.41564305331177,28.37796455935363],[-16.416017814140044,28.378078445658275],[-16.41670042657138,28.37768906796585],[-16.417534294088696,28.377327113018694],[-16.417796876395602,28.37750635138771],[-16.419221154183486,28.37797144028684],[-16.420386743073973,28.378457455107498],[-16.422282444074934,28.378651256824604],[-16.422363032898296,28.3787018596922],[-16.42254326359188,28.379067667558676],[-16.422834191126864,28.379260207657126],[-16.42345969669014,28.379421481854315],[-16.42516317345342,28.379600292215176],[-16.425816188584797,28.379741899536715],[-16.42569100038573,28.379883425685627],[-16.425712474142717,28.379978227912748],[-16.426137194110648,28.380056978407872],[-16.426782236255864,28.3805296835409],[-16.42707358227118,28.380848653608208],[-16.427538525556486,28.381013584637987],[-16.427725741213838,28.38117014266474],[-16.42794529331646,28.381584628020764],[-16.428029448701878,28.381653520289188],[-16.428123508867184,28.38210210908653],[-16.428545093313932,28.38235731012571],[-16.428659602504172,28.382776595690093],[-16.428651281246797,28.38289657427051],[-16.428820035394995,28.38299792724843],[-16.429276518713053,28.3830364158323],[-16.429988775950026,28.383244600958395],[-16.43049344138174,28.382896254398148],[-16.430658732632793,28.38300787602766],[-16.43074069209041,28.383130390481345],[-16.43078382887478,28.383356110004904],[-16.430943961318146,28.383600275913434],[-16.431016341262122,28.383640129346766],[-16.431513535689025,28.383670195436327],[-16.432688399557353,28.38346804665319],[-16.43298001650319,28.38334304922651],[-16.433230830628055,28.38335602492915],[-16.434029278368733,28.38324175817506],[-16.43428911164164,28.383265196530502],[-16.43440689307299,28.383326862541796],[-16.43454462052102,28.38350564644313],[-16.434623641623013,28.383523243992617],[-16.434636845346844,28.383238070166378],[-16.434517487217406,28.383097179431005],[-16.43413247101538,28.382939770895007],[-16.43347100336739,28.382820648728853],[-16.433340812663637,28.382716423056806],[-16.4329944091932,28.381544529632563],[-16.433000151859208,28.381341672193486],[-16.43310026111427,28.38099090051285],[-16.43294142140636,28.380987913907468],[-16.432451512381142,28.381128461415347],[-16.432191785663587,28.380921923277988],[-16.431659136639265,28.380735734180572],[-16.4314389316385,28.38045591853573],[-16.431346355088987,28.380413551780833],[-16.431011551876498,28.380060859886374],[-16.430446755476737,28.37925812804583],[-16.430613521456497,28.37912271353253],[-16.430646191688982,28.378964158023823],[-16.43054467679261,28.378327138944357],[-16.430420199827893,28.378016894118794],[-16.430494451440627,28.377899959801972],[-16.430719954467325,28.377791997123644],[-16.431244675907873,28.37790580094178],[-16.43135055458116,28.377811187374864],[-16.43170117388312,28.37711120671116],[-16.431853277437508,28.377069717087505],[-16.432295659952146,28.377101079038408],[-16.43247581962427,28.3769983734641],[-16.43250051636003,28.376876995110912],[-16.43245259225787,28.376758275403727],[-16.431864618158016,28.376060304863966],[-16.431926390861005,28.37595658752682],[-16.432164992782067,28.37576825051316],[-16.432613082096534,28.375533667921477],[-16.432716186563262,28.37538475054806],[-16.43353628237248,28.371499479048474],[-16.433641527330696,28.370615102412323],[-16.436629349425548,28.367121423781942],[-16.43569733213309,28.36445153398478],[-16.436322314391752,28.36388428225141],[-16.43636258734913,28.36357140373996],[-16.436534711122412,28.36348764073923],[-16.436536268417008,28.363269935287004],[-16.43673503286511,28.363080927644873],[-16.436945948083544,28.363013813028765],[-16.43694662835986,28.36284467267045],[-16.436999001105338,28.362756034166487],[-16.437617848365548,28.36267441930344],[-16.437607020716342,28.36259023766201],[-16.437451788462894,28.36242815656593],[-16.43749043795716,28.36226764109416],[-16.437776328029344,28.362047929939695],[-16.438066956721467,28.36202085728714],[-16.438159802977694,28.361967711896973],[-16.438185438800872,28.361788019503997],[-16.438414747346616,28.36167025750799],[-16.438493053931865,28.36141663403773],[-16.43871216867926,28.361314773311523],[-16.438802605394724,28.361211653056127],[-16.4387402681943,28.36103036194307],[-16.438763129430917,28.360864417108985],[-16.438830642638088,28.360763795076814],[-16.439055845247818,28.360629288432822],[-16.439139548898265,28.360367484920115],[-16.439785729958835,28.359938551271487],[-16.43995012123056,28.359917501013005],[-16.440189981008654,28.359969570106497],[-16.44018458283963,28.359743544698084],[-16.44036408357268,28.359519176029647],[-16.440458165285623,28.359467099117435],[-16.440751466092923,28.359457440442835],[-16.44051388570444,28.358117161217784],[-16.440734087074254,28.358029800994668],[-16.439652436136477,28.357781751058265],[-16.43945568148502,28.357330309661187],[-16.43903603249667,28.356781942895005],[-16.43872752201263,28.356767148274173],[-16.438030523865386,28.356386415526394],[-16.437076848822706,28.354749361054218],[-16.437621685770598,28.35439163237056],[-16.438631122202636,28.354252375475845],[-16.438811652116637,28.35404514596747],[-16.43908263819431,28.35331124033261],[-16.439494044577415,28.352918811603285],[-16.439482956526195,28.352711347746485],[-16.4393208753212,28.352489683611687],[-16.439564792351955,28.351853084306352],[-16.439950211396486,28.350409486055767],[-16.438424960416263,28.349412498203993],[-16.439682294153688,28.348108617063822],[-16.439369740755165,28.347579425892178],[-16.43938694117817,28.347152800612303],[-16.44008990601029,28.34663319535279],[-16.440010620291883,28.346451270994553],[-16.43976493775527,28.34653057977123],[-16.43940112956845,28.346502831791533],[-16.439279272061665,28.346449966338547],[-16.438482005945335,28.345910093347285],[-16.437622396030992,28.34556942860651],[-16.437155161498882,28.345294569806324],[-16.436897607809428,28.345060370301752],[-16.436688232227443,28.344805355880535],[-16.43664989055574,28.344656842778456],[-16.436743177454613,28.344387358152183],[-16.436973344250926,28.344150276070597],[-16.436571370337923,28.344010106497567],[-16.436770177617728,28.343669564424303],[-16.436631825272066,28.343456671607278],[-16.43699114093555,28.342701532038127],[-16.437093273985937,28.342355239120643],[-16.437945957926875,28.342183796821196],[-16.440279838604045,28.342044098132163],[-16.441146873252755,28.34118882043411],[-16.44099472263929,28.341064074280965],[-16.44090929868532,28.339907485992697],[-16.441334007237074,28.339560038316716],[-16.44150167507823,28.339181461401914],[-16.441360504848948,28.33812248399738],[-16.441372136565736,28.33721306494824],[-16.441908824038045,28.336471833012606],[-16.44187167730986,28.335680258004015],[-16.44179185678887,28.335293014952672],[-16.44371315609695,28.333790293110948],[-16.44373104413341,28.330114561076876],[-16.446413061803714,28.330729202181296],[-16.447522002399417,28.331058143925844],[-16.447631071342208,28.33054480270416],[-16.44784708933097,28.33004386429282],[-16.44837949631507,28.330191642405367],[-16.44881966779671,28.330119278992527],[-16.449075581467483,28.3301865067413],[-16.449393626735496,28.33011092601333],[-16.450076992617813,28.330225505103154],[-16.450211549334565,28.329007920698828],[-16.449962027552615,28.328566078629336],[-16.449817214681495,28.328558592362135],[-16.448999486116005,28.328689120971443],[-16.448204799613375,28.328591512117285],[-16.448058581597873,28.328644959456554],[-16.447842110396863,28.328830018617765],[-16.447601084328532,28.32887319001407],[-16.447231725137225,28.32873721702051],[-16.447132464542683,28.328657042512535],[-16.44696666093053,28.32862946900959],[-16.446716676767842,28.32845838365662],[-16.446070844185247,28.3283840032069],[-16.445795463170075,28.32810262569072],[-16.445503967746674,28.32764316912316],[-16.445364977098016,28.327547619961265],[-16.44509999274942,28.32763391076883],[-16.44497630383881,28.32779767581506],[-16.444869695444407,28.327857469188157],[-16.444187331488347,28.32790982045035],[-16.44407769248368,28.32781621557261],[-16.44387548013785,28.32750021470316],[-16.442724162917084,28.327334145074353],[-16.442719777780823,28.327056664029584],[-16.442102564422736,28.326693152759333],[-16.441501462177165,28.326460334986972],[-16.440876929350896,28.325742652741393],[-16.440734625193354,28.325755437111145],[-16.440543867923743,28.325886061671206],[-16.44022415902296,28.325979689770847],[-16.439822647243616,28.32591623786076],[-16.439545349269142,28.325774759265194],[-16.439257122560576,28.32548447806061],[-16.438842149554276,28.325249684634027],[-16.43885499696029,28.324807309792675],[-16.43891059835567,28.32462847388599],[-16.439215123041254,28.32421235486704],[-16.439228257273314,28.323767720621873],[-16.43954072794814,28.323231931966596],[-16.440188973795408,28.321147017382025],[-16.43999945013707,28.320517246892575],[-16.440284173553522,28.32019384390771],[-16.440362729813124,28.319992201889853],[-16.440315059504034,28.31978963590486],[-16.440449657785056,28.31906393509341],[-16.441329552594244,28.317899406265163],[-16.441115391446772,28.317924231339397],[-16.440843912895097,28.317881971552126],[-16.440348069747152,28.31762772871058],[-16.440085636550933,28.317594397211106],[-16.439727172659595,28.315732198518493],[-16.43968468866451,28.315157283643437],[-16.439454871279796,28.315107812392352],[-16.439594579550324,28.314075197700337],[-16.439686696660203,28.313744802341684],[-16.44005432283681,28.311556799744448],[-16.44059050791895,28.310337237520677],[-16.44016932588272,28.307058725766655],[-16.440789450074192,28.306772396770825],[-16.44074063193196,28.30653148497562],[-16.44082342656493,28.306314003565454],[-16.44101016766505,28.305935225504857],[-16.441182878392656,28.305768690167003],[-16.44083583560184,28.30560312923804],[-16.440834984341993,28.30553996103426],[-16.44132523466449,28.30533622844253],[-16.44183255472629,28.30519323467918],[-16.44202157238443,28.30498365585392],[-16.4422606932118,28.304850262549376],[-16.442458503729064,28.304489416293066],[-16.4429936308822,28.304707136866757],[-16.443497164057145,28.304803347729127],[-16.44383577437391,28.30587829067301],[-16.444079939801725,28.305882476748753],[-16.444526094363667,28.30571755682275],[-16.44488155111335,28.305679949806283],[-16.44537743987569,28.305728851629983],[-16.445610144382886,28.30566321024023],[-16.44583625558033,28.30548707835115],[-16.445854180385172,28.30450313052241],[-16.445072103613338,28.303933792560347],[-16.44489426369692,28.303696504482847],[-16.444899017590625,28.30352948599804],[-16.445003545927573,28.303341104439397],[-16.445160013022825,28.303199555815606],[-16.44538260455518,28.303093408117395],[-16.44500628751855,28.303025189689137],[-16.44443123417588,28.30313055408608],[-16.444375120533763,28.302774648155257],[-16.444209330094615,28.302792196540913],[-16.444123296121546,28.30269834097334],[-16.444061401593128,28.30231542008568],[-16.44381165843474,28.301968330958005],[-16.443771914747895,28.30183337163773],[-16.44379121924947,28.301634610626703],[-16.443736744188065,28.3015178577103],[-16.443115446853138,28.30185610726139],[-16.44282121356622,28.30239171083395],[-16.442648147377778,28.302578558824717],[-16.442583839326314,28.302795845923118],[-16.44227724791834,28.303266145472737],[-16.44211491127667,28.303161813125506],[-16.44178708772729,28.303097586116092],[-16.4412012033389,28.303439965895713],[-16.441201538187247,28.302921006752943],[-16.441409603169028,28.30246980050744],[-16.441277022270395,28.302374178220575],[-16.440810448013682,28.302300131992556],[-16.440628313448443,28.30216893079113],[-16.440504042476174,28.30179117883751],[-16.440540390076144,28.30150875409001],[-16.43381436284582,28.301999187890132],[-16.43374613853936,28.301810778538087],[-16.43359532811221,28.301682892927342],[-16.43340664146153,28.301667445717683],[-16.432815390161004,28.30181688394644],[-16.432133531049203,28.301607944993503],[-16.431713771614493,28.301554432188258],[-16.431547485194876,28.301442983296837],[-16.431317554688572,28.30118910271381],[-16.431158911871986,28.301149806680876],[-16.4308412480215,28.301177912395968],[-16.43071992398602,28.300672871382744],[-16.429723268733586,28.300154057749765],[-16.429591343763605,28.29976706971856],[-16.429412747749048,28.299502944841432],[-16.42934934778066,28.299221106305648],[-16.4292703935662,28.29925180681512],[-16.429218803718523,28.299568288167997],[-16.428897364412844,28.300407553374605],[-16.428793226685357,28.300486694511488],[-16.428288191457,28.300353503414026],[-16.42798044284547,28.300478166624092],[-16.427329016688542,28.300273333109484],[-16.427000550986378,28.300063421501108],[-16.426917615403205,28.29974092485066],[-16.42675096810332,28.29957992614754],[-16.426498912598888,28.299473248868],[-16.426145958677207,28.299169056347292],[-16.42568195410301,28.299377659095],[-16.42521100956237,28.29945893987863],[-16.425012626025843,28.29920125202836],[-16.42492755457145,28.29886553031927],[-16.424547184689086,28.298443990364586],[-16.4244918674666,28.297852332615136],[-16.42415684650499,28.297434424745404],[-16.424080015843273,28.297410966005476],[-16.423461823290005,28.297569616522683],[-16.42265431190129,28.29755204044189],[-16.422504550985266,28.2974863078197],[-16.422442725563922,28.297112074497168],[-16.422533990333083,28.2967365349217],[-16.42242159309206,28.296417070890975],[-16.422467318350964,28.296168821172156],[-16.422384625241254,28.295997334333638],[-16.422223686938512,28.29600108673205],[-16.422010852972733,28.29612113879845],[-16.421833370179392,28.296110712724765],[-16.421413191595185,28.296252995427462],[-16.421088483280112,28.29617637471233],[-16.420646784603232,28.29624624291376],[-16.42005026334805,28.295825151511025],[-16.419983577853476,28.295533423078805],[-16.419823258669616,28.295218119318832],[-16.41916502629941,28.295235937590647],[-16.41899863639629,28.295200699059325],[-16.41872682536696,28.294942004491716],[-16.41853583553221,28.29462644014365],[-16.41839162802084,28.294529164603752],[-16.418106932722235,28.29445515343377],[-16.41752001445886,28.29458485965614],[-16.417373753447958,28.29443257660667],[-16.41712563947106,28.29436123418864],[-16.41671215661948,28.29431462200405],[-16.41643942254237,28.294370209360473],[-16.416371056883765,28.29448740934582],[-16.41637157141198,28.294836876312946],[-16.416105367278888,28.29523279391989],[-16.416082283868963,28.295353164437813],[-16.416139124251323,28.295760352460555],[-16.41591071898318,28.296350692346845],[-16.415010044871185,28.296239886314314],[-16.414312418482904,28.29629429043591],[-16.413782269607502,28.29610213432355],[-16.413288606980235,28.296015700841416],[-16.412946065553072,28.295897042470582],[-16.41275594500144,28.29631704767406],[-16.41232250604689,28.296762765085003],[-16.411246435928167,28.296427028508404],[-16.41056406245669,28.29639653454366],[-16.41025553401706,28.296290604785614],[-16.40985770520386,28.296240651371807],[-16.409654893901624,28.296140487817404],[-16.409267854380346,28.296096739038926],[-16.408887594011603,28.29591735778089],[-16.408728472868304,28.295774232348002],[-16.40810261127533,28.29559783397167],[-16.40770106135966,28.295365599525645],[-16.40734603472007,28.29522819251581],[-16.407046988126055,28.29517594896046],[-16.406685680882365,28.29504158329736],[-16.405186007451626,28.295124896879138],[-16.4043148881191,28.295233319446563],[-16.404023689005474,28.295343806825056],[-16.403721634365738,28.295303139401025],[-16.40321848544644,28.295362554100105],[-16.40272615074587,28.29524996934416],[-16.402799664083755,28.294795630610146],[-16.403798107354067,28.294573298886366],[-16.404469078163075,28.294214678599268],[-16.404725404397492,28.293770563994954],[-16.404921974689373,28.293678043778215],[-16.405202232226625,28.293687470426256],[-16.405637675357827,28.293543410462348],[-16.405735210825256,28.29340096019543],[-16.406210848413643,28.29320191703347],[-16.40622990599435,28.29308013955342],[-16.406431772968098,28.29287803940106],[-16.40708851358225,28.292659997499843],[-16.407794909425345,28.292633392770043],[-16.408537469823806,28.29293806766065],[-16.40891425863391,28.29293834095654],[-16.409180685232418,28.29300098957503],[-16.409352002105457,28.292958688323523],[-16.410195296708622,28.293131500133182],[-16.410775147221337,28.293170853764753],[-16.411455549543696,28.29354269887769],[-16.411710102539033,28.29317286016632],[-16.41180131981386,28.293107827724082],[-16.41198428203282,28.293076476933997],[-16.41217045628214,28.293080039748627],[-16.412565633422034,28.293208645132463],[-16.413342259588756,28.29322098518025],[-16.4138575715303,28.293314712802047],[-16.414072245256506,28.293281072337315],[-16.414504469307136,28.29302035561796],[-16.4148334540521,28.292644234773494],[-16.415296533354205,28.29244015511751],[-16.41549259807743,28.292289528791038],[-16.41596638158681,28.292093206091007],[-16.416396058362135,28.292070049725524],[-16.416803886713048,28.292129978857837],[-16.417276676512703,28.29196407805564],[-16.417471524426333,28.29180654815768],[-16.41818754070348,28.291945685452173],[-16.418446982196322,28.291873540279315],[-16.418893862486343,28.291838860813932],[-16.41952809158879,28.291938587708426],[-16.420167264048676,28.29224930956487],[-16.420641750645817,28.292413761865014],[-16.421107224065533,28.292248094992765],[-16.421853957700527,28.292104019968974],[-16.422101722571746,28.29215311898764],[-16.422581537138722,28.292362274817595],[-16.422807292586686,28.292328108151374],[-16.42349657935569,28.292371944273842],[-16.424774012651117,28.29234721887412],[-16.425285582533625,28.292706111072643],[-16.426861273791896,28.293337492520042],[-16.42762942287158,28.2934982498197],[-16.428290467633346,28.29383271662778],[-16.429162749672038,28.294169033249474],[-16.429510647171327,28.294433618470975],[-16.429781779305902,28.294451099725283],[-16.43094940355008,28.294211280908005],[-16.432008560206206,28.29415119949833],[-16.433007716698764,28.294473196600727],[-16.43328251595201,28.29467244374943],[-16.433586254952544,28.295065729137693],[-16.43393096956803,28.295240910266966],[-16.43506934807604,28.295201467605015],[-16.43575337319125,28.295066685067333],[-16.436239947916167,28.295115755613867],[-16.436684191850606,28.29522902481421],[-16.437225980191872,28.29557232331955],[-16.437375357713417,28.295706221032848],[-16.437579203193398,28.296049230604833],[-16.437699297418284,28.29614678438812],[-16.438671244708807,28.29615544509201],[-16.4392482500687,28.29623702674445],[-16.439452137667388,28.296142430851734],[-16.43968679919533,28.295889521808245],[-16.43982831111165,28.295477476413094],[-16.43994302863746,28.2952974838772],[-16.439983936505087,28.2950034856069],[-16.440119146622337,28.294723366422815],[-16.440507666822036,28.294330790731838],[-16.44060915056282,28.294093536207487],[-16.44102621052859,28.293922996914294],[-16.44105761988854,28.293664414709845],[-16.441573611724063,28.293299182209232],[-16.44204139372788,28.293241263915895],[-16.44205813879826,28.2930039285857],[-16.441973038131096,28.292607523467282],[-16.44202498136854,28.29239286708188],[-16.44218919179118,28.29224887555454],[-16.442630100432293,28.292230977710055],[-16.442672207936738,28.29184205573353],[-16.443143146092527,28.291278637155077],[-16.443190454177056,28.290958685752848],[-16.443298000025194,28.290702845316908],[-16.443775654406988,28.290204020150632],[-16.444046029838717,28.290049237812756],[-16.444321987198975,28.289625215606307],[-16.44467423367679,28.289360783846202],[-16.444832779811225,28.288996522999977],[-16.44501174503257,28.288790602805484],[-16.445741323784986,28.28841444866423],[-16.446492443669868,28.288406494244875],[-16.44670040924721,28.288652027177356],[-16.446909898521064,28.288808851794016],[-16.447549658147373,28.288904093613368],[-16.44788071397704,28.28903125234087],[-16.448079703914242,28.288949286267336],[-16.447874828488395,28.288579760034377],[-16.447469961657866,28.28832576564806],[-16.44737850270671,28.28801220268118],[-16.44742386931468,28.287824852569802],[-16.447396434182565,28.28772176734676],[-16.44713275105165,28.287532259428218],[-16.44698170729584,28.287134155574904],[-16.44589496478259,28.285844981740386],[-16.445727190800234,28.28550755012374],[-16.44549082581713,28.285242956658944],[-16.445535603524128,28.285032968734242],[-16.445640308882865,28.284965415925562],[-16.445733935573134,28.28496685259769],[-16.446135906281697,28.285056089926027],[-16.44640716962548,28.285195248691807],[-16.447288296523578,28.28499453146601],[-16.44769913042521,28.284998741931343],[-16.447759395687132,28.2849315322729],[-16.44774359076414,28.284848522446],[-16.447440105350797,28.28447849711908],[-16.447419612344653,28.2839681968278],[-16.447440132851696,28.283893321850275],[-16.44754977109189,28.283865002583696],[-16.449103174318516,28.284149929097833],[-16.44932947870184,28.28411915200453],[-16.44967344573594,28.284162487011734],[-16.450363794271766,28.284329454091463],[-16.45042701862989,28.28425880933141],[-16.450160533103222,28.283896086831593],[-16.45016785960646,28.283752073244912],[-16.450835312458633,28.28356374677572]],[[-16.597198336587716,28.219466869139385],[-16.594253388570518,28.219940870554],[-16.59370526177111,28.22009763461774],[-16.59343627279778,28.220243139295164],[-16.592835619241974,28.220865871360317],[-16.592248854251626,28.221621784573163],[-16.592153757776064,28.22205835113017],[-16.59201429450783,28.222374489221835],[-16.591761610018573,28.22247581281321],[-16.591245992008027,28.22253370752039],[-16.591215097419212,28.222744089321683],[-16.58961337960912,28.223667913320103],[-16.589456507291104,28.223933097282526],[-16.588915426801954,28.224013842047057],[-16.58875767853014,28.22411269436103],[-16.58859900622095,28.224256682588983],[-16.588517660076455,28.22448325432547],[-16.588536872068854,28.224640969888256],[-16.58849567031233,28.224723035141075],[-16.58818498767802,28.22490679319518],[-16.587930963687384,28.224902965366052],[-16.587534015061298,28.22499782494113],[-16.587325771056673,28.225232591538543],[-16.587272631590476,28.225645484012905],[-16.587072454983065,28.226429144042818],[-16.586653437341102,28.227185388241548],[-16.58665166277349,28.227609822663073],[-16.58615159422727,28.228011439218548],[-16.585949591205537,28.228283934976403],[-16.585634509259222,28.228358882905727],[-16.584747209197307,28.228810109256226],[-16.5846477052072,28.228811262460738],[-16.584429994585303,28.228712001781215],[-16.584000110752473,28.228949922449786],[-16.583795158512924,28.229276197533604],[-16.583485237132166,28.22961597113543],[-16.583538179292773,28.22983436954041],[-16.583096979699473,28.229590205859385],[-16.582965681811633,28.229588955267904],[-16.582398292617977,28.230321229394463],[-16.58170203883863,28.230834841869136],[-16.58154489879722,28.23120228510541],[-16.58121420864803,28.23160972043806],[-16.580393150695848,28.232319009119998],[-16.57936207357835,28.233747509406545],[-16.57926794089387,28.234141414949367],[-16.57941413138045,28.234730641862452],[-16.57938414316395,28.23481991241365],[-16.579279770836642,28.234948795923277],[-16.57890247573065,28.235224312299366],[-16.57872071773935,28.235478707419126],[-16.578654689370847,28.235679077591005],[-16.57863441486098,28.2360005955576],[-16.578450338988343,28.236235423661192],[-16.578140272114442,28.23639468593405],[-16.57694985110334,28.236230529016982],[-16.576629650314104,28.236145875537456],[-16.576412449846675,28.23623186226156],[-16.575859755487713,28.236673730737056],[-16.575507969856957,28.237408988822757],[-16.574787344521024,28.237295426053972],[-16.5744688103636,28.237315710152288],[-16.573781889129904,28.237794467655533],[-16.572046905124893,28.23859481167237],[-16.571513518606867,28.23846782419188],[-16.570658113758732,28.238685746579623],[-16.570038907836295,28.239091705642164],[-16.569173494111222,28.239126461195955],[-16.56869863652123,28.239413810121444],[-16.568590583334586,28.239758112138475],[-16.568342079473023,28.23990906529105],[-16.568157119101077,28.239884599229107],[-16.567713131838385,28.240326470511327],[-16.566284809473874,28.240772826541935],[-16.565126815123886,28.24162099349679],[-16.56505693363541,28.241815084304633],[-16.56514814621661,28.24238554575117],[-16.56505989739117,28.242558033180856],[-16.564970712008716,28.24261839434538],[-16.56412884194154,28.24289810651447],[-16.563814053749006,28.24295138238498],[-16.563339912313086,28.24291683374607],[-16.56277848785158,28.2430737473012],[-16.5626219557069,28.243174849143863],[-16.562336658868944,28.243717694594498],[-16.562059027870973,28.24399125088782],[-16.561438720100444,28.243998338281298],[-16.560988443437306,28.24406283937239],[-16.560522867378644,28.244137405187825],[-16.56032191974055,28.244248000569172],[-16.560067437190742,28.244479872477942],[-16.55988422533651,28.244797300953923],[-16.55933193850821,28.24631928050008],[-16.558972312327803,28.246747653488626],[-16.558345956289397,28.247244318563162],[-16.55806648567885,28.2473873939776],[-16.557235187673594,28.247627008375776],[-16.556473462289333,28.24797460529708],[-16.555709471471786,28.24817315596059],[-16.555127183065466,28.24847003956371],[-16.554520628488756,28.248626341673262],[-16.55439809120066,28.248708474099647],[-16.554365910881437,28.248837536848644],[-16.55440155953706,28.248947600415658],[-16.554259576772147,28.249288794409917],[-16.553601656232573,28.2498163385642],[-16.55343559321792,28.250017600199243],[-16.55323842171947,28.250419527821627],[-16.553025769061676,28.250531861441857],[-16.552305731696613,28.250757086917588],[-16.551933374091554,28.25132484053778],[-16.551903067623186,28.251464576948962],[-16.55197112799732,28.25220621576113],[-16.551924430291848,28.252522625422966],[-16.551819959542122,28.25262845806505],[-16.55137806769175,28.2528473886396],[-16.551272560811384,28.253113861825565],[-16.551249008080156,28.253324504845885],[-16.55136499384776,28.254471635259222],[-16.551205527867264,28.254958600014493],[-16.551152036717312,28.25553676091486],[-16.551024403659312,28.255741274887438],[-16.550346023853336,28.256277881295436],[-16.54952360776466,28.257486612401724],[-16.549463009637666,28.257877636160305],[-16.549554931111487,28.258413669858488],[-16.549543481018215,28.25877246710238],[-16.549247205067193,28.2592523530728],[-16.549053143309255,28.25977755908179],[-16.548989973148228,28.260090463220315],[-16.54899380993732,28.260344353156917],[-16.549045862818478,28.260462684475666],[-16.549556468586374,28.260859379079232],[-16.549746972064547,28.261215362295506],[-16.549603274566707,28.261738797376594],[-16.549656339320695,28.261932271687314],[-16.549878174275467,28.262138551601655],[-16.54991477428874,28.262330921957],[-16.549848364385657,28.262408388776628],[-16.549786558697164,28.262781333010363],[-16.549909889644944,28.263167271754796],[-16.550115764413214,28.26343338822721],[-16.550202733850263,28.26362628803151],[-16.550348406436946,28.264385253688058],[-16.550538177538076,28.26470196639958],[-16.5514298353056,28.265455368432647],[-16.551052500284282,28.26538727141968],[-16.549400828955537,28.265448159979123],[-16.548925327299568,28.265410682430648],[-16.548527823929813,28.265287122071562],[-16.548215745412485,28.265046439247403],[-16.547810724021968,28.264992365091786],[-16.54746363222005,28.26482481959701],[-16.54732964725088,28.264943663670515],[-16.54695190721839,28.265090718663778],[-16.546767671092017,28.26533663959459],[-16.546720124453877,28.265595861635607],[-16.546513761998394,28.265577891233278],[-16.546304442427754,28.265972853295462],[-16.54616710628149,28.266477558146747],[-16.545965836933853,28.266856634656108],[-16.545874701255542,28.266920841768002],[-16.545730812518993,28.26693384150111],[-16.545469117337902,28.266717852692],[-16.545023194245257,28.267693097103866],[-16.544945741946062,28.267969230218444],[-16.54477491466921,28.268195481386133],[-16.544672234469044,28.26903945342616],[-16.544674222098873,28.26944435203517],[-16.544554569901617,28.26965248849202],[-16.544298788612792,28.26986694914264],[-16.544289916704606,28.270801842785175],[-16.54441904227719,28.271016660505417],[-16.54453380686868,28.27144179982618],[-16.5446544129619,28.271697651983224],[-16.544749126049467,28.271797165903124],[-16.545028618697348,28.271932585673557],[-16.545149328581513,28.272107210105926],[-16.545194733755977,28.273011843416345],[-16.544942252492767,28.27382883685233],[-16.545012341269125,28.27411347237747],[-16.5451798231058,28.274319498470806],[-16.5453243713108,28.274787945272905],[-16.545144127814257,28.27539984729364],[-16.545404959056377,28.27639801594812],[-16.545397144516464,28.27726902748882],[-16.54573849478242,28.27804816947795],[-16.546169845399717,28.278535078881823],[-16.546322864744287,28.278806355977377],[-16.546297516229373,28.278926225612246],[-16.546118896150148,28.279215598098993],[-16.545950770679312,28.279819051593986],[-16.546006117958594,28.280209257252455],[-16.546267844728614,28.280670022181976],[-16.546306192522042,28.280858709045365],[-16.545911679238667,28.281975067941364],[-16.54590925189594,28.2820992266777],[-16.547501131670117,28.284075961135255],[-16.54926475365309,28.286963776718306],[-16.549605580165395,28.287275300180276],[-16.553152600299786,28.291460110086085],[-16.552106245362793,28.297002952189626],[-16.564211460531794,28.29304574180831],[-16.564310438356458,28.292599380036837],[-16.564815238616443,28.29249657630268],[-16.56531363483364,28.29245701945162],[-16.56574100145843,28.292506269511946],[-16.565896878684967,28.29268498272782],[-16.566371257409106,28.293507588809923],[-16.56646909645039,28.2938787491948],[-16.566857936286432,28.294622728915638],[-16.57050816179658,28.298092657162027],[-16.583333570142052,28.309450872742556],[-16.587025708695883,28.312743474283604],[-16.587494479899853,28.313215018647576],[-16.58793784262907,28.31353013841313],[-16.58839447796676,28.31370199334004],[-16.588764843841943,28.31376582051261],[-16.589615506049853,28.313807997501893],[-16.59009400312058,28.313897825847214],[-16.591450346841896,28.31453618008889],[-16.59202211090791,28.31468623836899],[-16.59217820039093,28.314650348128442],[-16.59246675607664,28.314388037266284],[-16.593241600566675,28.31422226589957],[-16.5935229324,28.314218511782446],[-16.594062288320735,28.314259909510977],[-16.5944255704147,28.31436469592819],[-16.594604175823537,28.314471639425168],[-16.595067709706434,28.3145888802789],[-16.595413980028248,28.314584832487473],[-16.5956859427482,28.314758821376675],[-16.59589431560921,28.314797267705405],[-16.59760339920325,28.314831780695567],[-16.597837600773016,28.314768318896576],[-16.5986780230729,28.314356433132915],[-16.59956746293794,28.3141347729851],[-16.600084448971163,28.314224105809473],[-16.60042711023711,28.314492658645435],[-16.601068332559475,28.314655491672177],[-16.601364772543047,28.314665641032477],[-16.60207886408895,28.31455504324711],[-16.602425643985537,28.314585049800467],[-16.60319132963126,28.314834990819392],[-16.603872376700345,28.31475896730201],[-16.611743304702944,28.311427383842684],[-16.61755852577862,28.309049536654594],[-16.621628353665546,28.307132746395872],[-16.64097839197428,28.298811114972164],[-16.672314701713667,28.28792689420968],[-16.67883528837158,28.285747645241134],[-16.700439443949712,28.271599964838742],[-16.714068001425495,28.264966650152747],[-16.713757400068413,28.26275209332207],[-16.710707368807945,28.243245996961853],[-16.700314427401015,28.232502549523765],[-16.700443379238088,28.23241557132225],[-16.700510044054607,28.2322595069263],[-16.70099922092263,28.232067646609323],[-16.701138748484635,28.231956873232505],[-16.701405616797675,28.23068333294579],[-16.701282412272743,28.230386019503502],[-16.701019890356097,28.23020868192832],[-16.700945246973976,28.230100573151628],[-16.700760561351125,28.229662677859128],[-16.70054081526068,28.229600793677086],[-16.700428326881127,28.228796568322934],[-16.70036730313804,28.228684246678313],[-16.70010937981428,28.228513808058995],[-16.699817117333538,28.228477055816324],[-16.69986745870957,28.22816678956195],[-16.699691813909606,28.228011472506278],[-16.699710498463002,28.22775277936675],[-16.699559948694766,28.22745580392458],[-16.699008974021716,28.226890822519614],[-16.69855791844306,28.226322954999233],[-16.69838279007278,28.226199938412172],[-16.698509770838374,28.22615936503802],[-16.698704697361723,28.225805599425826],[-16.698985127615316,28.225661915237726],[-16.69917836575513,28.22548989317922],[-16.699221631533813,28.22534397517672],[-16.699229559243978,28.22469367652024],[-16.699135811446645,28.224529263573974],[-16.699058070006245,28.22422516447051],[-16.69894154417898,28.224061034375335],[-16.698111544495813,28.22344941813278],[-16.69786118171016,28.223353272167635],[-16.69630760681712,28.223093893818664],[-16.6960364500787,28.22285530219067],[-16.69556343598744,28.222626938196694],[-16.69500046323416,28.222561682812238],[-16.694541123608605,28.22233314566802],[-16.69388144109352,28.222115156800967],[-16.69357514417306,28.22205434181545],[-16.693220192516925,28.222087002898043],[-16.693110206815142,28.222047978637804],[-16.693076884890683,28.221537686129427],[-16.692930098348942,28.221188158372637],[-16.692951219971917,28.22108289320363],[-16.69321033019748,28.220752571963356],[-16.69311092430144,28.220228793226866],[-16.693219269392532,28.219639719879137],[-16.693179252628052,28.219414062507816],[-16.6928063214472,28.218588134382713],[-16.692638599659215,28.218355980199085],[-16.69209259889113,28.21812042026759],[-16.692189661756245,28.217662671816772],[-16.69205901652412,28.21740772163084],[-16.69020964817797,28.216564657398344],[-16.689103137451344,28.21636986282126],[-16.68911719114822,28.21611312240875],[-16.688947607000227,28.21568225048268],[-16.688262669566356,28.214688472155906],[-16.68772571510862,28.214192569076108],[-16.687397153392418,28.214004195355663],[-16.686745072806634,28.21394808986373],[-16.685983218142145,28.21381316675859],[-16.685836778263067,28.213702720801948],[-16.685724737425993,28.213479599765375],[-16.68515804993705,28.213101727326784],[-16.684668994022363,28.213059640273013],[-16.68331309873162,28.21310840788236],[-16.683004146934465,28.213015995804263],[-16.68268915262626,28.21253879264717],[-16.682395267795698,28.21225376590193],[-16.682184992874472,28.212279726431852],[-16.681594460843115,28.2126878806132],[-16.681325189066357,28.21281947905936],[-16.6808029766366,28.21297021357569],[-16.68020741553518,28.21305771655002],[-16.6797364517054,28.213015389531883],[-16.678825911344695,28.212625675130894],[-16.67820954280366,28.211382447204052],[-16.677842588896645,28.21105019506325],[-16.677222931851713,28.21075311497146],[-16.67700015528751,28.210387027139507],[-16.67682511918592,28.209603413795946],[-16.676751275462344,28.209508104848393],[-16.676422245542504,28.20928763494328],[-16.676040218262518,28.209147999527556],[-16.675198811369317,28.208548937706492],[-16.674654517441677,28.20844335067887],[-16.673523081271274,28.208493495145778],[-16.672905199125314,28.208308615274603],[-16.67235442447831,28.207786175776228],[-16.67197264672993,28.207662553778295],[-16.67106280526774,28.207669754219843],[-16.670075700959636,28.207316896359846],[-16.669009762837614,28.207080204739686],[-16.6680224769444,28.206992259630034],[-16.66757428206212,28.207046340900106],[-16.66685872148454,28.207216047718084],[-16.66659464822277,28.20720710857314],[-16.665919483607674,28.20674158822566],[-16.665614537348436,28.206307738141742],[-16.665216266395277,28.206185985313475],[-16.66456455657158,28.206157456004043],[-16.664039300420217,28.206036513714487],[-16.663790761560247,28.20592406297536],[-16.663560999354935,28.205695918784127],[-16.663308035601528,28.20526489656077],[-16.662918645994694,28.204911070624608],[-16.66220234350991,28.20469491988938],[-16.66184101500164,28.203437996683334],[-16.661383654575303,28.202677814428142],[-16.661424160206334,28.20212613481405],[-16.66130970984598,28.201817581867985],[-16.6610718751197,28.201510526827633],[-16.65988004449833,28.20112997054007],[-16.65913306686155,28.20114510455185],[-16.658456600588895,28.20084336301029],[-16.65821642966721,28.20061195082672],[-16.65772417323824,28.200696920117018],[-16.657494239505056,28.20090025776337],[-16.65728946280098,28.20095742942678],[-16.657021888797264,28.20094243991411],[-16.65638626598809,28.20062196288203],[-16.655986496136002,28.20048094104977],[-16.655429457561652,28.20053085718763],[-16.653289563010897,28.20045949679382],[-16.6527902606526,28.20053237695792],[-16.652555444720132,28.200419739191126],[-16.652217672704662,28.199852557639684],[-16.651961837730713,28.19970978560916],[-16.651616717175447,28.199626193470127],[-16.65094012309549,28.199787999698472],[-16.650483947505045,28.199793503232147],[-16.65000384833687,28.199623704352103],[-16.64939248883472,28.19896632476392],[-16.648963719542557,28.198949932136088],[-16.64858284449332,28.198851689089498],[-16.648557259054144,28.198920210266166],[-16.64802611382809,28.198703241117695],[-16.647605471648422,28.198633851037233],[-16.645050732832207,28.198673614952398],[-16.643827490018666,28.19849653576974],[-16.643225316613904,28.198520409090197],[-16.642967486513392,28.19859034593002],[-16.642663994703405,28.198749670485466],[-16.64189214640813,28.199339528980428],[-16.64011184329707,28.19989803822584],[-16.639881465819226,28.199926376346944],[-16.639296972902834,28.199841461074286],[-16.63805483250284,28.199761575303157],[-16.63742056050551,28.199784961014622],[-16.63706252098837,28.1998578171205],[-16.63623682210502,28.200257663378924],[-16.635545645433705,28.200973603315084],[-16.63489450844755,28.20116044110807],[-16.633960983148533,28.201751376013704],[-16.63326902342244,28.20178521484515],[-16.632733258460974,28.201970656252886],[-16.63230057375765,28.20202689494557],[-16.63165862602741,28.202365016847175],[-16.631185642422903,28.202348076245936],[-16.63084302028191,28.20240631066246],[-16.630106578865938,28.202778343058046],[-16.629192979850767,28.20340049726466],[-16.629001698871107,28.203470985856153],[-16.627728316762276,28.203609883553742],[-16.627216674311864,28.20372237545696],[-16.626998410003925,28.20392113785336],[-16.62654080929875,28.20461408556984],[-16.62573089504412,28.205388598469966],[-16.625746174892623,28.205632973937945],[-16.625644619349668,28.205808563473088],[-16.625297921271763,28.20585371402907],[-16.625002150125965,28.20579814180033],[-16.62459695780328,28.20590561076991],[-16.624409521075336,28.20603726409006],[-16.62424629465395,28.206056259383455],[-16.623792528694867,28.205942272291427],[-16.623523789202235,28.20597956729022],[-16.623284669553286,28.20606767307963],[-16.623008762439493,28.206267042001695],[-16.62273924685821,28.206557044937938],[-16.62247127830572,28.206645482527172],[-16.621803286816796,28.206994458334652],[-16.621443398606612,28.207365347384744],[-16.621396041635165,28.207524736983483],[-16.62150761124879,28.207898966123864],[-16.621648865787186,28.208051158978044],[-16.621795523260467,28.208497179419226],[-16.622041618253633,28.208754291821073],[-16.622322116584588,28.208925348399358],[-16.62235793457304,28.20899672830334],[-16.62233679424975,28.209130330582738],[-16.622138469947288,28.209799440296752],[-16.62187667550256,28.210100021049634],[-16.621834083393633,28.21034671353234],[-16.621607586014925,28.21059121354279],[-16.62133090805821,28.21118111861657],[-16.62113794450242,28.21179105918388],[-16.6211710732338,28.211981726065797],[-16.620913322408505,28.212370599654747],[-16.62083788423995,28.212625497835955],[-16.620736159586667,28.21279082818331],[-16.620205365627143,28.213096727918565],[-16.619138165253567,28.21352558018331],[-16.61842584847089,28.213714907599275],[-16.617307388577835,28.214298761372792],[-16.616674537871376,28.214463982050933],[-16.616248637474342,28.214469620038546],[-16.615343357312536,28.214204094595917],[-16.614788465229978,28.214224969338286],[-16.614109607649205,28.214825682224415],[-16.613871404168325,28.215246207076344],[-16.61385770490098,28.21541385503613],[-16.61371096040812,28.215592278275427],[-16.613682925044202,28.21568130693608],[-16.613735213629685,28.216074975074232],[-16.613557835603284,28.216342511635876],[-16.613170607193286,28.2164947738005],[-16.612945613661015,28.216657170172244],[-16.612732004413495,28.216697801746996],[-16.612186202593453,28.216681737030413],[-16.611515587150084,28.217031327583282],[-16.610856470149066,28.217224781975347],[-16.610456616406506,28.217120811423683],[-16.610216836717008,28.217229795969637],[-16.609954262912293,28.217277587989656],[-16.609579861392618,28.217274819739156],[-16.609257168392716,28.217382792868925],[-16.608725934698775,28.21741440274147],[-16.60792452255629,28.217270653969464],[-16.607055964362868,28.21698108675092],[-16.606257913393705,28.217088094309176],[-16.605973613823977,28.216916572764976],[-16.6054099876615,28.217023584228347],[-16.605230381382782,28.21699791324052],[-16.60508541803483,28.21688645859197],[-16.604648693186746,28.21684082624494],[-16.60442698787634,28.216757969058033],[-16.60419343364124,28.216745338951966],[-16.603749243111317,28.2166323380932],[-16.602961448848784,28.21658437248351],[-16.60238489880214,28.216616145787963],[-16.602231814569226,28.21653241784],[-16.60208678852798,28.216533223193434],[-16.60152633842786,28.216924217818843],[-16.60106913870704,28.217076200593276],[-16.600660911711575,28.217525733214412],[-16.60047536638026,28.217858780959787],[-16.599856181847723,28.218084232956716],[-16.59899638806569,28.218985015297513],[-16.597889303974352,28.219246386976714],[-16.597198336587716,28.219466869139385]]]]}}]}