{"type":"FeatureCollection","features":[{"id":"2","type":"Feature","properties":{"categoria":"Reserva Natural Especial","nombre":"Tibataje","codigo":"H-3"},"geometry":{"type":"Polygon","coordinates":[[[-17.99269546457427,27.766767660848846],[-17.993521602303332,27.766756383892385],[-17.99383082368923,27.76684697158235],[-17.994753152487856,27.767772524251402],[-17.99506916275282,27.767987090218387],[-17.995403473944215,27.768422676124416],[-17.995562522985097,27.768716870240006],[-17.996014728627856,27.76891830697548],[-17.996200024041336,27.76919669537081],[-17.99659477227751,27.76941500170351],[-17.996597810331878,27.76966633900912],[-17.996473486156734,27.769825633232774],[-17.996386176701165,27.77005332962579],[-17.996854884317646,27.770569524653858],[-17.997313707872184,27.770689289826418],[-17.997686641251654,27.77102010760332],[-17.997730798692903,27.771378400296328],[-17.99784220560622,27.771582810337176],[-17.997901499827407,27.77196985488071],[-17.99801285993981,27.77226982647456],[-17.998015498911432,27.772760868703525],[-17.997878697114682,27.773102439087484],[-17.997766408578737,27.773648725856443],[-17.997463132908454,27.77402055075363],[-17.99710337585884,27.774193073747025],[-17.99667589159449,27.774296073600144],[-17.996418372189684,27.774707189481916],[-17.9963960508228,27.774896176487214],[-17.996281043606796,27.77499194430172],[-17.996221741675257,27.775399733566736],[-17.99596548525708,27.775783453004276],[-17.99607402442529,27.775937740444483],[-17.99610278368359,27.77639325935947],[-17.995970850326415,27.77677055616572],[-17.99592121716073,27.77734606239423],[-17.995594109552197,27.77916836640165],[-17.995407187969345,27.779741564553422],[-17.995342285857042,27.78010172920379],[-17.995192569064987,27.780438403786583],[-17.9951687432795,27.780773827044765],[-17.99502345585536,27.781083442961044],[-17.994873021155144,27.78120572306928],[-17.99478558837475,27.781430779082488],[-17.994461994819837,27.78169962775358],[-17.993852005793975,27.782457511451074],[-17.993701707073008,27.783057038710538],[-17.9935314730872,27.783188677195966],[-17.99348127988305,27.783430767909095],[-17.993085147964884,27.783980887222132],[-17.992719949916935,27.784391932484127],[-17.992536073639233,27.78450960407064],[-17.991891985796833,27.785165610508407],[-17.991640251739017,27.78525140233775],[-17.991612217435875,27.785448387694707],[-17.991545298001377,27.785527333394313],[-17.990998898963735,27.785982442147613],[-17.990743044014078,27.786331022656544],[-17.99059795006611,27.786442844141394],[-17.990576702402564,27.786629407679047],[-17.9904421408089,27.786732121919584],[-17.990464130864456,27.786966405728105],[-17.990388254496107,27.787108195959835],[-17.9905021068437,27.787593634447006],[-17.990172491350844,27.78799197585652],[-17.99003933498139,27.78794734136031],[-17.98995748831449,27.788214866836494],[-17.989906190748634,27.788226437320617],[-17.98982370945909,27.78839384672212],[-17.98980594847747,27.78882170916122],[-17.989706169033447,27.78891164017516],[-17.989471970939352,27.788982200967837],[-17.989480617304515,27.789446212901762],[-17.98927173050092,27.78962627644744],[-17.989042659654526,27.789624831537445],[-17.988896481442712,27.790220829094498],[-17.988173936262704,27.79097146759413],[-17.98793906413747,27.791595814514594],[-17.987665453478716,27.792005587888003],[-17.987651687838856,27.792184583647778],[-17.987247874841707,27.792388257236382],[-17.987501174361523,27.792440868452953],[-17.98749895167643,27.792596882524677],[-17.987296402465507,27.79270491229106],[-17.98726768975657,27.792845533158975],[-17.987177955771944,27.792932088043194],[-17.987007496377156,27.7930081215972],[-17.987148581164757,27.79328578953605],[-17.986881207829416,27.793682797888756],[-17.986053459455754,27.79435632211644],[-17.986049541681815,27.794472682309614],[-17.985858361801792,27.794803723977946],[-17.985884303374633,27.795043832290823],[-17.985792438223864,27.79512303562662],[-17.98574686512953,27.795392744846897],[-17.985519005406438,27.79577356135471],[-17.9857491176049,27.795849679392223],[-17.985685702304888,27.79617913002445],[-17.985529044713957,27.796340920002642],[-17.98571908281533,27.796602195467656],[-17.98572718609197,27.796991168551973],[-17.985622675351195,27.797186650206275],[-17.98540303957321,27.797330498227467],[-17.985366255052693,27.797413471410415],[-17.985271669595942,27.797437797929934],[-17.985218063192697,27.797525103951777],[-17.98548011678448,27.798008623042676],[-17.98545789417225,27.798279090026096],[-17.985360749434836,27.79848803332618],[-17.98538630973707,27.79880689966805],[-17.98528083681543,27.79901178338486],[-17.985368952460878,27.799151410670316],[-17.985350735633443,27.799972588305963],[-17.985159811755736,27.80025031224039],[-17.985159240631408,27.800570645802892],[-17.985058820815762,27.800671051894657],[-17.985055523034227,27.80078784967545],[-17.984888425643764,27.801143086145345],[-17.984813056169404,27.80143247299075],[-17.984447752745478,27.802144002820906],[-17.984915588934307,27.80186549913006],[-17.98524578408337,27.80160587131617],[-17.98550569457783,27.801558213474976],[-17.985947550130046,27.80156092296787],[-17.987117267289776,27.80207928248009],[-17.987766411369183,27.80248360591503],[-17.987557983946143,27.802885203637842],[-17.987425770918904,27.803517701915727],[-17.98725749409636,27.804048326538062],[-17.98705673753945,27.80441160062237],[-17.986782754222734,27.80525734637091],[-17.98656460254726,27.806000762793687],[-17.986211225532998,27.80754876414177],[-17.986218838588584,27.80780839209942],[-17.98651922780973,27.808342133936467],[-17.98658497811715,27.808627926142012],[-17.98657627344732,27.808936257446412],[-17.986463774346035,27.809314579631327],[-17.986483911145804,27.810105789635852],[-17.986538305514483,27.810421415016844],[-17.98714073288918,27.81177057192096],[-17.987295952774794,27.81263372760783],[-17.987380642111983,27.8128625500433],[-17.98808345699926,27.81405698982514],[-17.988184123563542,27.814124538697556],[-17.988213808586746,27.814289693778786],[-17.988283162920972,27.814332663116282],[-17.98841862485033,27.814629662966603],[-17.98844418609795,27.814847948186653],[-17.988662948215236,27.814922951560057],[-17.988862156990916,27.81505818445635],[-17.988829902480166,27.815262116390024],[-17.988878517794035,27.815421990057555],[-17.9889969086269,27.815555004353207],[-17.98908292021752,27.81623536585556],[-17.989297039544276,27.816781251482446],[-17.98946640426451,27.81784850220183],[-17.989594718325552,27.817980669301445],[-17.989745433366323,27.818415531622815],[-17.989800360458037,27.818731503948335],[-17.99030307042798,27.81937108062585],[-17.990730276608357,27.81968421461645],[-17.990828338032124,27.819819291292486],[-17.990939803555992,27.8200509579478],[-17.99090963731756,27.82066013797369],[-17.991181714252804,27.820780797280847],[-17.991353653256695,27.820920044776926],[-17.991432769558344,27.821355645147065],[-17.99174726890504,27.821543217754538],[-17.99205054546638,27.821636046710154],[-17.99207689545795,27.82176068028843],[-17.992005471573382,27.82205904355595],[-17.99172323230249,27.82249396276132],[-17.991571904685582,27.822566161447202],[-17.991313230012164,27.82235356388993],[-17.990943439881253,27.822332716154552],[-17.990044092088542,27.822410665336175],[-17.989556333383394,27.82218372542407],[-17.98900000096198,27.82213119346426],[-17.988845626097024,27.822040453842703],[-17.988438092238326,27.82152347459255],[-17.988111800520283,27.82134598192394],[-17.98781902499083,27.82135484893294],[-17.987256713502862,27.821580182223727],[-17.986188180616104,27.82176370183972],[-17.985591219060794,27.82202441765232],[-17.984611913687136,27.822365478032296],[-17.98384528329562,27.82274793674222],[-17.983406215622324,27.82304311474831],[-17.98336642398074,27.823109194092808],[-17.983387478475915,27.823315039378084],[-17.983198525909213,27.823313983968923],[-17.982838917598755,27.823824928180894],[-17.982926254576572,27.823965023578726],[-17.982874251272296,27.824103982539977],[-17.98291616267201,27.82427112965686],[-17.98279382787586,27.824657961454673],[-17.98259922691677,27.824903018716597],[-17.982672659806642,27.824979909980016],[-17.982870914768377,27.824916628478718],[-17.98287770594879,27.82502021828419],[-17.982667803028168,27.825321624350064],[-17.98260764508889,27.825325721491495],[-17.982544248577767,27.825248522997395],[-17.98248866432084,27.82487086042659],[-17.98255488935385,27.824736194575404],[-17.98252916308934,27.824634006398988],[-17.98248294086812,27.82459486418996],[-17.982191907539395,27.82461585984825],[-17.982068253125103,27.824509384002983],[-17.98031806188351,27.825005364157608],[-17.98030746875072,27.825330514703264],[-17.98024090094666,27.825423060886642],[-17.980186199346168,27.82512566114142],[-17.98012906119908,27.825080619938046],[-17.97962428551342,27.82514041585788],[-17.97902797697872,27.825051272161563],[-17.978743713680323,27.825130748306005],[-17.97835179731957,27.825403424181317],[-17.978065796229096,27.825441622169897],[-17.977970993128068,27.825518359448413],[-17.976695296969158,27.825426371062708],[-17.97649153270375,27.825477584966794],[-17.975956943376538,27.825753783949693],[-17.97589869575675,27.825816741556466],[-17.9758829543781,27.826039258793628],[-17.975838549591458,27.826085229611376],[-17.9757406969071,27.826057752992877],[-17.975620191188536,27.82587317488447],[-17.97541816381304,27.82585795809298],[-17.97492170622652,27.826096436458503],[-17.974659307602387,27.82632670864496],[-17.97442564380999,27.826453615943716],[-17.97377953044773,27.826688822620106],[-17.972921491861435,27.827130205063387],[-17.972110301736887,27.827395843541527],[-17.971890243744763,27.827675894518265],[-17.972096588593026,27.82796101064592],[-17.97210632143991,27.82804631646483],[-17.97192694001414,27.82823663789847],[-17.971837792365292,27.828450362979932],[-17.97174688790287,27.82880809507665],[-17.971862565699652,27.829020383847887],[-17.971790635959213,27.82925529723959],[-17.97165264847076,27.829479004944332],[-17.97125955421926,27.829631532954856],[-17.970880376396057,27.82955382428747],[-17.970764661313584,27.8297683014733],[-17.970591336469106,27.829868284656317],[-17.970195355583062,27.830268758941607],[-17.969859718011808,27.830515484195494],[-17.96974074989957,27.830755919933555],[-17.969608694346697,27.830854923200857],[-17.969385126444823,27.83086505875675],[-17.9692874580704,27.831067960791813],[-17.969122028072125,27.831089112381843],[-17.968855299568226,27.830930317608555],[-17.968700588003134,27.830983622061712],[-17.96859270959519,27.8311656351445],[-17.96865106313331,27.831337304813406],[-17.96881738354289,27.83150529737853],[-17.96878969104225,27.831777595079036],[-17.968715739347875,27.831804444668975],[-17.968610828206373,27.83166697311083],[-17.968459969778177,27.83175375119845],[-17.96847036698434,27.831882161737624],[-17.968269313007347,27.831865831590797],[-17.96817303681326,27.831959733680183],[-17.967951409232157,27.831784090269004],[-17.967853594759635,27.83178051210776],[-17.9674463464363,27.83209200763737],[-17.96715947300354,27.832654392545184],[-17.967008980092977,27.832754692276474],[-17.96679852029387,27.832784297078163],[-17.96652029550513,27.83298981847074],[-17.96650551560175,27.833106683137284],[-17.96638471585302,27.83311613708968],[-17.96642261038668,27.83368822334095],[-17.966375281222412,27.83373885489306],[-17.966258251866197,27.833719090985372],[-17.966050752794892,27.833928412601544],[-17.96621366015228,27.834164858184725],[-17.966489451749716,27.834402934748628],[-17.96650123338089,27.834503983180763],[-17.96624577784964,27.834528421136298],[-17.966108095032094,27.83434636887854],[-17.965938447282927,27.83428732388132],[-17.965869593048968,27.834072760080527],[-17.965794173652398,27.834015928155022],[-17.96561697267935,27.83398879783853],[-17.96544455720911,27.834062956510216],[-17.965018631740335,27.83475524815365],[-17.965073293440582,27.83486592904111],[-17.965394282319227,27.835120445936802],[-17.965566415662117,27.835416230142116],[-17.965556293017155,27.83558495354318],[-17.965093246964067,27.835319599654465],[-17.964602039958073,27.834925403048064],[-17.964538835047513,27.834772959548594],[-17.964611508270192,27.83445278784284],[-17.96497899068439,27.834090142094844],[-17.96514014091755,27.83385426897343],[-17.965397855893123,27.833675079454007],[-17.965496410371642,27.833395395839457],[-17.96560351106748,27.833326249886046],[-17.965727925908677,27.833356409728],[-17.965765589794675,27.833323486293285],[-17.965772170534734,27.833252081643028],[-17.965547068113036,27.83277341513366],[-17.965764178402484,27.83239899014211],[-17.965754991460074,27.832106106728148],[-17.965858142212273,27.83186574341628],[-17.966634795405124,27.83120171843378],[-17.967437032067494,27.831421883976024],[-17.967586119637822,27.83141912728402],[-17.96780381858428,27.83127164627219],[-17.96790268737532,27.83125806258672],[-17.967900741884566,27.831085990591042],[-17.96775884907077,27.831069739642185],[-17.96767944033678,27.8309706876924],[-17.967890746358957,27.830692808962173],[-17.967898799413543,27.83057862122823],[-17.967852528955937,27.830507812551062],[-17.967915557722105,27.830336958416105],[-17.968037757002,27.830229960030685],[-17.96824049631502,27.830166692359242],[-17.96847207866566,27.83016026512693],[-17.968527237593324,27.830102879392232],[-17.968533821431524,27.830031655043584],[-17.968379160597994,27.829878114676895],[-17.968420200388227,27.829764293013845],[-17.968335138143154,27.82964019548982],[-17.968344117428586,27.829563777823537],[-17.968031442456727,27.829431588575243],[-17.967880836888586,27.82925549888337],[-17.967809941332355,27.828764677539233],[-17.967856547018066,27.82853103230079],[-17.968124932149273,27.828430450298818],[-17.968274509001027,27.82817922769974],[-17.968698057166684,27.827901040503516],[-17.96865597877134,27.827821674968817],[-17.968502716158657,27.827909406646512],[-17.968440022384932,27.82788008568504],[-17.96824060171773,27.82750235291536],[-17.9681849881414,27.827159141430492],[-17.96820868837131,27.827049481632457],[-17.968688675345305,27.82685747643224],[-17.96899907156793,27.826664068476855],[-17.969351491301012,27.826706005830957],[-17.969709340966556,27.82666790250737],[-17.969771208173878,27.826506724829713],[-17.969777956566695,27.82594242880299],[-17.96986046388644,27.825574234106632],[-17.969937858168297,27.82548768359508],[-17.970086777028754,27.825456693683158],[-17.970194500090553,27.82524689955509],[-17.97043200821265,27.825041256566266],[-17.97054574140194,27.82504836930245],[-17.970682752531047,27.824651126784193],[-17.970954374516726,27.824301139844888],[-17.97109421218984,27.82417526704015],[-17.97136716916713,27.824045624729067],[-17.971834637971284,27.82387525807175],[-17.972263024416744,27.823808476957314],[-17.972347359314472,27.823757046365255],[-17.97267417114941,27.82328057072651],[-17.97270105415202,27.822897065761897],[-17.972861436240063,27.82269497537062],[-17.97303978093817,27.822742369069953],[-17.97315473145019,27.822924453686785],[-17.973422977800166,27.82297947109928],[-17.974067451043695,27.819805473656594],[-17.974268272844075,27.81909260827405],[-17.974520128470896,27.818516220828972],[-17.974756699060414,27.81813414177944],[-17.97503706371734,27.817892312229624],[-17.975287416080338,27.817808794967522],[-17.97550203791403,27.817813908705222],[-17.976056435644328,27.818034412331556],[-17.97641530490761,27.81806085886113],[-17.9769055147674,27.817724999111984],[-17.97738509698436,27.817687498332276],[-17.977669228913484,27.817759935878254],[-17.977806416611088,27.817749397647354],[-17.978447247115824,27.817497601211315],[-17.978980385148848,27.817437379536887],[-17.97905161008443,27.817463444689317],[-17.97914625379309,27.817566851928888],[-17.979214720742018,27.81789679044709],[-17.97930422385174,27.81806083678897],[-17.979636006891585,27.818492163083672],[-17.979850568718305,27.81887379104479],[-17.97992182795579,27.819302083414087],[-17.98034331246451,27.819963750365293],[-17.980649259370264,27.820611314105367],[-17.98060653926738,27.820718770301863],[-17.98038931604894,27.820949068376844],[-17.980256438403085,27.82129192520173],[-17.980386736182798,27.821875539106024],[-17.980700419221098,27.822063516418066],[-17.980790344328312,27.82207203728987],[-17.980917703386986,27.821983860342897],[-17.980891469011425,27.821662572526243],[-17.98093224685546,27.821409836489643],[-17.981013471009504,27.821389589158684],[-17.981205205218195,27.821444260159588],[-17.98126761420273,27.821229394121808],[-17.981437087321396,27.821093309386903],[-17.98154318434618,27.821095887542647],[-17.981835633674688,27.82131995252408],[-17.981906722233855,27.821329781897145],[-17.98218541694167,27.821061980207613],[-17.98234704884681,27.821069581440444],[-17.98236987804191,27.82084330266829],[-17.982848755256462,27.82049774450434],[-17.982731181156186,27.820157143565993],[-17.982782048870853,27.820069446166404],[-17.982975693969426,27.82017549079512],[-17.983151386007528,27.820163032066397],[-17.98341540915893,27.82028631701034],[-17.983812903131305,27.820155581789006],[-17.98414653534135,27.820260581464865],[-17.984299665424036,27.820161470527626],[-17.984254151351795,27.820022094893616],[-17.98433703901972,27.819914400314794],[-17.984624517406463,27.819778826225964],[-17.984838148418163,27.819736498359664],[-17.985185000837834,27.81972773069931],[-17.9855761238507,27.819827694265662],[-17.98573138115076,27.819776705648863],[-17.985855489214135,27.819814612203754],[-17.98618813651793,27.819790994888766],[-17.98648445732424,27.819833923094325],[-17.986730217250958,27.819931166606384],[-17.987139656580727,27.819829299871625],[-17.987156497218475,27.819625521514077],[-17.98751388235572,27.81946795128667],[-17.98778256252209,27.81923896410796],[-17.987481405852396,27.818493531677355],[-17.987481514824893,27.818301210898944],[-17.987570431033504,27.81797301169374],[-17.987551278240005,27.817810875875125],[-17.987275578328394,27.817479747149203],[-17.987186243673538,27.817170381665427],[-17.986813934413618,27.816708650943195],[-17.98680366510646,27.816574466784733],[-17.98690808362957,27.816460351226638],[-17.986925127387508,27.81636770183421],[-17.9867061756129,27.8162339760025],[-17.98657028221874,27.815902615331435],[-17.986164662312962,27.815780325932366],[-17.986049721897086,27.815691705770533],[-17.98579312879648,27.815624552960994],[-17.98559350798697,27.815511244384336],[-17.98508634646338,27.81551175398152],[-17.984684141523992,27.815325069418233],[-17.98444583504438,27.815054825961894],[-17.984341800307863,27.814793675240114],[-17.98392239279429,27.814430466640008],[-17.983806509240857,27.813977162556874],[-17.983855674797525,27.813823651453003],[-17.98344378011978,27.813653319153048],[-17.983271862589234,27.813454704510466],[-17.983245068973538,27.813198377456448],[-17.983399576118078,27.812790102638264],[-17.983482310506922,27.811816345393392],[-17.98323997722704,27.811309395722024],[-17.983243340804563,27.81124690051812],[-17.98333473164306,27.811157244519876],[-17.98336255952872,27.810983988781178],[-17.9832591709275,27.810772165424787],[-17.98309238385696,27.810645964861695],[-17.983022924130676,27.81044315003018],[-17.982488020774948,27.810211066054467],[-17.98233861605068,27.80997100968277],[-17.981448548879968,27.809549947795407],[-17.980872010243257,27.809145290425217],[-17.98047579283907,27.808961258749328],[-17.98043260823518,27.80850196015168],[-17.980504630184694,27.808074632021114],[-17.98040470034466,27.80785912304094],[-17.98044915999633,27.807819193806928],[-17.980407362797543,27.807692905961915],[-17.980972259248112,27.807233643470497],[-17.981031213009555,27.807093001655087],[-17.981007584766356,27.806911386046668],[-17.98088691761667,27.806720320143047],[-17.98072034237635,27.80666095426403],[-17.980608348400985,27.806534829519414],[-17.980525366550346,27.806579469626318],[-17.98050736552684,27.806091302288223],[-17.98030888549563,27.805851761676795],[-17.980348971532027,27.805607159135853],[-17.980282934010766,27.80539930710479],[-17.980006060133967,27.80493026056527],[-17.979847495223304,27.80448427743753],[-17.97958932305041,27.804250444423246],[-17.97956655302861,27.804174441206726],[-17.979515912509527,27.80417373036692],[-17.979409427889532,27.803729057735136],[-17.979476854851693,27.803073878120312],[-17.979376375286098,27.803020029216967],[-17.97931456111552,27.802862690960406],[-17.979620015219663,27.801945195090234],[-17.97971667921618,27.801874190720202],[-17.97974362937514,27.801542281671768],[-17.979900827171207,27.801280808003817],[-17.979779707482606,27.801358925506257],[-17.979837107534667,27.801139116744853],[-17.979947427143447,27.80099240508975],[-17.979843628175132,27.800389633385986],[-17.979926603141067,27.80024829305392],[-17.980042511372396,27.799793587086178],[-17.980010555056044,27.799667176550926],[-17.979732571416786,27.799219982147356],[-17.979727708547248,27.799019558783687],[-17.979584971981097,27.79885196996601],[-17.979625798785293,27.798601037084367],[-17.979553668357756,27.79846701422166],[-17.979498091685528,27.798151590138684],[-17.97926408752942,27.797840017268527],[-17.97924891364676,27.79770404318388],[-17.979150122529752,27.797618946003865],[-17.97911023843058,27.79747331190136],[-17.978785786713395,27.79727446336166],[-17.978747621826802,27.796950183643386],[-17.978645991262084,27.79686135864552],[-17.97864514643537,27.796696570048272],[-17.97877361546003,27.79638980272111],[-17.978759742786313,27.79609702196485],[-17.978807805873394,27.795917917643283],[-17.97875976779625,27.795741067532212],[-17.978784084633247,27.79516755262487],[-17.978705537451674,27.79481681167681],[-17.978760933766672,27.79470944353342],[-17.978707437179057,27.794444038366372],[-17.978719045085903,27.79411850406151],[-17.9788967813045,27.793662013695368],[-17.978814907686424,27.793483007043214],[-17.979055455558726,27.793150096837458],[-17.97922631083958,27.792709179926828],[-17.979393758435368,27.792533723227624],[-17.979461327917136,27.792136530064443],[-17.97980683938574,27.791732435821466],[-17.979854131011848,27.791291028134744],[-17.980126813440087,27.790493131279916],[-17.980145340981238,27.78990467680874],[-17.9802915463096,27.789151816600636],[-17.980599730213733,27.78858832043148],[-17.980750886660072,27.788448033795742],[-17.980976140349014,27.788339433271652],[-17.981178219239645,27.78807302089874],[-17.981526680594815,27.78778134669191],[-17.98167690892887,27.787547715781653],[-17.98173526588021,27.786928633213883],[-17.981832165215085,27.786799891021097],[-17.982036748058885,27.786666207062957],[-17.98207358807705,27.786362408777872],[-17.98204899807,27.786045053240276],[-17.982094496204287,27.785846609199304],[-17.982211209362376,27.785600351219355],[-17.98258179053497,27.785201663603093],[-17.982718499484672,27.784859444998386],[-17.982721409482966,27.78457604452528],[-17.98262680257231,27.78414239231452],[-17.98281859126211,27.783607295723098],[-17.98293289247358,27.783473396100426],[-17.983117670056124,27.783379829484474],[-17.9833078388442,27.783201442566483],[-17.98337189537862,27.783032726133495],[-17.983400069700917,27.78257456094632],[-17.983698532694905,27.782459410398943],[-17.984068928933592,27.782120925039997],[-17.984273786597786,27.781993997860802],[-17.984595100223068,27.781526370589525],[-17.98478527108667,27.781396512758946],[-17.984881374363326,27.78123522162496],[-17.98529347000127,27.78105753752943],[-17.9853884699781,27.78091900188201],[-17.98544863273041,27.78024801115077],[-17.985256585640442,27.780090152844895],[-17.985232321177026,27.77974410552842],[-17.9853220902924,27.77964429126094],[-17.985598751982288,27.77952861938293],[-17.985728455897682,27.779305441597483],[-17.985861180295924,27.779248448222088],[-17.986102588614013,27.778741051021083],[-17.98619369021226,27.77839692939755],[-17.98614307954903,27.777858862042176],[-17.98619066450249,27.77763321993309],[-17.98651523249368,27.776780789867246],[-17.986633656651538,27.77617484038335],[-17.986972822955572,27.775326153121767],[-17.98709312769305,27.774777984800785],[-17.98737402780225,27.774502553702483],[-17.987600595756973,27.7740835167217],[-17.987668996130342,27.773740246332803],[-17.987703707481515,27.773036519652987],[-17.987798549279006,27.772810937370817],[-17.98777214477002,27.772750258660526],[-17.98745171486409,27.772614574232747],[-17.98722563233459,27.7724206500568],[-17.986973534845127,27.77242511005246],[-17.98660675675856,27.772218802232683],[-17.986223088157292,27.772281312004285],[-17.985476729740366,27.771737717828856],[-17.985212978021753,27.771738727972917],[-17.98471711663162,27.77137319430249],[-17.98450101544672,27.771162000535494],[-17.984379382860766,27.770941548717992],[-17.984022637461653,27.770786614620917],[-17.983908420216444,27.770585125823594],[-17.98375151301943,27.770454378760647],[-17.983686172778626,27.770323277232237],[-17.98370917806028,27.770003269659963],[-17.983606275641453,27.769915286215745],[-17.983586904915033,27.769707237924933],[-17.983351250153905,27.76931821673277],[-17.983111274169204,27.76906432719907],[-17.98306284027509,27.768865205404172],[-17.982903738786607,27.768717094722692],[-17.982887384628842,27.768634367868877],[-17.982589079333458,27.768231092276345],[-17.982520318840905,27.767963401244934],[-17.98251307278089,27.767571520901836],[-17.982460399623427,27.767517993150218],[-17.98244354705493,27.7673389365755],[-17.98235312871036,27.767254922123172],[-17.982314104222645,27.76702889566556],[-17.9819729946701,27.766513513831963],[-17.981790349030533,27.766126682432223],[-17.98152571174068,27.764949698250533],[-17.98135133810865,27.764691231600963],[-17.981104202839795,27.764564683208544],[-17.980916377798984,27.764262846260433],[-17.980995305696034,27.76401118099878],[-17.98094551049598,27.76372097885703],[-17.981020341106788,27.763293048371604],[-17.9814456733452,27.76343474885388],[-17.981767205414066,27.763677166811238],[-17.982968418578754,27.763728595088416],[-17.983307524695956,27.763960093617122],[-17.983592135361118,27.764040364619266],[-17.984521039631836,27.764100221949892],[-17.984810807598958,27.764049940660477],[-17.985285734084677,27.764047526205005],[-17.985505385928015,27.764140472692002],[-17.98613325939536,27.76402758476882],[-17.98639867608367,27.7640473755546],[-17.98715152047035,27.764292155019866],[-17.987275158865582,27.76468259987835],[-17.9874674231288,27.764738068317843],[-17.987734684219873,27.764658319159608],[-17.988119849818567,27.764391908477357],[-17.98892859638415,27.76440751786502],[-17.989310575152352,27.764506778196296],[-17.98977181882331,27.76452313648674],[-17.99061313145923,27.764394693742723],[-17.99103057300957,27.764448349106097],[-17.991467674540722,27.764411982482034],[-17.99150961065155,27.76446997413984],[-17.99145326460259,27.764603718873612],[-17.99126275264137,27.764749571954667],[-17.99131999317617,27.764875335159914],[-17.99150651401405,27.764928517541698],[-17.991670200412823,27.76485182675288],[-17.991885000058495,27.76507097415945],[-17.992204397166415,27.76503092008917],[-17.992534402844818,27.76515861939314],[-17.99268267877791,27.76532137378725],[-17.992743114692463,27.76568311641212],[-17.99271108510684,27.765790997095447],[-17.992597854274134,27.765914467500906],[-17.992147457061737,27.766003749908496],[-17.991859409583537,27.76598814122163],[-17.99156889251014,27.766064429140936],[-17.9914980623429,27.766136422002486],[-17.99128510541866,27.766195256111583],[-17.991237432176767,27.766324253378283],[-17.991509105967392,27.766361748095587],[-17.991658103834613,27.766460459385865],[-17.99183183036489,27.766482723535667],[-17.991945882385014,27.76655182682565],[-17.992349560867865,27.766601642858042],[-17.99269546457427,27.766767660848846]]]}},{"id":"40","type":"Feature","properties":{"categoria":"Reserva Natural Especial","nombre":"Güi-güí","codigo":"C-08"},"geometry":{"type":"Polygon","coordinates":[[[-15.821405071678212,27.99665723702891],[-15.821540064124267,27.996796670584622],[-15.82132024213271,27.996904860868355],[-15.821058309206,27.997339421747274],[-15.821170752026827,27.997772180059982],[-15.821372906159542,27.99809925844924],[-15.821377328282997,27.99838202291383],[-15.821102647341798,27.998766687754074],[-15.820916599335952,27.99925250050392],[-15.8206717586292,27.99960564535673],[-15.820550793706667,27.99970457865824],[-15.820132540622936,27.999825216620227],[-15.819898244003573,27.99981715393508],[-15.819418211871362,27.999609086944677],[-15.818714470042096,27.999073694517257],[-15.818588590895256,27.998888555536137],[-15.81815443971438,27.998627702054765],[-15.81763425879842,27.998566958972997],[-15.817012496978087,27.99837076588771],[-15.815842783009748,27.99760170585848],[-15.81572499347874,27.99756080928235],[-15.81552491917559,27.99758056419841],[-15.815764177758531,27.99733798530783],[-15.815986011408327,27.997274564735584],[-15.8159879434706,27.997207032914332],[-15.81569833970027,27.997062607591094],[-15.815709193146976,27.997031852131506],[-15.816528785410954,27.996526145357745],[-15.81600213239385,27.99657140882],[-15.81546218237132,27.996498507247104],[-15.815306717033426,27.99642403742687],[-15.815038077580752,27.996164927377222],[-15.814810906071187,27.995815889905522],[-15.8143643816539,27.99680671577647],[-15.813874123732072,27.996828971944907],[-15.81360672859173,27.996756895811085],[-15.813299359653698,27.99636688833563],[-15.812999430208986,27.995536888383416],[-15.812964783092653,27.995278141657973],[-15.813188057279577,27.99480540625286],[-15.813204305901214,27.994607289419264],[-15.813283663012898,27.994514385735133],[-15.81326299664648,27.994427426496248],[-15.81315503214787,27.99436578914215],[-15.812872791788338,27.993925812980443],[-15.812889178748081,27.9937243825014],[-15.813001834157392,27.993515450308664],[-15.812970226314722,27.993206270884443],[-15.812797168200651,27.992781229167253],[-15.812906066562872,27.99250943858656],[-15.812546176926386,27.992269809917993],[-15.812336374310721,27.99222781107555],[-15.812173302325524,27.992057265141664],[-15.8120810969365,27.991871316047057],[-15.811804165876465,27.991603726889146],[-15.8117144981267,27.99186905731096],[-15.811466927244501,27.992095827290306],[-15.811072221566407,27.992164457669823],[-15.810784638816104,27.992089028571527],[-15.810493451561632,27.991923207688316],[-15.810400045172598,27.991769354768444],[-15.810332739496019,27.9914504283447],[-15.809940450348245,27.9914720928277],[-15.809691399957234,27.99130529083698],[-15.809559347294908,27.99116438360809],[-15.809544720632596,27.991079545564467],[-15.809693521385508,27.990282722248313],[-15.809681525492623,27.990158006359163],[-15.809527657146969,27.989971587980385],[-15.809639319510156,27.989648421016692],[-15.809618703112745,27.989526788865422],[-15.809314930115393,27.989504601677343],[-15.809124394533972,27.989438130114287],[-15.80894187507754,27.98926848891606],[-15.808680647609025,27.98919145593129],[-15.808346328359997,27.98921567247105],[-15.808102412935277,27.98947461362138],[-15.80782338510979,27.989519735044002],[-15.8073366782702,27.989228247007674],[-15.807296565453274,27.98910729760075],[-15.807380138771126,27.988815791758157],[-15.807905963093209,27.988527447672496],[-15.807793829247226,27.98847687922649],[-15.807215338535848,27.987838099711837],[-15.807323808820303,27.987435228418345],[-15.807361495299356,27.987077689974505],[-15.807482351599383,27.986920708330626],[-15.80783223873137,27.986844128295047],[-15.807681943691914,27.986631256157022],[-15.807732153116252,27.986406951978946],[-15.807845685472321,27.986315294921447],[-15.807763315378049,27.986153873854086],[-15.807802121071692,27.985728447064],[-15.807881155794574,27.985442446766758],[-15.808011973919024,27.985225323691022],[-15.808233794954182,27.985037418122165],[-15.808355260844374,27.98480720664518],[-15.80832361362724,27.98403513085142],[-15.808552015665637,27.983832887635803],[-15.808522206067952,27.98354449373323],[-15.808779605115857,27.983241123820385],[-15.809417195371006,27.983348294698807],[-15.809961527574378,27.983105193820087],[-15.810087331808816,27.982716083407865],[-15.810429177044657,27.98239285961028],[-15.810651317290711,27.982272080732702],[-15.81029234518181,27.98243829431219],[-15.80971618528821,27.98245208615524],[-15.809660779099312,27.982589764287777],[-15.808093588600533,27.98299139418397],[-15.807952410170756,27.983103289466065],[-15.807688416476676,27.983526283818975],[-15.807138042522134,27.983532547646078],[-15.80663657139049,27.983745489294137],[-15.80659540687682,27.983679582203422],[-15.806301236428375,27.98365285447029],[-15.806055973167856,27.98285718806529],[-15.806037183877953,27.982562085160964],[-15.805913992630849,27.98227337114935],[-15.805936809766516,27.981928629669643],[-15.805890502432412,27.98187382837275],[-15.80606327155181,27.981691801244896],[-15.806118801506573,27.980954887440035],[-15.806422257607986,27.980412889714948],[-15.80668130309376,27.98019156775172],[-15.80645743933462,27.98015588849929],[-15.80598358274984,27.980273631392546],[-15.805838352542674,27.980346407976725],[-15.805481679279838,27.98066754998588],[-15.80526459291408,27.980681955048958],[-15.805096654496738,27.98063267675621],[-15.804960983694722,27.980525013516083],[-15.804935799090929,27.980332203567723],[-15.804792935720938,27.980176035992216],[-15.803455362125858,27.979241752725674],[-15.80305671711948,27.97890480735481],[-15.802440091198454,27.978548488161454],[-15.802032849887999,27.978566172650083],[-15.801788311375695,27.9785198011442],[-15.801033009312206,27.97802158763278],[-15.800730880337046,27.977666741719144],[-15.800433244613595,27.977413411766804],[-15.800166459992095,27.976931414539855],[-15.799866579808421,27.976527754449073],[-15.799428782464993,27.976249149535516],[-15.799701533574613,27.975523910111402],[-15.799864924550109,27.975333044658345],[-15.799961082981094,27.97509215511277],[-15.800171576921821,27.974803074244992],[-15.800184054425142,27.97464210737669],[-15.800342003574638,27.974331396655092],[-15.800397889141145,27.97399035365022],[-15.800509130389113,27.973853653958436],[-15.800891618333884,27.973565006380188],[-15.801033240929849,27.97334320494305],[-15.801124227213007,27.97294504306358],[-15.801499783177515,27.972412483965865],[-15.801412511838127,27.97242432103384],[-15.800812210304919,27.97279684261307],[-15.800345035528956,27.972956835701833],[-15.800128737762027,27.9730981903213],[-15.800031405949936,27.973077777983928],[-15.799797699986017,27.97283855355336],[-15.799716216660581,27.972573710417375],[-15.799539341171611,27.972545852557136],[-15.799432145292753,27.972461695417955],[-15.799344240065018,27.972188945727154],[-15.799154503136803,27.97196098290318],[-15.799028986703386,27.97166158756189],[-15.798887274537027,27.971460209287304],[-15.79870031504589,27.971299822634535],[-15.798662418543865,27.971032992570034],[-15.798466680123868,27.970784843421093],[-15.798399281535849,27.97055703598973],[-15.798217816907126,27.970347221859353],[-15.797952485869285,27.970147426236625],[-15.797647567691909,27.969632858848936],[-15.797504760142944,27.969478136096093],[-15.79699464332852,27.96917259046054],[-15.79653627463054,27.968672485574572],[-15.796505505243465,27.968602759798088],[-15.796535795500398,27.968538024440534],[-15.796304910567763,27.96848953266468],[-15.796156423530741,27.968339029762504],[-15.796162851479817,27.968239625030748],[-15.796380147345966,27.96805754170392],[-15.79588586371919,27.968021261263154],[-15.79547922589497,27.96791919018892],[-15.795185874696,27.967953671351268],[-15.794984627668759,27.96783986829556],[-15.794940220437148,27.967607141868662],[-15.7950334707276,27.967767822631526],[-15.795184805019717,27.967829955537436],[-15.795330877208903,27.96778451864846],[-15.795419134758868,27.96766079198012],[-15.795387459013318,27.967070799658032],[-15.79522024985346,27.966174497143715],[-15.795032862298365,27.965839961615554],[-15.795106043661745,27.965615311762125],[-15.795289287079889,27.96535689724812],[-15.795270509483531,27.965236316756183],[-15.795025175099557,27.965013056062705],[-15.794830888870681,27.964957670337235],[-15.79435368713657,27.965141775423014],[-15.793965635345913,27.96539378806218],[-15.793633598183193,27.965478660300967],[-15.793314186804059,27.964871099176904],[-15.792905963620958,27.96468650586087],[-15.792933151950699,27.964344682680753],[-15.793059965468174,27.963779231719602],[-15.792882914945045,27.963410872966456],[-15.792797429532067,27.96332958215996],[-15.79263891513338,27.96328554154935],[-15.791937844227107,27.963261684974178],[-15.791811235436716,27.963095389563147],[-15.791793780605028,27.962853182001187],[-15.791889699952831,27.962625839233098],[-15.7921936777583,27.96238884968357],[-15.792161216873064,27.96227340246901],[-15.791969383094392,27.96209351806176],[-15.791974729572766,27.961892820177244],[-15.792348516201617,27.961386879413272],[-15.792710098791185,27.961284328099527],[-15.792913520697667,27.961102348159038],[-15.792942205720353,27.96100713003576],[-15.792816219604896,27.96089249261883],[-15.792522709205079,27.960877664067734],[-15.792239138687384,27.960720424053665],[-15.79182916984531,27.960712131853843],[-15.7917186694979,27.960657523208308],[-15.791554410011516,27.96041068070231],[-15.791417293575199,27.960302966397666],[-15.79136541835758,27.959964757313074],[-15.79097570722922,27.95948559502919],[-15.790825949291483,27.95916356469052],[-15.790602307103452,27.958956329017973],[-15.790380790769232,27.958929166747115],[-15.790023245566031,27.95897111843623],[-15.788986203732133,27.95865146847788],[-15.788953970466594,27.958538727134048],[-15.789075653983934,27.958132542555678],[-15.789405698784265,27.957930072830905],[-15.789560237395953,27.957778257085632],[-15.78938088264137,27.95748139921891],[-15.789678606059914,27.95733607378323],[-15.789772499872731,27.957232718969188],[-15.789780781518802,27.956456992497223],[-15.789682870812781,27.956399421261448],[-15.789340430068465,27.9564763086677],[-15.789061493241103,27.95628301797525],[-15.78841253490704,27.95613418284687],[-15.788070430448437,27.95585143453973],[-15.787965964913424,27.95561895877352],[-15.787613359388926,27.955499746085625],[-15.787450557675891,27.95529730212917],[-15.787545895459049,27.95488856135102],[-15.787519611624338,27.954670712698043],[-15.787445983707252,27.954498810893817],[-15.787068330018146,27.954107128350863],[-15.78706921338323,27.95357011436917],[-15.787146992089637,27.953277289018004],[-15.787191144759317,27.95274932521088],[-15.78732757557747,27.952470155954853],[-15.787807653749885,27.95200198321935],[-15.788083955618227,27.951386212715523],[-15.78808080483135,27.951302280777625],[-15.787599594816474,27.95106753779912],[-15.787468593785961,27.950847760605285],[-15.787405756988512,27.95059356202649],[-15.787078456285856,27.950204660189915],[-15.786605282937574,27.949969777372942],[-15.78629475605105,27.949692620803944],[-15.785871295498094,27.949513959711865],[-15.785350783178858,27.949465296559275],[-15.785044400706491,27.949156158260504],[-15.784949489287225,27.949202826890776],[-15.784797107192501,27.94955375836317],[-15.784712885753443,27.949630876761226],[-15.784582799318878,27.949620966547425],[-15.784344781242806,27.949473740420174],[-15.784129559496499,27.94924559337868],[-15.784214214996386,27.948707921079695],[-15.78410227541987,27.948451834053603],[-15.783944721002031,27.94834016610207],[-15.783807178707697,27.948325152263134],[-15.783339052939539,27.94850591742662],[-15.783247034548868,27.948502740000624],[-15.783322088140379,27.94800032763866],[-15.783164429496146,27.94776128994337],[-15.783132441751826,27.947624895075837],[-15.782543383283699,27.947598456149837],[-15.782469525230823,27.94754796431712],[-15.782310201766123,27.947091657771864],[-15.782371484848834,27.946836028995413],[-15.78224264143769,27.946659563286044],[-15.78246794433072,27.94629910282182],[-15.782120151794237,27.946038667401265],[-15.78190370134625,27.945751216886507],[-15.78189247043581,27.94557498543182],[-15.781986363906963,27.945302562067738],[-15.781834356258534,27.94505681065546],[-15.781861899855551,27.944802276325966],[-15.781804730888686,27.944556437551068],[-15.78182542018002,27.94414054123382],[-15.781623489954999,27.943483175703793],[-15.781241855498111,27.94327862588581],[-15.780608115310276,27.943254869113535],[-15.780288164383869,27.94297693923402],[-15.780243856785782,27.942865256788036],[-15.780526514044722,27.942876111731422],[-15.78103917121598,27.942657010141883],[-15.781488692357826,27.942789411408683],[-15.781561122492256,27.94276914108002],[-15.781570181541571,27.942714386649747],[-15.781280606725826,27.942547317482404],[-15.7808124927351,27.942175627578315],[-15.780348096133824,27.94140140542045],[-15.780193648766613,27.940956261485624],[-15.779674847556956,27.94029048736304],[-15.779761160737245,27.940236198218734],[-15.780056444539134,27.940378504702586],[-15.780642038537485,27.940508242285738],[-15.781100734198402,27.940885853889537],[-15.781248068134541,27.940892781090145],[-15.781518070746987,27.940614845050675],[-15.781977094340784,27.940487035664706],[-15.782518498199368,27.940168559793843],[-15.783096328390176,27.939559750076683],[-15.783737578898366,27.93902152843362],[-15.784688554134316,27.938697733350878],[-15.785195171833804,27.9383079523136],[-15.785459109470974,27.938233690121578],[-15.785659803306718,27.93783328535723],[-15.785825370802236,27.93762147217079],[-15.786282056644731,27.93753825485883],[-15.786300118530441,27.937463860336283],[-15.786183598999983,27.93733228159493],[-15.786222868001019,27.9372753684476],[-15.786074476391757,27.937065491719917],[-15.786340515756496,27.9365688652758],[-15.786410151373332,27.936258808795397],[-15.786503312436738,27.936118034777817],[-15.786880228199202,27.935956863513816],[-15.787462521372738,27.935899951077435],[-15.788057276630028,27.935638740294443],[-15.788146938130067,27.935643571054346],[-15.788236740257405,27.935737803360603],[-15.788902111899025,27.936646359546668],[-15.788994985535416,27.93725272373159],[-15.78910482208269,27.93752723410733],[-15.789076832624508,27.937659114971783],[-15.78942657240179,27.937562508408767],[-15.789639616028193,27.93735865107091],[-15.789976968923412,27.937210994855132],[-15.790252252565915,27.937249702258306],[-15.790584249133822,27.93737171767138],[-15.791111894984784,27.937405525872393],[-15.791063081391217,27.937178761889793],[-15.790746327527282,27.936827304756818],[-15.790556441884851,27.936500673658564],[-15.790294069499174,27.935822355194738],[-15.79028904343213,27.93542215851757],[-15.790077876726164,27.93487453490766],[-15.789991953007341,27.93448637476755],[-15.789998950239548,27.934196318420167],[-15.790147189820857,27.933918161562552],[-15.790471089441844,27.933733453789728],[-15.790804799143656,27.933667834966908],[-15.790946265719098,27.934268872869662],[-15.791191087578353,27.93481499287992],[-15.791989263992791,27.935286311456046],[-15.792288213157788,27.935353981453304],[-15.792463039600703,27.935471769370082],[-15.792568030773138,27.93548806345113],[-15.792603849122557,27.935334905588626],[-15.792382122297335,27.935035477752955],[-15.792303099592473,27.934502117968],[-15.792313269213846,27.93420193321834],[-15.792501705675063,27.933975970839576],[-15.793171241163845,27.933912032963118],[-15.793365639070755,27.933784536571938],[-15.793530282359539,27.933552066097604],[-15.793996079213095,27.933914789852903],[-15.794323902880697,27.933975726436834],[-15.794518952933052,27.934184891700532],[-15.794841388860634,27.93406777557278],[-15.794889906669823,27.93401160099264],[-15.794893345900022,27.93385935161138],[-15.795017931076123,27.93372835627037],[-15.794962421669176,27.933584679726867],[-15.794831655599111,27.933448803498365],[-15.79471833804594,27.932922142445626],[-15.794752064223164,27.932741933468556],[-15.795939928625925,27.932407125820717],[-15.796192820554731,27.93209904740979],[-15.797504791629196,27.931517778729237],[-15.797591553181896,27.931551650667075],[-15.797801084884364,27.931894605290637],[-15.797887857379372,27.932239868635996],[-15.798060819825896,27.932563121352928],[-15.798076830881376,27.93268390766158],[-15.798001507573685,27.932901143008717],[-15.798280925572303,27.932950362977788],[-15.798476175267846,27.933075309566245],[-15.798556407908828,27.933172054902002],[-15.798526187320583,27.9334411592414],[-15.798706482454289,27.933478378617366],[-15.798878769954225,27.93362080746525],[-15.799004775664896,27.9336615188497],[-15.799129051492542,27.933577605907495],[-15.79924169566107,27.933349483605294],[-15.799261577796008,27.932648015034452],[-15.799292489191942,27.93256146634203],[-15.799424790886736,27.93246623197283],[-15.7993929273184,27.932246594123033],[-15.799563949187283,27.93181678787201],[-15.799774212609531,27.931573501819475],[-15.799892309423107,27.93151489938547],[-15.800161301177681,27.931492972040992],[-15.800448057208163,27.93154806666377],[-15.800628801770625,27.931889315605925],[-15.801001074978556,27.932093108253447],[-15.80111476209717,27.93222488943779],[-15.801452175057287,27.9331256148364],[-15.801766718359376,27.933463628032236],[-15.80206812294091,27.93439503603484],[-15.802234458777063,27.93441342072956],[-15.802378061248671,27.93450516376629],[-15.802381529420684,27.934622420824013],[-15.802287699321914,27.934865032429922],[-15.802349191663016,27.93486785160733],[-15.802504641038974,27.934689296705688],[-15.802601927716657,27.934474395393487],[-15.802773583138466,27.9344836493302],[-15.802782503202053,27.93437036410942],[-15.80286813776054,27.934339245663274],[-15.803034180036887,27.934537879893],[-15.803087797417403,27.934751323775036],[-15.803208483371785,27.934973908820115],[-15.803255740328915,27.934986920732634],[-15.803324110169985,27.934581106579582],[-15.803466339353353,27.934330412680822],[-15.803350737161622,27.93413552876373],[-15.803506653928228,27.934020519278782],[-15.803552645050187,27.933906439977513],[-15.803429992617462,27.933549835506064],[-15.803523665335248,27.93306660344232],[-15.803482760077749,27.932812933928357],[-15.80357282994946,27.932653390780622],[-15.803505705485565,27.93241662814946],[-15.803661854198726,27.932157475853572],[-15.803700512097485,27.931780431962462],[-15.803857593391939,27.931666715173012],[-15.804035122791891,27.931904421822942],[-15.80433031589211,27.932019686420542],[-15.804472924264472,27.93199661116866],[-15.804624026918514,27.931890872099036],[-15.804851501152685,27.9318841989006],[-15.804970434554557,27.931958029693053],[-15.805188429806215,27.9322768124164],[-15.805326778821255,27.932337241791625],[-15.80539644093892,27.932326290991075],[-15.80555287036946,27.932168669348112],[-15.805716555865176,27.932117883362864],[-15.806222268113759,27.932132688513093],[-15.806445195382995,27.932219918859953],[-15.806506317455508,27.932190855426924],[-15.80614651621034,27.93178592199745],[-15.805593671928031,27.931530627246566],[-15.804817775178385,27.930975641523702],[-15.804469709082923,27.93052763082145],[-15.803981258281905,27.930163486153592],[-15.80387939228306,27.929890530014564],[-15.803861486742601,27.929536491677325],[-15.803765237558213,27.92931925269276],[-15.803291454355666,27.928996904560133],[-15.80315570396347,27.928784083979647],[-15.803059001349045,27.928417217360003],[-15.803020102062135,27.927749743122895],[-15.803298640299053,27.927395573560656],[-15.803412109207487,27.927171044792228],[-15.803480554812317,27.926594702734587],[-15.803636337976402,27.926166280225555],[-15.803857146432343,27.926010270724806],[-15.804030904890933,27.925800103386972],[-15.804069016838532,27.925607878892873],[-15.804356313920719,27.925578669347523],[-15.804516795617866,27.92562351643315],[-15.804676428380112,27.925441179473747],[-15.805533073537724,27.925013623224544],[-15.8070274130696,27.923768444242658],[-15.807575653674016,27.923409219369056],[-15.807555165588939,27.923303950537434],[-15.807768686159143,27.923093274641026],[-15.807993596822758,27.92298489655044],[-15.808064620417198,27.922879072895523],[-15.808149627704102,27.922863418017204],[-15.80836985909986,27.92269718635099],[-15.8084931009218,27.922522018350982],[-15.808473429130576,27.92238996207608],[-15.808840159987259,27.922048244510297],[-15.80889966814408,27.921949294327444],[-15.808869788521058,27.921878130270592],[-15.809066780954257,27.92164857493042],[-15.809583903055312,27.9213980372509],[-15.809664311962035,27.921278247185462],[-15.810143412811016,27.92090369382065],[-15.810185901129593,27.920773971224943],[-15.810465441952175,27.920674204464994],[-15.810513263632687,27.920797735921727],[-15.810707913612774,27.920795741922124],[-15.810752439536053,27.920531930761488],[-15.810683916430452,27.920480591917414],[-15.810709167445024,27.92035348911208],[-15.81110293176433,27.9198231340684],[-15.81120396196453,27.91948471676397],[-15.811393994865249,27.919238932682227],[-15.811550079342707,27.919169408842418],[-15.811741509398233,27.919154415618586],[-15.811715370578044,27.919050868718074],[-15.812698213286524,27.9187398926455],[-15.81305011562478,27.91854673488273],[-15.813155405930676,27.918232645602753],[-15.813713456650891,27.917887104842166],[-15.813971410317613,27.917443768772692],[-15.813973139450265,27.917346268136278],[-15.814131471766556,27.917322368095736],[-15.8142575888858,27.9171600052558],[-15.814129962286477,27.91698244236266],[-15.814140957637346,27.916740908043295],[-15.814336510895298,27.916338236088652],[-15.815063977732725,27.91617239774911],[-15.815329488147574,27.916208062533045],[-15.815504155292219,27.916176860805002],[-15.815632914848738,27.916239801295138],[-15.815917006305535,27.916201569131854],[-15.816000217417963,27.916088285288133],[-15.816114359366212,27.91605045447138],[-15.816183118582634,27.915932977387023],[-15.816919027958571,27.915870373996373],[-15.81703551846738,27.915809780736865],[-15.81705192678607,27.91574171094944],[-15.81750584048075,27.915464943723624],[-15.817506117308367,27.91531257722511],[-15.817602148690884,27.915165257201984],[-15.818074733339046,27.91491778693221],[-15.81809989206442,27.914785122807263],[-15.818284234213156,27.914693686901156],[-15.81835051915753,27.914600280115828],[-15.818307985512488,27.91445509153017],[-15.81834094257041,27.914405365228955],[-15.818592262155217,27.914118324583956],[-15.818722644968908,27.914073065305963],[-15.818784650341122,27.91395124002009],[-15.819069206967049,27.913759902652572],[-15.81900270758819,27.913568413407567],[-15.81890703596867,27.913499998624427],[-15.81887421356392,27.913174945854685],[-15.819039765346911,27.912830235850198],[-15.819061300610448,27.912482545466613],[-15.819190079966592,27.912304338230786],[-15.819277348978575,27.9122624580998],[-15.819665808389676,27.912325014807212],[-15.820336707375114,27.91220060306863],[-15.820823717371521,27.912253885813406],[-15.821756954746053,27.912177001237602],[-15.821972069050553,27.912249494770307],[-15.822303856287359,27.91220173053655],[-15.822299776299268,27.912049236607384],[-15.822410780700809,27.91167003153323],[-15.822691443596245,27.911482781178616],[-15.822675665013884,27.911402545124794],[-15.823124538171163,27.910751517004535],[-15.823685638214672,27.910388532544626],[-15.823874524683243,27.910319096751074],[-15.823941023051468,27.91034065249042],[-15.82405827031778,27.910084905624196],[-15.824781756192213,27.909784955118358],[-15.824994142092384,27.90976876214507],[-15.825428776472418,27.909410571921775],[-15.825758668235363,27.90941161923182],[-15.826009985546468,27.90934238409662],[-15.826190046119637,27.90918170015832],[-15.826200475374256,27.90896819690739],[-15.826520450913058,27.90875438075397],[-15.827004093674546,27.908667239837953],[-15.827051965891295,27.90874092782023],[-15.8270314445842,27.90889653909142],[-15.827134292241563,27.90898380747849],[-15.827545728619283,27.90903693355896],[-15.82759623005645,27.90900607423195],[-15.827567560734652,27.908853376145426],[-15.827436638512726,27.90869423311493],[-15.827486111148001,27.90857627056958],[-15.827597757419795,27.908484473623645],[-15.827532367327334,27.908229288170833],[-15.827603520146047,27.907987978386807],[-15.828163879260515,27.907692998024086],[-15.8283236790635,27.90755455801873],[-15.82871348001543,27.90704674473357],[-15.829413576567088,27.906535591578027],[-15.83000475875221,27.906540986491056],[-15.830217716968674,27.906474267677265],[-15.830264153020167,27.906572642700635],[-15.830235360624275,27.90678353072986],[-15.830535309327525,27.906973526340217],[-15.830718479394948,27.90685947780822],[-15.830838823156457,27.906991627939334],[-15.830775718915834,27.9072014320955],[-15.83085394328087,27.90726826487177],[-15.831013811704764,27.90727496462179],[-15.830922925798037,27.907380946705125],[-15.831018547720246,27.907533023633636],[-15.831134546832219,27.907628379030744],[-15.831328333191484,27.907605680879136],[-15.831409154955386,27.907671919935083],[-15.831360583466877,27.907719739530904],[-15.831395791758936,27.907774121669473],[-15.831578768452882,27.907783551865723],[-15.831661990472902,27.908078553531826],[-15.83162806723898,27.90823474276753],[-15.83176214323924,27.908333879085607],[-15.831656779052468,27.908526462651388],[-15.831979827995225,27.908693351144166],[-15.831854325237897,27.90882236279405],[-15.83199045835726,27.909001645128225],[-15.832006940909414,27.909115934202],[-15.83223322948248,27.9092158130426],[-15.832292517313595,27.909399747657435],[-15.832690399069682,27.909595790507502],[-15.832965556948592,27.909646699845222],[-15.83314432431993,27.909891438876148],[-15.833185952757603,27.910274215529245],[-15.833018165294346,27.910783623675563],[-15.833110806377627,27.911224883898722],[-15.833280040134508,27.91141594332215],[-15.833277765370932,27.911628269144597],[-15.833333893042571,27.911781314299475],[-15.83332541952805,27.911863690633286],[-15.83321444111389,27.911954919424335],[-15.833186943593386,27.913034266361606],[-15.833405788272195,27.91339733943969],[-15.833546735859414,27.913458591613516],[-15.83362118624639,27.913753355917784],[-15.83382338277128,27.91376325341322],[-15.833824085457206,27.913921111059583],[-15.834010273695984,27.91394511486336],[-15.83407978528954,27.914019797596232],[-15.834122961938359,27.914452681466965],[-15.834190643897792,27.91465172934865],[-15.834161971128845,27.914771490913033],[-15.834267755254235,27.914887694137313],[-15.834409536654329,27.914930164443422],[-15.834337518098353,27.915145945575713],[-15.834595411170477,27.91567545209821],[-15.834559433915894,27.916114447963967],[-15.834425147036109,27.916285977497537],[-15.834421496289721,27.916384934059778],[-15.834514817653986,27.91642625343423],[-15.834401762788026,27.91662870674221],[-15.834453513118369,27.916827850900177],[-15.834308271198315,27.917139832481993],[-15.834274618211643,27.917603800491705],[-15.834190840346885,27.917813008940964],[-15.83421867774292,27.917941816201655],[-15.83441751662731,27.91806929890221],[-15.83436141514237,27.91817449475896],[-15.834443693962521,27.918363055009348],[-15.834226460136179,27.918743932272214],[-15.834250841320232,27.918827553906596],[-15.834407357058913,27.918797719975647],[-15.83443671009617,27.918959736839483],[-15.834269469831597,27.919729260735362],[-15.83410725909282,27.92005536353098],[-15.834058795458079,27.920477969660343],[-15.834128192257268,27.92070661506493],[-15.834058431863788,27.92115360529408],[-15.833822298383101,27.921591357210197],[-15.833468883608992,27.92202620768975],[-15.833431342212853,27.922389242385076],[-15.833210936184884,27.922593788480665],[-15.833021667574135,27.922636529029823],[-15.832854377355254,27.92274644069498],[-15.832604971871792,27.922792721740045],[-15.832185459097355,27.92310939169049],[-15.83195229623667,27.923177382327854],[-15.83157810128805,27.923573077698503],[-15.831573810322892,27.92379854943557],[-15.831712443172563,27.924259454297786],[-15.83155653080917,27.924411758060472],[-15.831361074650516,27.92479394363656],[-15.831266499725935,27.925227225962182],[-15.831486833708608,27.925163502341196],[-15.831532917192902,27.92521189694811],[-15.831533590031878,27.9254512129461],[-15.83135693921755,27.925504707328408],[-15.831309863562765,27.925581683658823],[-15.831372882301155,27.9258271226696],[-15.831474966652483,27.925907675927753],[-15.831055394745578,27.92615747192986],[-15.83093061640848,27.926128761120108],[-15.830859413740635,27.926556702648845],[-15.830800170155232,27.926634763218154],[-15.8308957816854,27.926719399968498],[-15.830815792294093,27.926891465012826],[-15.830825836435876,27.927075263442518],[-15.830980696361074,27.92706378580262],[-15.83128143622726,27.927495693309247],[-15.83137994447317,27.92752840779289],[-15.831507113090824,27.92772845149517],[-15.831494414237355,27.92776896847407],[-15.831218738349751,27.927868844749316],[-15.831176097302656,27.927991578469875],[-15.831429449926055,27.928180551963035],[-15.831628022098572,27.92818614123634],[-15.831626866988513,27.928247675249665],[-15.831523653223938,27.928420891912378],[-15.83117619917399,27.92878868522082],[-15.831126587523833,27.929004654225224],[-15.830857633261356,27.929000472809154],[-15.830264242011047,27.929424188329797],[-15.83016362144017,27.929620641538158],[-15.830045489144526,27.930206871451542],[-15.829714885514427,27.930546693684846],[-15.829567169400999,27.930794269434877],[-15.829419344861849,27.931198118566034],[-15.82936055273951,27.93148486761683],[-15.82941017099813,27.931892149234407],[-15.829638183126464,27.932342127377762],[-15.829574973314463,27.933008617574068],[-15.829631860338212,27.933345373565047],[-15.829823928029212,27.9337302675684],[-15.830116579627518,27.933806784539318],[-15.829906648742435,27.934063843718537],[-15.829853392335677,27.93422375033362],[-15.829888004974805,27.934390655788377],[-15.830083685836486,27.93467342487769],[-15.830084425343468,27.93477018822878],[-15.829721588302185,27.935107298132156],[-15.8296349612429,27.935348150877534],[-15.829453083692243,27.93555260339064],[-15.829444353696978,27.935729726617513],[-15.829339101818578,27.935938203738143],[-15.82956845765075,27.93675458222936],[-15.82950348122135,27.937062319722408],[-15.829372868672085,27.93735730042881],[-15.82933846555291,27.937686382698466],[-15.829522277472828,27.938032772856065],[-15.82984663966782,27.9380862792706],[-15.829961673201051,27.938178733926225],[-15.830016777570748,27.938345515711536],[-15.830007313305384,27.938554128947843],[-15.829964389604662,27.938725681063232],[-15.829682794436332,27.939182755333213],[-15.8296081819023,27.939251086775197],[-15.829409658754694,27.9392998091281],[-15.829246771469034,27.9395854517381],[-15.82919564572022,27.939771929248923],[-15.829230281420045,27.940218585449333],[-15.829168885186691,27.940417834587826],[-15.828928522414133,27.940698175222423],[-15.828312675925762,27.941212150943556],[-15.828125069048514,27.94134933205841],[-15.827900630936542,27.941415241813672],[-15.828015960221215,27.94165285688563],[-15.828027544454972,27.941807037883823],[-15.827991848432404,27.942969620785863],[-15.828234641774527,27.943987687686057],[-15.827918645729719,27.944649630781896],[-15.827688661821163,27.94539699154087],[-15.827610171148981,27.94638406056794],[-15.827658912288749,27.946804057007213],[-15.827810464674497,27.947226901495597],[-15.827797424462377,27.947564366877984],[-15.827982933825226,27.94862207169417],[-15.828218683060316,27.94946383180513],[-15.828372481875187,27.949626111464575],[-15.828374772026864,27.94977701726718],[-15.828557510641293,27.949916456171728],[-15.828795701539022,27.950224967471694],[-15.829036173393924,27.95032086470989],[-15.829180160664146,27.95049720311294],[-15.829493666563419,27.950678892858637],[-15.829637743085515,27.95101570013151],[-15.830247587766568,27.951877000676934],[-15.830350126811728,27.952268940721975],[-15.83083812914781,27.953083753971093],[-15.83085451337402,27.95339677750987],[-15.830756839630146,27.953704576933124],[-15.830704327586117,27.95453910763928],[-15.830130775590316,27.955275257176147],[-15.830100678889691,27.955423334139027],[-15.83016447177856,27.95574921479252],[-15.830450680225335,27.95629371909974],[-15.83041438953349,27.956992686094463],[-15.83056506153704,27.9576557174332],[-15.830883413201368,27.958233534139566],[-15.831181190510335,27.95854572481723],[-15.831605272415338,27.958698568570373],[-15.831927929053181,27.95869113020176],[-15.832395874897138,27.95881555169393],[-15.832679871858357,27.958984548778556],[-15.833162259778847,27.95940076222168],[-15.833332435859104,27.959659415188558],[-15.833331570320786,27.960224426600405],[-15.833476622768773,27.96051558355209],[-15.833528171176052,27.960810041824686],[-15.833850822475037,27.961245571493745],[-15.833805449428342,27.961331483750886],[-15.833273136832544,27.961768139261867],[-15.833170539285149,27.961940486483368],[-15.833077203159831,27.962307467772437],[-15.83288317827444,27.964155021564554],[-15.832904492995299,27.964346405274036],[-15.83312474180442,27.96478832422616],[-15.833363677407537,27.966016111469635],[-15.833519896158702,27.966489180728217],[-15.83349403791453,27.966765196448886],[-15.833203624375972,27.96733080549596],[-15.833201880216526,27.96765433663177],[-15.83326326327187,27.967767485968032],[-15.833593251011036,27.967882330093794],[-15.83366959323508,27.96801835278801],[-15.833842191496487,27.968989457128487],[-15.834117242999325,27.969683647769305],[-15.834236957970557,27.97023175122545],[-15.83423125510992,27.970907288062637],[-15.834092999935912,27.97129057358446],[-15.833528168651737,27.97226195807111],[-15.833497548826267,27.972447725458835],[-15.833578821679145,27.972777685957446],[-15.833541904081654,27.973096519366084],[-15.833258042802534,27.9743263251643],[-15.833007740548453,27.97482178708449],[-15.832724854398425,27.97505718530706],[-15.832183742633804,27.97530772154852],[-15.831967218202143,27.975520610176165],[-15.831443657301206,27.97640565706163],[-15.831374517420741,27.976639182811276],[-15.831194995466777,27.976883350123924],[-15.830506307273842,27.977196586986807],[-15.830087763441954,27.977542700025563],[-15.830062017319511,27.977664753191558],[-15.829937889278723,27.977750001941704],[-15.82992009758215,27.977869831632933],[-15.829646346617576,27.977897768942498],[-15.829672770636044,27.978204376097988],[-15.829420705282086,27.97838758743957],[-15.829566358778274,27.9785426921131],[-15.82924445722471,27.978720411727082],[-15.829143173581414,27.979240234317295],[-15.829012774981607,27.9793142546125],[-15.828482081904612,27.9793779584997],[-15.828016178116163,27.979510749592716],[-15.827816914762549,27.979642665899082],[-15.827667759631556,27.979838542170732],[-15.827612653442277,27.979993701285508],[-15.827641597133614,27.98024743276394],[-15.827413202603262,27.980420965779533],[-15.827335329985043,27.98089731764456],[-15.827372790236415,27.981158508218645],[-15.827469093115083,27.981071849436205],[-15.827570602604844,27.981094491762047],[-15.827553070554137,27.98133131581871],[-15.827402519901419,27.98147260616152],[-15.82732972401219,27.981740237048335],[-15.826868821499911,27.982255585822358],[-15.826703288722461,27.982883256744127],[-15.826540841837721,27.983195765606244],[-15.826484490820652,27.983870874810965],[-15.826608381987015,27.98471330457212],[-15.826774751288083,27.984829436196218],[-15.827014120906055,27.984794922942065],[-15.82711177316289,27.984841997168438],[-15.82732776380565,27.98506441799343],[-15.827309429345929,27.98522022229441],[-15.827357312967731,27.98531207969537],[-15.827558457971152,27.985470463137744],[-15.827511824174978,27.985712806012508],[-15.827349897891535,27.985832644890284],[-15.827413564632502,27.98590332074328],[-15.827406570356045,27.985967489104727],[-15.827114849595109,27.986116560915022],[-15.826833879624148,27.986182087768544],[-15.826503508410493,27.98619144838599],[-15.82623089669516,27.98607292176663],[-15.826111765236446,27.985940185366935],[-15.826062952003992,27.98559818277702],[-15.82601293034556,27.98552453575889],[-15.825866612342875,27.985474999819292],[-15.82560109018086,27.98556065139138],[-15.825390077097925,27.985689746242034],[-15.824860531866968,27.986186580175747],[-15.824351252213816,27.986503467987617],[-15.824065496455074,27.98686005060327],[-15.823872558908693,27.98731282576375],[-15.823418428668944,27.987651351015476],[-15.823208530113941,27.987992303658622],[-15.8231743514023,27.98831211972269],[-15.822968515727249,27.988545592798776],[-15.822680995830336,27.989164023168748],[-15.82272491678145,27.98944409632686],[-15.822474781791492,27.989991099292542],[-15.822387014923343,27.9903893804849],[-15.822484439032447,27.990663212138625],[-15.822490874485164,27.990892092930793],[-15.822303010045793,27.991244611101987],[-15.822276888624533,27.99140450528398],[-15.822399547346942,27.99200578611297],[-15.822587678120437,27.99217447274575],[-15.822790677935746,27.992209365429936],[-15.82295401907224,27.992464026514213],[-15.822930304878508,27.992555158399554],[-15.822885206955776,27.99255153772924],[-15.82276569554122,27.992454908005065],[-15.82262116974391,27.992428177766463],[-15.822565527142052,27.992471550315095],[-15.822563838319839,27.99259201381208],[-15.822622239479545,27.992761954723914],[-15.822869811179181,27.992902437707222],[-15.822996464795922,27.99318953481338],[-15.822879156526005,27.993297402795115],[-15.822452561140835,27.99317285780621],[-15.822270742418759,27.99324918336543],[-15.821645387866187,27.993284271345804],[-15.821123030276599,27.99374898509579],[-15.820902129522276,27.994057647919142],[-15.820860116935723,27.994203618081677],[-15.820956658020592,27.9945756673426],[-15.82077326156609,27.99495965118065],[-15.821006599050538,27.995626231012373],[-15.821216606931355,27.995897946795566],[-15.821501616853713,27.99612805204048],[-15.821414650004927,27.996179554843884],[-15.821130109556675,27.996016750292107],[-15.821003959914126,27.996246856004092],[-15.821019067043826,27.996522624204466],[-15.821064744204977,27.996580989422114],[-15.821405071678212,27.99665723702891]]]}},{"id":"41","type":"Feature","properties":{"categoria":"Reserva Natural Especial","nombre":"Las Dunas de Maspalomas","codigo":"C-07"},"geometry":{"type":"Polygon","coordinates":[[[-15.571260337512266,27.7519533274501],[-15.571125117604712,27.752165586672863],[-15.571009797804292,27.752146735244427],[-15.570715520133687,27.752222877043586],[-15.568724242938462,27.755076234885912],[-15.568337323198975,27.755506805891294],[-15.568326192837613,27.755622383842883],[-15.567690061785376,27.755285296863224],[-15.56755225067704,27.755260242839068],[-15.567654211935215,27.754825752504395],[-15.567996860709657,27.753959478804184],[-15.568047039449567,27.7536466369362],[-15.568282400735239,27.752861679264573],[-15.568600250188817,27.751313849189447],[-15.568963505083557,27.748755885092272],[-15.569202545026624,27.745113872450847],[-15.569367630971692,27.744193158824764],[-15.569494057109198,27.742917466960666],[-15.569722506116074,27.74164863072547],[-15.570152575434259,27.740230083558217],[-15.570606055802347,27.73944930423312],[-15.572678187814386,27.73772618955247],[-15.5735259306488,27.737151759109576],[-15.574358229769848,27.736688957066814],[-15.575116018709062,27.736374355423496],[-15.576346951235488,27.735981290514964],[-15.577768817655416,27.735648153769876],[-15.57966117384971,27.735469368336474],[-15.580503116998493,27.735453434805436],[-15.581196921124056,27.735599618315522],[-15.58250944825402,27.73571677165623],[-15.584625486263606,27.73578855137896],[-15.588020761556928,27.7363361351039],[-15.58992470940829,27.736472314584756],[-15.591313166354547,27.73649000307911],[-15.592480642894122,27.736397659717035],[-15.59393809358266,27.736114794264182],[-15.595480494521137,27.73611900632],[-15.595247247299863,27.736147408059235],[-15.595027326252847,27.73627011514254],[-15.59464046909137,27.736654827508822],[-15.594463491837558,27.736921209214696],[-15.594309107288286,27.7373687631232],[-15.594318888545475,27.73761570978776],[-15.594398078049,27.73784964773331],[-15.594654858528925,27.738228849040574],[-15.595076654216722,27.738690247443536],[-15.595460849682746,27.739274289561685],[-15.596454156583473,27.740909090146822],[-15.59666573300518,27.741354011867873],[-15.597984121612466,27.741085542005933],[-15.598545009898293,27.74246096153122],[-15.600726619291782,27.74740977619282],[-15.59592687074034,27.747329702903933],[-15.59600694766103,27.746227912792328],[-15.595945647844017,27.74596804474746],[-15.59575777929998,27.745562605120753],[-15.594775347637878,27.74561849643028],[-15.59410298007835,27.745600722245705],[-15.593504177490068,27.745766796224018],[-15.592945459324392,27.746290188060154],[-15.592223505104094,27.746500115697888],[-15.591448974441102,27.746805150938954],[-15.59007689438665,27.747180771497558],[-15.589000766511413,27.747285020103647],[-15.587407331728725,27.747891655035648],[-15.586977169634867,27.747880454696062],[-15.586122212047497,27.748291845975615],[-15.585754443950457,27.748192008630113],[-15.58368055336625,27.748732017795287],[-15.580524629066684,27.74968038978414],[-15.579733825453712,27.7498451339668],[-15.579641739504172,27.749614762492207],[-15.57960097682424,27.74961623325502],[-15.579382471263452,27.7490331867047],[-15.579140571926027,27.74863858460617],[-15.579037635235126,27.74863728231919],[-15.578909978118395,27.748347641086745],[-15.578946088384036,27.748333768352744],[-15.578673367778169,27.747628464127413],[-15.578500761130922,27.746827700470057],[-15.578367221129646,27.74654931327094],[-15.57838878072756,27.746493217336976],[-15.57820932871183,27.746205380705234],[-15.577920423912536,27.745880600768107],[-15.577505741754328,27.74556312492062],[-15.577380251397512,27.745409677969914],[-15.576676734459257,27.74530283986784],[-15.576682420785575,27.745241998768453],[-15.576339312339023,27.745227982923424],[-15.57634043646206,27.74528733320125],[-15.576206898283305,27.745289388068507],[-15.576180958863022,27.745215200856865],[-15.575884073819719,27.74528908945009],[-15.575773759538405,27.74536610077373],[-15.575192761195858,27.746021666262838],[-15.575051119230093,27.74623512057703],[-15.575282805389007,27.74639881642974],[-15.57501107694328,27.746481734248825],[-15.574556856325945,27.747008653560354],[-15.573841973392293,27.74825423863046],[-15.573430755864372,27.748764356448376],[-15.573456985163741,27.74878171566227],[-15.572611920306043,27.749986073407765],[-15.572027138437006,27.75020933871504],[-15.571232368547133,27.75124100316989],[-15.571315902035206,27.751362013035703],[-15.571624358824199,27.751594104982],[-15.571260337512266,27.7519533274501]]]}},{"id":"42","type":"Feature","properties":{"categoria":"Reserva Natural Especial","nombre":"Los Marteles","codigo":"C-06"},"geometry":{"type":"Polygon","coordinates":[[[-15.522061179632788,27.994172165524034],[-15.52198981086401,27.994124249820914],[-15.521941940547173,27.993976269822593],[-15.521961364234954,27.993819919037705],[-15.522379850319561,27.99344005860837],[-15.522614123945463,27.993297334773498],[-15.522738510064363,27.993012761277637],[-15.522904719523417,27.992822199298622],[-15.522766607433958,27.99269836712243],[-15.522496808028299,27.99258918968732],[-15.52250135786588,27.992520422038474],[-15.522740665796178,27.992376099120545],[-15.52445374164739,27.991640187468885],[-15.524695835020365,27.99143359067418],[-15.524755315034469,27.991351325482253],[-15.524756541240102,27.991167736757937],[-15.524833129529675,27.991023164423247],[-15.52495256256883,27.990889251995757],[-15.525251696646228,27.99070207944414],[-15.525363742578463,27.990085055647025],[-15.525441259758072,27.989964590793733],[-15.52567334233714,27.989775073688783],[-15.525713983705744,27.989566356291355],[-15.525909148807798,27.98934722659131],[-15.52604872318502,27.988972185605828],[-15.52659022415908,27.988470797491647],[-15.526714396926511,27.988241828098285],[-15.526959226910487,27.988031615041486],[-15.526969763156075,27.987889587444208],[-15.526883403879028,27.987613030111554],[-15.527355828044689,27.987500917386058],[-15.527741104972664,27.98728513626464],[-15.528411674000212,27.987358876685857],[-15.528251329644277,27.987138391916684],[-15.528372128280957,27.98658546044824],[-15.528343654990723,27.986055642996345],[-15.528534104209522,27.98563504282151],[-15.528659558680845,27.985470195244346],[-15.528636735282383,27.98519412591529],[-15.528838521602628,27.984705020186613],[-15.52883522193526,27.98419128248702],[-15.528923437822545,27.983930962761463],[-15.529121247089194,27.984323548885666],[-15.529338457914863,27.984553265292075],[-15.529413893587288,27.9848411200072],[-15.529366699707788,27.98494318150281],[-15.52963552902877,27.985018696406],[-15.52993816578815,27.985190995467576],[-15.530108299213587,27.985246380092338],[-15.530416497973482,27.985254146796805],[-15.530723223760301,27.985426283903816],[-15.531044023254056,27.985481952519784],[-15.531303121829401,27.985393280737554],[-15.531615194695718,27.98539467470883],[-15.53223538143115,27.985253908890893],[-15.532273115549161,27.98515598135119],[-15.532218584726746,27.98498518302814],[-15.532026051949924,27.984808274596297],[-15.531896005855577,27.984595738032844],[-15.531852638692511,27.984445117072777],[-15.531877338004934,27.984306076459838],[-15.531931846923541,27.984207361965368],[-15.532016906959704,27.984167458186562],[-15.532494290603788,27.984038220473742],[-15.532703766449321,27.984058352228686],[-15.532733559103345,27.983925502383933],[-15.532231840069535,27.983642188327952],[-15.531486318349424,27.983433918131464],[-15.532151290087796,27.98320458634387],[-15.532953830048799,27.982827973873754],[-15.533350949602223,27.982722442440053],[-15.533575393943773,27.982606738248474],[-15.533792282052223,27.98234433653646],[-15.533960706762189,27.982251534203915],[-15.533918034626874,27.982209371772402],[-15.533622064429123,27.98220518525632],[-15.53322168177495,27.982109967392418],[-15.532574661616422,27.981785611704804],[-15.532286882908585,27.981759572082538],[-15.532253355919556,27.981709673616546],[-15.532602063789186,27.981696137301718],[-15.533016109195877,27.981753751312585],[-15.533561237094172,27.981647735965023],[-15.53383874626553,27.981545916812355],[-15.533939563511208,27.981464444093934],[-15.53380720135701,27.9811779682082],[-15.533916989499293,27.98094009323954],[-15.53428132529652,27.98064627274757],[-15.534308090463947,27.980506293846123],[-15.534538465456038,27.98024166301952],[-15.534776672287004,27.980047773842177],[-15.535095212224025,27.980077001592477],[-15.53533267504531,27.979831560576507],[-15.535528103628746,27.979846136953213],[-15.53583745347126,27.979719536831393],[-15.536018723953568,27.979725185695436],[-15.536060715133999,27.979596765008704],[-15.535947839994826,27.979208967222135],[-15.535964421823135,27.979041783873317],[-15.536137787105707,27.97889667467404],[-15.53644195200293,27.978980569332354],[-15.536486707500533,27.978950641468636],[-15.536434166555576,27.978623695147682],[-15.536499575143198,27.978427588052785],[-15.536349404293475,27.978327936679573],[-15.536317180375631,27.978227112218224],[-15.536570742620263,27.977817222748858],[-15.536639553429968,27.977618367089434],[-15.536910150034231,27.977363532288486],[-15.536738742149884,27.977246054422586],[-15.536683026332645,27.976935026260826],[-15.536431697931159,27.976875190897008],[-15.536344958492041,27.976804332317872],[-15.536353809594814,27.97652163206567],[-15.536287651377764,27.976500224929286],[-15.536042887240573,27.976607915357125],[-15.535723297816235,27.97693225841871],[-15.535123722838534,27.97725422371937],[-15.534773678777482,27.977362899123992],[-15.53474197878738,27.977569995822233],[-15.534664109680348,27.97764410409863],[-15.533694352111533,27.9776874445172],[-15.533580658865484,27.977366809424172],[-15.533582016760828,27.97717990694072],[-15.53367162697587,27.977007972099592],[-15.533598586783706,27.976410444262463],[-15.533782104570605,27.976278875379066],[-15.533823471133624,27.976060475509396],[-15.533978564568992,27.97593436070521],[-15.534143383530235,27.975706093319765],[-15.534117239260684,27.975654054246913],[-15.533838124766108,27.97553410212096],[-15.53380710921922,27.975409576149694],[-15.533860923702663,27.975171051654804],[-15.533473168275645,27.975057875384664],[-15.533430848758549,27.9749875558056],[-15.533407610962646,27.97459609500589],[-15.533183860731757,27.974584965302896],[-15.53309432932372,27.974408678778033],[-15.53269133083754,27.974470459599004],[-15.532292202851906,27.97475740555639],[-15.532058166775794,27.97477204108771],[-15.531987699861368,27.97473418307096],[-15.531965057020129,27.9746619002731],[-15.532045302412278,27.974205910400208],[-15.531910673481528,27.973922898402126],[-15.532022669916415,27.973770963329443],[-15.532025124873233,27.973674472056828],[-15.531964185390862,27.973621980330677],[-15.531080484323846,27.973657323266877],[-15.530500823897524,27.973588922443106],[-15.530346442975517,27.973424285336154],[-15.529689879790636,27.973531827097975],[-15.52947600241869,27.97344310138102],[-15.52927587734016,27.973205402099627],[-15.52912993953629,27.972903518951732],[-15.52895082546241,27.972670513699295],[-15.528814131304506,27.972633341921256],[-15.52876194500303,27.97254052708173],[-15.528614782775295,27.971749161614202],[-15.528471024270633,27.97146387919154],[-15.528547095624935,27.971250402552144],[-15.528540640858099,27.971127658532982],[-15.528303992511686,27.97120150652099],[-15.527872294066873,27.971080394624103],[-15.527537641935366,27.971282296841338],[-15.527304119734076,27.97133013302726],[-15.527160568582628,27.97128749736708],[-15.527044208574916,27.97117846223189],[-15.526861548766805,27.970682886826943],[-15.526707172151106,27.970680444765833],[-15.526274863872946,27.97087289622646],[-15.52611159419796,27.97088173530778],[-15.525666124938532,27.97139679228118],[-15.52530434138785,27.971624122862924],[-15.52523813743533,27.971831548032227],[-15.525100047240413,27.971975967424832],[-15.52482568479685,27.972472603169507],[-15.52438705678696,27.972832200959505],[-15.524253004662171,27.973202462650555],[-15.523909905788594,27.973300359769784],[-15.523774921399088,27.973393853055033],[-15.523581520812847,27.973666043713553],[-15.523186453161351,27.973707347195607],[-15.522803891333062,27.97401009060736],[-15.522712746139455,27.974377154635018],[-15.522580196430782,27.974486850212585],[-15.522658197240549,27.974670851575155],[-15.5225496222317,27.97489426995534],[-15.522464475669798,27.9749829868827],[-15.522139019051314,27.975131111737184],[-15.521903734928513,27.975499588778785],[-15.521995600198888,27.975667884874245],[-15.52202049951276,27.975857486257127],[-15.521853866094208,27.976225413813903],[-15.521958596733972,27.977124983953612],[-15.52184125813221,27.97854102525488],[-15.521619297642307,27.978696266832067],[-15.521344744313566,27.978749737093807],[-15.521063101426536,27.979079968893107],[-15.52089632783238,27.97914949543552],[-15.520648739151335,27.978779382192794],[-15.520613988879353,27.978522132593092],[-15.520567971388537,27.97849341996751],[-15.520365372383399,27.97909835326822],[-15.52019365076463,27.979281133811565],[-15.519914276480678,27.979211850697844],[-15.519694226652017,27.978884095178895],[-15.519183482056116,27.978976150464852],[-15.519107308444202,27.978867399394012],[-15.519046500233536,27.97846783589847],[-15.518758100183174,27.978785522801065],[-15.518607860557072,27.97880428794244],[-15.518319932615817,27.978506530388337],[-15.518196790256681,27.978305806936216],[-15.518093846083971,27.97824624558651],[-15.518017723051491,27.97828394965967],[-15.517876618232167,27.978546041673695],[-15.51754996462509,27.978519404287425],[-15.517089860646498,27.978654591443096],[-15.516963692434807,27.97877421457067],[-15.516696839856541,27.978732907030903],[-15.516345886676374,27.97886492842393],[-15.516081756280217,27.978780279302754],[-15.515950573125002,27.97894036181739],[-15.515619751042431,27.979097879691132],[-15.515127073617089,27.979158365642213],[-15.515092172575217,27.979106364716078],[-15.515049458667368,27.97823167937346],[-15.514888788715817,27.97762999131437],[-15.514773973764118,27.97763966476638],[-15.514367500061448,27.977938285796714],[-15.514166184299762,27.97795897025772],[-15.513794980275938,27.977658634626664],[-15.513534611083664,27.977233526623365],[-15.513485907724002,27.977049410673224],[-15.51323207852772,27.97694419889226],[-15.513163589877893,27.97680334238568],[-15.512834376700816,27.97688776398822],[-15.512565895100844,27.977124336397427],[-15.512198377235537,27.97698286000911],[-15.51167210836441,27.97692632262142],[-15.511498836128565,27.976614700654558],[-15.511427431676683,27.976269046664214],[-15.511137017268211,27.976201808682774],[-15.511015529777012,27.97606836966267],[-15.511008740576175,27.975978412483087],[-15.510810241920005,27.975866924408603],[-15.510565776601323,27.975585463343684],[-15.510521636960947,27.975488287629723],[-15.510534793369915,27.975207305562016],[-15.510484438565143,27.975154918421442],[-15.510073570006346,27.97531098679388],[-15.509747327368919,27.975334727689603],[-15.50938088794042,27.975459720490406],[-15.509155871586124,27.97545608501308],[-15.508862762778218,27.975364289341698],[-15.508226890788377,27.975520182269488],[-15.507364682132176,27.975112594173545],[-15.507251310017192,27.974984700590806],[-15.50689962724018,27.97494536569002],[-15.50642929096264,27.97512745991491],[-15.504573101686898,27.97525614644909],[-15.504280565540666,27.975365273820245],[-15.503801322577019,27.97575456445103],[-15.503525495785045,27.97622173538165],[-15.50331940514124,27.97631321221059],[-15.503184119282649,27.97650417958668],[-15.503136657599978,27.975939552573948],[-15.503312225831753,27.975699727459165],[-15.50329492175964,27.975651974040293],[-15.502907157673809,27.975565729570203],[-15.502241362152748,27.975796503131125],[-15.501962610054738,27.976028615111332],[-15.501792961927418,27.976107093027125],[-15.501580528266313,27.976080560624876],[-15.501192076303813,27.97584554665971],[-15.500608158131895,27.97602098463326],[-15.500144361447884,27.975992918092825],[-15.499485572323024,27.975804080672173],[-15.49914322990329,27.975613659015472],[-15.498301717677196,27.97545436553915],[-15.497233020535413,27.975066237773827],[-15.497101228963055,27.9749568086195],[-15.496919680617992,27.974604467227305],[-15.4967279901691,27.974630426424305],[-15.496501656230034,27.97472945869858],[-15.496268438448254,27.974710810559362],[-15.495664654796716,27.974486938564972],[-15.495455823297789,27.974464445890504],[-15.495140921308339,27.974264238214566],[-15.495062528229402,27.97426914222075],[-15.494852933757183,27.97443584219986],[-15.494630664893782,27.974499037092308],[-15.494475781819354,27.974676534846534],[-15.493743422633198,27.97474857479319],[-15.492401977208091,27.97587310915839],[-15.492203795202668,27.976387191855476],[-15.49182243319691,27.977114789210745],[-15.49178528808189,27.97757873644525],[-15.491590310120536,27.978038282813472],[-15.491071882649118,27.978320065999988],[-15.490925330495848,27.978561342868083],[-15.490414809084752,27.9790857448706],[-15.490249285820752,27.979359766886436],[-15.489893218845355,27.979456993864304],[-15.489405789052649,27.979782712857556],[-15.488917377519869,27.979959034482174],[-15.488415171241153,27.980030508009097],[-15.48706527970836,27.9797772082878],[-15.485912643842951,27.979814594746877],[-15.485474446107645,27.97996536055039],[-15.48535372810891,27.980233982891342],[-15.485172452076645,27.980331393318657],[-15.484655049351188,27.980484692646996],[-15.484154008301221,27.980522294772207],[-15.483547525064086,27.98069811021978],[-15.483201043141971,27.98071241709328],[-15.482883316268996,27.98060764442243],[-15.482497223434866,27.980403902525477],[-15.482026694499561,27.980351569804487],[-15.481264784626463,27.980424920052005],[-15.479907129113414,27.98089609577789],[-15.479609319312745,27.980902640998433],[-15.479496206569282,27.9808044498845],[-15.47965038278618,27.980760735545076],[-15.480263959109985,27.98018523563451],[-15.480222373607294,27.979761420945536],[-15.480287087125065,27.9796400236457],[-15.479817184076035,27.979045754464753],[-15.479216813593268,27.978533841442992],[-15.479257504920488,27.97806858491353],[-15.47896547701564,27.978120840064893],[-15.477919351416743,27.97798128069262],[-15.478106757359138,27.97784830052226],[-15.478461612211046,27.977152517903534],[-15.478749410650918,27.97679232635436],[-15.479103718297436,27.9765497069097],[-15.479679604185744,27.97644840149862],[-15.479914132151775,27.97634467405196],[-15.480183287867558,27.976161837785366],[-15.480503224520195,27.975759193077653],[-15.480981355653428,27.97548986729115],[-15.481708589350665,27.97517182397952],[-15.482195333197195,27.975102776305295],[-15.482418299805214,27.974984190340358],[-15.483170102005477,27.974362650683965],[-15.4837846141896,27.973669553107374],[-15.484267458700314,27.973298373140512],[-15.4845316642367,27.972557126271052],[-15.48481534631805,27.972147648330193],[-15.484921305027557,27.971854343839805],[-15.485496136342192,27.971251740239268],[-15.485620083031108,27.970934359497935],[-15.485794721967695,27.97069804404465],[-15.4865246218018,27.970010033323035],[-15.486865554887682,27.96987721148205],[-15.487042922002395,27.969751286880733],[-15.487599838080904,27.969217073481005],[-15.487823263685408,27.968888054238807],[-15.48868621488035,27.96846748626137],[-15.488738899620063,27.96835852193641],[-15.48872163096554,27.968023585584483],[-15.48884488248726,27.967622522654576],[-15.489008128430683,27.966711102647896],[-15.488973070256069,27.96617623282112],[-15.489218504778915,27.966020156566653],[-15.490117529076047,27.965173748790615],[-15.490307060382193,27.964781367213806],[-15.491092626908381,27.964245891505193],[-15.49121528347519,27.9639991928731],[-15.491270648163889,27.96365235237481],[-15.491379320805018,27.96339819291001],[-15.492021906044448,27.962943672426317],[-15.492406830082341,27.962411498744835],[-15.492510832733403,27.96221343179789],[-15.492485697920564,27.96190382699779],[-15.492525830213568,27.961750140419063],[-15.492702392112912,27.961478124912507],[-15.49293726024617,27.961257743325987],[-15.49302707096314,27.960908169814765],[-15.493158200177623,27.96062605258481],[-15.494081153711893,27.959866916115],[-15.494496477835115,27.959768075565222],[-15.495339356800713,27.95986715972511],[-15.495863507011414,27.95973354791107],[-15.496059339440617,27.959658602834605],[-15.496283254322254,27.95949530670678],[-15.496712049665316,27.959324049208753],[-15.498167130746284,27.958832388625307],[-15.49861753233128,27.958461546802983],[-15.498704953103198,27.95856973651287],[-15.498925014994736,27.958670945833664],[-15.49953300016806,27.95872109798925],[-15.50045414618416,27.95913074400818],[-15.500922447923523,27.959203333837696],[-15.501431083040332,27.959155352862005],[-15.502590808578262,27.958871280849745],[-15.503462321412393,27.9584762538009],[-15.503852499434863,27.95822844780082],[-15.504058770432843,27.95820512462362],[-15.504557965102478,27.957938547073354],[-15.505556036252493,27.95814171469862],[-15.505677463601488,27.958228795896694],[-15.505914570923068,27.958535136616174],[-15.50612969232885,27.958582731225324],[-15.506255243066098,27.95850745241503],[-15.506393380633623,27.958310368937454],[-15.507125003104612,27.957814864754976],[-15.507684240711928,27.957606839511875],[-15.508308866026221,27.957220771729062],[-15.50857198933944,27.9571377609492],[-15.509182787416005,27.957103727066798],[-15.50974910189257,27.956914886110326],[-15.510617656103909,27.956798854261095],[-15.511390897504011,27.956481838554154],[-15.511644841189074,27.956453741118207],[-15.511786284353532,27.956507522594595],[-15.511936073841204,27.956498732776417],[-15.51208754608709,27.956447987363024],[-15.51238927910988,27.95616751922163],[-15.512679729736954,27.95604922911346],[-15.512762774392113,27.955900025927264],[-15.512866452855093,27.955831845735172],[-15.51305618591599,27.95577390648714],[-15.513529154663134,27.955802925246488],[-15.513693641820645,27.955888304086915],[-15.514889287110378,27.955908390368485],[-15.515353035869355,27.95614930452983],[-15.515756266636403,27.95621264517123],[-15.516050623211452,27.956580860526792],[-15.516347097017716,27.956671446381527],[-15.516429665304507,27.956756370924676],[-15.516459423840432,27.956705463504957],[-15.516662037642023,27.956639084743315],[-15.517255171544107,27.956521968447596],[-15.517897215685476,27.956215582960454],[-15.518311244034305,27.956095732719575],[-15.518439703851726,27.955950814564172],[-15.518386306991507,27.955830846302916],[-15.517837757799994,27.955276983329533],[-15.518069319422896,27.954978071619983],[-15.518177434000986,27.9546262377543],[-15.518124048347348,27.954176218690428],[-15.518056440085154,27.954132817871965],[-15.517870957476683,27.95375090913412],[-15.517294922363693,27.953049824000992],[-15.516781694602875,27.952595338992165],[-15.51649308661567,27.95196784349396],[-15.516192749365926,27.951647892273375],[-15.515977731467506,27.951307833059317],[-15.515931772496213,27.951096237294625],[-15.515504039869604,27.950985605158635],[-15.515071913962625,27.950711623676185],[-15.515050944034966,27.950662774951283],[-15.51525192211027,27.950710137569686],[-15.515435713306825,27.950678973827912],[-15.515516850091677,27.950570632992793],[-15.515495784268845,27.950450253509253],[-15.514853005345303,27.95018025559899],[-15.514420120539548,27.94981804338851],[-15.514371221670357,27.949727521227114],[-15.514379142058601,27.94958406814178],[-15.514669329530566,27.94906922987674],[-15.515423454938869,27.948949416409253],[-15.516061588696623,27.94865411244235],[-15.516408024344214,27.948550129382276],[-15.51717220871529,27.94852861952544],[-15.517613809997997,27.948394233512154],[-15.518120277551384,27.948390017306547],[-15.518709458247113,27.948540321387426],[-15.518937436013214,27.948698764403655],[-15.519163412032334,27.94894865063824],[-15.519576026223984,27.948908963219516],[-15.519843271198411,27.949013391462813],[-15.519932112302689,27.948986633465584],[-15.519970394727169,27.94890998373553],[-15.519977048201707,27.948592726326016],[-15.519645596262423,27.947850717979115],[-15.519466886314154,27.947786830219407],[-15.519054897276797,27.947790550726285],[-15.518749689798542,27.947667343031092],[-15.518357674687588,27.947115057682453],[-15.517848765024416,27.94721981033009],[-15.517462634966275,27.947150200463913],[-15.517168790577774,27.947030124065403],[-15.516879731328393,27.94678335995781],[-15.516638699220561,27.94637522601634],[-15.516475928269026,27.946310407896092],[-15.516254350415622,27.946337381638237],[-15.516116541564973,27.946156199643337],[-15.515972829866701,27.94606328915725],[-15.515701822850732,27.94609333594497],[-15.515528048063318,27.94604011267813],[-15.515158531285836,27.94570005249665],[-15.5150706259022,27.94540949010361],[-15.514930534161378,27.945196395357243],[-15.514724501488564,27.945062697180635],[-15.51409787669894,27.94487602776074],[-15.514440666978619,27.944800742607196],[-15.514939901564501,27.944612375029163],[-15.51516479514496,27.944620741394754],[-15.515814290629127,27.945100269775946],[-15.51641091304594,27.94512692007127],[-15.516850479246159,27.945344991688575],[-15.517121510187906,27.945542390929596],[-15.51740754866343,27.94594510112776],[-15.517610959630892,27.94607369570798],[-15.51792969951643,27.946106980698023],[-15.51840501839764,27.9459768254694],[-15.518518601230538,27.94598443189387],[-15.518856213773866,27.946244405896003],[-15.519054414845051,27.94647349022712],[-15.51903578874852,27.94623043198401],[-15.518856325455198,27.945884907882533],[-15.518792256717694,27.94553881331673],[-15.518565286694285,27.945351542402385],[-15.518593918777913,27.945131623191823],[-15.518737108504455,27.9447831769656],[-15.518698968551607,27.944629949196898],[-15.518431456050557,27.944296681006286],[-15.518311351774432,27.943518811260713],[-15.518217751950678,27.943459223235273],[-15.517851220554883,27.943484975697395],[-15.51740939441722,27.943269298828078],[-15.51702762656617,27.942797763739893],[-15.517135287574545,27.942608511109995],[-15.516987968496851,27.942474469328374],[-15.516885894204288,27.942240092101333],[-15.51702724000301,27.942076133580937],[-15.517236648635876,27.94160891337995],[-15.517557670708035,27.94135602963549],[-15.51770575306437,27.94079750374208],[-15.517836897096984,27.940673338388844],[-15.517877019390147,27.94030496932877],[-15.518002850244768,27.939919487291466],[-15.518000271146969,27.939314857255276],[-15.518102661385052,27.939108472031165],[-15.518135855143314,27.938877531441207],[-15.517990457190365,27.938940862453244],[-15.51771279803469,27.938936273747192],[-15.517538465112526,27.93903673349621],[-15.51737121034233,27.939061193771572],[-15.517037960834218,27.939362012152678],[-15.5168205153007,27.93942343691142],[-15.51704521345815,27.93914747228673],[-15.517275991278872,27.938302204014374],[-15.51747142443301,27.938103503847124],[-15.51797201538686,27.937930015173997],[-15.518178622214213,27.9376236681034],[-15.518241643538605,27.93726180245855],[-15.518330177964245,27.937134366652007],[-15.520062306106949,27.93728274189283],[-15.520556002956154,27.937381836271953],[-15.521130156401682,27.937153335365657],[-15.521584329577951,27.937175303066166],[-15.521937953781187,27.93698533142324],[-15.52201232452864,27.936826171339405],[-15.521683386180891,27.936805752722268],[-15.521327788108803,27.936626826885057],[-15.520855539023415,27.93662906533972],[-15.520630324322731,27.936563043755307],[-15.519721773664738,27.935999425072524],[-15.519453007309588,27.935880413914337],[-15.519124657483715,27.93564217931048],[-15.518786845852416,27.935223002776485],[-15.518901895819159,27.934901779653003],[-15.519072291161207,27.93468939608075],[-15.519051063855038,27.934565117743485],[-15.517603151134868,27.933772420858674],[-15.516795217176277,27.933027986870815],[-15.516362841372844,27.93296488390118],[-15.516216561142894,27.93289673548097],[-15.515916208722963,27.932596353242324],[-15.515704647765697,27.932115455338767],[-15.515555614647512,27.931595415846054],[-15.515385730232959,27.93139321095778],[-15.515206241561037,27.931287452076596],[-15.514564923155842,27.93109982757855],[-15.513661745365754,27.930430944846414],[-15.51211188895288,27.930243354348313],[-15.511258187495322,27.930407571143213],[-15.510582229266058,27.930091689951517],[-15.510338889661648,27.930066322762276],[-15.510050183952732,27.93018492625152],[-15.509892312667269,27.93020085705113],[-15.509432982349816,27.930021832580724],[-15.50896000916257,27.929924282215644],[-15.508617770677484,27.92991940805608],[-15.508304589633045,27.929846992704046],[-15.507731639867368,27.929843599551294],[-15.507395838327286,27.92993294247975],[-15.507219418288283,27.930438753839823],[-15.507079222186897,27.930539832987293],[-15.506896280215038,27.930824682350654],[-15.506529148758116,27.93095304568257],[-15.50619497231901,27.931283044586305],[-15.50583685701987,27.931885751699006],[-15.505085258271686,27.9318920308928],[-15.504850922540742,27.931858225730203],[-15.504765318352584,27.931787585810905],[-15.50465191501497,27.931771481657933],[-15.504055571226338,27.931985714297507],[-15.503471526411634,27.931981260872163],[-15.50292857971516,27.931918610054762],[-15.502978050607059,27.931736982854723],[-15.502783480714132,27.931598494053475],[-15.502167620711141,27.931395282196615],[-15.501465039070341,27.93127462108039],[-15.501219815004454,27.931303588347077],[-15.500941950191988,27.931549868162996],[-15.50029819145007,27.931599962149672],[-15.500236901029089,27.931400954641003],[-15.500247726703778,27.930970769552314],[-15.500423228001436,27.93034651534337],[-15.500238697748152,27.93006943699927],[-15.499908270716961,27.929830730044042],[-15.499668233061318,27.929788992759597],[-15.499413737608057,27.92989650897513],[-15.499200511117845,27.929712982780735],[-15.498950616535737,27.929658280804464],[-15.49883747457705,27.92955898526604],[-15.498865061956671,27.929473280435907],[-15.498655054500505,27.928927787204476],[-15.498757776437373,27.928703540747208],[-15.4987330044748,27.928408404969208],[-15.498108908036711,27.92774208204929],[-15.497964289381672,27.92748694566822],[-15.497929297156407,27.926908320305596],[-15.498030397393459,27.926583119975525],[-15.498077917101128,27.926519974386466],[-15.498147831595398,27.926517699449125],[-15.49878560185133,27.926759053523085],[-15.499096514410144,27.927009100048576],[-15.49946732303192,27.927190755249],[-15.499888547578202,27.927483585983776],[-15.499981602668393,27.92763317192316],[-15.499755681047624,27.927839811986335],[-15.4996998085706,27.928066777924208],[-15.499751388326663,27.928139530534587],[-15.500651115525844,27.92827622058475],[-15.50113882992307,27.9282058401569],[-15.501800534109515,27.927961357600037],[-15.501779232969744,27.927820908838502],[-15.50146313946435,27.927088753751402],[-15.50146021571521,27.92624381863103],[-15.501798276537723,27.925962816472353],[-15.50232497674363,27.92581545037132],[-15.502588304133118,27.925620513318602],[-15.503486692995489,27.925853817065384],[-15.503574233738656,27.926036496388125],[-15.503779281204089,27.926249077287988],[-15.504180159543768,27.926531714383668],[-15.50490428398087,27.926465077034536],[-15.505183321962265,27.926563280793093],[-15.505235782257449,27.926483793482262],[-15.50513655513971,27.92633712246553],[-15.504643320956083,27.926048182555096],[-15.504245902672782,27.92517941622166],[-15.503983771378415,27.92471977182522],[-15.50398116358711,27.924578234886628],[-15.504071997202892,27.924458599040488],[-15.504511937956927,27.924268500430312],[-15.504680934761863,27.924273225435993],[-15.504901073067813,27.92444415210639],[-15.505264467469916,27.92453930226768],[-15.505776164081812,27.924424475995625],[-15.505355377924039,27.924226699914385],[-15.50525727078241,27.924110645067977],[-15.505048152437379,27.92365167478649],[-15.504439478546246,27.92309161894442],[-15.504317668319858,27.922913254179033],[-15.504339050726925,27.922856123981283],[-15.504608427782058,27.922705646981473],[-15.504691958222823,27.92255455059141],[-15.504526055943378,27.921525768446944],[-15.504416471583866,27.92121780051647],[-15.504451787098652,27.920908868623556],[-15.504668456701324,27.92046566981001],[-15.504725974500941,27.92000514388394],[-15.504785592365252,27.91991811983708],[-15.504916772389025,27.919908837559852],[-15.505330637701313,27.92009075277916],[-15.505360024376678,27.92018597224803],[-15.505708927882013,27.92045478575812],[-15.505872209357095,27.920774390146935],[-15.506244461583893,27.921098001888726],[-15.50659084368232,27.92127829258446],[-15.506861455353466,27.921285096624207],[-15.506683509837302,27.92113438315566],[-15.506712728784123,27.92084453861519],[-15.5065653190899,27.920407153138896],[-15.506533934967033,27.919988252873043],[-15.506580449702795,27.919920486131367],[-15.506842244060216,27.919885301037063],[-15.507046278961596,27.91973822825189],[-15.507189650607103,27.91941460783627],[-15.50732901638139,27.91872065195239],[-15.507421251919496,27.91849387385505],[-15.507096201773933,27.917887250986702],[-15.506925763725452,27.917667253350547],[-15.506672062400668,27.917571234468564],[-15.506318429944256,27.917620920447263],[-15.504914209111153,27.91680170957412],[-15.504705593994549,27.916565870852516],[-15.504389066671045,27.916332864272015],[-15.504332497796508,27.91620930832464],[-15.503945107910058,27.91616676340366],[-15.503628714653736,27.915742738766617],[-15.503025414060748,27.915269660177408],[-15.501763027834855,27.914607694156178],[-15.501480565180772,27.914407424735455],[-15.501401661377939,27.914292163569538],[-15.500981910426374,27.91402648496935],[-15.500599451202483,27.91394930226758],[-15.500286914267944,27.913802535596826],[-15.500215026756713,27.913656916801212],[-15.499630461462003,27.91336741366587],[-15.499549515013376,27.913160875581934],[-15.499190234956076,27.91289006132411],[-15.49896534074355,27.912565896099707],[-15.49846301774943,27.91157391674872],[-15.49846612795954,27.911456569686134],[-15.498608126295544,27.91120689558389],[-15.498389399251998,27.9106440994577],[-15.498534869036703,27.910455806988477],[-15.498915016488256,27.910266917579612],[-15.49911224460682,27.91024128816094],[-15.498761631254279,27.90992570226395],[-15.498636204279045,27.909675741072146],[-15.498254867098355,27.909396193359083],[-15.4982187582846,27.908854257197532],[-15.497994959675898,27.90853828285409],[-15.497517625959894,27.908220172564977],[-15.497166462875228,27.90789302954811],[-15.496862458987257,27.90738941382218],[-15.496861708897878,27.90720300428682],[-15.497087029428831,27.90667725837919],[-15.496907298959925,27.905905266133164],[-15.496954839559315,27.905501577553345],[-15.496923118888857,27.905146551702238],[-15.49710558388716,27.90506760044493],[-15.497284596361062,27.90506478803493],[-15.497497327965315,27.90515154821646],[-15.497575878714924,27.905232004149937],[-15.4981430897627,27.906176017458925],[-15.499482978118818,27.90763170018286],[-15.500524107803633,27.90856746671829],[-15.500970312927237,27.909427547655437],[-15.501672842132127,27.910056617207502],[-15.502056517056563,27.910822461143212],[-15.502375964568381,27.911093837522618],[-15.502888846339028,27.91128335258278],[-15.50323744847312,27.911248706177247],[-15.503391971123351,27.911090273745703],[-15.503554362529991,27.91062546473522],[-15.503688851492463,27.91045540590879],[-15.504412865282887,27.91009874596113],[-15.504938954495998,27.9100165129234],[-15.507050326805258,27.910448484068652],[-15.50699918435386,27.911004829934942],[-15.507175834650392,27.910911885570947],[-15.507472182548733,27.910903717081396],[-15.508140607860128,27.91104005603312],[-15.508442590045563,27.910915449732286],[-15.508684727529678,27.910919033500516],[-15.508627557692904,27.910693492001386],[-15.508648370672024,27.910515615170908],[-15.50892097092889,27.910327709144813],[-15.508896281568333,27.909885683498736],[-15.509031152530497,27.909590825902754],[-15.509123223427126,27.909491836335363],[-15.509634439433611,27.909745741614493],[-15.50989974508423,27.909806000698662],[-15.510206524983383,27.909726147785946],[-15.51053309850054,27.909438233857365],[-15.510919682004904,27.909248890484438],[-15.512029480689288,27.909240148999118],[-15.512926845596583,27.9093155377766],[-15.5130567828962,27.90925250446949],[-15.51312180946771,27.90907822671155],[-15.513074472971729,27.90893554734853],[-15.51184548331344,27.90752465091468],[-15.511630511470683,27.907172449031417],[-15.511606415542829,27.906819827114727],[-15.511829984494112,27.906166148592057],[-15.511856282758455,27.905950264315976],[-15.511806870797654,27.905754575285798],[-15.511617113705627,27.905460757923727],[-15.511345160350865,27.90527696212008],[-15.510907981724968,27.905162313084766],[-15.510319311389647,27.90476937292777],[-15.510061861691321,27.904691608717034],[-15.509641037350768,27.904705081615408],[-15.509395137118421,27.904895327727132],[-15.50924271511651,27.904871481467836],[-15.508813492470379,27.90435411005394],[-15.507991224895386,27.90388310610085],[-15.50784513863964,27.903685912236714],[-15.507764661877967,27.90344240153176],[-15.50737613324068,27.90310267568312],[-15.5072795293438,27.90292177367429],[-15.50708957057673,27.902718313059314],[-15.507637028914267,27.902274044773343],[-15.507763388570527,27.90211181139056],[-15.508328352012281,27.9017638956724],[-15.508670900198592,27.90139766104006],[-15.508972389109106,27.90116476488918],[-15.509061430518038,27.901292749002803],[-15.509095922877101,27.90150667515566],[-15.509234816824632,27.90165666389841],[-15.509262813826107,27.901794027021882],[-15.509357272670872,27.901807146556678],[-15.509334388865403,27.902336443120834],[-15.509375499080525,27.902444473426513],[-15.509508930531524,27.90273819544167],[-15.50971872627923,27.902938979467905],[-15.510047181156732,27.9031082704003],[-15.510137583376268,27.90307081584669],[-15.510229422181279,27.902893397861185],[-15.51058979997451,27.902845266011756],[-15.511124561027051,27.903181118421955],[-15.511647753403311,27.903342389106708],[-15.512110804789671,27.903691936335207],[-15.512376216111637,27.903673960554123],[-15.51278046673237,27.904085894548192],[-15.512716380511861,27.904334137777173],[-15.512763798250752,27.904619600589484],[-15.51292541029865,27.904702410640883],[-15.513225566234636,27.904983808897146],[-15.513832279556777,27.905425109279527],[-15.513965896813847,27.905580646416972],[-15.514382987223717,27.905840617604003],[-15.514531112051984,27.906014542616862],[-15.514733814275056,27.906046563418474],[-15.515340984498277,27.906399469818147],[-15.516086739779672,27.906950805259523],[-15.51617458786216,27.90717570516256],[-15.516201334297497,27.90754409575548],[-15.516277544084485,27.90775748433477],[-15.516237075949586,27.90805201330357],[-15.516112586581393,27.90828160830427],[-15.516501242930621,27.909070737004452],[-15.516529354840591,27.90923420465615],[-15.5164079728504,27.90946776924228],[-15.516491689810747,27.909840703454744],[-15.516406982374752,27.910346174486502],[-15.516153259093079,27.91061610888656],[-15.516791545103054,27.911375197335317],[-15.51685435627325,27.911697864884115],[-15.516739028194225,27.912003967665694],[-15.516824444134949,27.912267593741692],[-15.516836101731645,27.91248384183866],[-15.516772217601943,27.912931830801934],[-15.516653047893007,27.913313027134592],[-15.516933010833773,27.91389071099976],[-15.516958321167202,27.91404588391737],[-15.517185322168014,27.914230685415856],[-15.517258194459824,27.914467375892073],[-15.517523587504009,27.914779668259854],[-15.517615117303606,27.915056531692194],[-15.517788999667793,27.91516179443808],[-15.517965392971464,27.91536740290213],[-15.517864490654384,27.915691786477247],[-15.51775006421567,27.91583751835575],[-15.51723650638141,27.915716533051317],[-15.51679387255634,27.916016461876684],[-15.516733425148526,27.91612746138461],[-15.516687527537867,27.916451673891437],[-15.516785629441046,27.917377857624665],[-15.516720758313397,27.917755618381694],[-15.516487936279818,27.918325529888758],[-15.516566013126395,27.91877602827711],[-15.516747769301805,27.918973800497184],[-15.517375274361989,27.91898104113373],[-15.517867217289831,27.91916515290136],[-15.518507369247331,27.919313679609424],[-15.51856958974528,27.91931446547545],[-15.51862120065137,27.919225876896082],[-15.518874314783913,27.919042646647497],[-15.519248537812013,27.919057259875956],[-15.519601775675433,27.919001909243825],[-15.519946522673521,27.919041203773105],[-15.520231559484634,27.919141232216695],[-15.520621481398443,27.91903850113236],[-15.520971213372214,27.919066065983625],[-15.521244751859712,27.918972168519026],[-15.521418248829281,27.91883616724064],[-15.521497703419836,27.91845109141371],[-15.521725240461679,27.918428564609954],[-15.522024654537262,27.91857664081017],[-15.522229036723726,27.918608219632734],[-15.52230872675474,27.91891569962724],[-15.522765532591498,27.919674128597208],[-15.522848095926413,27.919695336077815],[-15.523011430852675,27.919644163783527],[-15.523325729824428,27.919876954905593],[-15.523547627410252,27.920168448250532],[-15.523559190321635,27.920509713291775],[-15.523785870886627,27.921084704922016],[-15.524047118703475,27.92093682993543],[-15.524281618254589,27.92107575071397],[-15.524385179914734,27.921071736617737],[-15.524831600891762,27.920276664055667],[-15.524946302611536,27.920256294973036],[-15.52499780647686,27.92041584381044],[-15.524949676605257,27.920752849651922],[-15.525017050206628,27.920999712133288],[-15.525187681748852,27.92121326780669],[-15.525548188869701,27.921348952637594],[-15.525528909385132,27.921733512088984],[-15.525592613911607,27.921927389628642],[-15.525712523548526,27.922079888673892],[-15.525792030997552,27.921977325261782],[-15.525796990512502,27.921687425359973],[-15.526063861464774,27.921429167767943],[-15.52611283894304,27.92119023873787],[-15.526199845613485,27.92116953204767],[-15.526299451623053,27.920948888190402],[-15.526437537610706,27.921123415730587],[-15.526574175847118,27.921506657177815],[-15.52663545117062,27.921534443310357],[-15.52663860975602,27.921074694747077],[-15.526738416974485,27.92079930895546],[-15.526785187940304,27.92082469509436],[-15.526884820523003,27.921184245984175],[-15.526954796562135,27.92119553311169],[-15.526992156172785,27.920881244143956],[-15.527091473906196,27.921075138206422],[-15.52716708773808,27.92110893550804],[-15.527237706877509,27.9208170420181],[-15.52737453475126,27.920966595203435],[-15.527427515732544,27.92096061496037],[-15.527623207678374,27.92047369746794],[-15.527697926618734,27.920390216717966],[-15.527763519816526,27.920470117811437],[-15.52780927596661,27.920282330506996],[-15.527981267253805,27.92050712536149],[-15.528089922533375,27.920547592985326],[-15.52834220701728,27.920129497430796],[-15.528556956152274,27.920022360456663],[-15.528653016771726,27.91988469738332],[-15.528752131293137,27.920232775354748],[-15.528752356751655,27.920442060739827],[-15.529089943796317,27.92051211539823],[-15.529148307057946,27.92084770246402],[-15.52912483055923,27.921035558061835],[-15.529319096321972,27.92102109040172],[-15.52938315610014,27.921057097401267],[-15.529433731579593,27.92142521209455],[-15.529764053368346,27.921405165590112],[-15.529838284067504,27.92178459948328],[-15.529910426857697,27.92181075356286],[-15.530156952703834,27.921742218466203],[-15.530283203729619,27.92178924256156],[-15.530429207485573,27.921918671835304],[-15.5306238681865,27.92222210200573],[-15.530546570193398,27.922709723057565],[-15.53062645664896,27.92278554155092],[-15.5308218460563,27.922838229635083],[-15.530977473037145,27.923073058658197],[-15.530980194136063,27.9233970065458],[-15.5307828583717,27.923778361987797],[-15.53111549417385,27.923631489461304],[-15.53145594213227,27.92361919927881],[-15.531806879078507,27.923490742141333],[-15.532097591075471,27.923483264306675],[-15.532520817723407,27.923572622698764],[-15.533131837651174,27.923590904270633],[-15.534526879736447,27.92395467309753],[-15.534646611326249,27.924096909993718],[-15.534800107879366,27.924557638835395],[-15.535041277564497,27.924824926657106],[-15.535000223940598,27.92540830470961],[-15.535085118673873,27.925476437013515],[-15.535627004460702,27.92551665019708],[-15.535788420385394,27.92566941210102],[-15.53580652614118,27.925882671793445],[-15.535968183511335,27.926047131745452],[-15.53606959979049,27.926270755345342],[-15.53600376110456,27.926703449163316],[-15.536094217120054,27.92690963876867],[-15.535919409647411,27.92714141461317],[-15.535646789638738,27.92728705427474],[-15.535784488931089,27.92731251693227],[-15.536195562109409,27.927242166289492],[-15.536449119814156,27.92712230917476],[-15.53671184831447,27.926846859674583],[-15.536845761475131,27.926784916919154],[-15.537068981759,27.92628924945572],[-15.53729269319343,27.926082413042433],[-15.537700920720441,27.92642399685664],[-15.537778154896866,27.92668931074474],[-15.5377944478288,27.927118651488048],[-15.537956890058714,27.927017779434532],[-15.538221903888928,27.927112188330916],[-15.53852636244595,27.927475145157043],[-15.538551293901902,27.928539386725518],[-15.53900069268024,27.929601100955313],[-15.539350429738505,27.930604707793528],[-15.539353591248254,27.931077727741773],[-15.539104043534214,27.931756951597894],[-15.539511954637197,27.931464481003232],[-15.539736375611565,27.931464757122225],[-15.540337912744919,27.93169262699223],[-15.54057405690509,27.93185909089608],[-15.540592156447607,27.93190148360926],[-15.540452140702541,27.93216361316644],[-15.54075999971389,27.93200266004128],[-15.541193122835452,27.932503590849148],[-15.541265646977772,27.93273078118573],[-15.541479870500549,27.9323812740798],[-15.541642100691792,27.932334859391222],[-15.542356995367363,27.932595205501066],[-15.542395107178333,27.932671894564006],[-15.542375818593516,27.93301037157114],[-15.542529689448019,27.933146111644756],[-15.54274240948231,27.93311884193566],[-15.54324018006574,27.93288203778573],[-15.543394306371578,27.93290611898501],[-15.54350249537849,27.932979795968684],[-15.543466378557264,27.933204525115162],[-15.543193203560575,27.93360193114656],[-15.542809310257448,27.934331259256947],[-15.542710456965908,27.934466261807582],[-15.542599209926285,27.93452938475338],[-15.542829127696615,27.93468460326906],[-15.543028027133253,27.93491346987969],[-15.543106591936423,27.935176761959998],[-15.54310912118916,27.93529229954807],[-15.543002187475805,27.93556772444926],[-15.542831579682428,27.93572843046289],[-15.54283541970354,27.93607374905404],[-15.542779799526278,27.93613867493177],[-15.542615105354825,27.936181209994594],[-15.542783856127965,27.936299558905965],[-15.542807388418744,27.93655006891535],[-15.54293684309441,27.936452634023674],[-15.543170145930887,27.93640578379759],[-15.543290663736832,27.93627749291415],[-15.543392495594944,27.936250072842455],[-15.543708052483833,27.936427492627836],[-15.54391056682575,27.936691152275138],[-15.544007045893093,27.93663401745665],[-15.54401132108643,27.93644854677808],[-15.544068101126001,27.936323088780632],[-15.544250298073555,27.93630085708766],[-15.544571530373691,27.936470597421746],[-15.545158304875924,27.93666586189294],[-15.545458559620462,27.93690023631678],[-15.546403630555442,27.937227975354777],[-15.54675183516899,27.93726241292269],[-15.54697168975616,27.937354690917783],[-15.547861974137405,27.93797497254923],[-15.54790266158723,27.938077494439533],[-15.547884625075936,27.93840298577282],[-15.548038937375361,27.938687773894994],[-15.548140781730192,27.93875929679241],[-15.548148236248753,27.938850685008873],[-15.548742951447196,27.93823187057293],[-15.548878289648377,27.938172979694613],[-15.549155125995547,27.938179964220883],[-15.549694485094896,27.93848272193777],[-15.550211815562623,27.938706262074433],[-15.551252436119864,27.939461092947848],[-15.551416233563712,27.93969008754066],[-15.551407049084533,27.940059298251747],[-15.551811814697107,27.940084541453896],[-15.551995387640595,27.94020412837592],[-15.551889627060703,27.94061083678348],[-15.552060971873805,27.940724252913682],[-15.552079624309632,27.940846225038097],[-15.55216892744312,27.940945237671382],[-15.552045011822942,27.9412318587301],[-15.55249428835147,27.941373913104858],[-15.552590603193511,27.94160419702185],[-15.552718761517234,27.94173194016466],[-15.552992395251302,27.94184276888253],[-15.552982444073853,27.94196457589182],[-15.553113414478032,27.942037557777336],[-15.553144503455586,27.942170176913873],[-15.55328886624432,27.94219024191518],[-15.55312090409176,27.94258594423516],[-15.553144430841453,27.94286229670238],[-15.55297750064781,27.94304177674891],[-15.552709489006942,27.943556749657034],[-15.552174939961771,27.944298406444375],[-15.552369828750509,27.94421109959018],[-15.552434982355097,27.944070312778923],[-15.55262536004988,27.94411936949679],[-15.552838612335483,27.944029253051042],[-15.553072830452413,27.94403206763943],[-15.553263145135118,27.944164471247134],[-15.553414431775057,27.944489417723098],[-15.553770618240213,27.944489429835897],[-15.554286959064157,27.944611420888272],[-15.554772620653848,27.94489616641027],[-15.554900193898666,27.944753023611952],[-15.554976147448356,27.944538142553096],[-15.555127531515806,27.944443650067708],[-15.55570762286461,27.94413935230089],[-15.556122391462077,27.944105992300997],[-15.556734228676692,27.943967209850538],[-15.557048436685958,27.943789909864535],[-15.557287809038934,27.9435176397704],[-15.557146798411218,27.944119633999808],[-15.55656748398986,27.94450328312011],[-15.556541469657098,27.94456838361844],[-15.557122325053092,27.944580053454214],[-15.557215726981484,27.944656216485004],[-15.557438881529102,27.944594650814928],[-15.557690769094236,27.944645193661838],[-15.558047883101379,27.94444587194726],[-15.55849345360321,27.944432510441445],[-15.558628294539945,27.944687476237153],[-15.558831361485243,27.9446732107287],[-15.5589766321794,27.94477401368255],[-15.559376808991013,27.944757231778958],[-15.559613927235361,27.94494374352004],[-15.559823716953543,27.945034597186094],[-15.560017672816777,27.945334962311886],[-15.560170127121134,27.94578742252832],[-15.560377694563305,27.9459830080329],[-15.560467322437605,27.94620564926018],[-15.560682448147837,27.946384313759918],[-15.56094029186821,27.947149765451528],[-15.56088735857141,27.947517276682373],[-15.561324902784406,27.947423777748188],[-15.561461668244965,27.947514213412216],[-15.561462831246246,27.947613290355868],[-15.56131056635125,27.947733791455487],[-15.561296361847901,27.94791598057385],[-15.561379676146371,27.947986413481672],[-15.561327314425487,27.948114306598953],[-15.56125951140346,27.94814982493244],[-15.561196130723445,27.9484744819401],[-15.561290394710632,27.948523494032873],[-15.561983108999954,27.94851879023712],[-15.56229860044346,27.948608061994967],[-15.562504506327103,27.94892064236575],[-15.562619305673532,27.949004955927972],[-15.56300899010661,27.948847807425498],[-15.56332495120258,27.94889403358718],[-15.563639748985596,27.949127305664526],[-15.563732602908237,27.94928031422937],[-15.563739495299103,27.949452595618812],[-15.56380809005329,27.94956168724311],[-15.564019137687723,27.949661384773503],[-15.564339636336529,27.95013014025453],[-15.564471023027716,27.95021726387616],[-15.564578163606397,27.950462470357106],[-15.564581521514764,27.95058426847547],[-15.564237750798897,27.95105608998191],[-15.564184562814965,27.951274980810588],[-15.564200439563754,27.951826075212526],[-15.564138400500633,27.952032003238926],[-15.563990581744513,27.952102939212764],[-15.564023032740385,27.952120860475322],[-15.564392212022437,27.9520146327512],[-15.564467774354432,27.9519422504389],[-15.564411196110022,27.951849322628597],[-15.564507147693257,27.951819320232513],[-15.565295201697207,27.95172567060684],[-15.566124805801337,27.95195436626304],[-15.566170644711736,27.952073480039243],[-15.566286731405066,27.952037038500674],[-15.566420198152507,27.952144092528542],[-15.566659491160442,27.952180949296675],[-15.566701401039937,27.952232772920485],[-15.56670901085371,27.95241689465195],[-15.566789521768424,27.95247476996992],[-15.567286297590032,27.95229391452775],[-15.567413178311607,27.952295991371713],[-15.567568755919009,27.952373633066944],[-15.568004276199929,27.952298753119255],[-15.56817825889109,27.952318986999355],[-15.568387519081858,27.95252206352508],[-15.568527416697176,27.95299074197095],[-15.568913372551048,27.953110336232886],[-15.56908089867816,27.953077714842575],[-15.569236816246725,27.95297163351853],[-15.56970583026642,27.95249119322875],[-15.569769024646014,27.952476334829722],[-15.570487485077281,27.953036803972154],[-15.570854457545275,27.95322680162526],[-15.571044612092301,27.953445263218605],[-15.571108777456812,27.953460306974716],[-15.571082447073898,27.953062203503755],[-15.570976555839673,27.952597855139143],[-15.571114310232888,27.952502535143072],[-15.571352534424037,27.952428616534853],[-15.571490810209525,27.952277966864674],[-15.570981006704304,27.952176243699004],[-15.570885223738653,27.952102717997402],[-15.57078575242727,27.95183813975868],[-15.570933416949584,27.95162092191785],[-15.571078786555342,27.951504771914347],[-15.571185890657643,27.9512067940442],[-15.571465836556415,27.950874969157763],[-15.571947581796744,27.950468283099895],[-15.572109983044822,27.95044599734178],[-15.572291403130516,27.950244191462225],[-15.572548236026346,27.949598082379687],[-15.57264522415712,27.94914488817074],[-15.572794990884379,27.94892673881734],[-15.573778927715573,27.948906473658443],[-15.574108598741313,27.94878015495744],[-15.574259817061868,27.94877172480297],[-15.574413789838113,27.948976467183567],[-15.574919664485703,27.94993557080578],[-15.575190174355994,27.950246841830754],[-15.575387173537923,27.950313766965987],[-15.575482389766867,27.95051022302973],[-15.575543279576266,27.950521234287383],[-15.575495264987817,27.950396211023325],[-15.575511142492259,27.950104533020042],[-15.575631810740772,27.949828882289687],[-15.575687091001864,27.949545127762477],[-15.575622725798786,27.949308038179126],[-15.575796184425592,27.949049986042855],[-15.575989510092098,27.949156780388478],[-15.576051846292037,27.94913398789158],[-15.576086139332027,27.949010353564095],[-15.576033943516638,27.94876402363839],[-15.57637053200515,27.94874643821629],[-15.57648066134659,27.948630863406237],[-15.576479108617876,27.94858349565103],[-15.576323599034543,27.948484343086644],[-15.576221203130686,27.948348570733362],[-15.576164581655728,27.947881275752458],[-15.576670987383999,27.94820745320666],[-15.57706677298944,27.94821576061191],[-15.577175537237983,27.94814958730264],[-15.577193348761817,27.947645150085695],[-15.577030182446286,27.947268139906704],[-15.57713660542975,27.947002666917104],[-15.577079792122754,27.946840272693205],[-15.577095591601983,27.946508008853716],[-15.577239169206479,27.94634795205534],[-15.577236009437721,27.94624310640222],[-15.577127497506638,27.946115439575838],[-15.577131958542216,27.94591436908557],[-15.577626297522112,27.94589583041331],[-15.577840986036504,27.945987231663516],[-15.578245525774388,27.945995489997397],[-15.578682912193441,27.946093889188],[-15.578844743658344,27.94628463769951],[-15.578871792297106,27.946686681611506],[-15.579245789144743,27.946940945736895],[-15.579415412978896,27.94690758990678],[-15.579533945314745,27.946626600716414],[-15.579595497649622,27.94657925619937],[-15.579878835412941,27.946520289545344],[-15.580048504090694,27.946404163212993],[-15.58031920537544,27.946445928218075],[-15.580404603219343,27.946417259205013],[-15.580467325847156,27.946284693484014],[-15.580390095464193,27.945954843641665],[-15.58051762583828,27.9455322706283],[-15.580691728901384,27.945272557695446],[-15.580795621448171,27.94520496679183],[-15.580925206944073,27.945197333771652],[-15.581105164605056,27.94530245324115],[-15.58117292406726,27.94529074792546],[-15.581163553539657,27.945150551372087],[-15.58097051986156,27.94491174152781],[-15.581319007499339,27.944901469066252],[-15.581191718464046,27.944760750298627],[-15.581185128470054,27.94459308153534],[-15.581370612738619,27.944393999917793],[-15.581630563829044,27.944251492311185],[-15.58167903079819,27.94386059430245],[-15.581901675431322,27.94364618039683],[-15.58230829067671,27.943402399302077],[-15.582502865188417,27.94317048223652],[-15.582704207408852,27.94307848351991],[-15.583077715755968,27.94300397219367],[-15.583329869551283,27.942712881146477],[-15.58361814634558,27.94260680057176],[-15.583854571329939,27.94244590101268],[-15.584004421313287,27.94242677795575],[-15.584193526144679,27.942207014160793],[-15.58460190774792,27.942025180932056],[-15.584659592683723,27.94192498784669],[-15.584795635848847,27.941879057891278],[-15.585400782272416,27.94139103547261],[-15.58553213850299,27.94135076666683],[-15.585662712142923,27.94137649825301],[-15.585865252105574,27.941176029156374],[-15.586176670077883,27.94101958186473],[-15.586488522452623,27.94106418377125],[-15.586424478620954,27.940893726866666],[-15.58662458734492,27.94093230483769],[-15.58675895104428,27.940606043277466],[-15.587044790477648,27.940471945836567],[-15.587501362041834,27.940091004345167],[-15.588101524118496,27.939797841566424],[-15.588258021004203,27.939775643394643],[-15.588452476742077,27.939645399859632],[-15.588774130328947,27.9397285275724],[-15.58889547210144,27.939611595074506],[-15.589354778755462,27.939532348810495],[-15.5898342256354,27.93885698194114],[-15.589867879251603,27.938634048757795],[-15.589501685615808,27.938322195813136],[-15.589198855196935,27.937773470203684],[-15.58907377187825,27.937293853395868],[-15.588842766314466,27.93701852159027],[-15.58866765013479,27.93660898812285],[-15.58839991973876,27.936514986650828],[-15.58832357611429,27.936419444919533],[-15.58822645717902,27.93598053734122],[-15.588569852829266,27.936185863107987],[-15.589112404901835,27.936339666933023],[-15.589734650184,27.936793567610138],[-15.589803396623038,27.936934818255494],[-15.58990083719666,27.937538269352316],[-15.5902045709225,27.93800579972078],[-15.590530739674282,27.93820214007515],[-15.59066466673911,27.938336602140197],[-15.590856457538383,27.938973020815013],[-15.590977504465036,27.939187256190102],[-15.59120231190678,27.939382739000372],[-15.591381026145505,27.939434978704277],[-15.591787425620204,27.939255434759733],[-15.59185595206317,27.93914291524864],[-15.592027117556128,27.938235569116827],[-15.592034904498703,27.938079113935707],[-15.591923188182838,27.93769337848468],[-15.591907881366312,27.937451084506737],[-15.592064307801188,27.936465807279784],[-15.592549683504124,27.936362904732427],[-15.592761888455733,27.936089878263385],[-15.593185766076033,27.93606855439946],[-15.593309634539299,27.93599898142625],[-15.593371572463688,27.93581976115192],[-15.593061911508114,27.935221117390956],[-15.593125795055416,27.935066875867197],[-15.593277919968386,27.935016102036577],[-15.593586255658952,27.93513407555528],[-15.593780773522932,27.935110849705012],[-15.593870401122759,27.935025247296576],[-15.594042283278993,27.93457647245487],[-15.594228524078348,27.93440047078342],[-15.594389894686836,27.934408729240957],[-15.594829890001508,27.934573794772454],[-15.594982489440692,27.934557969985505],[-15.595045158245187,27.934479416117163],[-15.59497078364794,27.934228278338008],[-15.594996653773586,27.9341415063177],[-15.595075707974157,27.93408541330001],[-15.595458794533489,27.9340800020651],[-15.595573148160724,27.93402015430689],[-15.595634843881804,27.933912564172363],[-15.595651792945011,27.93356325007432],[-15.596254772396314,27.933468067621238],[-15.596679651200542,27.933072212101905],[-15.596756008119604,27.93293986880087],[-15.59671337433829,27.932579835779595],[-15.596765599410272,27.932228770865162],[-15.596616229354463,27.93179929431308],[-15.59675842092541,27.931218054471614],[-15.59688087574654,27.931040601444682],[-15.597170839725647,27.930776186069423],[-15.597316767687042,27.930402047464792],[-15.597678119219696,27.930255892500984],[-15.597860271737844,27.930111399290563],[-15.597971123671732,27.929661945600206],[-15.598149177128493,27.92960021231628],[-15.598214033282627,27.930259460407644],[-15.598034566070424,27.93064615785673],[-15.59815342201254,27.930995135285823],[-15.598151965469235,27.931468974603913],[-15.59823667843507,27.93166223813305],[-15.598292769010772,27.932453220530853],[-15.598523155030666,27.932834968793248],[-15.598538537484622,27.933339336676767],[-15.59849266160548,27.933572615953512],[-15.59861974345149,27.934389738832248],[-15.59846018547047,27.93455923921511],[-15.598414578193218,27.934675345442567],[-15.598431605876486,27.934814198591432],[-15.598351858234679,27.935006190565062],[-15.598170150918076,27.935177502002677],[-15.598303808720539,27.935583141037434],[-15.598280805365675,27.935743381805523],[-15.598179468701751,27.935891234653436],[-15.598041754674654,27.93628108152144],[-15.598140610715252,27.93653169588594],[-15.598053907805083,27.936845312944477],[-15.597899273083936,27.93707906425442],[-15.597479810865222,27.93732335293681],[-15.597192704071762,27.937903325948263],[-15.596952918601447,27.93808725478881],[-15.59679563262183,27.938135238599553],[-15.596733584709176,27.938219640104112],[-15.59661839265705,27.938547552255272],[-15.596402038567536,27.938908129265233],[-15.596395887713136,27.939102238585257],[-15.596547559710553,27.93932725907514],[-15.596864238576089,27.939410560899876],[-15.596958754684438,27.93948182633345],[-15.59713652332144,27.939738688930948],[-15.597293306527428,27.940134840184506],[-15.597420941586154,27.94029505907346],[-15.597578559170541,27.940399179702084],[-15.597748121681004,27.941103640558772],[-15.597741832286378,27.941290619046967],[-15.59787862104402,27.941266825487705],[-15.597994303066526,27.941304959079396],[-15.59811614007546,27.941482444206454],[-15.59815534546879,27.941698292303162],[-15.598086506373543,27.941860176373357],[-15.59818594360743,27.942178400867657],[-15.598419847462772,27.942438448019384],[-15.598446827171106,27.94285195223025],[-15.59840939509982,27.942976508290194],[-15.598209698531692,27.943113775503168],[-15.599005178240418,27.94334781970098],[-15.598980984567923,27.944139962079387],[-15.598824561385175,27.945046150116273],[-15.598798198872643,27.94548218300365],[-15.598893715780568,27.945788959407526],[-15.599250829489659,27.945993313342225],[-15.599362899749384,27.946388934150352],[-15.59934922099501,27.94667316645828],[-15.599086920379438,27.94721927349592],[-15.599039854400385,27.94773501529586],[-15.599082149134913,27.94790201290355],[-15.59901360329169,27.948006935125342],[-15.598582087000311,27.94833983540311],[-15.598396487118732,27.948546550163744],[-15.597823537153497,27.948800624442235],[-15.59771844502446,27.94893332761896],[-15.597657261563159,27.949175699739676],[-15.597543344082137,27.949367297703848],[-15.596821935782092,27.94983694714177],[-15.596778325955688,27.95039176040583],[-15.596814844382239,27.950858302420738],[-15.596213964226546,27.952008248848443],[-15.595835902495972,27.95219421892904],[-15.595545599486867,27.95242250642613],[-15.595329561924059,27.95245711198305],[-15.595049145324946,27.95261620821473],[-15.594145746140983,27.953403571348243],[-15.593531935694983,27.95485506652264],[-15.593346313623922,27.954931333251185],[-15.592396649401872,27.954921973467634],[-15.592139758897536,27.95499764258665],[-15.591974957652656,27.95512644580564],[-15.591697892828819,27.95444807818153],[-15.591554850328645,27.954260388008876],[-15.590122556702878,27.953268772171572],[-15.589415323834656,27.952933737936583],[-15.588862542386435,27.952247788218344],[-15.588725394858503,27.952002206084575],[-15.587846524658305,27.952051819807444],[-15.587262079813403,27.95231257960931],[-15.586584499124065,27.952495559254192],[-15.586022965699254,27.952576125690705],[-15.585412425905721,27.952599034604663],[-15.585087438830932,27.952564217730203],[-15.58450306307582,27.95353801574699],[-15.58426976137316,27.953803680630614],[-15.583932636579503,27.95385647539917],[-15.5830376808823,27.954264592729825],[-15.582688906233574,27.95428755413607],[-15.581929662886065,27.95463948283645],[-15.581559092009504,27.954939665341175],[-15.58094488327552,27.95560927112186],[-15.580693879576799,27.955798996593494],[-15.579878189151504,27.955978283369756],[-15.579396677574088,27.956141986442578],[-15.579312438386223,27.956282531809055],[-15.57948932888394,27.956244144179106],[-15.579687304713618,27.95630866666364],[-15.580006052416435,27.95671498736054],[-15.580090675976216,27.95704583476602],[-15.580015408483899,27.957286182372986],[-15.579409323136206,27.958015325895246],[-15.579168707202815,27.958229016941864],[-15.578533608668046,27.95847623200364],[-15.578415189954077,27.95846093232131],[-15.578013856527518,27.95860145510635],[-15.577900837470732,27.958951007384655],[-15.57804417358568,27.959387858312414],[-15.578049891209426,27.960155768936605],[-15.57792163120874,27.96046909628201],[-15.57759208585605,27.960937992757174],[-15.576680337663056,27.961511335445817],[-15.576380826371249,27.961894075016914],[-15.575990580340893,27.96226834718612],[-15.575664086725482,27.962414417574543],[-15.575308556161815,27.962453186216642],[-15.574883777630832,27.962412985384912],[-15.574404399572444,27.962218377074223],[-15.57385719601611,27.962463037379546],[-15.573711090860826,27.9624807077593],[-15.573272474529148,27.962361392039856],[-15.572378831862737,27.962268521903905],[-15.572127740993425,27.962081170578323],[-15.572045168012556,27.96196190485054],[-15.571772714634863,27.961926296830807],[-15.57168694729708,27.96195319280401],[-15.571663592214726,27.962228724507778],[-15.571562304569838,27.96236650147636],[-15.570652460810768,27.962726594767155],[-15.569884180832851,27.962944695519088],[-15.569613417719784,27.963260410758032],[-15.56935886042245,27.963310977800774],[-15.569502157405216,27.962955547830173],[-15.56944220285642,27.962664879747045],[-15.568998210439155,27.962682892785487],[-15.56846047499319,27.96231969825159],[-15.568165512411126,27.962280186089433],[-15.567804466969237,27.962143742182874],[-15.56740779627256,27.961843656544787],[-15.567128611041843,27.961710195266456],[-15.566895525816312,27.96149566071561],[-15.566597606615458,27.96111139436085],[-15.566633341730272,27.960976923989982],[-15.56661223138434,27.96057505220039],[-15.566697366851322,27.96036873933979],[-15.56647250704889,27.960108817966326],[-15.566246598947734,27.959932238717723],[-15.56610461942792,27.959933544976106],[-15.565943018535748,27.960172669521057],[-15.565353745186261,27.960618069418697],[-15.565202127596232,27.960802989479568],[-15.564744570102084,27.96081136738187],[-15.56395728567137,27.960717680853186],[-15.563857085153616,27.9608158729974],[-15.563691066991904,27.96123724314019],[-15.563387396293813,27.961599137409753],[-15.563228447962603,27.961651693856762],[-15.561807295511576,27.960692496399567],[-15.561296602873993,27.960448492313837],[-15.560773002510697,27.96007496381775],[-15.560558020105324,27.959838878089617],[-15.560325972635589,27.959361341235923],[-15.559729587137022,27.95912347544734],[-15.558937979398044,27.95855049225111],[-15.558561523036516,27.958391924798047],[-15.558042900031642,27.957999986203355],[-15.557709752796123,27.957921961196522],[-15.55703315062851,27.958003489890743],[-15.556941193412328,27.95805061345004],[-15.556868580869413,27.958170660932986],[-15.556818285822509,27.958519004010526],[-15.556882221436583,27.959313131080908],[-15.557093462276281,27.95968160231947],[-15.557029840990193,27.95974121308257],[-15.556358945497736,27.959760256891045],[-15.55615640609396,27.959914753043964],[-15.55604394418975,27.960379128703053],[-15.556325540063055,27.96041496571628],[-15.55642093114125,27.960555258546595],[-15.556095971273988,27.96078664593522],[-15.556149713677788,27.961005101451647],[-15.555805283691218,27.96124661401162],[-15.555365211018982,27.96102877910339],[-15.55517695610102,27.960987364012716],[-15.55491531841139,27.961005615876246],[-15.554823483858078,27.961115178059845],[-15.55484886280958,27.961306594899213],[-15.555124162648111,27.961605753418326],[-15.555332711023862,27.961702702694467],[-15.5555641423675,27.96194801909372],[-15.555794902807456,27.961998659190233],[-15.55585150687659,27.96209302563473],[-15.5557424463227,27.962269386369414],[-15.555521381936007,27.962396956319747],[-15.555396551516651,27.962575249050392],[-15.555321909063327,27.96296105288658],[-15.555388664083031,27.963433596253047],[-15.554940116385142,27.963814435938037],[-15.55463600775321,27.96399042673736],[-15.553760081072804,27.96404179798265],[-15.553157516761463,27.963968303454042],[-15.5517434162981,27.963313015503175],[-15.551422770848895,27.96333668794206],[-15.551029403448167,27.963494883971],[-15.550854843642627,27.963476084271253],[-15.550600765283379,27.96331443255947],[-15.54994823501707,27.96305007402866],[-15.549569148268583,27.962651795706897],[-15.549043356326624,27.962422078188],[-15.548322738468244,27.962196041760095],[-15.548137758742637,27.961961631368126],[-15.547983156438372,27.961592027035273],[-15.547939574076093,27.96128249829794],[-15.547971239991671,27.96093961263538],[-15.547704618386744,27.960013092613842],[-15.547740709684517,27.959783479652458],[-15.547554340947663,27.959375482386367],[-15.547502484916842,27.95914043295425],[-15.546296633180068,27.95943499525332],[-15.545820731283664,27.95963995755882],[-15.545551581232813,27.95968435490987],[-15.54490933268689,27.95993417016345],[-15.544015013434684,27.96019682266263],[-15.543955690299983,27.960310203072083],[-15.54420590495359,27.960434600570665],[-15.543519892175631,27.96039838662333],[-15.54321789025926,27.960672134840163],[-15.543173414698469,27.961048551719962],[-15.54320921117908,27.961310413550102],[-15.5433145181403,27.9614200564857],[-15.543387573180617,27.9616183736955],[-15.543440468867898,27.962046266897467],[-15.543656623889985,27.962202268356126],[-15.54369689334849,27.962317656373852],[-15.543824234143917,27.962344306788665],[-15.543894485048991,27.96256702603902],[-15.544153264787475,27.962658874014284],[-15.544561038574187,27.962683547982227],[-15.544882059299306,27.962924926177063],[-15.544910887609344,27.96348261555101],[-15.54504578621867,27.964041906868072],[-15.545151165385375,27.964359243860585],[-15.545428908568052,27.964828564215317],[-15.54555000122374,27.965257774757177],[-15.545760132845583,27.965572673791115],[-15.546203939987853,27.96590224398709],[-15.546192207757874,27.965962952740817],[-15.546283892297355,27.966014873816086],[-15.547250988129875,27.966318304902963],[-15.547150939765686,27.96660187415131],[-15.547459196133673,27.969097094616068],[-15.547975708727797,27.969822803754727],[-15.548277963605345,27.969998801718646],[-15.548814663507336,27.970191015566353],[-15.549551069902787,27.97076716488262],[-15.55000114178347,27.971299048717142],[-15.550238020367406,27.971694391303867],[-15.550268231624134,27.97199758103012],[-15.55013868538381,27.972276314287363],[-15.549986764246212,27.972393642059107],[-15.549691308494364,27.972497731741427],[-15.549236774144102,27.972751764154125],[-15.549015804991035,27.973048464137705],[-15.54895686796429,27.97345735608168],[-15.549013995474853,27.973835814907694],[-15.548947706715694,27.973957493887617],[-15.54885288781974,27.97440886599549],[-15.54891866797835,27.974728975241355],[-15.548911222082962,27.975126106940476],[-15.548981016719368,27.975295086508947],[-15.549559071451872,27.976057915225926],[-15.549625856140992,27.976254619632094],[-15.549619205089677,27.97648709388441],[-15.54950210695019,27.97659507435192],[-15.549467083673909,27.976847070165444],[-15.5493201787978,27.976932330978],[-15.549013183003117,27.97767170192616],[-15.549036823005958,27.978243744722842],[-15.549226900100479,27.978571120774955],[-15.54945384890906,27.9787500341595],[-15.549358282833063,27.978773344644992],[-15.549195296149913,27.97871549987668],[-15.548980862609566,27.978518030576545],[-15.548748545763125,27.978403320433685],[-15.548154578213598,27.978295648224254],[-15.548018695886439,27.978309098347115],[-15.547880247076566,27.978418336017054],[-15.547635056324582,27.9788145184554],[-15.547473305794234,27.97898117051903],[-15.547071078120647,27.979048217135453],[-15.546942164230954,27.97913304279814],[-15.546881446149259,27.9793119303665],[-15.546939751546372,27.979581969714513],[-15.546588841422254,27.97958246176287],[-15.546219916741874,27.97968060732376],[-15.545370322957364,27.980121250618332],[-15.544894720696698,27.980096595714997],[-15.544331785467234,27.980176006083155],[-15.543844999830565,27.980597691333877],[-15.543687634350936,27.98080909603694],[-15.543291874253608,27.981113428407973],[-15.54321552809781,27.981279738172347],[-15.542473278176384,27.982083731626716],[-15.542183966379095,27.98232508323493],[-15.54191649152578,27.98245982851315],[-15.541288192832923,27.982648260516065],[-15.541191318135834,27.982960437496292],[-15.541001415318318,27.983153732427684],[-15.54036499369059,27.983427317686978],[-15.539706766235703,27.983508798768128],[-15.539444219879073,27.983633860947407],[-15.539132819006694,27.983709284570736],[-15.53903636151524,27.983861408054874],[-15.538848333063818,27.98402372976657],[-15.538180597232353,27.984259694409612],[-15.537824213386454,27.98457423826156],[-15.537223878990375,27.98458191033507],[-15.536719439279912,27.984856949249057],[-15.53632661295469,27.98500074856141],[-15.535962696706505,27.985294825501278],[-15.535779026080842,27.985620155392276],[-15.535043408103077,27.986178004687872],[-15.533715136487364,27.986655282406247],[-15.533086699319758,27.986678752729624],[-15.532437189543371,27.98696679565002],[-15.531748558347443,27.986930011347862],[-15.53141202706767,27.98704740048236],[-15.531236139646044,27.987200547603518],[-15.531107383268894,27.987550303190922],[-15.5308747808139,27.987979536878036],[-15.530694306464135,27.988733183341648],[-15.530111373884655,27.989226415120083],[-15.529795565606491,27.989382627244847],[-15.528624371205494,27.98967690368954],[-15.528519366499747,27.989852974518918],[-15.528278857116518,27.990686828554654],[-15.527880013519303,27.99110514096737],[-15.526899932753938,27.99178647310832],[-15.526380624935113,27.992006827182266],[-15.525910857186524,27.992272396145758],[-15.52560017367958,27.992377034410854],[-15.525241129230382,27.992596320242644],[-15.524956471504124,27.992657527609005],[-15.52464592041119,27.99302097000218],[-15.524150909441243,27.993262707504194],[-15.523859599394873,27.99329469018852],[-15.523416687355125,27.99360636710926],[-15.522967038253098,27.993850184490125],[-15.522722597015171,27.9939429194174],[-15.522353257437103,27.99394865585533],[-15.522061179632788,27.994172165524034]]]}},{"id":"43","type":"Feature","properties":{"categoria":"Reserva Natural Especial","nombre":"Los Tilos de Moya","codigo":"C-05"},"geometry":{"type":"Polygon","coordinates":[[[-15.596725233444166,28.09419969518103],[-15.596556914471055,28.094491237774726],[-15.59629911643392,28.09473807072197],[-15.595613242748495,28.094893315892],[-15.595266038077662,28.09501670404307],[-15.594865707489125,28.095247245317452],[-15.594917469348665,28.095011012569707],[-15.595177973591799,28.09460822172083],[-15.59520655342016,28.09441571643108],[-15.595114461915164,28.094314148069916],[-15.594868737981136,28.094233177278767],[-15.594729351267405,28.09423811450305],[-15.594263465393986,28.09472499526921],[-15.593995615566245,28.095155041351816],[-15.593836691426917,28.094885879185455],[-15.5932505450715,28.094240626558737],[-15.592973270909301,28.094084387061],[-15.591756305985932,28.09150354145419],[-15.591229390602372,28.090991983388395],[-15.590860902515526,28.090305521687778],[-15.590396581881382,28.089917774570562],[-15.590103934172284,28.08958124650087],[-15.589899071688041,28.08910361082563],[-15.590108446466122,28.088749776292968],[-15.590028197348602,28.088369889782616],[-15.589879425059415,28.088228084752814],[-15.589839839500058,28.088118036314015],[-15.58982918848882,28.08773362584215],[-15.58961034544897,28.087416187120315],[-15.589607096689464,28.08695194684502],[-15.589711777694024,28.086364296143227],[-15.589923672342389,28.08572743909267],[-15.590031787325993,28.085005091705547],[-15.59014684129616,28.08469578609771],[-15.590288340059379,28.084513465637126],[-15.59064171208565,28.08432805776106],[-15.591066454725272,28.083797323763264],[-15.591150756015447,28.083567884530343],[-15.591333843626131,28.083349149782627],[-15.592080613894549,28.08277384887207],[-15.59247849761045,28.081772806574925],[-15.593559357023683,28.080506100365138],[-15.593916907567593,28.079894062856678],[-15.594080888875817,28.07983975125528],[-15.594222445500908,28.07972576028965],[-15.594310891368671,28.079799849397375],[-15.594691915588312,28.079904716500906],[-15.595024684816398,28.080173449810502],[-15.595150581905216,28.080376009571587],[-15.59525004643564,28.080864476087584],[-15.595720222960178,28.081166552765573],[-15.596159644558886,28.081689830576078],[-15.597130506260845,28.081999655942564],[-15.59755944665752,28.08231923725565],[-15.597924872250465,28.082417212410082],[-15.598108388173221,28.08260191575876],[-15.598207281288472,28.08261714639676],[-15.59811531862047,28.082801985132637],[-15.598004007804333,28.082904284788178],[-15.597305076765839,28.083172656814593],[-15.597081592089191,28.083545529175332],[-15.59687487793114,28.083741409764],[-15.59648371385366,28.083889427836823],[-15.596100544184297,28.083957368437073],[-15.596802743363208,28.08425835175587],[-15.597513048235037,28.084877395443904],[-15.598151613151998,28.08505731808786],[-15.598410949538625,28.085202964941637],[-15.598715030435136,28.08550638698022],[-15.599314127686931,28.085854647626856],[-15.599576666516173,28.086154728617853],[-15.599684610571435,28.08638408196219],[-15.599103094611765,28.086673406978612],[-15.598663761839136,28.086699065216976],[-15.598326053912125,28.08677306036627],[-15.598148545441044,28.086983132147193],[-15.597960212240526,28.087106087055297],[-15.597867207944576,28.08742333676537],[-15.597690921339083,28.087626488021503],[-15.59736022325126,28.087737334230955],[-15.597183587408235,28.087859244198917],[-15.596597805178824,28.088115990129033],[-15.59657377787611,28.088243825335432],[-15.596620374114302,28.088516054786982],[-15.596067243268992,28.089009251729227],[-15.595868547505683,28.089321181966252],[-15.59584641833288,28.089405860180072],[-15.595909302962104,28.089568161659894],[-15.596026928043091,28.090334730094632],[-15.596380721096732,28.090448601714723],[-15.596505029322786,28.09060778337812],[-15.596504579887323,28.09114148296686],[-15.596583984693101,28.091364138339717],[-15.596535431611443,28.09174347034626],[-15.596428600119161,28.0921276955049],[-15.596142054185465,28.092439466309546],[-15.596246503234369,28.09253751398103],[-15.596259699275786,28.0927298108815],[-15.596543106731932,28.09313170224979],[-15.596590577512927,28.093999811421536],[-15.596643433078293,28.09413332411037],[-15.596725233444166,28.09419969518103]]]}},{"id":"45","type":"Feature","properties":{"categoria":"Reserva Natural Especial","nombre":"Azuaje","codigo":"C-04"},"geometry":{"type":"Polygon","coordinates":[[[-15.572214503046359,28.10778497935136],[-15.571728265194729,28.107873665444664],[-15.571467213387711,28.108011240220765],[-15.571612735146939,28.108176728818705],[-15.572138934163723,28.108339618700295],[-15.572215033898216,28.108437513917792],[-15.572278133643453,28.108664006428484],[-15.572614679438109,28.108973993707945],[-15.572729909129082,28.10941591195917],[-15.572744048440184,28.109747176280134],[-15.572540924241892,28.110023308787255],[-15.572176047267883,28.110301244308737],[-15.571232743625036,28.110284017615445],[-15.57114696012258,28.1102223600878],[-15.57070666076437,28.110102311840606],[-15.569665135337235,28.109998319273974],[-15.569426159520065,28.109876004227665],[-15.568990392741188,28.109850280808388],[-15.56895021125186,28.1098120019271],[-15.56905432447222,28.109699275281113],[-15.569090134223254,28.10957087243793],[-15.5691360758538,28.109016646507193],[-15.569102936563107,28.108879421615057],[-15.568983915428904,28.10870386372235],[-15.569110606882816,28.10802190597652],[-15.56893590901854,28.107724670660527],[-15.568678748151436,28.107577551489552],[-15.568531353209364,28.107426510524814],[-15.568454569126624,28.10713623458606],[-15.568484020013127,28.106763337323507],[-15.568153992920754,28.10635379996235],[-15.568097657648474,28.10604899599592],[-15.568201656798117,28.105940242277406],[-15.568144024763239,28.105574782847345],[-15.568221088687734,28.105547599519763],[-15.569005459282085,28.105690655889436],[-15.569214302594759,28.105660758786094],[-15.56944355461061,28.105740254985314],[-15.570291665555425,28.10576561729274],[-15.570679452922896,28.105692511226007],[-15.570569970524051,28.105010676880333],[-15.57068293828673,28.104658238692565],[-15.570634548386938,28.104567150888176],[-15.571241776135645,28.104594231520007],[-15.571686562172511,28.104431771605263],[-15.571659434710812,28.104292075909616],[-15.571562437566628,28.104199737678822],[-15.571500692897912,28.103936147433163],[-15.571412088621457,28.10381382283067],[-15.571429199958896,28.103323617420333],[-15.571702443364718,28.102853223905843],[-15.571808715552342,28.102771240841992],[-15.572109204247555,28.102735839050524],[-15.57224512449053,28.10262781572901],[-15.572231660612724,28.1024885505624],[-15.572080083629919,28.102404636781607],[-15.572053444387587,28.102023017867726],[-15.57194822816572,28.101927699150128],[-15.57189751688043,28.101763548582614],[-15.572101848359354,28.100972913916426],[-15.57227736726593,28.100692464823208],[-15.57213498203887,28.100502410369998],[-15.572044736593114,28.100162354755433],[-15.571861867683996,28.09986285499178],[-15.57179212563817,28.099828148371095],[-15.571833038108288,28.099651519703595],[-15.57175054174165,28.09947482772186],[-15.572132626237444,28.09937311715107],[-15.572367669756769,28.099446942675776],[-15.572688173173795,28.09965518286368],[-15.572813780165868,28.09966085990506],[-15.572871126393247,28.099571515762946],[-15.572931533881752,28.09919992331672],[-15.573130897382784,28.099047591813363],[-15.573086611152466,28.098927899412352],[-15.572944279543863,28.098778421499294],[-15.572964506931479,28.098546616110045],[-15.57285379181334,28.098373761723035],[-15.572855811310115,28.098221153283788],[-15.572507815070809,28.09823314046345],[-15.572410947622723,28.09829478329342],[-15.572356073148258,28.098408661127568],[-15.57200236485161,28.098433967511202],[-15.571673494107616,28.098382350421968],[-15.571358761622319,28.098174778801027],[-15.571261341038612,28.098193599435678],[-15.570981739055075,28.098391730831686],[-15.570720131314934,28.098393180546434],[-15.570115182803686,28.098224455398697],[-15.569666418668614,28.097895275524113],[-15.569630903349644,28.097816446489066],[-15.56965809120245,28.097351555575568],[-15.569482570943087,28.096868441407274],[-15.569354667297397,28.0967934260058],[-15.569451831575677,28.096510236371085],[-15.569432028817284,28.096364876820438],[-15.569285993141744,28.09609828603674],[-15.56925014902434,28.09588366625487],[-15.569018189026455,28.095753774297027],[-15.568961823897805,28.095442615356863],[-15.568674446515011,28.09520795144593],[-15.568690203405422,28.09514217012925],[-15.568899402302845,28.09503297970593],[-15.568951311537127,28.094958671453963],[-15.568935715884644,28.094904430160117],[-15.568620917524795,28.094735505552258],[-15.56880770157057,28.09457235495129],[-15.568621369878421,28.094315309387127],[-15.568742421481268,28.09419954281533],[-15.568602994607268,28.09357906831047],[-15.568908084307825,28.09358691169895],[-15.569008848908734,28.093546630919523],[-15.569343268284252,28.093063268917525],[-15.569716605877062,28.092826008050505],[-15.569980883582284,28.092538648519287],[-15.570195071623559,28.092481006243528],[-15.57045142538918,28.092481962633105],[-15.570677906430989,28.092392981171603],[-15.571145538443892,28.092548284287627],[-15.57150344604963,28.09274285867035],[-15.571543360625427,28.092407044280414],[-15.572041872336245,28.09219665234712],[-15.572339096334336,28.0921385431534],[-15.572521768128018,28.09218833177501],[-15.572759132168539,28.09233980580611],[-15.573483648643869,28.092966948726538],[-15.573929959943477,28.093265408088925],[-15.574291388326268,28.093873366236906],[-15.573895402960979,28.09386842457295],[-15.573223842768455,28.09395648236764],[-15.57268300440192,28.09391450912072],[-15.57247773132582,28.094018092196034],[-15.571401580953967,28.094112667189737],[-15.571377850796633,28.09422560254915],[-15.57121420307502,28.094435771788213],[-15.57122370408069,28.09466335508931],[-15.571089756726359,28.0948078108979],[-15.571121272818319,28.094971473190725],[-15.571538957434223,28.095050037232003],[-15.572010994053906,28.09487021248582],[-15.572151092063125,28.095129513320174],[-15.572369613719502,28.095208760851147],[-15.572518923915494,28.09518965972804],[-15.572758651459285,28.095413095389368],[-15.573258236479665,28.095314438755743],[-15.573558854970615,28.095816757935825],[-15.573832306740163,28.095784995103113],[-15.57407709621731,28.09591063668228],[-15.574368539941531,28.095919960232255],[-15.57454643083039,28.096043552088553],[-15.57454729925563,28.096357612937467],[-15.574647130262179,28.096791732488803],[-15.57492539134495,28.096867403716047],[-15.575262547054098,28.09711412215913],[-15.57526153623594,28.097474336399845],[-15.575144125374468,28.09799737870818],[-15.575226485606928,28.098021731016193],[-15.575615228085574,28.097950340403486],[-15.576026363004575,28.097992954851303],[-15.576368034955129,28.09789114046508],[-15.575944926496481,28.098358995076296],[-15.57585401097988,28.09865805923427],[-15.57599872835366,28.098883774397365],[-15.57571909137804,28.099100727588958],[-15.575690369242329,28.099273298252758],[-15.57520516885047,28.099334992498907],[-15.574863255240446,28.099541517220814],[-15.574683154416284,28.099713160324377],[-15.574400776464987,28.09983302887027],[-15.574396185448927,28.099980231894683],[-15.574591538974058,28.10070722651892],[-15.574748462344528,28.100950169309968],[-15.57458140320771,28.101086218680553],[-15.574532548356938,28.10145472124725],[-15.574129025503886,28.101624392569597],[-15.574045545055043,28.101791703682572],[-15.574064349738286,28.101897348151752],[-15.574295136350456,28.102166494299144],[-15.574340590917402,28.10229096559549],[-15.574227693456937,28.102749517779834],[-15.574395059143646,28.103133038335862],[-15.574408540614115,28.10337827906765],[-15.574291113343191,28.103525421913368],[-15.574536849234526,28.10406797509188],[-15.5745227734424,28.104271157497706],[-15.574371209939256,28.10450405456099],[-15.574457328468137,28.104655887537145],[-15.574367933312192,28.105066272994335],[-15.574236835913151,28.105334568955247],[-15.574071326740805,28.105407458979766],[-15.573850000576469,28.105386901126668],[-15.573741611736212,28.105430954523104],[-15.573744841074694,28.10552130033671],[-15.573874576759001,28.10568170729129],[-15.573574354757428,28.105837575949156],[-15.573603757037004,28.106006301243667],[-15.573474923197193,28.10606908049398],[-15.573250959007186,28.10628406272091],[-15.573137065108293,28.10670614028084],[-15.573093554107686,28.107131371927693],[-15.573116548572811,28.107385545661884],[-15.573247747674348,28.107591171821422],[-15.57320201692051,28.10798565806863],[-15.573101193608027,28.108042010101922],[-15.57297553604653,28.107911789467806],[-15.572802409734868,28.107977515365246],[-15.572728902864032,28.107923146395205],[-15.57253488702993,28.107952634930577],[-15.572214503046359,28.10778497935136]]]}},{"id":"46","type":"Feature","properties":{"categoria":"Reserva Natural Especial","nombre":"El Brezal","codigo":"C-03"},"geometry":{"type":"Polygon","coordinates":[[[-15.59543743938833,28.126805016286294],[-15.595409124530944,28.126619276258218],[-15.595298446926106,28.126579316585275],[-15.595196832803541,28.126646484335605],[-15.595068293708652,28.12691221534188],[-15.59477711546817,28.12702541201287],[-15.594633274437747,28.12696523109478],[-15.59501083622926,28.126302104664894],[-15.595259326646087,28.12604480755526],[-15.595239340990226,28.12570418455199],[-15.595415634742261,28.125472042525033],[-15.595456840740715,28.125289448771277],[-15.595113562495515,28.124312572055846],[-15.594952012436075,28.124028168816924],[-15.594868436692137,28.123939273865492],[-15.594737060871205,28.12389724607947],[-15.594388223607835,28.1239816345336],[-15.594297632393504,28.123857555851444],[-15.594155981367441,28.12198144863008],[-15.594267285127474,28.121663220569644],[-15.594577261280932,28.121154350157003],[-15.594793615630842,28.120654975268188],[-15.595514116167749,28.11970511901153],[-15.595959596260629,28.118544278077753],[-15.596044432193795,28.11750661376164],[-15.596161375544431,28.117237889989312],[-15.596467338985859,28.11680255651852],[-15.596585389924954,28.116439948107146],[-15.597095162947433,28.11584207315728],[-15.597334988167175,28.115755119917743],[-15.597565074663944,28.115735197108098],[-15.597716367666928,28.115639791681215],[-15.598218041328886,28.114866637042198],[-15.598750432188105,28.114463375949967],[-15.599137323678418,28.11435903252132],[-15.599070735776078,28.114224624470786],[-15.599137725786209,28.114039371207816],[-15.59909230501668,28.113897739447324],[-15.599308804001183,28.11366873855668],[-15.599283743985575,28.113521403153623],[-15.59897849231104,28.113067854660272],[-15.598938650709012,28.11286013979709],[-15.599135093362618,28.112356665384713],[-15.599144138705402,28.11174015357209],[-15.599312714526642,28.11114159415336],[-15.599201507650752,28.110860892936106],[-15.599195506858843,28.110403978711545],[-15.598975523108699,28.109949624041217],[-15.599023538687504,28.109536145842835],[-15.598674604756406,28.109638165718266],[-15.597802233910022,28.110061684837387],[-15.597172762698355,28.110726918846492],[-15.597138812656592,28.110738431515657],[-15.597056885081722,28.110576060701256],[-15.597085067239645,28.110388901096925],[-15.597138859272503,28.11032222906523],[-15.597076501386812,28.109926762227648],[-15.597356220084967,28.109257013498276],[-15.597777125533591,28.108437885880925],[-15.597800803017645,28.107677231907967],[-15.598118593938585,28.107427336345257],[-15.598280183588377,28.107369726095133],[-15.598379718173893,28.107166223158508],[-15.598346808055028,28.107073209327115],[-15.598099197298918,28.107010162382775],[-15.597905871655302,28.106899938561035],[-15.597235889561302,28.10633524728841],[-15.597089367160676,28.106139026970556],[-15.596904137486503,28.105574533645306],[-15.596907976957763,28.105337552191813],[-15.597007370896323,28.105097464831665],[-15.59741685376071,28.10480248864954],[-15.598460624878392,28.104629821679616],[-15.598576588699562,28.104481572639184],[-15.598698137156868,28.10416574209648],[-15.59913293406058,28.10400165751805],[-15.599326616173045,28.10385983850954],[-15.59972597165108,28.104292105515974],[-15.59989550772841,28.104551338356366],[-15.60041201154378,28.104815407481706],[-15.600894699956639,28.10524037347464],[-15.60123855953474,28.105388785007513],[-15.602520012801104,28.10571823941754],[-15.603254272040305,28.106122015754806],[-15.603631314275734,28.106195695188642],[-15.603910222796637,28.106344593387284],[-15.604135828220015,28.106646180722255],[-15.60425298690447,28.10692111972651],[-15.60441126446806,28.106948992369734],[-15.604346901406565,28.107397153441905],[-15.604684149765633,28.108223539644737],[-15.604874110718077,28.10843283856046],[-15.605562318672472,28.108984990306894],[-15.605601167806872,28.109064769767055],[-15.60657886772124,28.108905466636262],[-15.606936567574456,28.108693196939928],[-15.60707900622647,28.10881667695362],[-15.60682324878106,28.109131068324725],[-15.606760215488675,28.109276643719767],[-15.606797704138469,28.109801913903404],[-15.606384705588269,28.10987595558327],[-15.606250720775295,28.109950640489803],[-15.60650257716544,28.1104008342663],[-15.606406659681458,28.110912152124584],[-15.60611647688659,28.111102060406402],[-15.605541374450844,28.111319232866347],[-15.60556620637872,28.11153329470316],[-15.605713547432975,28.111838546509258],[-15.605699853826353,28.112126600182528],[-15.60555942873141,28.11233129976435],[-15.605449114859963,28.112611547519272],[-15.605106994745901,28.112984964495116],[-15.60499574223408,28.11327243751467],[-15.604711782270737,28.113702078008718],[-15.60453178622349,28.11362291164474],[-15.60420726226755,28.11374920152949],[-15.60395214129542,28.11363739024146],[-15.603707459184896,28.11375878677182],[-15.602889325235365,28.11368077420383],[-15.602893673498325,28.1138757354376],[-15.603989098696966,28.115363696858495],[-15.603102673708328,28.116849908901184],[-15.602340091743535,28.119600406041563],[-15.60218796658308,28.119346670220303],[-15.60202545260229,28.11830835591348],[-15.601879477963884,28.11804338130509],[-15.601619855913818,28.117847094143645],[-15.601474959384928,28.11762906306051],[-15.601380989301548,28.117166279720756],[-15.601567696574294,28.116703285229633],[-15.601761026482828,28.116463929088383],[-15.602088730768804,28.11558354462448],[-15.602222871752156,28.11536010028904],[-15.602370039361706,28.115285216931774],[-15.602165997984953,28.11510279548854],[-15.601596672043765,28.114981120817934],[-15.601219482253958,28.114703736544563],[-15.600797672561985,28.114804808617286],[-15.600628205382543,28.114912140270558],[-15.599330483373423,28.114905541743283],[-15.598977193102241,28.11517390161782],[-15.598774705806374,28.115952017475383],[-15.598842549987197,28.11638389157132],[-15.598850600428603,28.116986273479043],[-15.598482382284844,28.11756741504984],[-15.598276124541796,28.117994157610415],[-15.598273711407495,28.118639778655197],[-15.597766548650636,28.119345950773532],[-15.597748804058222,28.1197372976114],[-15.597611594336485,28.12004159556777],[-15.59775096322747,28.12040929313693],[-15.597762383726774,28.12066936146065],[-15.597689086505397,28.120823679298145],[-15.597802919355448,28.121130511615164],[-15.597770088640425,28.121232423612913],[-15.597837449973353,28.12166724274719],[-15.597760888985068,28.121807799846597],[-15.597708025143318,28.122095996249236],[-15.597692939348867,28.12263636482327],[-15.59776928791454,28.122861207013308],[-15.598023195979644,28.123248823418464],[-15.59807573868459,28.12359811423831],[-15.598028058746106,28.123978262746],[-15.597934294616442,28.124237291235303],[-15.597715399832396,28.124598516718848],[-15.59763648656373,28.124945031747064],[-15.597475699940063,28.125119192681765],[-15.597463581840262,28.125188716195076],[-15.597313093756307,28.12526644326563],[-15.59690359154132,28.125656363702237],[-15.596949853845889,28.126087294023876],[-15.596684892989538,28.126276630417088],[-15.596622781568724,28.12639798700937],[-15.596369106606932,28.126457675087536],[-15.596037653503746,28.12670768915839],[-15.595998099430435,28.12680411450855],[-15.59543743938833,28.126805016286294]]]}},{"id":"55","type":"Feature","properties":{"categoria":"Reserva Natural Especial","nombre":"Puntallana","codigo":"G-2"},"geometry":{"type":"Polygon","coordinates":[[[-17.117256153431363,28.135045844412605],[-17.117389656233453,28.135436581692808],[-17.11730283560997,28.13550957144722],[-17.116457248817774,28.135531480115418],[-17.11565872765273,28.135632967505604],[-17.11525552564677,28.135462419465938],[-17.11489822051985,28.135399987284842],[-17.11460315362391,28.135448487198392],[-17.114361010384954,28.135558703847984],[-17.113894513870967,28.135591349270165],[-17.11375638939523,28.135400102841356],[-17.113495914707183,28.1353906760353],[-17.11351287227766,28.135331489770078],[-17.11371156876918,28.135206694885184],[-17.11373796209561,28.135099266778937],[-17.113653450114395,28.135020350061737],[-17.11344877191102,28.134995985361428],[-17.113487291779688,28.13478550020411],[-17.113411666119294,28.134682172517458],[-17.11342131604444,28.13453593017228],[-17.113290013865385,28.134266883974124],[-17.112656125307915,28.13356044976509],[-17.11231989143996,28.133253775228383],[-17.11167827902946,28.13296254494391],[-17.11132634499226,28.132929527712854],[-17.111201370569834,28.132775163081067],[-17.111177102896796,28.132580986127028],[-17.111009364157553,28.13245714865734],[-17.110630846871906,28.132454407579218],[-17.110145407863524,28.132558709015687],[-17.10980918827705,28.1324860122169],[-17.10981794473548,28.132387428802723],[-17.11031578337068,28.13190303980691],[-17.110360146633276,28.131767091251817],[-17.110297253550925,28.131653549186087],[-17.110141745018215,28.131545945310133],[-17.11008315346856,28.131319450380037],[-17.10965262955994,28.130812992108424],[-17.109033923096444,28.130489632364757],[-17.108755936969793,28.130432639944804],[-17.108518090564633,28.13029941059794],[-17.10817443410557,28.130194789720033],[-17.107470888017005,28.130165005873966],[-17.107074071108674,28.13028787546117],[-17.10687945412949,28.13027778373063],[-17.106669321039455,28.130104149878548],[-17.10649539473982,28.129580290108997],[-17.10635879827458,28.12945046327009],[-17.106197252855605,28.129377327763738],[-17.10546780034807,28.129365437606854],[-17.10511288426999,28.129439561219144],[-17.104868653921624,28.12955222947056],[-17.104706745022813,28.12955940887005],[-17.10458115289753,28.129466498635797],[-17.104457036020072,28.129256347473202],[-17.10403370741815,28.128939257734316],[-17.1038216987264,28.128664040862272],[-17.103460620728093,28.12857898599626],[-17.103352218678264,28.128500970514015],[-17.103175404720854,28.127614576641356],[-17.103413443597734,28.126637804122065],[-17.10371785540396,28.12618275688053],[-17.10414285651122,28.125815011882814],[-17.104964524153917,28.124958223399197],[-17.105002439935337,28.124809832370218],[-17.10475553880903,28.12469676748618],[-17.105025809265044,28.124635856924847],[-17.105165328540316,28.124415700520693],[-17.105631473467124,28.12394038810228],[-17.105992854822833,28.123036974498476],[-17.106023207817707,28.122741342035997],[-17.10587188977598,28.122389034941246],[-17.105449603643518,28.120733623368533],[-17.10530719132405,28.120591972876163],[-17.104934554290466,28.120486975458228],[-17.104989262586948,28.120333363444903],[-17.104938900540006,28.11996452494147],[-17.105093463103444,28.119519627243236],[-17.1050774643013,28.119242573719813],[-17.105150302806173,28.118829250906032],[-17.10505680929286,28.11869596259068],[-17.104545398148336,28.11834322798791],[-17.1047891645918,28.1181403309132],[-17.105055034346737,28.11807380350925],[-17.105113188134123,28.11749755712402],[-17.105023488126037,28.117089527998083],[-17.104866316766856,28.11672350268771],[-17.104804784174927,28.116663176461948],[-17.104665726066052,28.116687690689563],[-17.104626823719894,28.11662918257688],[-17.104576887706408,28.116354905866757],[-17.10466585071909,28.116167831356073],[-17.10464784643102,28.116022464711907],[-17.104300598767082,28.11513210004533],[-17.103955992222147,28.114705062701827],[-17.103851594905553,28.11473238277069],[-17.10360280389818,28.11492786543989],[-17.103474601705123,28.114914041354005],[-17.103373121032927,28.1148196762718],[-17.103324911879916,28.114638858356862],[-17.103362072068677,28.114430922537736],[-17.103666380158607,28.11462378226166],[-17.103829952444418,28.11445794205301],[-17.10378504232468,28.114253251003674],[-17.103581623182844,28.11409836723168],[-17.102931938265098,28.114064300254658],[-17.101651482527668,28.114470155198944],[-17.101223041843596,28.114367536276212],[-17.101653926909506,28.11423595146195],[-17.1022457323224,28.113843249774447],[-17.102616750619646,28.11372525855546],[-17.10329601231457,28.113756355655216],[-17.103751303308105,28.113888316324875],[-17.104045820030095,28.113918049964205],[-17.104214902026094,28.114006819837453],[-17.10432253756223,28.11416412063755],[-17.104579912609843,28.114287927264538],[-17.104864314043354,28.114599526456715],[-17.105187554561947,28.11480692696223],[-17.105202921568964,28.11489646809448],[-17.10571556863222,28.115678810931275],[-17.10598916898083,28.115926387590605],[-17.106153646626375,28.116215164422226],[-17.10633619326883,28.116355177853126],[-17.106795134060153,28.116516904142543],[-17.10709374070285,28.11681834466501],[-17.107367653333682,28.116950445894346],[-17.107664057339015,28.117170362485226],[-17.108205273313523,28.11742480970426],[-17.108729783861506,28.11786978587984],[-17.10894161835895,28.118190739774604],[-17.109082844558873,28.118686621787372],[-17.1098509429845,28.11958315415965],[-17.109998772721816,28.119827613776387],[-17.109965767303656,28.12038842238285],[-17.110008575867838,28.121243716685896],[-17.110238805919533,28.12152272233099],[-17.110642833856158,28.121769705895485],[-17.110770609772754,28.1218080739582],[-17.111319533021252,28.121803498634794],[-17.11163606528376,28.121896438811195],[-17.112216855499454,28.121778121356613],[-17.11251093219164,28.12187817335278],[-17.112834376058412,28.121835648621815],[-17.11446955455887,28.12281296224253],[-17.114967907339835,28.122902276874456],[-17.115055857650397,28.12286130550067],[-17.11516442304456,28.122652084939872],[-17.11558498607753,28.1222787800937],[-17.11566259520385,28.122136270967115],[-17.11568249241817,28.12191596614741],[-17.115797803136715,28.121915539516593],[-17.116550758757928,28.12234923202197],[-17.117223393726924,28.122579954988257],[-17.11738883142838,28.12268559301597],[-17.118116302059327,28.123416910323726],[-17.118384330883643,28.12399822394549],[-17.118701015902147,28.124150069542118],[-17.119052439260958,28.124143011618898],[-17.11979754349665,28.123979799909748],[-17.120279134596554,28.123972078846215],[-17.120954796157903,28.12404030975313],[-17.12154029553411,28.12402159139584],[-17.122138165730036,28.124207155339526],[-17.12241912965803,28.124043897309015],[-17.122384993421957,28.12396961977583],[-17.122422275750345,28.123950453604277],[-17.12329029601546,28.123956047161517],[-17.123752955188618,28.123839962284336],[-17.124083644344434,28.124164832466647],[-17.12454304636594,28.12448220190142],[-17.125233193236287,28.12527397457968],[-17.12542298112352,28.125349266201393],[-17.12557798040759,28.12535344932748],[-17.125899641136627,28.12522555738778],[-17.125875820294763,28.126125964339312],[-17.12663208135549,28.12654759089996],[-17.127560895059542,28.126951834387597],[-17.127594092737564,28.1270319542752],[-17.127307041911582,28.127106533675587],[-17.12730765391691,28.127237998753497],[-17.12777764376907,28.127542468604425],[-17.128124812841612,28.127664761889065],[-17.128115858526968,28.12778338143559],[-17.127809913725912,28.12831538432765],[-17.1278061472158,28.12848021460821],[-17.12804020917748,28.12865281154714],[-17.128246999437987,28.129088419702725],[-17.128923937867675,28.129440834653774],[-17.12915852341146,28.1300103713325],[-17.129095121366287,28.130700852892762],[-17.12886936831135,28.131010623015143],[-17.12830800584616,28.131062657420376],[-17.127095842477466,28.131456860546344],[-17.126725869692777,28.131904325816453],[-17.126430363448574,28.13209671994104],[-17.12619574629105,28.132819500565077],[-17.12599244760515,28.133232960548312],[-17.125865055054472,28.133809364599838],[-17.125416864092237,28.13472479198319],[-17.125151014836128,28.135050482689373],[-17.12431706782934,28.135022719354392],[-17.12340682368654,28.13474915605022],[-17.12284269003425,28.13443467090547],[-17.122142074576164,28.134529174137352],[-17.12165884038249,28.134414568195904],[-17.121008766270233,28.134186228461797],[-17.12049858910537,28.134352220182286],[-17.120137906732545,28.134536921876066],[-17.11963028246659,28.134620755596725],[-17.119443658097172,28.134572388330437],[-17.11921113204527,28.134420958636884],[-17.11908445265697,28.134413352966153],[-17.11882976980562,28.13465154637913],[-17.11864751669045,28.134964959559458],[-17.11850489252927,28.13504720498638],[-17.118319849875867,28.135011986298878],[-17.117858609827717,28.13477863621931],[-17.11750839296903,28.13483846225883],[-17.117404148540935,28.134879506843628],[-17.117256153431363,28.135045844412605]]]}},{"id":"80","type":"Feature","properties":{"categoria":"Reserva Natural Especial","nombre":"Guelguén","codigo":"P-2"},"geometry":{"type":"MultiPolygon","coordinates":[[[[-17.878908016334872,28.838333655920312],[-17.8789516915937,28.83865473895871],[-17.87888958137548,28.83870567582555],[-17.878928891509016,28.838831116955454],[-17.878842736866883,28.838864527254014],[-17.87879619921143,28.838811400879642],[-17.87877421160833,28.838571035066277],[-17.87882104258501,28.838337317506358],[-17.878908016334872,28.838333655920312]]],[[[-17.847948684292533,28.836774173833557],[-17.847927789553065,28.836872033286696],[-17.847799755240228,28.836835049427744],[-17.847844853239053,28.83672314837871],[-17.847948684292533,28.836774173833557]]],[[[-17.89745839891027,28.84411485607498],[-17.897359867637107,28.84436682745835],[-17.89719834867897,28.844342337823512],[-17.897257227526506,28.84417510467346],[-17.897393470585573,28.844063936125647],[-17.89745839891027,28.84411485607498]]],[[[-17.84653097991847,28.835761384624167],[-17.846584959637635,28.835937942539623],[-17.846446067608507,28.835840751298047],[-17.84638864340449,28.83587624057782],[-17.84632683922984,28.835826130482825],[-17.84640153075205,28.83570999690591],[-17.84653097991847,28.835761384624167]]],[[[-17.842694526564618,28.836210366635516],[-17.842768118382654,28.836354942067917],[-17.842732995840468,28.83638184135552],[-17.842684478059073,28.836330547306577],[-17.842694526564618,28.836210366635516]]],[[[-17.853695466806887,28.833655236524155],[-17.853441933099187,28.83374900087676],[-17.853410141776504,28.833635117692722],[-17.85351851003498,28.833514659704797],[-17.853699177704925,28.833490990977435],[-17.85377046839039,28.833550818949416],[-17.853695466806887,28.833655236524155]]],[[[-17.849922140424187,28.835776326526318],[-17.849927100822555,28.835507420344417],[-17.850069065301426,28.83549179067473],[-17.850103336675474,28.835696726132845],[-17.850072501045545,28.83580562021471],[-17.84997396254038,28.83587355085151],[-17.849922140424187,28.835776326526318]]],[[[-17.852968534875274,28.834156809752216],[-17.853129511571087,28.833862051452506],[-17.85341426138144,28.833823551952495],[-17.853561681523534,28.834082918269953],[-17.853736434179524,28.834180244847868],[-17.853829008747244,28.834344256086975],[-17.853819430792345,28.834443680645393],[-17.853639908386057,28.834471835449307],[-17.85302858860707,28.83421777794128],[-17.852968534875274,28.834156809752216]]],[[[-17.84278823815339,28.836868669582007],[-17.842767301314137,28.837191132508334],[-17.842707778322396,28.83722486052725],[-17.842645117604352,28.836841921106227],[-17.842713462486184,28.836793574750967],[-17.84278823815339,28.836868669582007]]],[[[-17.897554223395147,28.80821106288145],[-17.89709869930174,28.80862704579977],[-17.896921710518527,28.809336392080382],[-17.896755212022256,28.80961462725323],[-17.896802613675764,28.80993219575533],[-17.897051353874563,28.81005358419166],[-17.896975750641815,28.81024507917944],[-17.897046142389403,28.81065316554101],[-17.896919202711548,28.810950936440275],[-17.896733028484554,28.811643071238667],[-17.89683358454306,28.812186260803443],[-17.8970293369413,28.812405129735463],[-17.896739007435638,28.812852480066862],[-17.895992777277876,28.813127921379376],[-17.895774331005132,28.81333567032497],[-17.8957345645674,28.813473727480645],[-17.895806825342696,28.81360937921394],[-17.896235065633412,28.814006290915803],[-17.896335757141326,28.814718945614178],[-17.89643898386849,28.81484843867907],[-17.89685221349366,28.815152376529944],[-17.896971381807436,28.815407761568903],[-17.896985959529523,28.81570928461549],[-17.896918110018312,28.816182713533657],[-17.897010269724003,28.816811862968706],[-17.896773881259936,28.81760858106976],[-17.89619109153608,28.818603457902174],[-17.89595902057344,28.820119021169823],[-17.89594521686345,28.82074495369122],[-17.89582255007409,28.82103844694199],[-17.89560135765325,28.82137248109706],[-17.895217113473937,28.82166610666127],[-17.894936100306815,28.822089234005503],[-17.8946487752037,28.822340286491787],[-17.894549708007577,28.822586638761845],[-17.89433949307647,28.82279687048058],[-17.893688650170844,28.823120911301505],[-17.89346312717854,28.8234487484133],[-17.893077837612893,28.82383168897256],[-17.892826962411686,28.824280278776698],[-17.892709375582008,28.82487002208477],[-17.893050052777127,28.82558987840261],[-17.89287371863042,28.825970265216398],[-17.892826504873533,28.826289585208528],[-17.89274588559168,28.82641478980561],[-17.89233891103577,28.826675972962143],[-17.89228622320885,28.82679784505511],[-17.89201954752866,28.826839230680207],[-17.891637022831173,28.82697091931225],[-17.891527180229804,28.82705284964045],[-17.891561603897706,28.827856425619615],[-17.891288810507728,28.828484142578883],[-17.89114214237223,28.828586075034],[-17.891031223107802,28.82874211850148],[-17.890638690781078,28.8289485606532],[-17.889734400723874,28.829258769814235],[-17.889519874551993,28.829608455666417],[-17.88929713365973,28.83031844145081],[-17.889153220612904,28.830571371114925],[-17.88880871072114,28.830959154980555],[-17.88847328871249,28.831212164672955],[-17.887923753806962,28.831978155930877],[-17.88754720994297,28.83212031345819],[-17.886890057149817,28.832172001233527],[-17.886727058733072,28.83227196987789],[-17.886735693916474,28.832584653565032],[-17.886689007599816,28.832730920788975],[-17.88661696277007,28.83287772198319],[-17.886430851967987,28.833026965531488],[-17.886124466037977,28.833413448942],[-17.886137416772918,28.83388247463681],[-17.885746614752836,28.834427198989353],[-17.885498054208732,28.834611305727353],[-17.884980529321265,28.83470059526137],[-17.884745257455265,28.834906767936733],[-17.884531942644173,28.834989545398496],[-17.88415815622816,28.835232199496172],[-17.883994160690726,28.83540413891067],[-17.884008474707564,28.835663257441837],[-17.88389849686121,28.835979954055578],[-17.883856571908364,28.836280003801434],[-17.883786942000963,28.83639658757695],[-17.883838075657522,28.83650171697273],[-17.883830947761318,28.836702998173646],[-17.883648821917674,28.836997420731695],[-17.88340212583033,28.837610044463325],[-17.883399376335042,28.83772891983042],[-17.8835108697941,28.83783825427363],[-17.883878970082975,28.837796236035253],[-17.884108594907634,28.83783912920485],[-17.884423410891724,28.83801999547596],[-17.88453707688745,28.83813781070566],[-17.88476988474309,28.83815601324365],[-17.885003332747587,28.838448677744687],[-17.88549136056623,28.838723264100395],[-17.885526640986143,28.838862382350072],[-17.886056859950298,28.838772808938938],[-17.886260281969264,28.838790804818153],[-17.886612108632903,28.838671530670734],[-17.88702053052706,28.838305211889168],[-17.887514035370792,28.83819162313631],[-17.88802240913258,28.838207746158805],[-17.88838081757507,28.83842133703542],[-17.888873305599677,28.838343737047158],[-17.88952472471451,28.837844001566072],[-17.889825512391845,28.837459614994383],[-17.890073602890197,28.83724412982878],[-17.890310892480947,28.83674925567581],[-17.89056059941572,28.836629347118212],[-17.890767141982884,28.83664512266929],[-17.89081426458065,28.83680069935313],[-17.89070683812993,28.836916655223455],[-17.89069127750324,28.837020718967874],[-17.890935648083637,28.83737447428298],[-17.890919018284823,28.83803238909926],[-17.890957020533616,28.83811004806121],[-17.89137290677873,28.838035281639513],[-17.89162273103008,28.838215734475806],[-17.89234924810249,28.83822359879372],[-17.892685198471916,28.838369729434174],[-17.893112368352632,28.83844354535689],[-17.893592948292156,28.838744419066458],[-17.894177359499427,28.83894744962187],[-17.894724666401046,28.839290182139575],[-17.895149070505905,28.839633748189854],[-17.89526278666527,28.839486083867943],[-17.89540853794826,28.839052699897227],[-17.89558105879557,28.838883026187357],[-17.8960239604119,28.838711151254756],[-17.896255548047534,28.838410680765655],[-17.896158504056128,28.838871522051786],[-17.896190618024363,28.838995307727256],[-17.895960415663897,28.839153593525623],[-17.895941638464773,28.839215332816842],[-17.895939168438375,28.83938496149227],[-17.896043097828226,28.83947563427922],[-17.896046820278045,28.83960995197586],[-17.896167195598,28.839874483134334],[-17.896139075733675,28.84023265729494],[-17.8961786475129,28.840287676742008],[-17.896511317076534,28.84039226755808],[-17.896835326746256,28.840642301299663],[-17.897128424743904,28.841150004690146],[-17.897204484026062,28.84114836977846],[-17.897337644382013,28.841037827001013],[-17.89739827292473,28.840654616878385],[-17.897609818888345,28.840258180264467],[-17.897525956462076,28.839934668235767],[-17.897513880252156,28.839499145938834],[-17.897549427080833,28.839408993860186],[-17.89795197451697,28.839120711489898],[-17.898019565282517,28.838972232746542],[-17.897973804537326,28.838504178132315],[-17.89803161245503,28.837744355666885],[-17.89816182561372,28.8375268807],[-17.898200075185617,28.837360983800377],[-17.898536035530764,28.83698395010523],[-17.89855591026775,28.836828514540045],[-17.899047485719823,28.837063620840663],[-17.899223443485315,28.837098061213332],[-17.899376280181677,28.836983682831303],[-17.89942989676952,28.836728583325808],[-17.899580511044686,28.837006586070753],[-17.89991219382792,28.837109494328175],[-17.90012859840278,28.837377241373318],[-17.900171631480056,28.83756212672261],[-17.900132482979934,28.838144756614298],[-17.900164004692673,28.838320869649746],[-17.900270513181106,28.838504389157546],[-17.900349909160028,28.83878139755632],[-17.900554360501648,28.839098108627866],[-17.900599993380187,28.839302781695746],[-17.900677132558794,28.839387713251906],[-17.900828881676627,28.839429547241423],[-17.900712234062176,28.839692734434614],[-17.900787423956693,28.83974433401139],[-17.90095165718857,28.83975613329683],[-17.9016862288162,28.839500390548505],[-17.901796002768734,28.83954312705437],[-17.90165576762308,28.839915964206003],[-17.901417230333976,28.841005342850206],[-17.901127846913212,28.841371937264988],[-17.901235114715373,28.841968905031237],[-17.901208966895922,28.842115960951748],[-17.90052332092747,28.843009658846658],[-17.90049717196622,28.843156714699045],[-17.90036636920819,28.8433459721268],[-17.900326965415648,28.843559889496323],[-17.9003505647451,28.843865681298034],[-17.89996098022199,28.84421978157944],[-17.899793545267897,28.844240522168306],[-17.899769026998058,28.844316817351128],[-17.900040228729214,28.84437504161361],[-17.900241962254185,28.844635869188014],[-17.900352790190844,28.844679485924072],[-17.90071274740506,28.844471495990373],[-17.90084444091847,28.8443441861149],[-17.900916244901797,28.8439818605054],[-17.90119818502229,28.843998855624513],[-17.901421056965894,28.843859128331385],[-17.901737267499716,28.84377294498045],[-17.902424539690493,28.843845585317496],[-17.902458532228643,28.843890990290756],[-17.902428382197105,28.843983904628317],[-17.902258964074495,28.844247056936478],[-17.902187659884216,28.844508087282644],[-17.90231181647045,28.844736089731043],[-17.90277028855816,28.845216386501654],[-17.903267865427946,28.845482742939428],[-17.90356644326817,28.84545094638527],[-17.903768696776382,28.845503414333447],[-17.903876222101072,28.845722988004507],[-17.904312116007855,28.846035606715812],[-17.904535049599193,28.846352813859163],[-17.905202542852276,28.846446665271902],[-17.90541988511074,28.84652586510915],[-17.905560519442776,28.84664497059003],[-17.90563061945075,28.84684966436079],[-17.905909588262908,28.846985415297027],[-17.906092185532106,28.847445439318253],[-17.90604741072588,28.847878966453127],[-17.90614684708516,28.848133285786993],[-17.90617945337864,28.848539171324635],[-17.905930474273678,28.84903870219904],[-17.905431120137326,28.84944479156205],[-17.905607097251938,28.85018412367196],[-17.90559504164525,28.850772373462465],[-17.905399034990616,28.85113314674826],[-17.904759276069317,28.851579541387476],[-17.904647660440187,28.851728972244608],[-17.905055574145738,28.85191861710907],[-17.90585245490673,28.851911356744502],[-17.90617893803673,28.851530890973834],[-17.906162124613207,28.851478938036212],[-17.905997065801813,28.851401318440843],[-17.90599074984465,28.851211134252097],[-17.906166275913456,28.851112639620247],[-17.906637985834035,28.851017678240247],[-17.906941484563216,28.850805477155866],[-17.907194052407394,28.850714339175934],[-17.907257213813384,28.850554225919844],[-17.90736525011042,28.850570836857067],[-17.907450202563197,28.85089913294936],[-17.907328073819087,28.851725575153324],[-17.90697008311112,28.852431918390945],[-17.906842372360444,28.85291827849523],[-17.906659919542523,28.853378687644767],[-17.906673158466656,28.85349997212964],[-17.90675010875312,28.853606856856274],[-17.906992244176056,28.85380135542763],[-17.907115607185794,28.853981048963906],[-17.907105169271116,28.854137578497145],[-17.906968977252525,28.854425785792714],[-17.906950233977593,28.854646603702598],[-17.907083124985846,28.854864658792955],[-17.90714192683243,28.855349094503698],[-17.90737494309907,28.855629898772037],[-17.90656186327371,28.855534691959775],[-17.906575637068595,28.85544058769206],[-17.906687358417688,28.855331742579995],[-17.906655637660357,28.85511234089764],[-17.906014653343718,28.8547581541765],[-17.905946236458615,28.854655900646616],[-17.905962697332406,28.854474245225834],[-17.905918538082222,28.854433705960023],[-17.9058104772121,28.85445317427026],[-17.905598644136703,28.85464625882819],[-17.90542953916519,28.854607511712537],[-17.90506627020343,28.85466044402108],[-17.904997085251512,28.85460420813469],[-17.90494324804556,28.853773731698677],[-17.90501903641786,28.853257059981047],[-17.90510127260819,28.853009043018723],[-17.90536195946006,28.852878045446005],[-17.905837219035075,28.852947172528093],[-17.905754819874744,28.85285784823562],[-17.905540209526567,28.852766864853358],[-17.905539369071622,28.85262617215273],[-17.905638822562924,28.852481512806957],[-17.905602650761903,28.852396603511863],[-17.905410095470433,28.852324988119726],[-17.904613315511508,28.85237283352529],[-17.904535214055905,28.852290631707167],[-17.90449033879218,28.85207692467409],[-17.9043493777447,28.851981645752026],[-17.904094816300574,28.85192760071577],[-17.903843914262442,28.85200516733979],[-17.90378698325355,28.85209478953168],[-17.903785000148,28.852244563148417],[-17.903518813474587,28.852325164570487],[-17.90345452854165,28.85229768596118],[-17.903469815974002,28.85207366219603],[-17.903569801858623,28.851984916374757],[-17.903599337962252,28.851646934405842],[-17.903747801447608,28.851348783407378],[-17.903915675573597,28.851122373442852],[-17.904229062610455,28.851081343811376],[-17.90443211458574,28.85053577152388],[-17.904680511331545,28.850184052097735],[-17.904628903718955,28.850059787466787],[-17.904212202871747,28.850069670765738],[-17.904099244699147,28.8500233975322],[-17.903994871006695,28.849659437522774],[-17.90386791894083,28.849515148343333],[-17.903871201790896,28.8493752686092],[-17.903976308003692,28.849323393998723],[-17.904626647824827,28.84935970901244],[-17.905023254007016,28.849109966820834],[-17.904821430297197,28.848730609580812],[-17.90468251769252,28.848598304885705],[-17.904656091649333,28.848311138637044],[-17.90469151482499,28.8481849980475],[-17.90464164010016,28.84790194517139],[-17.904492885321385,28.847603524755307],[-17.903731345759624,28.84692395747047],[-17.903493205482313,28.846612488542746],[-17.902969191762082,28.846214542552723],[-17.902540624696584,28.846143405828634],[-17.90198414277334,28.84616964144347],[-17.901553607143075,28.84597596282047],[-17.90120818596219,28.84589590582308],[-17.900782561011926,28.84591589173985],[-17.900437506664684,28.846107325415197],[-17.90028327675198,28.846087192765847],[-17.900134312024544,28.84599839497845],[-17.898964412043075,28.844929444512655],[-17.898420816847086,28.84420510735884],[-17.89785314128434,28.843757296315204],[-17.897282576140036,28.843389822453716],[-17.896746869290336,28.84276452754781],[-17.896265786950952,28.84244653946385],[-17.89608004544585,28.842213305408364],[-17.89585982055253,28.842066501738977],[-17.895563533855004,28.841947489720845],[-17.894509367773306,28.84179875330751],[-17.89347863024469,28.841312157979267],[-17.892458033626877,28.84115456633593],[-17.891469234188815,28.84086134550139],[-17.890548271053206,28.840183492676704],[-17.890199482855937,28.84001778813856],[-17.88885505359675,28.839855385730075],[-17.888391767756644,28.839846372445823],[-17.887901554291737,28.839975038702683],[-17.887472486770335,28.84020341749384],[-17.88687716027861,28.840420924082487],[-17.88661528412063,28.84047163288902],[-17.886007885492173,28.840474717845584],[-17.885657620719567,28.8407005017782],[-17.885633002047,28.84095900146653],[-17.885419685154954,28.84109886862342],[-17.885301418028217,28.84141619921053],[-17.885323708521767,28.841518550286196],[-17.885474394798628,28.841707450860344],[-17.885459818026973,28.8419215374337],[-17.885587190290185,28.842601626054503],[-17.885704359710726,28.84287513001651],[-17.885676473479922,28.843089501538017],[-17.885564837044218,28.843238918029947],[-17.885579752977865,28.843445157121387],[-17.885385971677135,28.843439383855543],[-17.885083675413632,28.843288004927793],[-17.88510278654798,28.84320100361935],[-17.88531750839586,28.843037654633804],[-17.88519201156646,28.84290774690477],[-17.884919352133792,28.84282789325125],[-17.884811576950003,28.84252351934506],[-17.884412414071594,28.84242562616021],[-17.88430921958908,28.842287122188804],[-17.884201720558814,28.84199266377934],[-17.883979182323568,28.84190993148441],[-17.883928424695007,28.841815405270133],[-17.883570161067993,28.841788794504648],[-17.883462591591908,28.8417144256004],[-17.88344370018303,28.8413639505796],[-17.88369466871144,28.841066332335515],[-17.88379995255564,28.8410207835994],[-17.883834898408388,28.84091359955578],[-17.883823438967596,28.840646851872847],[-17.883734467821434,28.840392586602654],[-17.883727691665005,28.839998556252265],[-17.88349809853337,28.839169927006377],[-17.8832241900767,28.838921872425953],[-17.88276625930988,28.838642665094905],[-17.881777639299557,28.838454540175555],[-17.88132096731411,28.838313668153642],[-17.880680255901883,28.83785110416196],[-17.879885864011676,28.837684971892738],[-17.87880069323561,28.837672974171934],[-17.877753583619054,28.837927148824313],[-17.87732233953509,28.837928236899398],[-17.87686720102404,28.83776837446004],[-17.876554701017124,28.83758021034576],[-17.876052600978653,28.837388874936416],[-17.87565246986218,28.8369942147301],[-17.87510443439844,28.836771383238297],[-17.874028312984276,28.83649215924135],[-17.873335955395174,28.836385148217893],[-17.872718376131683,28.83620347730032],[-17.872320062894136,28.836023445515217],[-17.871622384049733,28.83594630508913],[-17.871349718376166,28.835790653832166],[-17.870682217772018,28.835767888137866],[-17.869661224525135,28.835592989152442],[-17.868926389792765,28.835430934533434],[-17.86843369908495,28.835245683231964],[-17.867552022729036,28.835257225388812],[-17.867448675097148,28.83533609468717],[-17.86632021822109,28.83561265715275],[-17.86569919795211,28.835641194908177],[-17.86529565512773,28.835718325996393],[-17.864906461761233,28.83616948568838],[-17.864339866617634,28.83638989112139],[-17.863757171412963,28.836247125525844],[-17.86328804272343,28.836024372051412],[-17.863007478295238,28.835766943659976],[-17.862803652091642,28.836067132591456],[-17.86275862970831,28.8360689907579],[-17.8626843905237,28.835752156986146],[-17.862690468853092,28.835637472326013],[-17.862791782652764,28.83544680015346],[-17.86276815954007,28.835369728769503],[-17.862662747046098,28.835410753897097],[-17.86206640606957,28.83604129523448],[-17.862112757338874,28.835863516619103],[-17.862103772845153,28.83561024181982],[-17.8622085889738,28.835322980319006],[-17.862190220335926,28.835213324786707],[-17.862052154254282,28.835071934166105],[-17.862038027818457,28.834892733547992],[-17.862172743822644,28.834649937905635],[-17.86247779353482,28.834604674164893],[-17.86235399550508,28.834273558184485],[-17.862115613241397,28.83417218210187],[-17.861747978732886,28.834251246047874],[-17.86152078541662,28.834221792396686],[-17.860968311730826,28.83387271333864],[-17.860609742503865,28.833721568332795],[-17.859888942985744,28.833547438923194],[-17.85950711334315,28.833369723876512],[-17.859016812398945,28.833345846569507],[-17.85849549767612,28.832899580306787],[-17.858162577598193,28.832730926676895],[-17.85795085721498,28.832686526086896],[-17.85640182330651,28.832641783124313],[-17.854935649475358,28.832892932789264],[-17.854282900460753,28.832922089094936],[-17.85400419315833,28.833031721672814],[-17.853683884375062,28.833080897219396],[-17.853414773656876,28.83335449249944],[-17.853269997370013,28.833417089918676],[-17.852806097855,28.833309645547985],[-17.8519528467217,28.833311462950753],[-17.851149192882854,28.833591851418397],[-17.85027548452787,28.83400811714761],[-17.849354257113617,28.83452279988909],[-17.848284913781182,28.834940482306116],[-17.84784774153432,28.835137338538363],[-17.847627679828197,28.835294428544312],[-17.84726809454552,28.835368773471433],[-17.84682815866628,28.835539526376603],[-17.846345889371097,28.835510021474388],[-17.845609617771576,28.835218879090924],[-17.845150763914603,28.835259233074922],[-17.84506352929434,28.8354414781937],[-17.844951408100304,28.835499769740963],[-17.84472450865396,28.8354811056404],[-17.844536884488512,28.83521175281896],[-17.84385462584302,28.835286583030335],[-17.843556441574773,28.835509358213123],[-17.843548883158153,28.835645722749227],[-17.843655997972746,28.835817553153067],[-17.843645901522383,28.835935930816095],[-17.843505608967753,28.836050740762843],[-17.843336943140535,28.836026335867878],[-17.84333021251114,28.836306104204997],[-17.843240956664065,28.836376540401336],[-17.84303818553891,28.83619049078914],[-17.842949230180636,28.836008354661086],[-17.84275475256373,28.83508012728453],[-17.842614356316634,28.834844593548176],[-17.84249155080257,28.834751117837218],[-17.842124789380474,28.83473494728089],[-17.84180588327637,28.83479849780651],[-17.841505064471793,28.83469840045613],[-17.839349854404368,28.8347023189443],[-17.838938534260922,28.83475788694367],[-17.838198103686988,28.834991767554506],[-17.83781414250969,28.834923179024575],[-17.837582982079542,28.834936163250394],[-17.83724645062882,28.8350298408916],[-17.836829856421062,28.83526862430208],[-17.83655560445611,28.835354675497687],[-17.836237901547836,28.835576041875253],[-17.835524674417528,28.83594463952851],[-17.83464920699515,28.83622373688351],[-17.834237571110027,28.83641911131262],[-17.83397420617136,28.836453513182246],[-17.83303518056808,28.83639116718579],[-17.83269186119908,28.83646152384158],[-17.832040240154384,28.836420191826043],[-17.831243782306583,28.836591168662487],[-17.830619382425283,28.836949757500875],[-17.830052939042872,28.837103268987214],[-17.82973333113639,28.837103664461825],[-17.829272138440825,28.837020436414274],[-17.82913382067682,28.83694396113525],[-17.828808703467434,28.83693003759013],[-17.828263097945612,28.83702086451838],[-17.828033321421927,28.837123104223537],[-17.827850615345202,28.837147683818134],[-17.827480354574373,28.837396291961365],[-17.8269296732592,28.837337483582274],[-17.826347302614813,28.837470567194202],[-17.826305910147603,28.83749308373418],[-17.826327801758453,28.837772253266017],[-17.826174444073338,28.837707816594186],[-17.826019185159307,28.837762487246437],[-17.825987543433094,28.83769098839619],[-17.825836721193113,28.83768242388707],[-17.82536660451261,28.83779961969293],[-17.824971079948728,28.838061379227877],[-17.824645786427535,28.83819267598797],[-17.824142093976686,28.838546000656695],[-17.823768871349685,28.838685515811683],[-17.82322497587414,28.838991871960673],[-17.82315664309909,28.839078995881813],[-17.823043841906355,28.839112748972106],[-17.823051324282854,28.83935181028546],[-17.822943038142252,28.839363098431058],[-17.82271573555839,28.83951939943887],[-17.822373461837103,28.83981882400735],[-17.822031142919624,28.83996490379197],[-17.821854037455843,28.839969513637797],[-17.821335479496838,28.83977290188498],[-17.819688869089152,28.83949525468281],[-17.818971518830196,28.83925859230528],[-17.81862577293282,28.83920177835706],[-17.817580823199393,28.839163188798416],[-17.817382665357464,28.83920842725553],[-17.817287765807357,28.839312737168356],[-17.81693341295366,28.839278649504724],[-17.816630163229213,28.839164114298267],[-17.816367952211664,28.839203870349333],[-17.81620633364763,28.83913688862484],[-17.81581034295219,28.839116296315705],[-17.815254953336808,28.83926320188244],[-17.81479522705301,28.839120359330085],[-17.81438663252747,28.83912627514565],[-17.813868812482227,28.839413017530703],[-17.81326833853392,28.83959783958346],[-17.813193606115014,28.839713957469638],[-17.81306808642078,28.839694026250427],[-17.811889659056735,28.840215634724874],[-17.81101177075345,28.84044682547836],[-17.81051008729194,28.84064851814107],[-17.810287348217923,28.840781070696494],[-17.809877813865715,28.8412895158855],[-17.809319149739565,28.841658366525483],[-17.809030295167165,28.841926878684923],[-17.80862079327849,28.842471220781466],[-17.808432184370695,28.8434583683848],[-17.808464828108765,28.843605621825073],[-17.80858249970781,28.843790792967564],[-17.808814778368866,28.84397086952665],[-17.80898605828301,28.844016009799095],[-17.80907758215417,28.844295536923543],[-17.80919497069024,28.844432003490823],[-17.809267273392553,28.845101609699494],[-17.809194253966446,28.845281734394398],[-17.80892351270212,28.845006050907067],[-17.80886822345322,28.844894899950067],[-17.80885465004138,28.84463314192815],[-17.808292343282794,28.8440214365146],[-17.808175726891918,28.84369559791115],[-17.808004259862074,28.843396817361842],[-17.808032911216138,28.843246482708004],[-17.80789908621706,28.84301026762255],[-17.807934737485546,28.84275956171297],[-17.807859668755377,28.84253285568266],[-17.80789207158687,28.84236673733175],[-17.80784300793643,28.8418963315078],[-17.807665012750782,28.841597686269218],[-17.807697290885873,28.841491196189207],[-17.807889264318842,28.841337459371864],[-17.808336672907455,28.841201438497027],[-17.80870375858182,28.840820590983807],[-17.808877009312226,28.84057107711146],[-17.80893449309542,28.83991369345747],[-17.80940552153788,28.839647835182475],[-17.809652938826765,28.83937087723043],[-17.809879408035712,28.8389801129179],[-17.810010298145805,28.838859208877864],[-17.810210010232726,28.83880383696133],[-17.810288585186942,28.838400396737885],[-17.810505038838166,28.83817524633803],[-17.810898119691185,28.837897341954395],[-17.811337846384944,28.837868327039597],[-17.81163199237844,28.83764480193831],[-17.812230232190487,28.837339161686806],[-17.81315560125936,28.837122307974248],[-17.813738342556043,28.83711645969181],[-17.814151621182422,28.837246745569324],[-17.814250039062443,28.837170318324052],[-17.814907177584097,28.83723762707702],[-17.81567133496186,28.837104024676282],[-17.81585045768906,28.837144401473477],[-17.81626057164433,28.83749854993889],[-17.81628283119633,28.83703355657061],[-17.816080052018176,28.836617446070562],[-17.816023398196464,28.836377787059146],[-17.81605839346178,28.836231828859802],[-17.816237732821687,28.83600618245994],[-17.816167640523943,28.83583806476537],[-17.8161671815424,28.835794416007452],[-17.816208500429816,28.835795717692793],[-17.816407894236107,28.83605963584877],[-17.816601400035943,28.836158244059565],[-17.81680446093626,28.836432728886873],[-17.81713232343551,28.83654855380798],[-17.817519608793027,28.836778595899244],[-17.817931860413516,28.83734904654792],[-17.81819351992493,28.83738059574735],[-17.818534241620597,28.837503571888615],[-17.819583552514143,28.837530905488446],[-17.81993786229027,28.837708256773038],[-17.820112182261308,28.83795096337898],[-17.8204924419302,28.83805386686476],[-17.82144692949192,28.838194020079385],[-17.821654206337104,28.838103456385678],[-17.82172141512843,28.838003511818776],[-17.82193001067918,28.83796218896517],[-17.82213428446997,28.837760828042793],[-17.822425392540946,28.837668508108408],[-17.82327541854873,28.837564491523352],[-17.82329272751338,28.83716996044103],[-17.823192581677194,28.837085832955612],[-17.82311673949691,28.83686571165096],[-17.823480028689264,28.836858102817644],[-17.823749179260105,28.8369879587466],[-17.823907202387847,28.837144776549987],[-17.8242738291542,28.837260267590498],[-17.8249192393753,28.836827949949612],[-17.824995760969653,28.836555359011616],[-17.82500273824003,28.83629653816268],[-17.824923806961454,28.835444272786297],[-17.824777004819087,28.83558488843558],[-17.824572059244023,28.835571837525528],[-17.824364982106797,28.835422062294487],[-17.82432564043499,28.835165618980586],[-17.824395729227632,28.834787246890645],[-17.824522676759777,28.83448829776221],[-17.824786811229533,28.83412911398429],[-17.82492160799516,28.83427455579193],[-17.8251543945188,28.834388384443926],[-17.825431863481704,28.834744670443477],[-17.825740097066948,28.83504335684167],[-17.825920276873795,28.83507018567415],[-17.826146834043428,28.835176295402142],[-17.826220693958323,28.835322553210187],[-17.826230014747793,28.835667257140422],[-17.827195129399648,28.8356839665943],[-17.82693196281269,28.83525837063102],[-17.826883055694065,28.83500073081147],[-17.82696787559097,28.834518559293475],[-17.82740601485319,28.83417680210806],[-17.82745124841954,28.833781685445942],[-17.827609925891654,28.833445788813556],[-17.8275922878612,28.833310665225564],[-17.82736107184517,28.83303220586862],[-17.82736705525296,28.832736458883684],[-17.8272196696738,28.832456250036053],[-17.826689046129843,28.83196234951185],[-17.82631344972699,28.83151447448948],[-17.8257003393851,28.831071576613738],[-17.825587163352836,28.830143632512463],[-17.82564612459373,28.83001968481072],[-17.826074205864167,28.82992513672098],[-17.826907912501717,28.830066009247204],[-17.82753004082958,28.82987888069565],[-17.827757733117753,28.829966743470393],[-17.827785801901133,28.830171302901935],[-17.827704709973062,28.830366560846905],[-17.827593014612084,28.830471473075672],[-17.827359522972873,28.830581302847808],[-17.82712933807001,28.83093312207709],[-17.82704962753965,28.831193540285117],[-17.82744496464863,28.831052462164696],[-17.828068624863096,28.83072299491894],[-17.828261135325143,28.83051031756438],[-17.828857508914037,28.830060385324565],[-17.82972503917354,28.8301621221298],[-17.829900163154733,28.830419483876483],[-17.83037165488188,28.830902354346],[-17.830401919997023,28.831484824947832],[-17.830348365737436,28.831826446231034],[-17.830473063865657,28.831887051246255],[-17.83102210877524,28.83139474281561],[-17.831146051071613,28.83120542066181],[-17.831127139495354,28.830734058104454],[-17.830872106930194,28.830356954283292],[-17.830786369822892,28.830141366161662],[-17.830735528551212,28.829663457604465],[-17.83064947793696,28.829511919804514],[-17.830756167377483,28.829479912888036],[-17.830908198186094,28.829533548384042],[-17.831237156124327,28.829841447876007],[-17.83135864394973,28.829864153306612],[-17.831445125050397,28.82980460741866],[-17.831512719622264,28.829841974934435],[-17.83190861187728,28.830650940393603],[-17.832306474144353,28.83126393393507],[-17.83245629855865,28.83135548089286],[-17.832460689844837,28.83098296931749],[-17.832682990588808,28.8305992882008],[-17.832752058539807,28.830139786464734],[-17.832536973552116,28.829734974014112],[-17.832464572097617,28.829430970559606],[-17.832474933110486,28.828924139109468],[-17.83270996634912,28.82752488572462],[-17.83261011351494,28.82695049880245],[-17.832657743934018,28.826486190526605],[-17.832584842301202,28.826165888225116],[-17.832394256747147,28.82581633179507],[-17.832328846524177,28.82555107922058],[-17.83228675178201,28.825089060309484],[-17.832328429125774,28.824257057787126],[-17.83203138499248,28.82410767942649],[-17.832676214796344,28.823612280930796],[-17.83263743820253,28.82351407108975],[-17.832407148529885,28.823310242934333],[-17.83260110523567,28.823062134385008],[-17.83247158694293,28.82287387808036],[-17.83246441461249,28.822757315538798],[-17.832722530488887,28.822062240044783],[-17.83285795028488,28.82187549001126],[-17.833273034140042,28.821751841967075],[-17.833584380944213,28.821540170012863],[-17.833882155587236,28.82127219853174],[-17.834036955528532,28.82106027954419],[-17.8342528195142,28.82117598265656],[-17.834608113284308,28.821253395091308],[-17.835245661920034,28.821526465864626],[-17.835442317108168,28.822303051792233],[-17.835537135207453,28.82239565332832],[-17.835691010167388,28.82244546557423],[-17.83588529397681,28.822653581096535],[-17.83599163715275,28.8230226991876],[-17.836195519374584,28.82343660770238],[-17.8362633755418,28.823866654937557],[-17.836084618618013,28.82423115266466],[-17.836058195183078,28.82458891927443],[-17.835838851119604,28.82508512716778],[-17.835812509367404,28.82529788252259],[-17.83586791099936,28.825500971796792],[-17.836206356003174,28.825670352206156],[-17.836520789738348,28.826031447985365],[-17.836723853142487,28.82656812888472],[-17.836805203518878,28.82696150392239],[-17.836799260830183,28.82771801231378],[-17.836650731879807,28.827934267613372],[-17.836272070367897,28.828189550912303],[-17.836209143070395,28.82828648925867],[-17.836090924043308,28.82910170002414],[-17.836331634955346,28.82970550258824],[-17.83635955255759,28.83005490061425],[-17.836524558249188,28.830388786070294],[-17.83651134664891,28.830665985397978],[-17.836588298782047,28.83090845400709],[-17.836576772598658,28.83145387975796],[-17.836509053866,28.831676300423357],[-17.83680992547804,28.83219404551069],[-17.837025936767912,28.83272521171219],[-17.83693556260092,28.833162520321466],[-17.836742646737235,28.83368659872437],[-17.837857986331322,28.833604111744428],[-17.83856221583758,28.833718364655958],[-17.838487591316945,28.833467567997502],[-17.838198112921347,28.833143522407592],[-17.83788519086343,28.832635054852958],[-17.837828808930304,28.832384487038766],[-17.838007845157577,28.832587371678883],[-17.838438966895392,28.832884080962614],[-17.83925725042885,28.833141064423252],[-17.839356448702265,28.83343664258451],[-17.839463309432066,28.83359946194539],[-17.84047565417165,28.833458166307175],[-17.84129403084974,28.8334544506656],[-17.841405520567243,28.833410607819463],[-17.841852667627908,28.83369343739768],[-17.842694426867855,28.833720790957045],[-17.843065228345726,28.83383553797212],[-17.84325574940361,28.83391449668741],[-17.843429355246496,28.834141337392065],[-17.84341019377662,28.83420628113825],[-17.843473694165166,28.83423259769547],[-17.844200213241173,28.834278422469225],[-17.844289407250596,28.83382815206338],[-17.844380525600904,28.833715587723816],[-17.844496492922,28.8333627780904],[-17.844451651901743,28.833253082418807],[-17.84439684956583,28.83316204322107],[-17.84382882948157,28.833054166373305],[-17.843584270100333,28.832911799654738],[-17.843369586602385,28.83271349041155],[-17.843184016690504,28.832431580847764],[-17.84297008668723,28.832260910946342],[-17.843109917946734,28.83163100330499],[-17.84319258818061,28.831592376199655],[-17.843210496271258,28.831481356619044],[-17.842903874435002,28.830980724557406],[-17.8427693503119,28.83065164444713],[-17.842606966707844,28.830452221808283],[-17.8423841396761,28.8299499837766],[-17.842632053417038,28.829881885911007],[-17.843904616025764,28.82996822485356],[-17.843992612009025,28.83018642563371],[-17.844613655817813,28.830544604003187],[-17.844740928430745,28.83089082907433],[-17.844968592217977,28.831114479684054],[-17.845308997544638,28.831664049727262],[-17.84553597910441,28.831911824609886],[-17.84601245724938,28.831954985804654],[-17.846459888911063,28.832172848376114],[-17.846543813798633,28.832170174322187],[-17.846630981785214,28.8320887305295],[-17.84670866628968,28.831644000116537],[-17.846905628041522,28.83139080239727],[-17.846895555721105,28.831190965202712],[-17.84665033294629,28.830721762181273],[-17.846581168789665,28.830432465518157],[-17.846267947143136,28.830051435557575],[-17.846133436375528,28.829801060202243],[-17.846012125275863,28.829664899442502],[-17.84553452619853,28.82940253437354],[-17.84521476379173,28.828988670778173],[-17.845172666603055,28.828298458099827],[-17.844697555983505,28.82746238793575],[-17.844565607963116,28.826696000535524],[-17.844385085476336,28.82600588417948],[-17.844508131059328,28.82562470108782],[-17.844866467412523,28.825073375592158],[-17.845273489999006,28.824009539983862],[-17.845909812589188,28.82325446059055],[-17.84607720793144,28.822969496982463],[-17.846253519343094,28.82247249642067],[-17.846577299494054,28.822029570752562],[-17.84696586251929,28.821694294863086],[-17.847111131774362,28.82148882333675],[-17.84713657886337,28.821367469425923],[-17.847100558897502,28.82126299122808],[-17.84676515432751,28.821150031608926],[-17.846573736405894,28.820928567389704],[-17.84654578616608,28.820691925957064],[-17.846597085640855,28.82051548058168],[-17.846538787142606,28.820133722837927],[-17.846693131967097,28.819821071530992],[-17.846811539827208,28.819317048325225],[-17.84716540236044,28.81903446122374],[-17.84740868514148,28.81875330619485],[-17.847442467401876,28.818376450291716],[-17.847485236792377,28.818319993559257],[-17.847441406085427,28.81802143738312],[-17.847874112981007,28.817414801738288],[-17.848069743832,28.817264542978343],[-17.848294681286312,28.817175002366945],[-17.848622626616418,28.81714462294966],[-17.84898868977469,28.817235210180158],[-17.84968674901961,28.817782419436625],[-17.84975880342913,28.81794596640168],[-17.84975114548764,28.818153592753305],[-17.84955788701017,28.818804424710176],[-17.849345777347256,28.81917693069114],[-17.84934289310479,28.819371827892677],[-17.84953562383458,28.81956619973103],[-17.849981221202125,28.819756129274424],[-17.85014318697414,28.819911461495476],[-17.851407147993616,28.821707079985753],[-17.85148672563342,28.82233752277433],[-17.851268092196364,28.822807317013087],[-17.851277391502897,28.822880156814737],[-17.85137168605577,28.822885054280082],[-17.851756605154417,28.82270285160187],[-17.851845552148614,28.822723872663015],[-17.851900125506383,28.822818909664452],[-17.85166212351812,28.823291684882648],[-17.85155016312682,28.823655762019982],[-17.851520590917012,28.82403546061815],[-17.851312686463178,28.824632492320365],[-17.851290878772133,28.824835312276125],[-17.85105004958807,28.825328234399596],[-17.85079364368961,28.82555046505603],[-17.850276487108157,28.825836036104867],[-17.84994085599984,28.82616112850606],[-17.849676354237594,28.826287165675748],[-17.84970761450022,28.826431053495234],[-17.849914064560892,28.826783230821693],[-17.84993090437118,28.826999693106487],[-17.850059048397593,28.82728726300118],[-17.850086858205067,28.82770585218733],[-17.85027840424368,28.827711445520332],[-17.85051532265842,28.827576347644698],[-17.850646088296337,28.827559123552845],[-17.850682602165513,28.827895625191427],[-17.851055777061582,28.82834545448004],[-17.85139970071407,28.828925990220103],[-17.851458908619495,28.829233264175755],[-17.851249936114986,28.82969978754315],[-17.85105216050952,28.82995193481596],[-17.850776733160597,28.830088172846995],[-17.85060282454106,28.830589095729444],[-17.84999721999712,28.83129096151802],[-17.849773671483344,28.831986244835],[-17.849697373876594,28.8321743769889],[-17.849625120663905,28.83221176852502],[-17.84955331790768,28.832564802788998],[-17.849215137540437,28.83300237575716],[-17.849321510975784,28.83302164966246],[-17.849409065614164,28.832948061574296],[-17.849572607675015,28.832973297970362],[-17.85018655538317,28.832795321988748],[-17.850618149581035,28.83249924653608],[-17.850819628204157,28.832423248593855],[-17.85113534870216,28.832057884448645],[-17.85169076092379,28.83182375356324],[-17.852235369988232,28.831790710259945],[-17.852688709865816,28.831695029700825],[-17.853388132310084,28.831665885848548],[-17.853747542760594,28.83170849354727],[-17.854252909625437,28.831587757072352],[-17.854498155021208,28.831168918772374],[-17.854650776289624,28.831013751540173],[-17.854840942398056,28.8308879525372],[-17.855068712061247,28.830826302103024],[-17.855176224263506,28.830712175218682],[-17.855463211149726,28.829893380582117],[-17.85600638125076,28.829190930961055],[-17.856046081460203,28.828994352505646],[-17.855985799252867,28.828894964529354],[-17.856066798563962,28.828815314483847],[-17.856246233288218,28.82885932005302],[-17.856337919492233,28.82899087595148],[-17.856215319570843,28.829527466672808],[-17.856206409941557,28.82991371817563],[-17.856231888726473,28.829972711428823],[-17.856557246240016,28.830194930035713],[-17.856653384885014,28.83037690415162],[-17.85666104044255,28.830807003324548],[-17.85677417730949,28.831045705675518],[-17.85696040029987,28.831143416546315],[-17.85700797205993,28.831013023335245],[-17.857346429012377,28.83099813808435],[-17.857562369003848,28.830915987862898],[-17.858029613012064,28.831146019245743],[-17.858162219426692,28.831163052289586],[-17.858222212845565,28.8311405234865],[-17.858236822012966,28.831078472396918],[-17.858406871965634,28.831154347406347],[-17.85853886024478,28.83099443594811],[-17.8586056674098,28.830369204095273],[-17.858825498406695,28.83016122861105],[-17.858893791786468,28.829916290601027],[-17.859319105777544,28.829492344264665],[-17.859779344337056,28.829316611875033],[-17.859877302817495,28.82922794058998],[-17.860088996506807,28.828766128665283],[-17.86017866856287,28.82822482184406],[-17.860448681861236,28.82798907982427],[-17.860471119327507,28.828468475293075],[-17.860560984391306,28.828757919166687],[-17.86061619155144,28.828828908922898],[-17.860863600811673,28.828923782747054],[-17.860923100538045,28.829001897385012],[-17.860940899298583,28.829390287646046],[-17.861136940305734,28.830255434068945],[-17.861104420502553,28.830408618637478],[-17.860720664849573,28.830758697612097],[-17.86059361914862,28.831098719497735],[-17.86062758611677,28.831190419086823],[-17.861572842273862,28.83180895749558],[-17.861904148254144,28.832098668050673],[-17.862035862348733,28.83212284850469],[-17.862174071853428,28.83207345444173],[-17.86232330957031,28.832178192562274],[-17.862394751011802,28.832176675692466],[-17.8625057263803,28.831816938815024],[-17.862517003862976,28.831512681832216],[-17.86264240217789,28.831191902648985],[-17.86247487950643,28.830257015860816],[-17.86249262227643,28.829967895971556],[-17.862777020202593,28.82912071207799],[-17.862779157835643,28.828889417599594],[-17.862853130956736,28.828635301224498],[-17.862769087766814,28.82821267058863],[-17.86267351265634,28.82806092474457],[-17.862658617627364,28.826843523098116],[-17.86249667085228,28.826225275775187],[-17.862528176368134,28.826082287208404],[-17.86261750860317,28.826015445620964],[-17.863132787723572,28.82605501728197],[-17.86316652193647,28.826127363991784],[-17.86307176512696,28.82629534660054],[-17.863074001356765,28.826489231951495],[-17.86336458658043,28.826552516064893],[-17.86344716267708,28.826613001253257],[-17.863541633525923,28.827369587744297],[-17.863882283480308,28.828250834807026],[-17.863863479186357,28.828424420675304],[-17.86413506003627,28.8287659263644],[-17.864307294271576,28.829182605103355],[-17.86437434424935,28.829237105347666],[-17.864494416928633,28.829245378383565],[-17.864718217917275,28.828889740374464],[-17.864902513138027,28.828886726292374],[-17.86508282459499,28.829186872676008],[-17.865444369440407,28.82937221947918],[-17.86588723335322,28.830281956018414],[-17.86623135277963,28.830653485206795],[-17.866514064509296,28.831064203558554],[-17.866660894805907,28.831114300130494],[-17.867250794398966,28.831109873420182],[-17.86731376721457,28.831015626961282],[-17.867449485283696,28.830511222294646],[-17.86752997395352,28.830389723277776],[-17.86770613957527,28.83026427682882],[-17.86763421687099,28.830175993467755],[-17.866784231037823,28.82968909753797],[-17.86642183000088,28.82920701996305],[-17.866171862206517,28.828749620411614],[-17.866038866685756,28.828265442556834],[-17.866072522067153,28.828185350077916],[-17.865979274606477,28.82762357492449],[-17.86602296196928,28.827386319149277],[-17.86625435780227,28.82678980982211],[-17.866156442954907,28.826395174285675],[-17.86595582358464,28.825978918743242],[-17.865834555058342,28.825486415130598],[-17.865705362968065,28.824822680681255],[-17.865692223652996,28.82447534011176],[-17.865803604759332,28.82412930615897],[-17.86609299158868,28.82373799597461],[-17.866482710146226,28.823382436862317],[-17.866641204912842,28.82311116978469],[-17.866688098628888,28.82291624023901],[-17.86680305214623,28.82281277091652],[-17.867076493339656,28.82221370378993],[-17.867374993886934,28.821766633547384],[-17.86752915214814,28.821378466891655],[-17.867531821759492,28.821049987615083],[-17.867721429397402,28.820568881332523],[-17.867588004308825,28.819666098827852],[-17.867567341199223,28.81920010783544],[-17.867454964286107,28.818646497230702],[-17.867203448144124,28.818090973989314],[-17.86700203827769,28.817820142391202],[-17.86694960614417,28.817603691698675],[-17.866730524857108,28.817166362961302],[-17.86657168281667,28.816617437146423],[-17.866697877069996,28.81584843174455],[-17.866803568078897,28.8156550214872],[-17.86681903743576,28.815299029035742],[-17.866929383646525,28.81472317459973],[-17.867008400996674,28.81447697720919],[-17.86721052899058,28.814313916851304],[-17.867035703965634,28.81397766492156],[-17.86698756458553,28.81378322211617],[-17.86697950227662,28.813526410054074],[-17.867028335332694,28.81333883570358],[-17.867202355616183,28.81301798853845],[-17.867481719150476,28.81283759990456],[-17.868242006177358,28.812648968258564],[-17.86852234088368,28.81263109954975],[-17.86883042730109,28.812471204445902],[-17.86887776500305,28.81238982822651],[-17.868855255436532,28.81207578441634],[-17.869109288721628,28.81196830889639],[-17.869368942696603,28.811775917070907],[-17.869761321682844,28.811004198187323],[-17.8701170185902,28.811311806322934],[-17.87050877901811,28.8113089712769],[-17.87064856184716,28.811252506907113],[-17.87068041218591,28.811043464340862],[-17.870629324232706,28.810752931369706],[-17.8706869358647,28.81063922432641],[-17.870901013074096,28.810457512656996],[-17.87094043993425,28.810147644295753],[-17.8711419794518,28.80998306679059],[-17.871206469122832,28.8097841534739],[-17.87107984299975,28.809420542117625],[-17.871123526372926,28.809008295000865],[-17.87065032749868,28.808642372397887],[-17.87063353180104,28.80842100634345],[-17.87073159536176,28.808321871806207],[-17.870797236239852,28.808333635081574],[-17.87087864972613,28.808560066117593],[-17.870947270724983,28.808603173925803],[-17.87176107907834,28.80877155554941],[-17.87216844714264,28.80932918926677],[-17.872336711073267,28.809704459229827],[-17.872570850738658,28.80982361675901],[-17.872989657280307,28.80870063038465],[-17.873348369426893,28.808181823640655],[-17.873417227052183,28.808014612311958],[-17.873435231848383,28.80773308105138],[-17.87338291108405,28.807362783711646],[-17.873428752061002,28.80705704480876],[-17.873663750718116,28.806735513912702],[-17.87451416217542,28.806041697768954],[-17.87468978838154,28.805961717078844],[-17.874883725070184,28.8057325689646],[-17.875043247419214,28.805681925079103],[-17.875205549498236,28.805732458663442],[-17.875233547463527,28.805821850228707],[-17.87519200495089,28.805890226995032],[-17.874933340832865,28.806021471084676],[-17.874445758471513,28.806815501837544],[-17.874341768949147,28.807387698176267],[-17.874425749638757,28.80759885512644],[-17.8748290367001,28.8079844206433],[-17.875558012211638,28.80842836529162],[-17.87572396632779,28.808102178320805],[-17.875973072954483,28.80787271767395],[-17.8761156667847,28.80731521193628],[-17.876192614269293,28.807167535826814],[-17.876275469703383,28.80714538362727],[-17.87654530829205,28.807804320022065],[-17.87673780808059,28.808652432875217],[-17.87701429895711,28.808778319076577],[-17.8774711378998,28.808777593900633],[-17.87778946312311,28.80912123286312],[-17.877909293100263,28.809382152811295],[-17.878435410583446,28.809878558176276],[-17.878564309786995,28.810070352375618],[-17.878657216298894,28.810558619965686],[-17.878620570839974,28.81083176345944],[-17.878380693129255,28.81142050936975],[-17.878359944100886,28.812271094873935],[-17.878200346194493,28.812889255535527],[-17.87791097753938,28.813284511887144],[-17.878361297578447,28.814566676344658],[-17.87834444749776,28.814917213471176],[-17.878163716585522,28.815730370214325],[-17.878153131550302,28.815987388733294],[-17.878248512008668,28.81635234378193],[-17.878525484376297,28.816622202194175],[-17.878680636229834,28.816512278214805],[-17.878784234680644,28.816361709272666],[-17.878765158241738,28.8160593125617],[-17.87893196944725,28.816047092321057],[-17.87906972979207,28.816129210655344],[-17.879214151691272,28.816341707075903],[-17.879300929276834,28.81658087068262],[-17.879284226272617,28.816796356041745],[-17.8791539288629,28.817238415499048],[-17.879520689702495,28.81775907056934],[-17.8800296893238,28.81765754920336],[-17.880372479814234,28.81749724751027],[-17.880838030528107,28.817469352940808],[-17.88100751208092,28.817375531596717],[-17.88118888970383,28.81697738952603],[-17.88129468599574,28.81698099217604],[-17.881319935214595,28.817038722313352],[-17.88123820540863,28.81757788394033],[-17.880885946947362,28.818100906454802],[-17.880793424534453,28.818423095315364],[-17.88050790061674,28.819011620251676],[-17.880556447015394,28.819621809889195],[-17.88051169122606,28.82051795889164],[-17.880468187293456,28.820805743858553],[-17.880117640362002,28.82166036411715],[-17.879884875681242,28.82192045878491],[-17.879409121045324,28.822147641805522],[-17.878830744494156,28.822274735706582],[-17.878084781629042,28.822519174525095],[-17.878029420134627,28.822576091212724],[-17.877967701555026,28.822861649057515],[-17.877769815103868,28.82323085180049],[-17.877548406806138,28.823508241724216],[-17.877112225088457,28.824217659204933],[-17.877290571192187,28.82448866282188],[-17.877383833259653,28.824547741341537],[-17.877549911998987,28.824552921155405],[-17.87774263375476,28.824446299801235],[-17.877888550735214,28.82443882336076],[-17.878315575180952,28.824656534859635],[-17.878397121919342,28.824739854007422],[-17.878426277154368,28.82496308884352],[-17.878385456339366,28.825399791945934],[-17.878488156377557,28.825702116913376],[-17.878493965357958,28.82597042107051],[-17.878730332351275,28.826372684672936],[-17.87886347157931,28.826960898869068],[-17.878054229637844,28.82784859139493],[-17.87796519771965,28.8280553774158],[-17.877970699003534,28.828315876775786],[-17.877858101747936,28.82853002636625],[-17.87779966928089,28.828893005391944],[-17.877697487150062,28.829182277184614],[-17.877528791442806,28.8294196780282],[-17.877542863036528,28.829603423141425],[-17.877352904963786,28.829896778105308],[-17.8770259888234,28.830920596341542],[-17.876673690161535,28.831338653637516],[-17.875899624336608,28.83192794326721],[-17.875755821764614,28.832232714290825],[-17.87546661631788,28.83246019980856],[-17.875111996902618,28.83265351372881],[-17.874974508611277,28.832875128617047],[-17.874651104232967,28.833105506693453],[-17.8745076034986,28.833421437019055],[-17.874149611513733,28.833768703066188],[-17.87406727055261,28.83401188099043],[-17.873620421202798,28.834673613019547],[-17.873342258825428,28.83484264346147],[-17.872973664181163,28.83494424533603],[-17.873082937159445,28.8350438433231],[-17.87311385021188,28.835162249522266],[-17.87346414263832,28.835346910734742],[-17.874005814083816,28.83537595353121],[-17.87420831954562,28.835513251070843],[-17.874402905083148,28.83554879031399],[-17.87478466536757,28.83572285481165],[-17.874912595578515,28.83594202024493],[-17.875012218025375,28.835988603907985],[-17.876043104341438,28.83618760470566],[-17.876491868706744,28.836339488327184],[-17.877360629454977,28.836528408174054],[-17.8777921601203,28.836723951433207],[-17.877916679376415,28.836724855917243],[-17.87801251957694,28.836628811659928],[-17.878041143040214,28.836476365884366],[-17.877946193355562,28.836008411960954],[-17.87824214274732,28.835430897940064],[-17.8782261812611,28.835149244652158],[-17.878309033280825,28.834879949681117],[-17.878308876067965,28.83457628373486],[-17.87847059049962,28.83401264899013],[-17.878350339838445,28.83295952686164],[-17.878444669593772,28.83270051318708],[-17.878452796496173,28.832074590993987],[-17.878766405215526,28.83156148127014],[-17.87880612464754,28.831198288260808],[-17.878910078930065,28.830894572864153],[-17.878903045263165,28.830320776616766],[-17.87916278190509,28.8299606693314],[-17.879250063559724,28.82948308734212],[-17.879154638034912,28.829267741810643],[-17.8791690704957,28.82906540227153],[-17.87926058927729,28.828830576878822],[-17.879444377114417,28.82858234338595],[-17.87966229462977,28.827976005936822],[-17.879875210809065,28.82770804531673],[-17.880129682558763,28.827170534250154],[-17.880665520617082,28.826660755518876],[-17.88104425470924,28.82662664017683],[-17.881769937572507,28.826301960093673],[-17.88219942053279,28.826020274960683],[-17.88242691472248,28.825761695681493],[-17.883059688627082,28.825311217315363],[-17.883451189680184,28.825199484592734],[-17.88376433923392,28.82495316977458],[-17.88392773898375,28.82469125961636],[-17.88395353934242,28.824224407515818],[-17.88405767543021,28.823940276634545],[-17.884581644321734,28.823604878706874],[-17.88492467227725,28.82328274927779],[-17.885403387542173,28.823046977849103],[-17.88556394023117,28.82268176628414],[-17.88556319440035,28.82226833066191],[-17.885615469219857,28.822036984456403],[-17.88583372629083,28.82163765067839],[-17.88613372908244,28.820915913589733],[-17.886274111158837,28.820786050994755],[-17.88666884028263,28.820599058746737],[-17.88667258666767,28.820460196250167],[-17.88645494155734,28.820363830879426],[-17.886402353641838,28.820273132562306],[-17.886115286162966,28.819260734070102],[-17.885972055268,28.818943588049144],[-17.885635313228928,28.818517381340754],[-17.88559847595509,28.81785411394725],[-17.885540349437434,28.817748199608136],[-17.885550711751257,28.817451849795326],[-17.885617401600726,28.81717765660202],[-17.885939882541642,28.81664173014507],[-17.885724132261355,28.816157099809384],[-17.885730547804954,28.816044392354417],[-17.8855270444288,28.81547642486351],[-17.88526483078538,28.814885178470725],[-17.88520983980616,28.814577237864196],[-17.885583110815265,28.814419879646092],[-17.886003345141123,28.813782009770456],[-17.886078820386942,28.812601294046747],[-17.88629280281386,28.811767411631724],[-17.886501403982194,28.811235996131227],[-17.887358310435012,28.80982622194763],[-17.888149290470263,28.808763232359656],[-17.888545133127973,28.80785148865625],[-17.88914948400377,28.80672123249505],[-17.889416675968917,28.80663134314829],[-17.889521700139237,28.806467553466437],[-17.88988062329765,28.80635929069713],[-17.8900141897105,28.80619334674015],[-17.890148718494917,28.805859068156103],[-17.889981407258265,28.805129790115902],[-17.889829713897498,28.804894049157046],[-17.88979455682985,28.804497021719765],[-17.889680175443367,28.804151414001822],[-17.889388474352717,28.803906681848083],[-17.88940109302632,28.803528909079073],[-17.889265047931698,28.803297121535692],[-17.889183596200713,28.802885062555518],[-17.889254127233087,28.80272942642142],[-17.889241292133327,28.80248706213512],[-17.888953804461284,28.80220006777712],[-17.88873770738457,28.801877186612582],[-17.88876820943295,28.801671859546335],[-17.888919598167252,28.801443116425816],[-17.88893622314168,28.801155020901017],[-17.889090083938022,28.80090457657953],[-17.88939035978927,28.799254855417445],[-17.88950347401953,28.799221512007225],[-17.88952764281528,28.7991436835274],[-17.890196264490516,28.798897428519055],[-17.890505816991926,28.7991063213655],[-17.890539846825515,28.79933740732435],[-17.890967514563137,28.79995423409949],[-17.891072228976437,28.8002974575504],[-17.8910134476748,28.80061622262684],[-17.890837515270178,28.80099426129676],[-17.891383988257935,28.802041709402793],[-17.89151762451542,28.802116155725738],[-17.891745991790785,28.8021267208598],[-17.891863804836596,28.80226335638334],[-17.891958784395182,28.802526085254588],[-17.891920056731195,28.80302943054326],[-17.89226278566686,28.804003921938644],[-17.892625849660398,28.804444540548097],[-17.893072511862353,28.80537041935325],[-17.893217902620048,28.805869815519998],[-17.893460603979733,28.806081081076012],[-17.89371869138727,28.806214696437998],[-17.89412476047759,28.80630649446545],[-17.893861773830423,28.806874490072893],[-17.893662885131732,28.80696670218426],[-17.893464055588655,28.80713143372375],[-17.893235919660953,28.80721408001643],[-17.89316805664839,28.807293107856683],[-17.892987576623288,28.807673384522356],[-17.892927327817937,28.8081282125355],[-17.892567959477418,28.80879502202446],[-17.892624866308346,28.80906348226435],[-17.892954175358117,28.809824835032938],[-17.893034861618485,28.810650240234217],[-17.893193370006905,28.81064927552247],[-17.893730488574082,28.810351727817388],[-17.89383077530369,28.810141574521033],[-17.893989227971666,28.809983120616465],[-17.894015587710793,28.809810543299488],[-17.894073105857288,28.809753655618465],[-17.894216559259355,28.809848985776828],[-17.894282354837305,28.81023200693743],[-17.894436520353008,28.81044427692558],[-17.894726694990727,28.81054565809467],[-17.89499793644776,28.81046984097405],[-17.895075173036624,28.81030762689266],[-17.895165918183984,28.809615819500856],[-17.895019508271197,28.8093403700649],[-17.895016501907413,28.809231716378633],[-17.895210088449385,28.808982947353616],[-17.89550515950762,28.808779562021986],[-17.896097022466865,28.807600730005518],[-17.897244410823337,28.80788295865365],[-17.897257919360744,28.80808492405142],[-17.897554223395147,28.80821106288145]]]]}},{"id":"109","type":"Feature","properties":{"categoria":"Reserva Natural Especial","nombre":"Barranco del Infierno","codigo":"T-8"},"geometry":{"type":"Polygon","coordinates":[[[-16.694951623583773,28.142494890900085],[-16.694738573023066,28.142229126044267],[-16.694704678337704,28.141884640011604],[-16.694803051778855,28.141593772387242],[-16.695215601448638,28.140898543114286],[-16.695544176380025,28.14047648886551],[-16.695905042415514,28.139841705307298],[-16.696223086696534,28.13958588322684],[-16.69635359053973,28.139147173454745],[-16.696222742723823,28.139007030229635],[-16.696210599989435,28.13849027921638],[-16.696351813299348,28.137892607559383],[-16.696573231089697,28.137796927658123],[-16.696600706533644,28.13758156912349],[-16.696805363950656,28.13748837969958],[-16.69676991440642,28.13722033683615],[-16.696804129957865,28.1370676900769],[-16.697030227562855,28.136602444912075],[-16.697424203829595,28.136244203859913],[-16.697935105714667,28.136082257535552],[-16.69822049309424,28.13565852142809],[-16.698517983061308,28.13547485957901],[-16.69878376229963,28.135048793339287],[-16.6988530922062,28.134530527196677],[-16.697352617330687,28.134531654431285],[-16.69726784696516,28.134469850142725],[-16.69684714744532,28.134360779811963],[-16.696506718123896,28.134027867264177],[-16.69618864962666,28.133477543873102],[-16.69634697336455,28.133298449120524],[-16.696218048173698,28.13288863487473],[-16.69610096726265,28.132821515697756],[-16.696031607304935,28.132919512684765],[-16.695690318074643,28.132940878404085],[-16.695627312224513,28.133033082539818],[-16.69556295698648,28.133039592876674],[-16.69546574951071,28.13300651143671],[-16.695314017998754,28.132785541432455],[-16.69523883015789,28.132791487552186],[-16.69516330032419,28.132893040661976],[-16.69512022660837,28.132875613917008],[-16.69517720898054,28.13272436445186],[-16.69509169419458,28.13257576213996],[-16.695152486795447,28.1324473256575],[-16.69508137168088,28.132231715710198],[-16.69517562652447,28.13211485038522],[-16.695155298542577,28.132004420299445],[-16.695216721466597,28.13191087533702],[-16.695267350749308,28.131596660323922],[-16.694728391447775,28.13146256500241],[-16.69447859119664,28.13146248626231],[-16.69437027766542,28.13153605192477],[-16.694323546509743,28.13150482590382],[-16.694318189716917,28.131395997485406],[-16.694250544765342,28.13137169039779],[-16.694082890680427,28.131462189196384],[-16.69420587250265,28.131303725513643],[-16.69414168732144,28.13083470886294],[-16.69349324534913,28.13042304675766],[-16.69321379619161,28.130368848568505],[-16.692108673867992,28.13033265373075],[-16.692118904091483,28.12961204963801],[-16.69186821860452,28.12910753772131],[-16.691659377316668,28.128850685211706],[-16.691711281351516,28.12845887709717],[-16.69155869415886,28.127650818346222],[-16.691581858149462,28.126934792383874],[-16.69170581830442,28.126655249393014],[-16.692212988445167,28.126044164623508],[-16.692243950960833,28.125912947933113],[-16.692140089437746,28.125670241311205],[-16.692211596978776,28.1254475437223],[-16.69259420134915,28.12497739320618],[-16.692613759092687,28.124718896076494],[-16.69256867131492,28.12454711515386],[-16.692796572972174,28.12369169477062],[-16.692909271031397,28.12343891341873],[-16.693135132640375,28.123225391451122],[-16.692476294701205,28.12325093746589],[-16.6919239878102,28.12318901333124],[-16.69164571477426,28.12302434962045],[-16.691461717236013,28.122827945460845],[-16.69093537422729,28.12266374213436],[-16.690384478745273,28.122418398486108],[-16.688582950198462,28.121956415812154],[-16.68782654784314,28.121931374047485],[-16.687265591698075,28.12214080917092],[-16.687091791115705,28.12231870030297],[-16.687113137119617,28.12216199011163],[-16.687025015064588,28.122041923846446],[-16.686582467732034,28.121859335145743],[-16.68625191216449,28.121602238104348],[-16.6860678719236,28.121345738683072],[-16.685813443496816,28.120844779420423],[-16.685036739645955,28.12058013350402],[-16.684992378010094,28.12051638505688],[-16.685021728162752,28.120431938763872],[-16.68514962038135,28.12036536883196],[-16.68515961209673,28.120306502569445],[-16.684939785289487,28.120016119478464],[-16.68489257998452,28.119763342147483],[-16.68468792104054,28.11965972410772],[-16.684481196251273,28.119478633829456],[-16.684468422008536,28.119373207833036],[-16.684830523988033,28.117967073550396],[-16.685013725891714,28.117724640553664],[-16.68513906844855,28.117641035852554],[-16.68534566406099,28.11759600655028],[-16.685511195562096,28.117441584955138],[-16.68552286021387,28.117141533188107],[-16.68577624125184,28.116906051947517],[-16.685730777220403,28.116490650751583],[-16.685943670302493,28.116212636111968],[-16.68609140974765,28.11615474702953],[-16.686353177137264,28.116283679635398],[-16.68664851839904,28.11627620159755],[-16.68695498202866,28.115969399785076],[-16.687138000835457,28.115471966291153],[-16.68763087680323,28.115035689140797],[-16.687782693832737,28.114966647413272],[-16.68817636208221,28.11500283670837],[-16.688692265476337,28.114634699528366],[-16.689089308176136,28.114448524020734],[-16.689297931121825,28.114019028168872],[-16.68933099106165,28.113412441888066],[-16.689236847027043,28.112871454987868],[-16.68902807860061,28.11241860994803],[-16.689183487114057,28.11206269146625],[-16.689141944145007,28.11175004642243],[-16.68919912524638,28.111619337453376],[-16.689708702881624,28.111071615079094],[-16.689890021203908,28.110640334052533],[-16.689893334723145,28.11039527474305],[-16.68981409464259,28.10996089661971],[-16.689955478207978,28.109390509688577],[-16.690426789543434,28.108612885583806],[-16.690558388731823,28.10851314374924],[-16.690920450904546,28.108572720189915],[-16.691082149180335,28.1085457900136],[-16.69117583143813,28.108340174232552],[-16.691714198201637,28.107926669947595],[-16.691809534445838,28.107254524550253],[-16.691453145974446,28.10689462012248],[-16.69127967589107,28.10591085577418],[-16.690867838773425,28.10521447008776],[-16.690696714622447,28.104600419147417],[-16.690803297286394,28.104189525274773],[-16.69088800321196,28.104060705429003],[-16.691072069315315,28.103934062648285],[-16.6912097295561,28.103735115432787],[-16.69097139982171,28.103279920576526],[-16.69095475742213,28.102869011799417],[-16.69102620459618,28.102575613752954],[-16.691329469596095,28.10205183746862],[-16.691579692205273,28.101834697111087],[-16.69158885806906,28.101774739538552],[-16.69131380502572,28.101247166624077],[-16.69112292385837,28.100399667057573],[-16.691240770716107,28.100033713579354],[-16.691159934872974,28.099625139567294],[-16.69117606255964,28.09937764765743],[-16.691345069595688,28.099043444755072],[-16.691446841079575,28.09867793302909],[-16.691201489397507,28.098236966673976],[-16.691344884980445,28.097899938914995],[-16.691290062471094,28.097660650196936],[-16.691287045743277,28.09719701173009],[-16.691002083919116,28.096753148898987],[-16.69091790227959,28.096491181193375],[-16.690927511336596,28.09640885429037],[-16.691029434449426,28.096302953139787],[-16.691054655793234,28.096149912633894],[-16.690888227796634,28.095653912645123],[-16.690897959728087,28.095400904004794],[-16.69127236493924,28.094932936724508],[-16.69133899316365,28.09460577223389],[-16.691618604462196,28.094242868449975],[-16.691818198492943,28.0941016026121],[-16.691975910130942,28.09405223096532],[-16.692394460447762,28.094006301320768],[-16.692471627399733,28.093924259806624],[-16.692649923431816,28.093472607226218],[-16.693543594295942,28.0930042988344],[-16.69365632501388,28.092757445887408],[-16.693525641808375,28.092449394858434],[-16.69359324048167,28.092220851297164],[-16.693880895502726,28.09188888075017],[-16.694662043185826,28.091301950106345],[-16.69494274866841,28.090885562588984],[-16.6951424077369,28.09067980800474],[-16.695381206350937,28.09007910628158],[-16.69611415505321,28.08931532379437],[-16.696231167223978,28.089011278931913],[-16.696286523398232,28.088510710723774],[-16.696398598834186,28.088312165423094],[-16.6966302853707,28.088197625163005],[-16.69681191529276,28.0880204206732],[-16.697287247653747,28.08791131270382],[-16.697440374556447,28.087547336533323],[-16.697531233521214,28.087475185770337],[-16.697758854620407,28.08744782096431],[-16.697943085145464,28.08757315369376],[-16.698025807956455,28.08736554841626],[-16.69826277974746,28.08736333692622],[-16.698505258283046,28.087290752412564],[-16.69892574888225,28.08703257581508],[-16.6989501706192,28.086890310762698],[-16.699034615387248,28.086785748633663],[-16.69944186949707,28.086578996232745],[-16.699588070660695,28.08615707320398],[-16.69967075208518,28.086082766164324],[-16.699840927641336,28.08616215297659],[-16.700004664118556,28.086317248498926],[-16.700271365966163,28.086167648651106],[-16.70039010527895,28.08631508868331],[-16.700513670301074,28.08660082133686],[-16.70054091043557,28.086811848097085],[-16.700469036259136,28.087139261907208],[-16.70016491401619,28.087717018568032],[-16.70010750723239,28.08798748593308],[-16.700217501827844,28.088587274815545],[-16.70060883710851,28.08926841041734],[-16.70051889945587,28.089528090253268],[-16.700541123936624,28.08972428791815],[-16.700858898314724,28.09008973922867],[-16.701363217554196,28.090294217463253],[-16.701386203728262,28.090564410041683],[-16.701619389741264,28.09129596764763],[-16.70197518552882,28.09133586582886],[-16.702381457271713,28.091653014647257],[-16.702708626986954,28.09178766705914],[-16.702826881854477,28.092097198546075],[-16.703212645062166,28.092610440514285],[-16.70332128088884,28.09298091900617],[-16.704239635555435,28.09351533958667],[-16.704788545731272,28.093906156752436],[-16.705033100928535,28.093938584847955],[-16.706042770066443,28.093836682905028],[-16.706096435402195,28.094025358434035],[-16.706121855725875,28.09468665989767],[-16.70617088361072,28.094884508224926],[-16.70709406937145,28.09556794027652],[-16.70725287315796,28.09584059210073],[-16.707502377314206,28.09587674448323],[-16.70763080110872,28.09596602656815],[-16.70770484281489,28.096258685465344],[-16.707792903343233,28.096440433921295],[-16.707948727676907,28.096595436914274],[-16.7080423007078,28.097028821622235],[-16.708154624667916,28.09719384225],[-16.70813788478559,28.097537719764322],[-16.708316570084033,28.09765164487426],[-16.709130532465206,28.09778554125432],[-16.70929321459199,28.097878546166896],[-16.709277008220756,28.09806321747796],[-16.709092885690378,28.09851179434329],[-16.708740447623963,28.098935934988646],[-16.708705139627995,28.09907129744012],[-16.70877906380081,28.09974155948867],[-16.708874088202318,28.09997709900023],[-16.709086038191472,28.100250259165005],[-16.709155303523914,28.100782398395356],[-16.709539995173746,28.100747108157922],[-16.710068902837538,28.100571296629084],[-16.710463661887534,28.100678634344845],[-16.71081618696115,28.100652676412306],[-16.71112952724461,28.100554817713043],[-16.712041751438502,28.10063891583091],[-16.71226930152841,28.100387709398383],[-16.712428237867808,28.100298255450046],[-16.71292946253603,28.100434914144294],[-16.713968899544298,28.10013507939397],[-16.714267754497172,28.100239642747056],[-16.71465979114986,28.100253062117734],[-16.714860239569,28.100183473623517],[-16.715055644945604,28.09994911713254],[-16.715407877305704,28.09984934552287],[-16.715514588454063,28.100034907311283],[-16.716012966435308,28.100526494260304],[-16.716410632552055,28.10051812579034],[-16.716964218653697,28.100212716901027],[-16.71737614384942,28.099898904532324],[-16.7176610688229,28.099776622893668],[-16.719325900177694,28.098158220415073],[-16.719674260383773,28.0979367771381],[-16.719884463924654,28.097686539410603],[-16.720551665738746,28.097116311265715],[-16.722918903327063,28.09572407020047],[-16.72321589251515,28.095665007474793],[-16.723568864743644,28.0957377439249],[-16.724480916854805,28.096327534740126],[-16.72432176291427,28.097357171782875],[-16.72419341637548,28.09783702278026],[-16.72443504433572,28.098504045862242],[-16.724477969238386,28.099294319963985],[-16.724114906889675,28.099978313684915],[-16.724280533070772,28.100369661735876],[-16.724299392270318,28.100790389912493],[-16.724241869278707,28.10094889507086],[-16.724115376393474,28.10112671419407],[-16.72342548913009,28.101315703117724],[-16.72325906779324,28.1015935045138],[-16.72298409116451,28.101721629363258],[-16.722444997577558,28.102151948285314],[-16.72210094192349,28.102341198206545],[-16.72194573570695,28.10257783920946],[-16.721473255209247,28.102934090157277],[-16.72075499706052,28.103146092761637],[-16.72031452212514,28.10370664965924],[-16.719865949607495,28.10417011784641],[-16.71985775746173,28.104108291850082],[-16.719463628321158,28.10388860521789],[-16.71867010792001,28.103731773280664],[-16.718311610270423,28.103723179972874],[-16.71759067006493,28.10390558024817],[-16.717182560973523,28.104060324177823],[-16.716422631283717,28.10412100964794],[-16.715810400535577,28.1042724382846],[-16.715513329792742,28.10425458566405],[-16.714866666905948,28.10409065980643],[-16.71343323087574,28.103873750824118],[-16.712937021369882,28.1036726482641],[-16.712836090110425,28.104155207029404],[-16.71291360033799,28.104261274145298],[-16.712862338259505,28.104686265322247],[-16.71290010804538,28.10515581031904],[-16.71300772104365,28.105444797005465],[-16.712962135859197,28.105968918926077],[-16.713026245922872,28.106153308929873],[-16.712966361398987,28.106272012481043],[-16.712707828511494,28.106355310906324],[-16.712651115353378,28.10649428074065],[-16.712718432752997,28.10663711628792],[-16.712936263422225,28.10678502074667],[-16.71293677447594,28.106919034094094],[-16.712769186009332,28.10704360450517],[-16.712967750150373,28.10716331209278],[-16.71299384593281,28.107242675919597],[-16.7127984066627,28.107477887588956],[-16.712909393467886,28.10758895133699],[-16.71294262730747,28.10770053512409],[-16.71282623317939,28.10818249272855],[-16.71262615531295,28.10847181224062],[-16.712578026617603,28.10863225334413],[-16.712566102210648,28.108758750837083],[-16.71262081246909,28.108889560207608],[-16.71250334699618,28.10906846589459],[-16.712329536063343,28.109204584215966],[-16.712643596519797,28.109354969261354],[-16.712686686258408,28.10952310630537],[-16.7126059740317,28.109618704432453],[-16.712658183355888,28.109688807453317],[-16.712965948441436,28.10953323616375],[-16.713248215552902,28.109467942964862],[-16.713474680484957,28.109194293950512],[-16.714023004337154,28.10892521305816],[-16.71422154379978,28.108636632839822],[-16.714572102573854,28.10851749803201],[-16.71502613464723,28.10824302225605],[-16.71565625768799,28.108292140256907],[-16.71595716751737,28.108350330533508],[-16.716377362301895,28.10850667975937],[-16.717015362565366,28.108830401296558],[-16.717400544247457,28.10914818964892],[-16.717699156630687,28.10931941434011],[-16.71886809518749,28.110351343851633],[-16.719348614263975,28.110217679947585],[-16.72115370791905,28.109557424247484],[-16.721611482712085,28.10947096743894],[-16.722512395006213,28.109421079713215],[-16.722928322390267,28.109295624387535],[-16.723357946827985,28.109091741039133],[-16.72356884640672,28.108888999684122],[-16.72382943652503,28.108737878245012],[-16.724391854163322,28.108551274360174],[-16.725858259127737,28.107898033230086],[-16.726414189297103,28.107846424600353],[-16.726871981137418,28.107724302142294],[-16.727035966714432,28.10776338105073],[-16.727292772002055,28.107713198833647],[-16.727639868499963,28.107795816403247],[-16.72827049991304,28.10829432572952],[-16.728899292781282,28.108646742743232],[-16.729623157105955,28.109175647716466],[-16.730393929593564,28.10920488247251],[-16.730775663942808,28.10933975077573],[-16.73105484794052,28.109521858274757],[-16.731249148408022,28.109761812333392],[-16.731294682422725,28.1100036447121],[-16.731018548600325,28.11042734618743],[-16.73066204937856,28.110677710637113],[-16.730677667879394,28.111293531406428],[-16.730195529921424,28.111378927125312],[-16.728996138271086,28.111944402418157],[-16.728323095959414,28.11207036519181],[-16.727968763337078,28.112297249070373],[-16.727453875190676,28.112443695123694],[-16.727190982876586,28.112591098173066],[-16.726565373479012,28.112721942018936],[-16.72589938943322,28.112792120857886],[-16.72544114730362,28.11293774709658],[-16.724866121450226,28.11325430097268],[-16.724345500462395,28.113690009351963],[-16.724238175169667,28.1138458377554],[-16.72418720892392,28.114203321696372],[-16.72373549124611,28.11474975371129],[-16.723523415341933,28.114774585189554],[-16.723209381583782,28.114574300312665],[-16.72278185100245,28.114590873491306],[-16.722405254121114,28.11482073980352],[-16.722151681155598,28.11504956511319],[-16.721526049622653,28.115218580047365],[-16.720869578299247,28.115730166149945],[-16.72012709974475,28.115999509041835],[-16.719775171289218,28.11648291939598],[-16.719534448749922,28.11661119528138],[-16.719418136033894,28.117179785981588],[-16.719261697926253,28.11753731887686],[-16.71915322153282,28.117896037043934],[-16.719161419090707,28.118102323941915],[-16.71903094197484,28.11857508541448],[-16.718954616560353,28.118703870779427],[-16.71841825228636,28.11881936345316],[-16.71820380109001,28.11898564547637],[-16.71793512977568,28.119362958377824],[-16.717744104828085,28.1194063522951],[-16.71811262707805,28.12013927305358],[-16.718359860293397,28.121060076651286],[-16.718773191003116,28.121646113280892],[-16.71898837006431,28.121841303483883],[-16.719134651336233,28.121897471202217],[-16.720152141888665,28.121886158866406],[-16.72035476375637,28.121793629000404],[-16.720889373489424,28.121327263887014],[-16.721169704867286,28.121205500375268],[-16.721647585951754,28.12074470918289],[-16.72202135495509,28.12055245946145],[-16.72193778577922,28.121001079055702],[-16.722086624807208,28.12147015327284],[-16.722107642977182,28.121696079168792],[-16.722298124053854,28.121860510302596],[-16.722576499034833,28.12243642582367],[-16.722741727539454,28.12261491847216],[-16.72277212237437,28.122836358298464],[-16.722960948720672,28.123015519696434],[-16.723041860414526,28.123398925145075],[-16.72323008946785,28.12389002854822],[-16.72322231082704,28.123942127533013],[-16.72310950303962,28.12400409350278],[-16.72307259726916,28.12413874797178],[-16.72311647716375,28.124400007220615],[-16.72328769419536,28.124558695431432],[-16.72327276235464,28.124789170247524],[-16.723187701886733,28.124920378034616],[-16.722975324336506,28.12505935033194],[-16.7227541482404,28.1253846606831],[-16.723679580456185,28.12645361517458],[-16.72424367479446,28.126349529540953],[-16.72438602659334,28.12637787251759],[-16.724933273525245,28.126821217366913],[-16.725643856138614,28.12714020774172],[-16.725750572409765,28.127229753163835],[-16.72582497089808,28.127413554768367],[-16.726111620819566,28.127642920972256],[-16.727300494167018,28.128050881986127],[-16.727491145762034,28.128257737767658],[-16.727472407865815,28.128384276505184],[-16.72714566601676,28.128678786785787],[-16.72689774299272,28.129032065612826],[-16.72658431679573,28.129148346856937],[-16.726564539910555,28.129194270709036],[-16.72666005637204,28.129284173006894],[-16.72687903524497,28.129319263998262],[-16.727152299967145,28.129246103496335],[-16.72754227776855,28.12901412330109],[-16.72788311013858,28.12897098357327],[-16.727958549809642,28.12903218641062],[-16.72801833778132,28.12919524225723],[-16.72784897524363,28.129430994467537],[-16.727844478581,28.129556189470694],[-16.72817053643308,28.12978874527067],[-16.72843815976512,28.130069435663327],[-16.72862277686305,28.13059764059254],[-16.72878919789591,28.13060799551056],[-16.728822417601375,28.130552904027525],[-16.728820033299925,28.13026231661188],[-16.72894637269048,28.13005888246725],[-16.729115347820986,28.129951277375],[-16.729342586910317,28.12988822343873],[-16.731164421683342,28.129798789708317],[-16.731836929684793,28.129645047230163],[-16.73252023073873,28.129586485193602],[-16.73279660568758,28.129662571769153],[-16.73317319026805,28.130310222625823],[-16.7332563017601,28.130551208004956],[-16.733126206781563,28.1309117341856],[-16.73314908660735,28.130987298394786],[-16.733818190771654,28.131161262037754],[-16.734214760427985,28.131204499677022],[-16.734726470769115,28.131140959119723],[-16.735631466503825,28.130872058304103],[-16.73570079587935,28.13091825361059],[-16.735799162486938,28.131081475785773],[-16.734935053835706,28.1320520534712],[-16.73467515204258,28.132294410939142],[-16.73434490981745,28.132496802901557],[-16.73404928517073,28.132925847356226],[-16.733894976059855,28.133303764541747],[-16.7338869390735,28.13342614339312],[-16.733976167510814,28.13370722013669],[-16.734199792612284,28.13402570046708],[-16.7345888096233,28.134151148975416],[-16.73474438456239,28.134098983539975],[-16.734860227416522,28.133929475038737],[-16.73540960750657,28.133902528527795],[-16.73574447851107,28.133822325337245],[-16.736324679419045,28.13381715870919],[-16.73662547047674,28.13385283049761],[-16.736788503877605,28.13394001047484],[-16.737365067732462,28.13432776214621],[-16.73735392258377,28.134453492571385],[-16.737596067295424,28.135035030644733],[-16.737607110306183,28.135571712681372],[-16.737654975170624,28.135778315047173],[-16.737394829083645,28.136250470150348],[-16.737107595873876,28.136520460768423],[-16.736604756645235,28.136795250291765],[-16.736579758280435,28.13700580884111],[-16.736659515308094,28.13730055867232],[-16.736521796392307,28.13753970147562],[-16.736450642984057,28.137930519653164],[-16.73607643000518,28.138526503321422],[-16.735430576634545,28.139127262659162],[-16.735249123624026,28.139183781868155],[-16.73508797884042,28.139342457096795],[-16.73446778307938,28.139408682159925],[-16.733949726288703,28.139528798519546],[-16.733166859431876,28.139501765378238],[-16.73299690492385,28.139604821519534],[-16.73274991668287,28.139674819171745],[-16.73262084377256,28.13979968520482],[-16.7320812325407,28.14002505276975],[-16.73198036928377,28.140104275114968],[-16.731550514665567,28.14071675308565],[-16.73066304007785,28.14209580267587],[-16.729930922625798,28.14284949661595],[-16.729645631344347,28.142947949502023],[-16.72747746756146,28.14313159746114],[-16.72724231764018,28.14330178316906],[-16.727112785262694,28.14357444949759],[-16.726929876217923,28.143771971084583],[-16.72663945186163,28.143970946824926],[-16.72647804845107,28.14405316647647],[-16.72590765868275,28.144188659372453],[-16.725166989146953,28.14460424978488],[-16.725177993597264,28.14453997180934],[-16.725711989907907,28.144014752261633],[-16.725998221716907,28.14382405286375],[-16.725990995694804,28.143749310103455],[-16.725851448973977,28.143692280462364],[-16.725547663713012,28.143703850398218],[-16.724983316001307,28.143850320967772],[-16.72463850390453,28.143848101808935],[-16.724038469922505,28.144045905053733],[-16.723132316490325,28.144191476201232],[-16.723018878369796,28.144297674612968],[-16.722949562454428,28.14423795331613],[-16.72262682172098,28.14424062004995],[-16.722414207054477,28.14398154626587],[-16.721990259508807,28.14385326314085],[-16.721738276148564,28.143453094118552],[-16.721611120377485,28.142963998559175],[-16.721502620641576,28.142843195383715],[-16.72163617922833,28.142716676818004],[-16.721620030878185,28.142621794117545],[-16.72134928112919,28.142149768005666],[-16.721216548122314,28.14207796446893],[-16.720957249748817,28.142050086192267],[-16.71979965725343,28.142065723329704],[-16.71822040841758,28.142412309936855],[-16.71705859740511,28.14254039941317],[-16.716679213358713,28.14277779619259],[-16.716403217795815,28.143016901982175],[-16.716077993363637,28.14316405605789],[-16.7156468882956,28.143231257597908],[-16.715290456803032,28.143262419013244],[-16.71505286587468,28.14316484027856],[-16.71486756260962,28.14314989249194],[-16.71438499216988,28.143225001715457],[-16.714091925676026,28.14317111074643],[-16.713799535140534,28.14300353373333],[-16.7133965060561,28.143055980738595],[-16.713324742703954,28.14302287787553],[-16.71325908179454,28.14289114730433],[-16.713007920581603,28.1427354775904],[-16.71204142064963,28.142914780440307],[-16.711252153639137,28.143169395449657],[-16.71077169515366,28.143216116113027],[-16.71047401329711,28.143055724983093],[-16.71021407920961,28.143216634378913],[-16.709999869361486,28.143124998447693],[-16.70984568455409,28.143124016843405],[-16.70943524991125,28.143356384745985],[-16.70934242408924,28.143577560104244],[-16.70895931450214,28.143236642207235],[-16.708795575187686,28.1432347678235],[-16.70862847460404,28.143330945202734],[-16.70855588378991,28.143281157847504],[-16.708605811450266,28.142789645657743],[-16.708980530083295,28.142187366820878],[-16.708978860738064,28.142082218525754],[-16.708885184134996,28.141917073047622],[-16.70873318453336,28.141901848329894],[-16.708386326808103,28.142114376495552],[-16.70818584419887,28.142180812566203],[-16.707631277735537,28.142234619096744],[-16.707724304890803,28.141507408812963],[-16.70756649105075,28.141332704946723],[-16.70735754716322,28.141253029190125],[-16.706851766949406,28.141382150706445],[-16.706759271302463,28.141239744355076],[-16.706698628842656,28.140776594237465],[-16.706259289736625,28.14076544252084],[-16.705859104261226,28.14089347087877],[-16.705911768374076,28.140245578141176],[-16.70584040651215,28.140029616917463],[-16.705584076179903,28.139958524333835],[-16.705405081007523,28.13996185347916],[-16.70493467687909,28.14019262100212],[-16.704962967867004,28.140344869749796],[-16.70527387021357,28.140604939403858],[-16.705460946464594,28.14102251360849],[-16.705275212746265,28.14145903648079],[-16.704718598273203,28.141929246433232],[-16.704316664588532,28.14187137068861],[-16.703984017251443,28.142000737584098],[-16.7036748316198,28.14191551617125],[-16.70345660033248,28.141928274429045],[-16.703446520357375,28.142008035304766],[-16.703528350551927,28.14217477231673],[-16.703486580870358,28.14245495466389],[-16.703126096704448,28.142616000056613],[-16.70290284045449,28.143217386572267],[-16.702936594621892,28.143340445420076],[-16.703124782145785,28.14346019465979],[-16.703728042633745,28.14355925058378],[-16.703839929315336,28.143701453939997],[-16.70378839069666,28.14396394270329],[-16.703861612839496,28.14415855601053],[-16.703881543965966,28.144455416085393],[-16.70382248531987,28.14486483310877],[-16.703504358234238,28.14562274554252],[-16.703313789648462,28.145893244202558],[-16.70327610618866,28.145911230025703],[-16.7032722454717,28.145848708559942],[-16.70342786727142,28.144890948898787],[-16.703432166854746,28.144364230666078],[-16.703274196471135,28.144059168432193],[-16.70312028233332,28.144030992990107],[-16.702954889688257,28.144157023771065],[-16.702718612423485,28.144117688084407],[-16.7024859551199,28.14416494585135],[-16.702316706839586,28.143991885100316],[-16.701733648013775,28.14382473201754],[-16.701634020467964,28.143831167840137],[-16.70158398691833,28.143916126820727],[-16.701515620245033,28.143812630248046],[-16.701063175980398,28.143499381598584],[-16.700761324897684,28.143661344481014],[-16.70049026761642,28.143901630530557],[-16.70045100618605,28.144129075687683],[-16.700176563161282,28.144800359538902],[-16.70013963766295,28.145121598329666],[-16.700180289472186,28.145451359495084],[-16.70004546034224,28.145355212013694],[-16.69997510220834,28.145182328990632],[-16.699851633097648,28.144590195016285],[-16.699861287033862,28.14401586678612],[-16.69976492961013,28.143892843790397],[-16.699637840384842,28.143880486121283],[-16.699503171767635,28.143945240756484],[-16.69933101194357,28.144281369420074],[-16.699111774170603,28.144446148626024],[-16.69900341221723,28.14459012189587],[-16.698732353137494,28.14471457019425],[-16.698535809929105,28.144903298940886],[-16.698059076067914,28.14606797774096],[-16.698174962777145,28.146987314548536],[-16.698133034399774,28.14736100440677],[-16.697947752702884,28.14756688450965],[-16.69764533838456,28.148123397991746],[-16.697668189836158,28.14839983591292],[-16.697536052616474,28.148877888257342],[-16.697311208429696,28.149061099978432],[-16.69706590132504,28.14937757367117],[-16.697069690647933,28.149623021733078],[-16.69699929420085,28.149634859104733],[-16.69688964172162,28.14976399187337],[-16.697035642336267,28.15014155334138],[-16.69711874118858,28.150144224005942],[-16.697326026520454,28.150286559239238],[-16.697495856667633,28.150469871019123],[-16.69743069986107,28.150565385612058],[-16.6969779193658,28.150557386205897],[-16.69685723419077,28.15068818084967],[-16.696628404764837,28.151745844192693],[-16.69650888779821,28.15195148552847],[-16.696541072938672,28.153019534112946],[-16.696372260349573,28.153504799280366],[-16.69643978995676,28.1538947855342],[-16.696565736189054,28.154097386464983],[-16.69716509092283,28.154641200904376],[-16.697158289678114,28.155668894246368],[-16.696917852709774,28.155994206060793],[-16.696675913597392,28.156221778580967],[-16.696587946039905,28.156481476278078],[-16.696536554614582,28.157115009723334],[-16.69661809683241,28.157420240857583],[-16.696468961553325,28.15769429670626],[-16.696043776115598,28.15794844198107],[-16.695518809790983,28.158717147569163],[-16.695476427273622,28.15894905217706],[-16.695356686350006,28.1591410858778],[-16.695119305480638,28.1598560092153],[-16.694994653158965,28.159958803106292],[-16.694844610198526,28.159976647100407],[-16.694311543944334,28.159727451094003],[-16.694087010333117,28.159394982492763],[-16.69402956453627,28.15915750834613],[-16.693810483654367,28.158725444276172],[-16.69390325356654,28.158281951130792],[-16.693877127147818,28.15808491806445],[-16.693669254168597,28.15803985557593],[-16.693554580530627,28.157578504514937],[-16.693686977750723,28.157216187634287],[-16.693624964110885,28.157176116900114],[-16.69283190713255,28.157406315551817],[-16.69280735746571,28.157374644954828],[-16.69293739653684,28.156795051721396],[-16.693309683517846,28.156435859126518],[-16.69319703034635,28.156154814530673],[-16.692948710792212,28.156040646051732],[-16.692850261904645,28.15589797973079],[-16.692714581577217,28.15583671935429],[-16.692788548903994,28.155610765742505],[-16.693229937035404,28.155380734276598],[-16.693749856935177,28.15528809991308],[-16.694034453225385,28.155108856538835],[-16.694057289760078,28.154812458434876],[-16.693947536454843,28.15466410198662],[-16.69372167003461,28.154518318486915],[-16.6937271095752,28.15446217054915],[-16.693776529778624,28.15438866536194],[-16.69441733023204,28.15412839451191],[-16.694586066512326,28.154002945753998],[-16.69463345460987,28.153800472676856],[-16.694596898854165,28.153486903924545],[-16.694446565244625,28.153174742734187],[-16.694343489021797,28.153052647590904],[-16.694223035677965,28.15303170168974],[-16.69411415717808,28.152943322925523],[-16.694115535858113,28.15262927573434],[-16.6939220323324,28.151583057559154],[-16.69392823353226,28.15117362972436],[-16.694013195063775,28.150667825690395],[-16.69436552719644,28.149827365601006],[-16.69433697144006,28.149660216765444],[-16.69404813671383,28.149660504046686],[-16.693983726368714,28.149599209313784],[-16.69406404334148,28.14925961096784],[-16.69424895115099,28.148842413504045],[-16.69485235472519,28.148100800949848],[-16.69497299226933,28.14786485055027],[-16.695459574194846,28.147358263276793],[-16.695551506815477,28.14715722400161],[-16.695573311932712,28.146876799772482],[-16.695378553393223,28.146029965782095],[-16.69540148407464,28.145459971544266],[-16.695498106964013,28.14505061361138],[-16.695495503641272,28.144885872402938],[-16.695333976924104,28.14457733367599],[-16.695340131558734,28.14353882553328],[-16.695288589599148,28.143239251569042],[-16.695348938188154,28.143020745100362],[-16.69523030582708,28.142719369480897],[-16.694951623583773,28.142494890900085]]]}},{"id":"115","type":"Feature","properties":{"categoria":"Reserva Natural Especial","nombre":"Montaña Roja","codigo":"T-6"},"geometry":{"type":"Polygon","coordinates":[[[-16.5424861428816,28.040015694643937],[-16.542745628969406,28.038953567336254],[-16.542669611687586,28.038778155006415],[-16.5427802490499,28.03864018634692],[-16.542866154236105,28.038375092787756],[-16.542856098041735,28.03806884731312],[-16.542915102989937,28.037815545245834],[-16.542841970851708,28.0376811751924],[-16.54272150685179,28.037636534867556],[-16.54300615679737,28.0374344353126],[-16.54303816631754,28.036739317784544],[-16.542992513609427,28.036394247733146],[-16.54281480950535,28.035878799129595],[-16.542513841512495,28.03548364436415],[-16.542262889209933,28.03532160423154],[-16.541947779907325,28.035316224962298],[-16.541664813228266,28.035153848134527],[-16.541267008804528,28.035197816792547],[-16.54106137123881,28.034990581058292],[-16.541029793697206,28.034880364970213],[-16.54113984233204,28.0344856491773],[-16.541117536610265,28.034295860275414],[-16.54101411291183,28.034213968749995],[-16.54101279604356,28.034063024396453],[-16.54066793077381,28.03387721483582],[-16.540621369818094,28.033730496400846],[-16.540696963497275,28.03359823841941],[-16.540641981067207,28.03352296037957],[-16.54027252226719,28.033312813267063],[-16.53991238504612,28.03316359050803],[-16.53974067583097,28.033178493954328],[-16.539557448171056,28.03305092462326],[-16.539611742547688,28.03293433037419],[-16.539859464961634,28.032912347444924],[-16.54006242159437,28.032692487229294],[-16.540031155064977,28.032527555237266],[-16.54007265254328,28.032345940747447],[-16.540018060814013,28.03199300897733],[-16.54004681615892,28.031638736604094],[-16.540388615398186,28.031066383777052],[-16.5404602600873,28.030997609899813],[-16.54052074492864,28.03107439679415],[-16.540618618890065,28.031081115149117],[-16.540737064687416,28.030828293305333],[-16.54073281488221,28.030782726489615],[-16.540543130249016,28.03076361707129],[-16.540481815012132,28.030623517125864],[-16.541045753302928,28.030104827641104],[-16.541064576816115,28.03020308382589],[-16.541111843946076,28.03022240948324],[-16.5412362283199,28.030210174456762],[-16.54131342149192,28.0301418343038],[-16.541264772874165,28.02993776481061],[-16.541335321167818,28.029782864180323],[-16.541301809265104,28.02944971474461],[-16.541373799227475,28.029322487914857],[-16.541334730718816,28.029036937713844],[-16.541201656780558,28.029018150623845],[-16.541238668212213,28.0289316508999],[-16.541377327432883,28.0288434691565],[-16.541706134926034,28.0287622239808],[-16.54182864586738,28.02887413611479],[-16.542160949435083,28.028732786441566],[-16.542307854102358,28.02876570457021],[-16.542580423238974,28.028634492201206],[-16.542822292375483,28.02873770737794],[-16.542879797470896,28.0286668979258],[-16.542901351657637,28.028515823034475],[-16.543129562501846,28.028464441237656],[-16.54318298250046,28.028050278403402],[-16.543659494498932,28.027500962804634],[-16.543579207509218,28.027322322269132],[-16.543612977972057,28.027209161180775],[-16.54435058809609,28.02705333276962],[-16.54439734349788,28.02690579212891],[-16.54452089887991,28.026800890570364],[-16.54469354647403,28.026728533131443],[-16.5447963973775,28.02676566246396],[-16.544981479816524,28.026624652904005],[-16.545138491266933,28.02634275618092],[-16.545187812273728,28.026073722379323],[-16.545422700063263,28.02583800795222],[-16.545379208156067,28.025654252323836],[-16.545551879689008,28.025592281848326],[-16.545585229551975,28.02565417301161],[-16.545713584658866,28.02565117656674],[-16.545771577589182,28.025483066498207],[-16.54582440843924,28.025571543896472],[-16.54591606299792,28.025575404356783],[-16.546224338267287,28.025231306931722],[-16.54646571925983,28.025171910445895],[-16.54644779617361,28.02490282087855],[-16.546488277161018,28.02488083056834],[-16.546806431323446,28.024885768884033],[-16.546902659876817,28.02482829463971],[-16.546958769280394,28.02486932417574],[-16.54684973660174,28.024948919507768],[-16.54687968302241,28.025019576241867],[-16.547010647992273,28.025036269750423],[-16.547166192701912,28.02495103309677],[-16.54734654748087,28.025077244014057],[-16.54745091454645,28.02529579217968],[-16.54755058003001,28.02531789193379],[-16.547693887543105,28.025268803923503],[-16.547712198174906,28.025186547624912],[-16.547837692767743,28.025272283182815],[-16.54797290338097,28.02525442377866],[-16.548114173133516,28.025021023298702],[-16.548335963547622,28.02531908812244],[-16.548457746939963,28.02534588386407],[-16.54906750762623,28.025271653284793],[-16.549270400216017,28.025419629460046],[-16.549367800034567,28.025872933250305],[-16.549479731574355,28.026037693229366],[-16.549566728333247,28.02604794863089],[-16.54984994349845,28.025909129110516],[-16.550153958579084,28.025938605726413],[-16.550300563985356,28.026007539119544],[-16.550390594883357,28.02618194991812],[-16.550485290965707,28.026217731939326],[-16.550612574635608,28.026155572442278],[-16.550710706513037,28.026203274187008],[-16.55089526790916,28.02600029435208],[-16.5509828259448,28.026058205671312],[-16.55091499858849,28.026901907918862],[-16.551094013021732,28.02705328258606],[-16.55115525046841,28.02718007495906],[-16.551414417254506,28.02728630163034],[-16.551452703571854,28.027441774024425],[-16.551416739286903,28.027622661107664],[-16.551293569139162,28.027841239264397],[-16.551273541373646,28.028070972323512],[-16.551404335667257,28.02816198760091],[-16.551685631285363,28.02786220889847],[-16.551728655201646,28.02790900699631],[-16.55165089946268,28.028990478195016],[-16.551497639334304,28.029184775110352],[-16.55167631307687,28.029438275059622],[-16.551906867672372,28.02933067819399],[-16.55195268551507,28.029368699019788],[-16.551812386532045,28.029551143906904],[-16.55199961067896,28.02970079986357],[-16.551800750906654,28.029877281705435],[-16.55181493696477,28.030115987592612],[-16.55188027678779,28.03026550424603],[-16.552094479911535,28.03051248292928],[-16.552816361520563,28.03096155102853],[-16.553264276553104,28.031185100143357],[-16.55468892801875,28.03167471204548],[-16.555899286634812,28.0319103972537],[-16.557149504940675,28.032041719594474],[-16.558109398460495,28.03205854274854],[-16.559334385346805,28.032010002806174],[-16.55978488171109,28.031900381942645],[-16.560854978560865,28.034625235236344],[-16.559919397673244,28.03492223825393],[-16.559285740206978,28.035019813315053],[-16.558819099208407,28.035038846637832],[-16.55462054002416,28.034390051382573],[-16.5535996312856,28.034402658464348],[-16.552739318813185,28.034654366306697],[-16.551985762286073,28.035075252983013],[-16.544699421455114,28.04018590275614],[-16.544196836093505,28.04063870918565],[-16.54368663148949,28.041372488075968],[-16.54352614415264,28.04140048364934],[-16.543419783251625,28.041253129926208],[-16.543429191811732,28.04114048644044],[-16.543367676359164,28.04107757575342],[-16.542989853489107,28.040861637465643],[-16.54242471472676,28.040765231527576],[-16.54215835068664,28.040636117955113],[-16.5424861428816,28.040015694643937]]]}},{"id":"116","type":"Feature","properties":{"categoria":"Reserva Natural Especial","nombre":"Malpaís de La Rasca","codigo":"T-7"},"geometry":{"type":"Polygon","coordinates":[[[-16.688021232402065,27.998828622404606],[-16.68838409496609,27.998832974542196],[-16.68852311955616,27.998927366085436],[-16.68853615266075,27.999047212630437],[-16.688435336918538,27.999062232287447],[-16.688411781202387,27.999137465975704],[-16.688332578390195,27.99917569435602],[-16.688376764249114,27.999223670542662],[-16.688531396188456,27.999244297818343],[-16.68864086582806,27.999368221348206],[-16.689067414007823,27.999358964613016],[-16.689191176332937,27.999262274257383],[-16.689264445961125,27.999281743495413],[-16.6893231204938,27.999205139487167],[-16.68950446403227,27.999332005633413],[-16.689820617753366,27.99936448158908],[-16.68997771749983,27.99933145884225],[-16.690276847158522,27.99944258006229],[-16.690634426706577,27.999311614869185],[-16.690750460740173,27.999190235318817],[-16.69112386103397,27.99905085244759],[-16.691289482824345,27.998925514100293],[-16.69131696322085,27.99924755198218],[-16.691187080895812,27.99933246955316],[-16.691127730410884,27.999464677149813],[-16.69120617009903,27.999601615393455],[-16.69117778465513,27.99965394910286],[-16.69121737933454,27.9996943275413],[-16.691453084842585,27.999718358231316],[-16.691490484665717,27.999856469137104],[-16.691598528250612,27.99993115784889],[-16.69218382585135,27.999938384953026],[-16.692384344879297,28.000159855642814],[-16.692472737557317,28.00017619475882],[-16.69264677027025,28.00002755677466],[-16.692760415693822,28.00001236700052],[-16.692745650831235,27.999957676343357],[-16.692872125780823,27.999946227323655],[-16.693379555656083,27.999706985777827],[-16.69349836436181,27.999756712355854],[-16.69391134771758,27.99969407992869],[-16.69399745912231,27.999800552539064],[-16.693764873414775,28.000068340717796],[-16.69377508346796,28.0003122078396],[-16.693955407354895,28.000378648527043],[-16.694158554915692,28.00033369095151],[-16.694272187832247,28.000369690300165],[-16.694443048431594,28.000533140169285],[-16.69475734555999,28.00063056288247],[-16.69489972868113,28.000580432930697],[-16.694930071108928,28.000507713812798],[-16.695161729475277,28.000341259659287],[-16.69538733432606,28.000566261050018],[-16.695329554084584,28.000699750544115],[-16.69535976211015,28.000805512806586],[-16.69550371078086,28.00088135290936],[-16.695688328145877,28.00107639969124],[-16.6956173903075,28.00128391278161],[-16.69540044677792,28.00153885754332],[-16.695600961389133,28.00147631333052],[-16.6960866623853,28.001574000986118],[-16.696330006946727,28.001695905008372],[-16.696707899981376,28.00172964253471],[-16.696980257159048,28.00198724912534],[-16.697491471688103,28.00216328818507],[-16.697866084489466,28.00241765355202],[-16.698123282348035,28.002402761749256],[-16.698144983662733,28.00233611431146],[-16.6980746941721,28.002196318064186],[-16.698249867902074,28.002168721243194],[-16.69834300618837,28.00207515383739],[-16.69837536561456,28.002137640634707],[-16.69833461039053,28.00220890971308],[-16.698395653956787,28.00228431794878],[-16.698432587637594,28.002567113122943],[-16.69862357623846,28.002537091200974],[-16.698823541046217,28.00260025012002],[-16.69883698249869,28.002388897586716],[-16.698922174794433,28.002374776335987],[-16.699122183830678,28.002668858466837],[-16.699004552510704,28.0027152663596],[-16.698991813299575,28.002857297757167],[-16.699188502264093,28.002788117049086],[-16.69927386685713,28.002869189758613],[-16.699307996130262,28.002809852238336],[-16.699372317943496,28.00281742323574],[-16.69945114204298,28.002974143502502],[-16.699371468963562,28.003142994648243],[-16.69963580483688,28.002933016327574],[-16.699794085085305,28.00287986889689],[-16.699861301902033,28.003080910101403],[-16.699709132046653,28.003100986446675],[-16.699693263238114,28.003235331126678],[-16.699558322484826,28.003386526886093],[-16.69969358170836,28.003408490951585],[-16.699673286878728,28.003501853426407],[-16.699742078549754,28.003520785658278],[-16.699789596935254,28.00364070056567],[-16.700001247771603,28.00366563644552],[-16.699954260352207,28.003869705522195],[-16.699893703605117,28.00385716959921],[-16.699863022901116,28.00391335998804],[-16.700025341285134,28.004003335788752],[-16.70018683208581,28.003984253840763],[-16.70023623822634,28.0038435828644],[-16.700441500722405,28.003755666571085],[-16.700532203102863,28.00379903792204],[-16.700525735368522,28.003870217317257],[-16.700623133448772,28.00386662963385],[-16.70065912905864,28.00391578595045],[-16.700651442501506,28.003845918843016],[-16.70079971342629,28.00386758541984],[-16.700972605804413,28.00371924906628],[-16.70103750207653,28.00382030267296],[-16.700994367341405,28.003890194030195],[-16.7011291000346,28.003878589972768],[-16.701175107293352,28.003963054589768],[-16.70128708965801,28.003871625594552],[-16.701432201991402,28.003862464903516],[-16.701496116772333,28.003936617722292],[-16.701496019470834,28.00405142660265],[-16.701589565189018,28.004059573360262],[-16.701702454471903,28.00397604777706],[-16.70195701012973,28.004123442780237],[-16.702034875311774,28.004308773643878],[-16.70189737072278,28.004384707379934],[-16.70203935536921,28.004433345071057],[-16.70205763067501,28.004507891290473],[-16.702135219279526,28.004543003562482],[-16.702091543599288,28.00458880506313],[-16.702013320213563,28.004546949891164],[-16.701913807904752,28.00464377546749],[-16.701928585161433,28.00476618875388],[-16.70187254848526,28.004826484054814],[-16.702246418630395,28.004807955582578],[-16.70223964015291,28.004935617614947],[-16.702433282313557,28.00507740336925],[-16.702496355860017,28.005048175145312],[-16.702479468106407,28.004917042817425],[-16.70255571109818,28.004906649165815],[-16.702643152154312,28.0051337191616],[-16.702822707682635,28.005179562098775],[-16.702936431269535,28.00543869713561],[-16.703112374824226,28.005485658405863],[-16.70298590109602,28.005683682741644],[-16.703088556471997,28.00578666804979],[-16.703318510153622,28.005818366260744],[-16.703450794442663,28.005687858174703],[-16.703593232809048,28.00576517916427],[-16.703765804329137,28.00572058620417],[-16.70390922162858,28.005884643431212],[-16.70406194854141,28.00582095545365],[-16.704027898940957,28.00606613675915],[-16.703806742756463,28.00610178386863],[-16.703791858077548,28.006244076709407],[-16.704057041449534,28.006243099457446],[-16.704196975585607,28.00636474572963],[-16.704296313507722,28.006333749346723],[-16.704382316040096,28.00623660226702],[-16.704578499338016,28.006345059922626],[-16.70451426250781,28.006534858997544],[-16.704656139325024,28.006648728166397],[-16.704581898960733,28.006797352760703],[-16.70472117594799,28.006904304809904],[-16.704727218658345,28.006979372333547],[-16.704935548150477,28.00702409735967],[-16.704973239926037,28.00716590950586],[-16.70514150282823,28.007224055102448],[-16.705205649768086,28.00733525091627],[-16.705140371151778,28.007589926111837],[-16.70516484665655,28.00765249987736],[-16.705224584882135,28.0076839148907],[-16.705382024991756,28.007645617527697],[-16.705537985641932,28.00780064559477],[-16.705498282952206,28.007832040018645],[-16.70520750858745,28.00779283333451],[-16.705100684019637,28.007851503803018],[-16.704869109556086,28.007810172054395],[-16.704719761416943,28.00783736694808],[-16.70297979913059,28.00775805640907],[-16.702442553995187,28.00743109271247],[-16.70209217094368,28.007413149711535],[-16.701880982578757,28.00749574501053],[-16.70158944820577,28.007419708786774],[-16.7013218925169,28.00748022189422],[-16.70109498932698,28.007644795525085],[-16.70093075448465,28.007831931982015],[-16.700848632474877,28.00816987142358],[-16.700621884228713,28.008200095538548],[-16.700411677065176,28.008423016019698],[-16.70028063614148,28.008429835722517],[-16.69933132557441,28.00815356967536],[-16.698526784690234,28.00834209405619],[-16.69816804739729,28.008794585077098],[-16.698044366376795,28.00905801134088],[-16.698061835888105,28.00960185281021],[-16.69818784159992,28.010185985653983],[-16.69809188810566,28.010584102157093],[-16.69759528681901,28.010961871153064],[-16.69720450911991,28.011445134020267],[-16.697173371794747,28.011693572165555],[-16.696976105864973,28.01233805058391],[-16.69654985273658,28.012334902318024],[-16.695971027836006,28.01257627440361],[-16.695932405832835,28.013112406131697],[-16.695873379213566,28.013314655046674],[-16.695890723008812,28.013689450068437],[-16.6958689086802,28.013836710343764],[-16.69577061028148,28.01398787471083],[-16.695713579340833,28.014323380928605],[-16.695512420815515,28.014569611796936],[-16.695436061149945,28.014821017273004],[-16.695231469304503,28.01500916877379],[-16.695171081351937,28.015193465321094],[-16.694951099334478,28.015324966498174],[-16.694882207756113,28.015440353229607],[-16.6949766575281,28.0157257246567],[-16.694985113485895,28.01617665644569],[-16.695182244705062,28.01621906105903],[-16.69527470358134,28.016372700024036],[-16.695459409761163,28.016530760135254],[-16.69550993469365,28.016682777397545],[-16.69551118611031,28.016848326527157],[-16.695441547609832,28.016978370402995],[-16.695093574123238,28.017195411179056],[-16.69498308201341,28.01732019181952],[-16.69549855426212,28.01815547219542],[-16.695875824857062,28.018411865772354],[-16.69605901997039,28.01875677106347],[-16.697066317959408,28.01911428787422],[-16.69742832176669,28.01931890832159],[-16.697876329429356,28.019845344897632],[-16.698332849103018,28.019706059850595],[-16.69841902193694,28.019737990198863],[-16.698518943710642,28.01997912242626],[-16.698446422135504,28.02020785607413],[-16.698501284631003,28.020443381193985],[-16.69861784711259,28.0206645337206],[-16.69891055794709,28.021017972124994],[-16.698939813401008,28.021144024063496],[-16.698584900016805,28.021239384750164],[-16.69831105196257,28.021109280754448],[-16.69804777726734,28.021054729495773],[-16.697872800555512,28.020906282083132],[-16.6974517604535,28.020893994071123],[-16.69707267452372,28.020695785099296],[-16.696972499997766,28.020699053052553],[-16.696860407782076,28.0207776467328],[-16.696791380200576,28.020760566477314],[-16.69654564101893,28.020973288998814],[-16.69598348790666,28.021202164333314],[-16.695718215333848,28.021388665132964],[-16.695539439223133,28.021716016854477],[-16.694842434856515,28.022271516704638],[-16.693429977132343,28.022459299688126],[-16.69317695605767,28.022940429990676],[-16.693196232704864,28.02302971189165],[-16.691981831248473,28.023873182209574],[-16.69144737133718,28.024420400287188],[-16.690431393281976,28.024832742384792],[-16.690300189801686,28.024767354744395],[-16.689866458693455,28.02483622701894],[-16.689131808676425,28.02516337702619],[-16.688979431172875,28.02530517499878],[-16.688511162543755,28.025276608970813],[-16.68841183002175,28.02525332678917],[-16.688333206329744,28.025157165371553],[-16.688026269945397,28.025259418629357],[-16.687554573026137,28.025273155814187],[-16.686746220397815,28.02486085461321],[-16.686501052754114,28.02464567457414],[-16.686075888573423,28.0244604282784],[-16.685624378182602,28.02417550745108],[-16.68532190085272,28.023883734354733],[-16.68453180559968,28.022664832485344],[-16.684538629707003,28.02254033442681],[-16.684430472846586,28.022347263032678],[-16.68440080110896,28.022129901621355],[-16.684275486316352,28.021960368131587],[-16.68425680793349,28.021796386135744],[-16.683874639422367,28.021521868287874],[-16.683649064739406,28.020697042201334],[-16.6837682440061,28.019927583659413],[-16.683998295160062,28.019427392158253],[-16.684290910245096,28.01899780370423],[-16.684899448024073,28.01847858467979],[-16.685825452461945,28.018101096994908],[-16.686272735957225,28.017825307418462],[-16.686592214833865,28.018101605743965],[-16.687152031788585,28.018705409551618],[-16.687606747147143,28.018776534145175],[-16.687635235723537,28.018363296302216],[-16.68791067032078,28.018083890242444],[-16.687837369252914,28.017480977377843],[-16.687601382638185,28.0171766264523],[-16.687451292115053,28.01710975288296],[-16.68744992330932,28.01698740776231],[-16.687512746201893,28.016853353961363],[-16.687835544828758,28.016777838438397],[-16.688004968840485,28.016636807200115],[-16.68809149258306,28.01625607754374],[-16.68811068740434,28.014885980140495],[-16.687947001658756,28.01165469409223],[-16.68774408901001,28.011495477591335],[-16.68774150659261,28.011294567232813],[-16.683606656213385,28.009479599259926],[-16.684738770593743,28.006870848469326],[-16.686303333056046,28.002987171505445],[-16.68719072494967,28.001090398675075],[-16.68780487761249,27.999325781917918],[-16.688021232402065,27.998828622404606]]]}},{"id":"117","type":"Feature","properties":{"categoria":"Reserva Natural Especial","nombre":"Chinyero","codigo":"T-9"},"geometry":{"type":"Polygon","coordinates":[[[-16.77372099266641,28.331028766314397],[-16.774144031187742,28.33147411806077],[-16.774713007528156,28.331804836068336],[-16.77493815595399,28.33205912816522],[-16.775666503419234,28.332348404676306],[-16.775870836586055,28.33287212421396],[-16.776294315889817,28.33335979450864],[-16.776680218903604,28.33359014874905],[-16.77674920818628,28.33369961956811],[-16.776755757274024,28.333862541474858],[-16.77659034029711,28.33432231639214],[-16.77662797624838,28.334578526794314],[-16.77650228435324,28.33508536197001],[-16.77648165281223,28.33549395752381],[-16.776554721865832,28.335689310029252],[-16.776776637341193,28.33587860525304],[-16.776902320463336,28.336073120559508],[-16.776629335586325,28.33624355694602],[-16.77648571977049,28.33645299907991],[-16.77649761616114,28.3366156542836],[-16.77697379042781,28.337053084149233],[-16.777122018521226,28.337397114151607],[-16.777076074692808,28.33767448366091],[-16.777127608616293,28.33790880884454],[-16.777095178848164,28.338517028075454],[-16.77719927983751,28.33890979631407],[-16.777196686011095,28.339120388538518],[-16.777071728018147,28.339305583130912],[-16.77694478287714,28.33937203274503],[-16.77683003488404,28.339722106140602],[-16.776380488524058,28.34019725179067],[-16.77679255014526,28.340774980486156],[-16.777438502782136,28.341033061208417],[-16.77755804735474,28.341168556172292],[-16.77761466808226,28.341379271489814],[-16.77802053157018,28.341299580252315],[-16.77809865420403,28.34133967760075],[-16.778289844245272,28.341591320186286],[-16.778718509486463,28.341817545184274],[-16.77914596615541,28.341758714250926],[-16.779421064001788,28.341789729093577],[-16.779528614184848,28.341875807466035],[-16.779777351625278,28.34253123707398],[-16.77988278533516,28.342660492884953],[-16.78030430811598,28.342879089593815],[-16.780442303585026,28.343234345074602],[-16.780785859238,28.343732439512134],[-16.78093078226108,28.343887675873685],[-16.78163288813709,28.34422061169614],[-16.781610756540772,28.344355870222277],[-16.78149708692375,28.344486937072165],[-16.781165464527522,28.344546920186364],[-16.78112922888814,28.344803838452766],[-16.781059532432316,28.34487552324287],[-16.780078714673,28.344949479449642],[-16.779823643120128,28.344730379638605],[-16.779500639099048,28.34474518701221],[-16.77940519813062,28.34483278562116],[-16.77936200920696,28.345168092561718],[-16.779496823652575,28.34554211076695],[-16.779797647975283,28.34602949287339],[-16.77994709496713,28.34840539848359],[-16.780126212723665,28.348775217178293],[-16.780077197729632,28.34903953220519],[-16.779936491662898,28.349369719234904],[-16.78014181039307,28.349661482810028],[-16.78007186220947,28.34975208056223],[-16.779704662736197,28.3499065189883],[-16.77952114930014,28.350238251723614],[-16.779393393193292,28.35025611792632],[-16.77915300707726,28.35010268104569],[-16.778874978753993,28.35025208031717],[-16.778877048424146,28.350376229472502],[-16.77892924919539,28.350580709792858],[-16.77903557681861,28.350723361379274],[-16.779122191454306,28.35079781981054],[-16.77940839003963,28.350772489513957],[-16.77967712486443,28.351163105833848],[-16.779950904294612,28.351856001010614],[-16.779855223568717,28.35215178027723],[-16.779706379557222,28.352194739302597],[-16.779378693199913,28.35205273039982],[-16.779192488488388,28.35191683401488],[-16.778956144230175,28.351972386036696],[-16.778827182530513,28.35211999365839],[-16.778606824440942,28.352123003858626],[-16.778536518830435,28.352168989001594],[-16.778441241034827,28.352358833395904],[-16.77839084396318,28.352643263940923],[-16.77833088768547,28.352694483526825],[-16.77792644099459,28.35275598053607],[-16.777699228333002,28.353005860765613],[-16.77367602758747,28.3547385163171],[-16.773732418819414,28.354510731762765],[-16.773818761042918,28.354371868386345],[-16.773794380614888,28.354245536618485],[-16.773680608803843,28.35418632746592],[-16.773523432906664,28.354263536768197],[-16.773394378283786,28.354167435731586],[-16.773209638264618,28.35414585169187],[-16.772727194752335,28.35442053965401],[-16.77268657779846,28.354323856498187],[-16.77287062898812,28.354035695262784],[-16.772774108943672,28.35400291016522],[-16.772207574688228,28.354079267579525],[-16.771924940439074,28.354297154480324],[-16.771627792370335,28.35429043953679],[-16.77159761057129,28.354421559848586],[-16.771678482475657,28.355074239662322],[-16.771579720701393,28.355193391339256],[-16.771537175102203,28.35539459368689],[-16.771129246217342,28.35561408909136],[-16.77060596787167,28.35628139890579],[-16.767151666762846,28.357614383379836],[-16.762817057938438,28.35830221619683],[-16.75732690216977,28.357730816259647],[-16.75741423767482,28.357137696749973],[-16.75766582257873,28.356362390997194],[-16.757614611718388,28.356142682466444],[-16.7573984748964,28.355727545120782],[-16.7573773503815,28.355422419950745],[-16.757422862665056,28.355109847904792],[-16.757340058274618,28.354388451311294],[-16.757050865928054,28.353816750499195],[-16.7569978666308,28.353588626738855],[-16.75708067304128,28.35279084191766],[-16.75722776801363,28.351973286040007],[-16.757419993724817,28.351764716232402],[-16.75785863428206,28.35161831567896],[-16.758260141395034,28.351222450504565],[-16.758399670229235,28.35092200384268],[-16.758372869819862,28.35055108217727],[-16.758405335754507,28.35040843759692],[-16.758691608254495,28.350159477913902],[-16.759008818867798,28.350143789497412],[-16.759094751771578,28.349933312833457],[-16.759107167075122,28.34970686372444],[-16.758993089143956,28.349244007680856],[-16.759029041057072,28.348597517083924],[-16.759247869595214,28.348128308481076],[-16.759570937685158,28.3478155385509],[-16.759757816623402,28.34727724392866],[-16.759747433846307,28.34675583485969],[-16.75946311282133,28.34597718008115],[-16.759582038955227,28.345811733754726],[-16.759691976264513,28.345464911864795],[-16.759768890035954,28.34538267184226],[-16.760528014096877,28.345148966617483],[-16.760668465378014,28.34499182378725],[-16.76090629290154,28.344847763312465],[-16.761225666372496,28.344738503523185],[-16.761351927092118,28.34461783075852],[-16.761593512921728,28.3442108644501],[-16.761750935068036,28.344101304029685],[-16.76183310762069,28.343869387079433],[-16.761862195504275,28.343505784816752],[-16.762168891276573,28.343285703651876],[-16.762321459606063,28.34288227791876],[-16.762524907726743,28.342637079497514],[-16.76277835968656,28.342459360257724],[-16.76276067589711,28.34236878449641],[-16.762551892136962,28.342146854694914],[-16.76252671666712,28.341111412916856],[-16.76268344477847,28.340828572359012],[-16.763154460915647,28.340750793076666],[-16.76329428021552,28.340392933355012],[-16.76322880157576,28.340022178757057],[-16.762992377522192,28.339759987593073],[-16.762859401524228,28.339388932080883],[-16.763031000433894,28.338993201162314],[-16.762877034097897,28.3388223003091],[-16.762811903087062,28.338636750418946],[-16.762836568637404,28.338332947114882],[-16.763157882855747,28.33740493875247],[-16.763642246609827,28.337319820242207],[-16.764057962801896,28.337112376648655],[-16.764214324067083,28.33692888980171],[-16.764225844354787,28.33670695502267],[-16.76390334262437,28.336482617260753],[-16.76376808771058,28.336565018267837],[-16.76356896835862,28.336917075415197],[-16.763440068701367,28.336925465337693],[-16.763261429683688,28.33667910517297],[-16.763061573580103,28.33652710833216],[-16.762757804085105,28.336634461062875],[-16.76258058181542,28.336881305414447],[-16.762439123478593,28.336954132982278],[-16.762201319659876,28.336951946508844],[-16.76201893230343,28.33688593298864],[-16.761903587172704,28.336740164773335],[-16.76189677573691,28.336327403511483],[-16.761789478110114,28.336128938940202],[-16.761465852015952,28.33578863952694],[-16.76120098342752,28.335586950098577],[-16.761091453635867,28.33543321715641],[-16.761002066800472,28.335183556992614],[-16.760750506974755,28.33520267509484],[-16.760489729867924,28.335038023206685],[-16.76039600731449,28.334877929006144],[-16.760447242754353,28.33476301757145],[-16.76053016530445,28.334728340035216],[-16.761040353869742,28.334829289682098],[-16.761311327518527,28.33469137090797],[-16.761490561967857,28.334514314971315],[-16.76161435087056,28.334266167015013],[-16.761586148184957,28.333937209351777],[-16.761479632078114,28.33375560974245],[-16.761512967233873,28.333554073806337],[-16.761579814844662,28.333458063833532],[-16.761778323636165,28.333343053922544],[-16.762089658944003,28.333252535307473],[-16.7621421836614,28.33302912710534],[-16.76202306069136,28.332771175123877],[-16.761719200126002,28.332573994596334],[-16.761599303365823,28.33243407263058],[-16.75808350000397,28.30731170948755],[-16.75709234701905,28.299712351226223],[-16.756901299551828,28.298776527763717],[-16.75633540242243,28.297859154195912],[-16.755759027468567,28.297494747886127],[-16.753226760772105,28.295016037106105],[-16.7527851204347,28.294500521301508],[-16.752594625469595,28.29437879789492],[-16.751785857684467,28.294177407498005],[-16.75176880341314,28.292994162156187],[-16.751652337162565,28.292711445642425],[-16.751225809216177,28.292261645684377],[-16.751296346805812,28.29205142492588],[-16.751530246629596,28.291693560140846],[-16.75166728993338,28.29156683868689],[-16.75233969425532,28.291449076018605],[-16.752751197319775,28.29105589071412],[-16.753135544347057,28.29092445865015],[-16.753459566614048,28.290025646920345],[-16.754897755861684,28.28934053356113],[-16.755147818962747,28.289270456280132],[-16.755715820312037,28.28925926401848],[-16.75597582696488,28.289095012387428],[-16.75622349564147,28.288864254521716],[-16.756621559004113,28.288674816174176],[-16.756748029259576,28.2884884381688],[-16.757820902857315,28.28779336601579],[-16.758060580655716,28.28771206435589],[-16.758244813171444,28.287719871832483],[-16.759378170731843,28.28802380371748],[-16.760254851727577,28.288122766576546],[-16.760479795833874,28.288086504468687],[-16.760472244727247,28.287896678296022],[-16.76008602205347,28.287241700703305],[-16.760021297374223,28.28705788355855],[-16.76001207861941,28.28677946846565],[-16.76013948240011,28.286295229015547],[-16.760108882480246,28.286118940673607],[-16.759981665139176,28.286039359442377],[-16.759607907422755,28.286035702300353],[-16.759569188780276,28.285984986867707],[-16.75988082444999,28.28515660436356],[-16.760387095129055,28.284778708926837],[-16.760484680342053,28.284739665020346],[-16.760810537490144,28.284753205803792],[-16.76110360887637,28.284516556712926],[-16.761679802310212,28.284712916861025],[-16.762598448871664,28.284584049750475],[-16.76318543804977,28.284732560309823],[-16.763976753605732,28.28478393288132],[-16.764771552229757,28.28469906639028],[-16.765561564568397,28.284477445094495],[-16.766286807421572,28.284087311567202],[-16.766607039478167,28.283840526176085],[-16.766970896833353,28.283461832396235],[-16.767490772609047,28.282689444275583],[-16.767690882402846,28.28225660029776],[-16.767766731448365,28.28190260431122],[-16.767864617936176,28.281776973858715],[-16.768123284799326,28.281650845944302],[-16.768486449640463,28.28162068559006],[-16.76976910281113,28.281303665850693],[-16.771260618698914,28.281233926393135],[-16.771739598194213,28.281570807645213],[-16.772181245644237,28.281348569479093],[-16.772536701668994,28.28133896563342],[-16.772592737458016,28.281553554536995],[-16.773042945846996,28.281840140775405],[-16.77331500128759,28.28226422640891],[-16.773682674615134,28.282561005908583],[-16.774461650715292,28.282567463967947],[-16.77477442092595,28.282866154057633],[-16.774946698604897,28.28294226581245],[-16.77549671511488,28.282729347554064],[-16.776255882052133,28.28286036561244],[-16.776612214215547,28.283162401285587],[-16.777574030630976,28.28341465468958],[-16.778213193017976,28.28399844023925],[-16.778382334844686,28.284009530644372],[-16.77848309836908,28.28396283405878],[-16.77861630003458,28.283430295502352],[-16.77876540869947,28.283268457010898],[-16.778927158417055,28.283234791250955],[-16.779042516690613,28.283290314286795],[-16.779236967797544,28.28354953671713],[-16.779582474995493,28.283838177566405],[-16.779990496075445,28.283996148979952],[-16.780052194647627,28.28433871814034],[-16.780188771161967,28.284501544670935],[-16.780904756868505,28.284515374529697],[-16.78111660148639,28.2848416267875],[-16.781375006588938,28.28498964199592],[-16.781856641991812,28.28508520841128],[-16.782405546482632,28.284980814596796],[-16.78266194647344,28.285102592180664],[-16.78290296964142,28.285293291580373],[-16.78324379258863,28.28513601121353],[-16.783502881579377,28.285080808773348],[-16.783608175872104,28.28508399082654],[-16.78394253711888,28.28525222545518],[-16.78408187683049,28.285236732867588],[-16.784187884876463,28.285157376149108],[-16.784310688243785,28.284942576877178],[-16.78426755464165,28.284798947143397],[-16.78411923249641,28.284693295135703],[-16.783725613228,28.284572311116612],[-16.783880125634433,28.28444880491989],[-16.78398791335938,28.284161320261383],[-16.78423378193786,28.283846573295307],[-16.784112577050823,28.283400226096695],[-16.784122975568916,28.283265706468942],[-16.784278801261404,28.283134890923986],[-16.784936611240337,28.283165487531786],[-16.78503668264472,28.283102587273287],[-16.785276608754586,28.283088251374593],[-16.786028297688897,28.283442370667736],[-16.78640789318528,28.28346539927219],[-16.78659814033855,28.28364700988738],[-16.786965575534992,28.2836981899716],[-16.787463919861057,28.28364127488589],[-16.78830441150772,28.283635865564307],[-16.788523508878395,28.283509820909416],[-16.78866145096142,28.28324501361014],[-16.788800091022576,28.283220807818175],[-16.788882896891458,28.283258916405646],[-16.788915980538004,28.2833480690427],[-16.78886824382623,28.283516667103974],[-16.788946217862314,28.283644424977947],[-16.788929318902753,28.28376783054953],[-16.789692234007656,28.28387301318756],[-16.78959615007455,28.284219305402925],[-16.78950370737042,28.28436822958381],[-16.79010761477437,28.28458585378792],[-16.790594040153678,28.28463535568138],[-16.791071619388838,28.28497491019482],[-16.791325602357233,28.285092434300374],[-16.791557849509132,28.285129528205495],[-16.792505034276395,28.285117675133563],[-16.792806738918635,28.2852308157732],[-16.793439336945713,28.285651062554813],[-16.794495120176506,28.285889587780527],[-16.794867996134723,28.2858013730659],[-16.79524853146507,28.285630744524536],[-16.795354933168273,28.28562819945974],[-16.7955950801698,28.28573737822848],[-16.796004872267453,28.285739785951137],[-16.796139839339038,28.28565642953127],[-16.79637819776755,28.285328702174404],[-16.796901410620126,28.285208181962258],[-16.79784202479696,28.28509660389872],[-16.798276564847022,28.285097054629592],[-16.798782683926454,28.285259506601744],[-16.799119107205712,28.285764243010405],[-16.799093100788923,28.28627902453984],[-16.79902187735442,28.286446861159472],[-16.798751888573587,28.28664412796713],[-16.798760745361665,28.286807092161553],[-16.799193091202735,28.286899148775454],[-16.79982657693159,28.287263473621397],[-16.8002486085159,28.2878863002176],[-16.801052217204372,28.288569068475823],[-16.80150062237436,28.289040924862384],[-16.802017666700863,28.289308877967585],[-16.802321104204083,28.289542973589697],[-16.80248209333609,28.2899003819676],[-16.802449447277752,28.290044337610286],[-16.802638276126288,28.290727557444363],[-16.802941468292218,28.29097580502072],[-16.80297419458024,28.29112698336005],[-16.803497955413892,28.291947281320237],[-16.803506749496865,28.292401130195103],[-16.803378598419027,28.292550246146387],[-16.803370837714002,28.292747875429303],[-16.80309038497627,28.292890916933278],[-16.80307609673049,28.293272297665695],[-16.80322642991932,28.29376152996087],[-16.80335258354262,28.293880863179304],[-16.80353011982279,28.294446208704745],[-16.803484736340284,28.29465344964022],[-16.803337723327125,28.294818445086776],[-16.803521677351277,28.29504718478333],[-16.80352686271476,28.295263991350513],[-16.803778492817173,28.295533565506247],[-16.803896645918485,28.29578772046301],[-16.80406535240163,28.29582983711026],[-16.803998840590143,28.296062878457],[-16.803691957050795,28.29642018568262],[-16.803707738048796,28.296515572924555],[-16.803938319617252,28.296575543669743],[-16.803969360111225,28.296732952638582],[-16.803814235895622,28.297033747076252],[-16.80383800120774,28.297202920781608],[-16.80360336722301,28.29742870775733],[-16.803646844899223,28.297526165645717],[-16.803907071898657,28.297698775586912],[-16.803933074407418,28.298053741607436],[-16.803627149488843,28.29856312474409],[-16.80364102820641,28.29872887345505],[-16.803543600429613,28.29940388813025],[-16.80360300680647,28.299627775255647],[-16.80355801060788,28.300500056827484],[-16.80346932185991,28.300716370863977],[-16.802976477281486,28.30113251821786],[-16.802935216423823,28.3012881389064],[-16.80276654407689,28.30131808975235],[-16.80272314746783,28.30137910848847],[-16.802760968694756,28.301500240154272],[-16.802906847817457,28.301569786826843],[-16.802958646982354,28.30166180149907],[-16.803003135267478,28.30238446712744],[-16.802780167920226,28.302716334342758],[-16.802593816483537,28.302839650583206],[-16.80250091034112,28.302999562961904],[-16.80250566456019,28.303049314988325],[-16.80265101747319,28.30310688437421],[-16.80265004106335,28.303165086740314],[-16.80203880619751,28.303277877388773],[-16.801990309436473,28.303327357842267],[-16.802030435980356,28.303510854108705],[-16.802143101658498,28.303601235201977],[-16.802182272298175,28.303765503958488],[-16.80209385438081,28.30413369463277],[-16.802154889305854,28.30477840562219],[-16.801856655942544,28.304821870110253],[-16.801041079643873,28.304770636903136],[-16.80069181244297,28.30490799458705],[-16.800228914935765,28.304970413330565],[-16.8001420105995,28.30505954771391],[-16.8000478763613,28.30529461212647],[-16.799882021793096,28.305460863492804],[-16.799773996521004,28.30553105415962],[-16.799516505625732,28.305529666420544],[-16.79935580961545,28.305784378799654],[-16.799478766769568,28.30614084697672],[-16.799558662690874,28.306198632810233],[-16.799546200900966,28.30625186074973],[-16.79919027942726,28.306557698327893],[-16.79889981062088,28.306632729920494],[-16.79888550236409,28.306697443169593],[-16.798993844365963,28.30675503487779],[-16.79889419154618,28.307171381812715],[-16.79878872494697,28.307236213622694],[-16.799154982867545,28.30742315491906],[-16.799268977531177,28.307556025811227],[-16.799326663999175,28.307796668661883],[-16.79933597205228,28.307925595222105],[-16.79925307481296,28.30799247618979],[-16.79925851988885,28.308061531500204],[-16.79938215656633,28.30833099517329],[-16.79929259295895,28.308444078873805],[-16.799223444054217,28.308806779695065],[-16.79912159703902,28.30888681535242],[-16.798912159111566,28.308941917858252],[-16.798816312126103,28.309045247469843],[-16.798752734641308,28.309417982008334],[-16.798776285364667,28.309484362097823],[-16.799056325692046,28.30971016181901],[-16.79914339181621,28.3099211601688],[-16.799018831199,28.309982210021957],[-16.798210923645403,28.310138791847663],[-16.797187462880952,28.3102721903561],[-16.79702868625274,28.310500469489774],[-16.796808898277135,28.31058495335312],[-16.796078464760548,28.310487493754593],[-16.795470887059263,28.31053260627193],[-16.794951547202057,28.310665265731448],[-16.794239265554946,28.310558090857793],[-16.7936719900199,28.31061560655335],[-16.793407487789835,28.31058423941982],[-16.792961435874364,28.31067941536798],[-16.792481546890208,28.310863870918404],[-16.79177690868565,28.310792888078854],[-16.7915570116767,28.31098249981317],[-16.791399904975485,28.311041073293655],[-16.790652293859296,28.311035164509683],[-16.790354277000166,28.311257294721777],[-16.790046839538068,28.311263457521147],[-16.789749407467774,28.31151879778366],[-16.789568722292636,28.311495131816102],[-16.78935073108991,28.31133842903499],[-16.78916852841501,28.311340438928884],[-16.788970234612158,28.311460654195596],[-16.788528763181233,28.31200431610996],[-16.78835910104758,28.312110474217985],[-16.78758519350792,28.31238626684665],[-16.78713500595251,28.31271912822851],[-16.787115127113537,28.31289939931895],[-16.787273350757946,28.31328109193023],[-16.787398645824293,28.31350597358558],[-16.78757215012126,28.3136707885557],[-16.787610573755938,28.313833519466773],[-16.787728614580065,28.314840193555828],[-16.787619741515645,28.315830636224067],[-16.787720594734434,28.317003260079623],[-16.787684177009137,28.317125711621905],[-16.787433787545936,28.317378653184058],[-16.78726009201937,28.31739482609114],[-16.78696791522954,28.317532232723785],[-16.78697253994892,28.317591074723932],[-16.787218816508204,28.317878652915876],[-16.787263752252432,28.3181574882446],[-16.787207922093412,28.31836683765173],[-16.787033580113366,28.31862676907427],[-16.786946291256363,28.319125321688027],[-16.787431448077527,28.31961018539664],[-16.787294863184563,28.319784449817387],[-16.787120349664285,28.32017934417436],[-16.787214821638283,28.32078204952673],[-16.787136750758858,28.321420766355725],[-16.787012167960533,28.3216750490183],[-16.787278647472984,28.322344012106278],[-16.788191049168663,28.32371279541923],[-16.78817550157748,28.32394537844417],[-16.78810560003941,28.324034282893518],[-16.788172489359468,28.324146211632645],[-16.788173891039506,28.32426802314743],[-16.78841601114185,28.324528814131945],[-16.788473530861026,28.324652146066025],[-16.788196284247572,28.32469187810909],[-16.78824766231028,28.324867181145198],[-16.78843704124976,28.32513768778007],[-16.787890703570977,28.32523581708044],[-16.786816533216623,28.32574941180856],[-16.786215264503348,28.325765474623225],[-16.78623768223345,28.325445814872094],[-16.785839693437904,28.325442836441226],[-16.785724121044005,28.326279614906998],[-16.78609586157461,28.326373014884705],[-16.78606961013253,28.32646343623139],[-16.7855640095669,28.326666587935325],[-16.785460917510314,28.32714289218086],[-16.78510025807417,28.327712644703933],[-16.78495426927583,28.3278373881735],[-16.78495300904745,28.32817491949484],[-16.784287779791338,28.328113682838637],[-16.7839065537329,28.32820665702352],[-16.782708027826676,28.32877056012126],[-16.782241179010022,28.328927819821338],[-16.78162864679631,28.329350945865308],[-16.781546667547758,28.329480614934102],[-16.78153253044066,28.32972220354176],[-16.78061190915559,28.329445441500038],[-16.780089652943538,28.32935750094112],[-16.778827832148274,28.32945292518889],[-16.777713308873825,28.32985776210203],[-16.77728026026921,28.329940112888004],[-16.777108808387542,28.330075457406483],[-16.776912180942603,28.330134421764907],[-16.77672932793855,28.33004430284288],[-16.776571387968854,28.330053128269952],[-16.776313054758592,28.330196371672905],[-16.775070881890038,28.33053516621635],[-16.775000983787507,28.330606015380624],[-16.774104358239626,28.330813961936187],[-16.77372099266641,28.331028766314397]]]}},{"id":"125","type":"Feature","properties":{"categoria":"Reserva Natural Especial","nombre":"Las Palomas","codigo":"T-10"},"geometry":{"type":"MultiPolygon","coordinates":[[[[-16.465037659896467,28.40783104776932],[-16.46456551911533,28.407770879335526],[-16.464176956238028,28.407429801053627],[-16.463747053910186,28.40723112228642],[-16.463720595681846,28.40714495488573],[-16.46378028487256,28.406573771263457],[-16.463690532776965,28.40640085763542],[-16.463574206264017,28.40634043906833],[-16.46339862848683,28.406399734771707],[-16.463354482755513,28.406687948584903],[-16.46298358815654,28.407409964437267],[-16.462883908146985,28.40739181169972],[-16.462657328602692,28.40720940158114],[-16.462471166847756,28.40700290213186],[-16.46224841501518,28.406546880126797],[-16.4618618224423,28.40612318463839],[-16.461881269220605,28.405984304586514],[-16.462047321484746,28.405703329262316],[-16.46203092067355,28.405435151757747],[-16.4619248825702,28.40523851309468],[-16.461764367223473,28.405315343291665],[-16.46166238403968,28.405527048612086],[-16.46120085689544,28.405826329222627],[-16.461079132441213,28.40621663692953],[-16.461067159622964,28.406484433078067],[-16.461147360190164,28.407060947092084],[-16.46124622636364,28.407585050265695],[-16.46142972189286,28.40816922799828],[-16.46139809244623,28.408709333971828],[-16.46125846976824,28.408974546840202],[-16.46106072177051,28.40915999630039],[-16.46091879477986,28.40915029170155],[-16.460788814363287,28.40903224736813],[-16.460605191536576,28.408507852691027],[-16.459890841639467,28.407632068404403],[-16.45987039409,28.407399673530296],[-16.459766291715017,28.407130423192136],[-16.459336136905282,28.406776392120204],[-16.45917962180305,28.406729080725636],[-16.459060878386307,28.406793059695595],[-16.459103576457903,28.407166243306854],[-16.458939688017235,28.407671394751862],[-16.458943092471632,28.40851718591725],[-16.458864803165348,28.40872295861309],[-16.45878093180227,28.408793287532784],[-16.458529688993462,28.408698389778245],[-16.458168938691884,28.408420072835774],[-16.45765044293217,28.40748939992274],[-16.457309686247672,28.40708214978723],[-16.457202965854673,28.40704994383213],[-16.457139506151453,28.407233391183905],[-16.457272962187517,28.407731830132875],[-16.457261231993638,28.40782640384998],[-16.457113182285223,28.40833052642344],[-16.45706564002418,28.408791750936906],[-16.45685321323348,28.408999336790387],[-16.45689105412848,28.409245571230514],[-16.456804572027117,28.40965409922767],[-16.45734787615451,28.410610077743073],[-16.457466943099856,28.411158317454646],[-16.457867959651086,28.41183230037684],[-16.45777989548166,28.41192987540278],[-16.457463172349925,28.412060096120936],[-16.457377264506164,28.412435234172843],[-16.4572289874251,28.412506305662692],[-16.45692581358139,28.412419181046012],[-16.456227533307683,28.412031421295985],[-16.455566071331376,28.412066444442665],[-16.455498304631075,28.412151057568583],[-16.455708588526022,28.412554192245835],[-16.455727576970194,28.412746134631167],[-16.45565012086403,28.412886599753953],[-16.455459932831275,28.412934137574297],[-16.455313988378098,28.41291316168386],[-16.455071871519934,28.412783684167245],[-16.4545892664638,28.412366652938722],[-16.454554037633354,28.41198932671583],[-16.45447696756157,28.411774141992904],[-16.454321561359635,28.411592473952282],[-16.45412220868267,28.411485362488047],[-16.453943582306614,28.411078863649802],[-16.453948855580027,28.410964964063286],[-16.454096319113233,28.410608646802405],[-16.454078075151664,28.410427607507728],[-16.453978575189616,28.410288229522816],[-16.45367676732996,28.410068015937984],[-16.453612995302773,28.410038534625976],[-16.45332955418172,28.410073400701485],[-16.45322620112533,28.410027789493306],[-16.453128038295063,28.409913721159377],[-16.45300433246542,28.409540632536682],[-16.452862386185,28.409528022659476],[-16.452806611362714,28.409585602552113],[-16.4527316574043,28.410052416182623],[-16.452729064100016,28.410263307614958],[-16.45289911309859,28.41064237304028],[-16.45280464113358,28.41079800897543],[-16.45247349490345,28.410970393176],[-16.452244823792128,28.41117943598523],[-16.452081840739464,28.41122695869548],[-16.451889083472544,28.41107556832462],[-16.451681449261436,28.410702272238538],[-16.451513767059534,28.410651434021563],[-16.451102098331383,28.411138189216224],[-16.450879290645325,28.411158288780296],[-16.450172006387472,28.410970617691394],[-16.449758041873235,28.410099142552976],[-16.449107892442782,28.4096905260266],[-16.448935903088888,28.409546527497625],[-16.448778221296838,28.409288975301283],[-16.448391565609445,28.409369982770947],[-16.447876577443644,28.40901936219254],[-16.44736636640504,28.40888321708857],[-16.44714004435587,28.408546889630543],[-16.44701933433016,28.408547242732013],[-16.446911248913338,28.408703651210516],[-16.44695626289594,28.409076787939398],[-16.44701451513165,28.409259073079674],[-16.44717845392374,28.409428312826137],[-16.447237265814962,28.409585646330797],[-16.447133775843664,28.40998778858719],[-16.44702474505747,28.410112285180254],[-16.44691976829475,28.41013177589133],[-16.446253112576464,28.410020655109303],[-16.445883799557222,28.41005164339848],[-16.445769347317157,28.410124310872934],[-16.44573774460963,28.410252867017313],[-16.445850682791463,28.41057600552502],[-16.44612266722012,28.41078325948004],[-16.446158638071125,28.411239984299485],[-16.44633009144785,28.41151663493913],[-16.446473950338035,28.411656314665294],[-16.446729482794208,28.411747091738125],[-16.44676445613279,28.41180199931558],[-16.44694390035888,28.41231786650103],[-16.446964449818495,28.412502655032036],[-16.44687452887127,28.412619123644046],[-16.44650828753334,28.412725802361614],[-16.446462957353923,28.412961921993784],[-16.44633980401704,28.413064546698216],[-16.446071170156976,28.413124673550335],[-16.445731699229682,28.413086861788862],[-16.445323082485594,28.41278240345491],[-16.44516133426318,28.412773939820653],[-16.445095927246545,28.413642015985054],[-16.445224502675327,28.414141548233555],[-16.445224144411753,28.414354979216952],[-16.44505790182005,28.414499864738136],[-16.444847502479043,28.414797525602477],[-16.444744895352905,28.41485903061888],[-16.444822815168664,28.414429706858943],[-16.444762924769066,28.414394422174528],[-16.44461059462552,28.414415171767928],[-16.44462246412254,28.414206654672267],[-16.444556564676866,28.414097156495508],[-16.44441723252414,28.414082750305646],[-16.444197777093805,28.414151864379534],[-16.444252936715554,28.413906245936662],[-16.444230511841656,28.41381839812141],[-16.44377496497012,28.41394403108161],[-16.443955791444242,28.413779254388924],[-16.444059993982123,28.41342665779176],[-16.443979473004926,28.41341799637978],[-16.443683905172136,28.41353511838072],[-16.443563686357262,28.41351491303603],[-16.44356304893721,28.413084058027575],[-16.443146818760958,28.413223486662957],[-16.44329861371469,28.41271168468879],[-16.442901943804298,28.41278790950023],[-16.44301904136432,28.412623132444608],[-16.443006105159125,28.41249718783532],[-16.442748805758413,28.412545581653102],[-16.442739730286334,28.412380607342143],[-16.442572027947808,28.412396734123245],[-16.442250067036547,28.412334820381876],[-16.44240395093368,28.412309887399953],[-16.442417825831146,28.41212851487119],[-16.441829238218133,28.41169910305018],[-16.441528339758317,28.411301841531042],[-16.44154301007073,28.41109618287597],[-16.44134133709578,28.41095544906099],[-16.441398358334236,28.410801688178587],[-16.44117248825257,28.410705794610156],[-16.441141591374386,28.410414156967],[-16.44095878684226,28.41038522535333],[-16.44098775595901,28.410134830998683],[-16.44074594028855,28.410142804756298],[-16.440812712625526,28.41002314636815],[-16.44079101664485,28.40996624651167],[-16.43976415595914,28.409244442620132],[-16.439791469086714,28.40905254913443],[-16.439520358720358,28.408569769924267],[-16.43945549338865,28.40811332979547],[-16.43886747924999,28.407104480739367],[-16.43875782001522,28.406800046322168],[-16.438800816391048,28.40670356403257],[-16.439163709628296,28.406531319523676],[-16.43924438089106,28.406428031079244],[-16.439149990921145,28.40595439374904],[-16.438925617513874,28.405515161922747],[-16.439203520465867,28.40530816582256],[-16.43933052217195,28.404788867853828],[-16.439749126298498,28.404902492740593],[-16.440075875501865,28.404918713031417],[-16.440577029818954,28.40377037252965],[-16.44084757597273,28.4037821314159],[-16.44136915604715,28.403955220961063],[-16.4413747997767,28.403791534544165],[-16.441224809118392,28.403554225056098],[-16.441120620379,28.403262008844592],[-16.441323347786764,28.402516548866974],[-16.44133020541805,28.402336965236323],[-16.441279886606115,28.402208888742823],[-16.441055973561,28.4020148698422],[-16.440860116458083,28.401563335733968],[-16.440900272033506,28.401483489223725],[-16.441381853563026,28.401454747645307],[-16.442461447248576,28.40167391198145],[-16.442578994899275,28.40176165539367],[-16.44267314488806,28.402073651729676],[-16.443102511123563,28.40222126774136],[-16.443876366526677,28.40209050412649],[-16.4440824420018,28.40209779577787],[-16.44428403610311,28.40200044248551],[-16.444475146202386,28.40198803683267],[-16.44516190109226,28.402193385027903],[-16.445534052035796,28.402396744208488],[-16.446257287776717,28.402499624758512],[-16.446273038459704,28.40244936775254],[-16.44594360607651,28.401941859756636],[-16.44590816329256,28.401767147488233],[-16.445988761756595,28.40168930702686],[-16.446365797847402,28.401628625533903],[-16.446413994760718,28.40150988382928],[-16.44617342746433,28.401119752675914],[-16.446084738069843,28.4008197044818],[-16.445909484210272,28.40057896811472],[-16.44552404592632,28.400479089147662],[-16.445287563646122,28.4002767269887],[-16.44509988129163,28.40026319505245],[-16.4447388033419,28.399897353843812],[-16.443910753794192,28.39979377081106],[-16.443575767377137,28.399447324668746],[-16.443318725055125,28.399354201112452],[-16.44308506000903,28.399186010546654],[-16.442728713633436,28.398746738729816],[-16.442318089208015,28.398346487956065],[-16.44228914219241,28.3982439072493],[-16.44232010110546,28.39819357985714],[-16.44255055800237,28.398110093160042],[-16.443673445581343,28.397963992035532],[-16.443757430245775,28.397887561028504],[-16.443833711543277,28.397672043167727],[-16.444238118615598,28.397560897679895],[-16.4447495649884,28.397139322470046],[-16.44543828953217,28.397108550367076],[-16.445915138053515,28.397025963123948],[-16.446059257624846,28.396890950701795],[-16.44613995439388,28.39673792933722],[-16.446161264428078,28.396503318961194],[-16.446243043591483,28.396332325922664],[-16.446188043869643,28.396100240489446],[-16.44669140245292,28.395880818104185],[-16.446884164358732,28.395547546383693],[-16.44695401738743,28.39554310408321],[-16.447284600285748,28.395813506592994],[-16.44769421749734,28.39601140833975],[-16.448277110072627,28.396011890905122],[-16.44879750055534,28.39527414396972],[-16.448926779659978,28.395219069097134],[-16.449240556857898,28.39560426534085],[-16.449485949763897,28.395786670619323],[-16.449710339030585,28.396113070097154],[-16.45010048461665,28.396342218293803],[-16.450512982821085,28.39680361589864],[-16.450903929044138,28.397143672561725],[-16.451092585026384,28.397071717827973],[-16.451175846728614,28.396807837169742],[-16.451003340455372,28.395457973925836],[-16.451060672097803,28.395381010209586],[-16.45134579974075,28.39527346108045],[-16.451454077550537,28.39516030494341],[-16.45158746787637,28.394718003624778],[-16.451649141513226,28.394720053969603],[-16.4518042558063,28.39487580001663],[-16.452017905025322,28.395147707739124],[-16.452196082517506,28.395490299367708],[-16.45236735993569,28.395588743032764],[-16.452904577114914,28.395750160424686],[-16.453074794758816,28.39571847146249],[-16.453199047827493,28.39557193092865],[-16.453275405553935,28.395558029817106],[-16.454138989275663,28.395709552153892],[-16.454478186767897,28.395652772545215],[-16.454467718781864,28.39544674940563],[-16.454161316273396,28.394818078051575],[-16.454156191063227,28.394330502659074],[-16.453930603906134,28.39406657767807],[-16.45359242121546,28.393849593371254],[-16.453528575464187,28.393726467266536],[-16.453523981256843,28.393610425452536],[-16.45359740683452,28.39347898451712],[-16.453533364445764,28.393086368740477],[-16.45322428686155,28.3929422218991],[-16.453019855856883,28.392618719965565],[-16.452612869392574,28.392304336081146],[-16.45262446643893,28.39221998042289],[-16.452988655356897,28.392065691980054],[-16.45344734696605,28.391737598312197],[-16.453529253628815,28.39158379278686],[-16.453525695696104,28.39148758624704],[-16.45336797556024,28.391106962365008],[-16.453519917058802,28.39095109200394],[-16.453567291912275,28.3907640270642],[-16.453627762456684,28.3907169653592],[-16.45409395103562,28.390774958986842],[-16.454181565967907,28.39072394309273],[-16.454298449640934,28.39037300587687],[-16.45472340398172,28.389875540771666],[-16.454962503846794,28.389947219568413],[-16.455249083627194,28.390223045671682],[-16.455296308336603,28.390513864868588],[-16.455398293240375,28.390614579382806],[-16.455407848964416,28.390832949713133],[-16.455556053221045,28.391090280554963],[-16.455545493336782,28.39127875779115],[-16.45559844822489,28.391484660901362],[-16.455767964388052,28.391650907322028],[-16.456102422486158,28.39178302637083],[-16.456237743599203,28.392260148684496],[-16.45646516620189,28.392429782327717],[-16.456821047226295,28.392587816386346],[-16.45738865275925,28.39258763870752],[-16.457566160750808,28.393063143893738],[-16.457736764320636,28.39336960006268],[-16.45847706513823,28.39357173692411],[-16.458626308699696,28.393532946289078],[-16.45876792712313,28.393429237913235],[-16.458912982199394,28.393166613599487],[-16.458993877768876,28.392889568175796],[-16.45946297951991,28.393012574277172],[-16.459469069695732,28.393063022869267],[-16.459559153186184,28.393081994316265],[-16.46010881145566,28.393116284104238],[-16.460233165458124,28.39293932155165],[-16.460291377165493,28.39275218357212],[-16.460086266308736,28.392084967726742],[-16.46012516256104,28.39198528307097],[-16.46036723654182,28.39207677561603],[-16.460909822807963,28.392144233379852],[-16.46152316846677,28.392532369931033],[-16.46177591459185,28.392766992721302],[-16.462316438668992,28.392993950436228],[-16.462725355708603,28.39303865720002],[-16.46281090147071,28.39291443695378],[-16.46283858125297,28.39241282839477],[-16.462962751967904,28.392221425189252],[-16.46303994347494,28.391975716640165],[-16.462997765699352,28.391815440580707],[-16.46280055157055,28.391612172829486],[-16.462703631404597,28.391428964884405],[-16.462686687416934,28.391326223904024],[-16.462754779915876,28.391275592699273],[-16.4632211880037,28.3914003747767],[-16.463479517729596,28.39137795214048],[-16.46366794789041,28.39120998224789],[-16.464087273474085,28.391754097543306],[-16.46426357982519,28.392132712168475],[-16.46466742497378,28.39204626001068],[-16.464935466707708,28.392521458275937],[-16.465623225081142,28.392604303207136],[-16.46590848975776,28.392826564773237],[-16.465992416118432,28.392843784138602],[-16.46643457727569,28.392719631489086],[-16.46658850412524,28.392567642557786],[-16.466616441647105,28.392248402076856],[-16.466529665678454,28.391685345677317],[-16.466611924309724,28.391409490914906],[-16.46662372097792,28.391105442003628],[-16.466711775000995,28.39107267134748],[-16.466787244838244,28.391120675837342],[-16.467206190907287,28.391740614500552],[-16.468730961180462,28.3926197853336],[-16.46958959759801,28.3926527720132],[-16.469820039260693,28.392524096360734],[-16.469836644897626,28.392302223631106],[-16.469578539127347,28.392158178170813],[-16.469394244848726,28.392114868932833],[-16.469010704922635,28.391871337325252],[-16.468880926123596,28.391726980628786],[-16.46868358648928,28.391354005193943],[-16.468339203809172,28.390924104321783],[-16.468246650309585,28.39038818683658],[-16.468324457369704,28.39019181845448],[-16.468607809370624,28.38994225138759],[-16.46873724217882,28.389898834979206],[-16.46932796676706,28.3903262858994],[-16.469849081689553,28.39052512016411],[-16.4707200988219,28.39041302280836],[-16.4714562958652,28.39043763593543],[-16.471535482578034,28.390342323514002],[-16.4716290240205,28.389943746665065],[-16.471797133496704,28.389801210659158],[-16.47217798957053,28.38993408823819],[-16.47291242823591,28.390345538966606],[-16.473051464907375,28.390247620161293],[-16.473078171406947,28.389652547800168],[-16.473259237445347,28.389360765662392],[-16.47316075261405,28.389079542374443],[-16.473183716406176,28.389039763960525],[-16.47329593726978,28.389034570360106],[-16.4734640960354,28.38922351610142],[-16.47361622449365,28.38995937774374],[-16.473789125496047,28.390299903002497],[-16.473797707480152,28.390717394112713],[-16.473995719460866,28.390886982092447],[-16.474184174072356,28.39088876058336],[-16.474581159633786,28.390659422538505],[-16.474774251417042,28.39031646217467],[-16.475020874062942,28.390239831251613],[-16.47513459684599,28.390110109123352],[-16.475404410939394,28.389450391726538],[-16.475448495563242,28.388987792107002],[-16.47561778870477,28.388357908622464],[-16.47574388366169,28.388379647179384],[-16.475949927484347,28.388518405803296],[-16.476219932385586,28.388812732192125],[-16.476388947302798,28.389220731913564],[-16.476715549290144,28.38957274619952],[-16.4776919690311,28.39008790873841],[-16.477858553444385,28.39021859963836],[-16.477934462657654,28.39036197962251],[-16.477901114266704,28.390487339383732],[-16.477470342575288,28.391075594503164],[-16.47741664368519,28.391289314234022],[-16.477366392348685,28.39222043983332],[-16.47726294195687,28.392583794078906],[-16.47679712977258,28.393134368247342],[-16.47630674931002,28.394047439571274],[-16.476193607376324,28.39442399354252],[-16.476031026292045,28.395607802840825],[-16.476079203706842,28.395908566473306],[-16.477017654946795,28.39658812078424],[-16.477240311729794,28.39702633966995],[-16.477371530884177,28.39828864059364],[-16.477239239943255,28.399029322703655],[-16.4776154247653,28.399243433473597],[-16.477713419093792,28.399387656667884],[-16.477642064374443,28.399830480895872],[-16.477017162718067,28.40116699214721],[-16.476985877111698,28.40138763445072],[-16.47703543781768,28.401865689742202],[-16.477176784911574,28.402152825038183],[-16.477205502292833,28.402985360358496],[-16.477053511203295,28.402972180113547],[-16.477050225451617,28.402735306558043],[-16.47666249968975,28.402561264903785],[-16.476400855156573,28.402577639098755],[-16.47624541002277,28.40247779152861],[-16.47608574485387,28.4026487429449],[-16.474449707976202,28.402713846163255],[-16.47409192672163,28.402559779410375],[-16.47366699061445,28.40248540812265],[-16.47348484156576,28.40232267041785],[-16.473373438635488,28.402339669568374],[-16.472968106704577,28.40324430963731],[-16.472852532410144,28.403236534418195],[-16.47269683981249,28.40311863517467],[-16.472451617509595,28.403031035348427],[-16.471915890264967,28.402948831240895],[-16.471972403270527,28.403252818377013],[-16.4719505117414,28.4039073763552],[-16.471686618771788,28.404061399009382],[-16.47168212537283,28.404151698788944],[-16.471906493682827,28.40443807799596],[-16.472209929412205,28.404606275532938],[-16.472284179450128,28.404901045567183],[-16.47223457864834,28.405235511208588],[-16.471799156406284,28.405210885884276],[-16.47131833173737,28.405547754540795],[-16.47094105066714,28.405021604048404],[-16.47089154122252,28.40476266648211],[-16.470474594946594,28.404713018220715],[-16.470071096057872,28.404505283823067],[-16.469873738352767,28.404719504447378],[-16.46992203815757,28.40486789772148],[-16.470039389513477,28.405004264237295],[-16.469954594830696,28.405077380489697],[-16.469542654374507,28.404743383889336],[-16.46908034352636,28.40473483390184],[-16.468436073391924,28.404947103757472],[-16.468422927282933,28.405057803326734],[-16.46812322826743,28.405252818399934],[-16.467174243646024,28.405481904602205],[-16.467034131896348,28.40612419824893],[-16.46659476001462,28.406693001243333],[-16.46640908683174,28.407107900390432],[-16.466377245045713,28.40766780132695],[-16.466133396326605,28.40781934147175],[-16.465878458911924,28.407767935115473],[-16.46553238159124,28.407514443651703],[-16.465300640374036,28.407780922468174],[-16.465037659896467,28.40783104776932]]],[[[-16.44373969101227,28.41394844878862],[-16.443734647926014,28.413945902595504],[-16.443739893303622,28.413942765453],[-16.44373969101227,28.41394844878862]]]]}},{"id":"132","type":"Feature","properties":{"categoria":"Reserva Natural Especial","nombre":"Malpaís de Güímar","codigo":"T-5"},"geometry":{"type":"Polygon","coordinates":[[[-16.376859077596148,28.320456211300677],[-16.376551982778125,28.32062791504408],[-16.37619093461539,28.32113535648333],[-16.37530718486931,28.321652488699264],[-16.374743478179234,28.322137148991704],[-16.373946113281658,28.322528309933755],[-16.373894911666035,28.32262350221075],[-16.37390794153251,28.322978431861713],[-16.373637174184402,28.32333784277532],[-16.37338997105,28.32352309624145],[-16.37257473679184,28.324461551207893],[-16.371640312539196,28.325253722273217],[-16.37093578827551,28.325744568437408],[-16.369730784369803,28.326015249379395],[-16.369149317818927,28.32628020614811],[-16.368819081376554,28.326497964208134],[-16.36814204085107,28.326563961845395],[-16.367666556519332,28.326662413124005],[-16.36653664475018,28.3270120953731],[-16.366522986884043,28.3269608806698],[-16.366702715476524,28.326714491089493],[-16.365853023842345,28.326775437691975],[-16.365692867046914,28.326718016332602],[-16.3656083433735,28.326616963055642],[-16.366291219223235,28.326544419258585],[-16.3667037844342,28.32625571684605],[-16.36671328914503,28.32620137862141],[-16.366464573938007,28.326389523273473],[-16.366292700512734,28.326444944383706],[-16.36582190177252,28.326407330436986],[-16.36512729156401,28.32618413315381],[-16.36478265639375,28.32628911558696],[-16.36477000036028,28.326214350342774],[-16.364698595039552,28.32617810562416],[-16.36447162201472,28.326259167682213],[-16.36433319221428,28.326253051902757],[-16.364102441449464,28.3260486854373],[-16.36434396316257,28.32571407950487],[-16.36429875172523,28.325357286442202],[-16.364106089421654,28.32515918144219],[-16.363855491003534,28.325026738356332],[-16.363731839377333,28.324879713159486],[-16.36349803590385,28.32486673505863],[-16.363171873164934,28.324723790952632],[-16.362922487845232,28.32489332369884],[-16.362435349957963,28.324912282833427],[-16.360967278423377,28.321693196408063],[-16.360758302680853,28.321494012816306],[-16.360500140239044,28.321589007711292],[-16.360443563461445,28.321543359808135],[-16.36036413370533,28.321441080497227],[-16.3603742030572,28.32119855791114],[-16.36010484422358,28.321054940550304],[-16.360135639931304,28.32097430672837],[-16.359951439647503,28.320910256848805],[-16.359979552196393,28.320763041814327],[-16.35970117718284,28.320560035395257],[-16.35944599360917,28.320095419580586],[-16.35944145183864,28.319954848426658],[-16.359353021146234,28.31978614046024],[-16.359362924182584,28.31964271731917],[-16.35943103406209,28.319600973042267],[-16.359293163499327,28.31945848045543],[-16.359371551707873,28.319430984013348],[-16.35935193507716,28.319340111096263],[-16.35943900351658,28.319329497728017],[-16.359512610135262,28.319246813015127],[-16.359483535842003,28.31915811167395],[-16.35954197380105,28.319029548388944],[-16.359590131501683,28.3190068657411],[-16.359723274734808,28.319082255634374],[-16.359847105058275,28.31890701096051],[-16.359815417085976,28.318797306238487],[-16.359673519465243,28.318666946304184],[-16.35969598330538,28.318532696128365],[-16.35982419035053,28.318444954482167],[-16.359818554594984,28.31839464891726],[-16.359711182516328,28.31826033840949],[-16.359742485029987,28.31816345221933],[-16.35961921084486,28.31806188023906],[-16.359664120221655,28.31796025762119],[-16.35976862502937,28.317925372489498],[-16.359758109849746,28.31783639371256],[-16.359740728497886,28.317784941474606],[-16.359559004633926,28.317786842391794],[-16.359715879614143,28.31766758691915],[-16.359686818663167,28.317571934021107],[-16.359768460831276,28.31744774417143],[-16.359720644301085,28.31736058364119],[-16.359909800252012,28.31713342285635],[-16.359926792769038,28.317074046455613],[-16.359870418401727,28.316972080657163],[-16.35999046943868,28.316908606701297],[-16.359890499230914,28.31673875082195],[-16.360052044259803,28.316721978228404],[-16.360025101146633,28.316440110415606],[-16.3599485997876,28.3162872590813],[-16.36004315826026,28.315967808048455],[-16.360188974037726,28.315917617031577],[-16.360222110666783,28.315852574280182],[-16.36023602538153,28.315743859448627],[-16.360176148124754,28.315582809724276],[-16.360231757246932,28.315552742003767],[-16.360199535341838,28.315489163210238],[-16.360290903972658,28.315415958402337],[-16.36032595294511,28.315140781648303],[-16.360108801963474,28.31445818498827],[-16.360195225104984,28.314405156721627],[-16.36014284308621,28.314207930334668],[-16.359553968098194,28.313743027092784],[-16.359498590100706,28.31355864847385],[-16.359574001247157,28.313513943238373],[-16.359545298370563,28.313462332678753],[-16.35970836158366,28.313509355662703],[-16.359974843128004,28.31335624763559],[-16.36013999833687,28.313182935443436],[-16.360088169834086,28.31305321440211],[-16.360194051510355,28.31287841879552],[-16.360154104622463,28.31257619298416],[-16.360232106479952,28.31243876976754],[-16.360339431752944,28.31244961377576],[-16.360406938635638,28.31231274623289],[-16.360344184239224,28.312214001149936],[-16.36051128144073,28.312121359164365],[-16.360501908524625,28.312025962905135],[-16.360641685057562,28.311814095338338],[-16.36041690882104,28.311597648875303],[-16.360563579016915,28.311446634641296],[-16.360456896554,28.31144616334441],[-16.360470300138672,28.311385469141506],[-16.3607976028842,28.311187977804206],[-16.36098663176393,28.311127788786997],[-16.361174824424324,28.310962009121543],[-16.361316814851488,28.31093216251533],[-16.361419832402582,28.310797108539923],[-16.36141088973307,28.310671469621855],[-16.36147358145342,28.310565157413325],[-16.361455446303946,28.310502521350354],[-16.36132430477623,28.310503287904424],[-16.361321127414264,28.310429944080532],[-16.36138648576891,28.31034084097633],[-16.361366545272503,28.31024049592769],[-16.361487569613946,28.310158059466843],[-16.361410831277034,28.310098354110828],[-16.361472453352224,28.309972104968196],[-16.361371657382744,28.309921213868556],[-16.36137316708014,28.309751429608582],[-16.3614892038473,28.309677797349252],[-16.361419828458963,28.309507546786257],[-16.36166254433776,28.30924302596667],[-16.361675473628313,28.309113108921743],[-16.361760744805043,28.30907417206552],[-16.3617087975174,28.30885501051053],[-16.36173778201394,28.30876861793811],[-16.361947080065363,28.308674921436328],[-16.362007789046956,28.308461133932322],[-16.361928741356074,28.30819603356316],[-16.36203003046418,28.30802958406251],[-16.36208179710935,28.307690251247795],[-16.361710197836597,28.30743564970327],[-16.361447235950195,28.30747942894152],[-16.3613974142606,28.30737902106062],[-16.361328620827607,28.307358407171343],[-16.361492145418467,28.307089983031563],[-16.361423884186593,28.30691899906287],[-16.361253741980295,28.306803815839913],[-16.361222825949415,28.306730476464438],[-16.361364947395874,28.306551166677288],[-16.36131226850869,28.30649880286277],[-16.36194371962741,28.30613999573478],[-16.36210612767636,28.30597790962315],[-16.3621337861299,28.30581794751586],[-16.362085770674675,28.30549423097614],[-16.361901143081322,28.305256934230865],[-16.36188306807512,28.30505479922074],[-16.36176793692087,28.305008582208323],[-16.361773376081764,28.30484635792134],[-16.3617179294659,28.30481023179799],[-16.36166101107803,28.304442352302168],[-16.36179046242455,28.304320651960783],[-16.362003619161097,28.304219930880244],[-16.36260497825215,28.304137104390843],[-16.362611180204492,28.303945991367943],[-16.362668178353395,28.30384780463865],[-16.363040902564254,28.303735488515517],[-16.36307029639414,28.30369339817976],[-16.36301303157753,28.30357301782913],[-16.363134435201836,28.303535415010742],[-16.363159302628187,28.303463828811932],[-16.363579393308978,28.303126629133452],[-16.363638343893278,28.30283716208686],[-16.363829653146567,28.302726069281466],[-16.364302484386325,28.30221907698925],[-16.36435547148634,28.30194017272409],[-16.364506104239474,28.301664917045425],[-16.364591104786196,28.301651504240294],[-16.3651146365698,28.301291232812236],[-16.365361599778474,28.30123368250847],[-16.365546101322895,28.301051462487084],[-16.365840298790733,28.30111755571493],[-16.3660639531982,28.301025351768427],[-16.366779371535173,28.30107349909472],[-16.36745831481597,28.301022826946976],[-16.36774516103332,28.300770966180192],[-16.367796879007738,28.300439033935096],[-16.36804472624041,28.300363191534572],[-16.368331847728175,28.300376993305594],[-16.368419283127704,28.300268805545706],[-16.368421539630305,28.300050671516985],[-16.368512011148532,28.299971017595897],[-16.369556277196892,28.29985822411164],[-16.369806700504547,28.299752849721905],[-16.36989409817492,28.29944765780903],[-16.370016266841482,28.299254570093044],[-16.37026556481984,28.299216715442707],[-16.370308907017325,28.29910479016806],[-16.370526479628055,28.298954622933067],[-16.370524597980207,28.29882449467481],[-16.370344332928497,28.298729198824812],[-16.370378615165766,28.298636785976797],[-16.370315911480365,28.29859615070116],[-16.37034209231407,28.29853693534393],[-16.370300935455187,28.298421315148367],[-16.370895260523877,28.298605919728907],[-16.37137589792289,28.298099377498737],[-16.3715326325476,28.298090889616436],[-16.37192378611447,28.297805150503837],[-16.373654787885062,28.299100296582125],[-16.373383340299092,28.29937920324457],[-16.373931902183703,28.299950993906553],[-16.37422966823475,28.300192478732253],[-16.375570836759156,28.301601095145063],[-16.375924568339517,28.302057612181194],[-16.37601636981504,28.302573746241105],[-16.37564092669385,28.303306389665824],[-16.375541490858833,28.303597442945076],[-16.375702946594604,28.30397675303282],[-16.375864596638237,28.3041713916762],[-16.37542272806777,28.304425091233636],[-16.375724406911342,28.305052632624317],[-16.375432197657467,28.305156499947117],[-16.376371595962024,28.30663096153619],[-16.376402151242196,28.306767973689112],[-16.377804022961364,28.308900803565525],[-16.379533048057255,28.30989039793759],[-16.379863069369,28.31016730167526],[-16.380109740293033,28.310489091571053],[-16.380597827075366,28.311309802572953],[-16.380658548787636,28.31150251134323],[-16.38065543456637,28.311979899858596],[-16.380848478114157,28.312736715140364],[-16.381310687026847,28.31353448878864],[-16.381321508611897,28.31383522401077],[-16.381109500187776,28.31447625267523],[-16.380892050233147,28.31494885844828],[-16.38081435076457,28.315526279458517],[-16.380662185100405,28.315890334520528],[-16.380542529466226,28.31604564496755],[-16.380420114559673,28.316398784674128],[-16.380224655855503,28.316576757524963],[-16.379730554789102,28.31720387672827],[-16.379461753648286,28.317633858242612],[-16.37855421338923,28.31827986351674],[-16.37806777459402,28.319280732767456],[-16.377132270042797,28.320093440371796],[-16.376859077596148,28.320456211300677]]]}}]}