{"type":"FeatureCollection","features":[{"id":"3","type":"Feature","properties":{"categoria":"Reserva Natural Integral","nombre":"Roques de Salmor","codigo":"H-2"},"geometry":{"type":"MultiPolygon","coordinates":[[[[-17.993807516527472,27.822411219789632],[-17.993740846773022,27.822532820113047],[-17.993689359694788,27.82253114109319],[-17.993715468962602,27.822403024181494],[-17.993807516527472,27.822411219789632]]],[[[-17.996259892863183,27.824410775629747],[-17.99605968267504,27.824428384393048],[-17.99598520604531,27.824203045722616],[-17.99584487965465,27.82402568298817],[-17.995063705335753,27.823533978778606],[-17.995183048269272,27.823472032539968],[-17.995609753615895,27.823005065751182],[-17.99613053433925,27.82284545844097],[-17.996469416008075,27.82287129330335],[-17.996828892817557,27.823155478503278],[-17.99684780007304,27.82334134139581],[-17.996555054946953,27.823524954014147],[-17.99633296042735,27.823743023336338],[-17.996314986799597,27.823886479146864],[-17.996417212134826,27.823929000431683],[-17.996590776964794,27.82390547525154],[-17.996820892232655,27.823790967202513],[-17.996891717082192,27.823680370515515],[-17.99697553161378,27.823673227505754],[-17.99705966379981,27.823733009757593],[-17.99709264214748,27.82392506163124],[-17.99706246131956,27.82410793173345],[-17.996798191595857,27.824341982384354],[-17.996956004699207,27.82445410662014],[-17.99693146261002,27.824591120192455],[-17.996863808002416,27.82465465116798],[-17.996713717601878,27.82466846586557],[-17.996493679808033,27.824599638457194],[-17.996259892863183,27.824410775629747]]],[[[-17.994545716639884,27.823610713274153],[-17.994701351981266,27.823547618770945],[-17.99485805308037,27.82363415146294],[-17.99490111525829,27.823735419099872],[-17.994878643637986,27.824106740711727],[-17.994715733121314,27.823838489112383],[-17.994558024427878,27.823726359850568],[-17.994545716639884,27.823610713274153]]],[[[-17.993551968924653,27.8226711444509],[-17.993394242289796,27.822898276275616],[-17.993175896056687,27.82295001104291],[-17.993093699808757,27.822849772261595],[-17.993056554158002,27.822657177970186],[-17.99293422840686,27.82274724096218],[-17.992885449090565,27.82272592833936],[-17.99300981683771,27.82257718761521],[-17.99299836420658,27.822463055723265],[-17.992876380656575,27.82242880826399],[-17.992637375530137,27.822618733920002],[-17.99248771258721,27.822659145187828],[-17.99239737560254,27.82258019058836],[-17.992336968758774,27.82242724972964],[-17.992197738301982,27.822522459658973],[-17.991975719005943,27.822514285599084],[-17.99194339400303,27.82246402064092],[-17.991970061504066,27.822234994062956],[-17.992261427008728,27.821748649551044],[-17.99260037733305,27.8215737857663],[-17.992810770320844,27.82155027845314],[-17.99285748966599,27.82162963787001],[-17.992735479825438,27.821797721421976],[-17.992523687489488,27.821918139568712],[-17.992503042638106,27.822049475395545],[-17.99262599118309,27.82194884526673],[-17.9927524254934,27.82195304825047],[-17.99279814117264,27.822054980789154],[-17.99297646964305,27.82199807117383],[-17.993035765381457,27.822069851019716],[-17.9930306289391,27.822259754501868],[-17.99309437205514,27.82219784371201],[-17.993171714569193,27.822250649629517],[-17.993323124611464,27.82217781603906],[-17.993318296391653,27.822286528019127],[-17.993396714539674,27.822319375083712],[-17.993507708535564,27.822167676772665],[-17.993613736677354,27.822167721284462],[-17.993650375749077,27.822227273546705],[-17.993591415450062,27.822378384049685],[-17.993630325168926,27.822446727158987],[-17.993551968924653,27.8226711444509]]]]}},{"id":"6","type":"Feature","properties":{"categoria":"Reserva Natural Integral","nombre":"Mencáfete","codigo":"H-1"},"geometry":{"type":"Polygon","coordinates":[[[-18.101442731665202,27.74231415721522],[-18.100465218891337,27.742113925076247],[-18.099383731965332,27.742262209061934],[-18.09919360365107,27.742189260662474],[-18.098299918936828,27.741551642196992],[-18.097910316368967,27.741354807348554],[-18.0978310944161,27.74121361431538],[-18.097208433495428,27.74112464984169],[-18.097082689419768,27.740879955712582],[-18.09674069147942,27.740964380164463],[-18.096735214598752,27.74126875140269],[-18.096577387385004,27.741348327215054],[-18.09634936273265,27.74136552291282],[-18.095731001796924,27.74129954691521],[-18.09539767807516,27.741196155321603],[-18.095334801131962,27.74113090482282],[-18.095371065283437,27.74105459421603],[-18.09534801648425,27.740913584688666],[-18.09525965247811,27.740828970474297],[-18.09514165237828,27.740804101695318],[-18.094458702000857,27.740992129751746],[-18.094264887382266,27.740942799284564],[-18.09410951712476,27.741073461474283],[-18.093780701798917,27.741086414791326],[-18.093690120633685,27.741005817996367],[-18.093625207633057,27.74102269542119],[-18.093416818676392,27.741203703342993],[-18.093120816054377,27.7413158637697],[-18.092983891469895,27.741493016675395],[-18.092699580938923,27.741703234080322],[-18.092513347355116,27.741628024147982],[-18.092330928030695,27.741350587328252],[-18.092195396435425,27.741566314549917],[-18.092065839607503,27.74162757342548],[-18.09191983778728,27.741885388112415],[-18.09174347583291,27.741861731884796],[-18.09173366522178,27.74190560882843],[-18.0918599690197,27.742055674670397],[-18.09169701990948,27.74216584781442],[-18.09165478696806,27.742411328559047],[-18.09117450749199,27.74265767770142],[-18.090690446664084,27.74273795880021],[-18.090652315130523,27.74285237515473],[-18.090557977977873,27.74292231627217],[-18.090591629041384,27.743094299514876],[-18.090468908969115,27.743074673852608],[-18.090204630437547,27.742892513293185],[-18.08978134183416,27.743031867420576],[-18.089218100472443,27.743044007531804],[-18.089152777847623,27.74297105140581],[-18.089015985326526,27.742546373334655],[-18.08899348079928,27.74201144006419],[-18.08876878435622,27.741791138514543],[-18.08843629109132,27.741659568330988],[-18.088289183770513,27.741447544413926],[-18.08815944204769,27.741448459012982],[-18.088040111021932,27.741552421690805],[-18.087909166064374,27.741553813953733],[-18.08757483432763,27.741371408954993],[-18.087175911154237,27.741400525447627],[-18.08694774637874,27.74111102323902],[-18.08688469467793,27.740917235146583],[-18.086814739785506,27.740845283206067],[-18.086859946344973,27.74057186458181],[-18.086846646784377,27.74015795564511],[-18.086895563423063,27.739969333904217],[-18.087082838296986,27.739575029030863],[-18.08746375347624,27.739033699599226],[-18.08763010163532,27.738645183505756],[-18.088255453509976,27.73750829270635],[-18.087522921924112,27.737864717738056],[-18.08683085835354,27.737682904020538],[-18.085733711569592,27.73770307205547],[-18.08554900460568,27.73766362800174],[-18.08440439125599,27.73782691287112],[-18.083923304970348,27.73783605387737],[-18.08377606347272,27.7377901780088],[-18.083629274955072,27.73796065799725],[-18.083336794661516,27.737982066074498],[-18.083089422829065,27.73785219108634],[-18.082826954000797,27.73756425785371],[-18.082716831422687,27.7373689914123],[-18.082500601667984,27.73714975222841],[-18.082315108514006,27.737035543871023],[-18.08211408454005,27.73673703823504],[-18.081075998349107,27.736060574981483],[-18.080851228808204,27.736070726415022],[-18.08050418775501,27.736332559963472],[-18.080403569839657,27.73635590956092],[-18.078957171145102,27.73646552870772],[-18.078718349381415,27.736372618148657],[-18.078396385988665,27.736376541599874],[-18.07825586192106,27.73661383574956],[-18.0779203730455,27.736901023370418],[-18.076923133138987,27.737031107626052],[-18.07638732157304,27.736896545602498],[-18.075993301755613,27.736706599049647],[-18.075337521693168,27.73652364796393],[-18.07513443546246,27.73640720498246],[-18.07485682350932,27.736366024568312],[-18.07453609556233,27.73615053957144],[-18.074322767511532,27.736156637411806],[-18.07411403082346,27.736264832021874],[-18.073733508470504,27.736140155538347],[-18.073344930135,27.736194257701236],[-18.073214731318593,27.73625091307696],[-18.072918520922514,27.7365438007125],[-18.072650030658544,27.73672277742499],[-18.07246481288808,27.737242671727742],[-18.072335080343073,27.737445985066312],[-18.071961815433074,27.737800207422918],[-18.07162603389625,27.738001875479416],[-18.071375212567684,27.738253602500563],[-18.070456321512943,27.737764292855083],[-18.069837315233034,27.73718682778102],[-18.068651523780986,27.736771661624292],[-18.068232274976413,27.73654308618021],[-18.068049208822085,27.73635618169199],[-18.06781983545561,27.736221756233228],[-18.066749743317565,27.73569881943242],[-18.06647752049726,27.73538239313186],[-18.066079484613557,27.73518078862616],[-18.065861520093495,27.73519253260671],[-18.068106392996103,27.726161752804625],[-18.06854784809879,27.72620992268014],[-18.068918672381805,27.72635753587718],[-18.069539265319413,27.72623905190435],[-18.069713707922176,27.72626832554244],[-18.07003344098189,27.726449749746884],[-18.07042203644357,27.72633233621169],[-18.070786220977947,27.726396319921957],[-18.070958389527274,27.726481074810028],[-18.071206174106187,27.726702971496344],[-18.071617355862468,27.726892012037354],[-18.071941018907253,27.727227770865884],[-18.07207929343922,27.72729307195099],[-18.072687830402362,27.72735522872815],[-18.0728541616236,27.727239139748047],[-18.073213041304264,27.727204282616984],[-18.07367118550045,27.726978965369135],[-18.074065717154433,27.727177749492583],[-18.07490791333899,27.727326707349008],[-18.075773449915385,27.727808438175007],[-18.076248715443104,27.727925590488482],[-18.07642093609456,27.72806969008063],[-18.076970566864247,27.727990618765418],[-18.07715960394844,27.728044140873564],[-18.0774481255142,27.728221731383044],[-18.077966338728785,27.72830661219314],[-18.077990434481308,27.728531451961356],[-18.078180704640676,27.728599696329777],[-18.078356312222635,27.728737944932366],[-18.078677695192955,27.72870697516736],[-18.079237499237802,27.728748088012455],[-18.079700602610956,27.72868130614218],[-18.079950849493034,27.728759348740013],[-18.080084499650162,27.72886903363074],[-18.080499962423794,27.729000492153595],[-18.08119038758981,27.729000350505633],[-18.081343916116307,27.729074322059873],[-18.082046068978656,27.729645524673238],[-18.082264770065056,27.729726340743756],[-18.082444367536315,27.729934040465135],[-18.08301190310358,27.729839121020103],[-18.083423907244686,27.730034690775557],[-18.084308564397613,27.730048962866316],[-18.084680957849965,27.7300978421718],[-18.084982582819556,27.73019664785876],[-18.085654604106086,27.73052874649672],[-18.085991215340115,27.73063154963747],[-18.086411819149536,27.73066446461576],[-18.086521302280936,27.73056748883982],[-18.086690874943308,27.730635052354486],[-18.087087311557895,27.730641354134626],[-18.08737861006415,27.730794424796336],[-18.08795287522723,27.730710804490304],[-18.088013910207412,27.73073972772879],[-18.088054220573174,27.730869292588228],[-18.08878305498783,27.73102255353775],[-18.089659580842106,27.730813182259453],[-18.090471109185838,27.730804333489242],[-18.090730883523257,27.73085679612597],[-18.091054667201895,27.731054404543272],[-18.09124888765863,27.73125517997164],[-18.09134754419579,27.731431843468368],[-18.091357571264645,27.73162176403131],[-18.09129882945647,27.731846200072837],[-18.090944555775135,27.732183285233035],[-18.090915496134773,27.732743040119775],[-18.091085084172402,27.733063991597373],[-18.091317938605172,27.733289772563474],[-18.091413043726153,27.73345116298774],[-18.091376842809176,27.733604034238645],[-18.091540154388532,27.733877102064152],[-18.091958864418057,27.733920387723312],[-18.092171592845116,27.734163818858907],[-18.092400456257344,27.73421480101911],[-18.09311302508228,27.734595886650123],[-18.09464218862334,27.73474668375414],[-18.09578021505681,27.73501601865054],[-18.09634169789016,27.735240671803115],[-18.096522618508704,27.73537922717083],[-18.096812090089763,27.73539520235422],[-18.097412155380603,27.73580092227643],[-18.097586936913302,27.735833537094322],[-18.098017873118916,27.7360874471045],[-18.09832857032521,27.736122607095908],[-18.098627352653057,27.736223880288716],[-18.098879356792395,27.736391597334432],[-18.10004066591955,27.736579513727296],[-18.10046672510297,27.736718248022093],[-18.100805141547117,27.736905129999595],[-18.10134813810789,27.73698477225648],[-18.10162082703754,27.737127394944622],[-18.101800506725333,27.737157458874034],[-18.102323650568064,27.737448612843174],[-18.10249562024503,27.737485613939878],[-18.102693772508918,27.737713072603537],[-18.102967263490076,27.737858831431538],[-18.103559756001616,27.737983797836367],[-18.10390801366522,27.738357906033936],[-18.104629613472945,27.738833374957586],[-18.10466761141712,27.73890774890131],[-18.10499721341796,27.739137212074386],[-18.105258256926398,27.73926565642391],[-18.105564080260372,27.73959306913872],[-18.105839591678524,27.739681138064665],[-18.106097724982114,27.739906972653653],[-18.106322932763458,27.740187125920034],[-18.107066899749807,27.740627991106564],[-18.10749083932974,27.740784068330772],[-18.107878412064004,27.74104460247219],[-18.10822825562027,27.74117961288126],[-18.108526502832028,27.741549418158897],[-18.10858390399408,27.741713105256974],[-18.10898265027128,27.74202974285121],[-18.109060846494078,27.74217356746423],[-18.109435052907003,27.742352314881398],[-18.10989779909995,27.742664189243083],[-18.10994343865284,27.74280748304362],[-18.109911449572714,27.742998165150194],[-18.109942392103157,27.743091638180875],[-18.110575795886064,27.7432868287444],[-18.110802917448552,27.743448226622583],[-18.110929097248537,27.743617939792507],[-18.11107284299947,27.743995349800045],[-18.111422441945987,27.744213972558786],[-18.111676683690106,27.744519620046542],[-18.111771670721776,27.744530019110112],[-18.111946631727363,27.74439727323798],[-18.112184709223996,27.74448391633935],[-18.112253392646284,27.74467088835815],[-18.112485219687816,27.74491552228633],[-18.11261652744082,27.745147717181045],[-18.112787340229406,27.745820462540387],[-18.11304649125927,27.74606321699428],[-18.11326982798854,27.746134044149304],[-18.11339258765929,27.746254582290675],[-18.113512259837428,27.746437608474512],[-18.113436209048654,27.746458534593142],[-18.113427897453487,27.74651203023232],[-18.113594531801645,27.746653047312392],[-18.11385101302532,27.747036933395634],[-18.113894873823337,27.74720651376923],[-18.114015045894654,27.747317999312475],[-18.11421511941517,27.747394219780602],[-18.114213282092617,27.74750773310674],[-18.113973675498904,27.747609827436495],[-18.113839086146847,27.74779677864546],[-18.113944367934668,27.747951444867905],[-18.114035203827214,27.748296668873834],[-18.114220328091992,27.74856706643359],[-18.114218160089308,27.74890753100743],[-18.114685126278378,27.749323382565226],[-18.11523899520622,27.74994960434788],[-18.115581252610955,27.750226288816336],[-18.11606369996847,27.750462738664595],[-18.11627887464282,27.75062746225437],[-18.116386752698205,27.750791177857153],[-18.116392566232264,27.750945379138585],[-18.11652806376368,27.751046504188135],[-18.11650287856041,27.75109487829655],[-18.11657410883519,27.75115731376351],[-18.116564515749246,27.751233388427544],[-18.116752824235594,27.751462127772093],[-18.116938739387358,27.7520123938845],[-18.11706528491734,27.752247577136423],[-18.117565348713715,27.752550281365934],[-18.118242952854523,27.753226463938578],[-18.1183038179641,27.753369771084024],[-18.118468499427063,27.753512809650765],[-18.118632070379896,27.753919076601417],[-18.118588620323393,27.754013143722002],[-18.118507004423424,27.75409860128161],[-18.118310910740373,27.75410203497689],[-18.118261181530755,27.75425325012761],[-18.118075078795876,27.75442928121899],[-18.117604147312825,27.75451928444996],[-18.1177111342251,27.75461951790165],[-18.11818979809034,27.754775766157106],[-18.117999562887775,27.755080696062652],[-18.118153410870626,27.755153082148656],[-18.118566429080367,27.755083686932398],[-18.118711320679104,27.75513354414483],[-18.118825390723668,27.755002163646243],[-18.119049869893917,27.755069616870877],[-18.1191857261495,27.75525768345799],[-18.120162932095035,27.756095854379666],[-18.12020448187306,27.756148404538862],[-18.12018978710902,27.756265906057713],[-18.120315327898783,27.756387275965686],[-18.12040490806649,27.756417454088986],[-18.12045353400205,27.756355561102698],[-18.12062700835707,27.75642984611824],[-18.120654447021256,27.756513743606373],[-18.1212710656525,27.75709432115018],[-18.121970440534543,27.757487123651554],[-18.122320758835293,27.757618565363803],[-18.12250837393534,27.757847040393703],[-18.122391478687973,27.75800013561525],[-18.122411471500406,27.758039822642065],[-18.122569977871155,27.758069162983453],[-18.12287024591615,27.758347406964972],[-18.12301433148142,27.758372382355482],[-18.123487737148835,27.758595747949574],[-18.123840710943767,27.758819940890753],[-18.12377376275773,27.759145451978988],[-18.12378287014552,27.759506766351304],[-18.12370306337777,27.760205543837355],[-18.123437134307824,27.760625483122322],[-18.123514063880876,27.761398017714157],[-18.123331949394423,27.761962653624614],[-18.123336679387663,27.762093591899262],[-18.123074504443515,27.762090046070146],[-18.12273203196554,27.761992435165816],[-18.122657118560408,27.76207476717096],[-18.122397139266916,27.762064317718686],[-18.121968904560813,27.7617969932621],[-18.12168128832832,27.761688668877895],[-18.12140343422835,27.761368244002337],[-18.12112150947654,27.7613278003809],[-18.12098562480395,27.76123859608434],[-18.12074023753405,27.76125261864546],[-18.120388524186723,27.761026495229146],[-18.120037675725325,27.760990492564805],[-18.119299088776973,27.760776982094374],[-18.119174129433382,27.760704576957213],[-18.118895308767645,27.76031083570277],[-18.11871231127946,27.75995624207546],[-18.11855981956489,27.75986768066726],[-18.118235582687706,27.75979048242849],[-18.118178099465958,27.759566821263483],[-18.118066525051187,27.75944459309116],[-18.11771305284874,27.759415949567067],[-18.117338218073257,27.759253298991663],[-18.11729800927604,27.75916599071452],[-18.117316228017444,27.759022612614395],[-18.117171319167607,27.75886207920427],[-18.116873018820232,27.75883381209364],[-18.11634051806115,27.758607155876806],[-18.115286464399613,27.75834923400584],[-18.115060017499488,27.75839438903703],[-18.11475126919716,27.758177293333194],[-18.114518406476577,27.757822825087196],[-18.11427045978403,27.757554566921865],[-18.114262763219415,27.75748014488712],[-18.114364676057036,27.757427155037178],[-18.114328655491413,27.757333707871467],[-18.113772311887193,27.757042002876062],[-18.113424473499194,27.75695810850422],[-18.113370956783935,27.756905374806006],[-18.114034619782373,27.756842701484917],[-18.11467680378797,27.75664538942806],[-18.115061150179592,27.75682560301943],[-18.115380799973106,27.756827595757738],[-18.115547555418566,27.756459787729945],[-18.11546075514202,27.756235342840853],[-18.11573153060572,27.756162578693758],[-18.115848430024105,27.756069832433553],[-18.115876360171246,27.755797519841277],[-18.115786335292754,27.75563782134823],[-18.11562409260371,27.755551911459474],[-18.11494276414762,27.755435491934172],[-18.11451008522707,27.75512449459189],[-18.114478268076034,27.754858219320134],[-18.114111853568495,27.75470213387809],[-18.11416750724519,27.754513082665603],[-18.114289414520204,27.754339856497413],[-18.11423998172319,27.754245358530248],[-18.114308784566774,27.754176247746102],[-18.114518292247592,27.75410622022647],[-18.114442794606493,27.75397586901394],[-18.11457513154326,27.75372032538257],[-18.114741273367066,27.753605092651824],[-18.11495385822312,27.75363601935732],[-18.115075121110632,27.753603970381477],[-18.11538441721548,27.753328290464697],[-18.11499912195999,27.753125007166606],[-18.114687374414544,27.7527593280345],[-18.114357623013024,27.752580227082287],[-18.113794618017305,27.752092846056332],[-18.113346015575342,27.751934190250793],[-18.112727141597073,27.75187741657261],[-18.112530017882793,27.75177686407222],[-18.112363032485458,27.75161664140002],[-18.11205298842222,27.751467127275447],[-18.11188901832827,27.75125605325404],[-18.11181796647292,27.751046584641344],[-18.111880139600242,27.750366787692396],[-18.112017000320307,27.75011691727256],[-18.1120062231488,27.74997689846807],[-18.111945742675083,27.749918006747006],[-18.111143376884304,27.749533600538186],[-18.110919147445216,27.74927833057314],[-18.11048996385091,27.7492850156738],[-18.11010234854759,27.7491882961506],[-18.10962446417388,27.748705203730925],[-18.10950517312378,27.74849266984082],[-18.109426903456562,27.748474857595543],[-18.109166083931303,27.74857282104883],[-18.108991263649063,27.7485610595615],[-18.10809669619444,27.747928312023824],[-18.10786327243933,27.747591969056003],[-18.107904392404052,27.747262650709214],[-18.108061926429656,27.746922293738585],[-18.10792508415357,27.746602164559192],[-18.107748390885067,27.746381629083064],[-18.10759240520728,27.74629042631699],[-18.10722187356489,27.746337815075222],[-18.10655048676763,27.745773099865403],[-18.106328299492432,27.745899684900913],[-18.1061323351749,27.745792962489027],[-18.106106138468782,27.745663030942776],[-18.106038210931146,27.745602319241403],[-18.10574269568821,27.745660104722578],[-18.105534437932512,27.745634567701188],[-18.105311908368087,27.74545628046106],[-18.104943850894667,27.74540862602566],[-18.10449526251116,27.74516334586152],[-18.10411334263515,27.745077304408618],[-18.103878316396422,27.744890816460472],[-18.103433336495335,27.744897652959047],[-18.103053777280483,27.744587406403056],[-18.102791511804064,27.744727243264602],[-18.102633116965038,27.74470815904632],[-18.10264502635453,27.744541831916795],[-18.102580101301253,27.74446535599224],[-18.10257215513757,27.744338892393962],[-18.10215297172022,27.74424357930804],[-18.10215765618747,27.74396732001776],[-18.102493977270242,27.743521211440104],[-18.10265647182916,27.743098409979076],[-18.10287948676515,27.742810086389373],[-18.102910690318257,27.74252606912468],[-18.102873470623628,27.742452212400575],[-18.10261551595729,27.742407440196004],[-18.102369968953226,27.742486015095484],[-18.102029624558988,27.742417795694656],[-18.101744183989922,27.742458839335292],[-18.101573939981627,27.742425767877894],[-18.101442731665202,27.74231415721522]]]}},{"id":"47","type":"Feature","properties":{"categoria":"Reserva Natural Integral","nombre":"Barranco Oscuro","codigo":"C-02"},"geometry":{"type":"Polygon","coordinates":[[[-15.591274599949804,28.069227011522198],[-15.590536789856445,28.068938328562364],[-15.590243691773713,28.06901162409337],[-15.589324856846787,28.068942182784255],[-15.589101702332567,28.068834366003152],[-15.58885044540783,28.068574475199195],[-15.588708000649314,28.06850153464561],[-15.587647593691496,28.06842491691122],[-15.586797861054189,28.06845772689173],[-15.58684545961391,28.06831947439542],[-15.587422742648199,28.067768889420055],[-15.588703758770974,28.067241554371936],[-15.58891277387069,28.067032000121085],[-15.588932682775418,28.0668217223702],[-15.589076474836691,28.06644793163745],[-15.589734520547545,28.065987350144464],[-15.590150256886556,28.065880309467303],[-15.590825479547556,28.066163396732804],[-15.590738424146618,28.06561347095179],[-15.590916693539365,28.06516289121098],[-15.591067045983287,28.064539041899664],[-15.591347510693437,28.064108449519914],[-15.591374352070664,28.06380660831426],[-15.591338377910086,28.06357033857875],[-15.591402763988636,28.063583484305802],[-15.591488965619492,28.063744875784298],[-15.591582728574023,28.063770622847812],[-15.591860886187645,28.063484317000118],[-15.592252767190637,28.063301068128737],[-15.59269792420771,28.063183602200247],[-15.593260245180373,28.063143197124845],[-15.593489922859252,28.063443262018996],[-15.594029544926792,28.063701418703527],[-15.594201491417369,28.06308120073996],[-15.594360450262114,28.062971322782275],[-15.59478260359604,28.062964448506868],[-15.594541047443762,28.062762325384693],[-15.59465702919092,28.062498597445888],[-15.594538340484656,28.062122507412685],[-15.59443805591074,28.062021027455675],[-15.594383104288527,28.061706495843307],[-15.594437819738967,28.061571215879948],[-15.59474488986464,28.061267393167544],[-15.594887788668549,28.061190956785186],[-15.59533133400878,28.06060582147671],[-15.595763711619504,28.06015172318955],[-15.595777832953251,28.05996665468549],[-15.59563369349562,28.059684727649124],[-15.595688510990849,28.059092213882842],[-15.595845357354149,28.058929048299515],[-15.59610173116632,28.05877108329931],[-15.596694292206587,28.058609346366293],[-15.596843102826112,28.058635058278718],[-15.597142293663893,28.058952047511585],[-15.597373924968931,28.05899780854957],[-15.597400611044952,28.05940729906491],[-15.59727306053309,28.05948353586837],[-15.596951675987915,28.05954443913588],[-15.596908614858448,28.059618710476013],[-15.597346002627734,28.06033780830386],[-15.597331414696278,28.060496899419448],[-15.596908384195679,28.060903146213825],[-15.596894176498411,28.061425895011595],[-15.596760686316612,28.06145898130655],[-15.596403774925248,28.061279126718873],[-15.596263279763626,28.0613115117767],[-15.596227089832603,28.061509963783532],[-15.596310347772171,28.06169751605603],[-15.596319440282393,28.061869927262194],[-15.596081301593639,28.062058568298173],[-15.596095241161317,28.06237178778243],[-15.596049229100984,28.062516481795146],[-15.595750395474694,28.062612453389484],[-15.595648365023125,28.062711398070064],[-15.595344546991539,28.063151352980427],[-15.59526944006217,28.06338291276693],[-15.595327589378215,28.06359381882338],[-15.595684693816885,28.0637485442464],[-15.59571874937584,28.06381231624013],[-15.596229380035023,28.063844420020185],[-15.596019593670714,28.064153952957593],[-15.596050930118006,28.064285538004267],[-15.596197750093038,28.06451339036136],[-15.596208368078356,28.064785163414395],[-15.596101988604913,28.06489294662446],[-15.595607474202422,28.065095563177962],[-15.595375462445496,28.065452005244545],[-15.595140426581258,28.06567357952287],[-15.594952701653941,28.065941590563376],[-15.594747247394658,28.06609484648344],[-15.594050612775693,28.066229737276586],[-15.593814291335994,28.06636080176199],[-15.593634346570848,28.066247280903397],[-15.593289086362603,28.066198935711668],[-15.592852940644567,28.06641957874156],[-15.59278409410935,28.06650077546681],[-15.592953926716186,28.066666895955304],[-15.592989370943904,28.06680207471883],[-15.59285364185121,28.067051660007817],[-15.592812922671177,28.067286680671927],[-15.592553110483491,28.067449420675537],[-15.592392965857282,28.067667480502212],[-15.592044938930528,28.0678967495982],[-15.591602035750041,28.068039190400953],[-15.591051573190883,28.068469799504722],[-15.591051149493776,28.0685709030337],[-15.591283132575954,28.06891552738923],[-15.591274599949804,28.069227011522198]]]}},{"id":"51","type":"Feature","properties":{"categoria":"Reserva Natural Integral","nombre":"Inagua","codigo":"C-01"},"geometry":{"type":"Polygon","coordinates":[[[-15.702738638796335,27.968650422769326],[-15.702640254365598,27.96853018065403],[-15.702502776366838,27.968477307645603],[-15.7021948090587,27.968574339720693],[-15.701943542357665,27.968584729996284],[-15.701476965307439,27.968782380600807],[-15.701314405901204,27.968775256511535],[-15.701078493601118,27.968543788923146],[-15.700663604833915,27.968256597273516],[-15.700409741598397,27.9678396165894],[-15.700051335986698,27.96775882578053],[-15.69945793749449,27.967916096224936],[-15.698741656640157,27.967915546988372],[-15.698604651514085,27.967859914420284],[-15.698003128064263,27.967816749106625],[-15.6977818917698,27.967968657591936],[-15.69760533294378,27.967985151437514],[-15.697487918972914,27.967962493214056],[-15.697377111187173,27.967831911152228],[-15.697227574600776,27.967800605189574],[-15.697009905656532,27.96787811219712],[-15.696464041305825,27.968215523824917],[-15.696055539904286,27.968367077431093],[-15.695264810526607,27.96849645073954],[-15.694659157070282,27.968523187493016],[-15.694541398829355,27.96862777258818],[-15.69441369105274,27.968877561387018],[-15.694256559258882,27.968959091487715],[-15.69370518332687,27.968742192242065],[-15.69297329831811,27.96866499860771],[-15.69252306890469,27.968549842600012],[-15.692195562628253,27.968365173964493],[-15.691740958580978,27.967841151814063],[-15.691508357037481,27.9676406945946],[-15.691435665550994,27.967363751392842],[-15.691343143375187,27.967242316088132],[-15.69100451046968,27.96711995039672],[-15.69078834609346,27.96697443777],[-15.690774598628387,27.966830508545964],[-15.690949915324323,27.966414820944316],[-15.690954965113574,27.96623714478974],[-15.690934213191488,27.965890613275253],[-15.690764080244291,27.96545977053755],[-15.690437757177241,27.96533126639207],[-15.690151814595472,27.965109554029528],[-15.689504485336283,27.963999231468264],[-15.689322138417467,27.96397443618443],[-15.689092338477655,27.96405935746105],[-15.688859611383728,27.96406442232216],[-15.688388443787035,27.964000919312202],[-15.688272487205019,27.963905741157593],[-15.688244093803915,27.963709022840675],[-15.68772824821783,27.963554604612874],[-15.687533467294585,27.963569732219792],[-15.687302236801141,27.963470669781792],[-15.687289406476298,27.963300584332607],[-15.687196176966285,27.96319459475882],[-15.686995058940454,27.963159355614753],[-15.686642201583417,27.963231599375405],[-15.686274267505233,27.96313204371763],[-15.686054220963886,27.96298451167569],[-15.685797562063335,27.962886421971564],[-15.68538489345441,27.962580414078367],[-15.685151306703306,27.962477875279344],[-15.684812141066972,27.962013184399844],[-15.68466115606624,27.961882647204135],[-15.684451425418503,27.96187083605832],[-15.683787871336792,27.96209684848696],[-15.683335768816987,27.962010990785572],[-15.682923001712268,27.961868608000714],[-15.682786682614932,27.961764426948754],[-15.682544836042487,27.96174453961903],[-15.682318692474379,27.96163502629947],[-15.682021098850226,27.961182696767626],[-15.681769219450585,27.960963830743975],[-15.681552422369872,27.960969391002795],[-15.68140469742188,27.96088764292814],[-15.681350848697086,27.960757054312797],[-15.681674210941875,27.960444057979164],[-15.681676093949491,27.960225956596574],[-15.681045025240552,27.95956267246217],[-15.68021897650685,27.959373372516833],[-15.680033121231503,27.959254412538094],[-15.67995570587351,27.959022683985125],[-15.67996650926262,27.958773918905948],[-15.679807758405072,27.958437463707302],[-15.679785420088303,27.957727835671363],[-15.679688676409313,27.957578239690488],[-15.67940563478266,27.95736818886715],[-15.679301406777144,27.957088216534494],[-15.679312550938548,27.956971613987438],[-15.679507425458349,27.956635416459946],[-15.679506880049587,27.956522337971215],[-15.679405973778708,27.956331165897716],[-15.67956921630673,27.95603817415846],[-15.679699512932853,27.955961559558137],[-15.679659064668233,27.95563245444909],[-15.679836190572098,27.95534243592673],[-15.679800114432982,27.95521796030394],[-15.679696184300976,27.95511521375153],[-15.679730600765117,27.954922795813218],[-15.679665054732633,27.95468971742785],[-15.679743519911588,27.954414484918995],[-15.679601229995166,27.954059370324263],[-15.67961115904744,27.953852711335326],[-15.680000326692133,27.953501850603516],[-15.680136911269454,27.95328712755173],[-15.680353160789203,27.95311880658622],[-15.68036370350296,27.953010277017974],[-15.680220747737422,27.95241592368684],[-15.680549254582544,27.951889145089165],[-15.680830967355726,27.951655947626683],[-15.680863269226121,27.951463982131237],[-15.68076953393154,27.951119099740335],[-15.68077152827276,27.9508924850439],[-15.680935908427724,27.95077943927074],[-15.681150687981203,27.950326015499424],[-15.681498432269539,27.95009306765797],[-15.68152459221539,27.949797421157392],[-15.681472370108319,27.94962061503177],[-15.68161405689991,27.949416688611926],[-15.681746846033594,27.949327304622603],[-15.681781612068212,27.949155772835994],[-15.681776914674039,27.94892578805021],[-15.681614758296407,27.9484372371644],[-15.681581688327586,27.94807586936287],[-15.681426296327283,27.94775771454451],[-15.680995047551253,27.94716365990515],[-15.680646890090058,27.94702298068505],[-15.680484205230433,27.946854257738156],[-15.680251689528927,27.94671855743296],[-15.680113712589609,27.946527983925836],[-15.679956071422305,27.946463163358683],[-15.679344670216535,27.946484957985895],[-15.67907754733675,27.946448877000886],[-15.678802603081731,27.946514496247644],[-15.678367022250125,27.9465108660257],[-15.67784286752541,27.946752338675832],[-15.677384818607214,27.94666693196609],[-15.67704290427871,27.946791227828474],[-15.676388196631372,27.946754293993216],[-15.676179811752037,27.94687866278308],[-15.675948910027566,27.94693930279169],[-15.675751308311282,27.946914852826342],[-15.675621600780646,27.946748381392712],[-15.675122597552987,27.946769172337714],[-15.674980616676047,27.946796444077783],[-15.674917389845241,27.94685871548915],[-15.674883477816676,27.9470776965492],[-15.67476258654864,27.94725334099378],[-15.674699069256118,27.947239497953344],[-15.674442839656976,27.946970520825438],[-15.674205301355762,27.946905534398688],[-15.673716838356873,27.946924679884283],[-15.673356036005767,27.94701686874596],[-15.673031512309066,27.946956485236296],[-15.672804516145424,27.946991545418296],[-15.672311839594041,27.94696073295674],[-15.672067986679663,27.94697896664734],[-15.671909949061885,27.947066243981595],[-15.671808967209246,27.947069490054037],[-15.671675240362271,27.946906356387974],[-15.671379311147586,27.946814496672147],[-15.671233364759201,27.946700375668303],[-15.671088637841333,27.94670454762876],[-15.67041509551508,27.94691277876615],[-15.670128600087683,27.94708431491398],[-15.669571828438423,27.946916160643983],[-15.668460319346373,27.946998544708922],[-15.667985911496759,27.947104983185014],[-15.667817939797116,27.94708499987083],[-15.667598713118013,27.9469291735495],[-15.667231300223717,27.94692912231944],[-15.667096778566888,27.946979594381308],[-15.666872478574287,27.94716266586835],[-15.666454767551471,27.947262036109997],[-15.66633624513723,27.94737542053874],[-15.666252052790885,27.947596809524697],[-15.666152902551325,27.94771312409185],[-15.665613617478641,27.947720643348333],[-15.665353941811556,27.947811446724796],[-15.665206437586892,27.948052783874584],[-15.665154124763456,27.948347777946196],[-15.664955621364014,27.94868400053015],[-15.664996775246918,27.94907963661729],[-15.664850945813425,27.949103540454285],[-15.66448750690292,27.9490298654911],[-15.66421343686646,27.949084772576445],[-15.66411656344862,27.9492780571515],[-15.663911895345445,27.949268645272298],[-15.663648772311097,27.94911566028485],[-15.6635122693558,27.94911212975808],[-15.662754415277702,27.949734962082964],[-15.66244476014321,27.94982267871028],[-15.662283297196252,27.949933657521957],[-15.661632765797464,27.9501040384847],[-15.661455199020107,27.950378446747955],[-15.661127623120755,27.950511896207647],[-15.660793751429622,27.950519700897406],[-15.66039293939415,27.950325349790706],[-15.660242474839595,27.950323029450885],[-15.659856970372006,27.95047593616694],[-15.659561551169917,27.950524924390916],[-15.65928771149001,27.950679063741525],[-15.659062700906093,27.950721755827495],[-15.65856668268212,27.95063169305408],[-15.658226932543602,27.95024353108721],[-15.658230369452982,27.950055933039632],[-15.65803645120246,27.949676912593716],[-15.657923085025889,27.94893552303554],[-15.657800829775661,27.948589018025128],[-15.65787749060521,27.948406757047426],[-15.657779610498936,27.948291407992514],[-15.657749684098109,27.948049897400942],[-15.657928708367347,27.947699695848065],[-15.657822166153045,27.947681338508136],[-15.657773783315397,27.947564579383496],[-15.658316230472522,27.947133021956535],[-15.658467181089069,27.946948058333493],[-15.658505336455846,27.94676959197286],[-15.658039250217621,27.94661700705485],[-15.657084347612264,27.946065864000808],[-15.656975161773346,27.94596311583633],[-15.656677470436287,27.94546660495022],[-15.656656952173009,27.945200224762107],[-15.656427577354037,27.945208720801205],[-15.655968299811846,27.94490281718902],[-15.6557245739591,27.944807208432135],[-15.655393210283984,27.944742708390798],[-15.654920197097038,27.944737196116552],[-15.654688136154158,27.944873254060322],[-15.654499077979985,27.94489211678485],[-15.654452779244778,27.94496852507753],[-15.654277139463003,27.944987504252328],[-15.65398967343972,27.94534227863211],[-15.65365789409657,27.945985496111117],[-15.653134807332775,27.94632558994571],[-15.652664916335862,27.946451669394687],[-15.65256486268771,27.94653158162884],[-15.651894741671384,27.946509751595357],[-15.65164550192557,27.946562475983235],[-15.651163918602958,27.94645137511247],[-15.650800900352225,27.94646527820937],[-15.650413288673283,27.946378464514925],[-15.65016179196241,27.946614536057883],[-15.649214017782066,27.947044904626317],[-15.648035258626436,27.9471992241136],[-15.647565041342595,27.947561976803964],[-15.64745275828,27.94770567380145],[-15.646856133656197,27.94799219843798],[-15.646565095461481,27.94850359349104],[-15.646514536599389,27.94870224529712],[-15.646399901412968,27.948775722116093],[-15.645778826156834,27.948576250798165],[-15.645189433279203,27.94849045915925],[-15.645096003368998,27.948420395817294],[-15.645085637886242,27.948506472102153],[-15.644665201769595,27.948986694343255],[-15.644445551669698,27.949333458505272],[-15.644266186056331,27.949736723600775],[-15.643909188417974,27.950184961709123],[-15.64383238598726,27.950210416120697],[-15.643767022401512,27.95015917741488],[-15.643234797212457,27.950080873400108],[-15.642931308166023,27.949987146180653],[-15.642550411085367,27.950039746911475],[-15.641943305558701,27.95000231881433],[-15.641329948915068,27.94987031373686],[-15.640914870169532,27.94969486550681],[-15.640330887312658,27.94999240652079],[-15.640164986247457,27.950371772398256],[-15.639844251028968,27.95055967208337],[-15.639839014760764,27.95080956501329],[-15.640015793752543,27.951257567815645],[-15.640021803447219,27.95194919191494],[-15.639869354802723,27.95217972916914],[-15.639864061181967,27.95233366484975],[-15.639787598939769,27.952400007946252],[-15.639748262931121,27.952556178064043],[-15.63962345122113,27.952681060469196],[-15.639623586477374,27.952842011999305],[-15.639547744593738,27.95297921435935],[-15.6392257447966,27.95338539238185],[-15.638607275029912,27.95354470181976],[-15.638426541890507,27.954256058673103],[-15.638153235244657,27.954507645939664],[-15.637992941552257,27.954546302598064],[-15.637288057907814,27.954412266754865],[-15.637178853348361,27.954408529624985],[-15.637086775644546,27.954464923508525],[-15.636617358531208,27.955166330148796],[-15.636367945717126,27.955662345953318],[-15.635890626125683,27.955988352002443],[-15.635478542160227,27.95582343550776],[-15.634927766611955,27.95542797504847],[-15.634561708713196,27.955257968822988],[-15.634148879622146,27.954860334499926],[-15.6337963590941,27.95467522475919],[-15.633743013174282,27.954449812309065],[-15.633632150082878,27.954266468869072],[-15.63292644805343,27.953718984632747],[-15.632726845083907,27.953662273648703],[-15.632476363174096,27.953743585029358],[-15.631671585911299,27.953166805292373],[-15.631617044246205,27.953045966738276],[-15.631814650477374,27.952899670181843],[-15.631849315951603,27.952763455367528],[-15.631085793123239,27.949905165881127],[-15.631097357055964,27.949656110600973],[-15.631185477812549,27.949426347177255],[-15.631303973078934,27.949360953444366],[-15.631998295195963,27.94952112107574],[-15.632530444256238,27.949793965909773],[-15.633076577647184,27.95034463309262],[-15.633375849929243,27.950431215996396],[-15.634250709653816,27.950143666209208],[-15.63570904210165,27.9497892894512],[-15.635932121537495,27.949665491197237],[-15.635975536280005,27.949437808973872],[-15.635816594617157,27.949182030530007],[-15.634828387189886,27.94849721341954],[-15.634771618979265,27.94835737534358],[-15.634625040931112,27.94734658788647],[-15.634644226213302,27.947234130673895],[-15.634730291622526,27.947155162401206],[-15.635507990403287,27.947032272942685],[-15.635622644161675,27.946947105963435],[-15.635666822398417,27.946745707009082],[-15.635463376038114,27.946388163887235],[-15.634370371805828,27.944902801656095],[-15.634298287914367,27.94475783426922],[-15.634306248163973,27.944592710762183],[-15.634389983597723,27.94441799439882],[-15.63455256090716,27.944240170391932],[-15.634774042517837,27.944098616150217],[-15.634966124391255,27.9440714435975],[-15.635356275323147,27.94417522410734],[-15.635626160812443,27.944134259294728],[-15.635754500456223,27.943998188635423],[-15.63581009679672,27.943771461079752],[-15.635741898105875,27.943536783651165],[-15.635393013933571,27.943202876526247],[-15.635301757194934,27.943029833691046],[-15.635432185691636,27.942226040156243],[-15.635395444644548,27.942061845013193],[-15.634591720192315,27.941033578156357],[-15.634586571355605,27.940653454235],[-15.63466130156339,27.9404168173938],[-15.63511173083325,27.93973763849169],[-15.635303354117926,27.93966468239471],[-15.635527147671949,27.939690658594266],[-15.635920735552276,27.939915312305608],[-15.636364857560135,27.94024646729112],[-15.636534956573163,27.940299121223656],[-15.63670951462646,27.940280115567603],[-15.637087935911772,27.940136531929816],[-15.63761718303412,27.940197921431523],[-15.637972292711536,27.94007293074919],[-15.638076304811939,27.939863165412305],[-15.637865086555573,27.93865567333711],[-15.637896357213222,27.93833113196459],[-15.638104008363644,27.938101243516982],[-15.638601954513758,27.937874775024785],[-15.638728422434435,27.937698846776488],[-15.638824666249478,27.936950092900883],[-15.639011388322599,27.93653600366024],[-15.639088646757548,27.93584669958788],[-15.639211888372204,27.935651576262103],[-15.639297435421305,27.935597161173455],[-15.6394482302251,27.93560036070284],[-15.639876930181062,27.935989205034335],[-15.640060842790655,27.9360686550515],[-15.640375781091986,27.93605982471328],[-15.640794113113731,27.935927455632747],[-15.641750265257006,27.93602063955236],[-15.641941437169582,27.93589726930091],[-15.642079138976056,27.9356731894619],[-15.64244338796276,27.93544704170002],[-15.642504236034611,27.93536544203321],[-15.642530457878891,27.935179578860655],[-15.642468835087307,27.934745267497874],[-15.642716016055772,27.934413651341178],[-15.642969723303315,27.934329706871562],[-15.643915366900108,27.9342743034472],[-15.644109104565358,27.934200603171124],[-15.64464651758054,27.93385765989812],[-15.645178859700032,27.933818336430708],[-15.645332949875641,27.933695712983408],[-15.645564075442033,27.933181892613785],[-15.645737851997106,27.93308835189286],[-15.645901882524061,27.933051474395267],[-15.647397030397748,27.9330493643312],[-15.647667271024497,27.932902938508658],[-15.648193375540988,27.93249720639034],[-15.649402913192274,27.931999280489222],[-15.649616441804046,27.931949310642338],[-15.64982919548199,27.93198051543512],[-15.650456033999003,27.932244034903015],[-15.65084744316923,27.932345455151527],[-15.651275773880364,27.932315563618374],[-15.652562586416344,27.932014828878646],[-15.652753527870562,27.93207285258181],[-15.653222635344845,27.932387938252432],[-15.653397284734865,27.932440838742597],[-15.653652433011318,27.93243978137714],[-15.654206164705686,27.932305140341537],[-15.654310363494812,27.93232515477095],[-15.654445973239733,27.932484253123956],[-15.654528726282816,27.933020418832637],[-15.654734550513432,27.933199846049654],[-15.654906088426111,27.933221850762468],[-15.65510402035028,27.933171070963876],[-15.655530188875124,27.932863423109872],[-15.655803351130867,27.932748309469908],[-15.655908548998681,27.93277207317544],[-15.656403866702798,27.933089776236734],[-15.656588878571856,27.93310782396762],[-15.65675635106492,27.93302223429047],[-15.656831180789723,27.93291846351098],[-15.65698776726658,27.931678347594044],[-15.657713204336188,27.931111596876693],[-15.658030107483212,27.931050639898466],[-15.658270946360652,27.931104021343508],[-15.658483584163301,27.931253503786603],[-15.65859593244433,27.93143755168318],[-15.658696209945134,27.93180320021682],[-15.65885705054956,27.93191177546534],[-15.659411556438629,27.931906232804604],[-15.66019598313386,27.932083728626434],[-15.661931020062166,27.93198109440854],[-15.66206397687507,27.932130087594395],[-15.662224663852404,27.932853058352823],[-15.662426467028679,27.933011117218285],[-15.662636695076571,27.93303061524558],[-15.662925120534034,27.932832934020205],[-15.663267983346401,27.932415605762596],[-15.66351939876831,27.932096353807243],[-15.664175480195142,27.93096330307329],[-15.665076298675665,27.929991256472224],[-15.66645618833033,27.929631727675055],[-15.667086210987899,27.92908546602625],[-15.667396220110275,27.928906745154492],[-15.667708700140238,27.92889540912631],[-15.668243958105007,27.929173743686285],[-15.668481983570718,27.929192655675596],[-15.66866925789291,27.929129929360887],[-15.669183705896826,27.92877487950868],[-15.669379502179327,27.928485486916266],[-15.669669975361328,27.92748951128982],[-15.669826103120815,27.927281346702546],[-15.670115320919582,27.927114564379668],[-15.670357089193368,27.926871029777505],[-15.670532078359434,27.926580590384496],[-15.671154118167355,27.925824199627733],[-15.671297852517842,27.925167052443772],[-15.671519788845336,27.92497503955342],[-15.671808115386568,27.92492523955525],[-15.672291788681946,27.92496260761937],[-15.673217204866969,27.925487135481667],[-15.673443363184866,27.925717699905533],[-15.674697626533739,27.927844831581403],[-15.674852361520665,27.927966985629908],[-15.675125019416418,27.928086828306636],[-15.675621084904705,27.92812714777954],[-15.677768357860659,27.927569198085127],[-15.678436982118633,27.927040749315164],[-15.678747877013587,27.926672647682683],[-15.678874879736917,27.925866087964213],[-15.679387384565622,27.924896016049175],[-15.679737932343077,27.924296470973704],[-15.679997161577997,27.924140359687737],[-15.680257231971739,27.924097632383475],[-15.68098040050315,27.924156589226794],[-15.681571739165056,27.924482104049243],[-15.681814051081847,27.924722251608017],[-15.681978855845735,27.92517553164992],[-15.682215685864595,27.92554901682136],[-15.682473716025164,27.925799195555193],[-15.682752414017381,27.925928814611368],[-15.68293785691103,27.92593916096924],[-15.683143801600743,27.925870689672113],[-15.683496142287233,27.925557400720162],[-15.683673966738235,27.9254650923847],[-15.684520528415595,27.925340286561422],[-15.68470613303686,27.925273213926957],[-15.684954615111966,27.924988168596066],[-15.685135319137311,27.924250375204593],[-15.685715770480778,27.923389702027357],[-15.685947942143818,27.923200928172296],[-15.686311540957643,27.923150587662345],[-15.68663291561112,27.92298015343112],[-15.686833572750706,27.92274848527982],[-15.687121615692844,27.92255308486504],[-15.68754713840714,27.92190739733279],[-15.68761325981541,27.92187554488043],[-15.687933777034598,27.92197836922817],[-15.68812000233857,27.92209081856912],[-15.688214228796747,27.92240795489054],[-15.688377469123385,27.922713336077308],[-15.68845922298093,27.92304107808948],[-15.688777523215068,27.92321035042007],[-15.68876136295574,27.92350521789801],[-15.688810377120483,27.92367323661807],[-15.689011566485641,27.9240357668532],[-15.689245287579281,27.924274644235464],[-15.689217315862543,27.92468439459825],[-15.689280878053292,27.924835306309458],[-15.689579309665238,27.92504684132731],[-15.690193354764926,27.925179107912513],[-15.69035496167499,27.925328218837553],[-15.69015757712747,27.92604905909409],[-15.690213238063382,27.92628694015173],[-15.69072063590144,27.926630023165927],[-15.691071166883487,27.92705159604279],[-15.691536495758458,27.927142563713755],[-15.691671518195289,27.927230711589505],[-15.691758686517014,27.927356363233315],[-15.691776126350137,27.92757017992273],[-15.691543888251694,27.927821791872574],[-15.691493045017506,27.92813387654712],[-15.6915616696137,27.928440595090297],[-15.691810010037033,27.928754354731247],[-15.691653967042162,27.928969476015503],[-15.691628497462546,27.929106814610396],[-15.69189203007905,27.929450250807953],[-15.691741657991805,27.92961435909322],[-15.691654285806948,27.92980819275046],[-15.691654101175482,27.92998353447086],[-15.691738657676416,27.930212621704193],[-15.691600742545763,27.93044020843817],[-15.691555651651601,27.93081624763942],[-15.691597465571606,27.931027053199344],[-15.691454041873573,27.93113032029091],[-15.691428909855789,27.931266510690318],[-15.691648965210737,27.931577803617746],[-15.691838739077829,27.93170481734756],[-15.69195823311979,27.931725304096993],[-15.692067205040653,27.93165124953017],[-15.692399342615087,27.93120241779616],[-15.692839537890846,27.930766329450687],[-15.69313816695791,27.93057186528114],[-15.693377941952958,27.93030330516719],[-15.693714889570476,27.93030363036171],[-15.69405716390643,27.930501375775542],[-15.694237090176612,27.930512312326403],[-15.694333772567456,27.930449565599435],[-15.694421046808552,27.929958055978254],[-15.694666428560886,27.929626068659825],[-15.694740183706951,27.92910602941078],[-15.69436353754631,27.928519945154346],[-15.69421915046743,27.928391983880864],[-15.694056966560487,27.92792499416953],[-15.694085615837949,27.92787863146086],[-15.694653651239516,27.92778028886064],[-15.694836312744588,27.9276379682515],[-15.694692101756116,27.927260860871804],[-15.694841111316029,27.9263763279975],[-15.694947039945006,27.92628841201507],[-15.695214099106138,27.926216725737174],[-15.695929699147927,27.926385563970204],[-15.696133654008893,27.92629007456318],[-15.696575371628779,27.926277586600417],[-15.696715493767359,27.926219104954964],[-15.696797371442967,27.926127553989073],[-15.696801044571508,27.925815994985864],[-15.696873178649863,27.92562512385794],[-15.696796073938854,27.925164486087738],[-15.696898201635042,27.924962919638002],[-15.69702431527906,27.924828103884888],[-15.697265927545525,27.924722600861635],[-15.697438214466542,27.92471017400058],[-15.697669449551084,27.92478829625906],[-15.697790531777857,27.924732690301934],[-15.69807244174672,27.92431266095488],[-15.69823481584801,27.923693974635363],[-15.698327185735602,27.923581390789256],[-15.698517040890444,27.923503878998087],[-15.699848202297451,27.923237143814504],[-15.700333024161806,27.92359142734023],[-15.700541296222715,27.924006242863257],[-15.700711745856532,27.924071634143697],[-15.700818708932522,27.92400022788289],[-15.700876426159617,27.923888540833378],[-15.700848092713036,27.92346640120165],[-15.700902575177187,27.923294430127175],[-15.701453503543243,27.922865026881034],[-15.701579228198135,27.922491751336956],[-15.701689984840156,27.92234083318093],[-15.70256391829581,27.921750561226215],[-15.703487760112475,27.921788020361067],[-15.70366189815609,27.921688772546133],[-15.703857504565974,27.92146159227928],[-15.703985532567991,27.9214171750547],[-15.704152776676027,27.921430474577896],[-15.704250007584994,27.921507826484252],[-15.704428162226515,27.92195003361506],[-15.70451681034276,27.922029595694003],[-15.704726858357526,27.92202361051952],[-15.704953492250556,27.921716832262305],[-15.70508838212373,27.921627316045413],[-15.705184468642365,27.9216284129248],[-15.705277223915894,27.92171127542866],[-15.705488345354677,27.92214941264652],[-15.70565282190492,27.92228722505999],[-15.705865322462836,27.922330188093234],[-15.706126391591209,27.922168241410926],[-15.706237971861734,27.922151348530036],[-15.706843954225944,27.92234047946628],[-15.707168961786902,27.92237143490072],[-15.707485852235676,27.922529278803804],[-15.707641476011664,27.92253382338282],[-15.70788662975397,27.922297283733442],[-15.707992523941046,27.921806970027085],[-15.708518628608237,27.92184355047372],[-15.70862345095555,27.921781627596335],[-15.708801170488147,27.92153416752753],[-15.708816374388771,27.921194529280204],[-15.708649209815809,27.9207944456558],[-15.708960907021156,27.920468158252817],[-15.708990257990617,27.920010301604492],[-15.70913800979288,27.919827556511905],[-15.709248770166024,27.919557764682395],[-15.709394931882176,27.91955195693674],[-15.709692708695739,27.919762305148556],[-15.709856652871208,27.919818366697903],[-15.710407148253344,27.919756889360933],[-15.710637489501483,27.919544685876797],[-15.710793734118637,27.919026325131867],[-15.71091152633593,27.91888148371197],[-15.711051089630503,27.918867620071918],[-15.711377813983495,27.919050517542264],[-15.711555202265787,27.91907386598269],[-15.711684456840935,27.91901903621387],[-15.711980778531851,27.91873066274174],[-15.712225759896377,27.918647358891175],[-15.71235876106035,27.918723942387842],[-15.71248288951879,27.91907788136541],[-15.712946856922825,27.91936058992286],[-15.713169575808466,27.919728461130124],[-15.713423040867507,27.919897000827337],[-15.713534917149541,27.920068151145244],[-15.713692712361896,27.92007888826416],[-15.714014195409046,27.91993611212007],[-15.71446831156978,27.920054791626775],[-15.71450978282759,27.92034965127312],[-15.714473078923005,27.920603753247107],[-15.714528900027803,27.920713087650775],[-15.71468224949368,27.920712147684103],[-15.71497482080931,27.920496869970467],[-15.71506262934955,27.9204972807754],[-15.715546284486576,27.920650322592373],[-15.715791083817244,27.92089097443786],[-15.716075067013946,27.920930372736365],[-15.716348904909283,27.920833623794927],[-15.716530127020949,27.920845968996392],[-15.716843361157757,27.920953529900157],[-15.717133405438773,27.921144403655866],[-15.71716148379666,27.92137982609109],[-15.71663049136866,27.92161613618322],[-15.71662687329579,27.9217085914972],[-15.716777221346602,27.922041302737213],[-15.716791628702573,27.922281129323814],[-15.716447523225018,27.922445983280127],[-15.716403218354047,27.922659539784156],[-15.716570578036096,27.922760782663932],[-15.717072046032964,27.92290693793807],[-15.717445354665575,27.923147639741433],[-15.71755138051376,27.92324703437255],[-15.717621318553915,27.92354506645451],[-15.718461544156845,27.92421373917782],[-15.718661266512871,27.92446545312077],[-15.719417938603511,27.92498896831973],[-15.719889346001597,27.925875772353415],[-15.719990579806252,27.926156163176582],[-15.719999554392563,27.926332611997207],[-15.719937456426573,27.9264828568757],[-15.719159941167135,27.92723449819685],[-15.71905755285535,27.927369209984104],[-15.719009226800203,27.92753671436741],[-15.719128113950037,27.927662038234498],[-15.719419407006122,27.92771583436054],[-15.719833337880944,27.927899410892717],[-15.72027162883676,27.928200579720187],[-15.720299844141028,27.92831120233262],[-15.720100658113864,27.928485562110996],[-15.719706848344583,27.928590456068754],[-15.7192441931899,27.92883393874532],[-15.719132277669546,27.92895135948537],[-15.718907090487622,27.929374564921396],[-15.718000634286737,27.93000959414896],[-15.717861267062492,27.930082825446156],[-15.717536830674533,27.93010531437569],[-15.717520707936746,27.930274094748317],[-15.717637903560258,27.930389318421483],[-15.718028524875884,27.930588042583526],[-15.718458372457677,27.930718100305672],[-15.718521509368278,27.930822628393813],[-15.718508384250208,27.931075605966278],[-15.718414898085273,27.931226149284978],[-15.717851360778978,27.93156143450729],[-15.71753334017978,27.931644975662326],[-15.717322500121684,27.932124721009217],[-15.716937777782878,27.932278377816417],[-15.71689476420211,27.93243849676162],[-15.716994826785408,27.932544701884662],[-15.717432124098424,27.932619839824653],[-15.717526350482299,27.932728692780085],[-15.717562528829456,27.932887956945702],[-15.717648694964746,27.93290901924021],[-15.717772750606299,27.932880641792416],[-15.718069433351962,27.93266837818564],[-15.718352404436919,27.93254687056728],[-15.718991094097369,27.932533716078012],[-15.719148999218941,27.932386302363675],[-15.719434601879676,27.931950359904643],[-15.72019988063351,27.931531398403173],[-15.720365660841319,27.931149673828376],[-15.720578965270137,27.93089666892652],[-15.721087698937279,27.930710000067474],[-15.721577461208701,27.930654283910467],[-15.721713622282808,27.930588287270794],[-15.722143337214597,27.930272699030688],[-15.72223387940353,27.930007390578826],[-15.722563351505228,27.92971535454816],[-15.72293135409391,27.929642074010406],[-15.72333152641612,27.92968214687953],[-15.723396783675692,27.929071146738995],[-15.723912004744331,27.92947878812938],[-15.724124885829045,27.929514715717886],[-15.724234560871922,27.92964129308378],[-15.724873301767538,27.93000108808765],[-15.725214399701139,27.93004185453623],[-15.725540217140178,27.930287342277037],[-15.725584804550023,27.93041967759528],[-15.725461420511238,27.93048091669488],[-15.725353334223186,27.930610896807043],[-15.725392188738612,27.93085579270363],[-15.725769538130873,27.930936852780995],[-15.725604129512599,27.931200878880656],[-15.725648821312625,27.93136702866597],[-15.725566867275875,27.931562732072333],[-15.72585179494702,27.931906133357103],[-15.725873916737461,27.93208034574335],[-15.725971102331854,27.932180646728835],[-15.72625376204059,27.932135736593082],[-15.726373675683838,27.931996088709454],[-15.726536889746372,27.931635033299266],[-15.726805733490169,27.931554917512003],[-15.726880792430888,27.931361975939158],[-15.727072542139204,27.931267985856053],[-15.7272565042613,27.931085662530663],[-15.727311839655538,27.9308646607119],[-15.727308585342769,27.930378575159704],[-15.727416250390952,27.930280181163745],[-15.727410222065712,27.930211680188705],[-15.72726908286935,27.93004357596852],[-15.727151425184609,27.929982245094813],[-15.727146501969093,27.929902680219072],[-15.727323588781701,27.929754921295643],[-15.727539942884452,27.929776517477823],[-15.727545491890845,27.92962774161308],[-15.727641519589241,27.929612935552374],[-15.727963142639723,27.929850703558923],[-15.727934586387248,27.93024861923817],[-15.728086715714104,27.930382136464612],[-15.72847015886122,27.931083933037108],[-15.728698318585456,27.93123018159722],[-15.728862003494646,27.931219358631814],[-15.729232671461112,27.93136742467323],[-15.729418357533339,27.931109362091767],[-15.729451642303532,27.930901800078498],[-15.729704269372904,27.930729147812944],[-15.73000231039217,27.930402759693735],[-15.730072186051405,27.930375651385695],[-15.73014551411728,27.930447875621095],[-15.730320064889169,27.930348194983395],[-15.730563106057145,27.93030718723008],[-15.73059500996422,27.930245273479407],[-15.73076247767453,27.930165489206686],[-15.730928857004438,27.929954187495362],[-15.731233949333024,27.929880505579472],[-15.731429486694555,27.929924349329276],[-15.73147191562484,27.92975167267415],[-15.731654601004207,27.929781177317317],[-15.731871696009863,27.92964107159509],[-15.732089077173361,27.92962194351254],[-15.732220377060074,27.929452612600187],[-15.732459325096244,27.929389814126367],[-15.732590730589418,27.928984562353502],[-15.732647212227766,27.928989551703424],[-15.73280843021571,27.928850129926957],[-15.732934770401181,27.92880464772892],[-15.73308362682019,27.928536873694686],[-15.733345198953796,27.928296816981348],[-15.733351488584747,27.92824087944257],[-15.73324824646085,27.928219475544072],[-15.733174705972555,27.928141449732184],[-15.733134747380381,27.928006474479556],[-15.732968064795262,27.927981932670843],[-15.732888597496622,27.927668577925676],[-15.732724289861393,27.927533451754734],[-15.732502470377963,27.927480036535346],[-15.732522792463426,27.92725474151251],[-15.732486888997196,27.927182906223344],[-15.732543010491892,27.927093917697796],[-15.732510978904122,27.926982830580222],[-15.73271623904125,27.92678271197812],[-15.732736238600832,27.92655789705478],[-15.73245986247577,27.92660213694025],[-15.732436359575672,27.92632240758602],[-15.732506819136018,27.92627535437314],[-15.732723442578237,27.9257424770429],[-15.732914963976615,27.925606315155132],[-15.732897859077012,27.925344091225803],[-15.733039353081569,27.925264650081495],[-15.73307635140197,27.92513576456888],[-15.733200909198887,27.92513253790655],[-15.733360391966071,27.92493421467427],[-15.733468815663594,27.92469084773773],[-15.73344853570717,27.92455013486942],[-15.733834790937872,27.924126905792054],[-15.733812957720628,27.923929304199635],[-15.733922087957474,27.92390821346087],[-15.733936015333466,27.92375533055382],[-15.734085689538889,27.92360845837038],[-15.734209253726554,27.923592309481663],[-15.734265952885826,27.923536644779517],[-15.734553936440753,27.92360963602348],[-15.734643673634842,27.92353418837846],[-15.734736699324085,27.923632483437622],[-15.734798496960085,27.92361093135439],[-15.734862182061555,27.92367312147513],[-15.735077581132119,27.923640774882102],[-15.735187809086314,27.923782018451583],[-15.735339186649206,27.92373542555546],[-15.735402093543401,27.923900319492564],[-15.735545948606655,27.923964545591502],[-15.735587963685791,27.9241613981697],[-15.735715719052061,27.924202826677497],[-15.73579666245883,27.924365665215657],[-15.736139020949821,27.92442356739483],[-15.736136471981604,27.924584378529925],[-15.736221597577261,27.924653340985667],[-15.73641829798496,27.924674965210805],[-15.73645986501773,27.92480993093545],[-15.736624975897875,27.924891085146406],[-15.736613498262486,27.9250749718322],[-15.736676443923852,27.925185215611407],[-15.736652766048111,27.925291977892947],[-15.73679582842694,27.92538730480111],[-15.736753006262832,27.925594937608682],[-15.736955474565793,27.925717487850413],[-15.736805122782089,27.926041548140756],[-15.736804957892794,27.926197083759206],[-15.736905981712182,27.926332164516534],[-15.737080238414325,27.92641875759268],[-15.737166526184303,27.92670065945594],[-15.737425508858868,27.926904663734064],[-15.737605059751083,27.927196031677383],[-15.737788971977457,27.927291373403925],[-15.737833516227711,27.927361481954243],[-15.737972621590878,27.92738241944872],[-15.738057925292386,27.927451668604085],[-15.738025072387108,27.92761701111093],[-15.738092644017124,27.927644777038672],[-15.738136803693854,27.927746490961756],[-15.738054320395129,27.92783663399296],[-15.738228853815519,27.928011327280622],[-15.738305618057522,27.928160916922153],[-15.7379947881561,27.928549550923826],[-15.738146807468212,27.928710318962704],[-15.738354348413147,27.92883043863017],[-15.738681900203302,27.929207679372],[-15.738947753425194,27.929326699992192],[-15.73896489950378,27.929504547542553],[-15.739118231721871,27.929759287138975],[-15.739098247684044,27.93008310135273],[-15.739266142808088,27.93015821627009],[-15.739308930057707,27.930268521761626],[-15.739581352260057,27.930309910049168],[-15.739555949317594,27.930480999108728],[-15.73971588487876,27.93067517671615],[-15.739813513828564,27.930725492144123],[-15.74012536150679,27.930723527679298],[-15.74026451492667,27.930791095812932],[-15.740328949901675,27.930892140282328],[-15.740342039828285,27.931033693923244],[-15.740808040407947,27.931413236052585],[-15.740800903992396,27.9318988888237],[-15.74067477213569,27.932003268993526],[-15.74061160009969,27.9322515974011],[-15.74070562468063,27.93275979699722],[-15.740795479952933,27.93293967230495],[-15.740776391222033,27.933344904905134],[-15.740671074032443,27.93366999056094],[-15.740670688671196,27.933986116707406],[-15.740367219030741,27.934332849235883],[-15.740342431669418,27.934394365815777],[-15.740397376691169,27.934567117180283],[-15.74032007737451,27.934714437482832],[-15.740483101153043,27.934823743977578],[-15.740563272296125,27.934942613104873],[-15.740593967277842,27.93522279821534],[-15.740562116025448,27.9354885696504],[-15.740663658713741,27.935664960873552],[-15.740605714228321,27.935776908895697],[-15.74063352423895,27.93606323877843],[-15.740873304053787,27.936287893560344],[-15.740977283344197,27.936310235453472],[-15.741111295797111,27.936631686240453],[-15.741435487975822,27.93692876023672],[-15.741759573837125,27.937614796350356],[-15.741803759611377,27.93789331058419],[-15.741949122520692,27.93804850407496],[-15.742036777212776,27.938079391352314],[-15.742282107453148,27.938615353117704],[-15.742449444010505,27.93878342638804],[-15.742600145555135,27.938819732512556],[-15.743067901604386,27.93910953768884],[-15.74355899973018,27.93927197132174],[-15.744987180553109,27.93940781586264],[-15.745318544702986,27.93932239693127],[-15.745648018821596,27.93932003534116],[-15.745983010023668,27.939105762617444],[-15.746126061473836,27.939069890744655],[-15.74666421521019,27.939168797414517],[-15.747014652593974,27.939444926469797],[-15.747142020135659,27.939472543882882],[-15.747262790225818,27.93967582518779],[-15.74726561034316,27.939802042651586],[-15.747705243544626,27.940091271298066],[-15.747946616943205,27.940354982278215],[-15.747943943518225,27.94062797150075],[-15.748466248554772,27.940900707610464],[-15.749001197180295,27.941567823052793],[-15.74883931059325,27.94179415143076],[-15.748881797914168,27.941941393427122],[-15.7492176004415,27.94203011569831],[-15.749464389494964,27.94232327633771],[-15.75008110944902,27.94248903743904],[-15.750307656178943,27.942935539008356],[-15.750710198216435,27.943196786710253],[-15.750789329662345,27.943374447588965],[-15.750770967317992,27.94368247449381],[-15.750750307777869,27.943940540807862],[-15.750647912507647,27.944091307317105],[-15.750639360543666,27.944218742027893],[-15.75074066896192,27.944475276669465],[-15.75073493431394,27.944636745604438],[-15.751151143665854,27.945024086743317],[-15.751232785661847,27.945293961749535],[-15.75150095509347,27.94568998999773],[-15.751636483706001,27.946002484574386],[-15.751785666411557,27.946172820562754],[-15.752712162382451,27.946694876334025],[-15.753401158846296,27.946928479419576],[-15.753674313364419,27.947135957572765],[-15.754355111144404,27.947199840336136],[-15.754500835596055,27.94732514786567],[-15.755213983111789,27.947553048789445],[-15.755141135046152,27.94774824942551],[-15.755191092451023,27.94782795391415],[-15.755183481491793,27.9481512858875],[-15.755560742966107,27.948792230490145],[-15.75542533186588,27.949161931015546],[-15.755486473941625,27.949316398137388],[-15.75540790498057,27.949459418562903],[-15.755532519925296,27.949602208535783],[-15.755511104219647,27.949751577179157],[-15.75569228326474,27.949843731452937],[-15.755757836888403,27.95015135200925],[-15.755857344771336,27.950200760615942],[-15.75588043910291,27.95032461853813],[-15.755720881235112,27.950698261239165],[-15.755182675495055,27.951074622540524],[-15.755107182226505,27.951269837606862],[-15.755103765552963,27.951582386328038],[-15.755039525294954,27.95177324280509],[-15.754813395229782,27.952114328432952],[-15.754573326482548,27.952284312657756],[-15.754582302617719,27.952393958559295],[-15.754478886583943,27.952548840617563],[-15.754597365927664,27.952889309331482],[-15.75445027712386,27.953326368485886],[-15.754528191151538,27.953670543943897],[-15.754807867436606,27.95407919357821],[-15.7548686737332,27.9542157803615],[-15.754844342307837,27.954292579393936],[-15.754937700387579,27.954392717470473],[-15.754818111080734,27.954594646478895],[-15.754967396782444,27.954936615758797],[-15.755312308891856,27.955445484243267],[-15.755300884684452,27.955702886174553],[-15.755397405819847,27.956451418673055],[-15.75533269753467,27.956619159835512],[-15.755236194607878,27.956612332482216],[-15.75483521477495,27.956327250727433],[-15.75457625466672,27.956208657917085],[-15.753989766450992,27.956145569411852],[-15.753545619008559,27.956155087968668],[-15.753087194081234,27.955771389548225],[-15.75242455104731,27.95537478729677],[-15.752395357626366,27.955269665956415],[-15.752492489758158,27.955109394624394],[-15.752493484688825,27.954994846634403],[-15.752278405778897,27.954987645370277],[-15.752184016770823,27.95493356643835],[-15.752058830154864,27.95459267194688],[-15.752068876349941,27.954399368787797],[-15.752308481815591,27.9539061374418],[-15.752254425952259,27.95375738040117],[-15.752303176902826,27.953539736714436],[-15.752118981905316,27.95249650921767],[-15.752061166560614,27.952509246161792],[-15.751919189830213,27.952890307932503],[-15.751501281518646,27.95351624212679],[-15.750911686407097,27.954033200048073],[-15.750662561349,27.954068211308964],[-15.750528196991832,27.953992829043997],[-15.750096912307484,27.95355885480402],[-15.749663727872884,27.95296413804029],[-15.749055583375407,27.95234971841922],[-15.748752348828452,27.9518968445197],[-15.74863002589566,27.951491514839134],[-15.7486353853675,27.951351821087872],[-15.748733240718648,27.95117522767453],[-15.748489339128627,27.951117770791154],[-15.748262312394072,27.950839098130817],[-15.748126944418992,27.950832612374555],[-15.747889120160174,27.95094295002131],[-15.747926828066582,27.951340372265594],[-15.74783890253059,27.95137378021744],[-15.747123980167107,27.951220368263417],[-15.746966313996433,27.951093547064],[-15.746797509784715,27.950718942738717],[-15.746667471451312,27.950943380614177],[-15.746538685784193,27.95097165640355],[-15.746187061764282,27.9511877629748],[-15.746018492505097,27.951343930829893],[-15.745264051297282,27.95180673008136],[-15.74464985178438,27.95225216611314],[-15.744371711342488,27.952582972939243],[-15.744120687636654,27.953073373160894],[-15.743671823222353,27.953366105108074],[-15.74339554220287,27.953708012093244],[-15.74338379352089,27.953275071785637],[-15.743577904637688,27.95307124234067],[-15.743642035460612,27.95291476609776],[-15.7435922216635,27.952576200356408],[-15.743370228731106,27.95224448621731],[-15.742946061964703,27.952369975872095],[-15.74216273694296,27.95239081120358],[-15.741029970360518,27.952857360039683],[-15.740773246971662,27.95284863174359],[-15.74067510785108,27.952720616336553],[-15.740709460727237,27.95227269555082],[-15.740813055733591,27.952130740143126],[-15.740993559701591,27.95200310261454],[-15.7413185831255,27.951486311777522],[-15.741021023516186,27.951192552667102],[-15.741093842993331,27.950756845694436],[-15.741688649566514,27.949611626351057],[-15.742103070814899,27.94923069478088],[-15.742287268504946,27.94912384276633],[-15.742345935623947,27.94902169353135],[-15.741588452200556,27.949182050686506],[-15.741334791857371,27.949310958582014],[-15.74106481193401,27.949622496601485],[-15.740881686690024,27.949696140152838],[-15.74073299960485,27.949668189535704],[-15.740512644749273,27.949529719350874],[-15.740102108960835,27.94893094069114],[-15.73983451001422,27.949019480092765],[-15.73925619727347,27.949529097628112],[-15.738973287456755,27.949543037728777],[-15.738895965825467,27.94950965592873],[-15.73885629931481,27.949297419805916],[-15.738781343320843,27.949277024034195],[-15.73874374437909,27.94920125508631],[-15.738877078324489,27.949052642082425],[-15.738858228507207,27.94891177855256],[-15.739069444280073,27.9487117541337],[-15.739089649279165,27.948573858429004],[-15.738976041035313,27.948657371772146],[-15.738676225866593,27.948720219681533],[-15.738565869933444,27.9488037152388],[-15.73842380278117,27.94876836962332],[-15.738253808149045,27.948910390553337],[-15.737983289126296,27.9488806439649],[-15.737898842215033,27.948756019351762],[-15.73779411168466,27.948710073901296],[-15.737762133065349,27.948599611085267],[-15.737799868167288,27.94838146234366],[-15.737697767742635,27.94833954678589],[-15.737669169141645,27.948178948238763],[-15.737503630128892,27.94815687065959],[-15.73719220929133,27.94794766931762],[-15.737005837870678,27.947929457900525],[-15.736902263936624,27.9477871700071],[-15.736747906757607,27.947761998596963],[-15.736569679837945,27.948081134078603],[-15.736823423693192,27.94829656724035],[-15.736824266571734,27.948372822350333],[-15.736899508242638,27.948462400170943],[-15.736873243711742,27.94861852634858],[-15.736789259168184,27.94867862592739],[-15.736530094721179,27.948671202514998],[-15.736073445896045,27.948580929278698],[-15.735803634735033,27.94870340499422],[-15.7359175949943,27.948911354332225],[-15.735901524459697,27.94903593985702],[-15.73580083879885,27.949178733686885],[-15.73554598214498,27.949276151421497],[-15.735494830858594,27.949384305739958],[-15.735877334887636,27.94973829316339],[-15.735863941681245,27.94989795208601],[-15.73579647160655,27.949998123655],[-15.735054916749078,27.95006332424985],[-15.73515245758813,27.950224412726357],[-15.735176200131992,27.950511992654842],[-15.735268570400338,27.950678037356475],[-15.735262330529823,27.950837369140864],[-15.735183965925591,27.95096215188763],[-15.73489630148546,27.951139316178025],[-15.734890555174125,27.95127553633574],[-15.734728401459465,27.951372746509314],[-15.734900926603377,27.951462085911352],[-15.734781243770223,27.95151414230115],[-15.734780127605724,27.95161355294466],[-15.735032529917664,27.95170821591956],[-15.735292707986979,27.95200825395653],[-15.735241025321638,27.95232931139279],[-15.735335490648795,27.952540253820107],[-15.735377410252095,27.952938803962166],[-15.73550745568461,27.95305062089319],[-15.73580439543654,27.953185376745136],[-15.735923293205545,27.95330519656702],[-15.735946584376808,27.953402851832767],[-15.735843721116849,27.953515913541356],[-15.734858139758552,27.953673698145984],[-15.734842827544005,27.953814455714856],[-15.73465493181823,27.95402603916251],[-15.734584420055297,27.954230063241265],[-15.734303930808263,27.954363281017763],[-15.733531014839095,27.954894864456598],[-15.733631418160705,27.955042948851],[-15.733972539231642,27.955168229488105],[-15.734072540619911,27.955283818709766],[-15.734484838871767,27.955399185973345],[-15.734353317779703,27.955937902244905],[-15.734792307135205,27.956127210189262],[-15.734710766690084,27.95638415490234],[-15.734758170809283,27.956514756302795],[-15.734993757724784,27.956643639737294],[-15.735135339212077,27.95679800243159],[-15.735490363209458,27.956957579480026],[-15.735816435401293,27.957045230317124],[-15.736056218566722,27.957025036730936],[-15.736307000323784,27.957163504452968],[-15.736502843963624,27.957140060754266],[-15.736394187846127,27.957259806703373],[-15.736383602210749,27.95752157217308],[-15.736298747849258,27.957841065029108],[-15.73623869365478,27.95790811338273],[-15.735988639883514,27.957997129405516],[-15.735657755465672,27.957919885724955],[-15.735345207802816,27.95802814604206],[-15.73445505697754,27.958160576188256],[-15.734101471982829,27.95845450202664],[-15.733884643919836,27.958478189646513],[-15.733687868768671,27.958436487235982],[-15.733425894037106,27.958278431798668],[-15.733474009603365,27.957984980529318],[-15.733434746329387,27.957951681789364],[-15.733139178668944,27.95792523697405],[-15.733052740513836,27.957822140390928],[-15.732882027027449,27.95775848891083],[-15.732603074482686,27.95754274986466],[-15.732437435256008,27.957486725653055],[-15.732358411758021,27.957710869783284],[-15.732137891868009,27.957862251279575],[-15.73220116989346,27.95812795652363],[-15.732179895646544,27.95822642720371],[-15.731732180966757,27.958359951663255],[-15.731801063683879,27.958615661545114],[-15.731770543985348,27.958742200931983],[-15.731626125257018,27.958869345853604],[-15.731244536611854,27.959016093724145],[-15.731393177457583,27.959156268502458],[-15.731428444661152,27.959323711273154],[-15.730937407403859,27.959398625869994],[-15.730615998712322,27.959602445647906],[-15.730258279954105,27.959698314660503],[-15.7301746606442,27.959826579762115],[-15.730021083534897,27.959847163493652],[-15.72969989604984,27.960069214399066],[-15.729196650845978,27.96015872093575],[-15.72886459067309,27.96032143027863],[-15.728721494826685,27.960510128904534],[-15.728578741823403,27.961037606515212],[-15.728524625489625,27.961820347852097],[-15.728371185603075,27.961928472277318],[-15.728332066582551,27.962086262540012],[-15.728248381978915,27.96219631949945],[-15.728284343148744,27.96248889978827],[-15.728358440075645,27.962622539562048],[-15.728325795319291,27.962993611038],[-15.72810950451277,27.963123145702475],[-15.728142270552276,27.96330322216001],[-15.727957770685633,27.963443429719945],[-15.727863410763732,27.96368397308885],[-15.727846522843562,27.96402780806056],[-15.727557258398498,27.964728239059994],[-15.727609826681402,27.96497161608439],[-15.727751517171008,27.965081491861202],[-15.727039440940109,27.96523186239214],[-15.726341025214788,27.965293900823387],[-15.726123258245114,27.965276851827316],[-15.725657528673501,27.965127222842046],[-15.72485031174576,27.964563141417237],[-15.724677921887714,27.96454166257683],[-15.724262430987206,27.964612743627004],[-15.72351870784828,27.96439033264512],[-15.72328328637002,27.96421363123941],[-15.72317742205135,27.963950167721993],[-15.722776131339213,27.963906202542667],[-15.722630378726299,27.963661724109144],[-15.722622218721352,27.96338604809453],[-15.722584165101605,27.963358634505337],[-15.722263795725116,27.963547092799143],[-15.722175000745812,27.96364808283316],[-15.722148062712478,27.963853316290255],[-15.72223171289383,27.96408208934934],[-15.722152461558679,27.964372080479244],[-15.722086734545268,27.964323418136495],[-15.721406300194325,27.96453892149189],[-15.720968462553458,27.964818388375534],[-15.720693319801198,27.964906045983202],[-15.720387600041457,27.96489653464673],[-15.720133346003399,27.964945374261152],[-15.719311031796693,27.964869082685073],[-15.718479013126075,27.96527075931773],[-15.718276695831634,27.96542491248282],[-15.717801918117514,27.96552892499858],[-15.717078535218246,27.965910961622413],[-15.716957630306975,27.966038727103466],[-15.716733434314051,27.96612890072601],[-15.71668001339388,27.966229919661],[-15.715959331512346,27.966746762839627],[-15.715774515595085,27.966965634767437],[-15.715352442402295,27.96711397591255],[-15.714803909376224,27.967141921450708],[-15.71350319518685,27.96715138038816],[-15.712765985838827,27.967090387652032],[-15.71248754076676,27.967172530627288],[-15.711935005149341,27.96722594145717],[-15.71142890135479,27.967108726370885],[-15.709901244830995,27.967456471966084],[-15.709212731336244,27.96767161416026],[-15.708916720255631,27.967929071648275],[-15.708486692486463,27.968173831665645],[-15.708377879254348,27.968040892340724],[-15.707997545217527,27.968040827829917],[-15.707204410758484,27.968232107519103],[-15.707031169422146,27.968326860066117],[-15.706203428880084,27.968547324469796],[-15.706041427713197,27.968722773206384],[-15.70573155232994,27.968851173559038],[-15.705523451670016,27.969048522821573],[-15.705503835581002,27.969255882222054],[-15.705595406587568,27.96940346369581],[-15.705600652694118,27.96955971137666],[-15.705512165780936,27.969736217762613],[-15.705370603160132,27.969806135150893],[-15.705131932039885,27.969827578886015],[-15.704596065488879,27.969576125109647],[-15.704239230930167,27.969387880453507],[-15.703931655679693,27.969119367927682],[-15.70359009607285,27.96892815476716],[-15.703376969224088,27.968924911498576],[-15.703090928133022,27.969192262395893],[-15.70295417947412,27.969176784804244],[-15.702871148344254,27.96909128139792],[-15.702738638796335,27.968650422769326]]]}},{"id":"52","type":"Feature","properties":{"categoria":"Reserva Natural Integral","nombre":"Benchijigua","codigo":"G-1"},"geometry":{"type":"Polygon","coordinates":[[[-17.204116168609172,28.0887891933326],[-17.20433332008883,28.088502557842016],[-17.20434419560032,28.088182758676115],[-17.20422344707866,28.087970424014518],[-17.20374562159946,28.08750910939402],[-17.20350383264708,28.087103054585192],[-17.203271043870224,28.086361003771742],[-17.203279558355934,28.085925436403812],[-17.20387763944946,28.085274570784552],[-17.204182995000256,28.08446875004758],[-17.204395278097422,28.084292401528828],[-17.204519182150705,28.084051077771388],[-17.20504170372855,28.083380268459223],[-17.205470030551115,28.083054041476775],[-17.205606851175233,28.082804373385645],[-17.206014385413983,28.08268061890859],[-17.206204259681314,28.082405707637932],[-17.206597174238762,28.082168177115307],[-17.206948011111248,28.082105303866108],[-17.207225485330664,28.082165284550808],[-17.207722726246015,28.082429401955753],[-17.208000585779587,28.082647853331938],[-17.208446908334754,28.083078944988266],[-17.208675926424302,28.08350472748725],[-17.208998135299108,28.08366181602172],[-17.209156231674296,28.08381430127028],[-17.209209543956668,28.08394096165001],[-17.20937373837591,28.083978326800086],[-17.209579310708918,28.084110032813953],[-17.209921706659095,28.08459336050961],[-17.209939768321313,28.084642073942046],[-17.209889430622834,28.084660460187855],[-17.209373583302572,28.084625561479104],[-17.209061316973386,28.08465955632656],[-17.208855502787873,28.084744650282214],[-17.208137546006665,28.08483143893937],[-17.208063983814796,28.08488604190164],[-17.208044042265872,28.085020270604996],[-17.20815372447304,28.085423025093405],[-17.20843202808748,28.085499213701286],[-17.20872034658958,28.085756430825462],[-17.20904148123315,28.08589698727789],[-17.209184724822013,28.08608516456531],[-17.208931678093393,28.08693942716635],[-17.20893036970139,28.087054406645805],[-17.20901050909751,28.08723150897814],[-17.20914310738507,28.087282340718982],[-17.209501960793617,28.0871976953624],[-17.209811430855435,28.087384457122834],[-17.21038449389654,28.08744055210192],[-17.21053348510603,28.087516744763736],[-17.21089011090141,28.087844682241208],[-17.21090902123702,28.088002828567085],[-17.210816152367972,28.08823243756767],[-17.21022340976688,28.0886909062555],[-17.2101891000428,28.088764368386073],[-17.210218009910665,28.088839518713453],[-17.210645742688307,28.088953087371628],[-17.210989146608643,28.08897823122645],[-17.212020245486826,28.08885377474019],[-17.212339026919942,28.08864578651114],[-17.212602560102166,28.08859659857042],[-17.21272978340406,28.088623330673098],[-17.212933942628755,28.08877478803715],[-17.212382077525323,28.089426167333865],[-17.211835554279915,28.090315532103272],[-17.211460184280114,28.090660965108444],[-17.211456283082896,28.09089498699179],[-17.211298377192758,28.091036358400146],[-17.211147112831302,28.09107736344053],[-17.211005947275012,28.091187622603062],[-17.211025078326514,28.091505380370613],[-17.210891844167165,28.09179609708327],[-17.21067914127538,28.091997409493136],[-17.210636856279628,28.092093829530917],[-17.210732389617355,28.09230181309155],[-17.21072022391202,28.09239332612952],[-17.21020832072344,28.09244317540257],[-17.210027167246093,28.092535697441924],[-17.210009407244414,28.092731611248077],[-17.209821308003463,28.092872520235495],[-17.20989602123715,28.093295958056526],[-17.209571110474943,28.0935483449481],[-17.2092100138822,28.093926829783854],[-17.20922264530629,28.094046727926802],[-17.209938377179228,28.09469255075864],[-17.210368134924494,28.094730019294925],[-17.210531925884204,28.094971732934845],[-17.21055005985396,28.09542946880328],[-17.21021616310719,28.09577485309475],[-17.210149423209323,28.096371112844967],[-17.210342749430264,28.09648494000976],[-17.21051202211719,28.096502513963134],[-17.21070707099056,28.096462102805447],[-17.211153170466996,28.09650715546628],[-17.211734061568922,28.09634222360074],[-17.211966336213383,28.096360584218612],[-17.212310553395245,28.096503556257083],[-17.212759311128412,28.096450025241502],[-17.21301856221046,28.096468932279667],[-17.213121601685764,28.096421484552685],[-17.213521583766983,28.096018792911536],[-17.21402360526484,28.09578875763372],[-17.214205095125685,28.095768538316054],[-17.21428067548969,28.095810548943845],[-17.214232621662344,28.096001547098602],[-17.213948169431134,28.096228070497553],[-17.21368208003102,28.0965580569306],[-17.21330959512734,28.096737382209756],[-17.213176141416167,28.09718096085958],[-17.21314011034911,28.097542388057335],[-17.21333180933927,28.097690706406084],[-17.21388536200599,28.09778996040637],[-17.214496384148138,28.098348837877342],[-17.214535628137295,28.098490863867845],[-17.21446512397783,28.098615352315],[-17.213769653401393,28.098998617240767],[-17.213698578132778,28.099179600995704],[-17.213792730374525,28.099275082335513],[-17.215010906438867,28.099846801312182],[-17.215160816449355,28.100253950978622],[-17.215162385240255,28.100523454190814],[-17.215058006229892,28.100688102893713],[-17.215110728158503,28.10144638859525],[-17.214977108207993,28.101643993869473],[-17.214924683346293,28.101841189679536],[-17.21502339263354,28.101890847818847],[-17.215239226459662,28.101757243473198],[-17.215325349026685,28.10175395702517],[-17.215811765186583,28.10212065728762],[-17.215936852096473,28.102141645244966],[-17.215982612231155,28.1020361441724],[-17.215881979592968,28.101595895602795],[-17.216001204797827,28.1013663989312],[-17.216096146017048,28.10122779920934],[-17.21617414177811,28.101200460937275],[-17.216325436150804,28.10126379579308],[-17.216479488340628,28.101426613782934],[-17.216644533941817,28.101446052796224],[-17.216799374429964,28.101191887262605],[-17.21674566450688,28.101014634131936],[-17.21699447115185,28.100223231042122],[-17.21711298289099,28.100063134852615],[-17.217266221595626,28.099943984539298],[-17.21760408806403,28.099792161130175],[-17.217963396560624,28.09944607767636],[-17.218273972852607,28.098981853664835],[-17.218614879903576,28.098740647302954],[-17.218845898328397,28.09846034256202],[-17.21945982784556,28.097943021983266],[-17.219661349301976,28.097871091991006],[-17.220135691163634,28.09792341788143],[-17.22030497696448,28.097867348636463],[-17.22049827864263,28.09750996083488],[-17.220664790768605,28.09738842641892],[-17.220746306637565,28.097230821436142],[-17.221426017886248,28.09734884543836],[-17.221650488399252,28.09732905681696],[-17.22179148771993,28.09741141139372],[-17.222023330227604,28.09779872722677],[-17.22195942810737,28.098218446953577],[-17.22187117031315,28.09844879994262],[-17.22188781684972,28.098530733054904],[-17.222207257580145,28.09861606060433],[-17.22240707734587,28.09858503001632],[-17.222502988813016,28.098622366102298],[-17.22262370916142,28.099157299358012],[-17.223419579251377,28.10013091965277],[-17.223496614586846,28.10018543474736],[-17.223570184886004,28.10017061636591],[-17.223452858233518,28.099297253242813],[-17.223667839406225,28.09863957332417],[-17.223883174642992,28.09849251927664],[-17.22427766966237,28.09834887504451],[-17.22482858862981,28.097945165086134],[-17.22517374391654,28.097831825336364],[-17.22535428822477,28.097641029031273],[-17.22557475620162,28.097259733131512],[-17.225963200139113,28.096931745166774],[-17.225951426917202,28.096869133749202],[-17.22589229238532,28.096843745514718],[-17.22541698206162,28.096852814024086],[-17.224853719291573,28.096697368457193],[-17.224872901978838,28.096413904240453],[-17.22501547700002,28.09619286460929],[-17.224853929432957,28.095765613087437],[-17.2248522357626,28.095382689217388],[-17.22530692511651,28.0950896315775],[-17.225812820575392,28.095064095971402],[-17.22635045870946,28.095112305343434],[-17.226378446799362,28.0950781035831],[-17.226181751563143,28.094717926502835],[-17.226071012331623,28.094272707209505],[-17.22576934642163,28.093933904313428],[-17.225369674501305,28.09370253516122],[-17.22478657127925,28.093487134499803],[-17.224770995893607,28.093358533589626],[-17.2253894720497,28.092975562737944],[-17.225505473953795,28.092951212031352],[-17.225642164293237,28.09296297982875],[-17.22646833596041,28.093384765071367],[-17.226522190344546,28.09333191614483],[-17.226546836272203,28.093066860955552],[-17.226634917783276,28.092966625039207],[-17.22709077636369,28.092790034521634],[-17.22663173524909,28.091964813471368],[-17.226512419653805,28.091917302725403],[-17.226440939912955,28.091816228604387],[-17.226233845671228,28.09174063631021],[-17.22604256347433,28.09156841754744],[-17.225798911366812,28.09154557299786],[-17.2253573835655,28.09130703239106],[-17.22535730373238,28.09123412492203],[-17.225536739332984,28.09107393587298],[-17.225694461610267,28.09072442795247],[-17.225911757451154,28.090535200414998],[-17.2258118366381,28.090382161781285],[-17.2258222179443,28.090155506917146],[-17.225675536363376,28.08997002111025],[-17.22524038211818,28.08978362164536],[-17.22520470443256,28.089666987039575],[-17.22523730789485,28.08933376658472],[-17.225324035281474,28.089273508969274],[-17.225859789194143,28.0893038136243],[-17.226241756811543,28.089003542352433],[-17.2262543813805,28.08889054540101],[-17.2260180685045,28.08832572892272],[-17.226526560440988,28.08801347762902],[-17.226438532315083,28.087633038013326],[-17.22646043055813,28.087491196199974],[-17.226524917471565,28.087411375361263],[-17.226947618748945,28.087448365983924],[-17.227481536543007,28.087219706014366],[-17.22818812501063,28.087154178435416],[-17.228328949682783,28.087065988124444],[-17.228436305823404,28.086352571705753],[-17.227955449884785,28.085810049083054],[-17.228053046323577,28.08521053624265],[-17.227701082237058,28.08489006786843],[-17.228463461121112,28.08472128491201],[-17.22894982043265,28.084673958913847],[-17.229774474686305,28.085137177585636],[-17.2301611574937,28.085522955326166],[-17.23060991150715,28.086092989776734],[-17.230800407282626,28.086828569883576],[-17.230968204050722,28.087137994201214],[-17.231320618883256,28.08753056968135],[-17.231608106168313,28.08815250927218],[-17.2316081254579,28.08847605899649],[-17.23186629500726,28.088913162479574],[-17.23192785988729,28.09045062218935],[-17.231834780290985,28.090859694233238],[-17.232681534604197,28.091499877574524],[-17.232858323395302,28.09160800427805],[-17.23314498427484,28.09168335546526],[-17.233246586526427,28.091813360383433],[-17.233282813644262,28.092298550620285],[-17.233418151660775,28.092685757463954],[-17.233467407546893,28.093233014395366],[-17.233697558450366,28.093588258913645],[-17.233591541314812,28.09383915604574],[-17.233511232477355,28.094257396142837],[-17.23374455486052,28.094515100732554],[-17.23443940366986,28.09502859483713],[-17.234804390051895,28.095775435839638],[-17.234937471526894,28.095940829951147],[-17.23516047207558,28.096488592304485],[-17.23515976240992,28.096633527453136],[-17.235263840374515,28.096740742352058],[-17.235284906058432,28.09772746005016],[-17.235532102358903,28.098259144473705],[-17.23563275910554,28.09859876522476],[-17.235686504970907,28.099291601566488],[-17.23555458902345,28.09964791770414],[-17.23548336511917,28.100242001172195],[-17.235171377589335,28.100988506588934],[-17.23539523608999,28.101179977135633],[-17.235673935450645,28.101525158515976],[-17.23638369096871,28.102170290740546],[-17.23697182339825,28.10286403584955],[-17.237641213587608,28.103469277669966],[-17.23814345240098,28.104294724444937],[-17.238685803555068,28.105007480653537],[-17.238739218626865,28.105187318028033],[-17.23867499556188,28.105443996891875],[-17.23837261101752,28.105956603414548],[-17.237904341203123,28.106191364959045],[-17.237724598922373,28.106346792858037],[-17.23732778938313,28.106957830843786],[-17.237112997806356,28.107111303508486],[-17.236802813283646,28.107169692809645],[-17.236371072447664,28.107166811129368],[-17.236083813300187,28.1072707534579],[-17.235826659244726,28.107270887323693],[-17.2353018853223,28.1070952794817],[-17.234880465584677,28.107020850394736],[-17.234496981013937,28.1071951518805],[-17.23415719539265,28.10720512943207],[-17.233587892655393,28.10709680559154],[-17.233197535589788,28.10691695104378],[-17.232848643472348,28.106687739153273],[-17.23257602601414,28.107025554782165],[-17.23213383308055,28.107368062182786],[-17.231788426092386,28.107485033731663],[-17.23117435336789,28.107606557939654],[-17.23053630028793,28.107980671591694],[-17.229535124786004,28.10833903282042],[-17.228476791869713,28.1090340743459],[-17.227906831026136,28.109197908556197],[-17.227335803718297,28.109172357985557],[-17.22625313885068,28.108927095465102],[-17.225451445021537,28.109085569255843],[-17.224679089922848,28.109176609091264],[-17.223348398935645,28.10899905316682],[-17.221435078777844,28.10807627664811],[-17.220434327443062,28.1083042773919],[-17.219391298438367,28.108846589519803],[-17.219067481831914,28.10906762557056],[-17.218838386853875,28.109590619552673],[-17.218788063677394,28.109623755791638],[-17.218210595081455,28.109640852666203],[-17.216891496558397,28.109176833870283],[-17.21625891025733,28.10906512986839],[-17.21402672382578,28.10919709206936],[-17.213869004519026,28.10901419983702],[-17.213651657103945,28.107268896985566],[-17.213665693978175,28.106233498617357],[-17.21373886182389,28.105298505006598],[-17.213206324185247,28.105605127675783],[-17.21168057240608,28.105901282734575],[-17.21122327097487,28.105878097333772],[-17.210340590258184,28.105457485203935],[-17.2101118529805,28.10524037037683],[-17.209642645394734,28.104486809938066],[-17.209542692884245,28.1041729627744],[-17.2092236305096,28.102448047452665],[-17.20899324886712,28.101941666433248],[-17.20871440213803,28.101533157529218],[-17.208298492865303,28.101124870454928],[-17.207796165408492,28.100769858166963],[-17.206432241245086,28.099902105269674],[-17.20574110814008,28.099612438807767],[-17.20555436092216,28.099149744187415],[-17.20574865671292,28.09833553048041],[-17.205679097659942,28.098127188763478],[-17.205389254881997,28.097683901145974],[-17.205377952661962,28.09737658271654],[-17.20553854454478,28.097124429883056],[-17.20599546032263,28.096871967514222],[-17.206136792442372,28.09641512980677],[-17.20631620427873,28.096278777732632],[-17.206716024494174,28.096166733884267],[-17.206868166607265,28.0960558148491],[-17.206978211742257,28.095774317726843],[-17.206876256112807,28.0951936773288],[-17.206959482061347,28.094688623471107],[-17.206755322586886,28.093986891099856],[-17.206563382014277,28.09371510824633],[-17.206550356134116,28.09339277556893],[-17.20638360181004,28.093261298396293],[-17.205915860916672,28.093040476486507],[-17.205224318850323,28.092872339445798],[-17.204848739052384,28.092628185933997],[-17.20438700876788,28.091913607960432],[-17.2042869467103,28.091550642586352],[-17.20386628389449,28.090675362669504],[-17.20352315123223,28.090385322767922],[-17.203493798247756,28.090223534939817],[-17.203913726039502,28.089856553578326],[-17.20406864196466,28.08956047743928],[-17.204228891502616,28.08943531856442],[-17.204109165313135,28.089095768876415],[-17.204116168609172,28.0887891933326]]]}},{"id":"70","type":"Feature","properties":{"categoria":"Reserva Natural Integral","nombre":"Pinar de Garafía","codigo":"P-1"},"geometry":{"type":"Polygon","coordinates":[[[-17.868472714597857,28.795621630496694],[-17.86835867707755,28.795645342491543],[-17.868185216901857,28.795929556494528],[-17.868073532011927,28.795964403227927],[-17.867961978376005,28.795891907395365],[-17.867817014511548,28.795609050293386],[-17.867724478028464,28.79563266553976],[-17.86749371667041,28.79588111408378],[-17.86695421713214,28.796858636852594],[-17.86656979031334,28.796618751319166],[-17.86637078586769,28.796344256845703],[-17.866065006360706,28.796209136555294],[-17.86585717668934,28.795986243537904],[-17.865584490600156,28.796424100757662],[-17.865421556124165,28.79623272603317],[-17.86518665924093,28.79573168402439],[-17.865122193112455,28.795396601280235],[-17.865119372515387,28.794620025853078],[-17.86498198775441,28.79423958656111],[-17.864804964730997,28.794019645474247],[-17.864739172702055,28.794085085515572],[-17.864651645973236,28.79459117067249],[-17.86431312867015,28.795280281542336],[-17.864125799238728,28.79580652551603],[-17.86408217795297,28.796682406840027],[-17.863893303657488,28.796965139121685],[-17.86373801605368,28.797053224856676],[-17.863458094005882,28.79685260457798],[-17.863084883451904,28.796460931916037],[-17.86298473722593,28.796468469183505],[-17.86285740204231,28.796567686956845],[-17.862779228373462,28.796554913471752],[-17.862540506756027,28.796175719649813],[-17.862382373549895,28.796047380235365],[-17.862266776744367,28.796039982624094],[-17.862151544922376,28.795732061303603],[-17.862122745370122,28.795502657992607],[-17.86228717817769,28.794500745484015],[-17.861585761729888,28.79522540277873],[-17.861480609509414,28.795274537830032],[-17.861185948126934,28.79513375806507],[-17.860804198001514,28.79506608358808],[-17.860707603104718,28.79490794080509],[-17.859641702663865,28.795075434736997],[-17.859172662832897,28.794955538003983],[-17.85865033943665,28.794935444779433],[-17.858487087126747,28.794870603164465],[-17.858785525183638,28.794339449805662],[-17.858801808346666,28.794185761695708],[-17.858503024709947,28.794006276260966],[-17.858433687474527,28.793416923133904],[-17.858268223283275,28.793357287107526],[-17.858033371955283,28.793419089128292],[-17.857921084821413,28.79339440699993],[-17.857735207044175,28.79301453500483],[-17.857730412384377,28.792823859573975],[-17.85804812431271,28.792459028762856],[-17.85825446306992,28.79202800315487],[-17.85848181521533,28.791729128873023],[-17.858634216019894,28.791160334575952],[-17.858732875334034,28.790273364128915],[-17.859593232545446,28.78968235235962],[-17.859957330478466,28.7891794279176],[-17.860238826150404,28.78854646866213],[-17.860497272582787,28.788179371271983],[-17.860470552215,28.78761347028091],[-17.86052990572912,28.787274857322064],[-17.860917984800047,28.786750676020063],[-17.861236544243933,28.786522837450114],[-17.861279131430933,28.78629020606535],[-17.8616633260498,28.78584521224784],[-17.861764312584317,28.785591497964973],[-17.86173292181218,28.7854619122592],[-17.861645256911764,28.785375012677473],[-17.86112448577853,28.78527691051488],[-17.860924862590686,28.78475346194812],[-17.860747753221478,28.78456689059088],[-17.860506507804203,28.784431289441653],[-17.85969725436351,28.78419226681643],[-17.859598603587997,28.784104155314548],[-17.859553551311123,28.783916587978194],[-17.8595908593323,28.783407960780636],[-17.85966380880814,28.78315475174298],[-17.860016851622184,28.782693915833356],[-17.860516429815956,28.781870248273965],[-17.860675958801764,28.781338283977856],[-17.860694893311592,28.78109433758021],[-17.860821378335608,28.78085208036209],[-17.860844013305513,28.7807024066724],[-17.860629555928956,28.78016393701812],[-17.86005907127798,28.779481472598416],[-17.86000973484486,28.779211912295168],[-17.859817011745875,28.77880548698983],[-17.85981068866781,28.778408822643897],[-17.859494986976237,28.778020426891388],[-17.859478992815404,28.77788456078235],[-17.859608970085475,28.777620221407737],[-17.860096263697898,28.777318544264357],[-17.86026440752887,28.777027237044468],[-17.860597197370147,28.776762838400682],[-17.860929113008208,28.77632400704064],[-17.86091527113193,28.776188275940562],[-17.860735267920056,28.775823886814205],[-17.860731646163696,28.775503746729758],[-17.86112152813704,28.77363349894043],[-17.860806371712098,28.773351658612864],[-17.860251492596003,28.77325858446493],[-17.8599877712138,28.773152565323755],[-17.85970346813432,28.772850936638775],[-17.859483058547355,28.772719951009385],[-17.85848529324966,28.77229710866273],[-17.857987050411296,28.771980847175257],[-17.857726721350197,28.771924696394564],[-17.856841274474686,28.77202977067096],[-17.856742231430523,28.771988695967828],[-17.856318097271203,28.771638711575633],[-17.85615389557644,28.771307770349676],[-17.85556038745418,28.771041637695028],[-17.855120880183524,28.770731708374534],[-17.854629580559244,28.770630626491478],[-17.854412634856466,28.770473066335352],[-17.854306008922045,28.769512583135786],[-17.854345890446183,28.769288795994235],[-17.854423517576897,28.76918455861469],[-17.85470043465327,28.76901149528685],[-17.855002197688076,28.76869602688439],[-17.855054846248457,28.768558401390276],[-17.85505194801517,28.76822651843381],[-17.855317870938176,28.767928097927243],[-17.855749037629774,28.76762275395829],[-17.855746499211367,28.76749201443378],[-17.855796591182205,28.76741428294132],[-17.85591994807754,28.767395437073837],[-17.856382749312825,28.76751102711177],[-17.856811717900122,28.76691112614706],[-17.857121821262492,28.76679541917604],[-17.85762823864295,28.766257920402406],[-17.858712886178274,28.765827244416236],[-17.85890439984625,28.76590527303606],[-17.85920243107864,28.765947670813112],[-17.859311800903765,28.76601661418847],[-17.859363107722867,28.766696553260967],[-17.85950664008572,28.76651671718491],[-17.859967269570728,28.766252590262262],[-17.860455413703697,28.766134006210965],[-17.86063472961886,28.76614012909049],[-17.861032502727365,28.766311202225555],[-17.86114171782325,28.766786958338542],[-17.86121529459334,28.76681967578498],[-17.86160488248707,28.766803300397978],[-17.861756962351514,28.76697416660868],[-17.86195470222192,28.76683016185397],[-17.86251158116185,28.766679444564172],[-17.862692492654595,28.766556542051863],[-17.862873548887826,28.766513915963127],[-17.862972777728483,28.766548794524002],[-17.8631643135764,28.766440098418357],[-17.86336938014723,28.766451985643187],[-17.863948766693987,28.766151050104266],[-17.864131655897395,28.766213017677025],[-17.864564764709034,28.76625343975869],[-17.864658520281452,28.766312787694023],[-17.864613859844756,28.76636424835779],[-17.86433219461064,28.766396383058854],[-17.86443495683656,28.766672926548154],[-17.864449855903523,28.766880976726323],[-17.86439580012841,28.76703817285036],[-17.864451225846846,28.767455533475562],[-17.864499347694473,28.767568166767596],[-17.864571311472773,28.767579268079324],[-17.864852008055752,28.76739922227489],[-17.864830857854493,28.76722467952748],[-17.864981695774247,28.7666757575184],[-17.864798157747266,28.766252997546395],[-17.86521855041011,28.765903113397606],[-17.86531069401984,28.76571624408774],[-17.86528282728189,28.765408345227044],[-17.865080095034557,28.765219615668816],[-17.864997658844697,28.764975113982075],[-17.86569101114349,28.76513629248731],[-17.866502835794694,28.765025248638178],[-17.86669139396656,28.76462074918419],[-17.866871372402855,28.764576336803472],[-17.867145214172844,28.76403382119051],[-17.867420694889336,28.763813290617083],[-17.86751448341773,28.763462217901022],[-17.867717627237408,28.763205699184464],[-17.868182667249204,28.7634146504209],[-17.868466912721953,28.763477165095544],[-17.868899638328642,28.763990238765633],[-17.869551644129555,28.763650754706354],[-17.8701046879297,28.763622763079017],[-17.870211379741207,28.76348158447579],[-17.870346134417648,28.762869858635018],[-17.87045222728113,28.762725535558715],[-17.87050395421679,28.762726690880733],[-17.870962176657784,28.76293704012235],[-17.871658978781895,28.76348598160242],[-17.871844516195967,28.76353254812483],[-17.872211007676537,28.763421020337226],[-17.87227086892339,28.763513556500854],[-17.872326567351408,28.764126644150643],[-17.872516921408707,28.764535717389343],[-17.872646577355066,28.765083188088898],[-17.872555047635096,28.765628148759536],[-17.87266754850806,28.766408704210626],[-17.872781161831618,28.766594807840793],[-17.87285540151205,28.767137143119886],[-17.873007647379392,28.767313404237676],[-17.87310186264631,28.767538706948145],[-17.873116749335434,28.767857703372663],[-17.87304465102894,28.768065799146466],[-17.872895472097124,28.76826290702958],[-17.87292682782462,28.768398443994773],[-17.87318526371864,28.768639194004948],[-17.87319487225914,28.76872828895918],[-17.873122150917414,28.76883898045069],[-17.87313045950899,28.769030030733475],[-17.873786468990254,28.768798681996618],[-17.873920770931512,28.768805745136678],[-17.87404896440531,28.768888707388385],[-17.874249051036177,28.768681494301955],[-17.874475428490687,28.768611729322718],[-17.874598549948605,28.768621735898535],[-17.874764995039428,28.768718315163472],[-17.87523884258062,28.768750618533534],[-17.875190507436855,28.768444061262237],[-17.875258480697795,28.768048433521653],[-17.875380036925645,28.767926778732367],[-17.87544806526954,28.76760782092727],[-17.875753237434203,28.76746241053266],[-17.875967616839038,28.7672539886909],[-17.875947498296618,28.76696847894466],[-17.875985568310067,28.766945658813505],[-17.876455371039526,28.767121825395275],[-17.87681437540318,28.767147550282168],[-17.8770963342754,28.767014357819143],[-17.877343274876196,28.76702262518702],[-17.877588433506137,28.766965985148772],[-17.877808435237323,28.76670151595668],[-17.878224665978358,28.766686328708424],[-17.87850016113532,28.766541545086284],[-17.879010416309747,28.766408893091345],[-17.879372182588344,28.76646071070508],[-17.87959233827061,28.76638836416948],[-17.8796611436279,28.76639627749904],[-17.879823490711342,28.766716276069992],[-17.880264470802885,28.76696845210351],[-17.880374815456527,28.767221367218927],[-17.88043355381249,28.767235448185655],[-17.880660564425238,28.767077262501335],[-17.880740997729113,28.766912282113967],[-17.880549695404554,28.76632103627848],[-17.88058305121379,28.76623102541393],[-17.880881980899925,28.766045146590063],[-17.88121952503477,28.765923387905655],[-17.881280110898206,28.765669531689532],[-17.881403030705382,28.765672320395126],[-17.881738694201605,28.765854578446216],[-17.88188356600502,28.765762186950933],[-17.881838512006006,28.76516601719002],[-17.881907011694587,28.764909646613283],[-17.881974886922734,28.76513694780052],[-17.882143500440986,28.765383115282734],[-17.882295995239367,28.765463746788306],[-17.882466798558546,28.76564059259676],[-17.882692144732275,28.765682685743947],[-17.882780127543636,28.76597847068244],[-17.88308945349716,28.766245174567615],[-17.883157236855382,28.766476445763207],[-17.883151666795776,28.766794974467],[-17.883236509119307,28.766939288256292],[-17.88322411917591,28.76715874142838],[-17.883325356444363,28.767303607002017],[-17.88326675895728,28.767629582265666],[-17.883360903561382,28.767665455998245],[-17.88420606673032,28.767650108389944],[-17.884742640282767,28.76817624167623],[-17.88503998523859,28.768862630929814],[-17.885065554033105,28.769084880860188],[-17.885158914272036,28.76920375487164],[-17.885348106556137,28.769270970053796],[-17.88547308488718,28.769385559988496],[-17.88550192011559,28.769800769944972],[-17.88545527540931,28.77000291503894],[-17.885677882904897,28.77024260119165],[-17.885762114520883,28.770513207354206],[-17.886028525469047,28.770707757978993],[-17.886096027721607,28.770705412807093],[-17.886199291390042,28.770514685153664],[-17.886193393021962,28.77022616839946],[-17.886329452296117,28.769813747300955],[-17.886549425710808,28.76962323003614],[-17.886683123503786,28.769310982137682],[-17.886772135233716,28.769309078732647],[-17.887030742029598,28.769443359761997],[-17.88721793424834,28.769549401375578],[-17.887480520932204,28.769790935365695],[-17.887636428958885,28.76983901494809],[-17.887841937884087,28.769755242071433],[-17.888173442453837,28.76945138935064],[-17.887381341581186,28.768775389619126],[-17.887542355087334,28.76865398406285],[-17.887533384257583,28.768365533204882],[-17.887584579173932,28.768254393128316],[-17.88783893542688,28.76804870642713],[-17.88839643537388,28.767996189197717],[-17.8884832905999,28.768004487469685],[-17.88887783147747,28.76824040822451],[-17.88904492316246,28.768269413018654],[-17.889515391761456,28.7682430536954],[-17.889800275292494,28.76809729792561],[-17.890026761867635,28.768277000307368],[-17.89017666730951,28.768441564470454],[-17.890262436431048,28.768656209990038],[-17.89042225455277,28.768771853205017],[-17.890443472462614,28.768947290327496],[-17.890392009085534,28.769271310812247],[-17.890766040793746,28.769321932389214],[-17.890935302931773,28.76959432189382],[-17.891109994084793,28.769729489814456],[-17.891235021639652,28.76991984157141],[-17.891880472880484,28.77008641739157],[-17.89233707427857,28.77082890839908],[-17.89293864295425,28.77092606252117],[-17.893362682308418,28.771082041496882],[-17.89349570681678,28.77119103891852],[-17.893692773690344,28.77142930986805],[-17.89330892436213,28.77237493813556],[-17.893356873637117,28.772773029843222],[-17.89345191030204,28.772868734063977],[-17.893609094753604,28.773207468297514],[-17.893816738301414,28.7733659191258],[-17.89388451847061,28.773478497534306],[-17.89418607717296,28.773691959037418],[-17.894306778689685,28.774047755675202],[-17.894347957877162,28.774869546394893],[-17.894447944635708,28.775144335906802],[-17.89464010523853,28.77541105108727],[-17.89481057537711,28.775896110366745],[-17.895013720867425,28.776225711564443],[-17.895003124841043,28.776511017378116],[-17.895098149930803,28.776940678543554],[-17.895122685746635,28.777494028084856],[-17.894847863449904,28.77858323911494],[-17.894620606274078,28.778718434838964],[-17.894300310566425,28.779165148282782],[-17.893817498525607,28.779666263897454],[-17.893340620855696,28.780800530345157],[-17.89328902422843,28.781274061514413],[-17.893357003010447,28.782062688162757],[-17.893205167517348,28.782587238882414],[-17.89309746534474,28.78337149567278],[-17.892834368484916,28.783882131999167],[-17.892745389946523,28.784322747371828],[-17.89301591314374,28.785186652102468],[-17.89306519409002,28.785542176034237],[-17.893015872270418,28.785899813826276],[-17.8930476063615,28.786333989839747],[-17.892979345045433,28.786720266387107],[-17.892855949499996,28.786896854271415],[-17.892765267245004,28.78728077924856],[-17.892897608728415,28.78791402167886],[-17.89291052684521,28.788716556663047],[-17.892871372586633,28.789141215552664],[-17.892803588774054,28.789366804032667],[-17.892465496314067,28.789854923900933],[-17.892353390869648,28.79015074047263],[-17.892347345180294,28.790273523181558],[-17.892470966172457,28.790722821568057],[-17.89246800923762,28.79111817810665],[-17.892370535859396,28.791626167084512],[-17.892462972499235,28.79273467960929],[-17.89238051052619,28.792810944333173],[-17.89156317076714,28.792962473296118],[-17.891625488850778,28.793171584390656],[-17.891629099927737,28.793432096052424],[-17.891517018481352,28.793600466886307],[-17.891314881197527,28.793770767511276],[-17.890551931797727,28.794842821171628],[-17.89045251257934,28.794909895450253],[-17.889824900946508,28.795083625907356],[-17.8897950577509,28.794800043351305],[-17.8901274064721,28.794450162665772],[-17.89015940714338,28.79412565743276],[-17.890095643587312,28.794013275975132],[-17.88822008850132,28.793747238743006],[-17.888221950049783,28.79397321447187],[-17.888060165112623,28.794158882793074],[-17.887897790530644,28.794248950946933],[-17.88771593371411,28.794226685156683],[-17.88716093385447,28.79433778327715],[-17.88677947061511,28.794317983395683],[-17.886397304224054,28.794124110216277],[-17.886126505053902,28.793772708533673],[-17.88591486724507,28.794193060574713],[-17.88527630328016,28.79465321104751],[-17.885134427202104,28.794669775090597],[-17.885053590482833,28.79459753909577],[-17.88489817143023,28.794159780897772],[-17.88477810456098,28.79403877311869],[-17.884614658944596,28.79409007402912],[-17.88397816085975,28.794551076435752],[-17.88372887481601,28.794608721200802],[-17.883457851569087,28.794471996410078],[-17.883023703473096,28.79358016811153],[-17.882954089925448,28.793580753568417],[-17.88274775256175,28.793859372723777],[-17.882602193906315,28.793965311550554],[-17.882520057237436,28.793920161932057],[-17.882377105374406,28.79363727928611],[-17.882263976195258,28.79354498513847],[-17.88217790845926,28.793580198004577],[-17.881996570449857,28.79391150057765],[-17.881933116605314,28.794098669686022],[-17.881879532775347,28.79468160963572],[-17.881841556666544,28.794752777444167],[-17.881756666075606,28.79475639465461],[-17.88156641683779,28.79461523466006],[-17.881445571294773,28.794391411399673],[-17.88155880447659,28.79385500403183],[-17.881539458234492,28.79311486811932],[-17.88151346475547,28.793026124386152],[-17.88144570591723,28.792982471007587],[-17.88079246416949,28.793653984414473],[-17.880014699638988,28.79467542663768],[-17.87966559054507,28.794752332949717],[-17.878602785346747,28.794718185961816],[-17.878540851630778,28.79462569831165],[-17.87859807252524,28.794435055440733],[-17.879352581133237,28.793982383091805],[-17.879414811076668,28.793825007406298],[-17.879405202619125,28.793550099555357],[-17.879251267273368,28.793053671243015],[-17.87916372531677,28.79296082829514],[-17.87901920127402,28.792992776495673],[-17.87874831470118,28.79323307888817],[-17.878570157389948,28.793196289455413],[-17.87827063861901,28.79243236257695],[-17.878192439499397,28.79230684725499],[-17.878092108482107,28.792270200964367],[-17.877996722379226,28.792331497637445],[-17.877648098606198,28.793252940368152],[-17.87750788454862,28.793441744868556],[-17.877071691659893,28.793516893489976],[-17.876692321685333,28.793759505231613],[-17.876465167001175,28.793840117064427],[-17.87633964691771,28.793818438695602],[-17.876028235457493,28.79362753667022],[-17.8758770737808,28.793641582851166],[-17.875619770633335,28.79392939642667],[-17.875379723331548,28.794062597913253],[-17.875337616125133,28.794281781974867],[-17.875224978428587,28.794356343248012],[-17.874983122994998,28.79431188639161],[-17.87454981520107,28.794082085719282],[-17.87424620155612,28.79417514700137],[-17.873984828401166,28.794128398053495],[-17.87412161301414,28.794224705642772],[-17.874500510261253,28.794225653982313],[-17.874639333653338,28.794358900049748],[-17.87503031888478,28.795210185965676],[-17.87515482459988,28.795642302179242],[-17.875326110496484,28.795838898376946],[-17.875324715725085,28.79593724730576],[-17.875205746193775,28.79596774503652],[-17.87441299288591,28.795218919384563],[-17.874209764161435,28.794899336564068],[-17.873667183048344,28.794754845975216],[-17.873491385819374,28.794654858758538],[-17.87335259708621,28.794485530238816],[-17.872946076173342,28.793440636727276],[-17.87296452434574,28.793329296399],[-17.87319971821292,28.792944541081976],[-17.873238885806433,28.792618080602036],[-17.87320292093421,28.792203018786658],[-17.873015747308337,28.791800196762054],[-17.872863792838146,28.791598675339387],[-17.872832866516468,28.791404499089424],[-17.872593331387446,28.791295043220675],[-17.87222402143628,28.79093398177948],[-17.871769771586372,28.791249877341837],[-17.87214887371244,28.79159134472544],[-17.872232518789296,28.79176635873183],[-17.872231136069423,28.79190259209354],[-17.871484349931485,28.792525541500147],[-17.871182631384716,28.792911709729015],[-17.870951582614303,28.79307447844234],[-17.870786943434677,28.793269208319916],[-17.87049280619149,28.794492282223885],[-17.870453801164558,28.795385203124113],[-17.87037960664529,28.795704290251777],[-17.870310633642976,28.795728307954114],[-17.870151301609408,28.795481839867126],[-17.870072080150273,28.79546819089918],[-17.86999261599438,28.79552039402114],[-17.869795616590597,28.795916960262456],[-17.86964847868461,28.796526242919388],[-17.869524228874344,28.796775135299992],[-17.869384911654663,28.79681057085112],[-17.869193823084135,28.796675724693948],[-17.868964388369466,28.796299953993344],[-17.868787861787304,28.796135933082372],[-17.868655197374146,28.795778850354008],[-17.868472714597857,28.795621630496694]]]}},{"id":"92","type":"Feature","properties":{"categoria":"Reserva Natural Integral","nombre":"Los Islotes","codigo":"L-01"},"geometry":{"type":"MultiPolygon","coordinates":[[[[-13.530685665603249,29.294520657911832],[-13.530684290325006,29.294228445205142],[-13.530967095310693,29.294651624089024],[-13.531036405067109,29.29462811184927],[-13.531075035964408,29.2944536513414],[-13.531199706887683,29.294237543735843],[-13.53095157258805,29.29403881298709],[-13.531020509265613,29.29391188142435],[-13.530927042374403,29.293731636405926],[-13.531107094375773,29.293803372435583],[-13.531251531923735,29.29378131800576],[-13.531394715652807,29.293515962145186],[-13.531454742822987,29.293263408280133],[-13.531269975645296,29.29317591908927],[-13.531229846563253,29.29308108656964],[-13.531457765777873,29.293066537462632],[-13.531584428280583,29.292984457958962],[-13.531841400798397,29.292975461545637],[-13.531858972348893,29.292934505178163],[-13.531780129551027,29.29289050366936],[-13.531776437552855,29.292795981610876],[-13.531965318632789,29.292631835432093],[-13.531881693323552,29.29254076627979],[-13.531921365311321,29.29245168408787],[-13.531886596421204,29.292428290658346],[-13.531474572959,29.292561016311122],[-13.531129064179584,29.29244026563391],[-13.530893409960399,29.292622034403966],[-13.53077721275911,29.29246924298678],[-13.531170047657424,29.292130831587272],[-13.53123737275259,29.291986916963577],[-13.531405635489246,29.291853587428918],[-13.531269858232317,29.29169507647967],[-13.531240325844134,29.291500013395034],[-13.530960939470507,29.291226851877944],[-13.53106462387995,29.29113179620126],[-13.531057852142727,29.291043918020208],[-13.530702440147927,29.290940112826657],[-13.53085910752076,29.290825697059844],[-13.5309752595121,29.290830493988555],[-13.531103351487266,29.29092169175423],[-13.531279617898038,29.290833209480482],[-13.531240306877033,29.29063090987301],[-13.53115217077806,29.2905099211836],[-13.531200824623202,29.29038303706693],[-13.531132723275407,29.290207222159534],[-13.53128589887582,29.289984208470674],[-13.531406064924289,29.289917037452163],[-13.531601624889703,29.289969270844715],[-13.531691481421328,29.290113921097554],[-13.531968911578636,29.29032226712361],[-13.531964135907614,29.290440248839676],[-13.531904229572257,29.290475866955752],[-13.531784348102546,29.290443957783694],[-13.531778746243466,29.290533324256646],[-13.53222747326496,29.290741567363472],[-13.532590983003166,29.291179075592858],[-13.532626340129173,29.29115410653995],[-13.53258733831305,29.29103799008229],[-13.532643941413667,29.29095261301059],[-13.532648387821459,29.290742402130224],[-13.53290458795915,29.29065741276657],[-13.533188682965296,29.290284411664434],[-13.533444342672906,29.290237135711234],[-13.533439208558693,29.290084934272894],[-13.5339392299893,29.289476789742388],[-13.53428130779103,29.28928156416547],[-13.534315540005997,29.28909739842848],[-13.534455395208738,29.28894660740608],[-13.534878121518483,29.28915392464239],[-13.535182206752083,29.28913939222399],[-13.535388880191391,29.289235237788727],[-13.535732895936542,29.289257508805125],[-13.536009832410723,29.289342121712057],[-13.536671741749458,29.289348923764724],[-13.536750740250204,29.289172557201532],[-13.536800322372534,29.289160556956144],[-13.536880186550706,29.28927730040479],[-13.536857977680812,29.289441565257086],[-13.537064502759195,29.28952053170703],[-13.53715942390111,29.289287217151024],[-13.537407791062664,29.289339659451862],[-13.53751155900166,29.289122594512136],[-13.537710825041948,29.288987069394167],[-13.537735353778805,29.28885495531932],[-13.53790213111953,29.288962271997235],[-13.537892218352434,29.28905114048498],[-13.538020290329461,29.28923076706471],[-13.5381430637047,29.289276509079606],[-13.538186996873819,29.28906844441738],[-13.538032160013467,29.288838261160436],[-13.538045763613164,29.288743206467718],[-13.538126641902204,29.28873822604566],[-13.538292047207134,29.288869621406185],[-13.53838845803169,29.28886544248738],[-13.538462522703497,29.288789548609913],[-13.538566326351795,29.288438909344116],[-13.538654602551462,29.288413903979638],[-13.538871304536178,29.288477908824326],[-13.539241057545244,29.28836969395831],[-13.539356500287052,29.288431417472932],[-13.539367552142792,29.288535134305594],[-13.539207490464392,29.288688597377742],[-13.538969699025062,29.28868148455154],[-13.53885507485749,29.28884428773574],[-13.538870293801734,29.289018979117227],[-13.539123592375596,29.28910829025499],[-13.539220924191948,29.289090043312044],[-13.539329432228469,29.28916170770493],[-13.539518277852796,29.289367716007643],[-13.539566193530566,29.2896392318146],[-13.539722374781753,29.28972459224993],[-13.539929831485484,29.289722348159557],[-13.540138317070426,29.2896398010358],[-13.5402058862806,29.289521873400453],[-13.540328026623065,29.28949640683644],[-13.539931300677656,29.290393391766788],[-13.539755603066045,29.290565454481758],[-13.53967813882518,29.29072108437531],[-13.539581886563482,29.290750172261365],[-13.539527058428884,29.29084143745208],[-13.539626487953864,29.29108102993927],[-13.539532633061077,29.291223756616375],[-13.539561842112255,29.291478824558194],[-13.539474240025374,29.29158649799765],[-13.539239866966696,29.291693865694626],[-13.539004342721716,29.291613773117987],[-13.538823988120527,29.291628223902833],[-13.538407259775896,29.291853596621],[-13.538327923040224,29.291793530741387],[-13.538179217148247,29.29153011604838],[-13.538022560920545,29.291600864369276],[-13.538054937900469,29.292037981956874],[-13.538168612899135,29.292137317416298],[-13.538257106955731,29.292530199697246],[-13.538177965736836,29.292810522355644],[-13.537984430470596,29.29319363984313],[-13.538050042657675,29.29325608243428],[-13.538140839221429,29.2932633028609],[-13.53839459297527,29.29309002122039],[-13.538445103464316,29.293092469022383],[-13.538505787605494,29.293190141432547],[-13.53818765087317,29.293510983444737],[-13.538192798656906,29.293597670485923],[-13.537781904338864,29.293586314272833],[-13.537672771680722,29.293652167956154],[-13.537705352022533,29.293742584495067],[-13.53761087262076,29.29384207770653],[-13.53761546263018,29.29391007890652],[-13.537863581346206,29.29417584594023],[-13.537867073273908,29.294284804204768],[-13.537783551363606,29.294366640145512],[-13.537810943531762,29.29448307027471],[-13.53787469040482,29.294523302448507],[-13.538029256457127,29.294510718501463],[-13.538089511902042,29.29458286644399],[-13.537803707822544,29.294620977482424],[-13.537584028125615,29.294555584453946],[-13.537439109434233,29.294589732670406],[-13.537412376555684,29.294637989184864],[-13.537513124955488,29.294792139987695],[-13.537620412674732,29.29512314302992],[-13.538269060260413,29.295716715671567],[-13.538137183647573,29.295998716920675],[-13.538239978660696,29.296139443804705],[-13.53828190719047,29.296368661828303],[-13.537937430297147,29.29652876735277],[-13.53798588165966,29.29687094742618],[-13.537798004718232,29.296980607951237],[-13.5377178684934,29.296974234889063],[-13.53770589042022,29.29702083916292],[-13.537944193358907,29.297318533928255],[-13.537946037732587,29.297369720346005],[-13.537844723633832,29.29741400197697],[-13.537941667015602,29.297481389932454],[-13.537859292775476,29.297569194244307],[-13.537811937871592,29.297720820827433],[-13.537939328127884,29.297833391552874],[-13.53803869249242,29.297824823657514],[-13.538080744237838,29.298226040960888],[-13.538258696542968,29.298373817151894],[-13.538284667111977,29.29850197185294],[-13.538411474611625,29.298366465318736],[-13.538396377057277,29.29821216972546],[-13.538322162717428,29.298139075004368],[-13.538286166475686,29.298006479037074],[-13.538342357937513,29.297877689540265],[-13.538549695396036,29.297769324138557],[-13.53857677032665,29.297906695391106],[-13.538924623996762,29.298326689726693],[-13.53901153473835,29.29859267623163],[-13.539084604787957,29.298666660468783],[-13.539142614645835,29.298634267128804],[-13.539272200111585,29.299287038862705],[-13.539256464711636,29.299857185162026],[-13.539439878601659,29.300641321651625],[-13.539526933147211,29.300767238476375],[-13.539572950875678,29.301179598238097],[-13.539652119436708,29.301252024564146],[-13.539709379828835,29.301431506916565],[-13.539880581435051,29.301598428415943],[-13.540046639091356,29.301714488207026],[-13.540267879329104,29.301728547877538],[-13.54038920913731,29.301805224754396],[-13.540410681663259,29.30188071983143],[-13.54022289438299,29.302155794885504],[-13.540250953865526,29.302282077008545],[-13.54014486910697,29.30242981366602],[-13.539748487245307,29.302539182275368],[-13.539177111312064,29.30295029369882],[-13.538665213772763,29.303616079629645],[-13.538457487982786,29.304235019551772],[-13.537959544436836,29.304787793963495],[-13.537254346408751,29.30521051600223],[-13.536639613572152,29.305765073824034],[-13.536225282286743,29.305976747563214],[-13.535968664892966,29.306174989022608],[-13.535854928020216,29.306302694978033],[-13.53584687071158,29.306456032839527],[-13.535770147321978,29.306587284938637],[-13.535464028440856,29.30684878223002],[-13.535266500283333,29.30686134263462],[-13.534964567496147,29.30672725411413],[-13.534728482934224,29.30625902470494],[-13.534533742901058,29.3060822729261],[-13.533993577031946,29.30539457952844],[-13.533988474563559,29.30532657273203],[-13.534170223005809,29.305079415245373],[-13.534454559170172,29.3049083730177],[-13.534283440577536,29.304764727566155],[-13.534140935879961,29.30447755333699],[-13.534128096049551,29.304324184711675],[-13.534201863074768,29.3041908977414],[-13.533971830202102,29.303883360845578],[-13.534012434666796,29.303736444573676],[-13.534080886302368,29.303679713137186],[-13.53389188550536,29.303469183473897],[-13.533626972485658,29.30354207621686],[-13.533351224044154,29.30345828286875],[-13.533141577086148,29.30348936882157],[-13.532911102518216,29.303760173957922],[-13.532796960064019,29.303779404306834],[-13.532668599954597,29.303993667576236],[-13.532463609780597,29.304051785380388],[-13.53223521388147,29.30399720647932],[-13.532080340947546,29.30430863695133],[-13.531898628295655,29.30428687660456],[-13.53180947131951,29.3045241300091],[-13.532008594482729,29.304638668180715],[-13.532116902655039,29.30483297257329],[-13.532047206372312,29.304990938585682],[-13.532140795063935,29.305149075360077],[-13.53209381606477,29.30520162004149],[-13.531649110312495,29.305089344760102],[-13.530918623857286,29.30511208152531],[-13.530649823630043,29.305168411498045],[-13.530400370582335,29.305146264584963],[-13.529914480175945,29.304790062779958],[-13.529640422788273,29.3043297089065],[-13.529546597657157,29.303577878928067],[-13.529467445100968,29.303382630293314],[-13.52953242968971,29.301980564962253],[-13.529489647599585,29.301330907107886],[-13.529581660725565,29.301002273506516],[-13.529544937591325,29.30026027649708],[-13.529601495761323,29.300085201909948],[-13.529502708109506,29.300053342261197],[-13.529606458413081,29.300013335236947],[-13.529572663167166,29.2992954644699],[-13.52970345692396,29.29896166276528],[-13.529933105211617,29.29870520200719],[-13.5302000382191,29.298512138760227],[-13.530582958643956,29.297890176727567],[-13.530776243853872,29.297771562090645],[-13.530913611827687,29.29756777706751],[-13.530701980721387,29.29766633725289],[-13.530619577082676,29.29764792402253],[-13.530613569569962,29.297607340118354],[-13.530757016297915,29.297482311508208],[-13.531069067089394,29.297337389522063],[-13.531099786278697,29.297233861042024],[-13.5310686218961,29.297174320741554],[-13.53116909531523,29.296922843761802],[-13.531108447875779,29.296858918389326],[-13.53090037413175,29.296831362387454],[-13.530986595686139,29.296669337194356],[-13.531135896906825,29.296624235024925],[-13.531238951631446,29.296667059396825],[-13.531260618440154,29.29674282867018],[-13.531314106768356,29.296738724429883],[-13.531437498903887,29.296568986089262],[-13.531353219494166,29.29648747485078],[-13.531552120237949,29.29633589284677],[-13.53153441277806,29.29624960905334],[-13.531586582754985,29.29617934418058],[-13.531906196826466,29.296052280555344],[-13.532058814414968,29.29604872424297],[-13.532212597918528,29.29589168206928],[-13.532225858964454,29.295777854498517],[-13.532363036395813,29.29568776830107],[-13.532404434210816,29.295578852154044],[-13.532377892925084,29.295505556197682],[-13.532443817396222,29.295430839860977],[-13.532722911738619,29.295322279357226],[-13.53293278452183,29.295166213462608],[-13.532879863617604,29.29508748412395],[-13.532757148640494,29.29505175449482],[-13.532892037999435,29.295005679780378],[-13.532766869685991,29.294897460348633],[-13.532251759224387,29.294773134457397],[-13.531720758919622,29.295111924878594],[-13.531604882193287,29.29500840878438],[-13.53137725767397,29.29498767737816],[-13.531138856335843,29.295115723293552],[-13.530933350465752,29.295131962130238],[-13.530863584483665,29.29509383527495],[-13.530921654383926,29.295006219202655],[-13.530786823779264,29.29463827080113],[-13.530685665603249,29.294520657911832]]],[[[-13.527620318456005,29.3101628459788],[-13.527733764744545,29.310228528319367],[-13.527739408284528,29.310386943489508],[-13.527585367330301,29.310517554426397],[-13.527622344349338,29.310552433857367],[-13.52753145916834,29.310650785609724],[-13.527663801189584,29.310569314707795],[-13.527688742173272,29.310596300757734],[-13.527637462335115,29.31068272647696],[-13.527788296135185,29.310611295527615],[-13.527835473642197,29.310717396404247],[-13.527710995769995,29.310889374547017],[-13.527676275913429,29.311070193314205],[-13.527526054107582,29.31109894740902],[-13.527459045857695,29.311190794442695],[-13.527358829318667,29.311630600978102],[-13.527270257845325,29.311768503083933],[-13.526923578697446,29.31194091673369],[-13.526766159832631,29.311904347120144],[-13.526553971264256,29.311745529565375],[-13.526328270236927,29.31130185585906],[-13.526325553448237,29.311161322446637],[-13.52639904916035,29.31097632985789],[-13.526621937539819,29.31071276275762],[-13.526663467015675,29.31048807263776],[-13.526904237294474,29.31029120911627],[-13.527129158505296,29.310287373840207],[-13.527238382641576,29.310195360970173],[-13.527262550389388,29.310111271336037],[-13.52748540586479,29.310043324303344],[-13.52759157107242,29.31004241966614],[-13.527612694455351,29.310091472396426],[-13.527549606874416,29.310139776884977],[-13.52760140113531,29.31014659270228],[-13.527574584531877,29.310185713732942],[-13.527493386531242,29.310218928879205],[-13.527617524431513,29.310221200365362],[-13.527620318456005,29.3101628459788]]],[[[-13.337788631805253,29.27724744223099],[-13.337769289349115,29.277438748887],[-13.337664356921643,29.277518384918356],[-13.337535100666235,29.27787347933727],[-13.33735610143738,29.277925303055437],[-13.337255088019168,29.278055248948426],[-13.33706033064823,29.278088648457512],[-13.336077086629729,29.27761963118819],[-13.335625800288042,29.27730657575785],[-13.335593555997745,29.277314746456014],[-13.335645920221602,29.2774050933595],[-13.335470789831911,29.277523015452974],[-13.335168585542865,29.277518076692907],[-13.33502614733322,29.2774097329401],[-13.33514303566585,29.27731012541762],[-13.33521466837284,29.277005479213635],[-13.335339289215545,29.276898658742482],[-13.335378114683639,29.27703052604864],[-13.33547083605887,29.277062993213757],[-13.335578295434647,29.27688467229378],[-13.335983858719855,29.276735511197835],[-13.336311164328391,29.276677505230325],[-13.336337739504533,29.27672701477301],[-13.336417724990449,29.276668906242236],[-13.33649120154868,29.276707630046147],[-13.33671324103694,29.276489316500985],[-13.3368460520085,29.276232534081352],[-13.337049387217151,29.276120465534817],[-13.337215431026586,29.27612487838582],[-13.337600982399115,29.275920960592547],[-13.337679094902303,29.275832237949484],[-13.337717632898595,29.275657749831325],[-13.33807355950795,29.275439926579097],[-13.338402308986819,29.27508243989025],[-13.338401203685407,29.274737273296243],[-13.338498488145639,29.27466575293062],[-13.338462736108545,29.274598172690364],[-13.338514614057782,29.274400569263555],[-13.338667787761864,29.27444903584614],[-13.338706819853922,29.274308121305086],[-13.339001223475243,29.274183917254444],[-13.339116733059399,29.27431547365817],[-13.339288448312836,29.27433177528298],[-13.339546945620302,29.274639625179027],[-13.339610809638973,29.274840021073015],[-13.339620405395356,29.27543055490099],[-13.339468463092508,29.275629802646986],[-13.339395915987303,29.275609951354923],[-13.339370351111269,29.275657007515996],[-13.339153773296076,29.275735347264987],[-13.339050885083129,29.275847855814284],[-13.338736802111356,29.275934908573376],[-13.33838550257744,29.27620386470886],[-13.338302490299617,29.27637915340382],[-13.338011404922085,29.276545898121203],[-13.33793233364209,29.276674764037523],[-13.337901543640928,29.276872900184355],[-13.33794205901944,29.276887842000445],[-13.337898603117262,29.277003705802517],[-13.337837436215535,29.27703741494423],[-13.33786035694825,29.277147427090913],[-13.337788631805253,29.27724744223099]]]]}},{"id":"121","type":"Feature","properties":{"categoria":"Reserva Natural Integral","nombre":"Pijaral","codigo":"T-2"},"geometry":{"type":"Polygon","coordinates":[[[-16.19217024553455,28.561409306426544],[-16.191927092420002,28.562029733066293],[-16.191660004975418,28.562168318197312],[-16.19155527592025,28.562064397667452],[-16.191525999331,28.561695169296687],[-16.191405591252593,28.561394477206854],[-16.190965292973445,28.561288329932474],[-16.19046258891129,28.561098954010408],[-16.190009806512972,28.560834308126488],[-16.189678035393456,28.560813443554327],[-16.18946753380924,28.56051037131436],[-16.1892092875754,28.56043961808951],[-16.18898138654136,28.56018363005813],[-16.18861773918918,28.560111470408224],[-16.188362879776125,28.559776022240996],[-16.188093180381948,28.559877672860004],[-16.187808886519715,28.559831279100273],[-16.187609655758003,28.560037098056227],[-16.18746093943701,28.56005114327198],[-16.18742550151662,28.560461391385],[-16.187501990318744,28.560562647100674],[-16.187493194818348,28.561116023064027],[-16.18735436001484,28.561536074884128],[-16.18738471321486,28.56171744742372],[-16.187268737867704,28.562027467901554],[-16.187556103476396,28.56228687354695],[-16.18761971976518,28.562421527798154],[-16.1877590188552,28.562556340995275],[-16.18775198484218,28.56270105413589],[-16.187597764555,28.562848021056734],[-16.187741441403332,28.56300119892408],[-16.18780009851492,28.56317485049036],[-16.18767936130175,28.563315721059663],[-16.18709547908089,28.56367357291352],[-16.186902196770923,28.564194337598092],[-16.186911464983833,28.564302381942586],[-16.18704085749373,28.56444430428311],[-16.18705842527332,28.564590444820585],[-16.18684044818682,28.564989680535497],[-16.186813384651053,28.56516802627232],[-16.186922221258477,28.56552058486022],[-16.18718882854489,28.566012822589652],[-16.186722534597784,28.566249036667582],[-16.18661972610764,28.5662615785582],[-16.186570076640628,28.566221962074284],[-16.186418814490036,28.566341586209838],[-16.185918164202675,28.5664955146925],[-16.185700609074892,28.56663216632375],[-16.185465570041927,28.566613641630166],[-16.18498598951202,28.56647667152783],[-16.18400294610014,28.56674482524453],[-16.183954775002196,28.566660947402973],[-16.184037163620594,28.56595669122337],[-16.183992393915798,28.565541909016513],[-16.18385263029616,28.565486105239696],[-16.183701830367482,28.56518498528834],[-16.183659024862457,28.56497023591641],[-16.183325628432524,28.56454473909315],[-16.183345703231208,28.564481367507508],[-16.183511268842658,28.564368160987158],[-16.183559561289346,28.563939488935866],[-16.183742017649916,28.563678576958132],[-16.183832735071338,28.5633860454216],[-16.18380073923617,28.562919462497515],[-16.183559803618078,28.563450404036388],[-16.18319398172139,28.563821581568806],[-16.18282053736998,28.563979416631717],[-16.18238351563579,28.56434591461412],[-16.182259416256237,28.564612977280177],[-16.18219857978918,28.564648815010898],[-16.181956258658243,28.564642378554826],[-16.181674995016838,28.564777574981846],[-16.18132407314037,28.564751992218255],[-16.181256534264573,28.564671052751454],[-16.181248962388153,28.564528560849457],[-16.18101218293022,28.564328964802126],[-16.1802346208984,28.564084603589905],[-16.17977512737872,28.56404122397427],[-16.179761005531596,28.564129805718665],[-16.179926432852017,28.564418140401774],[-16.179916510284915,28.564664126549975],[-16.180329192578707,28.56487132854183],[-16.180429536192136,28.565146374429418],[-16.18067087495719,28.565379759372323],[-16.180559639148846,28.565467110172854],[-16.1801545257243,28.565514290125005],[-16.180024637448103,28.565582903299827],[-16.1798680649082,28.56579345778296],[-16.179510269142053,28.566039164593533],[-16.178964861060745,28.566259974577054],[-16.17914887617996,28.566424535312244],[-16.179375007871705,28.566515352422154],[-16.18010530620359,28.566427413071278],[-16.180664407227912,28.566270289702008],[-16.181116080311835,28.566353094355406],[-16.181043655345555,28.566559776863954],[-16.18108429301549,28.566747424350716],[-16.1809174001121,28.56710032975321],[-16.180935249286986,28.567380416184594],[-16.18084095320418,28.56748710586545],[-16.180340246837098,28.567591464508396],[-16.179223616894035,28.56811237687732],[-16.179217533534445,28.56818111380713],[-16.179350913575988,28.56838862426243],[-16.179641236356296,28.568679519782393],[-16.17988176885781,28.568841873185487],[-16.180230886714444,28.568968443334875],[-16.180272074412624,28.569049675602656],[-16.179247292340374,28.569401283386156],[-16.17887308341999,28.569656075581097],[-16.178343739709167,28.56980643515401],[-16.177825310441442,28.570165818820453],[-16.177841678112003,28.570203403342553],[-16.178683264792795,28.57018210608681],[-16.179275361016987,28.570235085835805],[-16.179173327455878,28.570375326246452],[-16.178991938893024,28.570491011779357],[-16.178819178549958,28.57091208110026],[-16.178478439817336,28.571247007725628],[-16.178146852317855,28.571466580393388],[-16.17792603426472,28.571791240332935],[-16.17715842913329,28.571993836410424],[-16.176943205586504,28.572117881608964],[-16.176693137632043,28.57239438054179],[-16.176407995760762,28.572332311673655],[-16.175866611169024,28.572461484132727],[-16.175493395111214,28.57245781342144],[-16.174623200833754,28.572587527635957],[-16.174427033336798,28.572548890720885],[-16.174315819649546,28.572404614861505],[-16.173899000179922,28.57223532904904],[-16.17360401086078,28.57222635525927],[-16.17313771400821,28.572066710043153],[-16.17158190597209,28.570996351063403],[-16.17117705073156,28.570605765114014],[-16.17084735939671,28.570018107078518],[-16.170542462391207,28.569681513599647],[-16.170160930588473,28.569392043608385],[-16.170082164965304,28.569263396193648],[-16.17018450914489,28.568776931862256],[-16.170088606432966,28.568345869801263],[-16.17012921842969,28.567773319848314],[-16.169712966320066,28.56734988411292],[-16.169265751706583,28.56662414223562],[-16.169073440944928,28.56621829680336],[-16.168797692991735,28.566010819607087],[-16.16851390243308,28.565574036420852],[-16.169313971771828,28.56498884371645],[-16.169440372318384,28.564679081668768],[-16.16935505612029,28.56445777090029],[-16.169381516693495,28.564352612163262],[-16.169632589075405,28.564077155673658],[-16.169639083210942,28.563665950993773],[-16.171283230327667,28.563232066244883],[-16.17156017186722,28.563049111244386],[-16.171728851537033,28.56281828041662],[-16.17214675927508,28.562643863708583],[-16.17251640745968,28.562352738499843],[-16.17262676997925,28.56209313161934],[-16.17268438901409,28.56164514843971],[-16.172807699269857,28.561476506070516],[-16.17308629694936,28.561261014794777],[-16.173180501710313,28.561082244316722],[-16.173204697123797,28.56058057720071],[-16.173415801459125,28.559829660990975],[-16.173307155126615,28.559618680982528],[-16.173634504524117,28.559580606088023],[-16.17383400363848,28.55943985171253],[-16.174655003871553,28.558585685563873],[-16.174875874124083,28.558532283279465],[-16.175425300972545,28.558676853537335],[-16.175591778502735,28.55844884408965],[-16.176073156741037,28.5582387024924],[-16.177253354489995,28.557981307368387],[-16.177636300304833,28.557828658180135],[-16.178092990354152,28.557495137334683],[-16.178768033035198,28.557406882653975],[-16.17910349346075,28.557177401415764],[-16.17961563597902,28.556591085568968],[-16.179991530948012,28.556330356457824],[-16.180123027522328,28.556102645749434],[-16.180411229325788,28.55581692811783],[-16.18062042791486,28.555763609114482],[-16.181031377636547,28.556032947604358],[-16.1812244198216,28.556098210054202],[-16.182294264583078,28.555877779929645],[-16.182720002715104,28.55590496532263],[-16.183131948375074,28.555741750102225],[-16.183310632629187,28.555565115667],[-16.18384084749367,28.555555338851068],[-16.18408662417352,28.555645887054617],[-16.18416220161141,28.555629776073726],[-16.185124202586657,28.555147649430356],[-16.18562972589784,28.55501450400974],[-16.185888422471898,28.554698129447726],[-16.185996542211054,28.554465472989577],[-16.186167084821005,28.55408293494815],[-16.186357813404513,28.553422153424798],[-16.186389893730762,28.553164411420397],[-16.18635255713938,28.55243353617768],[-16.186444234777607,28.552293706001073],[-16.18708479277466,28.551731981239413],[-16.187437810172177,28.551512624535516],[-16.187716176831394,28.551391756599042],[-16.18811644696006,28.551748705598506],[-16.188268819227982,28.551824612188373],[-16.189145120291276,28.552017765220697],[-16.189635218706673,28.552070115170867],[-16.190447543888332,28.552274109404166],[-16.190999364039023,28.552114788585943],[-16.1916105536117,28.552052780837126],[-16.192298254194206,28.552057040486684],[-16.192827172658316,28.55193396129683],[-16.19320119709722,28.55202851060272],[-16.193851732280084,28.55167230387225],[-16.194256789648005,28.551555723719726],[-16.195207980223298,28.55154577282848],[-16.195615575484023,28.551273097479935],[-16.1957457849338,28.55101551828055],[-16.19625582934284,28.55077350979317],[-16.196702542924363,28.550485919407084],[-16.19714734256335,28.550478468665247],[-16.19798529612113,28.550633815130467],[-16.19851333118688,28.551049588657925],[-16.198212269333773,28.551453402236593],[-16.19811201644706,28.55186002793645],[-16.19803718866371,28.552276014236707],[-16.19807413230713,28.552984929042925],[-16.198009350854207,28.55365002029376],[-16.197939288862905,28.553848711934677],[-16.19802909381248,28.55411628316444],[-16.19799192548872,28.5546661188521],[-16.198242478371977,28.555079233044083],[-16.198241734647794,28.55563642784618],[-16.19833906817713,28.555929492462056],[-16.198383434116067,28.55633484133689],[-16.198611424555686,28.556990957328146],[-16.198509359501976,28.557237857101953],[-16.19851803347256,28.557365572292635],[-16.19858968902499,28.557626913144574],[-16.198915997563766,28.55834286552941],[-16.198732413396918,28.559147023560904],[-16.198655469775346,28.559131881440727],[-16.19842454309539,28.558922760553465],[-16.198182685593356,28.558473197684215],[-16.197756548069282,28.55848773529546],[-16.197706130954174,28.558432709595508],[-16.197658371579564,28.558067914937215],[-16.19749164661989,28.55765647019587],[-16.197489711500292,28.557218137638422],[-16.19738793389458,28.55678611017688],[-16.19715043554096,28.556185203458814],[-16.19704986091781,28.5555321850338],[-16.19687808005479,28.55489276395013],[-16.196869661077997,28.55456235192715],[-16.196722069520252,28.554690407157622],[-16.19661858928182,28.55488830971646],[-16.196424070763996,28.555054703411496],[-16.19641912470163,28.555899252784897],[-16.19604953046063,28.556313846549667],[-16.195850428925475,28.556306584355447],[-16.195463769567624,28.55639543463351],[-16.19528284479262,28.55653490132966],[-16.19503738491394,28.556517739068436],[-16.194889252117992,28.55639100760539],[-16.194700052576422,28.556367148936577],[-16.19464244568985,28.556315208847614],[-16.19437887726035,28.555717983093867],[-16.193934308750446,28.555694456729587],[-16.19407997174008,28.55589963350685],[-16.194087373266925,28.556007477158527],[-16.193984496342217,28.556282946583583],[-16.193773436640136,28.55650780480796],[-16.19360071862922,28.557028830957687],[-16.193609170703635,28.55717636851805],[-16.193941999279158,28.557962278001646],[-16.193941989819056,28.558049310866355],[-16.193285167768856,28.55804996953486],[-16.19268234606815,28.557717344587086],[-16.19194386341615,28.55769215223164],[-16.191723863278597,28.557488736013877],[-16.19168192465507,28.557866685709282],[-16.191717370946503,28.55808311266173],[-16.191654692099487,28.558217962292986],[-16.19164544657642,28.55861874821857],[-16.191892550256995,28.558893038318505],[-16.192166744895665,28.558883337598516],[-16.19238553580255,28.559129688830442],[-16.192240523339695,28.559784281784],[-16.19241865348383,28.56007173111299],[-16.19263665419351,28.5601343569262],[-16.192897187026237,28.560399618846795],[-16.193203300917887,28.56058388191924],[-16.193259099497027,28.56086869598631],[-16.193248574315536,28.561227984792918],[-16.193495532456858,28.56143951874261],[-16.193963681924625,28.56164539702836],[-16.193916902595177,28.561698896447293],[-16.193752080593544,28.56169543642294],[-16.193053089873377,28.561366412375897],[-16.192485329969713,28.561245613914135],[-16.192326586559,28.561287993333345],[-16.19217024553455,28.561409306426544]]]}},{"id":"122","type":"Feature","properties":{"categoria":"Reserva Natural Integral","nombre":"Roques de Anaga","codigo":"T-3"},"geometry":{"type":"MultiPolygon","coordinates":[[[[-16.16122564687748,28.593308610782437],[-16.16079723789912,28.59359342256919],[-16.16075302087813,28.593589739540747],[-16.161046304891947,28.593245523623196],[-16.161234224835066,28.59321449161632],[-16.16122564687748,28.593308610782437]]],[[[-16.15978751360472,28.591934960191928],[-16.16064034035842,28.591877934245225],[-16.16074301113113,28.59190611771926],[-16.16077982272733,28.591989739851858],[-16.160935680299815,28.592009706029447],[-16.161116370591934,28.59213054506438],[-16.1611365864873,28.59220212473803],[-16.161261501908335,28.592291039504854],[-16.161291273545892,28.592394668119766],[-16.161272048799866,28.5924877051443],[-16.16112498752305,28.592607559346323],[-16.161059128554786,28.59280262273353],[-16.161130023592186,28.593112312540345],[-16.16094969697191,28.59333182212771],[-16.160418765631793,28.59364873853924],[-16.160286465058956,28.593632360995958],[-16.160112980653103,28.593748829989828],[-16.160011780783876,28.593901324056407],[-16.159725857185194,28.59400359140167],[-16.15913605521414,28.59411901554136],[-16.159063222187594,28.594228756354727],[-16.15895540035807,28.59426253062876],[-16.1589455797115,28.594346100460054],[-16.15886065122723,28.594378686218608],[-16.158806020261785,28.594497748141865],[-16.158685582395986,28.59450013099622],[-16.158576757458672,28.59438652706436],[-16.158399285519604,28.5939531039802],[-16.158327924323125,28.59388936163409],[-16.158225682138244,28.59313552202855],[-16.158328652073074,28.592761889213428],[-16.15848409505898,28.59259476298471],[-16.158708093238545,28.592468748747123],[-16.158723616803414,28.5922431589695],[-16.158862820504442,28.59223646405674],[-16.1588328113307,28.59199907887705],[-16.158925059718356,28.59175767064389],[-16.158931806843682,28.59160833110447],[-16.158785695404436,28.591227529793873],[-16.15868089864839,28.59119187180113],[-16.158656508892655,28.591103178903914],[-16.158855629466785,28.591012125190808],[-16.159325429503443,28.59140595465451],[-16.159475370925538,28.591446009729676],[-16.159601562880333,28.591567587501174],[-16.15978751360472,28.591934960191928]]],[[[-16.157028794531616,28.604148636659787],[-16.156717223031638,28.604218354444466],[-16.15669233032348,28.604270643906183],[-16.15652158605286,28.60432174060434],[-16.156273188706628,28.604482256534702],[-16.15594014829668,28.60473970543903],[-16.1557917417353,28.605019046091783],[-16.1555179263898,28.605240248167362],[-16.1552379665319,28.60518035785858],[-16.155052727063943,28.605019116056024],[-16.155034985529607,28.60494922933695],[-16.15520748250768,28.604712284570756],[-16.155201143330675,28.604646993982385],[-16.15527781391063,28.604597242035638],[-16.155301802580986,28.604452900454472],[-16.155351660127813,28.604410868090085],[-16.155440758107353,28.603889247423368],[-16.155552489196342,28.603847229250384],[-16.155542000188497,28.603776558740737],[-16.15563137727985,28.603673086861416],[-16.156090152169014,28.60357874054143],[-16.15623236766815,28.60347211010753],[-16.1563504135879,28.603231657025702],[-16.156731539200507,28.602770994069672],[-16.157064933457995,28.602061182399304],[-16.1571928408429,28.601881025032565],[-16.15731452224556,28.601786031124025],[-16.1574673216703,28.601768300506144],[-16.157661096040464,28.601952661782178],[-16.157625283968837,28.602090967357658],[-16.157670958281212,28.602339229824903],[-16.15754822115308,28.60260851538447],[-16.157387544763886,28.602644815616923],[-16.15740711341369,28.6026853535706],[-16.157315661855396,28.602720611541624],[-16.157313328680914,28.602862331736965],[-16.15721982261748,28.602924773923483],[-16.156992809160148,28.60292707218132],[-16.156918814966737,28.602875536166792],[-16.15680236185144,28.602934473403568],[-16.15717797805867,28.60329662042937],[-16.15719864049185,28.60343697104957],[-16.157309197883457,28.60360525549369],[-16.15729683246951,28.6037180894615],[-16.15736224170044,28.60378874231906],[-16.157277708542544,28.604026112296754],[-16.157028794531616,28.604148636659787]]],[[[-16.160718729868698,28.593754206892445],[-16.160542034354187,28.593932077319376],[-16.16026789211687,28.59408280218139],[-16.16014603797693,28.59409584853186],[-16.160146272437117,28.594033390053347],[-16.160614351681915,28.59366385234997],[-16.160691859059806,28.593653983032624],[-16.160718729868698,28.593754206892445]]]]}},{"id":"123","type":"Feature","properties":{"categoria":"Reserva Natural Integral","nombre":"Ijuana","codigo":"T-1"},"geometry":{"type":"MultiPolygon","coordinates":[[[[-16.123479068839956,28.56221940702396],[-16.123534445017803,28.562139297643355],[-16.12371135569628,28.562138356484517],[-16.123859408810038,28.562186699197124],[-16.123925112553728,28.562292539906817],[-16.123761567985245,28.562347822152006],[-16.123479068839956,28.56221940702396]]],[[[-16.119566424023283,28.551415039703816],[-16.1193258614802,28.551510068619017],[-16.119257109816736,28.551452257733157],[-16.119384916689253,28.55123774786393],[-16.119459051843428,28.551218886727526],[-16.119588131951424,28.551319992320508],[-16.119566424023283,28.551415039703816]]],[[[-16.120373302047987,28.551280841785957],[-16.12013727452153,28.551203517459655],[-16.120099869040008,28.55099170585033],[-16.120272741873173,28.550944212580337],[-16.12056808338104,28.551012481775587],[-16.12056707869762,28.551146403260972],[-16.120373302047987,28.551280841785957]]],[[[-16.12030456940392,28.55997650104916],[-16.120084867142563,28.559956003007798],[-16.1200491994914,28.55988937242217],[-16.120073557578703,28.55980507976333],[-16.12025517716346,28.559714344596443],[-16.12075820778923,28.559711906650424],[-16.120676021262494,28.55983786078838],[-16.12030456940392,28.55997650104916]]],[[[-16.12473693083091,28.562065824545154],[-16.124434324336672,28.56213955300912],[-16.124314832680174,28.562070856252998],[-16.12443934218873,28.5619595408917],[-16.12457774950053,28.561932355251077],[-16.12472267433767,28.5619479961028],[-16.124762203234468,28.561996686571316],[-16.12473693083091,28.562065824545154]]],[[[-16.123038061327115,28.560385479393158],[-16.1227200993254,28.560440512640817],[-16.122674600560458,28.560384000586247],[-16.122794857668747,28.56030066517285],[-16.12306852016042,28.560302146635625],[-16.123038061327115,28.560385479393158]]],[[[-16.128242294041303,28.53824219966161],[-16.128104226421495,28.53837599639508],[-16.12797181153582,28.53837171710467],[-16.128046143044173,28.538226445896402],[-16.128257427555088,28.538017407986647],[-16.12829937004321,28.5380314734229],[-16.12830059251611,28.53810207978017],[-16.128242294041303,28.53824219966161]]],[[[-16.119709727513435,28.55458013680199],[-16.119679036606623,28.554519918295345],[-16.11973897471772,28.554455612736152],[-16.120338843479534,28.55457350181741],[-16.12046254208537,28.55450668405509],[-16.120457263625628,28.554336414165796],[-16.120405743499266,28.554249561661877],[-16.120313548945877,28.55420230628485],[-16.120088085205982,28.55427375442231],[-16.119991717147915,28.55424747270388],[-16.119875922951163,28.554104920659867],[-16.120326519370167,28.554056345200337],[-16.12049838415473,28.554271361041806],[-16.12057664809183,28.554168238092366],[-16.120597019887605,28.553741437846877],[-16.120575318849163,28.553628571084047],[-16.120477761692197,28.553545934508488],[-16.119861091333966,28.553746635562586],[-16.119661024804127,28.553658119936856],[-16.11937690694002,28.553634920595382],[-16.11948706540324,28.55352507289692],[-16.119546142068444,28.553350391153348],[-16.119659351159758,28.553451627487906],[-16.1198065856101,28.553425863297484],[-16.11973423414203,28.55331201522367],[-16.119900168264255,28.553053777148595],[-16.119983098568966,28.553017802771798],[-16.12007332502242,28.553091700231217],[-16.120105108584546,28.553042699612753],[-16.120147975105738,28.55282392582242],[-16.119915231558995,28.552757792943314],[-16.119899202527037,28.552663065876363],[-16.120226955037968,28.552588607882914],[-16.120361633204336,28.552004531409278],[-16.12054219267994,28.55178597486837],[-16.120661421428654,28.55154833880362],[-16.12077918138664,28.551480938028803],[-16.120784345262063,28.551263919397655],[-16.12091217773316,28.55131755922432],[-16.12108643206769,28.551198787186056],[-16.12136137576045,28.551099581153174],[-16.121797493125815,28.551103920546453],[-16.122271070060386,28.550890972915667],[-16.12245105832441,28.550725128269868],[-16.122884669775146,28.550705386509772],[-16.12319438547013,28.550521409385343],[-16.123302829527585,28.550404803651762],[-16.12358019159092,28.550341224384045],[-16.12366942555214,28.55023497630816],[-16.12367290144975,28.550109852437178],[-16.1243637552473,28.5500478125248],[-16.124588522054353,28.54988303834506],[-16.12462221262545,28.54975405392142],[-16.12478315106231,28.549729524760767],[-16.12513045969939,28.54955353541268],[-16.12509748273902,28.549374559920327],[-16.125131430765006,28.549231403020595],[-16.125362795962268,28.54884147396837],[-16.125290054363276,28.548671943999846],[-16.125844888359694,28.548556238600845],[-16.126150896422004,28.548563836347437],[-16.126268882625027,28.54836368024343],[-16.12661650532487,28.548133341343757],[-16.12670300887548,28.548003430773235],[-16.1267221754866,28.547876759616326],[-16.126609920277012,28.547652944266936],[-16.126617965330016,28.54758289285808],[-16.12685246128755,28.54731986265349],[-16.127017689758098,28.546879746794925],[-16.127273860976036,28.54672689219824],[-16.127481558599996,28.546412610343964],[-16.127513923314325,28.546236341997787],[-16.1274574845062,28.54587975719142],[-16.127638102708143,28.545150882479465],[-16.127651663448237,28.5448406495339],[-16.12759575040024,28.544667731730456],[-16.12742938183746,28.544414816440895],[-16.127164694345865,28.544339438859712],[-16.127173128231217,28.54425795773172],[-16.127343071373865,28.544110421966522],[-16.12712784859028,28.5439508306717],[-16.12699080027641,28.54393346577393],[-16.12688944957457,28.543784030364655],[-16.126576820405507,28.543778230887934],[-16.1265318338928,28.54371939605643],[-16.126815590657237,28.543643843621847],[-16.126813856651864,28.543557753563228],[-16.12663127732322,28.543420725346607],[-16.1267691658638,28.543315425420484],[-16.12676764373143,28.543047557525124],[-16.126812323123232,28.542923896711283],[-16.127329802444965,28.54249379934613],[-16.12736400426343,28.542404694208642],[-16.127326707422778,28.54220312773415],[-16.12737794965735,28.542029726187263],[-16.12788720688594,28.541333105170033],[-16.12787960189679,28.541168983200112],[-16.127762640874312,28.541153482915696],[-16.12765663977682,28.54126781538557],[-16.12728587822466,28.54135970614966],[-16.12720019033801,28.54126998074241],[-16.127222627523675,28.541111755767627],[-16.127555413594266,28.54054443980037],[-16.128605943359464,28.53940489160375],[-16.128860395727862,28.539007363825466],[-16.12888005646581,28.5387519556716],[-16.128829461797565,28.53859839908678],[-16.12863240199701,28.53844470605586],[-16.12839587920606,28.538353247436557],[-16.128362250668413,28.53822163537792],[-16.128462987790286,28.538053914411265],[-16.12868413327172,28.537914796677907],[-16.128759121036996,28.537781352238994],[-16.128688167579963,28.537702606737685],[-16.128934373282696,28.537615267929404],[-16.129053721964926,28.537305779710742],[-16.129131170119717,28.537226793305834],[-16.129196351404396,28.53725305742598],[-16.12920517648983,28.53694006552321],[-16.12928271666078,28.536869742873083],[-16.12939909429332,28.536866428364814],[-16.12944548021995,28.536759540163988],[-16.12945203264106,28.536473102487868],[-16.129383249446565,28.536310310676228],[-16.129216202857705,28.53618173078071],[-16.128920457518085,28.536098987747657],[-16.128277046268487,28.53577986358333],[-16.128110531325937,28.535739368020465],[-16.127669451808348,28.535790957522003],[-16.127677137775446,28.535706504037314],[-16.127823298158177,28.53563037750486],[-16.127514187606845,28.53563601303369],[-16.12747857803136,28.535584050272462],[-16.12750779474284,28.535525141086048],[-16.12735691775888,28.53555184596824],[-16.127211125406,28.535652969952757],[-16.127175200910578,28.535571405646166],[-16.127262587572126,28.535437100917857],[-16.127410284684938,28.53536132309788],[-16.12781009341388,28.535350151030794],[-16.12797552649498,28.535468583272408],[-16.12796576297182,28.53537714445924],[-16.127853143011162,28.535254266209243],[-16.127969755480745,28.535202149415696],[-16.1274294799133,28.535080132595905],[-16.12694880328692,28.535262802804006],[-16.126839684532573,28.535256578030893],[-16.126759350756217,28.535150832362113],[-16.126924847236843,28.534846017294186],[-16.126914170446856,28.534783919269465],[-16.12662562887124,28.53475910103501],[-16.126620013537327,28.534643402872515],[-16.12647515774696,28.53457789603988],[-16.12659333759916,28.534388731197456],[-16.126502922537778,28.534295975636375],[-16.126187660357843,28.534136038664276],[-16.126152173329864,28.53406665502556],[-16.126052281245457,28.53435135766672],[-16.125929823179632,28.534378529295825],[-16.12589146575247,28.5342602504345],[-16.1257946336753,28.53419832500916],[-16.12578074647695,28.53411296734398],[-16.12560537141848,28.533873165731645],[-16.125452995664045,28.533787511690882],[-16.125349466442383,28.533662732728345],[-16.12525556591824,28.53340528725971],[-16.12522750512495,28.53314016595813],[-16.125023505459325,28.532755017086817],[-16.125099243245884,28.532707456335125],[-16.12536971139654,28.53280747590025],[-16.12546415388356,28.532971681970107],[-16.125642368271258,28.53312300903625],[-16.125782180007505,28.533084393737106],[-16.125808540158854,28.532848055482535],[-16.125904980147602,28.532827065640426],[-16.12590588364878,28.53277457405953],[-16.12557979963647,28.532135310326417],[-16.125717552626863,28.5320742744349],[-16.126041072339138,28.5320608248602],[-16.12629868611647,28.53193818737429],[-16.126412803607828,28.531953487090405],[-16.12670184798898,28.532156964283953],[-16.126974519862856,28.532147120361472],[-16.12705777671665,28.532085957688015],[-16.127163336946765,28.532132646744284],[-16.12727174436329,28.53241804018998],[-16.12776316462489,28.532603498702894],[-16.128318168778307,28.53312589562993],[-16.128405783640254,28.53332030189213],[-16.128612460144083,28.533377062860666],[-16.128277499398983,28.533808221857438],[-16.1283765220613,28.533969668594242],[-16.128533353435046,28.534022428969042],[-16.128565523417116,28.534096893874576],[-16.12896166739167,28.53433684204727],[-16.129103501583536,28.53463170359343],[-16.129195167840148,28.535042871214706],[-16.129629671276195,28.535620778924766],[-16.12968236912405,28.535810573736097],[-16.1300838693249,28.53617425129707],[-16.130282247319297,28.53654742556074],[-16.130446377832154,28.536710957548927],[-16.13068591970927,28.536756077030578],[-16.13105178805409,28.537183913538836],[-16.131423710604764,28.537097147722285],[-16.131835155802104,28.53718921011371],[-16.132155966325314,28.538258418701076],[-16.132453235529873,28.53789987916746],[-16.132572699235233,28.537573418938276],[-16.132669707337172,28.53744092600471],[-16.13342230757856,28.537055191309772],[-16.13348090326656,28.53778287121165],[-16.134143364797733,28.539203414642678],[-16.13425712736742,28.53930593409134],[-16.134440455463196,28.53937979645254],[-16.134827010782868,28.539873288299148],[-16.13524978047672,28.540156624498714],[-16.135270381834516,28.54047178011427],[-16.135423251635682,28.541018392706462],[-16.1353313841457,28.541391954756705],[-16.135659515865008,28.54159254871741],[-16.135712404256022,28.541755912169283],[-16.13590662932139,28.541985875615374],[-16.136073597464094,28.542057902036294],[-16.13629089936733,28.542056083700157],[-16.13658581337901,28.54213834778239],[-16.13686336382344,28.54239020336446],[-16.137384952678097,28.54274732877661],[-16.13781311081402,28.542738100512295],[-16.138485853713103,28.542884966950282],[-16.138730479735823,28.54304672125083],[-16.139041039729968,28.543394318739605],[-16.13937503003761,28.544137103379594],[-16.13976349535051,28.544597009682757],[-16.140039914335066,28.544741544493483],[-16.140109120299822,28.544935835088896],[-16.140378412506227,28.545012646775632],[-16.14130537255107,28.545614879864164],[-16.141614598412662,28.54583821783281],[-16.141925237106868,28.546191457588915],[-16.142137926409067,28.546353474024986],[-16.142368875891755,28.54643060419646],[-16.143072255933415,28.546452934104103],[-16.143911266952454,28.546604022986525],[-16.144110990843004,28.546749195425562],[-16.14468825370014,28.546930726016964],[-16.14525784733632,28.546993704529545],[-16.145605188707297,28.5471941115086],[-16.14609046716386,28.547144833690602],[-16.146461731059226,28.54719253116494],[-16.146577457967915,28.54725368598931],[-16.146829860733718,28.547539623705305],[-16.147531993279323,28.54803639769959],[-16.14824817015549,28.548058583343682],[-16.148666145715698,28.548286625880696],[-16.149317698559816,28.548538114928167],[-16.14982343329337,28.548607264644588],[-16.150003145716582,28.548673515507488],[-16.150345832066005,28.549032113644795],[-16.15040697661968,28.549364846869565],[-16.150537827369785,28.5496405072516],[-16.15106145255675,28.549590886499292],[-16.151443669906943,28.549469031111556],[-16.151805397558817,28.549519610597095],[-16.152389014332453,28.54969541289254],[-16.152995252763038,28.550187321625195],[-16.15373277351504,28.55040698375162],[-16.15443462805879,28.55087265714456],[-16.15519179332798,28.5511345101068],[-16.15564000683033,28.551495021192384],[-16.155733955579187,28.551610010338173],[-16.155813121631205,28.55183527325275],[-16.15613003372316,28.552026037540497],[-16.156565529211772,28.552392294672078],[-16.157687352021238,28.552679266933183],[-16.15788034683424,28.552790584779082],[-16.158100584276678,28.553054183803884],[-16.158436217675657,28.553056960950844],[-16.158850954382523,28.553131085933625],[-16.159255999828297,28.55334227325425],[-16.159665112443484,28.553632488436723],[-16.160275699743448,28.553641395803552],[-16.160679139192816,28.553705728701807],[-16.160977725793895,28.55382744813444],[-16.161106771391317,28.553936492212944],[-16.161902975363127,28.554257279779304],[-16.1622037095172,28.55428294622023],[-16.16242331342402,28.554196343003923],[-16.16253202757425,28.55420105296128],[-16.16288163051613,28.554311031210236],[-16.164015540598914,28.55453006490562],[-16.164565633375933,28.554995586498997],[-16.164695927159332,28.55521757100963],[-16.16474924055662,28.555414809049584],[-16.165084176322445,28.555890189073573],[-16.16502592406354,28.556199831921536],[-16.16509472650542,28.556399933311255],[-16.165551580983962,28.556528280404002],[-16.165685806057343,28.55663444142565],[-16.16572754744808,28.556764619328217],[-16.165618825345508,28.557037817452162],[-16.165839598526603,28.557340984592447],[-16.165877063889884,28.557465278400898],[-16.165849640421055,28.55754724922965],[-16.16548625488638,28.55793848620585],[-16.165347519664348,28.558010482769152],[-16.164802055298836,28.557976445313425],[-16.16442775731334,28.557533605661174],[-16.163952085823343,28.557521944998342],[-16.163695748360308,28.557262005083167],[-16.162854808111426,28.55739186934325],[-16.162785990333163,28.55746911284904],[-16.162753493843326,28.55775291966816],[-16.162638727666597,28.55789271563366],[-16.161713747353254,28.55815910015593],[-16.16163284892999,28.558691992811053],[-16.16172914809529,28.558747063797846],[-16.16214832771369,28.558612920821684],[-16.16236754311482,28.558619482547815],[-16.162629565298058,28.558451556478104],[-16.163129969921197,28.558469760851754],[-16.16337530311674,28.558812794959227],[-16.163955747437964,28.559110174120985],[-16.16411454563212,28.559392484928022],[-16.164120496120553,28.559440873959694],[-16.164079242265966,28.559449702767207],[-16.16386334643844,28.559188423674442],[-16.16322418154764,28.559003437022007],[-16.163024001402896,28.55876544310853],[-16.162911731491743,28.558711096552233],[-16.16281880334519,28.55872468191359],[-16.16280755263066,28.558821820930874],[-16.162973741989813,28.558953803591834],[-16.16309221328499,28.559176089348867],[-16.163648578088655,28.5595770005095],[-16.163754521852827,28.55979588209519],[-16.16372548858917,28.559912000905964],[-16.16353767544535,28.559919432584373],[-16.16265063000923,28.559560037546756],[-16.162531436475486,28.55961527495266],[-16.162156430076102,28.559976854642944],[-16.16188679603298,28.560126947367852],[-16.16122217343078,28.5600648625211],[-16.16047979048207,28.560185791396833],[-16.160350149553405,28.56029435793449],[-16.160037692212505,28.560272307908516],[-16.15969582095004,28.560154864781108],[-16.15942399471025,28.55973590168211],[-16.159206697743198,28.559510909636078],[-16.158884060479647,28.559235894543022],[-16.158525560276104,28.5590352574395],[-16.158128865662302,28.558696060091293],[-16.157135152474076,28.558385103114365],[-16.15680971987155,28.55833232484585],[-16.156335713867975,28.558109515626892],[-16.15590080238889,28.558108589974232],[-16.155546861569714,28.55832456170135],[-16.155364101025825,28.558381669816253],[-16.15470752899185,28.55823449053707],[-16.153855532584224,28.558183855190745],[-16.153708830821284,28.558185102232727],[-16.153479310288706,28.55827964617133],[-16.153066220160024,28.558357228880315],[-16.15269393910021,28.558332610327227],[-16.15187750302065,28.55842056395029],[-16.151549495774105,28.558372415950156],[-16.15154070639192,28.558527585782013],[-16.151398925848724,28.558923792312363],[-16.151061310568373,28.559641678993053],[-16.15089620535232,28.559887229578607],[-16.15044484759714,28.56035538521698],[-16.150120453677058,28.560473670725617],[-16.149788015720016,28.5608743341829],[-16.149635588713092,28.561152475495973],[-16.14929718819561,28.56247635884145],[-16.149301138632538,28.56283996523144],[-16.149538178822645,28.56316332008601],[-16.14943161028797,28.563325843399813],[-16.149716946314115,28.563440388683855],[-16.14993082569192,28.56362571255334],[-16.150114208658433,28.564328043785572],[-16.150377951759925,28.564891467092842],[-16.150374550610973,28.565242382457775],[-16.150243229326737,28.565564597765633],[-16.150297720722083,28.56592565450365],[-16.1503925287783,28.566009907674243],[-16.150808496911875,28.566180754559415],[-16.150976046889685,28.566311187917933],[-16.15146162631762,28.567015213463133],[-16.150864386160848,28.567504374312335],[-16.1507761304669,28.567641002446823],[-16.15064953316856,28.56808369620404],[-16.15040935506746,28.5683971411506],[-16.15031080119921,28.568471579990078],[-16.15003262343131,28.568533389101596],[-16.149529030852747,28.568498015816434],[-16.14921978859567,28.568650675898482],[-16.148982652209675,28.568655517997755],[-16.148807006958137,28.56871362239779],[-16.148357491158325,28.568640989769104],[-16.14816867800545,28.56866806661757],[-16.14773792612247,28.56884723057059],[-16.147287744947853,28.568712314657038],[-16.14715425407635,28.568520946134868],[-16.147057648880246,28.568479297519737],[-16.14684664229382,28.56852920525081],[-16.146506716239227,28.56851225754257],[-16.146050639614426,28.56842552057199],[-16.14578923474557,28.5682607100325],[-16.14556878208217,28.568324847616484],[-16.1450334191418,28.56831521397123],[-16.144587331493756,28.568262350938255],[-16.1444035797534,28.56816481807864],[-16.14381044363743,28.568444421631522],[-16.143439204463583,28.568495683621173],[-16.143235186925,28.568599310210995],[-16.142841978838202,28.568990459841682],[-16.142330274900534,28.569391099004267],[-16.141751953594294,28.569560168329364],[-16.141091444066564,28.5698346590477],[-16.14049184459611,28.57040871670812],[-16.140177704683673,28.570405697625272],[-16.13908280013201,28.57022805492801],[-16.13831926558441,28.570460940869683],[-16.137648408304493,28.570967639552265],[-16.13666032321884,28.57148266080688],[-16.136670262634848,28.571810963920186],[-16.13640103235044,28.57211046714687],[-16.136255634809235,28.572449981228853],[-16.13604167521521,28.57267259238477],[-16.135620786601677,28.572579857905772],[-16.13475251101371,28.572615444312504],[-16.134397301974563,28.572669372847646],[-16.13361145052005,28.572916571442143],[-16.132873293569332,28.572977936891586],[-16.13272856854298,28.57323251111897],[-16.1328089440911,28.573542049129188],[-16.132607322295797,28.57374428959778],[-16.132504886579042,28.574032609200938],[-16.13250603213661,28.574139561728185],[-16.132627214856235,28.574242172818025],[-16.13261337280798,28.57430913177068],[-16.132508038790206,28.574434771527674],[-16.13227860075121,28.574558351153545],[-16.13218866824369,28.57457841635176],[-16.132060814879416,28.574532685552196],[-16.13190682567352,28.574764618851372],[-16.13179063182764,28.574788982430654],[-16.131662599471817,28.574726537385796],[-16.13168648769293,28.574536846180354],[-16.13162970784239,28.574189654563913],[-16.131495913394158,28.57405015189572],[-16.131256998460064,28.57396649133094],[-16.131003393252644,28.573589531250096],[-16.130590641252397,28.57356065956073],[-16.130312319866714,28.573635363532023],[-16.1296918887036,28.573297829293885],[-16.129374320720512,28.57302925421228],[-16.129004122401327,28.572848935191633],[-16.128560815322913,28.572792422435814],[-16.128237571153022,28.572690955358304],[-16.12851101056147,28.572322712068164],[-16.128450103674645,28.572094492256696],[-16.128338559312297,28.571998665595217],[-16.128201257023903,28.57199926574128],[-16.127785411874527,28.572111119966994],[-16.127721207460198,28.572034665343764],[-16.12776960628737,28.571942472883446],[-16.127692236554996,28.571809744827913],[-16.12724658303634,28.571649660507024],[-16.12719648021665,28.571437199225773],[-16.127252753865257,28.571201344424853],[-16.126840171833486,28.570985991037247],[-16.12675242345821,28.570897095607016],[-16.12659644368278,28.57047833979891],[-16.12664590983557,28.570260782436872],[-16.12652366934866,28.570057900212912],[-16.12659669343663,28.569782013452944],[-16.126551268932054,28.56929925069533],[-16.126459168787388,28.56915677913596],[-16.126194580765738,28.569013031456098],[-16.126099956628195,28.568892693281274],[-16.126109688583742,28.568740892309282],[-16.12604205442613,28.56853404543377],[-16.125956505179047,28.56845939159304],[-16.12597094209986,28.568252071256456],[-16.125895518420634,28.568048131976653],[-16.125636167431395,28.567899483894],[-16.125526027522394,28.567934965477992],[-16.125466999429438,28.567902601885493],[-16.1253767293431,28.56770126745138],[-16.125163943084473,28.56763091740433],[-16.125117459774682,28.567528411014973],[-16.125188543756554,28.56743512876848],[-16.125290054999244,28.56741506252835],[-16.12542388654659,28.56755962580479],[-16.12545125129138,28.56747952233973],[-16.125415434468145,28.567389834193722],[-16.12551285770838,28.567321875779133],[-16.12574200322909,28.567334777052253],[-16.125742481699163,28.567149206845933],[-16.125801883593386,28.567043836644004],[-16.125973226930803,28.56706272266453],[-16.12607784015831,28.567017177928264],[-16.12633915849067,28.56673918708348],[-16.126427777146873,28.566574185705424],[-16.126503800698075,28.56602335437265],[-16.126672881117816,28.565781960157828],[-16.126653651148434,28.565445104062125],[-16.126534281419346,28.56530003378785],[-16.1265828813055,28.565186575729545],[-16.126531386247663,28.56502819782819],[-16.126064146256148,28.564645816092114],[-16.126221187275398,28.564579618911605],[-16.12613176225224,28.564486314254125],[-16.126112628261783,28.564407950321478],[-16.126170527533624,28.564382468967242],[-16.126107238019685,28.564295355581955],[-16.126191897342697,28.564229127233453],[-16.126385157260522,28.56422999637593],[-16.126390040207987,28.564138436284814],[-16.126656707052902,28.56414160200571],[-16.126582489251298,28.564050707585928],[-16.126246836500975,28.563887232931425],[-16.12630817874615,28.563849087112743],[-16.126637468712,28.563916212027276],[-16.126716532109327,28.563737390352614],[-16.126319339533183,28.56366830200227],[-16.12613124701968,28.563544858333202],[-16.12600411050262,28.563519829238295],[-16.12573078565069,28.56360079991857],[-16.125042549031427,28.563446122033408],[-16.125099146976833,28.5633848202892],[-16.124772814091195,28.563432111706394],[-16.124520076433022,28.563343679299596],[-16.124446760507233,28.563255655347938],[-16.12452130238922,28.56319934976017],[-16.125265086950613,28.563338406777554],[-16.12538426788802,28.563345992877615],[-16.125462146699984,28.56329588677617],[-16.12552511401104,28.56306457997661],[-16.125687632586967,28.562802392218146],[-16.12574669560331,28.562434831119678],[-16.125695004012016,28.562201045515845],[-16.12560390654661,28.562101165612074],[-16.125340376162068,28.56195894133004],[-16.12438684488258,28.56174872252499],[-16.122974195821463,28.561713277604134],[-16.12278417196242,28.561580548718247],[-16.122818483203915,28.561451740216505],[-16.123206776749896,28.561270993639674],[-16.12332763553974,28.56124427040605],[-16.123593405084655,28.561289725663794],[-16.12387630884042,28.561235125055482],[-16.123975260564592,28.56110939124339],[-16.123833087520886,28.56092924412973],[-16.123704989247084,28.56089032132698],[-16.12380110455042,28.56080746470259],[-16.123760473150124,28.56070686776601],[-16.123600095508234,28.560562477128755],[-16.123385685797214,28.56045425687691],[-16.123399362315922,28.560362633038046],[-16.123340055252736,28.56029582897716],[-16.123209490811732,28.56023636575966],[-16.122636420423003,28.560238760393755],[-16.122644923252395,28.56014410167638],[-16.122769081653335,28.560014188950845],[-16.12279460811588,28.55991496684947],[-16.123030294705348,28.55986184172706],[-16.1229717883065,28.55971439607056],[-16.122773244995958,28.55962623380523],[-16.122303980985816,28.55957469762408],[-16.122046917933137,28.55965570682687],[-16.121971121624952,28.55960326281374],[-16.121926500213988,28.559338278682525],[-16.12195213919857,28.559143564813827],[-16.121659213829886,28.55902386932022],[-16.121416490358456,28.559046651919353],[-16.12124322576792,28.559330386476066],[-16.120957826617385,28.55950612587319],[-16.12064292975656,28.55951260721474],[-16.11995897668713,28.559363463289944],[-16.119923607862628,28.559315377833588],[-16.120180747354794,28.5592415022393],[-16.120677098018046,28.559273597613753],[-16.12041334033971,28.55912793557631],[-16.12039017173228,28.55907352185772],[-16.120572982771094,28.55907515361481],[-16.120528326171616,28.55900822730879],[-16.120278011268805,28.55893680702408],[-16.120312805488293,28.55884373651395],[-16.12038969013223,28.558815664017065],[-16.120746028098207,28.558953945924397],[-16.120758535005578,28.55847473595628],[-16.120701327325296,28.55832985079042],[-16.120084797227264,28.557768049986787],[-16.119886732009313,28.55748303069156],[-16.119905420738533,28.557346048133894],[-16.12002199817464,28.557301492503804],[-16.119827718833058,28.557074657081237],[-16.119920930320216,28.55705358040519],[-16.11974519707066,28.556396069800847],[-16.119675350496195,28.556200338749715],[-16.119508319387315,28.556055862436448],[-16.11952965754082,28.555898730913928],[-16.119420178912673,28.55567688150002],[-16.11942852097122,28.55559576263038],[-16.11952823787647,28.55554232087248],[-16.11969398421055,28.5551983502295],[-16.11994032393232,28.555220551799493],[-16.120062846893017,28.554893842322183],[-16.119878674430257,28.554847887115823],[-16.119846140635616,28.55477775567339],[-16.119953062330715,28.55465177844141],[-16.119936498905336,28.554564547085274],[-16.119709727513435,28.55458013680199]]]]}},{"id":"129","type":"Feature","properties":{"categoria":"Reserva Natural Integral","nombre":"Pinoleris","codigo":"T-4"},"geometry":{"type":"Polygon","coordinates":[[[-16.484366671424603,28.38583955360613],[-16.484279555020414,28.385635596417103],[-16.484368748153,28.38522525444429],[-16.484180005002678,28.384991727904968],[-16.484141337091486,28.384531543162808],[-16.48373294869268,28.384369748242097],[-16.482975132507956,28.38389522657599],[-16.482485468335636,28.383473556156773],[-16.482347009274875,28.383282181769793],[-16.482222882866576,28.382937802386852],[-16.48204860973812,28.382834159482904],[-16.481531828950132,28.382661455629407],[-16.481191261162724,28.38243588471569],[-16.48045145054139,28.381621226516184],[-16.478912767434668,28.38059337517131],[-16.478689585782142,28.38040270443955],[-16.478579460134053,28.380231636645846],[-16.477809633952887,28.379649635227857],[-16.47746433897639,28.379307490979016],[-16.477139897642676,28.379136416913067],[-16.477807180922806,28.378864023438485],[-16.47834006808992,28.37873306474275],[-16.480449248935283,28.37801115216583],[-16.481258070319676,28.37765700709951],[-16.48167464691846,28.37763477109297],[-16.48268773790659,28.377426850971762],[-16.483876717850247,28.377409415013627],[-16.484576302870597,28.37757758695088],[-16.485277876815704,28.377426966147237],[-16.485999117651915,28.377815450634735],[-16.48681979345602,28.377968842948064],[-16.486919591543803,28.378345410215147],[-16.487065740978792,28.378567728656225],[-16.487701611847086,28.37903577112049],[-16.488262825953655,28.379590436625264],[-16.488464092232714,28.37973943607866],[-16.48887644988568,28.379806319876682],[-16.489222389720297,28.37978951640637],[-16.489483217668983,28.379901645581047],[-16.4897081990159,28.38029428754381],[-16.490050431324327,28.380723877347645],[-16.490305395935522,28.380895941539677],[-16.49150976863597,28.38148223872042],[-16.4918115845667,28.38157386079228],[-16.4926809201733,28.3817081012707],[-16.49318108711726,28.381960468396006],[-16.493372871477952,28.38233213215603],[-16.49407834106966,28.383293089410852],[-16.494245729502637,28.383577322364612],[-16.494329251468304,28.38389707710409],[-16.49423714070423,28.384471343340696],[-16.49416036492484,28.384646577225478],[-16.49391105971124,28.38482761072257],[-16.493891941838317,28.384948197070607],[-16.494111374226925,28.38514691523385],[-16.4948015619824,28.385416009186226],[-16.495012898182317,28.38568703342871],[-16.494992732763492,28.385825979395573],[-16.494890227588307,28.385922490307358],[-16.494724279683737,28.386030184326003],[-16.49420619612248,28.386201116523818],[-16.494059618665638,28.386301666050596],[-16.494075073510455,28.386388561656688],[-16.494556919647334,28.38660547467892],[-16.494785604433776,28.386816671068303],[-16.495038318806973,28.387170795456395],[-16.49515843389035,28.387509524706612],[-16.4950607525632,28.387960100283326],[-16.49512000112677,28.388022327899982],[-16.495349246661814,28.38808338468248],[-16.49572846232488,28.388102281079256],[-16.496259687509763,28.38832310399732],[-16.49693857119171,28.388807793369555],[-16.497156592353864,28.38909247655738],[-16.49719879291738,28.389236305831894],[-16.497079010593986,28.38958861666117],[-16.496952051036946,28.389700370458883],[-16.49674117042894,28.39003444048498],[-16.49675454585792,28.39034941334116],[-16.497019013435157,28.390612837653222],[-16.497080705316886,28.390758690958325],[-16.49699909634139,28.39105547505159],[-16.496836438313053,28.391309820228727],[-16.496830990321083,28.391480652681423],[-16.496943196652147,28.39171405382764],[-16.497433999119977,28.391825408260026],[-16.49763412237869,28.39193843154474],[-16.49769191790445,28.39208432733786],[-16.497628418430217,28.39228116747011],[-16.497002918661543,28.39266673483713],[-16.496972313092947,28.39280123799245],[-16.49718993443061,28.393151248662445],[-16.497251702665928,28.393777280226974],[-16.49686407031664,28.39456988076497],[-16.49690645607235,28.394727462157533],[-16.49719069049553,28.395012382792892],[-16.49737623819143,28.39529406461512],[-16.4974118714735,28.3954322529456],[-16.49735970958704,28.39569884042886],[-16.497451108755467,28.396214449015673],[-16.49768361808051,28.3967980442278],[-16.497722656010232,28.39726246941023],[-16.497303746572896,28.397711189688543],[-16.4974337372523,28.39815848728806],[-16.497574355838502,28.39833807449749],[-16.4975623867934,28.39876436994765],[-16.49767003109099,28.399560280578726],[-16.4976336649483,28.39963793503943],[-16.497400311032493,28.39980993732607],[-16.497363860596852,28.400019539166358],[-16.49738006274002,28.400104043274762],[-16.497578264653992,28.4002564004212],[-16.49772776022257,28.400464589452564],[-16.49777925823695,28.400918525575012],[-16.497773615619547,28.40104954323063],[-16.49764074862727,28.401278887420354],[-16.4975449156087,28.401598250631498],[-16.497285113826873,28.402008125651335],[-16.49715781177885,28.40197821595053],[-16.49700464310587,28.401649107824618],[-16.496744141132776,28.401362314143153],[-16.49644332104945,28.400693843815137],[-16.496077918971235,28.40039896895913],[-16.49581919841248,28.400082747142715],[-16.49567708418181,28.399654921863462],[-16.49567359769422,28.39939940614949],[-16.495861975747893,28.398858682882445],[-16.495743487759476,28.398107648326974],[-16.49532410716799,28.397737665588338],[-16.49518290241369,28.39752428607767],[-16.495090873274663,28.397300718330268],[-16.495033782682796,28.396852189107147],[-16.494838290688897,28.39649500989861],[-16.49472493382215,28.396108856852173],[-16.494258437973656,28.395895011440633],[-16.493782525353605,28.395462304050852],[-16.493059614911587,28.394167676627433],[-16.492889345651612,28.393344218062364],[-16.49275194456976,28.393053772148832],[-16.49156262948995,28.39245482363523],[-16.49131183268135,28.392227376651128],[-16.490894482618106,28.391301422188015],[-16.490920449254535,28.390981994940166],[-16.490853999982072,28.39089428490096],[-16.49042155814719,28.390752902895542],[-16.489964100384817,28.390377242071768],[-16.48946519674306,28.390202150994728],[-16.48911561785786,28.389881420869564],[-16.488743352412996,28.389418891604294],[-16.487950582878256,28.388955187405188],[-16.487469161794362,28.38857779801602],[-16.48724416081688,28.388350493221406],[-16.4868273287908,28.387759060793087],[-16.485943694648395,28.387196879096276],[-16.484920992554382,28.386426842512595],[-16.484366671424603,28.38583955360613]]]}}]}