{"type":"FeatureCollection","features":[{"id":"7","type":"Feature","properties":{"categoria":"Sitio de Interés Científico","nombre":"Playa del Matorral","codigo":"F-13"},"geometry":{"type":"Polygon","coordinates":[[[-14.332783079339645,28.049182687418593],[-14.332162454493579,28.049400071339164],[-14.331411165767246,28.049758204493926],[-14.330330293555114,28.050055952665954],[-14.328390451332618,28.050496966391133],[-14.32762574895826,28.05073788913919],[-14.32365260220739,28.052692159670972],[-14.323219039757216,28.053104673079535],[-14.32252867979927,28.054187824606313],[-14.322235862034164,28.05484540444748],[-14.321998466084084,28.055764115691606],[-14.321675789674186,28.05617790245821],[-14.32152837093231,28.056276162768764],[-14.321131675250278,28.056335079288043],[-14.32095320427971,28.056311232465667],[-14.32061343854243,28.05615676305713],[-14.320321048055087,28.056103032463685],[-14.319981971816244,28.05639872573417],[-14.318714213083357,28.053940888942595],[-14.320158083128893,28.05231714202605],[-14.320707389253604,28.051434504617472],[-14.321312459015926,28.050588536742566],[-14.321786651960181,28.050154123009158],[-14.322565469344033,28.04956509069017],[-14.32275139363851,28.049479196194618],[-14.323124292191373,28.049672548849433],[-14.323205851379887,28.04957546954399],[-14.323271295491127,28.049231028457033],[-14.323570739852382,28.04891577753812],[-14.324017365128716,28.04872184054144],[-14.325948138448506,28.048061887718813],[-14.327616759533806,28.04728234492973],[-14.328565251458883,28.046540281044546],[-14.329175032250978,28.04568809837541],[-14.329444737656768,28.045406043257973],[-14.329644267172398,28.045257098649262],[-14.330163966819393,28.045035767257385],[-14.330976555298465,28.044802997504355],[-14.332627656750127,28.044454440597683],[-14.33489415391005,28.04432764800466],[-14.33595598509103,28.04436224948398],[-14.336621034717373,28.044453412234443],[-14.33706311565397,28.04456906898137],[-14.340699332314555,28.045926894927213],[-14.339914222607826,28.047750023941568],[-14.339437514476607,28.048662842680812],[-14.339435372372991,28.0487669576287],[-14.337348524597152,28.048709486156426],[-14.335490766688856,28.048593830093512],[-14.332783079339645,28.049182687418593]]]}},{"id":"20","type":"Feature","properties":{"categoria":"Sitio de Interés Científico","nombre":"Juncalillo del Sur","codigo":"C-32"},"geometry":{"type":"Polygon","coordinates":[[[-15.470215377507595,27.79488855961647],[-15.471884970269453,27.79422927517216],[-15.4723025516507,27.794041811856143],[-15.472646039221887,27.7938099783627],[-15.472990955449347,27.79383348796267],[-15.47358635308508,27.793639499014905],[-15.47403981381583,27.793552734439118],[-15.474841109291873,27.7935073556364],[-15.474969307490518,27.793556312889926],[-15.475252005647567,27.7935024763961],[-15.47560785231809,27.79350457403567],[-15.476082129150571,27.793540927921818],[-15.476503854206891,27.793672799691016],[-15.476949988758395,27.793740726147828],[-15.47842835825586,27.793600998569932],[-15.47872785143356,27.793599672334373],[-15.479359003681235,27.793709721593572],[-15.480306653323595,27.793695877574642],[-15.481171620175775,27.79360562737411],[-15.482205214487399,27.79341383010961],[-15.483685429065886,27.79325787188617],[-15.485252234089275,27.792879276363355],[-15.485854236785677,27.792825451984633],[-15.486447761673698,27.792837518627792],[-15.487041235527398,27.79276523102928],[-15.487624997214914,27.792627689128718],[-15.488267356616861,27.792341888634244],[-15.489007821739833,27.791904077969924],[-15.490421542898131,27.791450876015904],[-15.490776155189293,27.79124292600299],[-15.491247572600908,27.79087018928803],[-15.492092120090566,27.790540031851904],[-15.493697055513143,27.790357370250714],[-15.495042335745653,27.789925453756236],[-15.495474433581148,27.78972833588343],[-15.496918405582337,27.78879658039538],[-15.497405278393652,27.788391990874583],[-15.498454539428161,27.787414986149184],[-15.499160086772747,27.78664229543073],[-15.499238011440184,27.786422179128444],[-15.499407462735736,27.786622065013994],[-15.499414461303873,27.786731993232276],[-15.499706778807793,27.78696379780876],[-15.499347808119278,27.78727743377076],[-15.49878460310414,27.78789289636597],[-15.49782847646019,27.789309670873422],[-15.497264387476635,27.789806402363595],[-15.488790086084876,27.795149794692776],[-15.487997802612465,27.79558677616636],[-15.487660346293683,27.795671741750173],[-15.487356077713601,27.796060198265444],[-15.479148673315828,27.801232780096925],[-15.478233744227177,27.801755783055945],[-15.477739725770208,27.80192590718975],[-15.477487049289458,27.802279931847046],[-15.476285355497215,27.803050901971858],[-15.47558240986353,27.803587166915758],[-15.47154499051583,27.80712735504686],[-15.471060267477236,27.802869936456336],[-15.470942627399026,27.80244640264688],[-15.469052557724117,27.799075444239385],[-15.466905870607386,27.797693219968927],[-15.46659034011511,27.7976026850132],[-15.466568951044012,27.796040927902766],[-15.46672064236056,27.795929098758236],[-15.466857963250247,27.795718468036206],[-15.46744370876877,27.79546531833151],[-15.4683927230956,27.794932151114654],[-15.468823942967234,27.795082213373455],[-15.469258453582288,27.79512840293209],[-15.469566411138864,27.795092537989788],[-15.470215377507595,27.79488855961647]]]}},{"id":"21","type":"Feature","properties":{"categoria":"Sitio de Interés Científico","nombre":"Roque de Gando","codigo":"C-31"},"geometry":{"type":"Polygon","coordinates":[[[-15.359169667762924,27.939003893819056],[-15.35930180770776,27.93902781439849],[-15.35964369076794,27.9392858963868],[-15.359757382660481,27.939435813271622],[-15.359744553488333,27.939631847015765],[-15.35954665995191,27.93984540761989],[-15.359438525699883,27.939845256631166],[-15.359275208603947,27.939738222166365],[-15.358930961290154,27.939367773902394],[-15.358947412019061,27.93912912202702],[-15.359169667762924,27.939003893819056]]]}},{"id":"22","type":"Feature","properties":{"categoria":"Sitio de Interés Científico","nombre":"Tufia","codigo":"C-30"},"geometry":{"type":"Polygon","coordinates":[[[-15.383531631666944,27.96426359163479],[-15.383232374045416,27.964713042582876],[-15.383146388413483,27.96492553927183],[-15.382781690848844,27.964902370255313],[-15.382865929251672,27.964592158881953],[-15.38274151077719,27.964461646250424],[-15.38263359303058,27.964172352793813],[-15.38228874573291,27.963757191943486],[-15.381951683260464,27.96371580821292],[-15.3815496460171,27.96383420528362],[-15.381451228367752,27.963880408677714],[-15.38134911702574,27.96402700505789],[-15.381433642226929,27.964378616182916],[-15.381386492465053,27.964530548787156],[-15.381485440979338,27.964635134837742],[-15.381387388178448,27.964785330876314],[-15.381413204663007,27.96485819934985],[-15.381144195070608,27.964966404849584],[-15.3808308468841,27.965280562426717],[-15.380653096375566,27.965342294963257],[-15.380627329982245,27.965463249880365],[-15.380492108563294,27.965498866144202],[-15.38027650896877,27.965437065892957],[-15.380181202686474,27.965304024114733],[-15.379782794236332,27.965020721312776],[-15.37963608022998,27.964979682119584],[-15.37956867968449,27.964871541262827],[-15.379207178294916,27.964674660973333],[-15.378938681496953,27.96460418475],[-15.378571804637906,27.96412495474075],[-15.378497928307066,27.963652275334937],[-15.37837400850418,27.963336437222793],[-15.378089776902637,27.962950861786357],[-15.378098393164603,27.962809291062783],[-15.378222312747234,27.962798840040772],[-15.378213943586575,27.962731267102605],[-15.378270764367928,27.962698468447723],[-15.378231464824108,27.96243772546091],[-15.378120376012115,27.962395566613406],[-15.378082344698713,27.96231189835128],[-15.378343560900685,27.962302225446326],[-15.378322093495553,27.962163761524618],[-15.378426698437488,27.96211927657432],[-15.378455597120416,27.96205637656914],[-15.378427307482132,27.9617808708879],[-15.37846991654019,27.961731203214185],[-15.378835203431963,27.961804149282894],[-15.379031454921128,27.96215040824087],[-15.379194572559692,27.96227821785179],[-15.379348395761312,27.962306527615034],[-15.379584944830604,27.962499708157726],[-15.379917397281798,27.962532453334536],[-15.380225080069351,27.962413455139345],[-15.380342562433954,27.962283851470858],[-15.380610162720554,27.961821937283688],[-15.380717996344274,27.96177656602725],[-15.380757887010164,27.961555180072708],[-15.380710655350553,27.961446117297477],[-15.380506709110103,27.961272491786048],[-15.380508804398122,27.961035033570962],[-15.380319261923859,27.9603295553482],[-15.380343416746294,27.959981109441177],[-15.380232997593575,27.959705975459578],[-15.380302596317234,27.95965884151855],[-15.38051030351243,27.959699864926275],[-15.380597262504851,27.95948918149965],[-15.380585344900105,27.959389987051143],[-15.380659569972515,27.959351795157257],[-15.380747348213946,27.959200905792372],[-15.38082937439143,27.958749461336875],[-15.380961137280671,27.958657813239665],[-15.381084350642537,27.95867350450912],[-15.381112028348232,27.95854733539304],[-15.381389607596997,27.95814546817679],[-15.381772719441988,27.957878282994578],[-15.381863725069067,27.957767031590322],[-15.381869713638807,27.95766027689017],[-15.381731447252601,27.95743432947622],[-15.381020743671797,27.95732869406459],[-15.380978702737902,27.957261367923703],[-15.38108636552725,27.957209208369587],[-15.38104845045221,27.957158760793284],[-15.380818505374377,27.957129796883798],[-15.380703169564027,27.95698856880544],[-15.380568003308452,27.9569905223758],[-15.380568640922585,27.95689403745348],[-15.380492004818086,27.956795030916556],[-15.380620004648273,27.956697751511324],[-15.38041975564071,27.95650895872318],[-15.380039467880962,27.95646739166528],[-15.380055421364116,27.956378086238896],[-15.379987008131152,27.95630447741786],[-15.379508394057096,27.95610069895145],[-15.379211679461589,27.95609516157094],[-15.379155423202898,27.95596257093216],[-15.379083066907583,27.95592406141017],[-15.378719771957094,27.95590354957918],[-15.378316011576155,27.95575371538507],[-15.378368192687864,27.95565088704408],[-15.378336463505349,27.955601288307165],[-15.3781855253696,27.955651235602133],[-15.378035640897867,27.955630135421202],[-15.378083876543847,27.955702067427715],[-15.37802500366049,27.955751779678668],[-15.377833434609059,27.95557811596261],[-15.377656574612152,27.955611243857987],[-15.37775172701751,27.955423062584778],[-15.377884747131796,27.955412586938543],[-15.377948484647598,27.955358546365137],[-15.377771669115177,27.95507722823933],[-15.377756645277458,27.95487332593258],[-15.377670567963024,27.954911404356285],[-15.377655204494523,27.955217515281362],[-15.377604445837937,27.95521505469364],[-15.377558364280999,27.95510756730742],[-15.377533874890176,27.954847803257117],[-15.377679956874324,27.954758141090917],[-15.377704720604903,27.954535777197552],[-15.377630952599942,27.9543716114935],[-15.377776908946462,27.95429279129143],[-15.377777828000974,27.95424139665276],[-15.377664421250843,27.95413247816939],[-15.377403234343536,27.954092319173352],[-15.377242367498352,27.954005376394285],[-15.377147951092462,27.953703132053086],[-15.385133090905086,27.956210418508395],[-15.384958319504017,27.9588351797782],[-15.384901131349933,27.95903841643638],[-15.384661946192425,27.959255016636078],[-15.384660619115436,27.959798387728114],[-15.384620401606862,27.959839104633016],[-15.384765167252015,27.962302331396035],[-15.38483911674411,27.962467205616345],[-15.384780538414365,27.962600114857786],[-15.38485876696314,27.96424630952347],[-15.384925109618116,27.964484749751488],[-15.384884216219756,27.964621987742472],[-15.384763587211106,27.964654750881248],[-15.384261506562535,27.96445221061387],[-15.383821266113367,27.96443986225719],[-15.383641530702512,27.964267185063104],[-15.383531631666944,27.96426359163479]]]}},{"id":"23","type":"Feature","properties":{"categoria":"Sitio de Interés Científico","nombre":"Jinámar","codigo":"C-29"},"geometry":{"type":"Polygon","coordinates":[[[-15.404352384016228,28.036369067882188],[-15.40397000440284,28.036062837295372],[-15.403562567041813,28.035895191424085],[-15.403056707798173,28.03556332278971],[-15.402904418685344,28.035408358501122],[-15.402597171347095,28.035343108442216],[-15.402356012463118,28.03522841215574],[-15.401998229942388,28.034968033939464],[-15.401584689480876,28.03477136873867],[-15.401208067755384,28.034521731607704],[-15.400579823017125,28.034412504066704],[-15.399858800344886,28.034128471558205],[-15.399395527181804,28.033730467914992],[-15.399243051831569,28.033522926003016],[-15.39818788292459,28.033157681229216],[-15.39800974354783,28.03300841020365],[-15.397961890404757,28.032832339206866],[-15.39776998383293,28.03292288641786],[-15.39775602073171,28.03284406581679],[-15.397876721377703,28.032689596103015],[-15.397290377744524,28.03232905206567],[-15.395914512573649,28.03186216833626],[-15.39569766905928,28.03172140100442],[-15.395335039187227,28.03159692258108],[-15.394652625479345,28.03126799475741],[-15.394218079806706,28.03091663325622],[-15.3940467657848,28.031041085320258],[-15.39410004414425,28.030686509061074],[-15.394290124772684,28.030614378526106],[-15.394276086281595,28.030391267977055],[-15.39449886910745,28.03022028642655],[-15.39595286476173,28.029977155766442],[-15.396350158298382,28.029845568173624],[-15.396571850071117,28.029683433021997],[-15.397086268004152,28.02908940606401],[-15.39738979197423,28.028894499279215],[-15.399635459968284,28.030425253152973],[-15.400782230709025,28.03131841553061],[-15.401794589829521,28.032294288647826],[-15.404916219860022,28.036059040656355],[-15.405408651715678,28.036454492927792],[-15.406111856221786,28.036921970747173],[-15.406522419177335,28.03731820253581],[-15.407243827328998,28.038388740451992],[-15.40697114108302,28.03974032139418],[-15.406504292744875,28.038862001986253],[-15.406311968641683,28.038192397623998],[-15.406053630604719,28.037802612136314],[-15.405956746342236,28.037448322194734],[-15.405430755635631,28.037091237006273],[-15.405051475888532,28.037005695441113],[-15.404837679832731,28.03685871413318],[-15.404352384016228,28.036369067882188]]]}},{"id":"54","type":"Feature","properties":{"categoria":"Sitio de Interés Científico","nombre":"Charco de Cieno","codigo":"G-16"},"geometry":{"type":"Polygon","coordinates":[[[-17.3487923486566,28.098990602189804],[-17.34862485475391,28.099277810741807],[-17.34703420411719,28.099299437552716],[-17.346742348958358,28.0986674058118],[-17.34648686685013,28.098373561703596],[-17.346864091297036,28.098104005734115],[-17.346504469407304,28.09777044765327],[-17.3466963564277,28.097451911452627],[-17.345990748030786,28.096914011760706],[-17.34604932360145,28.096402816895136],[-17.346753084156514,28.0964866511526],[-17.34720539163157,28.0966891431355],[-17.347597636581533,28.096964935569893],[-17.347831335683544,28.09725841981794],[-17.348287414106903,28.097591766004616],[-17.34847863373418,28.097985589583026],[-17.34869615890338,28.098194984857226],[-17.34888649028201,28.098716046095994],[-17.34884929846307,28.098755662269127],[-17.348865760695368,28.098876106892753],[-17.348964660157364,28.098941362575573],[-17.3487923486566,28.098990602189804]]]}},{"id":"61","type":"Feature","properties":{"categoria":"Sitio de Interés Científico","nombre":"Charco del Conde","codigo":"G-15"},"geometry":{"type":"Polygon","coordinates":[[[-17.336467527045407,28.086598266181763],[-17.336063149202158,28.085290750357913],[-17.336073566511207,28.08343727075237],[-17.33651695122243,28.08393068300915],[-17.336994963204873,28.084299248179452],[-17.337344305734515,28.084424850130667],[-17.33776091111562,28.084485331778946],[-17.337939369104063,28.084570263824745],[-17.33812477762728,28.085017130516263],[-17.338563552461334,28.085613914930807],[-17.33868463657059,28.085733360089442],[-17.33928074679854,28.086065054792886],[-17.339527959163544,28.086594456125408],[-17.339541044600676,28.086803746162477],[-17.33947577944527,28.086923421273152],[-17.339470278498485,28.08709666581839],[-17.339616559456037,28.08787898783588],[-17.33970435255713,28.088066160227278],[-17.339702664019,28.088241595442668],[-17.339629681614582,28.088433288246883],[-17.33721020735213,28.087421752428046],[-17.336467527045407,28.086598266181763]]]}},{"id":"63","type":"Feature","properties":{"categoria":"Sitio de Interés Científico","nombre":"Acantilados de Alajeró","codigo":"G-14"},"geometry":{"type":"Polygon","coordinates":[[[-17.242242789484276,28.02064287297734],[-17.24282816364113,28.020235475490836],[-17.242921510449257,28.02011303802341],[-17.243483138721505,28.019767023706514],[-17.243611898478118,28.01976365743594],[-17.243851171239942,28.019901777106124],[-17.244350471717212,28.019894251767205],[-17.244694760288645,28.01997741614167],[-17.244831882040586,28.020083004665455],[-17.245209111857886,28.020205151740864],[-17.245283182208937,28.02038864947225],[-17.24556287720201,28.020568424874465],[-17.245583919322776,28.02069549087928],[-17.245737261315433,28.020852517156396],[-17.245876232929767,28.02126748562709],[-17.246165881289006,28.02153958642401],[-17.246366947653318,28.021654143516766],[-17.246883420290906,28.021787633689925],[-17.247381929611894,28.021643766878963],[-17.247667256136257,28.021776163121007],[-17.24792806275783,28.021721905737177],[-17.248350917272735,28.02176876413047],[-17.24901972620691,28.02173661021508],[-17.24900946891465,28.02193772833605],[-17.249190167506182,28.02205550208881],[-17.249382600730204,28.022101889138405],[-17.249559724124587,28.022316631756926],[-17.249277051106652,28.02247826734387],[-17.24924499678767,28.02254556508124],[-17.249341791085698,28.02391913930539],[-17.249597173779694,28.024014574602568],[-17.249637165131603,28.0241284259503],[-17.249973410151135,28.024410672940096],[-17.25022812214463,28.024869668753166],[-17.2504940630403,28.025081420697557],[-17.25103472884782,28.025311228140954],[-17.251925255112237,28.025470600114208],[-17.252185830820245,28.025580743459738],[-17.252395894834727,28.025579825224604],[-17.25267106152226,28.025653274033846],[-17.252893906716555,28.025768005082682],[-17.253591804575596,28.025896146620994],[-17.25406284506251,28.025848804407808],[-17.25484591109162,28.025604051078993],[-17.255083990933272,28.025605646476237],[-17.25530253200636,28.025674786119914],[-17.2555462986646,28.025827157412895],[-17.25596504657987,28.02628561295324],[-17.256327222605815,28.026483951598927],[-17.256443231752012,28.026483218733237],[-17.256675367134996,28.026302186598098],[-17.25681090659204,28.026082497346785],[-17.257764700865653,28.025535889157105],[-17.259069673823447,28.025299315175133],[-17.25961841242382,28.025262496625892],[-17.25999262952501,28.025414067067327],[-17.26060515776491,28.02549557333593],[-17.260762176841308,28.025467182157556],[-17.26096440711243,28.025524489879295],[-17.261989147350143,28.025619505939712],[-17.26245483938105,28.025589006528318],[-17.262786664454474,28.02569227088396],[-17.263098093726448,28.025656640898333],[-17.263388189629083,28.025690029117992],[-17.26411862639456,28.025545708281893],[-17.264784188931504,28.025527787019836],[-17.265327082402166,28.025153751200413],[-17.26562347481543,28.025080014576666],[-17.265750671723147,28.024880486610368],[-17.265885412236415,28.024788662473007],[-17.266099009273017,28.024733254555212],[-17.266472532812198,28.02480775953091],[-17.266621296314437,28.02501148683416],[-17.266713030700473,28.02493941077356],[-17.26697037567392,28.024957902123607],[-17.267247361180402,28.024831605890636],[-17.267437087762577,28.024825947346862],[-17.26755847811255,28.02509653686133],[-17.267814377493874,28.02520609545037],[-17.268320528350955,28.025117068938965],[-17.26855997107002,28.024931655976804],[-17.268778875783198,28.024969366799308],[-17.269475293231306,28.024958673280572],[-17.26964935927699,28.025059564701994],[-17.270303386342356,28.02527226198972],[-17.270523191699546,28.025488435532985],[-17.270990900877322,28.025607479829247],[-17.271118702080543,28.025684139780715],[-17.271519313145983,28.026103954669367],[-17.271632127872287,28.02637720839391],[-17.272112088779625,28.02701623759537],[-17.272264400371533,28.027083287130587],[-17.272422933037458,28.02701569659812],[-17.27248999977846,28.027037686468802],[-17.272602396552433,28.027131202611628],[-17.272720299687194,28.02740446127844],[-17.27270032047821,28.02759085169694],[-17.272482535673497,28.02782933116746],[-17.272382278818675,28.02802805825218],[-17.272435225279175,28.028084570177015],[-17.27260638712672,28.02810980031098],[-17.273139689387573,28.02886695938439],[-17.273157445301067,28.028956988375953],[-17.273004738982465,28.029364750758166],[-17.27272894847725,28.02980450724881],[-17.272713247574988,28.030228319181173],[-17.273249566830472,28.030388357907327],[-17.273580344476994,28.03069698180424],[-17.273587014956856,28.030917490120167],[-17.273485279167865,28.031074915917454],[-17.273677462415094,28.031267809599516],[-17.273716938828752,28.031423529101616],[-17.27367443711408,28.03156400310923],[-17.273425865779288,28.031920025634005],[-17.273757758149678,28.0323490908871],[-17.27384331197637,28.03264553206198],[-17.27365104027376,28.033144904685248],[-17.273667854150247,28.03358658550312],[-17.2734497082189,28.03387118158601],[-17.273363186020212,28.034157388084672],[-17.273252599943607,28.03434383473969],[-17.272808960894082,28.034907281933],[-17.272463944433273,28.03547719861137],[-17.272002675508784,28.03645784602134],[-17.271428812235907,28.03663226748286],[-17.27113499680036,28.037028376308015],[-17.270672701392687,28.037377642914123],[-17.270618582219804,28.03747851565885],[-17.27044753472768,28.037379056402507],[-17.269475323785095,28.037232583855157],[-17.268711908393527,28.037042546124365],[-17.268051225874242,28.037027347495663],[-17.26737483753119,28.036708934176882],[-17.267627101490536,28.036351028828694],[-17.268099826626564,28.036074453871084],[-17.268574562134752,28.03561660267997],[-17.26916138040461,28.035419854031673],[-17.26927933826794,28.035317746357805],[-17.26953900106639,28.035212935617924],[-17.269920006952404,28.03488640192984],[-17.271157220012675,28.034162427281476],[-17.271948240932698,28.033848849172042],[-17.27225823204811,28.032066335456918],[-17.27222728463604,28.03197136333863],[-17.272098319919536,28.031893939052352],[-17.271978828156247,28.031706914712256],[-17.271923300244662,28.031235320989186],[-17.27166484738703,28.03094799161809],[-17.271469259287908,28.030902627561524],[-17.271099495204886,28.030962747425438],[-17.270841563321742,28.03113441254717],[-17.27059186370941,28.03140855374595],[-17.270173166637143,28.031744879578884],[-17.27007490336074,28.031989509736867],[-17.27010122925383,28.032664087506372],[-17.269649676052524,28.033212911794013],[-17.26950027224685,28.033512427238307],[-17.268733125012513,28.03421036749991],[-17.268404379396635,28.03433050247801],[-17.267471132432906,28.034223587478355],[-17.26653857999206,28.033728689501725],[-17.265842196579836,28.0334686352409],[-17.26539404638731,28.032862463673336],[-17.264969508806963,28.03271233503828],[-17.26454503887984,28.032699385020962],[-17.264540119786496,28.03246501395558],[-17.264671793362403,28.03231319122863],[-17.264971743091863,28.032148613246072],[-17.265502506683564,28.032005176392794],[-17.266366485709653,28.031676657222484],[-17.266655924689164,28.031710400531637],[-17.266733936327693,28.031672288844074],[-17.26674014752358,28.031572749720205],[-17.26666725674332,28.031459790252374],[-17.266692584996093,28.031282597005088],[-17.26700902409885,28.030548183857512],[-17.267279436104342,28.030190178359035],[-17.267674693448217,28.029852199940397],[-17.267959352838396,28.02918460373682],[-17.26833676643127,28.028589123101227],[-17.268718810350812,28.02821453621794],[-17.269160130992077,28.027897890999434],[-17.26999680338175,28.027489440478686],[-17.27023482391552,28.027288988201267],[-17.270818574001012,28.02703991390794],[-17.270849355473064,28.02699540746314],[-17.270734937263917,28.02673483922699],[-17.270508784503825,28.026589423376443],[-17.270439124853095,28.026390619128687],[-17.270359891310385,28.026326690635734],[-17.269676437112917,28.026272297400563],[-17.269488888843405,28.026202578750876],[-17.26917697816011,28.025779036332942],[-17.26893631153818,28.02567834228217],[-17.268039352103486,28.02583870276811],[-17.267673553843412,28.025977655942974],[-17.26730202637848,28.025979187831844],[-17.267150447275657,28.026048733094303],[-17.26690029233192,28.02592707754258],[-17.266793607437688,28.02594083934311],[-17.265535784240104,28.026709173336112],[-17.2651954240391,28.026820089236132],[-17.265034889323886,28.026738910452153],[-17.264984520309177,28.026528505755447],[-17.2647056055952,28.026393063628557],[-17.264175924261817,28.026543733275023],[-17.26347234485311,28.026465458361336],[-17.263265195519885,28.026484211746553],[-17.263163452937718,28.026534975094584],[-17.26304849984257,28.026892297192965],[-17.26295050333892,28.026952021977674],[-17.26283498650302,28.026903394786512],[-17.262686059259288,28.026696507772538],[-17.262535326605153,28.02665604005804],[-17.262198342585293,28.0266271220062],[-17.261669620371137,28.026707204091025],[-17.261590428910125,28.02664020170589],[-17.261491194101215,28.02636842949415],[-17.261123264767342,28.026265006855557],[-17.26092423042598,28.02626517234617],[-17.26037549498328,28.026499948444123],[-17.259661712938378,28.02643941722296],[-17.259477035981927,28.026336521806694],[-17.259146647729764,28.026506451812075],[-17.258564064285448,28.026573602265863],[-17.25829891334211,28.026726847137155],[-17.257984596466216,28.02671160430733],[-17.25793443354748,28.027158659295928],[-17.257987801180885,28.027898046054553],[-17.257909451307874,28.028275516388277],[-17.25780696238416,28.028500167566424],[-17.257508816585464,28.028831622727427],[-17.257196644442452,28.029567823308682],[-17.256887782828773,28.030029208761125],[-17.256896641382006,28.0305900430336],[-17.257132262074727,28.031320939487884],[-17.257099051540635,28.03220468774919],[-17.256746011432398,28.03293226522651],[-17.256568480072815,28.033527834228085],[-17.256703103598397,28.034564656895146],[-17.256626084500894,28.034913681257212],[-17.256429874422416,28.035369695654854],[-17.256605080101014,28.035948730097964],[-17.25659896488756,28.03606744207808],[-17.25645297341698,28.03630435721717],[-17.25631954103966,28.036420451182735],[-17.25585064951895,28.03637455679504],[-17.254663600043074,28.036134028351853],[-17.2533407549284,28.03604346586615],[-17.25268961710835,28.03613032465895],[-17.251994054894208,28.036377676096684],[-17.25143734138718,28.036485665068053],[-17.251365942130782,28.03639199150128],[-17.251251612685415,28.035946507158254],[-17.251460472996616,28.035194416707572],[-17.251430045759317,28.034975161309628],[-17.251370748781195,28.034789170029967],[-17.25096204380081,28.03418038853933],[-17.25090108830641,28.033986474612885],[-17.2508439677541,28.03202384213647],[-17.250574565018713,28.031190855372635],[-17.250838579993523,28.029677636128124],[-17.250947877055694,28.029458337076278],[-17.251004496131227,28.02908113567628],[-17.251296058148508,28.028447068607],[-17.25130649078061,28.02822528429893],[-17.251242605522783,28.02785285535717],[-17.251345378630646,28.027191834982887],[-17.251302196773665,28.026866258714374],[-17.25097427507657,28.02646170301785],[-17.25043351295069,28.026359487318445],[-17.250261222280784,28.026206386807992],[-17.250043635799937,28.026217260511316],[-17.249937858427554,28.02603040536434],[-17.24985757953335,28.02597920454778],[-17.24954493673549,28.026005710964046],[-17.249242820509277,28.026161890321113],[-17.248874646862983,28.026515589085115],[-17.248775207527636,28.02687797093765],[-17.24874980545946,28.02720656619768],[-17.248946015488315,28.027370556124513],[-17.249026562148384,28.027737750815874],[-17.249247030625778,28.028124400201843],[-17.24938231417145,28.028160443535302],[-17.24955884821502,28.02811658606236],[-17.249647374506626,28.02815844806939],[-17.250027505304164,28.028662761814136],[-17.25025401317507,28.02916832828607],[-17.249612682363153,28.029290228346348],[-17.24915502114026,28.029280092713613],[-17.24891963213759,28.029334460244165],[-17.24838894519174,28.029600540600377],[-17.247742904054036,28.030036160971232],[-17.247170795165754,28.0297705007783],[-17.246890218667144,28.02948111060314],[-17.246818003770873,28.029113327010972],[-17.24691035726493,28.02880105164781],[-17.24679014517341,28.0282913037208],[-17.246538597263203,28.027690673171197],[-17.246316922010397,28.02739228717577],[-17.24639171890043,28.027130649600068],[-17.24622206402802,28.026452620789225],[-17.246213869687914,28.026058090978324],[-17.24632006656427,28.025765594324756],[-17.24687403666677,28.025110370014552],[-17.247187049492265,28.024399459846038],[-17.247680887037074,28.023909874751048],[-17.24738416152693,28.02355704413735],[-17.247203100147782,28.023015627119793],[-17.247128017345386,28.02297453592754],[-17.246846408472567,28.022991865715817],[-17.246567484688796,28.02269297230195],[-17.24564521545941,28.022310935252456],[-17.245433303907095,28.022129510783483],[-17.245238775898375,28.021820482044415],[-17.24497700833359,28.021534568965976],[-17.2444847457451,28.021514099672878],[-17.244025516962658,28.02126263192986],[-17.243674162593578,28.0213390245195],[-17.24313107359372,28.021373159856353],[-17.242779925215633,28.02153310332627],[-17.24200459386905,28.02173904144369],[-17.241554724140368,28.02180160669346],[-17.241364682213078,28.02196369988077],[-17.240855229221538,28.022031385893005],[-17.24072443842535,28.02211355698287],[-17.240670724184447,28.022289035738098],[-17.24046008987237,28.022370162955905],[-17.24022940551362,28.02229821928354],[-17.239961060902083,28.02234229850005],[-17.239544917911132,28.022310193340463],[-17.239394851610907,28.02236019328615],[-17.239250529791235,28.022559977945267],[-17.238747543472275,28.02248391650769],[-17.23866809917116,28.022546362862855],[-17.238756268721147,28.0229054735108],[-17.238351575364558,28.022857251898735],[-17.237886982049655,28.022898560617495],[-17.23753670766127,28.022798603104345],[-17.237175962077178,28.02305072772113],[-17.237060643647286,28.023074893719137],[-17.236850912559746,28.023013070218113],[-17.23665903930253,28.023104759433302],[-17.236673034198184,28.023168345020146],[-17.23677555736316,28.023219236799108],[-17.237282480587957,28.0234024301832],[-17.238106589694528,28.023794443364164],[-17.238434018520916,28.02408942418119],[-17.238854760345223,28.02474126510907],[-17.238879183948743,28.02501333725856],[-17.23880410652069,28.025470539982983],[-17.2387654761731,28.025571257096885],[-17.23859641458044,28.02572415289047],[-17.23854009062312,28.025916745738936],[-17.23858807668185,28.026077392058323],[-17.238927831671152,28.026455537443276],[-17.23896012927491,28.026805334920514],[-17.238753538380305,28.027414812558145],[-17.238472320755385,28.02780738394371],[-17.238556798461065,28.0292228591772],[-17.238526130768395,28.029381620217965],[-17.238389239501714,28.029534587113123],[-17.238382544711843,28.02962136585196],[-17.238517877073892,28.029718769174917],[-17.238856083110992,28.029800503145367],[-17.2390401890397,28.029919127843815],[-17.239232889722068,28.030164516987313],[-17.239281127095563,28.03048101061301],[-17.23924803211857,28.03060845508854],[-17.23916583321066,28.030665325253487],[-17.238422534615886,28.03081040225907],[-17.238148170321978,28.030776461458608],[-17.236892720055152,28.03110586834868],[-17.236895270292248,28.03122914044679],[-17.23696311422783,28.031282482475103],[-17.237230240307593,28.031377424324553],[-17.23747935347236,28.031299698835657],[-17.237651054345562,28.0313161210364],[-17.237785517296942,28.0313635766798],[-17.23784908565481,28.031477110736926],[-17.23783475104468,28.031511696357356],[-17.2376985609898,28.031479563553585],[-17.237477780087698,28.031746535517932],[-17.23739352384204,28.032044633333552],[-17.237198243083952,28.032393554916098],[-17.23684433193061,28.03260445782326],[-17.236764976649138,28.033111051095737],[-17.236796996021077,28.03329371333473],[-17.23662429895193,28.033765101727884],[-17.236374571863966,28.03376723795223],[-17.23575071472514,28.033532501722252],[-17.235113938609597,28.032488249569596],[-17.234597739143453,28.03239943225251],[-17.234216443153944,28.032395105986524],[-17.233880236917308,28.032307553279473],[-17.233796718804737,28.032257460427697],[-17.233593022832746,28.031962351808545],[-17.233459664458504,28.03121214964645],[-17.23343354558655,28.030774758992997],[-17.23349867839112,28.03047195715929],[-17.233629002521575,28.030179374267938],[-17.233604643362444,28.029955177980696],[-17.233657537065866,28.029626046335302],[-17.23379636461774,28.029282433024278],[-17.23396508672841,28.028638485671507],[-17.23417722549657,28.028324178613968],[-17.234151788100522,28.02744337596383],[-17.233662777979042,28.027073601159355],[-17.2332069602628,28.026829801938785],[-17.23277357248359,28.026913817837467],[-17.23244839699031,28.026885356256606],[-17.23189542851794,28.026624723862408],[-17.231663634788934,28.02645487995587],[-17.23157778261895,28.026320472547262],[-17.231495207451182,28.026300518947387],[-17.230760392247777,28.026501586596982],[-17.230578701186232,28.026606321656107],[-17.23028942689755,28.026602717858076],[-17.23020779513538,28.02667289210277],[-17.23001329281741,28.027073622109054],[-17.22990046827365,28.027164785817856],[-17.228776429690615,28.027595221096934],[-17.228546035826657,28.027537600477878],[-17.227965111883062,28.027790477505803],[-17.227806418684732,28.02793177789481],[-17.228500029238965,28.028566827572188],[-17.228631035407865,28.0287641644617],[-17.22884596073273,28.029315932719584],[-17.22965180380685,28.03054037751746],[-17.229611260281803,28.03144044460875],[-17.229477620586838,28.03161721733432],[-17.228725781725146,28.033061437291543],[-17.228802104368032,28.03338955321587],[-17.22871373858903,28.033833856600147],[-17.228635126773437,28.033952166133854],[-17.228556716235317,28.033660899553112],[-17.228307674632443,28.0333455120262],[-17.228181303763993,28.03305114331499],[-17.22817004348418,28.03248501633379],[-17.228105875281994,28.03211492428361],[-17.22810597405399,28.031438707667814],[-17.22760750561538,28.030897087402135],[-17.227549307600412,28.030263775063784],[-17.22746745428441,28.03002228239927],[-17.2272369046563,28.029745032166904],[-17.226880782398982,28.02918206064913],[-17.226175626457838,28.028632055093194],[-17.225898772324676,28.028214426412273],[-17.225878632190806,28.02771974009054],[-17.22598822798364,28.027474275597704],[-17.226242761623837,28.027146020972282],[-17.22624685307191,28.02699809919718],[-17.226179692782914,28.02694064186471],[-17.225884182544434,28.026953096807265],[-17.22555747757543,28.027142931884065],[-17.22526089491899,28.027112248925096],[-17.22519252073935,28.027158308937906],[-17.22518744460731,28.027300345539828],[-17.225368015284342,28.0279125553416],[-17.225307987722704,28.02850255353085],[-17.22521691911678,28.028781499640854],[-17.224879703288014,28.029329542015915],[-17.224723970022044,28.03051359312153],[-17.224423441198905,28.0310311726927],[-17.224362675886745,28.031537649612815],[-17.224219228415066,28.03189062359211],[-17.22403672623279,28.032174208116004],[-17.224024598959645,28.0324992480833],[-17.224071551563014,28.032715320732382],[-17.224018217102152,28.03285640864201],[-17.2240121033899,28.033261208561225],[-17.223764530954853,28.033100630487027],[-17.2231222933614,28.032386537537725],[-17.222897980555615,28.03198700154156],[-17.222761397694462,28.031492878152807],[-17.222617078906847,28.03077372690392],[-17.22298111413381,28.030188972171832],[-17.22292968060001,28.02985220177201],[-17.22297425215894,28.02929473412896],[-17.22328884865065,28.02859024387508],[-17.22331204574064,28.028196121556718],[-17.22327799528056,28.02806234083176],[-17.223032070389852,28.027774476540856],[-17.2226642618451,28.027015557386942],[-17.222505586667165,28.026824039933125],[-17.222334736164914,28.026767430276024],[-17.22190768507521,28.0268396332902],[-17.221571371243517,28.026704488361148],[-17.221340380401237,28.02669676471211],[-17.221142265719312,28.026863834603848],[-17.220889523327106,28.027237883164354],[-17.22040351707811,28.02744613402228],[-17.220063618364833,28.027277548309],[-17.219261443901758,28.027239773776532],[-17.219226877260255,28.02710832820298],[-17.21928011242964,28.026758540036806],[-17.21902839031317,28.026592379770634],[-17.218901133773873,28.026664548003488],[-17.218810956523594,28.026650664976778],[-17.218514877072437,28.026409558617523],[-17.218126554766144,28.026737968053343],[-17.217903176421174,28.027210524637173],[-17.21770386237441,28.027230165844024],[-17.21763117033566,28.027607798339723],[-17.21749429524911,28.027816013959384],[-17.217428829483403,28.02809977594505],[-17.217330442595962,28.028196381452602],[-17.217136105634427,28.028195999708146],[-17.216620551439487,28.028385151742665],[-17.21590934319002,28.02839067314142],[-17.215681264844704,28.028639430213964],[-17.21542308443402,28.02872435521703],[-17.215230348867742,28.028712846113397],[-17.21490380647931,28.0285582169228],[-17.214474799886535,28.02863389380977],[-17.214284940243903,28.028772758235363],[-17.21404099592103,28.029200433268393],[-17.213808176464987,28.029217902090053],[-17.213706169218824,28.029152772678206],[-17.21360744801294,28.028825909537705],[-17.213435647464497,28.028669684916842],[-17.212847488653427,28.028680516327675],[-17.212580330995973,28.028485852969734],[-17.212446541359267,28.028313584502943],[-17.21188304292008,28.028152839049767],[-17.211152814123864,28.028183005445186],[-17.21073663763265,28.028134255884048],[-17.210374691901432,28.027954621902],[-17.210192250232033,28.027753609208137],[-17.210016524669598,28.02770306307172],[-17.20981949299806,28.027362276186068],[-17.209300592491072,28.026730082844807],[-17.20910819167563,28.026420152764327],[-17.208838725478362,28.025809138699934],[-17.208640723493428,28.025534498529204],[-17.20850398501502,28.02505050244195],[-17.20845059695212,28.024659957799823],[-17.208452135987898,28.024323979333072],[-17.208667906895965,28.024532742422984],[-17.209070703098224,28.024643028720607],[-17.209030493248367,28.024835063691555],[-17.209066025851968,28.024976612209464],[-17.209167916413328,28.025086142837672],[-17.209414545964393,28.025187570146592],[-17.20950954770951,28.025806045889393],[-17.20983806595948,28.02617758149755],[-17.210013131064056,28.026563676967196],[-17.21020066789285,28.026843455251377],[-17.21051545135097,28.026960657492072],[-17.210619715775334,28.027126455211782],[-17.210754560996744,28.027201345288123],[-17.211326790125295,28.027311965012867],[-17.212396110106848,28.027334717984058],[-17.213124706649328,28.027493432849724],[-17.213559440942806,28.027533800115872],[-17.214429998186695,28.027523646570376],[-17.21507288015352,28.027434414466715],[-17.21542318022777,28.02726471770225],[-17.2157187311478,28.02725688199033],[-17.21593724938534,28.027176927759744],[-17.216072533885725,28.027099399033645],[-17.216268487307108,28.026885990399133],[-17.216412323289255,28.02683873244326],[-17.216748124589135,28.02661178695718],[-17.216820802722555,28.026461546294417],[-17.216989611288156,28.02638248304039],[-17.217146699943093,28.026153368125872],[-17.21712542536666,28.025879488512086],[-17.217250744883202,28.02576737923934],[-17.217926428218007,28.025537831324584],[-17.218692954701044,28.025364743371536],[-17.21876977038032,28.02525278465896],[-17.218810912736803,28.02541436180502],[-17.218888670706377,28.02543259630292],[-17.219194973684974,28.025210633449845],[-17.219500411722343,28.025258755970366],[-17.219830804469392,28.025502102976194],[-17.21997443490309,28.025692702978212],[-17.220086933392533,28.02572400067196],[-17.220350929532856,28.025581132951984],[-17.220441818398005,28.025614855086445],[-17.221114535823247,28.025582953274515],[-17.222019691162565,28.025678849839252],[-17.22294861180953,28.025535775878073],[-17.223536152056127,28.02567885179635],[-17.223905615233974,28.02554203012638],[-17.22462398796136,28.02547553401448],[-17.224753097472032,28.025553029486925],[-17.22561021647657,28.025587599078012],[-17.225848020463324,28.025649796978282],[-17.226381019062885,28.025909424802272],[-17.226649189023426,28.026103051579092],[-17.22690609354156,28.0264112775255],[-17.227089042776107,28.026535360940315],[-17.227374436556794,28.026631975735796],[-17.22764993494946,28.026657916518428],[-17.228108766359124,28.026574767207833],[-17.228518655659478,28.0264161625934],[-17.228779369384107,28.026410578562256],[-17.229343636933045,28.02624793229294],[-17.229723392330513,28.02595464248655],[-17.229979667674264,28.025896611976453],[-17.230097915060302,28.025802201998424],[-17.231284107039524,28.025615552325522],[-17.232186097018182,28.025291753920513],[-17.23240206169278,28.025285988033218],[-17.232875799131527,28.025413097015793],[-17.233940074522202,28.02525674016955],[-17.234719877796056,28.024581105136253],[-17.235151848257956,28.023912390056584],[-17.23495865338378,28.023400929055484],[-17.234569595473825,28.022662015935502],[-17.23454396830552,28.022420695772546],[-17.2346256806219,28.02235963148863],[-17.23542164667387,28.02234424353389],[-17.23574585063426,28.02228699209522],[-17.23582082459117,28.022332873899213],[-17.2362297774541,28.022322156072505],[-17.236998776671285,28.022158311928003],[-17.23711820745708,28.022092120238877],[-17.2373420617677,28.021819215999532],[-17.23746880061496,28.021890060635638],[-17.23772499538673,28.021863238453736],[-17.238164599691792,28.021771256199823],[-17.23827423353286,28.021693583001564],[-17.238843830576226,28.021628264947715],[-17.240052978257992,28.021168571077983],[-17.240145593577243,28.02105480973335],[-17.240314128949255,28.021066949674847],[-17.24073788217168,28.020970886684815],[-17.241324474407616,28.02060227601434],[-17.24178632393864,28.020568481263606],[-17.242014699951312,28.020637121466617],[-17.242242789484276,28.02064287297734]]]}},{"id":"67","type":"Feature","properties":{"categoria":"Sitio de Interés Científico","nombre":"Las Salinas de Fuencaliente","codigo":"P-19"},"geometry":{"type":"Polygon","coordinates":[[[-17.843358796420752,28.454951119165123],[-17.843078136197846,28.455075753771375],[-17.841756642697938,28.455134034814648],[-17.841410631711465,28.455195228111766],[-17.841239548595713,28.455132502268075],[-17.841061182583097,28.45495130752993],[-17.840608397473208,28.454813733025773],[-17.84007009404986,28.454798819521233],[-17.839855901386468,28.45471865352085],[-17.839436748144745,28.454758493322124],[-17.83938354651654,28.454712949874697],[-17.83917110912798,28.45408607929464],[-17.839281789461158,28.454061162265795],[-17.83948349697145,28.453855790176977],[-17.83952154438211,28.453675485487953],[-17.839411033702927,28.453550602958487],[-17.839418430843267,28.453483695984694],[-17.83971458504117,28.453565912531314],[-17.839865059297765,28.4532768163539],[-17.84009810743319,28.45313663923647],[-17.84017135092666,28.45293665592047],[-17.840377317546622,28.45304330656017],[-17.84042504325593,28.45291962929654],[-17.84056503624487,28.45281116348128],[-17.84062189907817,28.452914614431904],[-17.840686840832667,28.45293851526008],[-17.84092258558419,28.452784749569037],[-17.840974676003373,28.452824253813663],[-17.84099311298009,28.452941136361776],[-17.841112192651227,28.45296661188687],[-17.84125604123142,28.452887832798638],[-17.841426132964212,28.452874355481804],[-17.84155238099855,28.45274813476068],[-17.84162419473232,28.452914416952872],[-17.841737250360055,28.45294362606754],[-17.841838302369958,28.45286754500645],[-17.842064402992424,28.452849287939365],[-17.842213805489187,28.452672969351276],[-17.84227180637969,28.452666344484413],[-17.842289262061552,28.452708376364363],[-17.842212813605254,28.452788453705143],[-17.842409572109762,28.45319928768357],[-17.842348429300788,28.453393606664896],[-17.842517152969894,28.45371031025393],[-17.842756901048784,28.453858647562377],[-17.842683600874228,28.454132602079316],[-17.842711558986327,28.454261914020503],[-17.842850909249787,28.45435822674254],[-17.84266195608462,28.454582280112206],[-17.842801240755147,28.454638001575983],[-17.842842291790195,28.454760725280345],[-17.84294846800182,28.454837886240835],[-17.843125111360123,28.454878393180284],[-17.843100905564757,28.45496549703984],[-17.843401732778897,28.454878922446532],[-17.843358796420752,28.454951119165123]]]}},{"id":"71","type":"Feature","properties":{"categoria":"Sitio de Interés Científico","nombre":"Barranco del Agua","codigo":"P-18"},"geometry":{"type":"Polygon","coordinates":[[[-17.754887385542887,28.726737853114145],[-17.753963942188687,28.726322582044425],[-17.75302149775124,28.7261780234827],[-17.75256940225642,28.725832449028573],[-17.752272427248695,28.72570186123543],[-17.751782193117105,28.72566389968903],[-17.75132563465545,28.725562926713387],[-17.751210523943044,28.725629993775915],[-17.7513103135245,28.725807753730106],[-17.75176306412408,28.72597112824383],[-17.751770818658937,28.726059670858316],[-17.751004779572124,28.726539409592785],[-17.750891540152658,28.72659318693216],[-17.75072064916187,28.726594825371752],[-17.750583927344493,28.726547976428243],[-17.750134604636187,28.726185748001047],[-17.74965220345537,28.725947937019065],[-17.74942736512841,28.725878974854353],[-17.748282719155124,28.725773785409377],[-17.748073791831324,28.72568279350692],[-17.747841946523884,28.7253839519172],[-17.747653644577973,28.725279405755693],[-17.747566159221147,28.725290033808136],[-17.747413571716248,28.725491294113368],[-17.747346831391045,28.725494554324946],[-17.746885487114927,28.7253290118736],[-17.74651527119216,28.725020928597154],[-17.745990781317378,28.72491222486335],[-17.745720605666236,28.724968627413443],[-17.74538169478102,28.725363367920373],[-17.745110184236506,28.725532393127192],[-17.744904193703967,28.725546193419706],[-17.744495892328707,28.72541310427844],[-17.744394694152167,28.7254229804187],[-17.744110048237353,28.725606351804],[-17.74401286403927,28.72574281524556],[-17.743576880974523,28.72583572248365],[-17.743247429128555,28.725981483283324],[-17.743014760701108,28.725971881265927],[-17.74290291010087,28.725822765607003],[-17.742809309072953,28.725783837561075],[-17.742472328897804,28.72580988177163],[-17.74232360701876,28.725889982030875],[-17.74198906118025,28.72593951075938],[-17.741433323404763,28.725870266628366],[-17.74033773130836,28.72544274036548],[-17.740506942038717,28.72471291356095],[-17.740682463410945,28.724366804090582],[-17.740231918226396,28.724105136493947],[-17.740222256394336,28.72351613061657],[-17.740272848201773,28.723023474065442],[-17.740191398205308,28.722882597731473],[-17.739883049056278,28.722517194490973],[-17.739529700403956,28.722309663671624],[-17.738986830074875,28.72185880425489],[-17.738666343858583,28.721694806668253],[-17.73824329846609,28.721365100133465],[-17.73786009929321,28.721262066910853],[-17.73799995726938,28.721059033603968],[-17.738515196870136,28.721101339884108],[-17.738631493642814,28.721141961033663],[-17.73887093604405,28.721400835429986],[-17.739312015701042,28.721573574348888],[-17.740384536041496,28.72182532558212],[-17.74088279718703,28.72181131454166],[-17.74103368842885,28.721670268336226],[-17.7410535961493,28.721335194901776],[-17.74114319761088,28.721161081383528],[-17.741793718652513,28.720600326829825],[-17.741972197272737,28.720538071167383],[-17.74245902796677,28.720566982737168],[-17.742887345645354,28.720510480949898],[-17.743243712071656,28.720363426722997],[-17.743363865739976,28.72022498222506],[-17.744379255285928,28.720703007112206],[-17.74464193394411,28.720730147606503],[-17.745039978106234,28.720689589026797],[-17.74481143885608,28.720983182677518],[-17.74463486526552,28.72112337857147],[-17.743987754333276,28.721176922309727],[-17.743834149380366,28.721245305890122],[-17.74389397910557,28.721553006270224],[-17.74376676781563,28.721976748981415],[-17.74374808334722,28.722205551344572],[-17.743833338575204,28.722939975491094],[-17.743926359104794,28.72316317221234],[-17.74430303389996,28.723066173529848],[-17.744934834514595,28.72299375162079],[-17.74586872752829,28.722754358775695],[-17.7460100220655,28.722635869294162],[-17.746179522222427,28.722360955495102],[-17.7464049366687,28.722262532338128],[-17.746580715434764,28.722372909910305],[-17.746769136259523,28.72242199609146],[-17.74709956190809,28.722452174786245],[-17.747431942979897,28.722410408758662],[-17.74791315353795,28.722459232904257],[-17.74827925176277,28.722702871225042],[-17.7484389113951,28.722729022873185],[-17.74865005941495,28.723057169000956],[-17.7486777971806,28.72323526007896],[-17.748574345464263,28.723495176105114],[-17.74859249874262,28.723601097963275],[-17.748859415886276,28.723892666980557],[-17.749360098566648,28.723726549986072],[-17.74970343591589,28.72355087743909],[-17.74993661122969,28.723662500066744],[-17.750103044159335,28.723648288494687],[-17.750230547291245,28.723593373713843],[-17.75031846680973,28.72343372213051],[-17.75039718232684,28.723391526992376],[-17.751163551527377,28.723582502103593],[-17.751663634187427,28.72380415283425],[-17.752138948799118,28.723939707298275],[-17.7531027914353,28.72401208656325],[-17.753330023233303,28.72413104072783],[-17.753552845748466,28.724159877402606],[-17.754110420019195,28.724115138961817],[-17.75470905277522,28.723880126874228],[-17.75590623780297,28.723758295095383],[-17.756421844709894,28.7237522899123],[-17.757094118414212,28.723827881009925],[-17.757409910810747,28.72392878409056],[-17.758098602561954,28.723967050334092],[-17.758731374515406,28.723785448125753],[-17.759221347821025,28.723699671544832],[-17.759797621715194,28.723782621481792],[-17.760624367041515,28.723544729394906],[-17.760971183755586,28.723580041492042],[-17.76131902405214,28.723687740615198],[-17.76104327018496,28.72428225252122],[-17.76082770747316,28.724624958367773],[-17.760575699071616,28.72527740219855],[-17.760575315895576,28.72564934996201],[-17.76081175712456,28.725845680466],[-17.760776729955538,28.72626495471203],[-17.76084938692661,28.72638164097247],[-17.760996894545258,28.726434167455608],[-17.760949908469396,28.7265873781323],[-17.760163550038904,28.727682340333907],[-17.758286089144985,28.728576719491333],[-17.758098828402176,28.72839046727867],[-17.757592583475716,28.7283325668853],[-17.75743940217826,28.72818134908901],[-17.7573651351162,28.728058992681593],[-17.757510664080147,28.727297754344946],[-17.757399876296763,28.727014961763107],[-17.75705841916164,28.72663855010679],[-17.756747867567245,28.726603721436156],[-17.756554920650146,28.72671259793095],[-17.755996689826592,28.726705491564363],[-17.755697788507117,28.72677274740791],[-17.755358258002666,28.72678147494883],[-17.754887385542887,28.726737853114145]]]}},{"id":"74","type":"Feature","properties":{"categoria":"Sitio de Interés Científico","nombre":"Juan Mayor","codigo":"P-17"},"geometry":{"type":"Polygon","coordinates":[[[-17.787432780734157,28.679341169981658],[-17.787604308996663,28.679444980494566],[-17.78767712474714,28.67956796418557],[-17.78768960373586,28.679730077761697],[-17.787633729274628,28.679899012307434],[-17.787489646495953,28.680058939822164],[-17.787064432729185,28.680341025507936],[-17.78685606467551,28.680545575782528],[-17.786401360364795,28.681502060865398],[-17.785639956796558,28.68212084889363],[-17.785642449690158,28.682214983885633],[-17.78578109555076,28.682279749503493],[-17.785810523996965,28.682460270962405],[-17.78596082200783,28.6825513617632],[-17.78597967408662,28.682642744753913],[-17.785773442041986,28.682714613224622],[-17.785268773194378,28.683098164923194],[-17.78443060499288,28.683254347874428],[-17.784307641904924,28.683486354286135],[-17.78452210975967,28.683671796069774],[-17.784531078855935,28.68372774665845],[-17.78374306420992,28.68431817357487],[-17.783585642438876,28.684543193083165],[-17.783356468721056,28.684711167825636],[-17.783319655524426,28.684867076710105],[-17.783369367588403,28.68531529860202],[-17.783294201416656,28.68549004108356],[-17.78330122563683,28.68560085002878],[-17.78383527118144,28.68579643120568],[-17.78454142862674,28.68634929105086],[-17.78511020529374,28.68642688402107],[-17.785359616130933,28.686342366670786],[-17.786189092693213,28.686298220335473],[-17.786413195468864,28.68623112702645],[-17.786981265449267,28.686467723598234],[-17.787046905358356,28.68658995313644],[-17.786973694012065,28.68676104887288],[-17.78685750268486,28.686815762483793],[-17.786194909755473,28.686826707423926],[-17.785221307894627,28.68702709104028],[-17.78437784640162,28.687120519537984],[-17.7838117583864,28.687083569272307],[-17.783536686651114,28.687011878981167],[-17.78333988189886,28.687025581231943],[-17.782840218621594,28.687316178344606],[-17.78129481543281,28.687574727186956],[-17.781148917645698,28.68773020284358],[-17.78065529673404,28.688000146137],[-17.780189298185746,28.68816345548724],[-17.778729293038495,28.68822646631463],[-17.778017202506373,28.68815207911889],[-17.777887767071313,28.688100677054283],[-17.777949963457253,28.687847363212157],[-17.77820773615916,28.68745825875949],[-17.77823129175051,28.68702983629231],[-17.778283400849297,28.686915944898644],[-17.77869455546033,28.686545861580502],[-17.77918746868131,28.686367246816005],[-17.779671776741683,28.686086053255632],[-17.780127783792928,28.68518902460025],[-17.780242806186493,28.685045505636023],[-17.781444051293043,28.684259937381473],[-17.781673124739868,28.684051658308558],[-17.781946516574855,28.6836668359824],[-17.783119639721203,28.68277674230106],[-17.78367344636686,28.68215877340785],[-17.78403448107869,28.682035955945267],[-17.784261667673196,28.681655350351896],[-17.784896747819403,28.681300703695776],[-17.785301233361427,28.68082472588229],[-17.785592333061484,28.680351982115813],[-17.785972959249015,28.679974142705316],[-17.787036592005432,28.67936737440826],[-17.787260263915336,28.67931585881195],[-17.787432780734157,28.679341169981658]]]}},{"id":"84","type":"Feature","properties":{"categoria":"Sitio de Interés Científico","nombre":"Los Jameos","codigo":"L-11"},"geometry":{"type":"Polygon","coordinates":[[[-13.42751366154225,29.158703365164335],[-13.427131445935727,29.158354089901703],[-13.427113157428801,29.158194187197267],[-13.427205859267255,29.158098963100784],[-13.42773293460313,29.157987623275403],[-13.427941394519808,29.157800639204506],[-13.428067316580622,29.157451996488916],[-13.428259379902855,29.15737757381959],[-13.42793127148671,29.157320590132343],[-13.427874842193226,29.1572591514415],[-13.427871623766173,29.15711140046847],[-13.427945069898554,29.157084252142933],[-13.427898824256786,29.156880706351696],[-13.428250536483057,29.156481291462057],[-13.4280430988278,29.156212614192437],[-13.427951564922816,29.156196235291116],[-13.428014072626393,29.15613935090949],[-13.4278463351214,29.155942464662104],[-13.427816989622617,29.15572281089064],[-13.427900887276975,29.155549380476977],[-13.428114307883632,29.155498021147643],[-13.428150293799185,29.155243904529822],[-13.428387207189145,29.155218674080306],[-13.428525204233633,29.15512182364588],[-13.428587018477065,29.154972678842487],[-13.428644557347193,29.154304858544723],[-13.428719039682242,29.154260819994914],[-13.428832516913099,29.154318614027023],[-13.428944972319194,29.154286860192908],[-13.429115986418598,29.154065802427837],[-13.429318788468192,29.153990502294498],[-13.429391395895342,29.153853458411202],[-13.42969569205117,29.15365864309037],[-13.429892913936559,29.15368247712398],[-13.430102810510656,29.153811128433322],[-13.431060337155147,29.15418503857125],[-13.431111222526424,29.15408369979822],[-13.43123545233436,29.154013098363517],[-13.431395410878,29.154029409976133],[-13.431704404667729,29.153936579812502],[-13.431795731226188,29.153944868208274],[-13.43188412958295,29.15402951019322],[-13.432361438880989,29.15406064390671],[-13.432367373733108,29.15394333853324],[-13.432467579235846,29.153894978607887],[-13.432594350621562,29.153965630824807],[-13.432817332390897,29.15396939489155],[-13.432948660664952,29.153639715325806],[-13.433237604870344,29.153553712770844],[-13.433516830995979,29.153384584365234],[-13.433980335600351,29.15469942819212],[-13.434020724843114,29.15499428957475],[-13.434359446816794,29.156056445740404],[-13.434531618605652,29.156772426038106],[-13.434561253771092,29.15700105190281],[-13.434118927662599,29.157736704656365],[-13.433571356462691,29.158195063561102],[-13.432977716146356,29.158429104684398],[-13.432458762483451,29.15856092739889],[-13.43091130163579,29.1588244908162],[-13.42962733594488,29.158899691485853],[-13.42751366154225,29.158703365164335]]]}},{"id":"85","type":"Feature","properties":{"categoria":"Sitio de Interés Científico","nombre":"Janubio","codigo":"L-12"},"geometry":{"type":"Polygon","coordinates":[[[-13.817038749351603,28.942549959150558],[-13.816886778604193,28.94228610357826],[-13.816817395989018,28.94197763226512],[-13.816872322830209,28.941113004112424],[-13.816787799713632,28.940710404089913],[-13.816529930391814,28.940289375955746],[-13.815776338815262,28.939432518411856],[-13.815623411378429,28.938975580827506],[-13.81553007248708,28.938246305077893],[-13.81564305893392,28.93814285281562],[-13.815696962569156,28.937924569691937],[-13.815787596548128,28.937807247704633],[-13.816499736205987,28.93742825142979],[-13.816830161951305,28.93713700393197],[-13.81878399142785,28.93437994373149],[-13.820061677055657,28.93345687868163],[-13.82037472491244,28.933168953191352],[-13.823829345147859,28.927469454037976],[-13.824011668745431,28.927372475253406],[-13.824140251370789,28.927410564997874],[-13.824412064034012,28.927614233506244],[-13.828140693029283,28.930575028253685],[-13.82918059697526,28.930489647741915],[-13.829164765322508,28.931255700844336],[-13.82933355204536,28.93214625366071],[-13.829677321140458,28.933380250706143],[-13.82990065686727,28.93395632983229],[-13.830367106989197,28.934564710131465],[-13.830695073429196,28.935131724444727],[-13.831067863792251,28.935643253185344],[-13.831820671528277,28.93693033502444],[-13.832237282079543,28.93739978711952],[-13.832940962086433,28.93777035808811],[-13.833131942998383,28.93792536758185],[-13.833180111552682,28.938127810907],[-13.833460210638998,28.938416441236573],[-13.833485578660781,28.938525828102716],[-13.833379211824571,28.93905283543519],[-13.833452375103475,28.939185587275958],[-13.833515157607113,28.939530671670763],[-13.833637464925099,28.939603065636117],[-13.833595093740426,28.93972197347212],[-13.83386476300721,28.939670746614784],[-13.833866053660445,28.939731406123876],[-13.833778272649198,28.939800824297624],[-13.833830714526345,28.940043294394762],[-13.83396535223237,28.940110443058895],[-13.834148740687327,28.940123006229197],[-13.834126170424248,28.940232844104337],[-13.834256814361888,28.94038184215122],[-13.834542504387699,28.940435723075797],[-13.834404760233516,28.94045354598063],[-13.833268608124829,28.940291259392236],[-13.833253258876608,28.940020230520513],[-13.833197365325725,28.939880832440117],[-13.832819048691288,28.93949764277125],[-13.831632335193786,28.93864706928355],[-13.8314350999297,28.93857042201668],[-13.83110570963234,28.938560477091517],[-13.830279414921923,28.93880673065704],[-13.828793291266734,28.939476090707966],[-13.826253669845956,28.940523550703254],[-13.826029200989018,28.94068938631558],[-13.825396047498463,28.941587366902272],[-13.82498706080165,28.9420330356948],[-13.824461200439716,28.942412106461596],[-13.823848630520674,28.942695555244832],[-13.822854818682506,28.942838486629714],[-13.81874374049199,28.94309921638789],[-13.818177875029345,28.943055549053447],[-13.817659848035227,28.94294456689437],[-13.817380982570835,28.942839303649965],[-13.817038749351603,28.942549959150558]]]}},{"id":"97","type":"Feature","properties":{"categoria":"Sitio de Interés Científico","nombre":"Tabaibal del Porís","codigo":"T-38"},"geometry":{"type":"Polygon","coordinates":[[[-16.42774726027464,28.171150865394917],[-16.427752336263588,28.17043091084783],[-16.427915048973762,28.170110974688384],[-16.428272652107996,28.169683235689053],[-16.428537544710867,28.16959699547478],[-16.42887312911754,28.16937734213836],[-16.42984028605288,28.169508856536254],[-16.430366127310254,28.169632041206967],[-16.431301138976057,28.16995059150777],[-16.432444366688625,28.170458054068742],[-16.432567552343702,28.17056043218494],[-16.431586948416424,28.173882576588337],[-16.43134540576846,28.175107379719066],[-16.43114535963867,28.17575038942139],[-16.43103540411274,28.17665677780489],[-16.4286335951215,28.186565173910918],[-16.428520811466313,28.186609664354634],[-16.428158503091943,28.1866114415103],[-16.427975873463726,28.18656722670533],[-16.427931787007793,28.18650134027261],[-16.42802381467188,28.18623715180763],[-16.428022025737263,28.18604121808588],[-16.427784030806393,28.18460144556238],[-16.427469547214184,28.184237721933776],[-16.427355361107107,28.1838098948918],[-16.427351146441097,28.183139777897807],[-16.42724517323383,28.18298968779048],[-16.427095485281107,28.182850613167474],[-16.426644007428656,28.182654213136324],[-16.426428195084632,28.18261431309376],[-16.42608107503467,28.18270573885119],[-16.425875375255146,28.182681788942396],[-16.425599030161464,28.182568391686257],[-16.42610531140745,28.182363654669384],[-16.426127248622084,28.182199116941327],[-16.42588605999809,28.18154394137124],[-16.425893964873072,28.181246856928595],[-16.426049110012077,28.180864770896758],[-16.42623207359539,28.18069161497903],[-16.426759530106473,28.180568877425],[-16.427464637853245,28.180291276277618],[-16.427473285111898,28.180183096753936],[-16.427373288504757,28.180060977488555],[-16.42800265158746,28.17954125119774],[-16.42831717786563,28.178989328070383],[-16.428510066112345,28.17879934144696],[-16.428635183734567,28.17840745745423],[-16.428770557916724,28.1782546961314],[-16.42864032157918,28.178221550802878],[-16.428180259283927,28.177603131319163],[-16.428181965265985,28.177546009190387],[-16.4283581859805,28.177349761498267],[-16.428389101556323,28.177039494284394],[-16.428627776599146,28.176811664255922],[-16.42865183014671,28.17671244865704],[-16.428548291389262,28.176178759195444],[-16.428804042903327,28.17600363111121],[-16.429294302953025,28.17594036250357],[-16.429061900591375,28.175641445159922],[-16.42902184087296,28.175228405152094],[-16.42873526248492,28.174982942052537],[-16.42870844086729,28.1747512124123],[-16.42892425807248,28.174733616799255],[-16.428947679870934,28.174670446557872],[-16.428753084483205,28.1745965007236],[-16.429211004204383,28.17445694355184],[-16.429204303252334,28.174120669189126],[-16.429639931480757,28.173957868005274],[-16.429701241296794,28.173788198239038],[-16.429882851900423,28.173775777971006],[-16.43013309033334,28.17383302148236],[-16.430309119710138,28.173701955582676],[-16.430096366609096,28.173420623843846],[-16.429973675018918,28.173370026727426],[-16.429996924628913,28.17321893169274],[-16.429870708379088,28.17295306796497],[-16.42951943166921,28.172683344502413],[-16.429179904900383,28.172541172202415],[-16.42914388631046,28.172419035983186],[-16.428862343854618,28.17210666839361],[-16.42848311286602,28.171778559006707],[-16.428056099374103,28.17156035404779],[-16.42800165459368,28.171424176421866],[-16.42774726027464,28.171150865394917]]]}},{"id":"98","type":"Feature","properties":{"categoria":"Sitio de Interés Científico","nombre":"Acantilado de la Hondura","codigo":"T-37"},"geometry":{"type":"Polygon","coordinates":[[[-16.424713962742654,28.20413681414712],[-16.4245206965676,28.204093229808176],[-16.424503719197713,28.204010760301735],[-16.424605780699107,28.20388920757095],[-16.424691563754447,28.203961330437238],[-16.42480123809852,28.203900629268777],[-16.424900340963337,28.203764982271416],[-16.42491733343593,28.20361748249641],[-16.42480961047,28.20327547384391],[-16.42459756686183,28.202946807886537],[-16.424664768831857,28.20286017661764],[-16.424998667259196,28.20266494429064],[-16.42481560296166,28.20241797325952],[-16.424802284730593,28.202311818919764],[-16.424856090805285,28.202198449191243],[-16.425040296344154,28.202080029980795],[-16.425066397965278,28.201970261062044],[-16.42454330244425,28.201568063470894],[-16.424280738382013,28.201034051640686],[-16.42361239454632,28.20070575544005],[-16.423544061833237,28.20050108253245],[-16.423584878526157,28.20024242082761],[-16.42369452400301,28.200063730787193],[-16.423459116031317,28.19998072665867],[-16.42334484772852,28.19981756130584],[-16.423142450559414,28.199664735061027],[-16.42280654709859,28.199522114660244],[-16.422561298399806,28.199477470281963],[-16.422196312304603,28.19922805428094],[-16.421886748839764,28.199138705987014],[-16.421772487272793,28.199008121152218],[-16.421800876339063,28.198852380224043],[-16.42169961983937,28.198785298891575],[-16.420968116218862,28.198510272916234],[-16.420996871442547,28.198419854803923],[-16.421992527886935,28.198383933544807],[-16.42206021190277,28.198269888108946],[-16.421927235351113,28.198054568023487],[-16.422002463205303,28.197934758167925],[-16.42227986504732,28.197866693131584],[-16.4224628077641,28.197744012487195],[-16.42279171902752,28.197770702057465],[-16.4231070035699,28.197633160412654],[-16.4232424254802,28.197646950908116],[-16.423191664909808,28.197432735477832],[-16.423333515972757,28.197155251745812],[-16.423639316876844,28.197176295080364],[-16.423798118001717,28.197711857752022],[-16.424380474473026,28.198339259675006],[-16.42521534587786,28.19997059552916],[-16.425797694163222,28.200654887372156],[-16.42584018264756,28.20093229388812],[-16.425768371594515,28.201412096342768],[-16.425781177743016,28.20186174741949],[-16.426100496441023,28.202280550051675],[-16.42615901813445,28.202547662677315],[-16.426146094897533,28.203728608878247],[-16.426092334807272,28.203935906672346],[-16.425756710723956,28.20474095659465],[-16.42569992558425,28.205045851097694],[-16.42551296995351,28.205406363034815],[-16.425259579364592,28.205629793021675],[-16.424304252932412,28.20596437893546],[-16.42405584339077,28.206148846105652],[-16.423890220205372,28.206366107250258],[-16.423350991652452,28.206781050555],[-16.42326790387929,28.20697614314109],[-16.423209890724277,28.207597112540338],[-16.423101930495523,28.20771445661053],[-16.422725748270963,28.20791330136735],[-16.422566239860686,28.208052661721908],[-16.422353768096865,28.208787766428095],[-16.421941922043548,28.209403622854488],[-16.421928476728084,28.209580048146215],[-16.422157622222542,28.21002094325931],[-16.422119783942037,28.21022955424982],[-16.422001857836225,28.210431687111456],[-16.42176607881149,28.210553102520013],[-16.421230888340816,28.210710363886925],[-16.421018525677653,28.21087288045429],[-16.420827872151804,28.211279220031038],[-16.420395821861216,28.211701640376752],[-16.420290105835726,28.212044568809613],[-16.42019986680143,28.212684021832448],[-16.42011267916823,28.21282873888299],[-16.419367875011787,28.213494344876068],[-16.41915215749635,28.213778268081292],[-16.41878746705158,28.214558783456468],[-16.41872781521502,28.215106472214323],[-16.418427073492595,28.215438912631942],[-16.41834512092093,28.21560307838099],[-16.418219454312638,28.216113300753157],[-16.41810138652341,28.21628336440702],[-16.4177191351215,28.216581855191738],[-16.417443004252146,28.216935934270175],[-16.417279515334915,28.2170546978237],[-16.416640126211757,28.217316661261233],[-16.41610935514407,28.216681511151222],[-16.41580820498966,28.216082602219412],[-16.41589117326963,28.216105543591983],[-16.41595240159008,28.2162021502772],[-16.416260317833927,28.216272104884528],[-16.41632163580017,28.21616546574833],[-16.416246372660126,28.21597127668422],[-16.416365834919716,28.215841047601614],[-16.4165562395542,28.215862515027165],[-16.416774357321962,28.21574028934469],[-16.417217125857906,28.21561105168286],[-16.417461760254813,28.215446816393108],[-16.41750316080147,28.215186968120697],[-16.417171906806388,28.215019259412745],[-16.417605272179788,28.214562538338146],[-16.417774116933153,28.214496256245354],[-16.417741002535532,28.214293408920753],[-16.41780412346818,28.21410130628644],[-16.417702349651023,28.21396360344772],[-16.417914595030243,28.213836102852458],[-16.417858587522396,28.21365574966473],[-16.41821539568293,28.21356075811568],[-16.418000949456133,28.213194597420337],[-16.418130837851084,28.213093501346535],[-16.418562427066515,28.21293191086212],[-16.41891402925397,28.212464147191938],[-16.41913057684701,28.21232560714139],[-16.419193145585357,28.212065033351216],[-16.419299981690695,28.211879751069816],[-16.419303775893802,28.211403834447182],[-16.41953739758191,28.21107578021122],[-16.419574728828465,28.210832282591312],[-16.419808717171946,28.21055906290959],[-16.42010345433991,28.210340123234943],[-16.420005735055888,28.210020534633518],[-16.420337903656076,28.210015678330482],[-16.42066980635434,28.20993145395293],[-16.42109651560238,28.209926615816126],[-16.42127930716415,28.20984554539679],[-16.42141263851085,28.209697216369502],[-16.421420928240146,28.209578427202178],[-16.421220242210712,28.209386780427067],[-16.42095261228862,28.20889452219707],[-16.420882545215914,28.208582742826913],[-16.420965429782765,28.208448088290698],[-16.421396562560044,28.20812524493734],[-16.421467304973955,28.20796854067284],[-16.421658145566827,28.207818503756425],[-16.421794757135963,28.207447256182203],[-16.421944704395298,28.207252164495024],[-16.422065876036473,28.207178376314157],[-16.422276808869228,28.20716391800409],[-16.422536360074393,28.206998697747107],[-16.422548020499022,28.206958313860074],[-16.422367517553102,28.206714896221282],[-16.422214180683945,28.206623230062444],[-16.42219483639979,28.206558880946986],[-16.42241191537049,28.206339380986694],[-16.422469253049368,28.206054680914363],[-16.422627228984467,28.205964417181963],[-16.422940677473015,28.205935615414006],[-16.423187640800627,28.20564192994691],[-16.423226963740806,28.205430279646816],[-16.42348521830165,28.205278338632123],[-16.42352413455351,28.2051620917574],[-16.42362668399406,28.20510099629907],[-16.423671250775904,28.204964491576746],[-16.424224959379732,28.204933015190466],[-16.424326420153452,28.204861325622502],[-16.424339474791953,28.204781720422353],[-16.42428952174456,28.204709495129183],[-16.424343622672,28.20463128577124],[-16.424592471752923,28.204655320054336],[-16.42468073372534,28.204550265106295],[-16.424713962742654,28.20413681414712]]]}},{"id":"105","type":"Feature","properties":{"categoria":"Sitio de Interés Científico","nombre":"Acantilados de Isorana","codigo":"T-39"},"geometry":{"type":"Polygon","coordinates":[[[-16.798175784036435,28.14886020668563],[-16.798354825449717,28.148970113416517],[-16.798383805581274,28.149129892811146],[-16.79853261833814,28.14911007924024],[-16.798730685856818,28.14919108247776],[-16.79900312626102,28.149786359986592],[-16.7988135823957,28.150453476027916],[-16.798848619619775,28.150717870252542],[-16.79881803965225,28.150958859022612],[-16.798675865949292,28.151303498955887],[-16.79844433508484,28.151661648716836],[-16.798615215563935,28.152001194058567],[-16.798623646888366,28.15228628816569],[-16.798705115739306,28.15252878355796],[-16.79863850466832,28.152668312444536],[-16.79868159966078,28.15282020830007],[-16.79902609674883,28.15280877997354],[-16.799337367443545,28.152925106477806],[-16.799741667615205,28.152979582538208],[-16.799819776372455,28.15307094106563],[-16.799815494227065,28.15330251462557],[-16.799923189893864,28.153424122822],[-16.800512078333437,28.153546255698217],[-16.80082274821438,28.15373840228825],[-16.80095620915164,28.153740934125448],[-16.80096627882563,28.153869853552123],[-16.800773199209466,28.154106941759224],[-16.80085852593166,28.15414945381197],[-16.800921939027752,28.154298338170992],[-16.800592584083876,28.154356933473824],[-16.800505869438226,28.15451076074975],[-16.800525702919394,28.154670668688322],[-16.800612683303587,28.15482778063218],[-16.80074473245684,28.15491743666246],[-16.8010450110731,28.15488274142229],[-16.801341654625613,28.15497941934107],[-16.80143406986454,28.15496541596117],[-16.801608587511584,28.154823825680484],[-16.801773672400167,28.154802413544356],[-16.801912327067807,28.154918595062657],[-16.801945075505284,28.15500746261526],[-16.801855495871404,28.155386528242715],[-16.80196513979191,28.15542235727998],[-16.80217649617251,28.15526306265081],[-16.802074818855903,28.155728959824494],[-16.801798280394006,28.156130655270555],[-16.802066697364143,28.156699355366904],[-16.802162239545705,28.15674306772912],[-16.80251338107789,28.156651648039638],[-16.80290388310111,28.156621924876646],[-16.80355455693182,28.156644293915157],[-16.80353612603969,28.156773633440988],[-16.80340705985302,28.156895594793333],[-16.803332064784428,28.15704925136888],[-16.80337470488869,28.157123079615484],[-16.803725420595576,28.157250996111127],[-16.803833282708954,28.157354089259883],[-16.803927355476322,28.15756209433324],[-16.804294190340787,28.157761524410365],[-16.80424121991569,28.157868360483814],[-16.80415809739394,28.15791563438763],[-16.80417684102921,28.15807150384207],[-16.804044340356235,28.1581465831797],[-16.803902635715176,28.158327398413295],[-16.803875828803438,28.15844423190537],[-16.8036864363187,28.158580633338804],[-16.803670922247093,28.158675631969874],[-16.80386736857142,28.158831119228168],[-16.803959066212958,28.158967843174096],[-16.803952348516976,28.15931228291937],[-16.80416246730238,28.159866954679647],[-16.80461239464664,28.160365708281198],[-16.804648994155563,28.16060435041715],[-16.80484932678531,28.16066951192395],[-16.804744065465773,28.1607847985008],[-16.804748416673014,28.16093366485852],[-16.804685743672923,28.161038842100346],[-16.80472427997476,28.161245412357278],[-16.804663207048407,28.161408334870227],[-16.804728763565112,28.161589686287595],[-16.805023445821345,28.161634941139912],[-16.80522450341438,28.16179170100038],[-16.805320040590928,28.161969444097355],[-16.80550693359789,28.16210430709115],[-16.805685262129582,28.1625660267134],[-16.805792447897637,28.16260595486522],[-16.80581821684127,28.16278338121484],[-16.806056394221947,28.16315170072238],[-16.80555347950974,28.16378016259225],[-16.805412946185307,28.164076496639378],[-16.805453887082205,28.164195027125977],[-16.80556734716666,28.164243436990994],[-16.80553574147785,28.164429832264528],[-16.80558617851511,28.16464570292605],[-16.805414112349492,28.16486353284173],[-16.805355155062472,28.165111267785537],[-16.805661779887604,28.165785899898697],[-16.805591086386688,28.165978748788977],[-16.805387252533766,28.166186664477216],[-16.805539246440638,28.166333782385937],[-16.805588686173845,28.166496863319594],[-16.805340436716193,28.166859793212808],[-16.805342636017336,28.167217633778947],[-16.805194912897818,28.167457207608017],[-16.80523779752988,28.16770478192599],[-16.805466284523266,28.167884155832276],[-16.80572205987628,28.167810391121524],[-16.80593485841436,28.167914182746753],[-16.806212365282864,28.167858603788318],[-16.806371318124388,28.167888724514142],[-16.806444141555758,28.167942696293004],[-16.80626442627724,28.168079407071186],[-16.8069521538309,28.16817250872386],[-16.80713632811577,28.168270855330544],[-16.80654328528596,28.168173996514817],[-16.805207711804123,28.168271414047112],[-16.804700508098595,28.168192718060943],[-16.804584642800325,28.168094295964984],[-16.804501741398827,28.167799335029585],[-16.80456097162827,28.167075403243487],[-16.80453286585406,28.166544400612093],[-16.804643095108474,28.166195761646314],[-16.804806362845675,28.165981440351022],[-16.804806172215272,28.165537816071115],[-16.804676608624526,28.16516662007295],[-16.804757175809613,28.164779795703854],[-16.80457118630961,28.16461222232439],[-16.804339419296713,28.164536124512157],[-16.80429883883404,28.164313118939848],[-16.805028427984116,28.163611600527165],[-16.805186069219843,28.163287104609747],[-16.805212252582223,28.162660433411602],[-16.805128018279333,28.162465710425423],[-16.804913833052773,28.16236050045765],[-16.804313206305768,28.162204394653145],[-16.80416822785355,28.162038284587688],[-16.80412874448048,28.161702764209178],[-16.804172233027455,28.16106611440647],[-16.803994291066147,28.160631567410594],[-16.803737434581798,28.16023674995114],[-16.80355153930353,28.159684339526372],[-16.803519563753408,28.159292495842333],[-16.803455923553614,28.159131314295742],[-16.803236424719625,28.15888764702344],[-16.803181311092896,28.15867295571333],[-16.803258745131487,28.158463052909934],[-16.803475549408553,28.158225197594295],[-16.8034779860046,28.157931415040608],[-16.80335223680015,28.157734079256528],[-16.803002929513084,28.157565116706078],[-16.802858857331834,28.15735784918231],[-16.80271187782072,28.156977057939642],[-16.80245766149227,28.15707834472826],[-16.802094564091977,28.157065098542255],[-16.801661360442942,28.157235632496864],[-16.801561921103907,28.157230406825374],[-16.801478373403054,28.157195181841637],[-16.801432289559333,28.157056096264473],[-16.801213085511655,28.157027934825972],[-16.800977810500424,28.157085357089645],[-16.800906921345728,28.15703196120262],[-16.801071307282832,28.156921152284266],[-16.801214425425457,28.156585567426085],[-16.801107507610734,28.156470565251645],[-16.80073214488166,28.156522068156125],[-16.80053262932372,28.15662557736248],[-16.800296705468497,28.156644201180857],[-16.79994550923561,28.15657120573636],[-16.799973612786818,28.156054511724964],[-16.800174262006326,28.156099100234385],[-16.80101233408036,28.15598719579734],[-16.801318771498803,28.15605080710478],[-16.801412786422492,28.15597878948307],[-16.801383537326434,28.155687407943137],[-16.80126566699598,28.155440619269804],[-16.801123501329812,28.15531056734051],[-16.800734861182413,28.15529895055593],[-16.80023242245997,28.155079510596043],[-16.79992583941174,28.154141203325974],[-16.799690061033115,28.153837597694157],[-16.7990414200685,28.153437180572855],[-16.798814296238042,28.153378565908824],[-16.79839902887283,28.153167976377524],[-16.79807547741114,28.152831563561097],[-16.797806091796918,28.151906102455786],[-16.798040517835773,28.151274415715953],[-16.798270968413195,28.149882249377093],[-16.79811786533843,28.149620397562664],[-16.79726446322337,28.149017770215604],[-16.797176482508277,28.148873321349097],[-16.79690664050247,28.148799980712926],[-16.796498711735676,28.148586294783346],[-16.796457557336865,28.14850947545793],[-16.79648553656852,28.14839417994301],[-16.79670734712151,28.148008157452857],[-16.796626048840004,28.14728258818886],[-16.79665132150013,28.14714790714596],[-16.796614245494183,28.14708969726947],[-16.79552742831224,28.14686910829865],[-16.794739730547168,28.146141865390298],[-16.794163565082748,28.145259245496014],[-16.794060282915865,28.144755936287943],[-16.794072739835883,28.14443303468442],[-16.794343560336298,28.143863507806994],[-16.794850514195478,28.143057121868928],[-16.79473716549609,28.142632725341638],[-16.794628927732198,28.142534971552788],[-16.79511644580598,28.142628938294692],[-16.795147083777298,28.14303139645304],[-16.7950641634502,28.143138612664714],[-16.79505429536767,28.14327338948784],[-16.794946173771645,28.143395736241906],[-16.79495306987015,28.143497894977454],[-16.7948678455931,28.143662357441087],[-16.79471743742458,28.14383155441798],[-16.7947583080816,28.14411502417059],[-16.794700846268743,28.14432641189481],[-16.79475210058096,28.14445713906278],[-16.794634580557034,28.144589896812914],[-16.794631258263223,28.14476312302893],[-16.794924624261444,28.14509508604554],[-16.795255583508958,28.145324577385278],[-16.795328222538277,28.145649427154947],[-16.795570318845883,28.1459387525063],[-16.79600338289043,28.146207311008357],[-16.796226136460746,28.14643794766767],[-16.796331510333374,28.146474198600483],[-16.796630009745627,28.146405577410185],[-16.796725951922586,28.1464623473876],[-16.797090287586634,28.14633654801894],[-16.79718379742044,28.146393981302865],[-16.79726660715285,28.14638377998792],[-16.797473544269145,28.146606048632226],[-16.797621923693004,28.146668988596993],[-16.797733941035986,28.146645769236454],[-16.79766247957381,28.146774585934054],[-16.79761666360766,28.147085543901458],[-16.797734484248718,28.147476749196162],[-16.797635502955476,28.147683087552487],[-16.79775481392531,28.1478769950301],[-16.79771835693097,28.148041180094445],[-16.79786308673943,28.148098843087688],[-16.797777878260053,28.148245889515238],[-16.797798365268406,28.148369077424995],[-16.79796201788073,28.14848063965129],[-16.79796847074411,28.148629190417807],[-16.798175784036435,28.14886020668563]]]}},{"id":"108","type":"Feature","properties":{"categoria":"Sitio de Interés Científico","nombre":"La Caleta","codigo":"T-40"},"geometry":{"type":"Polygon","coordinates":[[[-16.754833817611125,28.10572632108589],[-16.755581056544486,28.10505560006343],[-16.75927156706782,28.101229083537024],[-16.759328144239202,28.101621477119547],[-16.759670325667173,28.101902991635257],[-16.75962177838635,28.10215865484104],[-16.759459763053453,28.102358917855753],[-16.759123896393678,28.102545617673023],[-16.758935339735785,28.10249154129938],[-16.758795723591295,28.1025926046684],[-16.758784516372792,28.102760338580474],[-16.759013974756044,28.102950886629852],[-16.75903090322389,28.103140099588817],[-16.758685414442066,28.10371670207172],[-16.758668072714663,28.103913935417033],[-16.75860740491105,28.10402571828055],[-16.758466258297183,28.104139164943575],[-16.758622351011653,28.10421197852785],[-16.758657866670966,28.104348338671056],[-16.758615643222214,28.104455282342528],[-16.75852038966855,28.104480870863124],[-16.75854598798785,28.104658781950853],[-16.75850491077172,28.10479233398755],[-16.75837575713532,28.104904814546252],[-16.7581557355118,28.104987324647524],[-16.758136699460472,28.105111930184073],[-16.758321887097022,28.105352322131232],[-16.758597382129746,28.105482175288557],[-16.75889813128466,28.10546306585015],[-16.759057102688903,28.105300475764405],[-16.759049633554415,28.105547579708894],[-16.759285171650312,28.10528076365739],[-16.75966527646439,28.105228596419472],[-16.759789468019957,28.10525488914815],[-16.76023516196477,28.105168035650173],[-16.760768162407278,28.10496165462698],[-16.76102602865454,28.10494056429529],[-16.76152810748373,28.10466698198431],[-16.76163453286043,28.10465243857756],[-16.76169969063448,28.104697266793703],[-16.761766042774426,28.104808953174206],[-16.761758609781182,28.104914638479432],[-16.761511358606633,28.105267705351004],[-16.760975323060574,28.106378680977958],[-16.760942686965574,28.106654987333453],[-16.76104188925309,28.106839894242874],[-16.761009738750097,28.107083614943907],[-16.760826684234466,28.107460403558267],[-16.760574046153188,28.10768980850025],[-16.76054428981709,28.107793524193305],[-16.760656497329983,28.107964546701005],[-16.76066322952801,28.108102539213085],[-16.760747328519912,28.108116711106817],[-16.76077351544225,28.108043725428917],[-16.760877423188187,28.10809915679022],[-16.761079441805446,28.108378495879762],[-16.76135573206633,28.108568798798384],[-16.76148944694638,28.108760301202576],[-16.761573527458815,28.108742164144846],[-16.761648059036045,28.10858191942609],[-16.76171185370537,28.108586785340183],[-16.76174891333449,28.108724478305923],[-16.761636490184816,28.108858045391646],[-16.76175735602839,28.109116495849047],[-16.76192195287324,28.109030269949802],[-16.762126234630717,28.10899948736172],[-16.762259296701167,28.108802300778052],[-16.762361838541878,28.10880522439356],[-16.762465761137282,28.108873920704454],[-16.762438531801674,28.10908851859463],[-16.76267370444024,28.109260034253527],[-16.76264559093569,28.109320951838495],[-16.762433471885117,28.109382881142718],[-16.762354907049442,28.109458255081687],[-16.762416033163237,28.10951775476265],[-16.762621818637605,28.109510416462765],[-16.762679776959473,28.10955669034568],[-16.762536019384328,28.10994633248686],[-16.7630863201868,28.10978222616454],[-16.76314198432504,28.109850008269454],[-16.76303457333496,28.109991273302576],[-16.763156669371362,28.11012552582768],[-16.763660877169155,28.110509722513278],[-16.76377998518846,28.11056703168763],[-16.76398427863904,28.110567923002606],[-16.765303208490725,28.110208908811853],[-16.766284199412,28.110196996260207],[-16.76663156580216,28.110139996676654],[-16.76695294072949,28.110285666073008],[-16.76744336161084,28.110151012816267],[-16.767887588541093,28.11019113111053],[-16.76814671363256,28.110109635242672],[-16.76833183233893,28.109847605803214],[-16.768445119748712,28.109767178077927],[-16.769325752461604,28.10962531855333],[-16.769434342514653,28.109661821080383],[-16.765504053273386,28.114015040001245],[-16.764343692821225,28.115370206486805],[-16.762899964905376,28.11442808598447],[-16.760131073158878,28.116181600129124],[-16.759330852392253,28.11405555744314],[-16.758068324339003,28.11478014422765],[-16.756905854493958,28.1126936651199],[-16.7598779717353,28.111672287256166],[-16.758909078792243,28.109574233461153],[-16.758660994826048,28.10805892559282],[-16.755688771926994,28.10710257625613],[-16.75408430491435,28.10825825828597],[-16.754833817611125,28.10572632108589]]]}},{"id":"127","type":"Feature","properties":{"categoria":"Sitio de Interés Científico","nombre":"Barranco de Ruiz","codigo":"T-42"},"geometry":{"type":"Polygon","coordinates":[[[-16.626071274476324,28.376096761814914],[-16.62621129493152,28.376789106583935],[-16.626473776799685,28.377336982623582],[-16.626744722418096,28.377686392106106],[-16.62724119004678,28.378085108907964],[-16.627455415007688,28.379353421122914],[-16.627752892414524,28.379673568884773],[-16.628404398858116,28.380595274080445],[-16.628830964083438,28.38161215084861],[-16.629459889385235,28.38258134462407],[-16.629699766532593,28.383986360973463],[-16.62967114769316,28.38409822985948],[-16.629542164215614,28.38420971146519],[-16.629514947140613,28.384305881137767],[-16.629540145958057,28.384703051087474],[-16.629644382333126,28.385019781389456],[-16.629519593630366,28.38541588340618],[-16.629579989180396,28.385720360845347],[-16.629550477265724,28.386523801331467],[-16.629531184105073,28.386628854828974],[-16.62937380268423,28.38681570888575],[-16.629290132788483,28.387038673813464],[-16.62917240473645,28.38754104682201],[-16.629142433742516,28.388087070027037],[-16.629060284136308,28.388410218679386],[-16.629170159903857,28.388976762588587],[-16.629153492794313,28.389143783652894],[-16.62907896675791,28.389327669613067],[-16.62894551290495,28.38936504795417],[-16.628860256178836,28.389453076338054],[-16.628701319838182,28.389994486418228],[-16.628850247567904,28.390164790138623],[-16.62896955561167,28.390218685392906],[-16.6288363887758,28.390467827123146],[-16.62841826764413,28.39084590081878],[-16.62802198558512,28.39097637942749],[-16.627872725737415,28.391116260180656],[-16.62769433167956,28.391178171924153],[-16.627244843425785,28.391485501760858],[-16.626661726937034,28.3917356926809],[-16.626565076893716,28.391296302403706],[-16.626432628794262,28.391157151463304],[-16.62633054497068,28.39112514100501],[-16.625759030845398,28.39116128430875],[-16.62541586421673,28.391542633057163],[-16.62515210902803,28.391337614371125],[-16.62504834554196,28.391196152424694],[-16.624992352132413,28.391000378009245],[-16.624728007492124,28.39075723576128],[-16.624606016742298,28.390578862875913],[-16.624482918965555,28.39032719477287],[-16.624342609094597,28.389816738584717],[-16.624063773592173,28.38949166921136],[-16.62378587288505,28.38893789101078],[-16.623636672871427,28.38842363207854],[-16.62337085077602,28.388031983536834],[-16.623606173720678,28.38780378522595],[-16.62388431220831,28.386896367170312],[-16.62381757149008,28.3867048715318],[-16.62333752288206,28.386256464953863],[-16.623296972221365,28.385839407236244],[-16.62365240848087,28.385031622701263],[-16.62359847744103,28.38467274485407],[-16.623737302606642,28.384428892174736],[-16.62407662613671,28.38406154591829],[-16.624239849896966,28.383735402694278],[-16.62416574800419,28.383549590228156],[-16.623823810290677,28.38318406459028],[-16.623414979859703,28.38254432253125],[-16.623421092714413,28.38219734568026],[-16.623305361575326,28.381898496719312],[-16.623245125997542,28.38149932570445],[-16.62250036839423,28.38038926568201],[-16.62242789617551,28.380185455227018],[-16.622366534733683,28.379844082798755],[-16.62238452567118,28.379288392215923],[-16.62218812784816,28.378799257878427],[-16.62206712759651,28.378196587139474],[-16.62210831025285,28.377703658609256],[-16.622073465693266,28.377539551245878],[-16.62198484007532,28.377442145578765],[-16.62151088337368,28.377517602067176],[-16.621267456109273,28.37748088861804],[-16.621142542328826,28.377400727325803],[-16.620959364987403,28.377142197824142],[-16.62077520898661,28.37649913267924],[-16.620449276422935,28.37602557845547],[-16.620410381327332,28.374905394348282],[-16.620560274512044,28.374716644973567],[-16.620794262373664,28.374725549399795],[-16.620906987552225,28.374821035841375],[-16.621395287340963,28.37570879117808],[-16.621402489307528,28.37593406391782],[-16.621488711593948,28.37602318678679],[-16.621537719894874,28.376345736786405],[-16.62160401406706,28.37648851451212],[-16.62199754789597,28.376570631536254],[-16.622259246365445,28.376540811974976],[-16.622373199027788,28.376469341672713],[-16.622594465961026,28.376137013133018],[-16.62387691718222,28.37567626385677],[-16.623985582138914,28.375533793990122],[-16.624009537922625,28.375331316887475],[-16.623927641015044,28.37514710393446],[-16.623842109910242,28.37445634505296],[-16.62388747988005,28.37406337897842],[-16.62378668403185,28.37374633840656],[-16.623591449754365,28.373530565423703],[-16.623613515988716,28.37279898324171],[-16.62348842739467,28.372290301216943],[-16.623575587136653,28.37208394858587],[-16.623764235743412,28.371995784930707],[-16.62393518939187,28.371998621402877],[-16.624163326978415,28.372178474575254],[-16.62421317005436,28.37232236766787],[-16.624187537222678,28.372575457890168],[-16.624229703057342,28.372717727745226],[-16.62499461692587,28.373872176810057],[-16.62514714242275,28.374640534329796],[-16.62558510290755,28.37520333152258],[-16.626071274476324,28.376096761814914]]]}},{"id":"131","type":"Feature","properties":{"categoria":"Sitio de Interés Científico","nombre":"Interián","codigo":"T-41"},"geometry":{"type":"Polygon","coordinates":[[[-16.80675801472588,28.360866036768964],[-16.807119010010346,28.36114647472907],[-16.807129044432397,28.361261221548116],[-16.806878924427,28.36156553513548],[-16.80674996058308,28.361854038128296],[-16.80659644135662,28.36190354095354],[-16.80657871729058,28.362031650770877],[-16.80643900812009,28.362191789299427],[-16.806137227435443,28.36230615607224],[-16.806041625529218,28.362402088158372],[-16.80544254396626,28.362534019057232],[-16.80510092450353,28.362488819410206],[-16.804985322900233,28.362421855494848],[-16.804604106388656,28.36239396420723],[-16.804271199942818,28.362206423393516],[-16.804117636023918,28.36196389618847],[-16.80412098553031,28.362149843654365],[-16.804219567057977,28.36237468895734],[-16.80462740586575,28.36267359093036],[-16.80466069532732,28.362952724395626],[-16.80444209097021,28.363117244539133],[-16.804250732950862,28.363131419069706],[-16.804166321255888,28.36319543608535],[-16.803954389166506,28.3631634071443],[-16.803926783082666,28.36329254992542],[-16.803865636927753,28.36333875161913],[-16.803132723575633,28.36352979341922],[-16.803175511359882,28.363610013344452],[-16.803533697091357,28.363584319839283],[-16.803865367442455,28.363650338791032],[-16.803653646845177,28.363816057118992],[-16.80356871400259,28.363969963176036],[-16.80381712731183,28.3640415779738],[-16.80383992725969,28.364092715007654],[-16.803713126243753,28.364226238752302],[-16.803689720566723,28.364332313818313],[-16.803771617309536,28.364390971208138],[-16.803961541797303,28.364406506346196],[-16.80400077343442,28.364464013639928],[-16.803941815495616,28.364537078967015],[-16.80373372247867,28.364635671483214],[-16.80352040147265,28.364624235850147],[-16.803376557557247,28.36467306571898],[-16.802973808146188,28.36508278390694],[-16.802317923695234,28.36539538948897],[-16.80217587518313,28.365641105678584],[-16.801985254406816,28.365626750485557],[-16.801835484907947,28.365687298538948],[-16.801332640973715,28.36611827014276],[-16.800936654560633,28.366285851157905],[-16.800614453348167,28.36648494395072],[-16.800393466582268,28.36650311443508],[-16.800260461813565,28.36660801966192],[-16.79997020725391,28.366662931069893],[-16.798761532470735,28.367063596452144],[-16.798056375653935,28.367096725455347],[-16.79669378787524,28.36688321989232],[-16.796217082912953,28.366735547617733],[-16.795958674069993,28.36647643419438],[-16.79591997411628,28.366753179931855],[-16.795685001277825,28.366970875322682],[-16.79466360920209,28.367212915749832],[-16.79430792406443,28.367393574037216],[-16.793544240151256,28.367441257575816],[-16.79328605682376,28.367365150219513],[-16.792527231429727,28.367301313131364],[-16.792359094014618,28.36720434652646],[-16.79198998351535,28.36715099292558],[-16.791633475498912,28.366979343571366],[-16.79109371342783,28.366891772200184],[-16.790781475833747,28.366907787278326],[-16.79044484399808,28.366832073440474],[-16.789947788689037,28.366492697682947],[-16.789833693859784,28.36647876434235],[-16.78940538004022,28.36656335166553],[-16.788454934970826,28.36700917764927],[-16.788412383954334,28.366957114817204],[-16.78820018044136,28.367058183717454],[-16.787631410585806,28.367102464436577],[-16.7874273484428,28.36720540172037],[-16.786799345357828,28.367167160702614],[-16.786707291800955,28.36711692847875],[-16.786753265562087,28.366919684354965],[-16.786736213681895,28.366730124995524],[-16.786541582090493,28.366305912962765],[-16.78606428510938,28.366149395518224],[-16.785834104269615,28.366022036288122],[-16.785755236820087,28.365928114972235],[-16.785801359061498,28.3657091925617],[-16.7861230323225,28.3655726077556],[-16.786041827869287,28.3651155846828],[-16.78577499083446,28.364539137351542],[-16.78581405327093,28.364392150616418],[-16.786011789505988,28.364110299868074],[-16.78591341611529,28.363671532287068],[-16.785979341703637,28.36286542168623],[-16.786231231490596,28.362460102249905],[-16.78637573012687,28.36231236534769],[-16.786541701236747,28.361967741396878],[-16.786768707598604,28.361788573648745],[-16.786791113339383,28.36161573351563],[-16.787041760501477,28.361305870994922],[-16.78708618906252,28.360980022262513],[-16.78701359511235,28.36062337798589],[-16.787180982062658,28.36081913388624],[-16.78738079724182,28.36119552420692],[-16.787493779254632,28.361207344611113],[-16.787634792596833,28.361009289689914],[-16.78787343242905,28.36083859682194],[-16.788408257715798,28.360590112155737],[-16.788716654234562,28.36037323491659],[-16.788864600744308,28.360228297801786],[-16.78899208094363,28.359983864715197],[-16.78925481379285,28.359734330805473],[-16.789583077295774,28.35992279866703],[-16.789773533110772,28.35995365384881],[-16.789900823004416,28.359922053194087],[-16.79004102688857,28.359763914609694],[-16.79010144319028,28.35977974863275],[-16.790212116133297,28.359878059614513],[-16.790223260475116,28.360094069426285],[-16.790573962650885,28.360382105351118],[-16.79065108829767,28.36049748399227],[-16.790736226545683,28.3607588864067],[-16.791001224162432,28.3611674951486],[-16.791508914744618,28.361656780807852],[-16.791553807606483,28.3620471080704],[-16.79168674381691,28.36225132205352],[-16.7919556982614,28.36251165916565],[-16.79200410748673,28.36266228215779],[-16.79181904923672,28.36306684365583],[-16.79170007310197,28.363128252738708],[-16.791409272226726,28.363107212268183],[-16.791420669521763,28.36338873835634],[-16.79190446113861,28.363303748417714],[-16.79196245037129,28.363754219681603],[-16.792230974607335,28.363836780686487],[-16.792332860258995,28.363985982941514],[-16.792521494008152,28.364060162213526],[-16.7929796860831,28.364381099410874],[-16.793119933966278,28.364617515982328],[-16.793121019443568,28.364818748482982],[-16.794260544002267,28.364965830246273],[-16.794117943849482,28.364573432590717],[-16.79415705068732,28.364466159506843],[-16.794291486927033,28.364336965702588],[-16.794369020805355,28.36380919244232],[-16.79448639238311,28.363563267258115],[-16.794471803126335,28.36330861106323],[-16.794498583527588,28.363275229289613],[-16.794897751611668,28.363363375749984],[-16.795108716554356,28.36329562206418],[-16.795347285322286,28.362873749166834],[-16.795728348301,28.362577422823794],[-16.79577098556595,28.36257695134947],[-16.796332316462195,28.363401060162943],[-16.796674922921017,28.363734958287665],[-16.79697357940185,28.363894452470774],[-16.79716705820112,28.364223907912386],[-16.79722677222248,28.364546553740052],[-16.7975064190356,28.364758367864138],[-16.79822487762195,28.36496439273204],[-16.798618073661938,28.365169742928334],[-16.798867131528937,28.365134419616695],[-16.79938692070839,28.36489941904778],[-16.800628278344995,28.36357557091316],[-16.800609760014243,28.363501957986532],[-16.80039867668522,28.363448716419757],[-16.800377278555885,28.363204505041068],[-16.800303422561143,28.363093420784445],[-16.800431064750565,28.36263840215448],[-16.80035905610934,28.362466169995855],[-16.80046379558947,28.36222067060175],[-16.800584934592703,28.362162577967684],[-16.800862318140297,28.362185986595694],[-16.801192035912997,28.361883014125002],[-16.801164496793525,28.361810912450476],[-16.80081839566654,28.3615385062367],[-16.800580739312302,28.36148499876418],[-16.800205258102338,28.361481394142668],[-16.80009124839441,28.361390971797004],[-16.799815976955685,28.361380547138484],[-16.79970052635693,28.36127716540415],[-16.79939858189699,28.361280070123478],[-16.799337937697242,28.361236528909565],[-16.799363881521117,28.361107487218554],[-16.799662158346365,28.36088724830819],[-16.800096499605125,28.36067018405834],[-16.800051252470997,28.36054869446771],[-16.800121790538473,28.36022848493106],[-16.800098169429308,28.36007857073319],[-16.800022171839498,28.359973871804076],[-16.800065017269635,28.359869694873748],[-16.80000281831328,28.359584933091927],[-16.800215838773013,28.35958299662766],[-16.800282182171184,28.359524064017275],[-16.800575799187772,28.35945509381395],[-16.80086502854271,28.35953146998829],[-16.801555093264817,28.359285816859927],[-16.802171209605763,28.359418637167803],[-16.80242324786548,28.35924692092666],[-16.802976404445126,28.359210505511747],[-16.80328146392458,28.35913950963721],[-16.803636320914322,28.358725380045808],[-16.80372459127361,28.358485517980295],[-16.803632460144794,28.35817124561134],[-16.803452713201246,28.358032934026802],[-16.803470497646085,28.357968535589276],[-16.80366724534533,28.358014212837993],[-16.803826922218047,28.358148097043014],[-16.804103631628195,28.358542409173864],[-16.80419656701067,28.358825716984914],[-16.804362402443257,28.359003918780097],[-16.804496096524208,28.359055122007636],[-16.804741979974477,28.359044196209023],[-16.804881098642504,28.35910245646835],[-16.80500488352325,28.359231219293115],[-16.80523859136606,28.35927243404878],[-16.805477784582852,28.3592338907613],[-16.805846662279883,28.35910609297549],[-16.805992458822363,28.35888387718695],[-16.806171688683694,28.358852805137207],[-16.80625014904121,28.358678588347356],[-16.806422732844013,28.358538228978343],[-16.806454332334354,28.358307779673716],[-16.806546262791123,28.35808564544066],[-16.806874895318174,28.357762459826],[-16.807100729548836,28.35730292471362],[-16.806881413703607,28.357942508373675],[-16.8067042184918,28.35824418542021],[-16.80662727604727,28.358480857869317],[-16.806613645540367,28.35890786293561],[-16.806554924730914,28.35899947117534],[-16.806646984063455,28.35930413125555],[-16.806582247119866,28.359421222770067],[-16.806454583131174,28.359485805283995],[-16.80653235129467,28.359775493907946],[-16.80677122147483,28.360025605234792],[-16.80684806809693,28.36022648825786],[-16.80675801472588,28.360866036768964]]]}},{"id":"146","type":"Feature","properties":{"categoria":"Sitio de Interés Científico","nombre":"Lomo Riquianez","codigo":"C-34"},"geometry":{"type":"Polygon","coordinates":[[[-15.514370822252916,28.11129815645333],[-15.5140329850034,28.11127986177299],[-15.513729629196472,28.111184392092856],[-15.513084257717491,28.11086835545394],[-15.512934402939011,28.110717868081057],[-15.51240942097619,28.109741345290846],[-15.512194857437999,28.10895804770969],[-15.511396636334062,28.108044086578786],[-15.511303103984563,28.10779213193208],[-15.511331228523401,28.10771394392323],[-15.512100120759218,28.107139019003395],[-15.512097032240236,28.107056749842595],[-15.51216561010393,28.106973635353462],[-15.511841537899395,28.106693122892064],[-15.511387046646654,28.10639723380399],[-15.511924916415712,28.1055374064523],[-15.512367193059,28.105129406531994],[-15.512032140777558,28.1049210066453],[-15.511907870289384,28.104927428296275],[-15.511454856429808,28.1046500047375],[-15.511133825979057,28.10438219806936],[-15.510887445186139,28.104034410862752],[-15.511100148085628,28.102981240076147],[-15.51102592601965,28.102790208231447],[-15.511037853057715,28.102574518715677],[-15.511388293763362,28.10214361052149],[-15.511342341006223,28.102077638575878],[-15.51172558783652,28.101656593745385],[-15.51168663409696,28.10140442643541],[-15.51173995455487,28.101142237987556],[-15.511649446436238,28.100797023463564],[-15.511859642491675,28.100557205290503],[-15.512154868935944,28.100323659035862],[-15.512522554997307,28.10008605011613],[-15.512633112249084,28.10006559714156],[-15.512718534589032,28.09991858972817],[-15.513222534176926,28.099428290317885],[-15.5131652891992,28.099357415330353],[-15.512963437853351,28.099293098510312],[-15.512967144365005,28.099216265183742],[-15.51321304687734,28.098867543711467],[-15.513328804021477,28.098421496279517],[-15.513758878175963,28.09805908750462],[-15.514129035057527,28.09785122154182],[-15.513766072146307,28.097385384431792],[-15.514762414347835,28.09695867289066],[-15.515329386604785,28.096648032360942],[-15.51675800230963,28.09546807871108],[-15.517483997574159,28.094619831365033],[-15.51926965137346,28.093611849376725],[-15.51998037489743,28.09314138013173],[-15.520169840520651,28.092944016674316],[-15.521093645971515,28.093314816909313],[-15.521300233833788,28.09288035771212],[-15.521335958296918,28.092563474751856],[-15.521580044349056,28.092252190912557],[-15.5219897560596,28.09151461900584],[-15.522029349156519,28.091479250557345],[-15.522496276221869,28.091706671490382],[-15.522702277523875,28.091447932238033],[-15.523109264172685,28.091110000248104],[-15.523483930460056,28.091032293398204],[-15.52418693235702,28.09006686442647],[-15.52435453840973,28.090010754189258],[-15.524568083357174,28.090073568122268],[-15.524890667124012,28.089621729010634],[-15.525061890049031,28.08927240185669],[-15.52515717306006,28.089258083316025],[-15.52559193720366,28.08896390694789],[-15.525639696669524,28.08864204528804],[-15.525870623141538,28.0881020825411],[-15.525831538477505,28.087264868104032],[-15.525868029402627,28.0871277710758],[-15.525812054966982,28.087038052587523],[-15.526143980195556,28.08642638104797],[-15.52635873626359,28.086228083424214],[-15.52662486157631,28.08617337352778],[-15.527532355743986,28.086327991479823],[-15.52969225597485,28.085157078530404],[-15.530001398902854,28.085091811434705],[-15.530662128470254,28.085077432551643],[-15.532610279225526,28.085279707737886],[-15.532669692347076,28.085321335164974],[-15.532645833238544,28.085393327568394],[-15.531989044153535,28.085528084375003],[-15.531895543171148,28.085587555413632],[-15.531897172276263,28.085703328975608],[-15.533225298493493,28.086167739132765],[-15.534330554026193,28.0861710043268],[-15.534761554351958,28.08627436308897],[-15.53474511429469,28.086304811916875],[-15.534973386067469,28.086415486386958],[-15.53497510412554,28.086515678980703],[-15.534731405193185,28.086849480090372],[-15.534437105537513,28.08701030460242],[-15.534049806354657,28.087138803843605],[-15.532670999106651,28.087207090245023],[-15.532210492856777,28.08704252824776],[-15.5321519786407,28.087675481302245],[-15.532092703873445,28.087745133038247],[-15.532814581119256,28.088246800045162],[-15.533335783727928,28.088474159292538],[-15.533679269076256,28.088384711579128],[-15.533949319254956,28.08824680320245],[-15.534350662784266,28.087681017801664],[-15.535427062292225,28.08816849597652],[-15.535150043089498,28.0885459909994],[-15.535139030595499,28.088654953252842],[-15.534940184426148,28.088857192329762],[-15.534800414848778,28.088921801511674],[-15.534741382729742,28.089072664470017],[-15.534357485748556,28.089221579362334],[-15.533724069777962,28.089270560643474],[-15.533445783642765,28.08942318746967],[-15.533637829804622,28.08967988779403],[-15.533574683929146,28.09011823159404],[-15.533178436968768,28.090392869089836],[-15.532824235332797,28.09079291440439],[-15.532811782134976,28.09117421818897],[-15.532621911228429,28.091561282152114],[-15.532496464808721,28.091598274101454],[-15.53243158619301,28.09189371645539],[-15.532029082706742,28.091917475138263],[-15.532030932844,28.092259670926992],[-15.531828198176491,28.09234380194012],[-15.531645522044562,28.092488255210384],[-15.531181220590186,28.09246726142137],[-15.53077802775112,28.092626595017467],[-15.530260665972097,28.092624578552723],[-15.529480490812938,28.09300845711422],[-15.529011497742516,28.09338147199705],[-15.528982399407708,28.093594657436093],[-15.528738211679189,28.093846096837343],[-15.528384225624317,28.094416790896403],[-15.528074303587907,28.09475694646171],[-15.527624324069249,28.095640701821292],[-15.527451009947294,28.095857202820167],[-15.527376619194978,28.096090474573053],[-15.527175783576512,28.096445464263876],[-15.52721641812631,28.096539037706304],[-15.526826315994025,28.096902577778554],[-15.526847171335264,28.096962526946008],[-15.526782500662238,28.09701874242152],[-15.526817622472617,28.09708179624376],[-15.526765439271774,28.097172898075694],[-15.526789646483426,28.097222994996756],[-15.52724421956274,28.097013989771877],[-15.527630138018512,28.097496719120045],[-15.52758910670836,28.097572980475547],[-15.527434959032878,28.097654441197406],[-15.528405985313027,28.09910397433317],[-15.528332074346416,28.09925293923601],[-15.52774017300164,28.09949137354001],[-15.528095818117666,28.100172928036365],[-15.52863071584514,28.10092905933036],[-15.528697470562129,28.100965451471467],[-15.528729384165493,28.101079609643243],[-15.52890203960228,28.101232104277614],[-15.528392995739534,28.10190990202396],[-15.528224078405225,28.10241474648874],[-15.528149592803018,28.102961795527904],[-15.527958692690943,28.10337489042042],[-15.527516595796255,28.104064706509572],[-15.527375571000698,28.104121125607318],[-15.526974865595177,28.10470995882751],[-15.526944627375219,28.105201050576028],[-15.52697456404784,28.105535744954476],[-15.526623410768005,28.106070676383755],[-15.526498267092943,28.106398744639282],[-15.526356230762547,28.106519799507694],[-15.526004848925337,28.106591738257055],[-15.525459710591715,28.10680524792214],[-15.525420071906993,28.106630538835212],[-15.525208457830173,28.10632452347501],[-15.525140101522448,28.106114813949485],[-15.524895195209968,28.106114934486303],[-15.524754695307696,28.106171267660237],[-15.524321812162711,28.10616797641357],[-15.524249812615947,28.106035645794282],[-15.523880001868989,28.106056764643732],[-15.523387019239516,28.106245775362318],[-15.523188358594608,28.10636940811254],[-15.52289807938524,28.106739807494282],[-15.52269118388795,28.10723992166967],[-15.522677473224249,28.107416847901227],[-15.521901902208347,28.107285971467956],[-15.521815991735686,28.107730601049738],[-15.521341769685606,28.10763050651983],[-15.520435333370736,28.1078176944114],[-15.520183663426916,28.107752860782607],[-15.519964543250204,28.107618847139488],[-15.519891079889213,28.107551107580157],[-15.51984686364112,28.107346208194546],[-15.519626405379427,28.107379179556794],[-15.519482612089574,28.107280059536436],[-15.5190954775085,28.10665732982074],[-15.5189728051259,28.106285369170422],[-15.518715938577829,28.106817594944555],[-15.51872233527679,28.106947396343827],[-15.518599955976594,28.107252184687546],[-15.517830332875157,28.10748546038754],[-15.517683520945516,28.10772741330137],[-15.516899285355032,28.108411337206597],[-15.51673087397397,28.108461457565326],[-15.51664602340765,28.1084114339318],[-15.516178113844841,28.108443399948417],[-15.515790337853316,28.108556747896838],[-15.515392214469458,28.108490542465244],[-15.515353764641732,28.10847184770576],[-15.515368837844825,28.108398537362596],[-15.515563430464205,28.10815174035283],[-15.51558340487668,28.10801060923019],[-15.515466897103137,28.107894639215964],[-15.515315821367007,28.107832728700078],[-15.514869641768302,28.10788870152055],[-15.514545886374977,28.10803931258479],[-15.514423623511059,28.108194123070156],[-15.514419827374875,28.10854007716221],[-15.514348028436322,28.108624324174773],[-15.514349964656937,28.10869942114513],[-15.514399810363459,28.108780810752215],[-15.51441028658353,28.109045495810754],[-15.51454428145547,28.109329713994786],[-15.515868134977708,28.108938931662134],[-15.516234944286952,28.109913233680782],[-15.516235170001433,28.110019913299514],[-15.515855509707578,28.11060928504107],[-15.515420655080154,28.110483134579084],[-15.515229028533584,28.110375802068578],[-15.514983942645587,28.110402638979433],[-15.514910754531812,28.11063957328665],[-15.514598678446081,28.11113784061431],[-15.514370822252916,28.11129815645333]]]}}]}